time_ms,band0,band1,band2,band3,band4,band5,band6,band7,total
0,0,0,0,0,0,0,0,0,0
1,0,0,0,0,0,0,0,0,0
2,0,0,0,0,0,0,0,0,0
3,0,0,0,0,0,0,0,0,0
4,0,0,0,0,0,0,0,0,0
5,0,0,0,0,0,0,0,0,0
6,0,0,0,0,0,0,0,0,0
7,0,0,0,0,0,0,0,0,0
8,0,0,0,0,0,0,0,0,0
9,0,0,0,0,0,0,0,0,0
10,0,0,0,0,0,0,0,0,0
11,0,0,0,0,0,0,0,0,0
12,0,0,0,0,0,0,0,0,0
13,0,0,0,0,0,0,0,0,0
14,0,0,0,0,0,0,0,0,0
15,0,0,0,0,0,0,0,0,0
16,0,0,0,0,0,0,0,0,0
17,0,0,0,0,0,0,0,0,0
18,0,0,0,0,0,0,0,0,0
19,0,0,0,0,0,0,0,0,0
20,0,0,0,0,0,0,0,0,0
21,0,0,0,0,0,0,0,0,0
22,0,0,0,0,0,0,0,0,0
23,0,0,0,0,0,0,0,0,0
24,0,0,0,0,0,0,0,0,0
25,0,0,0,0,0,0,0,0,0
26,0,0,0,0,0,0,0,0,0
27,0,0,0,0,0,0,0,0,0
28,108.968,108.885,108.672,108.331,107.838,106.494,101.606,85.3271,836.121
29,38.7569,38.7262,37.9915,35.9126,33.1728,30.245,28.795,23.9926,267.593
30,28.6589,28.6357,28.0341,26.3271,24.0821,21.7091,20.6452,17.132,195.224
31,6.13968,6.13455,6.01472,5.67747,5.23572,4.76511,4.52384,3.73061,42.2217
32,0.789154,0.788469,0.761712,0.686365,0.591651,0.499517,0.473277,0.387448,4.97759
33,7.49935,7.49263,7.29594,6.74529,6.04579,5.34049,5.05198,4.11218,49.5837
34,3.60845,3.60513,3.54879,3.39416,3.1927,2.96967,2.80494,2.27045,25.3943
35,1.83739,1.83566,1.81046,1.74104,1.64776,1.53947,1.45171,1.16814,13.0316
36,0,0,0,0,0,0,0,0,0
37,0.75192,0.751178,0.720664,0.635688,0.53133,0.433015,0.407305,0.324769,4.55587
38,1.82898,1.82709,1.80035,1.72671,1.6275,1.51194,1.41824,1.11958,12.8604
39,0,0,0,0,0,0,0,0,0
40,0,0,0,0,0,0,0,0,0
41,0,0,0,0,0,0,0,0,0
42,0,0,0,0,0,0,0,0,0
43,0,0,0,0,0,0,0,0,0
44,0,0,0,0,0,0,0,0,0
45,0,0,0,0,0,0,0,0,0
46,0.888225,0.887129,0.870194,0.823514,0.761441,0.69135,0.640501,0.483467,6.04582
47,0.913358,0.9122,0.898118,0.859945,0.808459,0.747046,0.690658,0.517438,6.34722
48,0.860745,0.859639,0.83951,0.783771,0.710821,0.631724,0.583418,0.435424,5.70505
49,0.905988,0.904788,0.889708,0.848777,0.793812,0.728993,0.671609,0.496884,6.24056
50,0,0,0,0,0,0,0,0,0
51,0,0,0,0,0,0,0,0,0
52,0,0,0,0,0,0,0,0,0
53,0,0,0,0,0,0,0,0,0
54,0,0,0,0,0,0,0,0,0
55,0,0,0,0,0,0,0,0,0
56,0,0,0,0,0,0,0,0,0
57,0.761302,0.760133,0.729486,0.64551,0.54203,0.441622,0.401658,0.283842,4.56558
58,0,0,0,0,0,0,0,0,0
59,0,0,0,0,0,0,0,0,0
60,0,0,0,0,0,0,0,0,0
61,0,0,0,0,0,0,0,0,0
62,0,0,0,0,0,0,0,0,0
63,0,0,0,0,0,0,0,0,0
64,0,0,0,0,0,0,0,0,0
65,0.884742,0.883205,0.864775,0.815377,0.749938,0.673626,0.605166,0.409431,5.88626
66,0,0,0,0,0,0,0,0,0
67,0,0,0,0,0,0,0,0,0
68,0,0,0,0,0,0,0,0,0
69,0,0,0,0,0,0,0,0,0
70,0,0,0,0,0,0,0,0,0
71,0,0,0,0,0,0,0,0,0
72,0,0,0,0,0,0,0,0,0
73,0,0,0,0,0,0,0,0,0
74,0,0,0,0,0,0,0,0,0
75,4.76397,4.75436,4.69901,4.56681,4.38469,4.11303,3.63218,2.31405,33.2281
76,14.3548,14.3256,13.8502,12.6116,11.1328,9.641,8.5049,5.39858,89.8194
77,3.00131,2.99514,2.87038,2.54201,2.15483,1.78502,1.57261,0.993694,17.915
78,0.949335,0.947354,0.935703,0.907734,0.869297,0.812646,0.714727,0.448951,6.58575
79,0.890405,0.888514,0.869879,0.821176,0.75659,0.67833,0.595208,0.370866,5.87097
80,1.73999,1.73626,1.69455,1.5845,1.44068,1.27372,1.11655,0.693371,11.2796
81,4.08618,4.07731,3.95009,3.61657,3.20572,2.77216,2.42583,1.49727,25.6311
82,0,0,0,0,0,0,0,0,0
83,2.86063,2.85424,2.81978,2.739,2.62774,2.4576,2.14226,1.30466,19.8059
84,16.5496,16.5124,15.9337,14.439,12.6693,10.8889,9.48277,5.75637,102.232
85,3.04781,3.04088,2.92054,2.60808,2.24077,1.88195,1.6366,0.988581,18.3652
86,0,0,0,0,0,0,0,0,0
87,5.0689,5.05711,4.91676,4.55053,4.08695,3.56922,3.09387,1.84813,32.1915
88,1.40788,1.40456,1.33946,1.17681,1.00009,0.839814,0.726573,0.431167,8.32635
89,1.74872,1.74454,1.7026,1.59327,1.44982,1.27926,1.10482,0.651667,11.2747
90,6.8786,6.86203,6.68279,6.21493,5.61014,4.91148,4.23576,2.48638,43.8821
91,1.72607,1.72186,1.67736,1.56116,1.41005,1.23404,1.06241,0.619904,11.0129
92,0.886006,0.883816,0.863933,0.812722,0.745069,0.662119,0.568909,0.329724,5.7523
93,3.54819,3.53938,3.46076,3.25942,2.99489,2.66979,2.29255,1.32592,23.0909
94,2.62629,2.61969,2.55685,2.39509,2.18437,1.93176,1.65571,0.951509,16.9213
95,8.91486,8.89219,8.58725,7.78319,6.7731,5.69268,4.87023,2.78129,54.2948
96,3.27371,3.2653,3.15925,2.88296,2.53825,2.16473,1.84889,1.04986,20.1829
97,3.74967,3.73995,3.58031,3.16719,2.67949,2.19956,1.87624,1.06076,22.0532
98,2.1436,2.13798,2.03238,1.75839,1.44021,1.14046,0.971161,0.545883,12.1701
99,1.61592,1.61163,1.55573,1.40943,1.22703,1.03208,0.877428,0.490447,9.8197
100,3.1128,3.10449,2.98327,2.66739,2.28344,1.88962,1.60431,0.892647,18.538
101,0.812158,0.809972,0.781984,0.708391,0.615574,0.515375,0.436977,0.242037,4.92247
102,3.99766,3.98674,3.84073,3.45713,2.97811,2.47037,2.08968,1.14828,23.9687
103,0.76342,0.761321,0.728743,0.64296,0.538207,0.43267,0.365583,0.200123,4.43303
104,3.77212,3.76165,3.59947,3.17939,2.68041,2.18669,1.84492,1.0049,22.0295
105,2.95257,2.94429,2.80619,2.44492,2.01332,1.59219,1.34079,0.725634,16.8199
106,0.755728,0.753595,0.720222,0.632537,0.526045,0.419642,0.35305,0.190464,4.35128
107,1.63777,1.63307,1.57811,1.43534,1.25569,1.05847,0.887934,0.474371,9.96075
108,0.789897,0.787609,0.757127,0.677297,0.578136,0.473882,0.396881,0.21086,4.67169
109,2.20091,2.19449,2.08841,1.81086,1.47908,1.15633,0.967206,0.511672,12.409
110,2.38062,2.37363,2.28301,2.04611,1.75126,1.43919,1.20263,0.634128,14.1106
111,0,0,0,0,0,0,0,0,0
112,0.831024,0.828529,0.801775,0.732516,0.644245,0.544722,0.453355,0.23583,5.072
113,3.0925,3.08317,2.95466,2.61939,2.20844,1.78525,1.48459,0.770148,17.9981
114,0.712044,0.709866,0.672537,0.575361,0.460944,0.352346,0.292265,0.150333,3.9257
115,0,0,0,0,0,0,0,0,0
116,1.6263,1.62126,1.56441,1.41782,1.2344,1.03318,0.854919,0.436177,9.78846
117,0,0,0,0,0,0,0,0,0
118,0.827234,0.824637,0.797235,0.726557,0.636735,0.535582,0.442123,0.223782,5.01388
119,1.41697,1.41248,1.3375,1.14368,0.917239,0.702786,0.578975,0.291074,7.80071
120,2.343,2.3355,2.2406,1.9952,1.69413,1.37891,1.13406,0.566918,13.6883
121,1.21873,1.21479,1.12632,0.901643,0.657302,0.453076,0.371934,0.184787,6.12858
122,0.646564,0.644465,0.602314,0.494266,0.373231,0.267219,0.219176,0.108585,3.35582
123,0,0,0,0,0,0,0,0,0
124,0,0,0,0,0,0,0,0,0
125,1.47927,1.47434,1.4049,1.22743,1.01822,0.810981,0.661735,0.322235,8.39911
126,1.06397,1.06038,0.974922,0.771361,0.571445,0.415282,0.338056,0.16333,5.35874
127,0.826069,0.823268,0.795248,0.723585,0.632675,0.52953,0.430598,0.207308,4.96828
128,1.55783,1.5525,1.48809,1.32259,1.12007,0.907164,0.736337,0.352371,9.03695
129,0.777356,0.774683,0.742042,0.657804,0.554162,0.445296,0.361096,0.172254,4.48469
130,0,0,0,0,0,0,0,0,0
131,0.500535,0.498789,0.449925,0.330993,0.214076,0.129523,0.104721,0.0494695,2.27803
132,0,0,0,0,0,0,0,0,0
133,1.32594,1.32122,1.23815,1.02589,0.785282,0.568575,0.457896,0.213517,6.93648
134,0.82895,0.82599,0.79789,0.726536,0.635923,0.531894,0.427919,0.198869,4.97397
135,0.660417,0.65803,0.616203,0.509529,0.388989,0.280848,0.225363,0.103845,3.44322
136,0,0,0,0,0,0,0,0,0
137,0.601031,0.598835,0.553484,0.439318,0.316043,0.213486,0.17091,0.0781543,2.97126
138,0,0,0,0,0,0,0,0,0
139,0.704782,0.70216,0.663195,0.56344,0.446966,0.335889,0.267852,0.120923,3.80521
140,0,0,0,0,0,0,0,0,0
141,1.60665,1.6006,1.54059,1.39062,1.20742,1.00481,0.799341,0.358016,9.50805
142,1.62165,1.61548,1.55804,1.41718,1.24782,1.0577,0.839452,0.373128,9.73044
143,0,0,0,0,0,0,0,0,0
144,0,0,0,0,0,0,0,0,0
145,0,0,0,0,0,0,0,0,0
146,0.612348,0.609956,0.564885,0.451699,0.32864,0.224468,0.177039,0.0771023,3.04614
147,0.711953,0.709163,0.670357,0.571325,0.455002,0.342372,0.269842,0.117252,3.84726
148,0.912923,0.909312,0.889121,0.842053,0.779212,0.68916,0.541954,0.233791,5.79753
149,2.06473,2.05653,1.94582,1.67658,1.38177,1.1022,0.866097,0.372689,11.4664
150,0.50733,0.505306,0.45544,0.333627,0.21161,0.121556,0.0954061,0.0408988,2.27117
151,0.797654,0.794441,0.762517,0.681862,0.581668,0.471149,0.36892,0.15694,4.61515
152,0,0,0,0,0,0,0,0,0
153,0.397879,0.396258,0.345178,0.226978,0.122475,0.0580344,0.0453196,0.0191115,1.61123
154,0.894932,0.891259,0.868782,0.815402,0.744948,0.648913,0.50586,0.212124,5.58222
155,0,0,0,0,0,0,0,0,0
156,0.853432,0.849889,0.823015,0.756921,0.671878,0.567166,0.440895,0.183216,5.14641
157,4.29829,4.28028,4.07381,3.58172,3.04255,2.50268,1.94119,0.80093,24.5215
158,2.29507,2.28542,2.18356,1.93093,1.63124,1.31551,1.0193,0.419129,13.0802
159,0.718478,0.715424,0.676536,0.578012,0.461869,0.347571,0.268634,0.109574,3.8761
160,0.910858,0.906976,0.885873,0.837143,0.772241,0.678633,0.524129,0.213293,5.72915
161,2.42163,2.41123,2.31662,2.08017,1.78507,1.45144,1.11892,0.452648,14.0377
162,1.78737,1.77965,1.65201,1.34709,1.03514,0.771627,0.594243,0.239608,9.20674
163,2.8897,2.87714,2.72462,2.34229,1.89508,1.45097,1.11529,0.446951,15.742
164,0.886767,0.882893,0.858975,0.802223,0.727768,0.627531,0.481635,0.1921,5.45989
165,1.37258,1.36656,1.28398,1.07606,0.837191,0.611967,0.469185,0.186491,7.20401
166,0.879116,0.875233,0.850413,0.791163,0.713808,0.611586,0.46806,0.184988,5.37437
167,0.763941,0.760533,0.724892,0.635363,0.526789,0.41208,0.314565,0.123308,4.26147
168,0.750445,0.74708,0.710304,0.617856,0.506794,0.391832,0.298708,0.116592,4.13961
169,0.611478,0.608724,0.562798,0.448769,0.325288,0.220099,0.167606,0.0651923,3.00996
170,1.34634,1.34023,1.25871,1.05821,0.835147,0.626545,0.476173,0.184049,7.1254
171,0,0,0,0,0,0,0,0,0
172,2.46183,2.45053,2.3581,2.13069,1.8454,1.51179,1.14522,0.438085,14.3416
173,1.70676,1.69888,1.64321,1.50845,1.33545,1.11905,0.84646,0.322279,10.1806
174,0.84784,0.8439,0.815458,0.74642,0.658102,0.548866,0.414445,0.156925,5.03195
175,0.835467,0.831563,0.801877,0.729358,0.63731,0.526292,0.396797,0.149522,4.90819
176,3.95464,3.93611,3.76915,3.35713,2.85271,2.29127,1.72634,0.649141,22.5365
177,2.1089,2.09895,1.97692,1.67172,1.31768,0.974128,0.73244,0.27362,11.1544
178,0,0,0,0,0,0,0,0,0
179,0.679994,0.676759,0.634421,0.528691,0.408043,0.29471,0.221113,0.0820407,3.52577
180,2.31766,2.30655,2.20117,1.94083,1.62608,1.28538,0.962371,0.35472,12.9948
181,0,0,0,0,0,0,0,0,0
182,1.1147,1.10929,1.01498,0.788265,0.55668,0.370083,0.276114,0.100652,5.33077
183,0.562101,0.559365,0.482222,0.324695,0.207283,0.138774,0.103449,0.0376094,2.4155
184,2.27614,2.265,2.15712,1.89258,1.57827,1.2435,0.925325,0.334525,12.6725
185,0.82232,0.818258,0.786809,0.710099,0.613645,0.499438,0.370727,0.132986,4.75428
186,0.68466,0.681276,0.638939,0.533563,0.412962,0.298553,0.221579,0.0794465,3.55098
187,0,0,0,0,0,0,0,0,0
188,2.24035,2.22913,2.11676,1.83998,1.51211,1.16989,0.865125,0.306673,12.28
189,0.531348,0.528669,0.478849,0.358939,0.238253,0.145826,0.107607,0.037891,2.42738
190,2.64027,2.62692,2.45111,2.016,1.52808,1.08005,0.7963,0.279638,13.4184
191,2.04635,2.03593,1.90889,1.59521,1.23908,0.901067,0.662994,0.231351,10.6209
192,0,0,0,0,0,0,0,0,0
193,0.695366,0.691787,0.649841,0.545848,0.426042,0.310259,0.227548,0.0786048,3.6253
194,1.54287,1.5349,1.4623,1.28342,1.06609,0.829851,0.608011,0.20937,8.53682
195,0.630501,0.627231,0.58134,0.468422,0.344697,0.235585,0.172378,0.0591132,3.11927
196,2.76286,2.74845,2.58026,2.16543,1.691,1.23393,0.901384,0.307525,14.3908
197,2.20334,2.19178,2.07994,1.81139,1.5027,1.18001,0.860487,0.291972,12.1216
198,0,0,0,0,0,0,0,0,0
199,1.26284,1.25614,1.1658,0.945753,0.706455,0.493304,0.358451,0.120287,6.30902
200,1.99198,1.98139,1.85018,1.52822,1.16797,0.833129,0.605109,0.202779,10.1607
201,1.25316,1.24646,1.15838,0.947218,0.721717,0.519642,0.376631,0.125395,6.3486
202,3.04414,3.02776,2.87855,2.51342,2.0751,1.60394,1.1606,0.384427,16.6879
203,1.21666,1.21009,1.11543,0.884267,0.635607,0.422412,0.305189,0.100612,5.89026
204,0.769242,0.765065,0.7281,0.637565,0.527852,0.40835,0.29462,0.0967097,4.2275
205,1.37027,1.36279,1.27887,1.07504,0.84567,0.624317,0.449729,0.146907,7.15359
206,1.25789,1.25099,1.15835,0.931838,0.684441,0.465777,0.335018,0.108925,6.19323
207,0,0,0,0,0,0,0,0,0
208,0,0,0,0,0,0,0,0,0
209,0,0,0,0,0,0,0,0,0
210,0,0,0,0,0,0,0,0,0
211,1.97903,1.96792,1.83447,1.50883,1.14592,0.809249,0.577722,0.18354,10.0067
212,0,0,0,0,0,0,0,0,0
213,0.585441,0.582124,0.533437,0.415631,0.291493,0.188181,0.13393,0.0421487,2.77239
214,0,0,0,0,0,0,0,0,0
215,0,0,0,0,0,0,0,0,0
216,0.67378,0.669912,0.625642,0.517286,0.394745,0.278912,0.197655,0.0613872,3.41932
217,0.707122,0.703046,0.660871,0.557603,0.437858,0.318865,0.225674,0.0698091,3.68085
218,0,0,0,0,0,0,0,0,0
219,0,0,0,0,0,0,0,0,0
220,0,0,0,0,0,0,0,0,0
221,0,0,0,0,0,0,0,0,0
222,1.63066,1.62102,1.55308,1.39126,1.18958,0.948141,0.665328,0.200491,9.19956
223,1.50705,1.49811,1.4222,1.2412,1.02887,0.798934,0.559904,0.168058,8.22433
224,0,0,0,0,0,0,0,0,0
225,0.872013,0.866785,0.837583,0.787026,0.724477,0.615708,0.429976,0.127676,5.26124
226,0.737415,0.732984,0.692538,0.594266,0.478015,0.356453,0.24874,0.0736907,3.9141
227,0,0,0,0,0,0,0,0,0
228,1.59398,1.5843,1.50041,1.32415,1.1339,0.909835,0.632794,0.185581,8.86495
229,0.527004,0.523789,0.47263,0.351593,0.230893,0.138305,0.0960008,0.0279844,2.3682
230,0,0,0,0,0,0,0,0,0
231,0,0,0,0,0,0,0,0,0
232,0.768263,0.763528,0.725157,0.632789,0.521296,0.398261,0.275484,0.0794613,4.16424
233,1.77833,1.7673,1.62208,1.27517,0.90975,0.59836,0.412979,0.118322,8.48229
234,0.786135,0.781239,0.744173,0.655525,0.54723,0.423719,0.291995,0.0832694,4.31329
235,1.56585,1.55606,1.4827,1.30927,1.10064,0.862268,0.593415,0.168541,8.63875
236,0.398128,0.395631,0.343099,0.225099,0.122414,0.0586133,0.0402891,0.011401,1.59467
237,1.45115,1.442,1.35864,1.15744,0.922128,0.679228,0.466058,0.131183,7.60783
238,0.611105,0.607231,0.558688,0.441832,0.316166,0.206844,0.141629,0.0396115,2.92311
239,0.702636,0.698163,0.654717,0.549649,0.428602,0.308051,0.210609,0.0586362,3.61106
240,0,0,0,0,0,0,0,0,0
241,2.03365,2.02063,1.89238,1.59012,1.25558,0.925594,0.631504,0.174722,10.5242
242,0.763435,0.758525,0.719289,0.625302,0.512343,0.388098,0.264346,0.0727718,4.10411
243,0,0,0,0,0,0,0,0,0
244,0,0,0,0,0,0,0,0,0
245,0.570523,0.566805,0.516468,0.396735,0.272732,0.170966,0.115889,0.0314413,2.64156
246,0,0,0,0,0,0,0,0,0
247,0.677803,0.673352,0.628047,0.518898,0.395581,0.277005,0.187225,0.0503564,3.40827
248,0,0,0,0,0,0,0,0,0
249,0,0,0,0,0,0,0,0,0
250,0.722487,0.717676,0.67507,0.572787,0.45341,0.330231,0.222042,0.0587949,3.7525
251,1.72176,1.71027,1.58544,1.30834,1.0299,0.76701,0.515213,0.136018,8.77394
252,0.714414,0.709627,0.568816,0.285815,0.0963126,0.0208516,0.0139884,0.00367884,2.4135
253,0.60395,0.599884,0.550564,0.432886,0.307583,0.19937,0.133491,0.034905,2.86263
254,0.756881,0.751769,0.657032,0.452057,0.276631,0.158587,0.106058,0.0276337,3.18665
255,0.613184,0.609025,0.560015,0.442953,0.317282,0.207195,0.138343,0.0358727,2.92387
256,1.2575,1.24894,1.15775,0.945557,0.720746,0.513026,0.342217,0.0884831,6.27422
257,1.12106,1.1134,1.0114,0.770576,0.52378,0.323536,0.215448,0.0554226,5.13463
258,0.627909,0.623606,0.575208,0.459584,0.334105,0.22172,0.147457,0.0377864,3.02738
259,1.18608,1.17791,1.08219,0.859012,0.627283,0.424966,0.282029,0.0718154,5.71129
260,1.69857,1.68683,1.62288,1.48114,1.30607,1.07143,0.70997,0.179963,9.75685
261,0.967557,0.960848,0.863558,0.644939,0.440168,0.284998,0.188623,0.0476408,4.39833
262,1.57093,1.56,1.48838,1.32841,1.14445,0.924161,0.610997,0.153834,8.78118
263,0.730748,0.725641,0.683048,0.581599,0.462695,0.337744,0.222891,0.0558169,3.80018
264,0.576828,0.572778,0.522004,0.401974,0.277214,0.173431,0.114236,0.0284454,2.66691
265,0.583635,0.579525,0.528986,0.409414,0.284449,0.179427,0.118051,0.0292958,2.71278
266,0,0,0,0,0,0,0,0,0
267,0,0,0,0,0,0,0,0,0
268,1.53523,1.5243,1.44409,1.2552,1.0284,0.773987,0.507043,0.12423,8.1925
269,1.35565,1.34597,1.25363,1.0336,0.785716,0.545537,0.356892,0.0870856,6.76409
270,1.83091,1.81777,1.69692,1.43266,1.16178,0.885817,0.578486,0.140423,9.54477
271,1.86016,1.84678,1.70057,1.35526,0.98513,0.654508,0.426961,0.103306,8.93266
272,0.738828,0.733486,0.691038,0.590554,0.47222,0.345736,0.225078,0.0541318,3.85107
273,0,0,0,0,0,0,0,0,0
274,2.6781,2.65859,2.47235,2.03108,1.53864,1.06493,0.691123,0.164689,13.2995
275,1.23859,1.22954,1.13061,0.896142,0.643729,0.419462,0.271927,0.0645901,5.89458
276,0,0,0,0,0,0,0,0,0
277,0,0,0,0,0,0,0,0,0
278,2.14139,2.12558,1.91736,1.43391,0.951783,0.571979,0.369113,0.0865019,9.59762
279,1.87054,1.85668,1.71387,1.38232,1.03146,0.711671,0.458552,0.106975,9.13206
280,0.531978,0.528026,0.475409,0.353001,0.23099,0.135862,0.0874604,0.0203488,2.36308
281,1.23519,1.22597,1.12769,0.89679,0.650147,0.429745,0.276114,0.0638787,5.90553
282,0.738954,0.73342,0.631651,0.41176,0.228189,0.114645,0.0735712,0.0169603,2.94915
283,0,0,0,0,0,0,0,0,0
284,1.10737,1.09901,0.997005,0.761045,0.522823,0.327581,0.209478,0.0477916,5.0721
285,1.03676,1.02891,0.925509,0.688675,0.457189,0.276665,0.176702,0.040169,4.63057
286,0,0,0,0,0,0,0,0,0
287,1.09081,1.08249,0.994989,0.805889,0.624118,0.457077,0.290964,0.0655042,5.41185
288,0.463665,0.460123,0.406262,0.283919,0.170047,0.0903425,0.0574703,0.0129122,1.94474
289,0,0,0,0,0,0,0,0,0
290,0.5982,0.59359,0.542719,0.423298,0.297294,0.188469,0.119442,0.0265417,2.78955
291,1.98989,1.97451,1.83236,1.49898,1.13044,0.776944,0.491796,0.1089,9.80382
292,0.836782,0.8303,0.794576,0.71431,0.613687,0.482848,0.305348,0.0674269,4.64528
293,0.585362,0.580801,0.529357,0.409018,0.283526,0.177153,0.111734,0.0244832,2.70143
294,0.731321,0.725604,0.681643,0.578665,0.458372,0.330356,0.208083,0.0454174,3.75946
295,1.42318,1.41201,1.32142,1.10869,0.86361,0.610985,0.384175,0.0834259,7.20751
296,0,0,0,0,0,0,0,0,0
297,0.682519,0.677129,0.630019,0.51925,0.394401,0.271511,0.170243,0.0366682,3.38174
298,1.84941,1.83476,1.68416,1.33167,0.955042,0.619164,0.38784,0.0832933,8.74534
299,1.00516,0.997169,0.851626,0.547295,0.307598,0.167259,0.104555,0.0223207,4.00298
300,0,0,0,0,0,0,0,0,0
301,0,0,0,0,0,0,0,0,0
302,0.547054,0.542665,0.489741,0.367235,0.243814,0.144968,0.0902692,0.0190537,2.4448
303,1.24191,1.23191,1.13156,0.897199,0.646097,0.420276,0.261223,0.0548474,5.88503
304,0,0,0,0,0,0,0,0,0
305,0,0,0,0,0,0,0,0,0
306,1.03683,1.02839,0.923511,0.684965,0.452347,0.27056,0.1674,0.0346847,4.59869
307,0,0,0,0,0,0,0,0,0
308,0,0,0,0,0,0,0,0,0
309,1.8252,1.81022,1.66554,1.3364,0.992065,0.674772,0.41585,0.0851822,8.80522
310,0.449391,0.445693,0.391272,0.269251,0.1578,0.0814756,0.0501546,0.0102396,1.85528
311,0,0,0,0,0,0,0,0,0
312,0.574798,0.570029,0.517586,0.396043,0.270743,0.165843,0.101708,0.0205413,2.61729
313,0.713232,0.707307,0.661343,0.554316,0.431077,0.303013,0.18571,0.0374351,3.59343
314,1.11691,1.10759,1.00177,0.757619,0.509719,0.30702,0.187768,0.0376191,5.02601
315,0,0,0,0,0,0,0,0,0
316,0.696816,0.69096,0.643872,0.534252,0.409661,0.283492,0.172824,0.0343059,3.46618
317,0.527266,0.522826,0.469016,0.345765,0.224154,0.129486,0.0788654,0.0156136,2.31299
318,1.93254,1.91623,1.76872,1.42768,1.05765,0.709094,0.431375,0.0851119,9.32841
319,1.34954,1.33811,1.1807,0.832948,0.516546,0.291102,0.176807,0.0347232,5.72048
320,0.410262,0.406781,0.352605,0.233712,0.130318,0.0640236,0.0388527,0.00761148,1.64417
321,0.450222,0.446386,0.391727,0.269616,0.158203,0.0817033,0.0494899,0.00964374,1.85699
322,0.680932,0.675109,0.626859,0.514617,0.388487,0.263765,0.159483,0.0309171,3.34017
323,1.13936,1.12959,1.02373,0.779527,0.528901,0.320029,0.193192,0.0372786,5.15161
324,1.31169,1.30041,1.20136,0.971263,0.718059,0.477143,0.2878,0.0554036,6.32313
325,0.664234,0.658496,0.609245,0.494809,0.367947,0.245683,0.147833,0.028262,3.21651
326,1.27894,1.26786,1.16713,0.933421,0.679425,0.44349,0.26656,0.0507969,6.08762
327,0,0,0,0,0,0,0,0,0
328,1.08743,1.07796,0.970316,0.723591,0.476412,0.278641,0.167091,0.0316313,4.81307
329,0.77181,0.765069,0.657094,0.423338,0.22614,0.105348,0.0630543,0.011872,3.02373
330,0.445404,0.441504,0.386722,0.265029,0.154864,0.0797222,0.0476623,0.00894472,1.82985
331,1.08828,1.07872,0.971137,0.725071,0.478703,0.280999,0.167682,0.0312997,4.82189
332,1.22732,1.21651,1.11299,0.873624,0.619055,0.391962,0.233624,0.0434629,5.71855
333,0,0,0,0,0,0,0,0,0
334,0,0,0,0,0,0,0,0,0
335,1.93949,1.92224,1.77414,1.43578,1.07078,0.723038,0.429002,0.078777,9.37323
336,0,0,0,0,0,0,0,0,0
337,0.534291,0.529515,0.475249,0.351624,0.229138,0.132467,0.0783979,0.0142919,2.34497
338,0,0,0,0,0,0,0,0,0
339,0,0,0,0,0,0,0,0,0
340,1.47226,1.45898,1.32551,1.04102,0.766681,0.51911,0.305908,0.055087,6.94456
341,0,0,0,0,0,0,0,0,0
342,0.75793,0.751049,0.7067,0.605964,0.486755,0.351725,0.206566,0.0368388,3.90353
343,0.649186,0.643281,0.592645,0.475912,0.348374,0.227858,0.133695,0.0237795,3.09473
344,0.740547,0.733783,0.638791,0.440411,0.272238,0.154452,0.0904218,0.0159804,3.08663
345,0.555546,0.550461,0.496419,0.373126,0.248692,0.147033,0.0860036,0.015162,2.47244
346,0.620008,0.61431,0.562264,0.442541,0.314739,0.199281,0.116326,0.0203878,2.88986
347,0.634323,0.628482,0.577004,0.458537,0.330617,0.212422,0.123878,0.0216528,2.98692
348,1.09345,1.08335,0.975319,0.730154,0.485111,0.286505,0.166851,0.0290492,4.84978
349,0,0,0,0,0,0,0,0,0
350,1.51696,1.50287,1.3378,0.966258,0.608664,0.338144,0.196357,0.0339075,6.50097
351,1.02694,1.01738,0.907321,0.659071,0.418364,0.234247,0.135847,0.0233711,4.42254
352,0.461236,0.456934,0.4015,0.27838,0.165143,0.085717,0.0496607,0.00851962,1.90709
353,0.720916,0.714167,0.666952,0.559273,0.435288,0.303267,0.175365,0.0299223,3.60515
354,0.671141,0.664839,0.614822,0.500116,0.372805,0.247911,0.14314,0.0243202,3.23909
355,1.40563,1.39239,1.23007,0.872395,0.542349,0.301623,0.173905,0.0294281,5.94778
356,0,0,0,0,0,0,0,0,0
357,0,0,0,0,0,0,0,0,0
358,1.1728,1.16166,1.05613,0.817158,0.570937,0.356546,0.20462,0.0341727,5.37403
359,0.594924,0.589254,0.535857,0.413954,0.286786,0.176053,0.100869,0.0167671,2.71446
360,0,0,0,0,0,0,0,0,0
361,2.6851,2.65938,2.4593,2.00333,1.49898,1.00122,0.572108,0.0943784,12.9738
362,0,0,0,0,0,0,0,0,0
363,2.12169,2.10127,1.88696,1.40838,0.938561,0.558138,0.318131,0.0521114,9.38524
364,1.04427,1.03418,0.923916,0.676104,0.434359,0.246046,0.139989,0.0228137,4.52168
365,0.927201,0.918226,0.807695,0.563826,0.339591,0.179946,0.102262,0.0166108,3.85536
366,0,0,0,0,0,0,0,0,0
367,0,0,0,0,0,0,0,0,0
368,0.479299,0.474616,0.418808,0.294852,0.17897,0.0950206,0.0537339,0.00860728,2.00391
369,0,0,0,0,0,0,0,0,0
370,1.14541,1.13418,1.03066,0.801235,0.570202,0.366716,0.206929,0.0329451,5.28828
371,0.512046,0.507007,0.45138,0.326825,0.206544,0.114547,0.0645263,0.010224,2.1931
372,1.86029,1.84193,1.68571,1.33325,0.96119,0.619046,0.348307,0.055004,8.70473
373,0,0,0,0,0,0,0,0,0
374,0.156324,0.154773,0.113547,0.0401393,0.00438614,0.000628763,0.000352647,5.51909e-05,0.470205
375,2.12901,2.10784,1.90538,1.46795,1.04736,0.684909,0.383681,0.0598471,9.78597
376,1.64632,1.62991,1.46452,1.09194,0.719579,0.417005,0.233257,0.0362322,7.23877
377,0,0,0,0,0,0,0,0,0
378,0,0,0,0,0,0,0,0,0
379,0.682051,0.675198,0.57765,0.377253,0.214934,0.110842,0.0617465,0.00948067,2.70915
380,0.817061,0.808818,0.700442,0.46836,0.267915,0.135282,0.0751941,0.0114738,3.28455
381,1.20105,1.18891,1.08107,0.836874,0.581572,0.356226,0.197789,0.0300891,5.47359
382,1.20421,1.19201,1.03292,0.694254,0.402211,0.206367,0.114442,0.0173499,4.86376
383,0.663373,0.656635,0.605081,0.488249,0.359797,0.234569,0.129887,0.019609,3.1572
384,0,0,0,0,0,0,0,0,0
385,0,0,0,0,0,0,0,0,0
386,1.25018,1.23738,1.0732,0.720492,0.413233,0.20826,0.114821,0.0171252,5.0347
387,0,0,0,0,0,0,0,0,0
388,0.997307,0.987044,0.874591,0.625019,0.387535,0.20945,0.115148,0.0170366,4.21313
389,0.628105,0.621632,0.517629,0.305162,0.14415,0.0581966,0.0319658,0.00471769,2.31156
390,0.476122,0.471205,0.41485,0.290679,0.175327,0.0920414,0.0504966,0.0074281,1.97815
391,2.76051,2.73191,2.41693,1.7389,1.11601,0.642499,0.351932,0.0515386,11.8102
392,0,0,0,0,0,0,0,0,0
393,1.2708,1.25756,1.08954,0.726523,0.408324,0.198318,0.108274,0.0157111,5.07505
394,1.0149,1.00429,0.891616,0.64155,0.401757,0.21922,0.119437,0.0172306,4.30999
395,1.25368,1.24056,1.09798,0.80366,0.544326,0.339005,0.184623,0.0266034,5.49044
396,0.50534,0.500037,0.443634,0.318587,0.198991,0.108294,0.0588849,0.00844804,2.14222
397,0.74256,0.73474,0.686874,0.580478,0.456736,0.318311,0.172741,0.0246464,3.71709
398,0,0,0,0,0,0,0,0,0
399,0.67049,0.663393,0.611533,0.494861,0.366159,0.238812,0.12922,0.0182868,3.19275
400,0.542156,0.536401,0.480317,0.355136,0.231138,0.131267,0.0709134,0.00999028,2.35732
401,0,0,0,0,0,0,0,0,0
402,0,0,0,0,0,0,0,0,0
403,0.867294,0.858022,0.77321,0.6054,0.45687,0.318646,0.171413,0.0238651,4.07472
404,0.625165,0.618468,0.564526,0.443242,0.314207,0.195465,0.105045,0.0145845,2.8807
405,0.902921,0.893226,0.782361,0.542841,0.326598,0.172675,0.0926822,0.0128237,3.72613
406,2.07924,2.05686,1.83397,1.34243,0.866769,0.490997,0.263151,0.0362604,8.96967
407,1.022,1.01097,0.897538,0.64653,0.405294,0.220508,0.117975,0.0161772,4.33699
408,0,0,0,0,0,0,0,0,0
409,0.572536,0.566335,0.510637,0.386115,0.2595,0.152311,0.0813342,0.0110939,2.53986
410,0.606261,0.599674,0.544876,0.422039,0.293477,0.178593,0.0951894,0.0129158,2.75302
411,0.514002,0.508402,0.45163,0.326106,0.205229,0.112128,0.0596717,0.0080619,2.18523
412,1.01807,1.00695,0.893396,0.642834,0.402816,0.219204,0.116483,0.0156731,4.31543
413,0.532194,0.52637,0.469748,0.344137,0.221055,0.123381,0.0654868,0.00878258,2.29115
414,0.412103,0.407582,0.351251,0.23084,0.127062,0.0600375,0.0318213,0.004251,1.62495
415,0.419558,0.414941,0.358428,0.237291,0.131953,0.0629935,0.033327,0.00442953,1.66292
416,1.60909,1.59135,1.37024,0.901497,0.50119,0.241514,0.127639,0.0169149,6.35943
417,1.60035,1.58266,1.41464,1.04424,0.681822,0.389579,0.205573,0.0271259,6.94599
418,0.496948,0.491443,0.434368,0.309,0.190425,0.101577,0.0535303,0.00703797,2.08433
419,0,0,0,0,0,0,0,0,0
420,1.0259,1.01449,0.902775,0.658539,0.424595,0.240441,0.126413,0.0165118,4.40967
421,1.47497,1.45852,1.29384,0.938659,0.606868,0.348977,0.183174,0.0238166,6.32883
422,0.719568,0.711528,0.661247,0.550019,0.423139,0.286119,0.150004,0.0194401,3.52106
423,1.06132,1.04943,0.935799,0.684873,0.439826,0.245246,0.128377,0.0165662,4.56144
424,1.24361,1.22963,1.06106,0.70213,0.392026,0.188728,0.0985817,0.0126464,4.92842
425,0.562789,0.556451,0.499992,0.374641,0.248517,0.143202,0.0747208,0.00955674,2.46987
426,0.174197,0.17223,0.131704,0.0595223,0.018988,0.00484369,0.00252342,0.000321348,0.56433
427,0,0,0,0,0,0,0,0,0
428,0,0,0,0,0,0,0,0,0
429,1.04586,1.03398,0.919616,0.667817,0.423823,0.232726,0.120767,0.015212,4.4598
430,0.216072,0.213612,0.168321,0.0837491,0.0309022,0.00937682,0.00486003,0.000610159,0.727504
431,0.359199,0.355096,0.299967,0.185546,0.0936278,0.0400567,0.0207225,0.00258811,1.3568
432,0.432357,0.427412,0.370293,0.24781,0.139891,0.0675549,0.0349211,0.0043521,1.72459
433,0.472135,0.466716,0.409204,0.284305,0.169347,0.0866866,0.044719,0.00554161,1.93865
434,0.954694,0.943717,0.829387,0.581372,0.351977,0.184194,0.0949107,0.0117239,3.95198
435,0.364711,0.360504,0.305129,0.190047,0.0969835,0.0420613,0.0216311,0.0026577,1.38373
436,1.07118,1.05881,0.946155,0.69975,0.459052,0.263092,0.13521,0.016581,4.64983
437,0.314436,0.310799,0.257748,0.150648,0.0701802,0.0275436,0.0141394,0.00172853,1.14722
438,1.51944,1.50181,1.33634,0.980427,0.643447,0.373672,0.191529,0.0233153,6.56998
439,1.01057,0.998819,0.88763,0.647845,0.420695,0.240564,0.123078,0.0149069,4.34411
440,0,0,0,0,0,0,0,0,0
441,1.78217,1.76137,1.59306,1.22067,0.836614,0.497964,0.254226,0.0306105,7.97668
442,1.11737,1.10428,0.969881,0.699007,0.464909,0.281925,0.143646,0.0172011,4.79822
443,0.443772,0.43857,0.381065,0.257675,0.14772,0.0724277,0.0368812,0.00440912,1.78252
444,0,0,0,0,0,0,0,0,0
445,1.18966,1.17565,1.06301,0.813939,0.556884,0.330208,0.167627,0.0198691,5.31685
446,0.885074,0.874614,0.759475,0.512737,0.293125,0.142979,0.0724317,0.00853653,3.54897
447,1.05588,1.04338,0.928411,0.676849,0.432587,0.238719,0.120777,0.014184,4.51078
448,0.452994,0.447624,0.389904,0.265867,0.154281,0.0765824,0.0387237,0.00454042,1.83052
449,0.484132,0.478372,0.420299,0.294198,0.176673,0.09047,0.0456395,0.00531704,1.9951
450,0,0,0,0,0,0,0,0,0
451,0,0,0,0,0,0,0,0,0
452,0.442384,0.437089,0.379394,0.256024,0.146416,0.0714893,0.0359279,0.0041421,1.77287
453,0,0,0,0,0,0,0,0,0
454,0,0,0,0,0,0,0,0,0
455,1.46768,1.44999,1.25767,0.868892,0.541138,0.303795,0.152005,0.0173132,6.05848
456,0.403774,0.3989,0.341864,0.221806,0.119927,0.0550478,0.0275149,0.00312495,1.57196
457,1.79024,1.76857,1.50326,0.962451,0.527501,0.257064,0.128265,0.0144976,6.95186
458,0.529711,0.52328,0.465272,0.338579,0.21544,0.117714,0.0586244,0.00659186,2.25521
459,1.26453,1.24916,1.08016,0.724583,0.416384,0.207521,0.103259,0.0115825,5.05719
460,0.763513,0.754211,0.64213,0.409169,0.216695,0.0977448,0.0485647,0.00542547,2.93745
461,1.04619,1.03342,0.917239,0.664099,0.419692,0.227584,0.112942,0.0125767,4.43374
462,0.539716,0.533114,0.475118,0.348376,0.224081,0.123764,0.0613441,0.00680767,2.31232
463,0.430037,0.424768,0.367012,0.244427,0.137184,0.0654615,0.0324099,0.00358568,1.70489
464,0.61828,0.610689,0.50904,0.306996,0.153966,0.0670371,0.033152,0.00365623,2.30282
465,1.27563,1.25992,1.14846,0.903566,0.642329,0.394728,0.194795,0.0213593,5.84079
466,0,0,0,0,0,0,0,0,0
467,0,0,0,0,0,0,0,0,0
468,1.27455,1.25875,1.08575,0.720017,0.402142,0.190929,0.0938382,0.0101746,5.03616
469,0.728879,0.719821,0.575835,0.302432,0.12154,0.040568,0.0199011,0.00214673,2.51112
470,0.348806,0.344469,0.289098,0.175957,0.0868228,0.0359543,0.0176315,0.00190006,1.30064
471,0.565263,0.558209,0.500241,0.373387,0.246001,0.13878,0.0678957,0.00726959,2.45705
472,0.414987,0.409798,0.35213,0.230751,0.126551,0.058755,0.028705,0.00306172,1.62474
473,0.932544,0.920869,0.805155,0.558248,0.333644,0.171112,0.0835369,0.00889238,3.814
474,0.430448,0.425053,0.367038,0.244258,0.136933,0.0650812,0.0317467,0.00337183,1.70393
475,0,0,0,0,0,0,0,0,0
476,0.819163,0.808848,0.694497,0.455047,0.250731,0.117621,0.0572066,0.00602694,3.20914
477,0.895545,0.884244,0.767644,0.519711,0.298722,0.145819,0.0708144,0.00742982,3.58993
478,1.04764,1.03439,0.917141,0.662935,0.417837,0.224905,0.109045,0.0113904,4.42529
479,0,0,0,0,0,0,0,0,0
480,0.463438,0.457544,0.398888,0.273634,0.160103,0.0794885,0.0384034,0.00397259,1.87547
481,0.547767,0.540787,0.482288,0.355089,0.229691,0.126979,0.0612682,0.0063153,2.35019
482,1.22653,1.21089,1.04024,0.684317,0.380974,0.181549,0.0875542,0.00901225,4.82107
483,1.09131,1.07736,0.960218,0.705778,0.455535,0.251224,0.120926,0.0123829,4.67473
484,0,0,0,0,0,0,0,0,0
485,0,0,0,0,0,0,0,0,0
486,1.48266,1.4636,1.29292,0.931598,0.595886,0.333177,0.159795,0.0162015,6.27583
487,0,0,0,0,0,0,0,0,0
488,1.3801,1.36227,1.18856,0.820662,0.488538,0.248994,0.119025,0.0119587,5.62011
489,0.702622,0.693525,0.585919,0.368411,0.194924,0.0889126,0.0424364,0.00424565,2.681
490,0.361064,0.356381,0.300033,0.184695,0.0924401,0.0385417,0.0183752,0.00183292,1.35336
491,0.513033,0.506371,0.447319,0.320069,0.198862,0.105088,0.0500709,0.004986,2.1458
492,0.355402,0.350775,0.294722,0.180462,0.0898678,0.0374222,0.0177973,0.00176325,1.32821
493,0.551245,0.544048,0.485239,0.357829,0.232041,0.128301,0.0609006,0.00600203,2.36561
494,0.480726,0.474446,0.415337,0.289027,0.17263,0.087387,0.041463,0.00408182,1.9651
495,0.422732,0.417189,0.358836,0.236443,0.13071,0.0608762,0.0288139,0.0028177,1.65842
496,0.429539,0.423903,0.365385,0.242349,0.135202,0.063557,0.0300648,0.00293522,1.69294
497,0.680462,0.671509,0.566668,0.35694,0.191027,0.0886317,0.0418414,0.00406246,2.60114
498,0,0,0,0,0,0,0,0,0
499,0.413976,0.408514,0.350216,0.228339,0.124081,0.0564677,0.0266114,0.00257158,1.61078
500,0.485334,0.478911,0.419587,0.292878,0.175607,0.0890454,0.0418765,0.00402363,1.98726
501,0.524429,0.51748,0.45819,0.330557,0.207786,0.110907,0.0521175,0.00499713,2.20646
502,1.87746,1.85253,1.61734,1.11874,0.665125,0.335921,0.157621,0.0150516,7.6398
503,0,0,0,0,0,0,0,0,0
504,0.830873,0.819792,0.703039,0.459389,0.25093,0.115101,0.0538448,0.0050994,3.23807
505,0.757834,0.747711,0.634138,0.401211,0.210513,0.0931053,0.0435114,0.00410948,2.89213
506,0.565963,0.558389,0.499396,0.371888,0.244499,0.136754,0.0638202,0.0060044,2.44671
507,0.948416,0.9357,0.81936,0.574009,0.349956,0.182924,0.0852485,0.00799021,3.9036
508,1.37243,1.35399,1.18123,0.819749,0.495828,0.258723,0.120357,0.0112256,5.61353
509,1.46444,1.44472,1.26703,0.889084,0.538882,0.277092,0.12878,0.0119804,6.02201
510,0.204487,0.201727,0.156054,0.0727378,0.0229114,0.00489776,0.00227202,0.000210288,0.665298
511,0.426776,0.421002,0.362184,0.239166,0.13258,0.0616544,0.0285536,0.00263091,1.67455
512,0,0,0,0,0,0,0,0,0
513,0.453212,0.447062,0.387725,0.262594,0.150893,0.0729057,0.0336932,0.00308661,1.81117
514,0,0,0,0,0,0,0,0,0
515,0.817004,0.805872,0.690946,0.453568,0.251972,0.118861,0.0547781,0.00498013,3.19798
516,0.442681,0.436635,0.377368,0.252889,0.143088,0.0678884,0.0312325,0.002826,1.75461
517,1.06607,1.05148,0.932054,0.675927,0.428028,0.229344,0.105387,0.00950512,4.4978
518,0.717457,0.707631,0.594436,0.364806,0.182285,0.0756736,0.0347469,0.00312747,2.68016
519,0.893983,0.881708,0.763352,0.51495,0.294857,0.142082,0.0651162,0.00583072,3.56188
520,1.13571,1.12008,1.00131,0.745801,0.490613,0.273739,0.125296,0.0111806,4.90373
521,1.22267,1.20582,1.03583,0.686998,0.39079,0.190815,0.0872436,0.00776171,4.82793
522,0.541542,0.53406,0.474226,0.345908,0.220736,0.118994,0.0542977,0.0048045,2.29457
523,1.55943,1.53786,1.3156,0.8653,0.492732,0.245162,0.111797,0.00987498,6.13776
524,0,0,0,0,0,0,0,0,0
525,0.398453,0.392925,0.334576,0.214263,0.113684,0.0502486,0.0228598,0.00200618,1.52902
526,0.0321327,0.0316854,0.0156117,0.000140807,0.00505404,0.0099352,0.00450932,0.000393229,0.0994624
527,0.538125,0.530627,0.428335,0.23243,0.097491,0.0334305,0.0151612,0.00131926,1.87692
528,0,0,0,0,0,0,0,0,0
529,1.02728,1.0129,0.844692,0.507285,0.24578,0.0984602,0.0445199,0.00384252,3.78476
530,0.609432,0.600887,0.493859,0.28401,0.129952,0.0492023,0.0222184,0.00191088,2.19147
531,0.23414,0.230852,0.182345,0.0919186,0.0339209,0.00966282,0.00435794,0.00037351,0.787571
532,0.408403,0.402663,0.343585,0.221143,0.11726,0.0509532,0.022965,0.00196479,1.56894
533,0.38576,0.380318,0.322248,0.203452,0.105856,0.0457679,0.0205751,0.00174806,1.46573
534,0,0,0,0,0,0,0,0,0
535,0.795746,0.784488,0.670198,0.436765,0.241178,0.112989,0.0506772,0.00427847,3.09632
536,0.601459,0.592938,0.533635,0.40648,0.275962,0.158602,0.0710746,0.00598664,2.64614
537,0.431479,0.42535,0.365847,0.242081,0.13461,0.062431,0.0279257,0.00234038,1.69206
538,0.311538,0.307106,0.252664,0.145623,0.0665625,0.0250047,0.01117,0.000932778,1.1206
539,0.93122,0.917949,0.802907,0.565059,0.350451,0.187072,0.0834558,0.0069437,3.84506
540,0.362146,0.356974,0.299735,0.184085,0.0920779,0.0380836,0.0169673,0.00140667,1.35147
541,0.776384,0.765277,0.648693,0.410421,0.214193,0.0927244,0.0412555,0.00340767,2.95236
542,0.994011,0.979765,0.862171,0.616291,0.387703,0.208401,0.0926094,0.00762396,4.14858
543,0,0,0,0,0,0,0,0,0
544,0.431168,0.424971,0.365311,0.241431,0.133965,0.0618518,0.0274277,0.002245,1.68837
545,0.601817,0.593146,0.533535,0.406113,0.275431,0.157767,0.069831,0.00568697,2.64333
546,0.894558,0.881645,0.762357,0.514132,0.294852,0.141754,0.0626598,0.00508455,3.55704
547,0.397499,0.391748,0.332963,0.212522,0.112241,0.0491019,0.0216673,0.00174998,1.51949
548,0,0,0,0,0,0,0,0,0
549,0.775097,0.763843,0.650362,0.420657,0.230561,0.107104,0.047145,0.00378211,2.99855
550,1.10952,1.09339,0.936402,0.622451,0.35869,0.175923,0.0773614,0.00618956,4.37992
551,0.810384,0.798578,0.684184,0.451484,0.254892,0.122357,0.0537186,0.004279,3.17988
552,0.352912,0.347762,0.290603,0.17582,0.085702,0.0340911,0.0149481,0.0011866,1.30302
553,0.481747,0.474707,0.414025,0.286525,0.169737,0.0838929,0.0367461,0.00290855,1.95029
554,0.491307,0.484115,0.423348,0.29545,0.177176,0.0887505,0.0388228,0.00306197,2.00203
555,0.712194,0.70175,0.608771,0.428304,0.273971,0.151764,0.066301,0.00521069,2.94826
556,0,0,0,0,0,0,0,0,0
557,0.62233,0.613171,0.494769,0.275143,0.123209,0.0455882,0.019862,0.0015495,2.19562
558,0,0,0,0,0,0,0,0,0
559,0.870809,0.857948,0.742294,0.505742,0.299208,0.150948,0.0655901,0.00507987,3.49762
560,0.964378,0.950108,0.828876,0.575072,0.342769,0.170823,0.0741252,0.00571966,3.91187
561,0.218957,0.215708,0.168822,0.0834201,0.0305456,0.00893656,0.00386977,0.000296912,0.730556
562,0.6255,0.616207,0.507665,0.295584,0.138223,0.0534369,0.0231127,0.00176775,2.2615
563,0.574882,0.566335,0.505651,0.376779,0.247912,0.136853,0.0591679,0.00452033,2.4721
564,0,0,0,0,0,0,0,0,0
565,0.804374,0.792362,0.674724,0.434936,0.234245,0.104918,0.0452136,0.00342381,3.0942
566,0.297739,0.293288,0.239311,0.134726,0.0594313,0.0212614,0.00915418,0.000691513,1.0556
567,0.85884,0.845966,0.726822,0.481904,0.270299,0.126522,0.0543636,0.00408392,3.3688
568,0.440939,0.434318,0.373887,0.248871,0.139551,0.0648143,0.0278141,0.00208232,1.73228
569,0.300454,0.295937,0.241767,0.13674,0.0608247,0.0220086,0.00943622,0.000704728,1.06787
570,0.863689,0.850679,0.730432,0.482687,0.268262,0.123557,0.0528911,0.0039331,3.37613
571,0.147949,0.145717,0.107736,0.0442818,0.0121053,0.00241551,0.00103284,7.65692e-05,0.461313
572,0,0,0,0,0,0,0,0,0
573,0.176419,0.173747,0.131667,0.058596,0.018129,0.00424774,0.0018111,0.000133225,0.56475
574,0.613426,0.604122,0.508301,0.324879,0.182219,0.0885215,0.0376945,0.00276322,2.36193
575,0.369755,0.364142,0.305912,0.188852,0.0951536,0.0393308,0.0167355,0.00122434,1.38111
576,0.230346,0.226841,0.178575,0.0899709,0.0338385,0.0101403,0.00430733,0.000313641,0.774333
577,0.291746,0.287299,0.23364,0.130377,0.0568836,0.0201113,0.00853102,0.000618881,1.02921
578,0.26462,0.26058,0.208849,0.111034,0.0447161,0.0142035,0.00601774,0.000435123,0.910455
579,0.495098,0.487525,0.426039,0.297435,0.178385,0.0887583,0.0375487,0.00270397,2.01349
580,0.94097,0.926547,0.806103,0.556943,0.331365,0.164234,0.0693633,0.00497265,3.8005
581,0.308695,0.303956,0.24897,0.142057,0.0638418,0.023195,0.00978405,0.000699036,1.1012
582,0.436819,0.430106,0.369436,0.244518,0.135952,0.0623178,0.0262681,0.00187316,1.70729
583,0,0,0,0,0,0,0,0,0
584,0,0,0,0,0,0,0,0,0
585,0.571883,0.563046,0.501605,0.372063,0.243225,0.13261,0.0556593,0.00392322,2.44401
586,0,0,0,0,0,0,0,0,0
587,2.06638,2.03433,1.74104,1.14787,0.64632,0.307163,0.128575,0.00899659,8.08067
588,0,0,0,0,0,0,0,0,0
589,0,0,0,0,0,0,0,0,0
590,0,0,0,0,0,0,0,0,0
591,0,0,0,0,0,0,0,0,0
592,1.25271,1.23312,1.06149,0.716303,0.419982,0.208696,0.0867943,0.0059672,4.98506
593,0,0,0,0,0,0,0,0,0
594,0.453232,0.446124,0.384828,0.258451,0.146763,0.0686592,0.0284823,0.00194476,1.78848
595,0,0,0,0,0,0,0,0,0
596,0.197674,0.194562,0.148989,0.067929,0.0208083,0.00427818,0.00176957,0.000119871,0.636129
597,0,0,0,0,0,0,0,0,0
598,0.709888,0.698674,0.582912,0.353194,0.173445,0.069408,0.0286267,0.00192411,2.61807
599,0,0,0,0,0,0,0,0,0
600,0,0,0,0,0,0,0,0,0
601,0.633607,0.623549,0.519968,0.320678,0.168089,0.0747846,0.0307218,0.00204274,2.37344
602,0.234707,0.230977,0.181957,0.0920834,0.0348049,0.0103916,0.00426591,0.000283108,0.78947
603,0.255252,0.251185,0.200229,0.105289,0.0422232,0.0135483,0.00554965,0.000366123,0.873643
604,0.903241,0.888834,0.765999,0.513679,0.291315,0.135886,0.0556127,0.00366019,3.55823
605,0.6529,0.642471,0.531141,0.31427,0.150709,0.0594146,0.0242905,0.00159413,2.37679
606,0.290213,0.285567,0.231601,0.128529,0.0556214,0.0193447,0.00789474,0.000515634,1.01929
607,0.312417,0.307411,0.251821,0.14417,0.0652075,0.0237749,0.0096944,0.000631703,1.11513
608,1.3648,1.34289,1.16963,0.821967,0.513973,0.275022,0.111955,0.00726198,5.6075
609,1.0938,1.07619,0.951535,0.691332,0.439146,0.230981,0.0938603,0.00605913,4.5829
610,0,0,0,0,0,0,0,0,0
611,0.93679,0.921682,0.799316,0.548411,0.323357,0.158269,0.0642006,0.00412468,3.75615
612,0,0,0,0,0,0,0,0,0
613,0,0,0,0,0,0,0,0,0
614,1.29668,1.27565,1.05136,0.61539,0.289075,0.110521,0.0446426,0.00283537,4.68616
615,0,0,0,0,0,0,0,0,0
616,1.01962,1.00303,0.832181,0.497551,0.241022,0.0952216,0.0383543,0.00241739,3.7294
617,0.898403,0.883775,0.760728,0.509179,0.288343,0.134064,0.0539656,0.00339553,3.53185
618,0.98917,0.973032,0.810027,0.49478,0.253338,0.10911,0.0438474,0.00274636,3.67605
619,0.646506,0.63594,0.523011,0.303623,0.140211,0.052216,0.0209558,0.00130782,2.32377
620,1.09954,1.08153,0.905142,0.555163,0.277534,0.112663,0.045148,0.0028063,4.07953
621,0.586913,0.577295,0.514874,0.384639,0.253965,0.138712,0.0555459,0.00344576,2.51539
622,0.524166,0.515551,0.452726,0.322342,0.198814,0.100894,0.0403034,0.00248368,2.15728
623,0.64503,0.634421,0.521809,0.30341,0.140718,0.0527061,0.021043,0.00129488,2.32043
624,0.374114,0.367955,0.308587,0.190441,0.0958876,0.039122,0.0156071,0.000958302,1.39267
625,0.634459,0.623988,0.494412,0.263417,0.115012,0.0428935,0.0170728,0.00104185,2.1923
626,0,0,0,0,0,0,0,0,0
627,1.01635,0.999529,0.831009,0.503306,0.251812,0.104601,0.0415429,0.00252005,3.75067
628,0.377176,0.370926,0.311338,0.192719,0.0974505,0.0399026,0.0158332,0.00095811,1.4063
629,0,0,0,0,0,0,0,0,0
630,0.354807,0.34891,0.290373,0.175046,0.0851998,0.0334352,0.0132332,0.000795253,1.3018
631,0.48823,0.480095,0.417296,0.288078,0.170089,0.082214,0.0324726,0.00194062,1.96041
632,0.389458,0.382959,0.322759,0.202469,0.10437,0.0436075,0.0172031,0.00102471,1.46385
633,0.766704,0.753895,0.635761,0.401183,0.210571,0.0906792,0.0357397,0.00212351,2.89666
634,1.01163,0.994698,0.824273,0.492562,0.239159,0.0946178,0.0372389,0.00220404,3.69638
635,1.09361,1.07528,0.901693,0.560403,0.289386,0.123219,0.0484171,0.00285305,4.09486
636,0.325092,0.319638,0.262781,0.152633,0.0705319,0.0261782,0.0102813,0.000605035,1.16774
637,0.361847,0.355761,0.296412,0.178964,0.0864304,0.0329353,0.0129056,0.000754774,1.32601
638,0,0,0,0,0,0,0,0,0
639,0.207688,0.204184,0.157793,0.0755177,0.026365,0.00716106,0.00279899,0.000162582,0.68167
640,0.669296,0.657984,0.55892,0.370589,0.218101,0.108862,0.0424894,0.00245846,2.6287
641,0,0,0,0,0,0,0,0,0
642,0.584041,0.574143,0.466654,0.263106,0.117972,0.0428975,0.0167067,0.000960964,2.06648
643,0.475609,0.467538,0.369276,0.190276,0.0749206,0.0236636,0.00920383,0.000527514,1.61101
644,0.231945,0.228004,0.178916,0.0899734,0.0338746,0.0100633,0.00391032,0.000223536,0.776911
645,0,0,0,0,0,0,0,0,0
646,0,0,0,0,0,0,0,0,0
647,0.607676,0.597301,0.489205,0.283539,0.133305,0.0515092,0.01993,0.00112621,2.18359
648,0.785161,0.771741,0.652738,0.416779,0.223053,0.0980876,0.0379236,0.00213862,2.98762
649,0.458851,0.450993,0.353087,0.176117,0.0651687,0.0187778,0.00724888,0.000407074,1.53065
650,0.142435,0.139992,0.102576,0.0415104,0.0112858,0.00228086,0.000879399,4.9218e-05,0.441009
651,0,0,0,0,0,0,0,0,0
652,0.222049,0.21823,0.17014,0.0839163,0.0307313,0.0088429,0.00340138,0.000189148,0.7375
653,0.69691,0.684896,0.57041,0.347928,0.175197,0.0723665,0.0277753,0.00153551,2.57702
654,0,0,0,0,0,0,0,0,0
655,0,0,0,0,0,0,0,0,0
656,0.41607,0.408873,0.347164,0.223385,0.119358,0.0515207,0.0197175,0.00108156,1.58717
657,0.414596,0.407407,0.345719,0.222103,0.118423,0.0509938,0.0194751,0.0010622,1.57978
658,0.390381,0.383599,0.322824,0.202119,0.103877,0.0429688,0.0163836,0.00088964,1.46304
659,0.321125,0.315539,0.258559,0.149005,0.0680724,0.0248034,0.00944758,0.00051158,1.14706
660,0.249797,0.245448,0.19423,0.100262,0.0389463,0.0117892,0.00448644,0.000242341,0.845202
661,0.951782,0.935185,0.767967,0.44789,0.210459,0.0798922,0.0303626,0.00163411,3.42517
662,0,0,0,0,0,0,0,0,0
663,0.648758,0.63741,0.523585,0.304766,0.141933,0.0530796,0.0201178,0.00107475,2.33072
664,0.665689,0.654026,0.540799,0.322818,0.157498,0.062646,0.0237099,0.00126179,2.42845
665,0.111352,0.109398,0.0775024,0.028354,0.00674017,0.00119679,0.000452523,2.40195e-05,0.33502
666,0.818157,0.803787,0.682552,0.441805,0.240718,0.107244,0.0405077,0.00214395,3.13691
667,0.229715,0.225671,0.176328,0.087372,0.0317677,0.00879763,0.00331666,0.000174634,0.763142
668,0,0,0,0,0,0,0,0,0
669,0.755887,0.742545,0.626893,0.401399,0.218655,0.0987455,0.0371382,0.00194286,2.8832
670,0.732146,0.719208,0.577487,0.32102,0.148079,0.0579071,0.0217612,0.00113592,2.57874
671,0.212365,0.208603,0.161414,0.0779053,0.0276345,0.00763212,0.00286151,0.000148435,0.698564
672,0.700342,0.687928,0.577442,0.365288,0.197643,0.0891846,0.0334161,0.0017303,2.65297
673,0.431457,0.4238,0.361203,0.235597,0.128336,0.0563243,0.0210809,0.00108835,1.65889
674,0.550769,0.540978,0.435067,0.238007,0.102147,0.035151,0.0131373,0.000675594,1.91593
675,0.249358,0.244916,0.193642,0.0999644,0.03899,0.0119009,0.0044401,0.000227258,0.843438
676,0,0,0,0,0,0,0,0,0
677,0.29383,0.288583,0.233344,0.129255,0.0558168,0.0190587,0.00709491,0.00036096,1.02734
678,0,0,0,0,0,0,0,0,0
679,0,0,0,0,0,0,0,0,0
680,0,0,0,0,0,0,0,0,0
681,1.74585,1.7145,1.42639,0.869932,0.43811,0.179775,0.0665948,0.00334291,6.44449
682,0.313101,0.307469,0.250702,0.142621,0.0639914,0.0227565,0.00841674,0.000420725,1.10948
683,0.212039,0.20822,0.160981,0.0776085,0.0275169,0.00759089,0.00280462,0.000139793,0.696901
684,0.507906,0.498748,0.434311,0.303182,0.181835,0.0882441,0.0325711,0.00161905,2.04842
685,0.986325,0.968504,0.772298,0.415032,0.17614,0.0604011,0.0222528,0.00110056,3.40205
686,0,0,0,0,0,0,0,0,0
687,0.743683,0.730213,0.580943,0.308967,0.12828,0.0426377,0.015677,0.000771114,2.55117
688,0.298022,0.292613,0.23689,0.131879,0.0573756,0.0197062,0.0072316,0.000353842,1.04407
689,0.422973,0.415288,0.352608,0.227661,0.122221,0.0525947,0.0192839,0.000941322,1.61357
690,0.634494,0.622949,0.509149,0.292517,0.13364,0.0486073,0.0177978,0.000865589,2.26002
691,0.42318,0.415464,0.352722,0.227725,0.122249,0.0525741,0.0192146,0.000929778,1.61406
692,0.388657,0.381561,0.320154,0.199247,0.101439,0.041136,0.0150166,0.000724333,1.44794
693,0.35139,0.344965,0.28549,0.170262,0.081623,0.0310395,0.0113153,0.000543753,1.27663
694,0,0,0,0,0,0,0,0,0
695,0.455201,0.446855,0.348247,0.171837,0.0622644,0.0171241,0.00622748,0.0002973,1.50805
696,0.275091,0.270043,0.216127,0.116191,0.0480918,0.0156194,0.00567548,0.000270323,0.947109
697,0,0,0,0,0,0,0,0,0
698,0.492876,0.483806,0.381661,0.196405,0.0765895,0.0233939,0.00848027,0.000401314,1.66361
699,0.571099,0.560574,0.454098,0.256112,0.116208,0.0427412,0.015473,0.000729584,2.01704
700,0,0,0,0,0,0,0,0,0
701,0.411574,0.403965,0.341445,0.217657,0.114767,0.0483126,0.0174406,0.000816046,1.55598
702,0.775461,0.761104,0.623904,0.375384,0.195993,0.0864546,0.0311612,0.00145188,2.85091
703,0.960197,0.942401,0.771687,0.447434,0.208027,0.0772178,0.0278137,0.00129359,3.43607
704,1.73869,1.70643,1.38894,0.795244,0.366544,0.135356,0.0486998,0.00225799,6.18216
705,0.626515,0.614874,0.501113,0.285721,0.129054,0.0461654,0.0165883,0.000766401,2.2208
706,1.11361,1.09289,0.915746,0.572544,0.298458,0.126026,0.0452376,0.00208421,4.1666
707,0.973993,0.955842,0.782596,0.452635,0.208482,0.0760553,0.0272584,0.00125061,3.47811
708,0,0,0,0,0,0,0,0,0
709,0,0,0,0,0,0,0,0,0
710,0,0,0,0,0,0,0,0,0
711,0,0,0,0,0,0,0,0,0
712,0.1725,0.169261,0.126767,0.0552685,0.0167001,0.00372309,0.00132522,5.96711e-05,0.545604
713,0.430569,0.422471,0.330049,0.167192,0.0656144,0.0206826,0.00735027,0.00032954,1.44426
714,0.560366,0.549818,0.441664,0.241485,0.103312,0.0350137,0.0124353,0.000556535,1.94465
715,0.57186,0.561084,0.451265,0.247143,0.105394,0.0353489,0.012542,0.000559818,1.9852
716,0.234163,0.229745,0.179659,0.0900617,0.033775,0.00983093,0.00348395,0.000155006,0.780874
717,0.303949,0.298202,0.241598,0.135235,0.0593067,0.0204117,0.00721898,0.00031941,1.06624
718,0.317054,0.311053,0.230426,0.0973649,0.0283409,0.0061417,0.00217013,9.57783e-05,0.992647
719,0,0,0,0,0,0,0,0,0
720,0,0,0,0,0,0,0,0,0
721,0.425316,0.417229,0.353746,0.228131,0.122253,0.0520894,0.0183273,0.000799534,1.61789
722,0.481028,0.471877,0.370298,0.18783,0.071665,0.0212249,0.00746433,0.000325218,1.61171
723,0.27457,0.269334,0.21508,0.115118,0.047294,0.0151067,0.00530113,0.0002296,0.942034
724,0.27073,0.265565,0.211702,0.112758,0.0460864,0.0146851,0.0051518,0.000222965,0.926901
725,0,0,0,0,0,0,0,0,0
726,0,0,0,0,0,0,0,0,0
727,0.698157,0.684784,0.565279,0.335915,0.160589,0.0605872,0.0211732,0.000906755,2.52739
728,0,0,0,0,0,0,0,0,0
729,0.486992,0.477633,0.375882,0.192825,0.0750192,0.0227483,0.00792595,0.000336662,1.63936
730,0.269817,0.264625,0.210755,0.111984,0.0455911,0.0144322,0.00502298,0.000212722,0.922439
731,0.239758,0.235138,0.184268,0.0931251,0.0353141,0.0103566,0.00359916,0.000151805,0.801711
732,1.19635,1.17327,0.955865,0.550371,0.256014,0.095117,0.0330134,0.00138762,4.26138
733,1.85365,1.81785,1.4939,0.889245,0.440002,0.177453,0.061543,0.00258131,6.73622
734,0.236858,0.232277,0.181656,0.0912073,0.0342084,0.00987699,0.00342032,0.000142871,0.789647
735,0,0,0,0,0,0,0,0,0
736,0.407208,0.399312,0.336114,0.212057,0.109804,0.0446756,0.0154353,0.000640721,1.52525
737,0.494316,0.48471,0.381483,0.19568,0.0759582,0.0228771,0.0078884,0.000325685,1.66324
738,0,0,0,0,0,0,0,0,0
739,0.467199,0.458102,0.357582,0.178684,0.0667175,0.019223,0.00661584,0.000271733,1.5544
740,1.13739,1.11522,0.937281,0.595264,0.318899,0.137984,0.0474339,0.0019421,4.29141
741,0.520262,0.510109,0.407824,0.2224,0.0967638,0.0338354,0.0116197,0.000474439,1.80329
742,0.438968,0.43038,0.365959,0.238682,0.129992,0.0560909,0.0192185,0.000779785,1.68007
743,0,0,0,0,0,0,0,0,0
744,0,0,0,0,0,0,0,0,0
745,0.115169,0.112909,0.0799105,0.0293696,0.00701207,0.0012222,0.000417546,1.68075e-05,0.346026
746,0.836412,0.819967,0.655284,0.35241,0.145752,0.0465966,0.0158902,0.000636466,2.87295
747,0.0203289,0.0199286,0.00954752,0.000299044,0.000682377,0.00100469,0.000342137,1.36517e-05,0.0521469
748,0.590848,0.579201,0.466656,0.257673,0.110956,0.0372155,0.0126603,0.000503744,2.05571
749,0,0,0,0,0,0,0,0,0
750,0,0,0,0,0,0,0,0,0
751,0.817849,0.801663,0.630815,0.335437,0.148015,0.0548639,0.0185914,0.000731881,2.80797
752,0.759348,0.744304,0.588296,0.30702,0.122825,0.0383099,0.0129718,0.000509565,2.57358
753,0.519054,0.508761,0.403541,0.213063,0.0868237,0.027698,0.00936894,0.000367002,1.76868
754,0.67,0.656687,0.538394,0.314404,0.147002,0.0539826,0.0182256,0.000710284,2.39941
755,0.355201,0.348134,0.287354,0.171081,0.0818483,0.0306236,0.0103255,0.000400947,1.28497
756,0,0,0,0,0,0,0,0,0
757,0.437308,0.428591,0.363899,0.236586,0.128256,0.0548714,0.0184695,0.000713835,1.6687
758,0.795861,0.77997,0.619517,0.328058,0.133585,0.0422618,0.0142021,0.000546467,2.714
759,0.529276,0.518695,0.411577,0.217128,0.0878115,0.0275374,0.00924283,0.000354474,1.80162
760,0.151067,0.148042,0.10194,0.0347123,0.00698053,0.00073651,0.00024684,9.42817e-06,0.443734
761,0.21432,0.210021,0.161752,0.0776752,0.0273792,0.00736252,0.00246364,9.36929e-05,0.701067
762,0,0,0,0,0,0,0,0,0
763,0.317992,0.311603,0.25323,0.143761,0.0642971,0.0223442,0.00746392,0.000282517,1.12097
764,0.769545,0.754061,0.597103,0.314343,0.127973,0.0408472,0.0136257,0.000513779,2.61801
765,0.111778,0.109525,0.0771379,0.0280251,0.00661918,0.00114744,0.000382104,1.43405e-05,0.334629
766,0.385353,0.377583,0.314931,0.193901,0.0973115,0.0382498,0.0127334,0.000477475,1.42054
767,0.195105,0.191164,0.131155,0.0426907,0.00755725,0.000630728,0.000209633,7.82627e-06,0.56852
768,0.803615,0.787361,0.629627,0.344067,0.149994,0.0523781,0.0173861,0.000646762,2.78508
769,0.172345,0.168854,0.126167,0.0551755,0.017019,0.00395381,0.00131048,4.85532e-05,0.544874
770,0,0,0,0,0,0,0,0,0
771,0.516107,0.505626,0.399041,0.206782,0.0809519,0.0241591,0.00798716,0.000293876,1.74095
772,0.300335,0.29423,0.23705,0.131025,0.0562764,0.0185992,0.00614345,0.000225476,1.04388
773,0.494786,0.484718,0.381612,0.197273,0.0779073,0.0237972,0.00785282,0.000287453,1.66823
774,0.177348,0.173731,0.130259,0.057595,0.0180285,0.00424254,0.00139682,5.08139e-05,0.562652
775,0.278164,0.272484,0.217249,0.116358,0.0478971,0.0151717,0.00498981,0.000180988,0.952494
776,0.294559,0.288543,0.231865,0.127282,0.05429,0.0178839,0.00587956,0.000213033,1.02052
777,0,0,0,0,0,0,0,0,0
778,0.692006,0.677834,0.557692,0.330391,0.158057,0.0593372,0.0194589,0.000700209,2.49548
779,0.714866,0.700196,0.579197,0.349498,0.172226,0.066977,0.0219207,0.000784502,2.60567
780,0.41239,0.40392,0.339671,0.214809,0.111902,0.0455725,0.0149029,0.000532135,1.5437
781,0.313382,0.306938,0.248639,0.140008,0.0618912,0.0211455,0.00690691,0.000245843,1.09916
782,0.182311,0.178555,0.134255,0.0598689,0.0188966,0.00444825,0.00145036,5.13694e-05,0.579836
783,0,0,0,0,0,0,0,0,0
784,0,0,0,0,0,0,0,0,0
785,0.555147,0.543675,0.416563,0.200503,0.0729706,0.0206231,0.00670266,0.000235318,1.81642
786,0.212999,0.208588,0.159994,0.0757323,0.0257483,0.00642016,0.00208253,7.27229e-05,0.691636
787,0.198818,0.194696,0.148151,0.0686929,0.0230186,0.00581788,0.0018849,6.56039e-05,0.641146
788,0,0,0,0,0,0,0,0,0
789,0.225028,0.220354,0.170522,0.0833448,0.0301168,0.00826116,0.00267173,9.2537e-05,0.740391
790,0.174431,0.170802,0.127606,0.0558469,0.0171843,0.00393631,0.00127117,4.38507e-05,0.551122
791,0.228056,0.22331,0.173091,0.0850242,0.0309179,0.00852305,0.00275091,9.47554e-05,0.751767
792,0.583444,0.571282,0.460309,0.257103,0.114373,0.040057,0.0129112,0.000443067,2.03992
793,0,0,0,0,0,0,0,0,0
794,0.303109,0.296774,0.218435,0.0917622,0.0269187,0.00590588,0.00189855,6.46787e-05,0.944867
795,0.2795,0.273651,0.218034,0.11677,0.0480592,0.0151488,0.00486301,0.000165029,0.956191
796,0.495761,0.485368,0.385213,0.207213,0.0889676,0.0303891,0.00973836,0.000328894,1.70298
797,0.296541,0.290317,0.233164,0.128061,0.0546589,0.0179246,0.00573727,0.000193138,1.0266
798,0.252549,0.247243,0.194221,0.099528,0.0384277,0.0112753,0.00360497,0.000120986,0.84697
799,0,0,0,0,0,0,0,0,0
800,0.891656,0.872877,0.678985,0.341112,0.131351,0.0395565,0.0126183,0.000420834,2.96858
801,0.615332,0.602357,0.486365,0.271924,0.119248,0.0402997,0.0128378,0.000426548,2.14879
802,0.35334,0.345876,0.284391,0.168121,0.0796372,0.0291617,0.00927488,0.000306812,1.27011
803,0.779991,0.763507,0.603035,0.315316,0.126196,0.0388136,0.0123391,0.000407672,2.6396
804,0.432111,0.422964,0.326114,0.158519,0.0574713,0.0159862,0.00507337,0.000166824,1.41841
805,0,0,0,0,0,0,0,0,0
806,0,0,0,0,0,0,0,0,0
807,0.15077,0.147566,0.107751,0.0437613,0.0118716,0.00226904,0.000717351,2.33409e-05,0.464731
808,0.192292,0.188201,0.142117,0.0641754,0.020354,0.00466011,0.0014718,4.77564e-05,0.613319
809,0.916396,0.896879,0.727239,0.415826,0.192233,0.0703341,0.0221861,0.000717434,3.24181
810,0,0,0,0,0,0,0,0,0
811,0,0,0,0,0,0,0,0,0
812,0.211825,0.207296,0.158835,0.0754348,0.0261438,0.00680688,0.00213874,6.84174e-05,0.688548
813,0.670743,0.656392,0.538481,0.318915,0.154306,0.058864,0.0184809,0.000589936,2.41677
814,0.283846,0.277768,0.221513,0.119212,0.0494279,0.0156483,0.00490896,0.00015635,0.97248
815,0,0,0,0,0,0,0,0,0
816,0,0,0,0,0,0,0,0,0
817,0.296596,0.290222,0.232784,0.127575,0.0542637,0.0176381,0.00551379,0.000173925,1.02477
818,0.52151,0.510282,0.402666,0.210213,0.0838912,0.0256221,0.00799475,0.000250891,1.76243
819,0,0,0,0,0,0,0,0,0
820,0.994274,0.972813,0.792852,0.457609,0.210421,0.0747329,0.0232556,0.000724385,3.52668
821,0.325126,0.318104,0.258288,0.147105,0.0660849,0.022757,0.00707734,0.000220084,1.14476
822,0,0,0,0,0,0,0,0,0
823,0.771617,0.754902,0.595205,0.310622,0.124341,0.0381696,0.0118342,0.000364905,2.60706
824,0.194123,0.189912,0.143664,0.065632,0.0215072,0.00524906,0.00162507,4.99086e-05,0.621762
825,0,0,0,0,0,0,0,0,0
826,0.312208,0.305423,0.225921,0.0972514,0.0300028,0.0070502,0.00217887,6.65931e-05,0.980102
827,0,0,0,0,0,0,0,0,0
828,0.470169,0.459929,0.357361,0.177781,0.0660695,0.0185832,0.00573005,0.000174027,1.5558
829,0.325468,0.318366,0.258387,0.147084,0.0660187,0.0226635,0.00697537,0.000210779,1.14517
830,0,0,0,0,0,0,0,0,0
831,0,0,0,0,0,0,0,0,0
832,0.5167,0.50539,0.378061,0.16812,0.0540143,0.0132584,0.00406751,0.000121816,1.63973
833,0.288609,0.282285,0.225329,0.121852,0.0508522,0.01613,0.00494324,0.000147612,0.990148
834,0,0,0,0,0,0,0,0,0
835,0.794945,0.77748,0.613885,0.321438,0.128608,0.0391495,0.0119629,0.000354363,2.68782
836,0,0,0,0,0,0,0,0,0
837,0.181218,0.177226,0.132585,0.0584469,0.01805,0.00405378,0.00123546,3.63307e-05,0.572852
838,0.666592,0.651899,0.502749,0.244914,0.0886052,0.0242367,0.00738253,0.000216771,2.1866
839,0,0,0,0,0,0,0,0,0
840,0,0,0,0,0,0,0,0,0
841,0,0,0,0,0,0,0,0,0
842,0.202846,0.198354,0.150813,0.0701628,0.0236455,0.00594686,0.00180277,5.22382e-05,0.653623
843,0.531708,0.519918,0.397645,0.194128,0.0745187,0.0227889,0.00689858,0.000199114,1.7478
844,0.127304,0.124479,0.0887951,0.0338651,0.00859261,0.00158731,0.000480001,1.3814e-05,0.385117
845,0,0,0,0,0,0,0,0,0
846,0,0,0,0,0,0,0,0,0
847,0.229342,0.224233,0.173282,0.0848129,0.0306827,0.00830033,0.00250019,7.11768e-05,0.753224
848,0.396849,0.387995,0.300027,0.150773,0.0594513,0.018387,0.00552935,0.000156696,1.31917
849,0,0,0,0,0,0,0,0,0
850,0.268298,0.262301,0.207073,0.108386,0.0431921,0.012989,0.0038992,0.000109962,0.906249
851,0,0,0,0,0,0,0,0,0
852,0,0,0,0,0,0,0,0,0
853,0.300503,0.293763,0.235469,0.129264,0.0551101,0.017804,0.00532517,0.000148667,1.03739
854,0.231618,0.226416,0.175136,0.0860533,0.0313241,0.0085267,0.00254689,7.0838e-05,0.761693
855,0.375967,0.367515,0.276566,0.124944,0.040525,0.00979367,0.00292213,8.10295e-05,1.19831
856,0,0,0,0,0,0,0,0,0
857,0,0,0,0,0,0,0,0,0
858,0,0,0,0,0,0,0,0,0
859,0.816706,0.798263,0.634428,0.342238,0.145456,0.0480615,0.0142728,0.000390652,2.79982
860,0.534983,0.52288,0.414813,0.222574,0.0937561,0.030541,0.00905177,0.00024639,1.82885
861,0.775878,0.758312,0.598087,0.314735,0.12865,0.0405158,0.0119988,0.000325904,2.6285
862,0,0,0,0,0,0,0,0,0
863,0.15701,0.153446,0.112505,0.0468519,0.0134921,0.00285168,0.000842274,2.27083e-05,0.487021
864,0.417402,0.40792,0.341691,0.215354,0.111702,0.0444371,0.0131142,0.000352768,1.55197
865,0.46967,0.458989,0.355491,0.175608,0.0644543,0.0176739,0.00521012,0.000139719,1.54724
866,0,0,0,0,0,0,0,0,0
867,0.151137,0.147692,0.107668,0.0440267,0.0123209,0.00251089,0.000738351,1.9664e-05,0.466114
868,0.495996,0.484677,0.380492,0.197824,0.0797289,0.0247264,0.0072621,0.000192747,1.6709
869,0,0,0,0,0,0,0,0,0
870,0.316103,0.308873,0.227714,0.0972132,0.0295005,0.00672363,0.00196965,5.19056e-05,0.988149
871,0.864811,0.845004,0.676642,0.37432,0.165054,0.0566296,0.0165673,0.000434985,2.99946
872,0.834556,0.815421,0.646652,0.344641,0.141542,0.0440002,0.0128592,0.000336661,2.84001
873,0.245888,0.240245,0.187137,0.0941799,0.0355032,0.0100079,0.00292204,7.62965e-05,0.81596
874,0.396292,0.387189,0.292917,0.134677,0.0446945,0.0109948,0.00320671,8.34791e-05,1.27005
875,0.51158,0.499812,0.369633,0.157438,0.0458621,0.00940969,0.00274015,7.10261e-05,1.59655
876,0.146562,0.143189,0.103015,0.0394382,0.00902401,0.00109849,0.000319686,8.27204e-06,0.442655
877,0.243314,0.237707,0.18485,0.0925869,0.0346721,0.00969816,0.00281892,7.26913e-05,0.80572
878,0.283163,0.276628,0.219586,0.117262,0.0480881,0.0148224,0.00430141,0.000110424,0.963962
879,0,0,0,0,0,0,0,0,0
880,0.676691,0.661036,0.535734,0.309554,0.143235,0.0499919,0.0144705,0.000368849,2.39108
881,0.191275,0.186843,0.140533,0.0634466,0.0204587,0.0048487,0.0014013,3.5564e-05,0.608841
882,0.149871,0.146395,0.106506,0.0433649,0.0120792,0.00244688,0.00070632,1.78667e-05,0.461387
883,0.806762,0.788039,0.621214,0.325024,0.129688,0.0388502,0.0112066,0.00028292,2.72107
884,0.14997,0.146486,0.106411,0.042946,0.011633,0.00221666,0.000638772,1.60814e-05,0.460316
885,0,0,0,0,0,0,0,0,0
886,0.418138,0.4084,0.311047,0.146273,0.05017,0.012767,0.00366894,9.16633e-05,1.35056
887,0,0,0,0,0,0,0,0,0
888,0.526305,0.514023,0.404369,0.210689,0.083935,0.0252024,0.00722792,0.000179562,1.77193
889,0.369544,0.360911,0.29685,0.177233,0.0851422,0.0310197,0.00888456,0.000219906,1.3298
890,0.193336,0.188813,0.142168,0.06449,0.0209727,0.00502202,0.00143654,3.5429e-05,0.616273
891,0.481051,0.469785,0.366478,0.187144,0.0734214,0.0219797,0.00627761,0.000154164,1.60629
892,0.221038,0.215859,0.165507,0.0794504,0.0280019,0.0073085,0.00208655,5.1184e-05,0.719302
893,0.202949,0.198187,0.150187,0.0695218,0.0232682,0.00574243,0.00163705,3.99951e-05,0.651533
894,0.302958,0.29584,0.23674,0.129836,0.0552714,0.0176537,0.00502477,0.000122221,1.04345
895,0.342127,0.334078,0.271784,0.156915,0.0718519,0.0248121,0.00705302,0.00017093,1.20879
896,0,0,0,0,0,0,0,0,0
897,0.467712,0.456685,0.336397,0.143996,0.0440177,0.0100424,0.00284781,6.85582e-05,1.46177
898,0.349404,0.341156,0.253318,0.110196,0.0338192,0.00760822,0.00215459,5.1673e-05,1.09771
899,0.422786,0.412798,0.316351,0.153053,0.0556711,0.0153526,0.00434462,0.000103986,1.38046
900,0.593995,0.579945,0.463455,0.253905,0.108619,0.0350994,0.00991867,0.000236462,2.04517
901,0,0,0,0,0,0,0,0,0
902,0,0,0,0,0,0,0,0,0
903,0.187265,0.18282,0.136931,0.0611826,0.0194686,0.0045376,0.00127749,3.01392e-05,0.593512
904,0,0,0,0,0,0,0,0,0
905,0.704693,0.687936,0.515478,0.233543,0.0781883,0.0200115,0.00562264,0.000131913,2.2456
906,0,0,0,0,0,0,0,0,0
907,0.54567,0.532669,0.408346,0.200974,0.0764935,0.0222701,0.00624381,0.000145611,1.79281
908,0.228127,0.222687,0.171266,0.0831038,0.0296963,0.00781675,0.00218925,5.09048e-05,0.744938
909,0.421722,0.411649,0.3167,0.156184,0.0590853,0.0171203,0.00478747,0.000110837,1.38736
910,0.226927,0.221499,0.154972,0.0560524,0.0131788,0.00219615,0.000612997,1.4119e-05,0.675452
911,0,0,0,0,0,0,0,0,0
912,0,0,0,0,0,0,0,0,0
913,0,0,0,0,0,0,0,0,0
914,0.0808381,0.0788978,0.0523866,0.0158606,0.00273367,0.000285795,7.94794e-05,1.81193e-06,0.231084
915,0.346852,0.338517,0.275552,0.159699,0.0735318,0.0254326,0.00706296,0.000160392,1.22681
916,0.413496,0.403541,0.306123,0.142523,0.0480943,0.011907,0.00330016,7.45272e-05,1.32906
917,0.479364,0.467819,0.362471,0.180485,0.0671946,0.0185322,0.00513408,0.000115795,1.58112
918,0.126018,0.122979,0.0871806,0.0328705,0.00821398,0.00146993,0.000406731,9.14258e-06,0.379148
919,0.103852,0.101345,0.0698822,0.0240951,0.00523883,0.00078811,0.000217733,4.87304e-06,0.305424
920,0.374072,0.365032,0.273115,0.121715,0.0383577,0.00867466,0.00239386,5.34078e-05,1.18341
921,0,0,0,0,0,0,0,0,0
922,0,0,0,0,0,0,0,0,0
923,0.277207,0.270488,0.213436,0.112384,0.0451507,0.0134593,0.00370217,8.18471e-05,0.935909
924,0,0,0,0,0,0,0,0,0
925,0.464398,0.453116,0.330328,0.136054,0.0386072,0.00792484,0.00217466,4.77583e-05,1.43265
926,0.156881,0.153064,0.111698,0.0460868,0.0130501,0.00265148,0.000726379,1.58777e-05,0.484174
927,0.259551,0.25323,0.197855,0.100904,0.0385138,0.0107369,0.00293821,6.40302e-05,0.863793
928,0,0,0,0,0,0,0,0,0
929,0,0,0,0,0,0,0,0,0
930,0.47691,0.465257,0.360021,0.17885,0.0664319,0.0182606,0.00497855,0.000107367,1.57082
931,0,0,0,0,0,0,0,0,0
932,0.512956,0.500396,0.396367,0.215457,0.0942537,0.0318596,0.00866654,0.000185723,1.76014
933,0,0,0,0,0,0,0,0,0
934,0.121157,0.118186,0.0832159,0.0307387,0.00743413,0.00127117,0.000345215,7.36355e-06,0.362356
935,0,0,0,0,0,0,0,0,0
936,0,0,0,0,0,0,0,0,0
937,0.135761,0.132421,0.0947103,0.0367811,0.00958558,0.00178685,0.000483366,1.01979e-05,0.41154
938,0.236458,0.230632,0.17791,0.0874537,0.0318802,0.00853639,0.00230557,4.84281e-05,0.775224
939,0,0,0,0,0,0,0,0,0
940,0.415658,0.4054,0.307244,0.142966,0.0482111,0.0118681,0.00319953,6.68583e-05,1.33461
941,0.0994553,0.0969969,0.0664239,0.0224968,0.00479168,0.000708273,0.000190615,3.96392e-06,0.291067
942,0.218413,0.213011,0.162465,0.0770607,0.0266308,0.00669463,0.0018007,3.73881e-05,0.706114
943,0.44883,0.437717,0.337632,0.167684,0.0634696,0.0181005,0.00486192,0.000100559,1.4784
944,0.571389,0.557228,0.441511,0.236491,0.0978943,0.0302073,0.00810644,0.000167234,1.94299
945,0,0,0,0,0,0,0,0,0
946,0,0,0,0,0,0,0,0,0
947,0.231467,0.225713,0.173509,0.0844421,0.0303462,0.00798506,0.00213499,4.359e-05,0.755641
948,0.377074,0.367687,0.275725,0.124698,0.0407582,0.00983636,0.00262549,5.33484e-05,1.19846
949,0.460596,0.449119,0.351135,0.18408,0.0768163,0.0246353,0.00657085,0.000133246,1.55309
950,0,0,0,0,0,0,0,0,0
951,0.209987,0.204743,0.155276,0.072496,0.0245713,0.00606892,0.0016143,3.24841e-05,0.674789
952,0.0659552,0.0643068,0.0416099,0.0118254,0.00196277,0.000221204,5.87936e-05,1.1805e-06,0.185941
953,0.266243,0.259581,0.185243,0.0717136,0.0187061,0.00350046,0.000928981,1.85739e-05,0.805935
954,0.173572,0.169226,0.124913,0.0534862,0.0158856,0.0033437,0.000886849,1.77016e-05,0.541331
955,0,0,0,0,0,0,0,0,0
956,0.405356,0.395183,0.301454,0.14548,0.053365,0.0147939,0.00391406,7.75814e-05,1.31962
957,0,0,0,0,0,0,0,0,0
958,0.224094,0.218459,0.167069,0.0800985,0.0281738,0.00722381,0.00190694,3.756e-05,0.727063
959,0,0,0,0,0,0,0,0,0
960,0,0,0,0,0,0,0,0,0
961,0,0,0,0,0,0,0,0,0
962,0,0,0,0,0,0,0,0,0
963,0.368205,0.358897,0.268576,0.121338,0.0399652,0.00975415,0.00255849,4.94939e-05,1.16934
964,0,0,0,0,0,0,0,0,0
965,0.103736,0.101109,0.0695798,0.0240335,0.00530146,0.00082028,0.000214748,4.132e-06,0.304798
966,0.394751,0.384741,0.292339,0.139579,0.050482,0.0137672,0.00359907,6.89721e-05,1.27933
967,0,0,0,0,0,0,0,0,0
968,0,0,0,0,0,0,0,0,0
969,1.03964,1.01319,0.774689,0.376641,0.139242,0.0387585,0.0100968,0.000191579,3.39245
970,0.113273,0.110389,0.0768699,0.0275741,0.00642838,0.00105746,0.000275197,5.207e-06,0.335872
971,0,0,0,0,0,0,0,0,0
972,0.372403,0.362903,0.271296,0.12199,0.0396802,0.00947002,0.00245878,4.62174e-05,1.18025
973,0.386045,0.376188,0.269779,0.107502,0.029854,0.00604488,0.00156758,2.93649e-05,1.17701
974,0,0,0,0,0,0,0,0,0
975,0.38766,0.377739,0.29156,0.148544,0.060024,0.0184204,0.00476467,8.8614e-05,1.2888
976,0,0,0,0,0,0,0,0,0
977,0,0,0,0,0,0,0,0,0
978,0.13476,0.1313,0.0839789,0.0223253,0.00320729,0.000548475,0.000141322,2.59974e-06,0.376264
979,0.486732,0.474224,0.347083,0.145809,0.0427718,0.00904882,0.00232928,4.27316e-05,1.50804
980,0,0,0,0,0,0,0,0,0
981,0,0,0,0,0,0,0,0,0
982,0,0,0,0,0,0,0,0,0
983,0.435608,0.42437,0.322747,0.152489,0.0525364,0.0130971,0.00335643,6.08073e-05,1.40426
984,0.229574,0.223648,0.1713,0.0827354,0.0294026,0.00757502,0.00193977,3.50652e-05,0.74621
985,0,0,0,0,0,0,0,0,0
986,0.472339,0.460113,0.353979,0.173589,0.0632382,0.0167935,0.00428704,7.6818e-05,1.54442
987,0,0,0,0,0,0,0,0,0
988,0.18622,0.18139,0.134971,0.0595912,0.0186259,0.00416874,0.00106167,1.88964e-05,0.586047
989,0.0782486,0.0762168,0.0503786,0.0153812,0.00284173,0.000360021,9.15698e-05,1.62389e-06,0.22352
990,0,0,0,0,0,0,0,0,0
991,0.158635,0.15451,0.112483,0.0464282,0.0132066,0.00267616,0.000679526,1.19933e-05,0.48863
992,1.03707,1.01007,0.799037,0.436143,0.193205,0.0660049,0.016732,0.000293922,3.55855
993,0,0,0,0,0,0,0,0,0
994,0,0,0,0,0,0,0,0,0
995,0.185685,0.180839,0.122401,0.0402458,0.00825266,0.00117141,0.000296126,5.16127e-06,0.538897
996,0.311889,0.30374,0.210673,0.0758852,0.0184175,0.00327715,0.000827415,1.43704e-05,0.924723
997,0,0,0,0,0,0,0,0,0
998,0.113846,0.110864,0.0701724,0.0186999,0.00283027,0.000288714,7.26741e-05,1.2514e-06,0.316775
999,0,0,0,0,0,0,0,0,0
1000,0.287694,0.280145,0.22102,0.117236,0.0475773,0.0140758,0.00353573,6.05247e-05,0.971344
1001,0.0246678,0.0240197,0.0128755,0.00165438,6.95332e-06,3.50041e-05,8.78022e-06,1.49692e-07,0.0632683
1002,0.183748,0.178917,0.120561,0.0389346,0.00764801,0.000994858,0.000249389,4.24426e-06,0.531057
1003,0,0,0,0,0,0,0,0,0
1004,0.357769,0.348348,0.262392,0.123287,0.0440726,0.0118167,0.00295631,5.003e-05,1.15069
1005,0.236282,0.230052,0.161996,0.0610262,0.0156292,0.00289517,0.000723301,1.21919e-05,0.708616
1006,0,0,0,0,0,0,0,0,0
1007,0.063776,0.062092,0.039846,0.0110982,0.00178998,0.00019323,4.81857e-05,8.07976e-07,0.178844
1008,0.251004,0.244366,0.189159,0.0946722,0.0354087,0.00959309,0.00238766,3.98194e-05,0.826631
1009,0.459396,0.447235,0.341967,0.16468,0.0582329,0.0148142,0.0036834,6.12508e-05,1.49007
1010,0.515021,0.501374,0.365246,0.154409,0.0469279,0.0104245,0.00258855,4.28849e-05,1.59603
1011,0.16808,0.16362,0.119868,0.0505306,0.0147805,0.00306084,0.000759019,1.25263e-05,0.520711
1012,0.12799,0.124591,0.0879606,0.0330732,0.00824062,0.00144107,0.000356895,5.86848e-06,0.383659
1013,0.302864,0.294817,0.216253,0.0933576,0.0294912,0.00691841,0.00171239,2.81095e-05,0.945443
1014,0.174829,0.17018,0.125338,0.0537493,0.0161271,0.00343724,0.000849865,1.39093e-05,0.544524
1015,0.184857,0.179938,0.133545,0.0586755,0.0182423,0.00404682,0.0009998,1.63268e-05,0.580321
1016,0.264535,0.257485,0.18502,0.0747804,0.0214036,0.00448533,0.00110609,1.79677e-05,0.808833
1017,0,0,0,0,0,0,0,0,0
1018,0.216805,0.211016,0.160008,0.0751788,0.0257032,0.00630772,0.00155197,2.50488e-05,0.696595
1019,0.500077,0.486707,0.364771,0.171493,0.0620758,0.0168351,0.0041366,6.65096e-05,1.60616
1020,0.741676,0.721835,0.557758,0.278362,0.10409,0.0282493,0.0069357,0.000111263,2.43902
1021,0.148297,0.144327,0.103883,0.0414954,0.011247,0.00214249,0.000525608,8.41313e-06,0.451925
1022,0,0,0,0,0,0,0,0,0
1023,0.0940394,0.091516,0.0617005,0.0199325,0.0038625,0.000476462,0.000116554,1.85045e-06,0.271646
1024,0,0,0,0,0,0,0,0,0
1025,0.204749,0.199244,0.149785,0.0684949,0.0224588,0.00522924,0.00127638,2.01373e-05,0.651257
1026,0,0,0,0,0,0,0,0,0
1027,0.25006,0.243323,0.187954,0.0935584,0.0346209,0.00918348,0.00223572,3.50124e-05,0.820971
1028,0.237336,0.230936,0.17199,0.0793674,0.0275826,0.00694751,0.00168941,2.63693e-05,0.755875
1029,0.256845,0.249917,0.193798,0.0977337,0.0369507,0.0100808,0.0024505,3.82127e-05,0.847814
1030,0.202221,0.196756,0.147473,0.0666795,0.0213151,0.00473544,0.00114865,1.78025e-05,0.640347
1031,0,0,0,0,0,0,0,0,0
1032,0.191372,0.186194,0.138592,0.0614486,0.0192352,0.00423503,0.00102583,1.58356e-05,0.602119
1033,0.363199,0.353362,0.261395,0.113945,0.0350651,0.00766907,0.00185517,2.85295e-05,1.13652
1034,0.324987,0.316175,0.230268,0.0955698,0.027377,0.00552627,0.0013351,2.04564e-05,1.00126
1035,0.587784,0.571828,0.427661,0.193162,0.0627151,0.0145816,0.00351771,5.36772e-05,1.8613
1036,0.271716,0.264334,0.188056,0.0727085,0.0189203,0.00346343,0.000834791,1.27061e-05,0.820045
1037,0.463358,0.450763,0.344211,0.165259,0.0578305,0.0142953,0.00344324,5.23065e-05,1.49921
1038,0.150708,0.146605,0.0962647,0.0290153,0.0053011,0.000662213,0.000159197,2.4051e-06,0.428719
1039,0.292239,0.284278,0.204193,0.0813475,0.0220833,0.00422834,0.00101583,1.53179e-05,0.8894
1040,0.161206,0.156811,0.114027,0.0471226,0.0134174,0.00268821,0.000645225,9.70382e-06,0.495927
1041,0.190942,0.18573,0.125587,0.0411299,0.00816684,0.00103053,0.000246952,3.69707e-06,0.552837
1042,0,0,0,0,0,0,0,0,0
1043,0.466705,0.453943,0.337209,0.152273,0.0510109,0.0124685,0.00298121,4.4346e-05,1.47663
1044,0.28478,0.276982,0.200746,0.0836362,0.0250432,0.00549026,0.00131057,1.94041e-05,0.878008
1045,0.107063,0.10413,0.0715282,0.0247192,0.00541653,0.000805502,0.000192148,2.83932e-06,0.313858
1046,0,0,0,0,0,0,0,0,0
1047,0.106847,0.103914,0.0713947,0.0247365,0.00547357,0.000831969,0.000197991,2.90589e-06,0.313399
1048,0.11592,0.112734,0.0783182,0.028095,0.00653494,0.001049,0.000249322,3.64597e-06,0.342904
1049,0.0992448,0.096516,0.0656282,0.0220094,0.00464144,0.000667516,0.000158553,2.31444e-06,0.288868
1050,0,0,0,0,0,0,0,0,0
1051,0.117997,0.114747,0.0799013,0.0288831,0.00679576,0.00110493,0.000261864,3.79811e-06,0.349694
1052,0.166233,0.16165,0.117867,0.0490962,0.0140488,0.00278969,0.000660517,9.55412e-06,0.512355
1053,0,0,0,0,0,0,0,0,0
1054,0.252684,0.245705,0.189784,0.094778,0.0353267,0.00943192,0.00222804,3.2015e-05,0.829971
1055,0.340014,0.330611,0.255579,0.132808,0.0549328,0.0167035,0.00393963,5.63581e-05,1.13464
1056,0.158719,0.154327,0.11187,0.0458636,0.0129177,0.00255084,0.000601205,8.58304e-06,0.486857
1057,0.166078,0.161477,0.117774,0.0492304,0.0142607,0.00290414,0.00068346,9.71597e-06,0.512417
1058,0,0,0,0,0,0,0,0,0
1059,0,0,0,0,0,0,0,0,0
1060,0.42554,0.413716,0.29995,0.125364,0.0376734,0.00824462,0.00193347,2.72102e-05,1.31245
1061,0,0,0,0,0,0,0,0,0
1062,0,0,0,0,0,0,0,0,0
1063,0.443265,0.430915,0.321221,0.147418,0.0505606,0.012577,0.00293907,4.0946e-05,1.40894
1064,0.295218,0.286985,0.200795,0.0753442,0.0192714,0.00347293,0.000810649,1.12566e-05,0.881908
1065,0.315722,0.30691,0.213735,0.0793093,0.0205683,0.00397119,0.00092616,1.28292e-05,0.941155
1066,0.135972,0.132174,0.093753,0.0359664,0.00922163,0.00164328,0.000382838,5.28692e-06,0.409119
1067,0.196597,0.191099,0.1425,0.0638519,0.0203835,0.00458521,0.00106665,1.46681e-05,0.620097
1068,0.207984,0.202162,0.151914,0.0697449,0.0230669,0.00539715,0.00125394,1.71808e-05,0.66154
1069,0.177253,0.172286,0.115681,0.0375912,0.00769398,0.00109106,0.000253236,3.4597e-06,0.511853
1070,0.437667,0.425391,0.310381,0.13337,0.0424372,0.0100438,0.0023276,3.16599e-05,1.36165
1071,0,0,0,0,0,0,0,0,0
1072,0.447668,0.435097,0.314185,0.12827,0.0363165,0.00722598,0.00167239,2.26628e-05,1.37046
1073,0.382513,0.371755,0.277742,0.126381,0.0421298,0.0101655,0.00234825,3.16483e-05,1.21307
1074,0.141605,0.137621,0.0981089,0.0382639,0.0100453,0.00183351,0.000423367,5.69898e-06,0.427907
1075,0.223364,0.217071,0.151931,0.0569908,0.0147299,0.00274894,0.000633625,8.48609e-06,0.667477
1076,0,0,0,0,0,0,0,0,0
1077,0,0,0,0,0,0,0,0,0
1078,0.797853,0.775316,0.584953,0.275375,0.0966325,0.0245782,0.00564699,7.49333e-05,2.56043
1079,0.153295,0.148962,0.107302,0.0432369,0.0118804,0.00227185,0.000521526,6.90343e-06,0.467476
1080,0.650589,0.632177,0.46928,0.212719,0.0729792,0.0188729,0.00432644,5.70401e-05,2.061
1081,0.243452,0.236559,0.181474,0.0889724,0.0323153,0.00834433,0.00191154,2.51518e-05,0.793054
1082,0,0,0,0,0,0,0,0,0
1083,0.418502,0.406623,0.305941,0.141527,0.0475595,0.0113549,0.00259315,3.38171e-05,1.33413
1084,0.313444,0.304542,0.220033,0.089561,0.0249622,0.00483642,0.00110376,1.43664e-05,0.958496
1085,0,0,0,0,0,0,0,0,0
1086,0,0,0,0,0,0,0,0,0
1087,0.0706707,0.0686575,0.0443928,0.0127258,0.00211409,0.000225746,5.13186e-05,6.60485e-07,0.198839
1088,0.205562,0.199704,0.14964,0.0682451,0.0223718,0.00516736,0.00117407,1.50876e-05,0.651879
1089,0.0758492,0.0736846,0.0472609,0.0124523,0.00134853,1.4679e-05,3.32962e-06,4.25826e-08,0.210614
1090,0.180087,0.174946,0.124885,0.0506269,0.0145534,0.00294945,0.000668743,8.54226e-06,0.548725
1091,0,0,0,0,0,0,0,0,0
1092,0.0367579,0.0357062,0.0211499,0.00464115,0.000537216,4.03233e-05,9.11654e-06,1.15494e-07,0.098842
1093,0.011477,0.0111485,0.00397764,0.000140713,0.00220317,0.00180806,0.000408629,5.17134e-06,0.0311689
1094,0.147812,0.143576,0.102808,0.0407316,0.0109292,0.00203106,0.000458235,5.77036e-06,0.448352
1095,0.195083,0.189487,0.129492,0.0449325,0.0102488,0.00163276,0.000367821,4.6118e-06,0.571248
1096,0.167111,0.162314,0.118153,0.0492568,0.0141866,0.00283623,0.000638711,8.00022e-06,0.514505
1097,0.0912813,0.0886575,0.0594029,0.0191193,0.00379985,0.000506215,0.000113788,1.4177e-06,0.262882
1098,0.30405,0.295306,0.214506,0.0901812,0.0271879,0.00591178,0.00132833,1.65305e-05,0.938488
1099,0,0,0,0,0,0,0,0,0
1100,0.538042,0.522542,0.391545,0.183729,0.0666774,0.0181866,0.00407634,5.03702e-05,1.72485
1101,0,0,0,0,0,0,0,0,0
1102,0.439386,0.426704,0.307531,0.125108,0.0349559,0.00677583,0.00151513,1.8594e-05,1.342
1103,0.165781,0.160993,0.116999,0.0485515,0.0138815,0.00274542,0.000613428,7.51154e-06,0.509573
1104,0.388561,0.377324,0.282931,0.131207,0.0453445,0.0113786,0.00253788,3.09179e-05,1.23932
1105,0.126136,0.122484,0.0857691,0.0317431,0.00773552,0.00129392,0.000288194,3.49682e-06,0.375454
1106,0,0,0,0,0,0,0,0,0
1107,0.513212,0.498335,0.384367,0.192164,0.0717569,0.0189764,0.00422016,5.0981e-05,1.68308
1108,0.603152,0.585652,0.439927,0.204563,0.0704994,0.017521,0.00389202,4.6861e-05,1.92525
1109,0.232908,0.226141,0.17209,0.0825088,0.0290085,0.00717584,0.00159117,1.90597e-05,0.751443
1110,0.525701,0.510417,0.375865,0.164196,0.0517571,0.0117073,0.00259349,3.09802e-05,1.64227
1111,0.162771,0.158033,0.1145,0.0471131,0.0133136,0.00259685,0.000574594,6.84034e-06,0.498909
1112,0,0,0,0,0,0,0,0,0
1113,0,0,0,0,0,0,0,0,0
1114,0.259195,0.251632,0.194249,0.097444,0.0365579,0.00969825,0.00213866,2.52125e-05,0.85094
1115,0,0,0,0,0,0,0,0,0
1116,0,0,0,0,0,0,0,0,0
1117,0.231454,0.224684,0.155512,0.0555926,0.012895,0.00203837,0.000448106,5.23538e-06,0.682629
1118,0,0,0,0,0,0,0,0,0
1119,0.487748,0.473459,0.362365,0.177058,0.0639777,0.0162774,0.00357166,4.15038e-05,1.5845
1120,0.165006,0.160166,0.116212,0.0480964,0.0137254,0.00270758,0.000593161,6.86085e-06,0.506513
1121,0.0625327,0.0606972,0.0385105,0.0104461,0.00160596,0.000157211,3.44081e-05,3.96891e-07,0.173984
1122,0,0,0,0,0,0,0,0,0
1123,0.186828,0.181333,0.133782,0.0583327,0.0179217,0.00382287,0.000834435,9.54995e-06,0.582864
1124,0.128322,0.124546,0.0872953,0.0324522,0.00794759,0.0013277,0.000289602,3.30779e-06,0.382184
1125,0.155975,0.151382,0.108972,0.044026,0.0121452,0.0023093,0.000503445,5.74143e-06,0.475319
1126,0.417515,0.405206,0.287449,0.111155,0.0289322,0.00519435,0.00113043,1.28267e-05,1.2566
1127,0,0,0,0,0,0,0,0,0
1128,0.182962,0.177557,0.130587,0.0564198,0.0171151,0.00359947,0.00078149,8.80667e-06,0.569031
1129,0.0500916,0.0486114,0.0298353,0.00725353,0.000929672,7.06283e-05,1.53253e-05,1.72408e-07,0.136808
1130,0.202141,0.19616,0.133264,0.0450223,0.00961457,0.00137304,0.000297438,3.33022e-06,0.587876
1131,0.155822,0.151208,0.108777,0.0438804,0.0120705,0.00228204,0.000493957,5.51766e-06,0.47454
1132,0,0,0,0,0,0,0,0,0
1133,0,0,0,0,0,0,0,0,0
1134,0,0,0,0,0,0,0,0,0
1135,0.208588,0.202388,0.142517,0.0556585,0.0155109,0.00309367,0.000666263,7.334e-06,0.62843
1136,0.543129,0.526977,0.387675,0.168339,0.0518883,0.0112086,0.00241239,2.65058e-05,1.69166
1137,0.179837,0.174484,0.127957,0.0548474,0.0164607,0.00341843,0.000734802,8.04377e-06,0.557746
1138,0.0746359,0.0724128,0.0470911,0.0138799,0.002441,0.000283959,6.09896e-05,6.66115e-07,0.210806
1139,0.659305,0.639645,0.484239,0.230702,0.0817237,0.0206432,0.0044273,4.81477e-05,2.12073
1140,0.128982,0.125132,0.0876791,0.0326242,0.00800552,0.001337,0.000286383,3.10311e-06,0.384049
1141,0,0,0,0,0,0,0,0,0
1142,0.348597,0.338178,0.235666,0.0871498,0.0216865,0.00375619,0.000803114,8.65652e-06,1.03584
1143,0,0,0,0,0,0,0,0,0
1144,0.363974,0.353073,0.250116,0.0981728,0.0269031,0.00518976,0.00110674,1.18394e-05,1.09855
1145,0.022688,0.0220079,0.011471,0.00131662,3.22684e-07,4.13498e-05,8.80747e-06,9.38894e-08,0.0575341
1146,0.534498,0.518465,0.378267,0.161746,0.0491544,0.0104397,0.00222178,2.36265e-05,1.65482
1147,0.134217,0.130189,0.0916635,0.034628,0.00866784,0.00147244,0.000313189,3.32507e-06,0.401154
1148,0.251896,0.244326,0.172257,0.0662794,0.0175902,0.00329391,0.000699276,7.38276e-06,0.756349
1149,0,0,0,0,0,0,0,0,0
1150,0.183919,0.178383,0.131105,0.056664,0.0172104,0.00361113,0.000765032,8.02843e-06,0.571665
1151,0.00570268,0.00553094,0.00246512,0.000206027,3.97303e-06,4.27181e-09,9.04459e-10,9.47509e-12,0.0139087
1152,0.19761,0.191654,0.142212,0.0633123,0.0200353,0.00438395,0.000927047,9.67658e-06,0.620144
1153,0.239624,0.232395,0.177031,0.0855364,0.0304165,0.00754826,0.00159464,1.65983e-05,0.774162
1154,0,0,0,0,0,0,0,0,0
1155,0,0,0,0,0,0,0,0,0
1156,0.365737,0.35467,0.260449,0.112399,0.0341139,0.00715553,0.00150552,1.54853e-05,1.13604
1157,0.0911644,0.088404,0.0590099,0.0189069,0.00374774,0.000494743,0.000104005,1.06713e-06,0.261833
1158,0,0,0,0,0,0,0,0,0
1159,0,0,0,0,0,0,0,0,0
1160,0,0,0,0,0,0,0,0,0
1161,0,0,0,0,0,0,0,0,0
1162,0.348157,0.337572,0.245919,0.103367,0.0300155,0.00592608,0.00123909,1.25153e-05,1.07221
1163,0.484877,0.470121,0.339371,0.138937,0.0390821,0.00752203,0.00157095,1.58133e-05,1.4815
1164,0.0360389,0.0349411,0.0204655,0.00432377,0.000456579,2.8318e-05,5.90664e-06,5.92372e-08,0.0962601
1165,0,0,0,0,0,0,0,0,0
1166,0,0,0,0,0,0,0,0,0
1167,0,0,0,0,0,0,0,0,0
1168,0.0898716,0.0871261,0.0579869,0.0184165,0.00359581,0.000463753,9.63617e-05,9.55679e-07,0.257558
1169,0.193133,0.187226,0.128017,0.0452077,0.0107594,0.001797,0.000372788,3.67974e-06,0.566517
1170,0.372389,0.360987,0.266938,0.11879,0.0383489,0.00874397,0.00181135,1.78051e-05,1.16803
1171,0.347546,0.3369,0.232759,0.0834852,0.0196512,0.0031607,0.000654429,6.42359e-06,1.02416
1172,0,0,0,0,0,0,0,0,0
1173,0.0992798,0.0962342,0.0649151,0.0215192,0.00447342,0.000618524,0.000127814,1.24735e-06,0.287169
1174,0.138154,0.133912,0.0945045,0.0360808,0.0091855,0.00158474,0.000327046,3.17942e-06,0.413752
1175,0.0746882,0.0723917,0.0469599,0.0137837,0.00240779,0.000275353,5.67274e-05,5.48716e-07,0.210564
1176,0,0,0,0,0,0,0,0,0
1177,0.221022,0.214215,0.148505,0.0545216,0.0135703,0.00234743,0.000482569,4.6385e-06,0.654669
1178,0,0,0,0,0,0,0,0,0
1179,0.183619,0.177956,0.117974,0.0364829,0.00674303,0.00103603,0.000212543,2.0307e-06,0.524026
1180,0.185839,0.180103,0.132292,0.0572438,0.0174131,0.00363456,0.000744953,7.09856e-06,0.577277
1181,0.63808,0.618367,0.462731,0.212237,0.0701775,0.0160288,0.00328145,3.11605e-05,2.02093
1182,0.104866,0.101622,0.0689183,0.023163,0.00483965,0.000652188,0.00013329,1.25944e-06,0.304195
1183,0.170071,0.164807,0.119569,0.0497967,0.0143397,0.00281723,0.000575282,5.42229e-06,0.521981
1184,0.115701,0.112118,0.0771783,0.027294,0.0062296,0.00095271,0.000194423,1.82918e-06,0.33967
1185,0.405758,0.393181,0.276169,0.103714,0.0255246,0.0041553,0.000846951,7.93985e-06,1.20936
1186,0,0,0,0,0,0,0,0,0
1187,0,0,0,0,0,0,0,0,0
1188,0.0929518,0.0900635,0.0601617,0.0193892,0.00388095,0.000515466,0.000104711,9.71975e-07,0.267068
1189,0.593021,0.574578,0.403021,0.154813,0.0420682,0.00825177,0.00167408,1.54807e-05,1.77744
1190,0.332161,0.321819,0.232734,0.0961072,0.0273976,0.00532964,0.00107971,9.94286e-06,1.01664
1191,0.150499,0.145809,0.103983,0.0410867,0.0109814,0.00198806,0.000402326,3.69336e-06,0.454754
1192,0.434296,0.420753,0.308833,0.139379,0.0489639,0.012692,0.00256556,2.34734e-05,1.36751
1193,0.147091,0.142502,0.101306,0.0396551,0.0104668,0.0018715,0.000378081,3.45317e-06,0.443274
1194,0,0,0,0,0,0,0,0,0
1195,0.248311,0.240548,0.168594,0.0639354,0.0165937,0.00299969,0.000604363,5.47633e-06,0.741593
1196,0.0768308,0.0744271,0.0483759,0.0142994,0.00251137,0.000285001,5.73669e-05,5.18399e-07,0.216787
1197,0.350791,0.339807,0.235,0.0849475,0.0203077,0.0033156,0.000666617,6.00357e-06,1.03484
1198,0.354769,0.343655,0.252587,0.110959,0.0353896,0.00795552,0.00159831,1.43632e-05,1.10693
1199,0,0,0,0,0,0,0,0,0
1200,0.0779205,0.0754756,0.0491567,0.0146412,0.00260807,0.000302216,6.05925e-05,5.41236e-07,0.220165
1201,0.479885,0.464808,0.354256,0.173133,0.0632708,0.0161816,0.00323873,2.87835e-05,1.5548
1202,0.300769,0.291314,0.208704,0.0843867,0.0237407,0.00462854,0.000925493,8.2016e-06,0.914476
1203,0.715295,0.692794,0.482456,0.179356,0.0451748,0.00788131,0.00157476,1.39258e-05,2.12455
1204,0,0,0,0,0,0,0,0,0
1205,0.0955588,0.0925476,0.061975,0.0201563,0.0040816,0.000545543,0.000108753,9.55196e-07,0.274975
1206,0.35736,0.346087,0.253139,0.108852,0.0331603,0.00697826,0.00138913,1.21504e-05,1.10698
1207,0,0,0,0,0,0,0,0,0
1208,0.02676,0.0259145,0.0145469,0.00271267,0.000242508,1.27371e-05,2.53001e-06,2.19884e-08,0.0701919
1209,0.566295,0.548395,0.407708,0.187058,0.0645965,0.0161121,0.00319845,2.77482e-05,1.79339
1210,0.193678,0.187551,0.127507,0.0442659,0.0102277,0.00163633,0.00032445,2.80501e-06,0.565193
1211,0.0524343,0.0507746,0.0312191,0.00771961,0.00102455,8.11164e-05,1.6073e-05,1.38688e-07,0.143269
1212,0.555791,0.538176,0.371651,0.134993,0.0330255,0.00559164,0.00110593,9.49092e-06,1.64034
1213,0.114014,0.110397,0.0756967,0.0265301,0.00598151,0.000897756,0.000177355,1.51688e-06,0.333696
1214,0.166374,0.161092,0.116294,0.0478542,0.0135597,0.00260431,0.000513879,4.37972e-06,0.508296
1215,0.148117,0.143411,0.102747,0.0412106,0.0110274,0.00195079,0.000384477,3.26555e-06,0.448851
1216,0.832194,0.805741,0.577922,0.237859,0.0703686,0.0147668,0.0029093,2.46837e-05,2.54178
1217,0.0587223,0.0568547,0.0355954,0.00939667,0.00141259,0.000136326,2.68374e-05,2.27173e-07,0.162145
1218,0.220141,0.213129,0.159786,0.0739641,0.0247483,0.00566925,0.00111383,9.37288e-06,0.69856
1219,0.155765,0.150801,0.107843,0.0430969,0.0116987,0.00213829,0.00041985,3.52672e-06,0.471766
1220,0.159641,0.154549,0.10091,0.0303361,0.00546177,0.000637554,0.000125007,1.04573e-06,0.451662
1221,0,0,0,0,0,0,0,0,0
1222,0,0,0,0,0,0,0,0,0
1223,0,0,0,0,0,0,0,0,0
1224,0.0959659,0.0928958,0.0621441,0.0201658,0.00405699,0.000533044,0.000104103,8.60746e-07,0.275867
1225,0.236714,0.229135,0.157787,0.0561021,0.0129048,0.00197263,0.000384806,3.17085e-06,0.695003
1226,0.0648205,0.0627428,0.0397961,0.0109559,0.00175123,0.000180712,3.51989e-05,2.88753e-07,0.180283
1227,0.0730268,0.0706841,0.045564,0.0131925,0.00226526,0.000252414,4.91093e-05,4.01524e-07,0.205035
1228,0,0,0,0,0,0,0,0,0
1229,0.0939906,0.0909716,0.0606959,0.0195721,0.00392149,0.000516924,0.000100395,8.16585e-07,0.26977
1230,0,0,0,0,0,0,0,0,0
1231,0,0,0,0,0,0,0,0,0
1232,0.111425,0.107837,0.07361,0.025482,0.00563943,0.000824698,0.000159619,1.28518e-06,0.324979
1233,0.489663,0.473881,0.332601,0.128187,0.0346593,0.00661497,0.00127856,1.02527e-05,1.4669
1234,0.0774497,0.0749525,0.0486779,0.0144308,0.00255976,0.000294426,5.68841e-05,4.55594e-07,0.218422
1235,0.181667,0.175803,0.128255,0.0546313,0.016244,0.00326579,0.000630068,5.02523e-06,0.560501
1236,0.409418,0.396193,0.279548,0.108294,0.028783,0.00527242,0.00101624,8.08258e-06,1.22853
1237,0,0,0,0,0,0,0,0,0
1238,0.084775,0.0820323,0.0539338,0.0166294,0.00312593,0.000383847,7.38165e-05,5.83141e-07,0.240955
1239,0.149217,0.144386,0.102528,0.0401755,0.0106164,0.00188034,0.000361246,2.8455e-06,0.449168
1240,0.250009,0.241909,0.167828,0.0612462,0.0146656,0.00234119,0.000449364,3.52983e-06,0.738451
1241,0.0884205,0.0855527,0.0565632,0.017754,0.00342472,0.000432478,8.28809e-05,6.48074e-07,0.252231
1242,0,0,0,0,0,0,0,0,0
1243,0.165192,0.159827,0.108756,0.0386188,0.00935604,0.00155441,0.000297293,2.31085e-06,0.483603
1244,0.0353907,0.03424,0.0196144,0.00371103,0.000258532,2.41489e-06,4.61227e-07,3.57047e-09,0.0932175
1245,0,0,0,0,0,0,0,0,0
1246,0.536646,0.519175,0.355537,0.126349,0.0301464,0.00498716,0.00095087,7.32341e-06,1.5738
1247,0.132414,0.1281,0.089445,0.0332871,0.00817408,0.00133535,0.00025428,1.95108e-06,0.393012
1248,0,0,0,0,0,0,0,0,0
1249,0.147617,0.142799,0.10118,0.0394167,0.010327,0.00180731,0.000343385,2.61742e-06,0.443493
1250,0,0,0,0,0,0,0,0,0
1251,0.209937,0.203077,0.150934,0.0682199,0.0220545,0.00482981,0.000916078,6.94728e-06,0.659975
1252,0.0749373,0.0724858,0.0467969,0.0136362,0.0023553,0.000261164,4.94587e-05,3.73361e-07,0.210522
1253,0.143158,0.13847,0.0976589,0.0375,0.00961054,0.00163634,0.000309448,2.32623e-06,0.428345
1254,0,0,0,0,0,0,0,0,0
1255,0.343076,0.331824,0.241063,0.102294,0.0307881,0.00637156,0.00120247,8.98491e-06,1.05663
1256,0.202711,0.19606,0.144957,0.0644698,0.0203452,0.00432681,0.000816134,6.08837e-06,0.633692
1257,0.0941426,0.091052,0.0606369,0.0194836,0.00387604,0.000502099,9.46192e-05,7.03918e-07,0.269789
1258,0.195924,0.189486,0.13942,0.0610812,0.0188567,0.00391088,0.000736134,5.45752e-06,0.609421
1259,0.16234,0.157003,0.112531,0.0453796,0.0123893,0.00222844,0.00041903,3.09729e-06,0.492294
1260,0.134672,0.130239,0.0910569,0.0340585,0.00841393,0.00137662,0.000258428,1.90087e-06,0.400078
1261,0.113823,0.110072,0.069065,0.0186538,0.00296378,0.000305512,5.7268e-05,4.19383e-07,0.314941
1262,0.107838,0.104281,0.0707276,0.0240788,0.00520716,0.000738674,0.000138333,1.01021e-06,0.31301
1263,0,0,0,0,0,0,0,0,0
1264,0.0663755,0.0641843,0.0406989,0.0112073,0.00177521,0.000176835,3.30659e-05,2.4038e-07,0.184451
1265,0.308093,0.29791,0.202882,0.0708821,0.0163381,0.00254414,0.000474908,3.43492e-06,0.899127
1266,0,0,0,0,0,0,0,0,0
1267,0.164864,0.159409,0.0981951,0.0244964,0.0032871,0.000279223,5.20396e-05,3.74636e-07,0.450583
1268,0.756398,0.731345,0.523627,0.21338,0.0610358,0.0119889,0.00223138,1.59993e-05,2.30002
1269,0.0987092,0.0954375,0.0639253,0.0209464,0.00428991,0.000573059,0.00010656,7.61961e-07,0.283989
1270,0.0603738,0.0583702,0.0365271,0.00966507,0.00144877,0.000136156,2.52732e-05,1.79764e-07,0.166546
1271,0.346661,0.335152,0.231564,0.084586,0.0207356,0.00344155,0.000638372,4.53122e-06,1.02278
1272,0,0,0,0,0,0,0,0,0
1273,0.426416,0.412236,0.289289,0.114787,0.033874,0.00724172,0.00134048,9.45638e-06,1.28519
1274,0.0483163,0.0467079,0.0283733,0.00686421,0.000913832,7.6743e-05,1.41841e-05,9.96121e-08,0.131267
1275,0.0082818,0.00800591,0.00377857,0.000402769,1.46386e-05,2.23303e-07,4.12287e-08,2.88633e-10,0.020484
1276,0,0,0,0,0,0,0,0,0
1277,0.169948,0.164279,0.116393,0.0471122,0.0134861,0.00258725,0.000476796,3.31943e-06,0.514285
1278,0,0,0,0,0,0,0,0,0
1279,0,0,0,0,0,0,0,0,0
1280,0.12722,0.122967,0.0851942,0.0310385,0.0073858,0.00115533,0.000212274,1.4647e-06,0.375174
1281,0,0,0,0,0,0,0,0,0
1282,0,0,0,0,0,0,0,0,0
1283,0,0,0,0,0,0,0,0,0
1284,0.3699,0.357498,0.247518,0.0905063,0.0219329,0.00355374,0.000650195,4.43034e-06,1.09156
1285,0.187756,0.181456,0.132541,0.0569676,0.0171645,0.00346494,0.000633337,4.30306e-06,0.579988
1286,0,0,0,0,0,0,0,0,0
1287,0.0593207,0.0573269,0.0357289,0.00933676,0.00136732,0.000123484,2.25138e-05,1.51813e-07,0.163227
1288,0.0692874,0.066957,0.0426718,0.0119924,0.00197038,0.000205956,3.75135e-05,2.52223e-07,0.193123
1289,0.160311,0.154914,0.101006,0.0306021,0.00564345,0.000672775,0.000122402,8.20171e-07,0.453273
1290,0.133139,0.128655,0.0895173,0.0329676,0.0078657,0.00120111,0.000218375,1.46028e-06,0.393566
1291,0.123149,0.118997,0.0820271,0.029461,0.00687733,0.00105337,0.000191202,1.27238e-06,0.361757
1292,0,0,0,0,0,0,0,0,0
1293,0.0433116,0.0418496,0.0250129,0.00576254,0.000715021,5.53515e-05,1.00308e-05,6.64259e-08,0.116717
1294,0.0203515,0.0196637,0.0101657,0.00126655,1.725e-05,5.94349e-06,1.07516e-06,7.08223e-09,0.0514718
1295,0.39418,0.380853,0.259268,0.091608,0.0219214,0.00361502,0.000653671,4.3004e-06,1.1521
1296,0.172965,0.167112,0.120566,0.0498722,0.0141766,0.00266288,0.000480835,3.15024e-06,0.527838
1297,0,0,0,0,0,0,0,0,0
1298,0.276182,0.266823,0.187546,0.0720671,0.0188031,0.0033003,0.000594705,3.8723e-06,0.825321
1299,0,0,0,0,0,0,0,0,0
1300,0,0,0,0,0,0,0,0,0
1301,0,0,0,0,0,0,0,0,0
1302,0.189232,0.182799,0.121488,0.0389334,0.00768413,0.000970459,0.00017413,1.11947e-06,0.541282
1303,0,0,0,0,0,0,0,0,0
1304,0.133433,0.128891,0.0897286,0.033253,0.00809844,0.00128968,0.000230976,1.47663e-06,0.394926
1305,0.0364427,0.0352013,0.0203453,0.00411739,0.000383639,1.72866e-05,3.09171e-06,1.96846e-08,0.0965107
1306,0.444178,0.429034,0.310655,0.134331,0.0434794,0.00994973,0.00177772,1.12845e-05,1.37342
1307,0.150273,0.145145,0.093438,0.0271498,0.00467271,0.000509576,9.09105e-05,5.74509e-07,0.42128
1308,0,0,0,0,0,0,0,0,0
1309,0.305747,0.295297,0.209983,0.0835826,0.0228193,0.00417369,0.000743023,4.66575e-06,0.92235
1310,0.0753183,0.0727422,0.0467939,0.01355,0.00231116,0.000247975,4.40963e-05,2.75971e-07,0.211008
1311,0,0,0,0,0,0,0,0,0
1312,0.179412,0.173269,0.125548,0.0527712,0.0153992,0.00298411,0.00052986,3.30126e-06,0.549916
1313,0.316324,0.305481,0.217553,0.0866415,0.0233838,0.00415093,0.000735797,4.56122e-06,0.954275
1314,0.128028,0.123637,0.085555,0.0311773,0.00743474,0.00116078,0.000205612,1.27183e-06,0.3772
1315,0,0,0,0,0,0,0,0,0
1316,0.349501,0.337496,0.224616,0.0733811,0.0152854,0.00208854,0.000369157,2.26884e-06,1.00274
1317,0.0875397,0.0845303,0.0555184,0.0171958,0.00324963,0.000393625,6.94856e-05,4.25425e-07,0.248497
1318,0.580482,0.560512,0.395652,0.154101,0.040798,0.00719873,0.00126952,7.74958e-06,1.74002
1319,0.102895,0.0993539,0.0667011,0.0221222,0.00460763,0.000619527,0.000109175,6.64978e-07,0.29641
1320,0.118177,0.114104,0.0780632,0.0274689,0.00622914,0.000919109,0.000161694,9.79875e-07,0.345124
1321,0.0359713,0.0347308,0.0201959,0.00428175,0.000471125,3.17281e-05,5.57533e-06,3.36701e-08,0.0956882
1322,0.297704,0.287434,0.195141,0.0686237,0.0163933,0.00269769,0.000473923,2.8599e-06,0.868471
1323,0,0,0,0,0,0,0,0,0
1324,0.334918,0.323343,0.220445,0.0772411,0.0176619,0.00266938,0.000467611,2.79771e-06,0.97675
1325,0.635255,0.613291,0.445771,0.193407,0.0613679,0.0133884,0.00234417,1.40045e-05,1.96484
1326,0,0,0,0,0,0,0,0,0
1327,0,0,0,0,0,0,0,0,0
1328,0.233854,0.225748,0.154158,0.053984,0.0121583,0.00177676,0.00030992,1.83063e-06,0.68199
1329,0.0931911,0.0899581,0.0595489,0.0189316,0.00371774,0.000469191,8.17382e-05,4.80992e-07,0.265899
1330,0.523678,0.505502,0.423279,0.279464,0.154712,0.0593461,0.0103322,6.06844e-05,1.95637
1331,0.236462,0.22825,0.156421,0.0555842,0.0128904,0.00196351,0.000341593,2.00182e-06,0.691915
1332,0.231923,0.223863,0.167738,0.078392,0.0265651,0.0060081,0.00104414,6.09977e-06,0.73554
1333,0.302201,0.291691,0.20755,0.083398,0.0233431,0.00441477,0.000766394,4.46238e-06,0.913369
1334,0.17022,0.164294,0.118018,0.048398,0.0136371,0.00253262,0.000439035,2.54545e-06,0.517541
1335,0.121147,0.116928,0.080182,0.0284563,0.00652687,0.000970575,0.000168142,9.72958e-07,0.354379
1336,0.16387,0.158159,0.104983,0.0344842,0.00741822,0.00106575,0.000184448,1.06414e-06,0.470166
1337,0,0,0,0,0,0,0,0,0
1338,0.170524,0.16457,0.10972,0.0365834,0.00811857,0.00123454,0.000213114,1.22013e-06,0.490965
1339,0.275622,0.26599,0.177957,0.0593934,0.0128589,0.00184238,0.000317583,1.8103e-06,0.793983
1340,0.367287,0.354446,0.244916,0.0898482,0.0220554,0.00360582,0.000621173,3.53422e-06,1.08278
1341,0.0617512,0.0595908,0.0372676,0.00993996,0.00152136,0.000146531,2.52164e-05,1.4302e-07,0.170243
1342,0.0704408,0.0679741,0.0431061,0.0118726,0.0018218,0.000160021,2.75e-05,1.55326e-07,0.195403
1343,0.366747,0.353897,0.236704,0.0792963,0.0175291,0.00262827,0.000451288,2.54242e-06,1.05725
1344,0,0,0,0,0,0,0,0,0
1345,0.139957,0.135045,0.09439,0.0355965,0.00890958,0.00145469,0.000249201,1.39418e-06,0.415603
1346,0.116992,0.112883,0.0694993,0.0172737,0.00222038,0.000170598,2.92029e-05,1.63007e-07,0.319069
1347,0,0,0,0,0,0,0,0,0
1348,0.11929,0.115095,0.0718568,0.0191522,0.00295291,0.000288698,4.93006e-05,2.73206e-07,0.328685
1349,0.143255,0.138215,0.0968912,0.0368909,0.00936058,0.00155001,0.000264563,1.46395e-06,0.426428
1350,0,0,0,0,0,0,0,0,0
1351,0.245987,0.237319,0.162908,0.0580667,0.0133652,0.00197545,0.000336436,1.8493e-06,0.71996
1352,0.198952,0.191935,0.12947,0.0444013,0.010029,0.00150931,0.000256673,1.40466e-06,0.576555
1353,0.0628837,0.0606647,0.0379095,0.0100286,0.0014786,0.00012941,2.19926e-05,1.20112e-07,0.173117
1354,0.278445,0.26861,0.179541,0.0599208,0.0130884,0.00191982,0.00032576,1.77086e-06,0.801853
1355,0.119339,0.11512,0.0717145,0.0189617,0.0028766,0.000273929,4.64233e-05,2.51416e-07,0.328332
1356,0.0754124,0.0727447,0.046701,0.0135333,0.00232967,0.00025365,4.2948e-05,2.31964e-07,0.211018
1357,0,0,0,0,0,0,0,0,0
1358,0,0,0,0,0,0,0,0,0
1359,0.478274,0.461321,0.318137,0.116937,0.0293314,0.00502125,0.00084787,4.54167e-06,1.40987
1360,0.301408,0.290714,0.195625,0.0664235,0.014706,0.00215068,0.00036258,1.93288e-06,0.871392
1361,0.125908,0.121438,0.0835759,0.0300842,0.00704743,0.00106775,0.000179869,9.56599e-07,0.369302
1362,0.0914005,0.0881524,0.0579733,0.0180368,0.00337852,0.000389719,6.55443e-05,3.46886e-07,0.259397
1363,0,0,0,0,0,0,0,0,0
1364,0.276263,0.266433,0.179895,0.0622924,0.0142875,0.00216306,0.000363077,1.91017e-06,0.801699
1365,0.196109,0.189127,0.129338,0.0470489,0.0118138,0.00200263,0.000335879,1.7628e-06,0.575777
1366,0.159023,0.153357,0.108918,0.0432653,0.0116583,0.0020514,0.00034367,1.79755e-06,0.478618
1367,0.11326,0.109223,0.0740634,0.0254745,0.00559434,0.000789746,0.000132209,6.89984e-07,0.328538
1368,0,0,0,0,0,0,0,0,0
1369,0.0849225,0.0818898,0.0533483,0.0161745,0.00295107,0.000337333,5.63229e-05,2.91602e-07,0.23968
1370,0,0,0,0,0,0,0,0,0
1371,0.0600528,0.0579051,0.0359999,0.00945412,0.00141446,0.000131897,2.19747e-05,1.1303e-07,0.16498
1372,0,0,0,0,0,0,0,0,0
1373,0.110379,0.106428,0.071876,0.0244155,0.00525966,0.000724477,0.000120544,6.17595e-07,0.319204
1374,0,0,0,0,0,0,0,0,0
1375,0.0536898,0.0517641,0.0316879,0.00793529,0.00111033,9.63589e-05,1.5985e-05,8.11577e-08,0.1463
1376,0.0228796,0.0220588,0.01201,0.00208316,0.00017146,8.27005e-06,1.37147e-06,6.95618e-09,0.0592127
1377,0.387359,0.373451,0.249373,0.0825111,0.0174425,0.00239585,0.000396843,2.00556e-06,1.11293
1378,0.22403,0.215978,0.147295,0.0522054,0.0122721,0.00191055,0.00031602,1.59039e-06,0.654009
1379,0,0,0,0,0,0,0,0,0
1380,0,0,0,0,0,0,0,0,0
1381,0.342428,0.330099,0.237039,0.0978606,0.0280517,0.005304,0.000874901,4.36627e-06,1.04166
1382,0.0169936,0.0163813,0.00851246,0.00125629,7.66731e-05,2.24349e-06,3.69669e-07,1.83888e-09,0.043223
1383,0.0834094,0.080401,0.052234,0.0157501,0.00286805,0.000329657,5.42325e-05,2.68473e-07,0.235047
1384,0.290079,0.279612,0.197695,0.0785476,0.0217717,0.00404582,0.000665078,3.28481e-06,0.87242
1385,0.111402,0.10738,0.0725579,0.0247259,0.00535552,0.000741215,0.000121746,5.99814e-07,0.322285
1386,0,0,0,0,0,0,0,0,0
1387,0.293135,0.282536,0.198213,0.0759649,0.0194694,0.00323481,0.000530156,2.59457e-06,0.873085
1388,0.0959712,0.0924971,0.0612203,0.0195603,0.00386093,0.000482029,7.88671e-05,3.84004e-07,0.273671
1389,0.148766,0.143378,0.0921618,0.0270957,0.00484906,0.000560092,9.159e-05,4.45223e-07,0.416903
1390,0,0,0,0,0,0,0,0,0
1391,0.343205,0.330761,0.22543,0.0795365,0.0184164,0.00278931,0.000455221,2.19954e-06,1.0006
1392,0.234602,0.226087,0.14553,0.0426784,0.00746962,0.000820507,0.000133731,6.43576e-07,0.657322
1393,0.305997,0.294883,0.200048,0.0730551,0.0193519,0.00357489,0.000582003,2.79133e-06,0.897495
1394,0,0,0,0,0,0,0,0,0
1395,0,0,0,0,0,0,0,0,0
1396,0.211327,0.203635,0.129196,0.0362108,0.00592189,0.000599123,9.7241e-05,4.62059e-07,0.586988
1397,0,0,0,0,0,0,0,0,0
1398,0,0,0,0,0,0,0,0,0
1399,0.0387669,0.0373531,0.0215241,0.00427428,0.000347726,7.61841e-06,1.23263e-06,5.80135e-09,0.102275
1400,0,0,0,0,0,0,0,0,0
1401,0.178054,0.171551,0.112887,0.0357367,0.00709553,0.000911027,0.00014706,6.87289e-07,0.506382
1402,0.120825,0.11641,0.0794453,0.0279718,0.0063466,0.000920076,0.000148444,6.92658e-07,0.352068
1403,0.286349,0.275878,0.18488,0.0624507,0.0137664,0.00198493,0.000319837,1.48663e-06,0.82563
1404,0.108127,0.10417,0.070013,0.0235104,0.00498689,0.000672021,0.000108165,5.01067e-07,0.311588
1405,0.0715976,0.0689754,0.0438191,0.0123473,0.00203991,0.000209756,3.37208e-05,1.55643e-07,0.199023
1406,0,0,0,0,0,0,0,0,0
1407,0,0,0,0,0,0,0,0,0
1408,0.517724,0.498721,0.347025,0.137172,0.0410512,0.00878976,0.0014082,6.43189e-06,1.5519
1409,0,0,0,0,0,0,0,0,0
1410,0.252543,0.243262,0.158243,0.0481586,0.00893817,0.00104906,0.000167795,7.62605e-07,0.712363
1411,0.260569,0.250986,0.16794,0.0574442,0.0133588,0.00210494,0.000336325,1.52365e-06,0.75274
1412,0.151976,0.146383,0.0944291,0.0282299,0.00520572,0.00061935,9.88414e-05,4.46155e-07,0.426942
1413,0.150203,0.144671,0.0925602,0.0267307,0.00459478,0.000495452,7.8988e-05,3.55435e-07,0.419334
1414,0.133542,0.12862,0.0889164,0.032634,0.0078593,0.00121297,0.00019318,8.6655e-07,0.392979
1415,0,0,0,0,0,0,0,0,0
1416,0.184369,0.177567,0.1173,0.0376429,0.00761154,0.000988669,0.000157174,7.01185e-07,0.525637
1417,0.296812,0.28585,0.190745,0.0632595,0.0134675,0.00186432,0.00029593,1.3141e-06,0.852295
1418,0,0,0,0,0,0,0,0,0
1419,0.179395,0.172762,0.116074,0.0401115,0.00933724,0.00144138,0.000228416,1.00917e-06,0.51935
1420,0,0,0,0,0,0,0,0,0
1421,0.24258,0.233596,0.159678,0.0568184,0.0132053,0.00197846,0.000312727,1.37094e-06,0.708171
1422,0.381203,0.36708,0.267001,0.115361,0.0353936,0.00716382,0.00113176,4.95341e-06,1.17434
1423,0.114482,0.110235,0.0745728,0.0256055,0.00560684,0.000778828,0.000122819,5.34596e-07,0.331404
1424,0,0,0,0,0,0,0,0,0
1425,0,0,0,0,0,0,0,0,0
1426,0,0,0,0,0,0,0,0,0
1427,0.360119,0.346728,0.22129,0.0638837,0.011131,0.00123354,0.000193772,8.33499e-07,1.00458
1428,0.256707,0.247156,0.160704,0.0488236,0.00899162,0.00103615,0.000162624,6.97679e-07,0.723582
1429,0.047725,0.0459487,0.0275636,0.00650414,0.000831172,6.39524e-05,1.0032e-05,4.29687e-08,0.128647
1430,0,0,0,0,0,0,0,0,0
1431,0.159515,0.153568,0.100861,0.0323759,0.00675604,0.000925738,0.000144848,6.15594e-07,0.454147
1432,0,0,0,0,0,0,0,0,0
1433,0,0,0,0,0,0,0,0,0
1434,0.102124,0.0983096,0.0654289,0.0213712,0.00435596,0.000558251,8.71115e-05,3.67156e-07,0.292235
1435,0.0321383,0.0309371,0.0175681,0.00349193,0.000347744,2.02028e-05,3.149e-06,1.3227e-08,0.0845066
1436,0.106857,0.102859,0.062694,0.0155923,0.00216164,0.00018328,2.8519e-05,1.19168e-07,0.290375
1437,0.0584293,0.0562424,0.0346747,0.00892466,0.00129423,0.00011452,1.78124e-05,7.43371e-08,0.159698
1438,0.380069,0.365833,0.241077,0.0763994,0.0149203,0.00182445,0.000283444,1.1787e-06,1.08041
1439,0.255201,0.245636,0.169588,0.0627176,0.0156016,0.00253909,0.000394085,1.63391e-06,0.751679
1440,0.165463,0.159257,0.0982574,0.0256645,0.00391235,0.000377672,5.8548e-05,2.41867e-07,0.452991
1441,0.0637477,0.0613547,0.0382732,0.0102263,0.00156625,0.000147244,2.27981e-05,9.38257e-08,0.175338
1442,0.286896,0.276119,0.183655,0.0605479,0.0127723,0.0017273,0.000267151,1.09581e-06,0.821986
1443,0,0,0,0,0,0,0,0,0
1444,0.13078,0.12586,0.0832037,0.0282292,0.00680958,0.00115241,0.000177844,7.24577e-07,0.376213
1445,0.0283826,0.0273139,0.0152485,0.00288247,0.000268968,1.47177e-05,2.26829e-06,9.20425e-09,0.0741134
1446,0.20539,0.197654,0.131678,0.0432675,0.00893093,0.00116369,0.000179265,7.26393e-07,0.588264
1447,0.504163,0.485159,0.325997,0.111415,0.0249496,0.0036302,0.000558407,2.25255e-06,1.45587
1448,0.287631,0.276781,0.195834,0.0790338,0.0226781,0.00434945,0.000668326,2.68711e-06,0.866978
1449,0.238991,0.229972,0.148325,0.0442338,0.00802566,0.000919285,0.000141168,5.66509e-07,0.670608
1450,0.101532,0.0976963,0.0649016,0.0211192,0.00428485,0.000545188,8.35896e-05,3.33842e-07,0.290163
1451,0.255552,0.245893,0.16067,0.0502372,0.00991545,0.00126815,0.000194273,7.73911e-07,0.72373
1452,0.126068,0.121301,0.0723524,0.0170992,0.00227063,0.000186778,2.85941e-05,1.13673e-07,0.339307
1453,0,0,0,0,0,0,0,0,0
1454,0,0,0,0,0,0,0,0,0
1455,0.0915403,0.0880717,0.05765,0.0179084,0.00339033,0.000397636,6.06804e-05,2.38876e-07,0.259019
1456,0.0588152,0.0565844,0.0348782,0.00899441,0.00131055,0.000116498,1.77512e-05,6.95585e-08,0.160717
1457,0.157926,0.151934,0.097462,0.0284262,0.00491169,0.000519521,7.91185e-05,3.09513e-07,0.441259
1458,0,0,0,0,0,0,0,0,0
1459,0.0897617,0.0863517,0.0563815,0.0174029,0.0032773,0.000384526,5.84448e-05,2.27261e-07,0.253618
1460,0.275225,0.264761,0.178284,0.0627016,0.0152454,0.00249916,0.000379406,1.47e-06,0.799097
1461,0,0,0,0,0,0,0,0,0
1462,0,0,0,0,0,0,0,0,0
1463,0,0,0,0,0,0,0,0,0
1464,0,0,0,0,0,0,0,0,0
1465,0,0,0,0,0,0,0,0,0
1466,0.118678,0.114147,0.0711383,0.0192734,0.00311045,0.000318389,4.80286e-05,1.82478e-07,0.326714
1467,0.131871,0.126834,0.0872221,0.0316634,0.00750759,0.00112649,0.000169752,6.42878e-07,0.386395
1468,0.186809,0.179669,0.120507,0.0415103,0.00958993,0.00145372,0.00021885,8.26347e-07,0.539758
1469,0,0,0,0,0,0,0,0,0
1470,0.14003,0.134671,0.0867513,0.0263414,0.00508442,0.000635322,9.54364e-05,3.57952e-07,0.393609
1471,0.0347568,0.0334254,0.0190459,0.00378803,0.000358412,1.74811e-05,2.62277e-06,9.80047e-09,0.0913947
1472,0.156984,0.150967,0.096698,0.0281544,0.00487873,0.000521657,7.81943e-05,2.91356e-07,0.438283
1473,0.104879,0.100856,0.0636009,0.0182261,0.0032316,0.000358884,5.37282e-05,1.99427e-07,0.291207
1474,0.043363,0.0416984,0.0245065,0.00538414,0.000593644,3.50406e-05,5.24007e-06,1.93836e-08,0.115586
1475,0.171645,0.165054,0.117592,0.0476895,0.0132313,0.00234591,0.000350648,1.29519e-06,0.51791
1476,0,0,0,0,0,0,0,0,0
1477,0.179935,0.173015,0.108311,0.0298543,0.00494181,0.000516753,7.70495e-05,2.82443e-07,0.496651
1478,0.0708497,0.0681231,0.0429989,0.0119591,0.0019368,0.000191422,2.85119e-05,1.04183e-07,0.196088
1479,0.1848,0.177684,0.116401,0.036418,0.00701124,0.00084181,0.000125275,4.56516e-07,0.523283
1480,0.0737785,0.070935,0.045019,0.0127415,0.00211701,0.000215262,3.19884e-05,1.16052e-07,0.204838
1481,0.0642243,0.0617488,0.0384598,0.0102707,0.00157314,0.000146877,2.18244e-05,7.91564e-08,0.176445
1482,0.109799,0.105562,0.0644181,0.0161725,0.00227948,0.000195812,2.90447e-05,1.04778e-07,0.298456
1483,0,0,0,0,0,0,0,0,0
1484,0,0,0,0,0,0,0,0,0
1485,0.0834652,0.0802389,0.0475031,0.010963,0.00140243,0.000111092,1.64355e-05,5.88181e-08,0.2237
1486,0.113261,0.10888,0.0672979,0.0178077,0.00271592,0.000250577,3.7027e-05,1.32019e-07,0.31025
1487,0.0625195,0.0600994,0.0340114,0.00675948,0.000680706,3.99696e-05,5.89986e-06,2.09663e-08,0.164116
1488,0.113776,0.109367,0.0735889,0.0250003,0.00538221,0.000721506,0.000106333,3.76044e-07,0.327943
1489,0,0,0,0,0,0,0,0,0
1490,0,0,0,0,0,0,0,0,0
1491,0,0,0,0,0,0,0,0,0
1492,0,0,0,0,0,0,0,0,0
1493,0.0503165,0.0483616,0.0291157,0.0070061,0.00092637,7.37708e-05,1.08249e-05,3.77718e-08,0.135811
1494,0.18254,0.175443,0.109571,0.0299939,0.00493393,0.000517802,7.59027e-05,2.64014e-07,0.503076
1495,0.0945464,0.0908678,0.0596033,0.0187276,0.00361471,0.000431663,6.3194e-05,2.18933e-07,0.267855
1496,0.207079,0.199018,0.132302,0.0434068,0.00894312,0.00115114,0.000168402,5.82128e-07,0.59207
1497,0.0136025,0.0130726,0.00636779,0.000711698,1.88303e-05,2.76024e-08,4.03306e-09,1.38888e-11,0.0337735
1498,0.237655,0.228387,0.169821,0.0788536,0.0265108,0.00574827,0.000838495,2.87272e-06,0.747817
1499,0.219846,0.211268,0.135159,0.0398984,0.00730859,0.000859355,0.000125245,4.27948e-07,0.614466
1500,0,0,0,0,0,0,0,0,0
1501,0.114523,0.110048,0.068684,0.0189121,0.00315739,0.000332616,4.83697e-05,1.64152e-07,0.315706
1502,0.125963,0.121039,0.0754682,0.0204142,0.00324249,0.000320278,4.65352e-05,1.57506e-07,0.346493
1503,0,0,0,0,0,0,0,0,0
1504,0.0387196,0.0372041,0.0215936,0.00464074,0.00052199,3.4775e-05,5.04307e-06,1.69689e-08,0.10272
1505,0,0,0,0,0,0,0,0,0
1506,0.35401,0.340136,0.230496,0.0805943,0.0183012,0.0026294,0.000380514,1.27204e-06,1.02655
1507,0.187431,0.180081,0.118254,0.0375072,0.00742457,0.000922291,0.000133345,4.44485e-07,0.531754
1508,0,0,0,0,0,0,0,0,0
1509,0.10814,0.103895,0.0693528,0.0230514,0.00482475,0.000628059,9.06537e-05,3.00625e-07,0.309984
1510,0,0,0,0,0,0,0,0,0
1511,0.237027,0.227709,0.144379,0.0414422,0.0071556,0.000763127,0.000109904,3.61961e-07,0.658586
1512,0.657406,0.631537,0.439795,0.175073,0.0519506,0.0105656,0.0015192,4.97854e-06,1.96785
1513,0.0781303,0.0750536,0.0479023,0.0138452,0.00237083,0.000247454,3.55405e-05,1.16061e-07,0.217585
1514,0.189179,0.181726,0.110269,0.0277416,0.00404527,0.000366955,5.26626e-05,1.71559e-07,0.51338
1515,0.0276361,0.0265468,0.0146358,0.00264708,0.000221208,9.51577e-06,1.36473e-06,4.43684e-09,0.0716979
1516,0,0,0,0,0,0,0,0,0
1517,0,0,0,0,0,0,0,0,0
1518,0.069016,0.0662901,0.0381308,0.00806077,0.000906025,6.15281e-05,8.79519e-06,2.83033e-08,0.182474
1519,0.0910934,0.087494,0.0570093,0.0175876,0.00330745,0.000382114,5.45827e-05,1.75262e-07,0.256929
1520,0,0,0,0,0,0,0,0,0
1521,0.101182,0.0971795,0.0642328,0.0207284,0.00415983,0.000516144,7.35913e-05,2.34942e-07,0.288073
1522,0.0178167,0.0171111,0.008734,0.0011727,4.62965e-05,6.16152e-08,8.76936e-09,2.78418e-11,0.0448808
1523,0,0,0,0,0,0,0,0,0
1524,0,0,0,0,0,0,0,0,0
1525,0.0894594,0.0859102,0.0558174,0.0170796,0.00317563,0.000362109,5.13899e-05,1.61717e-07,0.251856
1526,0,0,0,0,0,0,0,0,0
1527,0.192136,0.184505,0.114881,0.0309132,0.00482503,0.000458216,6.4909e-05,2.03091e-07,0.527784
1528,0.316201,0.303634,0.213222,0.0831582,0.0218524,0.00361937,0.000512171,1.59734e-06,0.942201
1529,0,0,0,0,0,0,0,0,0
1530,0.0719058,0.0690438,0.0435093,0.0120977,0.00195494,0.00018998,2.68219e-05,8.3055e-08,0.198728
1531,0,0,0,0,0,0,0,0,0
1532,0.133663,0.128338,0.0808688,0.0228062,0.00389023,0.000416445,5.86988e-05,1.80842e-07,0.370042
1533,0.246974,0.237124,0.152447,0.0452682,0.00810736,0.000892345,0.000125583,3.85048e-07,0.690938
1534,0,0,0,0,0,0,0,0,0
1535,0.115556,0.110943,0.0677277,0.0169935,0.00233701,0.000185536,2.60669e-05,7.95033e-08,0.313768
1536,0,0,0,0,0,0,0,0,0
1537,0.142147,0.136464,0.0859856,0.0239959,0.00393511,0.000393618,5.51827e-05,1.67183e-07,0.392977
1538,0.135898,0.130462,0.0820239,0.0228617,0.00379043,0.000388846,5.44676e-05,1.64584e-07,0.375479
1539,0,0,0,0,0,0,0,0,0
1540,0.139483,0.133895,0.0923278,0.0340484,0.00825142,0.00124687,0.000174221,5.22388e-07,0.409428
1541,0.0353265,0.0339106,0.0193662,0.00395973,0.000410207,2.42933e-05,3.39147e-06,1.01415e-08,0.0930009
1542,0,0,0,0,0,0,0,0,0
1543,0.0388337,0.0372756,0.0215588,0.00458357,0.000500916,3.12518e-05,4.35534e-06,1.29535e-08,0.102788
1544,0.153722,0.147549,0.094042,0.0272694,0.00474487,0.000507932,7.06967e-05,2.09432e-07,0.427906
1545,0,0,0,0,0,0,0,0,0
1546,0.0332279,0.0318918,0.018041,0.00357484,0.000351111,1.92551e-05,2.67404e-06,7.86656e-09,0.0871085
1547,0,0,0,0,0,0,0,0,0
1548,0,0,0,0,0,0,0,0,0
1549,0,0,0,0,0,0,0,0,0
1550,0.0401429,0.0385254,0.022402,0.00486438,0.000555044,3.71688e-05,5.14411e-06,1.49724e-08,0.106532
1551,0.0391357,0.0375575,0.0216877,0.00456543,0.000481439,2.76105e-05,3.81621e-06,1.10618e-08,0.103459
1552,0.0916389,0.0879405,0.0571823,0.0175567,0.0032588,0.000364321,5.02925e-05,1.45217e-07,0.257992
1553,0.080987,0.0777166,0.0497108,0.014522,0.00252312,0.000264958,3.65419e-05,1.05207e-07,0.225761
1554,0.052321,0.0502072,0.0302651,0.00735728,0.000987118,7.88443e-05,1.08657e-05,3.12096e-08,0.141227
1555,0.132809,0.127439,0.0872024,0.0314456,0.00738157,0.00107433,0.000147819,4.22474e-07,0.3875
1556,0,0,0,0,0,0,0,0,0
1557,0,0,0,0,0,0,0,0,0
1558,0,0,0,0,0,0,0,0,0
1559,0.0953178,0.0914545,0.0597832,0.0186931,0.00357434,0.000415001,5.6893e-05,1.60766e-07,0.269295
1560,0,0,0,0,0,0,0,0,0
1561,0.0578049,0.0554592,0.033874,0.00858606,0.00122299,0.000104103,1.42434e-05,4.00016e-08,0.157065
1562,0.0804834,0.077215,0.049329,0.0143766,0.00249449,0.000262021,3.58065e-05,1.0018e-07,0.224196
1563,0.0678645,0.0651066,0.0381703,0.00879613,0.00115732,9.38576e-05,1.28099e-05,3.56981e-08,0.181202
1564,0.100768,0.0966716,0.063671,0.020406,0.00405154,0.00049164,6.70607e-05,1.86542e-07,0.286127
1565,0.133022,0.12761,0.0872895,0.0314795,0.00739515,0.00107625,0.000146642,4.06524e-07,0.38802
1566,0,0,0,0,0,0,0,0,0
1567,0.0497244,0.0476986,0.0285224,0.00676747,0.000875462,6.68006e-05,9.08037e-06,2.49884e-08,0.133664
1568,0.0640928,0.0614806,0.0380599,0.010062,0.00151937,0.000137152,1.86308e-05,5.11618e-08,0.175371
1569,0,0,0,0,0,0,0,0,0
1570,0,0,0,0,0,0,0,0,0
1571,0.158729,0.152248,0.0991541,0.0314768,0.0064657,0.000843103,0.000114195,3.10755e-07,0.449031
1572,0.0108836,0.0104388,0.00488859,0.000471307,6.06136e-06,4.72981e-07,6.39644e-08,1.73225e-10,0.0266889
1573,0.0523443,0.0502045,0.0302227,0.00732727,0.00097798,7.71768e-05,1.0433e-05,2.82191e-08,0.141164
1574,0.104073,0.0998156,0.0659794,0.0213996,0.00431668,0.000530657,7.16457e-05,1.93026e-07,0.296187
1575,0.0380048,0.0364485,0.0210012,0.00444422,0.000489028,3.13421e-05,4.22478e-06,1.13251e-08,0.100423
1576,0.122505,0.117487,0.0721261,0.0185026,0.00262669,0.000213103,2.87063e-05,7.67912e-08,0.333489
1577,0.23702,0.227305,0.152911,0.0524014,0.0114354,0.00153016,0.000205942,5.49412e-07,0.682809
1578,0.142842,0.136983,0.0869109,0.0251724,0.00445768,0.000489969,6.58435e-05,1.74819e-07,0.396922
1579,0,0,0,0,0,0,0,0,0
1580,0.0478855,0.0459189,0.0272882,0.00635545,0.000799164,5.87745e-05,7.88489e-06,2.0824e-08,0.128314
1581,0.297218,0.285006,0.185586,0.0596245,0.0127783,0.00178831,0.000239732,6.31661e-07,0.842241
1582,0,0,0,0,0,0,0,0,0
1583,0,0,0,0,0,0,0,0,0
1584,0.213781,0.204982,0.135932,0.0445975,0.00915883,0.00114846,0.000153508,4.0079e-07,0.609753
1585,0,0,0,0,0,0,0,0,0
1586,0,0,0,0,0,0,0,0,0
1587,0.0494947,0.0474528,0.0282322,0.00654997,0.000793901,5.23426e-05,6.96931e-06,1.79769e-08,0.132583
1588,0,0,0,0,0,0,0,0,0
1589,0.0271746,0.0260524,0.0142533,0.00253378,0.000206212,8.5183e-06,1.13222e-06,2.90464e-09,0.07023
1590,0,0,0,0,0,0,0,0,0
1591,0.129229,0.123887,0.0769236,0.0206802,0.0032395,0.000307759,4.08398e-05,1.04239e-07,0.354307
1592,0.0361503,0.0346551,0.0180965,0.00283611,0.000205114,8.34292e-06,1.10609e-06,2.815e-09,0.0919525
1593,0.100098,0.0959542,0.0630041,0.0200469,0.00393142,0.000466133,6.17209e-05,1.56459e-07,0.283562
1594,0.0714076,0.0684501,0.0418937,0.0110749,0.00172742,0.000161471,2.1362e-05,5.40049e-08,0.194737
1595,0,0,0,0,0,0,0,0,0
1596,0.0785497,0.0752929,0.0478343,0.0137489,0.00233901,0.000238839,3.15387e-05,7.92678e-08,0.218035
1597,0.087247,0.0836274,0.0491939,0.0111788,0.0013756,0.000100064,1.32006e-05,3.30765e-08,0.232736
1598,0.0786209,0.075357,0.047878,0.0137698,0.00234619,0.00024016,3.1647e-05,7.90214e-08,0.218244
1599,0,0,0,0,0,0,0,0,0
1600,0.125724,0.120497,0.0742316,0.0193661,0.00285432,0.000247021,3.24803e-05,8.05496e-08,0.342953
1601,0.0587946,0.0563493,0.0344007,0.00873835,0.00124688,0.000105205,1.38209e-05,3.41797e-08,0.159649
1602,0.115229,0.110432,0.0738823,0.0249552,0.00533603,0.00069505,9.11764e-05,2.24453e-07,0.33062
1603,0.10176,0.0975205,0.0641428,0.0205507,0.00407677,0.000489773,6.41594e-05,1.5726e-07,0.288605
1604,0.103163,0.0988635,0.0636536,0.0196749,0.0038228,0.000452941,5.93031e-05,1.45116e-07,0.28969
1605,0,0,0,0,0,0,0,0,0
1606,0.254187,0.243582,0.160346,0.0531008,0.0117359,0.00166822,0.000217978,5.30027e-07,0.724838
1607,0.268781,0.257559,0.160716,0.0440154,0.00711146,0.000701055,9.15087e-05,2.21787e-07,0.738977
1608,0.0508125,0.0486902,0.0291289,0.00695394,0.000909279,6.98425e-05,9.1111e-06,2.2041e-08,0.136574
1609,0.160084,0.153392,0.0925004,0.0226781,0.00309118,0.000249208,3.24647e-05,7.81951e-08,0.432028
1610,0,0,0,0,0,0,0,0,0
1611,0.13522,0.129562,0.0768094,0.0179885,0.0023308,0.000179987,2.34088e-05,5.60941e-08,0.362114
1612,0,0,0,0,0,0,0,0,0
1613,0.172274,0.165055,0.107433,0.0339219,0.00684288,0.00086683,0.000112431,2.6711e-07,0.486506
1614,0.0281228,0.0269437,0.014852,0.00274391,0.000247329,1.25297e-05,1.62402e-06,3.84993e-09,0.0729239
1615,0.150112,0.143814,0.0865662,0.0213513,0.00301667,0.00026055,3.3731e-05,7.96658e-08,0.405155
1616,0.0433472,0.041528,0.0242105,0.00528371,0.000585935,3.48932e-05,4.51515e-06,1.06481e-08,0.114995
1617,0.155285,0.148761,0.0945923,0.0274809,0.00481554,0.000514287,6.64338e-05,1.55824e-07,0.431515
1618,0.0611783,0.0586067,0.0359179,0.00924188,0.00133833,0.000113555,1.46552e-05,3.42758e-08,0.166411
1619,0.046711,0.0447466,0.0264458,0.00608684,0.000756058,5.48766e-05,7.07665e-06,1.65094e-08,0.124808
1620,0.0873305,0.0836567,0.0538272,0.016128,0.00290677,0.000313498,4.04053e-05,9.41016e-08,0.244203
1621,0.177938,0.170446,0.10559,0.0286798,0.00469644,0.000476744,6.13629e-05,1.42309e-07,0.487889
1622,0,0,0,0,0,0,0,0,0
1623,0.0885495,0.0848171,0.0546599,0.0164591,0.00298478,0.000323311,4.15335e-05,9.57355e-08,0.247835
1624,0,0,0,0,0,0,0,0,0
1625,0.0373948,0.0358164,0.0204413,0.00417259,0.000417601,2.17413e-05,2.78635e-06,6.37489e-09,0.0982673
1626,0,0,0,0,0,0,0,0,0
1627,0,0,0,0,0,0,0,0,0
1628,0.0997984,0.0955788,0.0579436,0.0147514,0.00220901,0.000203583,2.60166e-05,5.89901e-08,0.270511
1629,0.0496028,0.0475039,0.0279508,0.00686331,0.00107123,0.000108435,1.38418e-05,3.12742e-08,0.133114
1630,0.0374121,0.0358288,0.0204937,0.00424421,0.000445789,2.60293e-05,3.32101e-06,7.49189e-09,0.098454
1631,0.0538804,0.0515981,0.0310677,0.00758493,0.00102395,8.10113e-05,1.03205e-05,2.31721e-08,0.145246
1632,0.0974148,0.0932857,0.0560365,0.0137869,0.001946,0.000167167,2.12765e-05,4.76301e-08,0.262658
1633,0.00526895,0.00504544,0.00215886,0.000168133,3.01908e-06,2.61152e-09,3.31894e-10,7.3952e-13,0.0126444
1634,0.128769,0.123304,0.0770577,0.0214903,0.00363712,0.00038015,4.82794e-05,1.07342e-07,0.354687
1635,0,0,0,0,0,0,0,0,0
1636,0.0241515,0.0231254,0.0124555,0.00214046,0.000172428,7.55852e-06,9.5808e-07,2.11717e-09,0.0620538
1637,0,0,0,0,0,0,0,0,0
1638,0.0456441,0.0437027,0.0257074,0.00583728,0.000709269,4.98273e-05,6.30362e-06,1.38448e-08,0.121657
1639,0.0610788,0.0584792,0.0357387,0.0092291,0.00134376,0.000113877,1.43906e-05,3.14962e-08,0.165998
1640,0,0,0,0,0,0,0,0,0
1641,0.190808,0.182678,0.119099,0.0374023,0.00727748,0.000858982,0.000108363,2.35888e-07,0.538233
1642,0.111582,0.106824,0.0646657,0.0160842,0.00222739,0.000179243,2.2583e-05,4.89615e-08,0.301586
1643,0.0651974,0.0624157,0.0385365,0.0101832,0.00153723,0.000136644,1.71971e-05,3.71556e-08,0.178024
1644,0.116729,0.111745,0.0679967,0.0171915,0.0024436,0.000204269,2.56751e-05,5.52496e-08,0.316336
1645,0.0144934,0.0138743,0.00695504,0.000952552,5.46914e-05,1.60889e-06,2.02067e-07,4.33744e-10,0.0363319
1646,0.10678,0.102216,0.0674865,0.0219787,0.00446588,0.000546359,6.85467e-05,1.46646e-07,0.303542
1647,0.0909106,0.0870233,0.0562073,0.0170969,0.00315274,0.000347432,4.35606e-05,9.29989e-08,0.254782
1648,0.131412,0.125789,0.0789872,0.0224503,0.00391642,0.000421197,5.27471e-05,1.12194e-07,0.363029
1649,0.232307,0.22236,0.148582,0.050297,0.0108249,0.00141255,0.0001767,3.74535e-07,0.665961
1650,0,0,0,0,0,0,0,0,0
1651,0,0,0,0,0,0,0,0,0
1652,0.0346874,0.0332001,0.0187299,0.00370265,0.000355964,1.78912e-05,2.23262e-06,4.69594e-09,0.0906962
1653,0,0,0,0,0,0,0,0,0
1654,0.036798,0.0352175,0.0200914,0.00415261,0.000440815,2.66177e-05,3.31213e-06,6.904e-09,0.0967302
1655,0.03738,0.0357736,0.0204581,0.00426488,0.000459783,2.83875e-05,3.52877e-06,7.33191e-09,0.0983683
1656,0,0,0,0,0,0,0,0,0
1657,0.162551,0.155559,0.0988753,0.0286325,0.00491881,0.000500299,6.21012e-05,1.28445e-07,0.451099
1658,0,0,0,0,0,0,0,0,0
1659,0.0737621,0.0705857,0.0442756,0.0123113,0.0019989,0.000191684,2.3745e-05,4.87966e-08,0.203149
1660,0.203227,0.194471,0.128402,0.0423327,0.00897779,0.00117975,0.000146025,2.99324e-07,0.578736
1661,0.230894,0.220939,0.135267,0.0353745,0.00545533,0.000517577,6.39783e-05,1.30591e-07,0.628511
1662,0.0891951,0.0853469,0.0549014,0.0164958,0.00297688,0.000317115,3.91578e-05,7.96623e-08,0.249272
1663,0.0492831,0.0471561,0.0279523,0.00649663,0.000807223,5.66588e-05,6.99199e-06,1.41967e-08,0.131759
1664,0.217076,0.207701,0.123727,0.0306375,0.00454239,0.000413475,5.09707e-05,1.03144e-07,0.584148
1665,0.0538055,0.0514802,0.0309212,0.00751812,0.0010091,7.87985e-05,9.70204e-06,1.95578e-08,0.144823
1666,0.111459,0.106639,0.0619675,0.0139081,0.00174547,0.000130918,1.61022e-05,3.23512e-08,0.295866
1667,0.061973,0.0592913,0.0363013,0.00937088,0.00136987,0.000117265,1.44061e-05,2.88359e-08,0.168438
1668,0.0664416,0.0635648,0.0363022,0.00768866,0.000880499,5.96649e-05,7.32272e-06,1.46124e-08,0.174945
1669,0.0892743,0.0854075,0.05495,0.0165533,0.00301235,0.000326083,3.99933e-05,7.96345e-08,0.249564
1670,0,0,0,0,0,0,0,0,0
1671,0.0343889,0.0328974,0.0185827,0.00373462,0.000382452,2.22957e-05,2.72843e-06,5.39465e-09,0.0900111
1672,0.0912925,0.0873307,0.0563453,0.017127,0.00315617,0.000345936,4.229e-05,8.33407e-08,0.25564
1673,0.0859792,0.0822453,0.0526276,0.0155925,0.00277051,0.000291868,3.56363e-05,6.99546e-08,0.239543
1674,0.25409,0.243053,0.14889,0.040314,0.00701369,0.000800646,9.77265e-05,1.91649e-07,0.69426
1675,0.129532,0.123902,0.0769594,0.0209776,0.00334979,0.000311297,3.79491e-05,7.41255e-08,0.35507
1676,0.0513435,0.0491106,0.029283,0.00696357,0.000903951,6.77078e-05,8.24624e-06,1.60592e-08,0.137681
1677,0,0,0,0,0,0,0,0,0
1678,0.0757155,0.0724184,0.0455166,0.012751,0.00208688,0.00020009,2.43156e-05,4.70232e-08,0.208713
1679,0,0,0,0,0,0,0,0,0
1680,0.216814,0.207361,0.137259,0.0454034,0.00953011,0.0012141,0.000147219,2.82727e-07,0.617728
1681,0.0462969,0.0442774,0.0260261,0.00592489,0.00072383,5.08547e-05,6.16188e-06,1.18055e-08,0.123306
1682,0.079648,0.0761709,0.0481439,0.0136916,0.00226611,0.000215388,2.60616e-05,4.97111e-08,0.220162
1683,0.0302048,0.0288859,0.015993,0.00301032,0.000276467,1.38603e-05,1.67637e-06,3.19335e-09,0.078386
1684,0,0,0,0,0,0,0,0,0
1685,0.142672,0.136435,0.0934338,0.0341981,0.00817603,0.00117507,0.000141821,2.68341e-07,0.416232
1686,0,0,0,0,0,0,0,0,0
1687,0.0347837,0.0332612,0.0187064,0.00366509,0.00034464,1.65605e-05,1.99467e-06,3.75003e-09,0.0907796
1688,0.137289,0.131276,0.0814222,0.0219412,0.00341391,0.000311669,3.7504e-05,7.0295e-08,0.375691
1689,0,0,0,0,0,0,0,0,0
1690,0.0734936,0.0702712,0.0439703,0.012175,0.00196688,0.000186718,2.24232e-05,4.17612e-08,0.202086
1691,0.049414,0.0472459,0.0280003,0.00654648,0.000830765,6.06948e-05,7.27988e-06,1.35046e-08,0.132105
1692,0,0,0,0,0,0,0,0,0
1693,0.102529,0.0980248,0.0641641,0.0204447,0.00402939,0.000472861,5.65876e-05,1.04219e-07,0.289722
1694,0.27387,0.261835,0.18062,0.0689062,0.0181869,0.0030234,0.00036168,6.6535e-07,0.806804
1695,0.0384841,0.0367922,0.0210715,0.00443166,0.000484255,3.01414e-05,3.60273e-06,6.61014e-09,0.101298
1696,0.0221773,0.0212013,0.0112155,0.00182102,0.000131732,4.77386e-06,5.69618e-07,1.03934e-09,0.0565522
1697,0,0,0,0,0,0,0,0,0
1698,0.0158949,0.0151949,0.00739296,0.000793778,8.53079e-06,2.34967e-06,2.80009e-07,5.08863e-10,0.0392877
1699,0.0912442,0.0872223,0.0527849,0.0136026,0.00209039,0.000193871,2.30674e-05,4.17128e-08,0.247161
1700,0.286632,0.273991,0.179171,0.0577162,0.0119302,0.00152601,0.000181365,3.26785e-07,0.811147
1701,0.0785503,0.0750843,0.0473719,0.0134715,0.00225903,0.000222488,2.64259e-05,4.75188e-08,0.216986
1702,0.157846,0.150878,0.091724,0.0235836,0.00355782,0.00032503,3.85679e-05,6.9139e-08,0.427953
1703,0.0646747,0.0618174,0.0379686,0.00992904,0.00147529,0.000127086,1.50608e-05,2.68901e-08,0.176007
1704,0,0,0,0,0,0,0,0,0
1705,0,0,0,0,0,0,0,0,0
1706,0.102947,0.0983909,0.0565271,0.0123676,0.00152878,0.000116245,1.37377e-05,2.43109e-08,0.271891
1707,0.0862171,0.0823991,0.0492316,0.0121845,0.00177306,0.000156046,1.84157e-05,3.24445e-08,0.23198
1708,0,0,0,0,0,0,0,0,0
1709,0.0391468,0.0374112,0.0214507,0.00453196,0.000497528,3.09294e-05,3.64313e-06,6.37935e-09,0.103073
1710,0,0,0,0,0,0,0,0,0
1711,0,0,0,0,0,0,0,0,0
1712,0.105489,0.100806,0.0614575,0.0160954,0.0025069,0.000234426,2.75465e-05,4.78683e-08,0.286617
1713,0.00982364,0.00938724,0.00443189,0.000503705,2.16364e-05,4.36415e-07,5.12259e-08,8.87096e-11,0.0241686
1714,0,0,0,0,0,0,0,0,0
1715,0.1051,0.100425,0.0607038,0.0153824,0.00226886,0.000200633,2.34959e-05,4.03909e-08,0.284105
1716,0.146233,0.139725,0.0871862,0.0239749,0.00382328,0.000353982,4.14157e-05,7.09833e-08,0.401338
1717,0,0,0,0,0,0,0,0,0
1718,0.0765097,0.0730999,0.0458989,0.0128804,0.00211873,0.000203511,2.37523e-05,4.03919e-08,0.210735
1719,0.101189,0.0966791,0.0574249,0.013574,0.00175491,0.00013052,1.52318e-05,2.58938e-08,0.270768
1720,0.0352226,0.0336518,0.0190065,0.00383573,0.000394607,2.28322e-05,2.66174e-06,4.50977e-09,0.0921368
1721,0.142128,0.135786,0.085067,0.0239714,0.00406819,0.00041488,4.83215e-05,8.16309e-08,0.391484
1722,0.0590137,0.0563783,0.0341568,0.00857698,0.00120348,9.71629e-05,1.13001e-05,1.90008e-08,0.159438
1723,0.0620032,0.0592326,0.0361175,0.00924763,0.00133104,0.000109982,1.27773e-05,2.14112e-08,0.168055
1724,0.0202417,0.0193365,0.0101056,0.00159464,0.000113601,4.26973e-06,4.95392e-07,8.26671e-10,0.0513968
1725,0.0517728,0.0494566,0.0294288,0.00699058,0.000906953,6.7325e-05,7.80494e-06,1.29902e-08,0.138631
1726,0.0207876,0.0198575,0.0104334,0.00168242,0.000125816,5.15711e-06,5.97714e-07,9.94039e-10,0.0528925
1727,0.00869348,0.00830407,0.00379289,0.00036837,9.21407e-06,7.33735e-09,8.48777e-10,1.40296e-12,0.021168
1728,0.0410492,0.0392094,0.0225978,0.0048603,0.000547041,3.47647e-05,4.01758e-06,6.6198e-09,0.108303
1729,0,0,0,0,0,0,0,0,0
1730,0.0641813,0.0613024,0.0375544,0.00977375,0.0014453,0.000123631,1.42668e-05,2.33998e-08,0.174395
1731,0,0,0,0,0,0,0,0,0
1732,0,0,0,0,0,0,0,0,0
1733,0.0225612,0.0215476,0.0114176,0.0018798,0.000141471,5.5572e-06,6.39491e-07,1.03946e-09,0.0575538
1734,0,0,0,0,0,0,0,0,0
1735,0.0391497,0.0373889,0.0213489,0.00443288,0.000462523,2.56296e-05,2.94348e-06,4.75428e-09,0.102812
1736,0.123033,0.117495,0.067733,0.0146074,0.00165532,0.000106194,1.21797e-05,1.95882e-08,0.324642
1737,0.0679923,0.0649307,0.0370019,0.0078453,0.000908682,6.31741e-05,7.24129e-06,1.16237e-08,0.178749
1738,0.0445692,0.0425613,0.0247889,0.00551269,0.000650106,4.3296e-05,4.95812e-06,7.93489e-09,0.11813
1739,0.0904596,0.0863817,0.0554129,0.016654,0.00301829,0.000320166,3.66219e-05,5.8392e-08,0.252283
1740,0,0,0,0,0,0,0,0,0
1741,0.121351,0.115874,0.0672851,0.0150562,0.00185868,0.000135528,1.54721e-05,2.45161e-08,0.321576
1742,0.0156822,0.0149742,0.00755908,0.0010765,6.714e-05,2.23527e-06,2.54947e-07,4.02788e-10,0.0393616
1743,0.0890459,0.085023,0.0496085,0.0111409,0.00134594,9.32434e-05,1.06246e-05,1.6733e-08,0.236268
1744,0.0974599,0.0930541,0.054905,0.0127457,0.00160574,0.000115449,1.31387e-05,2.06115e-08,0.259899
1745,0.149265,0.142512,0.0893411,0.025145,0.00420512,0.000414727,4.71324e-05,7.36103e-08,0.41093
1746,0.182524,0.174263,0.100409,0.0220014,0.00263693,0.00018534,2.10485e-05,3.27988e-08,0.48204
1747,0.135065,0.128949,0.0804472,0.0225518,0.0038358,0.000392534,4.45549e-05,6.93085e-08,0.371286
1748,0.0883492,0.0843453,0.0497427,0.0117222,0.00155845,0.000121763,1.37975e-05,2.13474e-08,0.235853
1749,0.112179,0.107093,0.0609144,0.0126072,0.0013424,7.96086e-05,9.01581e-06,1.39244e-08,0.294225
1750,0.0507422,0.0484404,0.0286968,0.00673968,0.000860099,6.23638e-05,7.0545e-06,1.08542e-08,0.135549
1751,0,0,0,0,0,0,0,0,0
1752,0.130003,0.1241,0.076284,0.0202025,0.00309815,0.000278288,3.14286e-05,4.81065e-08,0.353998
1753,0,0,0,0,0,0,0,0,0
1754,0,0,0,0,0,0,0,0,0
1755,0.0619977,0.0591776,0.0329879,0.00643833,0.000628266,3.26474e-05,3.67537e-06,5.56877e-09,0.161266
1756,0.149073,0.142287,0.0890925,0.0257296,0.00464898,0.000509729,5.73174e-05,8.65213e-08,0.411398
1757,0.103975,0.09924,0.0616973,0.0174465,0.00304385,0.000315415,3.54249e-05,5.32687e-08,0.285754
1758,0.0387653,0.0369994,0.0211155,0.00441688,0.000477536,2.88541e-05,3.23937e-06,4.86483e-09,0.101807
1759,0.133812,0.127712,0.0777378,0.0209322,0.00355653,0.000372838,4.18122e-05,6.25753e-08,0.364165
1760,0.0653707,0.0623883,0.0352288,0.00725023,0.000803731,5.4554e-05,6.10771e-06,9.09141e-09,0.171102
1761,0,0,0,0,0,0,0,0,0
1762,0,0,0,0,0,0,0,0,0
1763,0.0853548,0.0814556,0.0472182,0.0104193,0.00122904,8.26336e-05,9.23083e-06,1.36422e-08,0.225769
1764,0,0,0,0,0,0,0,0,0
1765,0,0,0,0,0,0,0,0,0
1766,0.0854627,0.0815514,0.0476603,0.0109075,0.00138756,0.000103478,1.15193e-05,1.68357e-08,0.227085
1767,0.0862067,0.0822602,0.0477538,0.0105942,0.00126069,8.56268e-05,9.52864e-06,1.39102e-08,0.228171
1768,0,0,0,0,0,0,0,0,0
1769,0.0811847,0.0774624,0.0451347,0.0102808,0.00130792,9.76934e-05,1.08415e-05,1.56875e-08,0.215479
1770,0.0604137,0.0576427,0.0349301,0.00882465,0.00125142,0.000101547,1.12615e-05,1.62593e-08,0.163175
1771,0.0446944,0.0426432,0.0247712,0.00547072,0.00063397,4.05494e-05,4.49192e-06,6.46237e-09,0.118259
1772,0.137544,0.131228,0.0783524,0.0194702,0.00286917,0.000256528,2.83853e-05,4.06894e-08,0.369749
1773,0.0117329,0.0111938,0.00541447,0.000675321,3.45215e-05,9.03114e-07,9.98308e-08,1.42642e-10,0.029052
1774,0.0616468,0.0588124,0.0357202,0.00908807,0.00129956,0.000105991,1.17037e-05,1.66652e-08,0.166685
1775,0,0,0,0,0,0,0,0,0
1776,0.193025,0.184144,0.113838,0.0310991,0.00510291,0.000501583,5.53181e-05,7.84591e-08,0.527765
1777,0,0,0,0,0,0,0,0,0
1778,0.152489,0.145464,0.0838808,0.0185063,0.00225421,0.000161503,1.77682e-05,2.50035e-08,0.402773
1779,0.1352,0.128969,0.0766244,0.0187516,0.00270372,0.000235407,2.58813e-05,3.63404e-08,0.36251
1780,0.0449446,0.0428714,0.0249225,0.00553139,0.000649415,4.25428e-05,4.6701e-06,6.52512e-09,0.118967
1781,0.084691,0.080783,0.0466031,0.0101133,0.00115511,7.40329e-05,8.12157e-06,1.13236e-08,0.223428
1782,0.126211,0.120384,0.0742142,0.0201129,0.00326046,0.000314951,3.45322e-05,4.80632e-08,0.344532
1783,0,0,0,0,0,0,0,0,0
1784,0,0,0,0,0,0,0,0,0
1785,0.126491,0.120642,0.0708393,0.0166486,0.00224681,0.000181467,1.98327e-05,2.73195e-08,0.337069
1786,0,0,0,0,0,0,0,0,0
1787,0,0,0,0,0,0,0,0,0
1788,0,0,0,0,0,0,0,0,0
1789,0.106364,0.101435,0.0570979,0.0114534,0.00115318,6.26587e-05,6.81977e-06,9.26989e-09,0.277573
1790,0.0650351,0.0620198,0.0345542,0.00674384,0.000663012,3.5918e-05,3.90639e-06,5.297e-09,0.169056
1791,0,0,0,0,0,0,0,0,0
1792,0.0192838,0.0183887,0.00952158,0.00147732,0.000104646,3.99504e-06,4.33565e-07,5.83862e-10,0.0487805
1793,0,0,0,0,0,0,0,0,0
1794,0.107562,0.102564,0.0610404,0.0145882,0.00189973,0.000138395,1.49919e-05,2.00694e-08,0.287808
1795,0.0223515,0.0213125,0.0112554,0.00185642,0.000143162,5.96568e-06,6.45697e-07,8.62049e-10,0.0569256
1796,0.0492429,0.0469521,0.0255519,0.00472312,0.000446226,2.39278e-05,2.58682e-06,3.44064e-09,0.126943
1797,0,0,0,0,0,0,0,0,0
1798,0.146574,0.139749,0.086922,0.0239395,0.00386027,0.000360168,3.88655e-05,5.13857e-08,0.401444
1799,0.0162368,0.0154804,0.00781818,0.00111992,7.00954e-05,2.2944e-06,2.47384e-07,3.26209e-10,0.040728
1800,0.0967569,0.0922471,0.0594703,0.0182565,0.00340503,0.000366937,3.95282e-05,5.19736e-08,0.270542
1801,0.0476967,0.0454717,0.0266158,0.00604926,0.000735489,4.99247e-05,5.36978e-06,7.02515e-09,0.126624
1802,0.0158016,0.0150642,0.00757233,0.00106701,6.47041e-05,2.00973e-06,2.15968e-07,2.81731e-10,0.0395721
1803,0,0,0,0,0,0,0,0,0
1804,0.0617966,0.0589089,0.0357239,0.00907601,0.00129665,0.000105216,1.12816e-05,1.46122e-08,0.166919
1805,0.104193,0.0993236,0.0561427,0.0115968,0.00127098,8.02324e-05,8.59995e-06,1.11267e-08,0.272616
1806,0.0311238,0.029668,0.0160681,0.00269223,0.000153546,7.29248e-07,7.8048e-08,1.00486e-10,0.0797065
1807,0.0527789,0.0503084,0.0298546,0.00709382,0.000921975,6.75849e-05,7.22392e-06,9.26179e-09,0.141032
1808,0.0623266,0.0594083,0.0360555,0.00918372,0.00131543,0.000106757,1.14048e-05,1.45969e-08,0.168408
1809,0.0565212,0.0538732,0.0322655,0.00788989,0.00106781,8.16916e-05,8.71785e-06,1.11199e-08,0.151708
1810,0.0691151,0.0658748,0.0384307,0.00897829,0.00120498,9.42513e-05,1.00448e-05,1.27573e-08,0.183708
1811,0.0739112,0.0704446,0.0423606,0.0108361,0.00162192,0.000140054,1.49164e-05,1.8904e-08,0.199329
1812,0.0196975,0.0187732,0.00972605,0.00151065,0.000106153,3.93056e-06,4.18195e-07,5.28256e-10,0.0498179
1813,0.153091,0.145905,0.100069,0.0373165,0.00919514,0.00133871,0.000142377,1.79617e-07,0.447058
1814,0.0821169,0.0782596,0.0451179,0.0098432,0.00113053,7.0135e-05,7.44937e-06,9.35817e-09,0.216546
1815,0,0,0,0,0,0,0,0,0
1816,0,0,0,0,0,0,0,0,0
1817,0.0786286,0.0749284,0.0469158,0.0131861,0.00217528,0.000205638,2.17668e-05,2.7042e-08,0.216062
1818,0,0,0,0,0,0,0,0,0
1819,0.0146245,0.0139355,0.00677401,0.000799614,2.52863e-05,1.0114e-08,1.06842e-09,1.31874e-12,0.036159
1820,0.106724,0.101695,0.0574394,0.0118099,0.00127443,7.80902e-05,8.24627e-06,1.01663e-08,0.279029
1821,0,0,0,0,0,0,0,0,0
1822,0,0,0,0,0,0,0,0,0
1823,0.0983612,0.0937191,0.0567535,0.0148408,0.00233382,0.000217036,2.28535e-05,2.79156e-08,0.266248
1824,0,0,0,0,0,0,0,0,0
1825,0.0391545,0.0373046,0.0212325,0.00443945,0.000481576,2.90069e-05,3.04804e-06,3.69827e-09,0.102645
1826,0.0726662,0.0692306,0.0400089,0.00901412,0.00114164,8.39416e-05,8.80934e-06,1.06445e-08,0.192154
1827,0.0962803,0.0917265,0.0537192,0.012283,0.00151371,0.0001045,1.09593e-05,1.3213e-08,0.255638
1828,0,0,0,0,0,0,0,0,0
1829,0.0637131,0.0606966,0.0338565,0.00672417,0.000694977,4.07065e-05,4.26145e-06,5.10821e-09,0.16573
1830,0.0470376,0.0448088,0.0261095,0.00585772,0.000694483,4.50084e-05,4.7044e-06,5.6105e-09,0.124558
1831,0,0,0,0,0,0,0,0,0
1832,0.041488,0.0395199,0.0226541,0.00484319,0.000540922,3.34228e-05,3.48604e-06,4.12898e-09,0.109083
1833,0.00278787,0.00265556,0.000959118,2.97812e-05,5.18615e-07,2.62365e-07,2.73427e-08,3.23003e-11,0.00643314
1834,0,0,0,0,0,0,0,0,0
1835,0,0,0,0,0,0,0,0,0
1836,0,0,0,0,0,0,0,0,0
1837,0.025137,0.0239417,0.0128071,0.00220558,0.000180189,7.86307e-06,8.16454e-07,9.53059e-10,0.0642802
1838,0.0255721,0.0243552,0.0130394,0.00224299,0.000180265,7.49215e-06,7.76891e-07,9.02917e-10,0.0653983
1839,0.0682796,0.06503,0.0362779,0.00711425,0.000697682,3.7261e-05,3.86299e-06,4.4868e-09,0.17744
1840,0.131831,0.125553,0.0750131,0.0190705,0.00297027,0.000280481,2.90454e-05,3.36112e-08,0.354748
1841,0.085915,0.0818208,0.0517724,0.0150708,0.00261343,0.000259451,2.68334e-05,3.09233e-08,0.237479
1842,0,0,0,0,0,0,0,0,0
1843,0,0,0,0,0,0,0,0,0
1844,0,0,0,0,0,0,0,0,0
1845,0.0786634,0.074907,0.0443206,0.0108464,0.00155319,0.00012946,1.33386e-05,1.51835e-08,0.210433
1846,0.0836449,0.0796492,0.0502012,0.0144443,0.00246443,0.000240327,2.4745e-05,2.81074e-08,0.230669
1847,0,0,0,0,0,0,0,0,0
1848,0.136216,0.129701,0.0799466,0.0216285,0.00343518,0.000314219,3.22877e-05,3.64342e-08,0.371274
1849,0.083281,0.0792955,0.0468164,0.0113426,0.00160283,0.000132616,1.36072e-05,1.52822e-08,0.222485
1850,0,0,0,0,0,0,0,0,0
1851,0.172113,0.163868,0.0989978,0.0252448,0.00370512,0.000312321,3.19932e-05,3.57392e-08,0.464273
1852,0.031004,0.0295179,0.0153971,0.00256266,0.000214934,9.89401e-06,1.01221e-06,1.12605e-09,0.0787075
1853,0.0942264,0.0897073,0.0498066,0.00972108,0.000959834,5.12108e-05,5.23367e-06,5.8024e-09,0.244478
1854,0,0,0,0,0,0,0,0,0
1855,0.055978,0.0532903,0.0317753,0.00769902,0.00102818,7.67763e-05,7.83097e-06,8.62652e-09,0.149855
1856,0.105519,0.10045,0.0600339,0.0148615,0.00211299,0.000174431,1.77724e-05,1.95099e-08,0.28317
1857,0.242343,0.230697,0.15283,0.0514019,0.0109429,0.00134954,0.000137424,1.50582e-07,0.689702
1858,0.118162,0.112482,0.0677161,0.016966,0.00239628,0.000191972,1.95378e-05,2.13698e-08,0.317934
1859,0,0,0,0,0,0,0,0,0
1860,0.0797312,0.0758939,0.0437637,0.00972295,0.00119094,8.38422e-05,8.51354e-06,9.24314e-09,0.210395
1861,0.193798,0.184465,0.112602,0.0295338,0.00447251,0.000387285,3.92815e-05,4.24913e-08,0.525298
1862,0.232055,0.220874,0.133303,0.0338803,0.00494365,0.000413942,4.1937e-05,4.51945e-08,0.625512
1863,0.018244,0.0173644,0.00887495,0.00132936,8.89525e-05,3.10654e-06,3.14403e-07,3.3769e-10,0.0459051
1864,0,0,0,0,0,0,0,0,0
1865,0.0864129,0.0822428,0.0448939,0.00830267,0.000761462,3.81617e-05,3.85542e-06,4.11728e-09,0.222656
1866,0.000752164,0.000715842,0.000170328,1.16531e-06,4.00189e-06,4.16928e-07,4.20695e-08,4.47462e-11,0.00164396
1867,0,0,0,0,0,0,0,0,0
1868,0.00661808,0.00629825,0.00279118,0.000265323,8.92552e-06,1.36752e-07,1.37795e-08,1.45895e-11,0.0159819
1869,0.0268781,0.0255781,0.0137884,0.00244509,0.000209725,9.7109e-06,9.77004e-07,1.02932e-09,0.0689101
1870,0,0,0,0,0,0,0,0,0
1871,0.0385807,0.0367134,0.020787,0.00429434,0.000457295,2.66844e-05,2.681e-06,2.81196e-09,0.100862
1872,0.101259,0.0963555,0.0539973,0.0109127,0.00115099,6.79033e-05,6.81497e-06,7.12284e-09,0.263751
1873,0.0843619,0.0802751,0.0505624,0.0145568,0.00248496,0.000241032,2.41771e-05,2.52232e-08,0.232506
1874,0.0417586,0.0397336,0.0227086,0.00481615,0.000526271,3.08707e-05,3.09067e-06,3.20454e-09,0.109577
1875,0,0,0,0,0,0,0,0,0
1876,0.0518651,0.0493476,0.0290832,0.00681252,0.00086821,6.15214e-05,6.14799e-06,6.33636e-09,0.138044
1877,0.0937718,0.089219,0.0480274,0.008692,0.000810831,4.3452e-05,4.34074e-06,4.46863e-09,0.240569
1878,0.028299,0.0269241,0.0134077,0.00188199,0.000119099,4.08999e-06,4.07965e-07,4.17932e-10,0.0706363
1879,0.0350194,0.0333169,0.0186082,0.00368881,0.000370859,2.03472e-05,2.02732e-06,2.06931e-09,0.0910266
1880,0,0,0,0,0,0,0,0,0
1881,0.040605,0.0386292,0.0220059,0.00463619,0.00050684,3.02737e-05,3.01152e-06,3.05783e-09,0.106416
1882,0.11516,0.109554,0.0624168,0.0133149,0.00152764,9.97992e-05,9.91829e-06,1.00399e-08,0.302083
1883,0,0,0,0,0,0,0,0,0
1884,0.1146,0.109016,0.0598884,0.011474,0.00114669,6.56773e-05,6.51306e-06,6.54652e-09,0.296197
1885,0.123952,0.117909,0.0694088,0.0168432,0.00243603,0.000209969,2.08109e-05,2.0881e-08,0.330781
1886,0,0,0,0,0,0,0,0,0
1887,0.0409171,0.0389201,0.0221929,0.00469626,0.000518113,3.13748e-05,3.10312e-06,3.09217e-09,0.107279
1888,0.0854233,0.0812524,0.0472035,0.0107617,0.00137411,0.000102525,1.0133e-05,1.00738e-08,0.226128
1889,0.072815,0.0692581,0.0390508,0.00803266,0.000863844,5.16406e-05,5.09903e-06,5.05355e-09,0.190077
1890,0.0678094,0.0644946,0.0362552,0.00745348,0.000816091,5.06169e-05,4.9909e-06,4.92369e-09,0.176884
1891,0.16778,0.159574,0.0934234,0.0217665,0.00279846,0.00019972,1.96737e-05,1.9348e-08,0.445562
1892,0.0418141,0.0397685,0.0206591,0.00325415,0.000230957,8.3429e-06,8.21475e-07,8.06726e-10,0.105736
1893,0.0935656,0.0889845,0.0522955,0.0123611,0.0016532,0.000127272,1.25115e-05,1.22224e-08,0.249
1894,0.0177981,0.0169263,0.00860054,0.00126739,8.25172e-05,2.76004e-06,2.71158e-07,2.64355e-10,0.0446779
1895,0.119005,0.113172,0.0642025,0.0133503,0.00142213,8.0971e-05,7.94606e-06,7.71847e-09,0.311241
1896,0.0265337,0.0252328,0.0134675,0.00227773,0.000169202,5.52683e-06,5.41963e-07,5.25139e-10,0.067687
1897,0.0253928,0.0241473,0.0128896,0.00222111,0.000182411,7.97596e-06,7.81572e-07,7.55558e-10,0.0648419
1898,0.071831,0.0683059,0.0389031,0.00838577,0.000992069,6.71442e-05,6.57246e-06,6.33146e-09,0.188492
1899,0,0,0,0,0,0,0,0,0
1900,0,0,0,0,0,0,0,0,0
1901,0.114752,0.109111,0.0661089,0.0172496,0.00266755,0.000239975,2.34072e-05,2.22896e-08,0.310153
1902,0,0,0,0,0,0,0,0,0
1903,0.159113,0.151284,0.0878305,0.0203992,0.00279204,0.000230959,2.24962e-05,2.13243e-08,0.421672
1904,0.0278416,0.0264712,0.0142846,0.00253972,0.000215518,9.53223e-06,9.27756e-07,8.77203e-10,0.0713631
1905,0.104287,0.09915,0.0609561,0.016901,0.00287548,0.000283172,2.75192e-05,2.58918e-08,0.284481
1906,0.122822,0.116769,0.0678394,0.0155099,0.00196441,0.000139824,1.35754e-05,1.27328e-08,0.325058
1907,0,0,0,0,0,0,0,0,0
1908,0,0,0,0,0,0,0,0,0
1909,0,0,0,0,0,0,0,0,0
1910,0,0,0,0,0,0,0,0,0
1911,0.0696118,0.0661725,0.0369104,0.00732785,0.000742666,4.11384e-05,3.97528e-06,3.67136e-09,0.18081
1912,0.136763,0.130003,0.0806483,0.0226809,0.00390376,0.000393253,3.79605e-05,3.49369e-08,0.37443
1913,0,0,0,0,0,0,0,0,0
1914,0,0,0,0,0,0,0,0,0
1915,0.0126774,0.0120498,0.00583876,0.000744159,3.94837e-05,1.05815e-06,1.01847e-07,9.28506e-11,0.0313508
1916,0.0527498,0.0501372,0.0295379,0.00693798,0.000887277,6.25646e-05,6.01813e-06,5.4754e-09,0.140319
1917,0.0343703,0.032667,0.0181495,0.00355103,0.000349763,1.85672e-05,1.7838e-06,1.61642e-09,0.089108
1918,0,0,0,0,0,0,0,0,0
1919,0.001866,0.00177341,0.000588358,1.09425e-05,9.06682e-07,2.30869e-07,2.21297e-08,1.99039e-11,0.00423987
1920,0.0495288,0.0470703,0.0260314,0.00538042,0.000644095,4.56488e-05,4.37217e-06,3.92229e-09,0.128705
1921,0,0,0,0,0,0,0,0,0
1922,0.100846,0.095836,0.0564662,0.0133964,0.00177418,0.000132519,1.26718e-05,1.13071e-08,0.268464
1923,0,0,0,0,0,0,0,0,0
1924,0.044136,0.0419404,0.024098,0.00523862,0.000599358,3.73342e-05,3.56093e-06,3.15113e-09,0.116053
1925,0,0,0,0,0,0,0,0,0
1926,0.0427751,0.0406456,0.0221375,0.00428547,0.000459643,2.88252e-05,2.74548e-06,2.41834e-09,0.110335
1927,0,0,0,0,0,0,0,0,0
1928,0.131528,0.124974,0.0679451,0.0126761,0.00121483,6.49923e-05,6.17635e-06,5.40047e-09,0.338409
1929,0.0523015,0.0496939,0.0291966,0.00679593,0.000852374,5.79995e-05,5.50828e-06,4.80622e-09,0.138904
1930,0.059231,0.0562762,0.0307369,0.00573291,0.00053084,2.62932e-05,2.49461e-06,2.16956e-09,0.152537
1931,0,0,0,0,0,0,0,0,0
1932,0.00099707,0.000947274,0.000231902,2.02745e-06,7.52439e-06,9.18863e-07,8.69848e-08,7.51003e-11,0.0021868
1933,0.00577142,0.00548305,0.00233396,0.000185911,3.62231e-06,6.352e-09,6.0077e-10,5.17141e-13,0.013778
1934,0,0,0,0,0,0,0,0,0
1935,0.0510096,0.0484584,0.0283341,0.00648403,0.000786536,5.07016e-05,4.78637e-06,4.09485e-09,0.135128
1936,0,0,0,0,0,0,0,0,0
1937,0,0,0,0,0,0,0,0,0
1938,0.0929902,0.0883333,0.0561374,0.016728,0.00299906,0.000302701,2.85032e-05,2.41823e-08,0.257519
1939,0.0163492,0.0155298,0.00778645,0.00110971,6.97448e-05,2.27679e-06,2.14061e-07,1.80701e-10,0.0408474
1940,0,0,0,0,0,0,0,0,0
1941,0.0440536,0.041844,0.0240232,0.00520726,0.000573823,3.23494e-05,3.03711e-06,2.55179e-09,0.115737
1942,0.130898,0.124329,0.0753443,0.0193891,0.00282871,0.000229157,2.14914e-05,1.79937e-08,0.353039
1943,0,0,0,0,0,0,0,0,0
1944,0.0167194,0.0158796,0.00798119,0.00114551,7.24854e-05,2.36766e-06,2.217e-07,1.84661e-10,0.0418008
1945,0.0287112,0.027268,0.0147571,0.00266903,0.000235367,1.10518e-05,1.03335e-06,8.56601e-10,0.0736527
1946,0,0,0,0,0,0,0,0,0
1947,0.0983545,0.0934058,0.0544939,0.0124891,0.00155249,0.000106311,9.92027e-06,8.16956e-09,0.260412
1948,0,0,0,0,0,0,0,0,0
1949,0.144646,0.137363,0.0843362,0.0226145,0.00349668,0.000301041,2.80498e-05,2.29877e-08,0.392786
1950,0.0835127,0.079305,0.0451827,0.00960278,0.00106706,6.43044e-05,5.98468e-06,4.88599e-09,0.218741
1951,0.00991596,0.00941611,0.00437283,0.000480429,1.9013e-05,2.97406e-07,2.76521e-08,2.25034e-11,0.0242047
1952,0.0829172,0.0787359,0.0451614,0.00990943,0.00118141,7.88586e-05,7.32734e-06,5.95039e-09,0.217991
1953,0.00726418,0.00689771,0.00300401,0.000248972,3.83167e-06,1.58619e-08,1.47254e-09,1.19234e-12,0.0174187
1954,0,0,0,0,0,0,0,0,0
1955,0.0778956,0.0739608,0.0419819,0.00890155,0.00100665,6.32588e-05,5.85816e-06,4.70508e-09,0.203816
1956,0.0299623,0.0284485,0.0154729,0.00284435,0.000256387,1.22751e-05,1.13624e-06,9.11229e-10,0.0769979
1957,0,0,0,0,0,0,0,0,0
1958,0.119087,0.113062,0.0724683,0.0228418,0.00455446,0.000516726,4.77035e-05,3.79236e-08,0.332578
1959,0,0,0,0,0,0,0,0,0
1960,0.0152622,0.0144895,0.00717483,0.00098092,5.71081e-05,1.65164e-06,1.52268e-07,1.20506e-10,0.0379664
1961,0.0882762,0.0838042,0.0513034,0.0140681,0.00231594,0.000214391,1.97419e-05,1.55632e-08,0.240002
1962,0.0317874,0.0301762,0.0165407,0.00311828,0.000291714,1.45511e-05,1.33858e-06,1.05178e-09,0.0819302
1963,0.0384011,0.0364539,0.0205025,0.00418798,0.000439172,2.47753e-05,2.27735e-06,1.78485e-09,0.100012
1964,0.0993841,0.0943419,0.0558536,0.0136552,0.00192596,0.000154839,1.42155e-05,1.10968e-08,0.26533
1965,0,0,0,0,0,0,0,0,0
1966,0.0307485,0.0291872,0.0158864,0.00291268,0.000255859,1.13639e-05,1.04179e-06,8.09346e-10,0.079003
1967,0.0333446,0.0316499,0.0174493,0.00334797,0.000320043,1.62218e-05,1.48452e-06,1.14661e-09,0.0861295
1968,0.0489448,0.046457,0.026982,0.0060844,0.000730118,4.70734e-05,4.30673e-06,3.32355e-09,0.12925
1969,0.00461929,0.00438437,0.00177953,0.000114513,8.35157e-07,3.15595e-08,2.88436e-09,2.21827e-12,0.0108986
1970,0,0,0,0,0,0,0,0,0
1971,0.0379249,0.0359939,0.0201974,0.00409936,0.000425847,2.37276e-05,2.16358e-06,1.65136e-09,0.0986673
1972,0.217636,0.20655,0.122491,0.0297698,0.00406852,0.000310413,2.82823e-05,2.153e-08,0.580854
1973,0.202764,0.192432,0.12328,0.0382266,0.00736012,0.000806936,7.34618e-05,5.57736e-08,0.564943
1974,0,0,0,0,0,0,0,0,0
1975,0.0423047,0.0401464,0.0209611,0.00343673,0.000269816,1.1366e-05,1.03238e-06,7.77928e-10,0.107131
1976,0.103751,0.0984559,0.0555231,0.0116233,0.00128766,7.68072e-05,6.97097e-06,5.23925e-09,0.270725
1977,0,0,0,0,0,0,0,0,0
1978,0.0464564,0.0440831,0.0254056,0.0055991,0.000650644,4.04713e-05,3.66627e-06,2.73851e-09,0.122239
1979,0.0828544,0.0786202,0.0448434,0.00965076,0.00110833,7.00906e-05,6.34516e-06,4.72892e-09,0.217154
1980,0.0882262,0.0837156,0.0526753,0.0152812,0.00263706,0.000253283,2.29102e-05,1.70278e-08,0.242812
1981,0.0297003,0.0281805,0.0152844,0.00279354,0.000250026,1.18416e-05,1.06934e-06,7.90453e-10,0.0762217
1982,0.094287,0.0894602,0.0567924,0.0169424,0.00304234,0.000304862,2.75052e-05,2.0271e-08,0.260857
1983,0.0640035,0.0607253,0.0333134,0.00632232,0.000599967,3.04396e-05,2.74353e-06,2.01519e-09,0.164998
1984,0.0252049,0.0239134,0.0126788,0.00215895,0.000174499,7.38313e-06,6.64878e-07,4.87001e-10,0.0641385
1985,0.0228868,0.0217137,0.0104612,0.00134277,7.51824e-05,2.21829e-06,1.99695e-07,1.46101e-10,0.056482
1986,0.0291164,0.027623,0.0149342,0.00270269,0.000238163,1.10516e-05,9.93276e-07,7.22821e-10,0.0746265
1987,0.0204458,0.0193967,0.0099938,0.00155753,0.000111096,4.11256e-06,3.69309e-07,2.68e-10,0.0515094
1988,0.0263265,0.0249748,0.0122295,0.00164746,9.83339e-05,3.10074e-06,2.78139e-07,2.01105e-10,0.0652799
1989,0,0,0,0,0,0,0,0,0
1990,0,0,0,0,0,0,0,0,0
1991,0.0532903,0.0505502,0.026986,0.00469454,0.000390213,1.69136e-05,1.51282e-06,1.08351e-09,0.13593
1992,0.0164384,0.015593,0.0077887,0.00109973,6.75202e-05,2.08636e-06,1.86558e-07,1.33486e-10,0.0409897
1993,0.0363184,0.0344491,0.0191878,0.00381374,0.000384421,2.06316e-05,1.84179e-06,1.31068e-09,0.0941759
1994,0.0736953,0.0699007,0.038987,0.00776998,0.000781582,4.13697e-05,3.6901e-06,2.61895e-09,0.19118
1995,0,0,0,0,0,0,0,0,0
1996,0.0353894,0.0335657,0.0186059,0.0037395,0.000388112,2.1242e-05,1.89171e-06,1.33548e-09,0.0917117
1997,0.0649892,0.0616385,0.0338574,0.00645677,0.000615326,3.10757e-05,2.76463e-06,1.94517e-09,0.167591
1998,0.0256329,0.0243109,0.0129097,0.00221284,0.000180795,7.73764e-06,6.87945e-07,4.83036e-10,0.0652556
1999,0.0502924,0.0476965,0.0277588,0.00632745,0.000774317,5.10742e-05,4.53384e-06,3.16696e-09,0.132905
2000,0.011125,0.0105505,0.00499677,0.000599305,2.93515e-05,7.18191e-07,6.36862e-08,4.43304e-11,0.0273017
2001,0,0,0,0,0,0,0,0,0
2002,0.0463469,0.0439516,0.0252622,0.00552291,0.000629682,3.76295e-05,3.332e-06,2.30824e-09,0.121754
2003,0.0475544,0.0450954,0.0260444,0.00580186,0.000688486,4.40504e-05,3.89666e-06,2.6905e-09,0.125233
2004,0.0551629,0.0523088,0.0267393,0.00411156,0.00029352,1.10391e-05,9.75342e-07,6.70768e-10,0.138628
2005,0.000461461,0.000437575,8.84918e-05,2.21142e-06,2.55869e-06,1.97038e-07,1.7395e-08,1.19312e-11,0.000992512
2006,0.0148347,0.0140665,0.00690661,0.000919961,5.07622e-05,1.32423e-06,1.16793e-07,7.9852e-11,0.03678
2007,0.0287897,0.0272981,0.0133948,0.00179691,0.000103447,3.01722e-06,2.65848e-07,1.81174e-10,0.0713863
2008,0.0362631,0.0343834,0.0191198,0.00378167,0.000376885,1.97623e-05,1.73971e-06,1.18209e-09,0.0939464
2009,0,0,0,0,0,0,0,0,0
2010,0.0871236,0.0826039,0.0496472,0.0129743,0.00202158,0.000176567,1.55194e-05,1.0491e-08,0.234563
2011,0.0325558,0.030866,0.0169121,0.00319662,0.000299024,1.46718e-05,1.28818e-06,8.6768e-10,0.0838456
2012,0.0568418,0.0538898,0.0290883,0.00527231,0.000468949,2.19106e-05,1.92152e-06,1.28934e-09,0.145585
2013,0,0,0,0,0,0,0,0,0
2014,0.0376563,0.0356991,0.0199505,0.00401222,0.000410296,2.21829e-05,1.94234e-06,1.29651e-09,0.0977525
2015,0.049803,0.0472126,0.0250014,0.00437445,0.000381645,1.78235e-05,1.55826e-06,1.03491e-09,0.126792
2016,0,0,0,0,0,0,0,0,0
2017,0.0224522,0.0212831,0.0110782,0.00178512,0.000132852,5.07182e-06,4.42438e-07,2.91702e-10,0.0567369
2018,0,0,0,0,0,0,0,0,0
2019,0.0526008,0.0498597,0.0265309,0.00458386,0.000377765,1.61594e-05,1.40753e-06,9.23357e-10,0.133971
2020,0,0,0,0,0,0,0,0,0
2021,0,0,0,0,0,0,0,0,0
2022,0.0122576,0.011618,0.00555839,0.000686383,3.44631e-05,8.34863e-07,7.25223e-08,4.71501e-11,0.0301557
2023,0,0,0,0,0,0,0,0,0
2024,0.0341845,0.0323988,0.0155201,0.00192822,9.59961e-05,2.25123e-06,1.95124e-07,1.25927e-10,0.0841301
2025,0.0587594,0.0556889,0.0289788,0.00475398,0.000375018,1.56063e-05,1.35196e-06,8.70997e-10,0.148573
2026,0.203986,0.19332,0.110605,0.024427,0.00298873,0.000206042,1.78247e-05,1.14313e-08,0.535551
2027,0.0737167,0.0698611,0.0410345,0.0099926,0.00140465,0.000109092,9.43355e-06,6.04142e-09,0.196128
2028,0.0363511,0.0344489,0.0191477,0.00379509,0.000381295,2.02795e-05,1.75183e-06,1.11806e-09,0.0941462
2029,0.0716175,0.067867,0.0376442,0.00741356,0.000737567,3.8729e-05,3.34057e-06,2.1215e-09,0.185322
2030,0,0,0,0,0,0,0,0,0
2031,0.0217299,0.020591,0.010663,0.00169423,0.000123834,4.63997e-06,3.99595e-07,2.52457e-10,0.054807
2032,0,0,0,0,0,0,0,0,0
2033,0,0,0,0,0,0,0,0,0
2034,0,0,0,0,0,0,0,0,0
2035,0.15901,0.15066,0.0888189,0.022166,0.00336798,0.000298598,2.56169e-05,1.59793e-08,0.424347
2036,0.0317056,0.0300401,0.0163749,0.0030546,0.000280769,1.3479e-05,1.15537e-06,7.18647e-10,0.0814707
2037,0.0410317,0.0388755,0.0219557,0.00457776,0.000494431,2.83937e-05,2.43216e-06,1.5094e-09,0.106966
2038,0.0695549,0.0658977,0.0399722,0.0103972,0.00153134,0.000121846,1.04255e-05,6.44614e-09,0.187486
2039,0.0455116,0.043117,0.0228355,0.00397915,0.000347564,1.65014e-05,1.40989e-06,8.67603e-10,0.115809
2040,0.0696222,0.065958,0.0364438,0.00710745,0.000699978,3.64953e-05,3.11647e-06,1.91428e-09,0.179871
2041,0.0218779,0.0207257,0.0107241,0.00169658,0.000122011,4.39986e-06,3.75243e-07,2.29521e-10,0.0551512
2042,0.0254337,0.0240936,0.0127251,0.00214624,0.00016903,6.70961e-06,5.71644e-07,3.48463e-10,0.0645749
2043,0.0298893,0.028314,0.0134611,0.0014902,8.12554e-05,1.91021e-05,1.62647e-06,9.89469e-10,0.0732566
2044,0,0,0,0,0,0,0,0,0
2045,0.0201758,0.0191113,0.00978428,0.00150082,0.000103941,3.63708e-06,3.09062e-07,1.86767e-10,0.0506801
2046,0.115922,0.109802,0.065278,0.0160907,0.00224004,0.00017171,1.4573e-05,8.77002e-09,0.30952
2047,0.0526995,0.0499161,0.0291468,0.00674775,0.000845251,5.67624e-05,4.81274e-06,2.88702e-09,0.139417
2048,0.0157359,0.0149047,0.00737843,0.00102087,6.13267e-05,1.85585e-06,1.57318e-07,9.43017e-11,0.0391033
2049,0.072155,0.0683415,0.0365009,0.00654216,0.000595887,2.96135e-05,2.50784e-06,1.49837e-09,0.184168
2050,0,0,0,0,0,0,0,0,0
2051,0.116944,0.110756,0.0635237,0.0141752,0.00173464,0.000115441,9.75269e-06,5.78057e-09,0.307259
2052,0.0174978,0.0165715,0.00831365,0.00119679,7.54323e-05,2.36282e-06,1.99426e-07,1.17828e-10,0.0436577
2053,0.0115699,0.0109572,0.00514106,0.000581299,2.23802e-05,2.51362e-07,2.11994e-08,1.2494e-11,0.0282721
2054,0.0148129,0.0140282,0.00688844,0.000931262,5.44065e-05,1.61043e-06,1.35722e-07,7.97971e-11,0.0367169
2055,0,0,0,0,0,0,0,0,0
2056,0,0,0,0,0,0,0,0,0
2057,0,0,0,0,0,0,0,0,0
2058,0,0,0,0,0,0,0,0,0
2059,0.0431492,0.0408571,0.0230008,0.00481517,0.000518394,2.85502e-05,2.39296e-06,1.38144e-09,0.112372
2060,0,0,0,0,0,0,0,0,0
2061,0.0578953,0.0548174,0.030815,0.00657774,0.000773844,4.97966e-05,4.16731e-06,2.39345e-09,0.150933
2062,0.101765,0.0963521,0.0535361,0.0107776,0.00113763,6.49541e-05,5.42963e-06,3.10669e-09,0.263639
2063,0.0593794,0.0562194,0.0305384,0.00571047,0.000540363,2.74258e-05,2.29038e-06,1.30634e-09,0.152418
2064,0,0,0,0,0,0,0,0,0
2065,0,0,0,0,0,0,0,0,0
2066,0.0975697,0.0923698,0.0535092,0.0121771,0.00150967,0.000101593,8.45935e-06,4.77782e-09,0.257245
2067,0,0,0,0,0,0,0,0,0
2068,0.110103,0.10423,0.0592184,0.0128357,0.00149934,9.37757e-05,7.79418e-06,4.37544e-09,0.287989
2069,0.0524616,0.0496623,0.0263123,0.00450292,0.000364776,1.50761e-05,1.25227e-06,7.0153e-10,0.13332
2070,0.0447935,0.0424019,0.0241736,0.00520338,0.000586379,3.48376e-05,2.88999e-06,1.61205e-09,0.117196
2071,0,0,0,0,0,0,0,0,0
2072,0.0473542,0.0448237,0.0257539,0.00568537,0.000666116,4.14759e-05,3.43456e-06,1.90445e-09,0.124328
2073,0.0264613,0.0250465,0.0132912,0.00229102,0.000188724,8.03098e-06,6.64316e-07,3.67037e-10,0.0672874
2074,0.0423985,0.0401306,0.022693,0.00475904,0.000514905,2.90667e-05,2.40241e-06,1.32373e-09,0.110528
2075,0,0,0,0,0,0,0,0,0
2076,0,0,0,0,0,0,0,0,0
2077,0,0,0,0,0,0,0,0,0
2078,0,0,0,0,0,0,0,0,0
2079,0,0,0,0,0,0,0,0,0
2080,0.0245341,0.0232183,0.0121857,0.00202918,0.000158704,6.34636e-06,5.21703e-07,2.8231e-10,0.0621328
2081,0.0569187,0.0538642,0.0288614,0.00513263,0.000442268,1.97325e-05,1.61997e-06,8.72747e-10,0.145241
2082,0.0332164,0.0314331,0.0156612,0.00222171,0.000138627,4.34287e-06,3.562e-07,1.91302e-10,0.0826758
2083,0.026884,0.0254403,0.0135191,0.00234186,0.000194033,8.27509e-06,6.7844e-07,3.63867e-10,0.0683884
2084,0,0,0,0,0,0,0,0,0
2085,0.0426234,0.0403323,0.0206793,0.00316858,0.000212489,6.97931e-06,5.70982e-07,3.04053e-10,0.107024
2086,0,0,0,0,0,0,0,0,0
2087,0.182631,0.172804,0.0967322,0.0199047,0.00214401,0.000122763,1.00232e-05,5.30179e-09,0.474348
2088,0.0191732,0.0181411,0.00920189,0.0013793,9.29258e-05,3.1611e-06,2.57908e-07,1.36094e-10,0.0479919
2089,0,0,0,0,0,0,0,0,0
2090,0.134099,0.126873,0.0763949,0.0195655,0.00283672,0.000221855,1.80639e-05,9.46749e-09,0.360009
2091,0.0100835,0.00953981,0.00443089,0.000504717,2.29619e-05,5.09208e-07,4.14051e-08,2.16034e-11,0.0245824
2092,0.0658342,0.0622831,0.0335968,0.00635915,0.000642036,3.5593e-05,2.89148e-06,1.50399e-09,0.168754
2093,0,0,0,0,0,0,0,0,0
2094,0,0,0,0,0,0,0,0,0
2095,0.0313746,0.0296798,0.0160984,0.0029782,0.000271604,1.28684e-05,1.04242e-06,5.37074e-10,0.0804166
2096,0.0273285,0.0258521,0.0137574,0.00239705,0.000200328,8.60662e-06,6.97003e-07,3.58784e-10,0.0695447
2097,0.0689676,0.0652387,0.0359344,0.00699988,0.00069246,3.60926e-05,2.91806e-06,1.4937e-09,0.177872
2098,0.121172,0.11462,0.0615577,0.0114943,0.00116777,6.83737e-05,5.52654e-06,2.82651e-09,0.310085
2099,0,0,0,0,0,0,0,0,0
2100,0.0520622,0.0492441,0.0286078,0.0065539,0.000809164,5.29868e-05,4.27412e-06,2.17112e-09,0.137334
2101,0.0566058,0.0535404,0.0285468,0.00496711,0.000401588,1.55445e-05,1.25273e-06,6.34404e-10,0.144078
2102,0,0,0,0,0,0,0,0,0
2103,0.0752413,0.0711627,0.0395146,0.0078527,0.000787008,4.06737e-05,3.2713e-06,1.64552e-09,0.194602
2104,0.0251759,0.0238107,0.0125154,0.00209652,0.000164676,6.53123e-06,5.24843e-07,2.63247e-10,0.0637702
2105,0.114545,0.10833,0.0581715,0.0104812,0.000928564,4.29247e-05,3.44543e-06,1.7215e-09,0.292503
2106,0.0625058,0.0591124,0.0320061,0.00588607,0.000529464,2.44358e-05,1.95917e-06,9.75206e-10,0.160066
2107,0,0,0,0,0,0,0,0,0
2108,0.0295767,0.0279697,0.0150322,0.00270395,0.000236309,1.0617e-05,8.49838e-07,4.20713e-10,0.0755303
2109,0.0220241,0.0208269,0.0107164,0.00166791,0.000114588,3.68837e-06,2.94933e-07,1.45505e-10,0.0553538
2110,0.0211337,0.0199843,0.0102384,0.00157845,0.000108595,3.61719e-06,2.88968e-07,1.4211e-10,0.0530473
2111,0,0,0,0,0,0,0,0,0
2112,0.0229547,0.0217054,0.0112688,0.00182175,0.00013705,5.25316e-06,4.18989e-07,2.0495e-10,0.0578934
2113,0,0,0,0,0,0,0,0,0
2114,0,0,0,0,0,0,0,0,0
2115,0.019653,0.0185821,0.00940747,0.00139134,8.84573e-05,2.5793e-06,2.05202e-07,9.95268e-11,0.0491251
2116,0,0,0,0,0,0,0,0,0
2117,0,0,0,0,0,0,0,0,0
2118,0.0212366,0.0200775,0.0102752,0.00157479,0.000106037,3.34714e-06,2.65385e-07,1.27255e-10,0.0532737
2119,0.0669355,0.0632805,0.0313846,0.00437418,0.000259904,7.35274e-06,5.82532e-07,2.78619e-10,0.166243
2120,0.120276,0.113705,0.0648174,0.0143095,0.00174327,0.00011597,9.17635e-06,4.37048e-09,0.314976
2121,0,0,0,0,0,0,0,0,0
2122,0.0860617,0.0813558,0.0445404,0.00869398,0.000890174,4.89837e-05,3.86977e-06,1.83329e-09,0.221595
2123,0.0372897,0.0352496,0.0177626,0.00261308,0.000170403,5.51692e-06,4.35356e-07,2.05475e-10,0.0930913
2124,0.0301338,0.0284846,0.0153295,0.00277227,0.000243791,1.09636e-05,8.64531e-07,4.0702e-10,0.0769759
2125,0.0285945,0.0270286,0.0135276,0.00202181,0.000146511,5.79293e-06,4.56211e-07,2.13859e-10,0.0713252
2126,0.0636811,0.0601924,0.0327371,0.00614997,0.000578512,2.84701e-05,2.24031e-06,1.04738e-09,0.16337
2127,0,0,0,0,0,0,0,0,0
2128,0.113581,0.107353,0.0635139,0.0156227,0.00219117,0.000168362,1.32232e-05,6.14272e-09,0.302443
2129,0.0223847,0.0211568,0.0107596,0.00155128,7.74609e-05,6.78107e-07,5.32154e-08,2.46533e-11,0.0559305
2130,0.0282664,0.0267151,0.0142525,0.00251287,0.000213971,9.34825e-06,7.32878e-07,3.38376e-10,0.071971
2131,0.0282346,0.0266844,0.012946,0.00169721,9.45962e-05,2.60574e-06,2.04101e-07,9.3953e-11,0.0696596
2132,0.0431546,0.0407838,0.0230377,0.00484858,0.000529128,2.99915e-05,2.34621e-06,1.07549e-09,0.112386
2133,0.0903921,0.0854238,0.0488138,0.0107363,0.00127312,8.09433e-05,6.32618e-06,2.89074e-09,0.236726
2134,0.0371577,0.0351145,0.0194334,0.0038391,0.000383139,1.9738e-05,1.54114e-06,7.01926e-10,0.0959492
2135,0.00994515,0.00939824,0.00432552,0.000474966,1.9522e-05,3.43592e-07,2.68233e-08,1.22103e-11,0.0241638
2136,0,0,0,0,0,0,0,0,0
2137,0.0343473,0.0324563,0.016719,0.00271698,0.000212447,8.31786e-06,6.47765e-07,2.9246e-10,0.086461
2138,0,0,0,0,0,0,0,0,0
2139,0.0436983,0.0412908,0.0233596,0.00494585,0.000545532,3.13646e-05,2.43932e-06,1.09643e-09,0.113874
2140,0,0,0,0,0,0,0,0,0
2141,0.0116394,0.0109974,0.00518874,0.000622789,3.03565e-05,7.10886e-07,5.51631e-08,2.46075e-11,0.0284795
2142,0.0414336,0.0391473,0.0205758,0.0035689,0.000312197,1.44669e-05,1.12141e-06,4.98475e-10,0.105053
2143,0.00271062,0.00256096,0.000970101,5.47698e-05,6.2431e-07,1.32103e-10,1.02285e-11,4.5294e-15,0.00629708
2144,0.0456392,0.0431186,0.0225994,0.00383681,0.000320789,1.41929e-05,1.09819e-06,4.85197e-10,0.11553
2145,0,0,0,0,0,0,0,0,0
2146,0,0,0,0,0,0,0,0,0
2147,0.0357532,0.0337759,0.016914,0.00245361,0.000158371,5.11598e-06,3.94744e-07,1.72767e-10,0.0890606
2148,0,0,0,0,0,0,0,0,0
2149,0,0,0,0,0,0,0,0,0
2150,0.0552121,0.0521551,0.030442,0.00711309,0.000903338,6.04055e-05,4.64895e-06,2.01732e-09,0.145891
2151,0.0505179,0.0477196,0.0237723,0.00340921,0.000218824,7.11053e-06,5.46758e-07,2.36548e-10,0.125646
2152,0.0442744,0.0418206,0.0236821,0.00503649,0.000559316,3.23363e-05,2.48386e-06,1.07082e-09,0.115408
2153,0,0,0,0,0,0,0,0,0
2154,0,0,0,0,0,0,0,0,0
2155,0.0546189,0.0515881,0.0300375,0.0069564,0.000866955,5.61109e-05,4.29881e-06,1.83703e-09,0.144128
2156,0.114607,0.108244,0.0635345,0.0151342,0.00198139,0.000137238,1.05022e-05,4.47082e-09,0.30365
2157,0.00570053,0.00538384,0.0020359,5.48954e-05,1.11059e-05,5.02173e-06,3.83789e-07,1.62662e-10,0.0131917
2158,0,0,0,0,0,0,0,0,0
2159,0.0402109,0.0379755,0.0212165,0.00433058,0.000454015,2.46721e-05,1.88297e-06,7.94351e-10,0.104214
2160,0.0456594,0.04312,0.0223706,0.003642,0.000279623,1.09748e-05,8.36862e-07,3.52002e-10,0.115083
2161,0.0160683,0.0151741,0.00745666,0.00101219,5.75168e-05,1.50973e-06,1.14978e-07,4.81595e-11,0.0397704
2162,0.0702335,0.0663228,0.0346044,0.00573793,0.000449831,1.77437e-05,1.34963e-06,5.6292e-10,0.177368
2163,0.071999,0.0679883,0.038566,0.0085108,0.00104983,7.01922e-05,5.33365e-06,2.21714e-09,0.188189
2164,0.0299474,0.028279,0.0151728,0.00273236,0.000239844,1.07632e-05,8.17684e-07,3.39664e-10,0.076383
2165,0,0,0,0,0,0,0,0,0
2166,0,0,0,0,0,0,0,0,0
2167,0,0,0,0,0,0,0,0,0
2168,0.0146735,0.0138542,0.00672797,0.000883546,4.84437e-05,1.25198e-06,9.46802e-08,3.87296e-11,0.036189
2169,0,0,0,0,0,0,0,0,0
2170,0.0758103,0.0715749,0.0403013,0.00859769,0.000993565,6.10931e-05,4.61439e-06,1.87966e-09,0.197343
2171,0.0921802,0.0870271,0.0499544,0.0112465,0.00139475,9.33347e-05,7.03953e-06,2.85373e-09,0.241903
2172,0,0,0,0,0,0,0,0,0
2173,0.0252112,0.0238008,0.012462,0.00207997,0.000163374,6.45696e-06,4.86301e-07,1.96189e-10,0.0637243
2174,0,0,0,0,0,0,0,0,0
2175,0.0504184,0.0475949,0.0273766,0.00611809,0.000725443,4.4407e-05,3.33726e-06,1.33658e-09,0.132281
2176,0.0560966,0.0529536,0.0309205,0.00725304,0.000926164,6.19713e-05,4.65233e-06,1.85665e-09,0.148217
2177,0.00651874,0.0061534,0.00263994,0.000226442,5.59003e-06,2.94036e-08,2.20608e-09,8.78637e-13,0.0155442
2178,0.0620867,0.0586056,0.0328481,0.00702115,0.000828302,5.24097e-05,3.92871e-06,1.56008e-09,0.161446
2179,0.081484,0.0769137,0.0432927,0.00915128,0.00103156,6.1874e-05,4.6348e-06,1.83595e-09,0.21194
2180,0.0765462,0.0722503,0.0400445,0.0079912,0.00081141,4.24156e-05,3.17291e-06,1.25111e-09,0.197689
2181,0.0266914,0.0251925,0.0131633,0.00212468,0.000141787,3.44354e-06,2.57265e-07,1.01005e-10,0.0673174
2182,0.00881479,0.00831969,0.00376626,0.000398252,1.60959e-05,3.01624e-07,2.25259e-08,8.83306e-12,0.0213154
2183,0.0190152,0.0179466,0.00825624,0.000925227,4.13209e-05,8.74688e-07,6.52466e-08,2.54835e-11,0.0461856
2184,0.0353026,0.0333179,0.0182528,0.00351224,0.000338032,1.66211e-05,1.23883e-06,4.82527e-10,0.0907414
2185,0.121466,0.114634,0.0646981,0.0138936,0.00162949,0.000103896,7.73638e-06,3.00369e-09,0.316433
2186,0.0296247,0.0279575,0.013177,0.00163325,9.00338e-05,2.65902e-06,1.97729e-07,7.64176e-11,0.0724853
2187,0,0,0,0,0,0,0,0,0
2188,0,0,0,0,0,0,0,0,0
2189,0.0363371,0.0342898,0.0188552,0.00367323,0.00036014,1.80789e-05,1.34122e-06,5.14253e-10,0.0935349
2190,0.0211932,0.0199985,0.00929007,0.00106756,4.87912e-05,1.04681e-06,7.75755e-08,2.96356e-11,0.0515992
2191,0.0149305,0.0140883,0.00686142,0.000916535,5.25798e-05,1.48256e-06,1.09723e-07,4.17311e-11,0.036851
2192,0.0309966,0.0292476,0.0145511,0.00211885,0.00014322,4.99614e-06,3.69462e-07,1.40134e-10,0.0770628
2193,0.0490823,0.0463118,0.0235443,0.00371774,0.000291022,1.23626e-05,9.13475e-07,3.45534e-10,0.12296
2194,0.0739539,0.0697772,0.0374723,0.00702404,0.000698431,3.76828e-05,2.78116e-06,1.04791e-09,0.188966
2195,0.021469,0.0202562,0.00939301,0.00106571,4.65325e-05,8.97886e-07,6.6236e-08,2.49163e-11,0.0522314
2196,0.0167655,0.0158179,0.00781868,0.00109215,6.63379e-05,1.96425e-06,1.44739e-07,5.4242e-11,0.0415627
2197,0.0289919,0.0273527,0.0145608,0.00255884,0.000214412,8.89589e-06,6.55008e-07,2.44838e-10,0.0736882
2198,0.0152717,0.0144078,0.00703146,0.00094441,5.43006e-05,1.51726e-06,1.11605e-07,4.15774e-11,0.0377113
2199,0.0408086,0.0384994,0.0214899,0.00438897,0.000459482,2.46392e-05,1.81126e-06,6.73352e-10,0.105673
2200,0.0830069,0.0783065,0.0439609,0.00919064,0.00100845,5.78578e-05,4.24651e-06,1.57028e-09,0.215536
2201,0.0153863,0.0145147,0.00709377,0.000958927,5.59669e-05,1.60538e-06,1.17742e-07,4.3432e-11,0.0380114
2202,0.0250316,0.0236131,0.010244,0.000953344,3.20334e-05,4.80173e-07,3.51875e-08,1.29431e-11,0.0598747
2203,0,0,0,0,0,0,0,0,0
2204,0.0643385,0.0606892,0.0336955,0.00697381,0.000785395,4.74194e-05,3.46822e-06,1.2674e-09,0.166533
2205,0.02112,0.0199216,0.0101592,0.00156655,0.000109839,3.81077e-06,2.78479e-07,1.01473e-10,0.0528813
2206,0.114326,0.107835,0.0574337,0.0103161,0.000926138,4.31105e-05,3.14642e-06,1.14162e-09,0.290884
2207,0.0644879,0.0608256,0.0361226,0.00895721,0.00123705,8.94422e-05,6.52472e-06,2.36344e-09,0.171726
2208,0.0789149,0.0744309,0.0413776,0.00836644,0.000867173,4.61528e-05,3.36284e-06,1.21328e-09,0.204007
2209,0.00975326,0.00919874,0.00421068,0.000461103,1.94207e-05,3.72168e-07,2.70832e-08,9.72984e-12,0.0236436
2210,0.000600773,0.000566608,0.000122043,1.75295e-06,2.91315e-06,2.15194e-07,1.56519e-08,5.6133e-12,0.00129432
2211,0,0,0,0,0,0,0,0,0
2212,0.047585,0.0448769,0.0255394,0.00553652,0.000626608,3.59907e-05,2.61356e-06,9.32236e-10,0.124203
2213,0.00221836,0.00209201,0.000702343,1.52011e-05,8.60747e-07,2.42219e-07,1.75599e-08,6.22814e-12,0.00502904
2214,0.00601462,0.00567193,0.00240801,0.000203118,5.27998e-06,4.53018e-08,3.28155e-09,1.16072e-12,0.014303
2215,0.0133267,0.0125672,0.00599542,0.000745217,3.71903e-05,8.33495e-07,6.03441e-08,2.13058e-11,0.0326726
2216,0.0182259,0.0171868,0.00858792,0.00124585,8.04354e-05,2.5673e-06,1.85699e-07,6.53617e-11,0.0453297
2217,0,0,0,0,0,0,0,0,0
2218,0.0426848,0.0402493,0.0225797,0.004695,0.000504924,2.78397e-05,2.01051e-06,7.0385e-10,0.110744
2219,0,0,0,0,0,0,0,0,0
2220,0.045739,0.0431261,0.0216429,0.00327056,0.000234812,8.71245e-06,6.27552e-07,2.17764e-10,0.114023
2221,0.0384543,0.0362572,0.0200499,0.00398842,0.000402991,2.07829e-05,1.49657e-06,5.18834e-10,0.0991751
2222,0,0,0,0,0,0,0,0,0
2223,0.0777454,0.0732987,0.0445976,0.0119392,0.00183574,0.000148126,1.06419e-05,3.66062e-09,0.209575
2224,0.0482898,0.0455272,0.0241843,0.00435324,0.000398583,1.89541e-05,1.36108e-06,4.6744e-10,0.122773
2225,0,0,0,0,0,0,0,0,0
2226,0.0378718,0.0357031,0.0179213,0.00263926,0.000174018,5.66597e-06,4.06002e-07,1.38429e-10,0.0943155
2227,0,0,0,0,0,0,0,0,0
2228,0.0152792,0.0144036,0.0070151,0.000938714,5.36173e-05,1.47518e-06,1.05545e-07,3.5801e-11,0.0376918
2229,0.0494253,0.0465916,0.0229123,0.0031499,0.000184836,5.16656e-06,3.6929e-07,1.24848e-10,0.122269
2230,0.0496629,0.046814,0.0227865,0.00315456,0.000204779,7.02553e-06,5.01647e-07,1.69003e-10,0.12263
2231,0.0438487,0.0413323,0.0232537,0.0048858,0.000533646,2.98767e-05,2.13109e-06,7.15442e-10,0.113886
2232,0.034883,0.0328804,0.0179276,0.00341597,0.000324392,1.55915e-05,1.11111e-06,3.71856e-10,0.0894481
2233,0,0,0,0,0,0,0,0,0
2234,0,0,0,0,0,0,0,0,0
2235,0,0,0,0,0,0,0,0,0
2236,0.0281949,0.0265735,0.0140698,0.00244733,0.000204019,8.50522e-06,6.03948e-07,1.99683e-10,0.0714987
2237,0,0,0,0,0,0,0,0,0
2238,0.061122,0.0576034,0.0294193,0.0046222,0.000340781,1.27057e-05,9.00087e-07,2.95213e-10,0.153121
2239,0.00237165,0.00223506,0.000841522,5.02331e-05,8.87459e-07,6.55349e-09,4.63847e-10,1.51679e-13,0.00549936
2240,0.0264932,0.0249666,0.0130967,0.00221117,0.000175877,6.90714e-06,4.88318e-07,1.59062e-10,0.0669509
2241,0,0,0,0,0,0,0,0,0
2242,0.00278737,0.00262663,0.000970675,4.64509e-05,1.40433e-07,1.397e-08,9.85993e-10,3.19355e-13,0.00643128
2243,0,0,0,0,0,0,0,0,0
2244,0,0,0,0,0,0,0,0,0
2245,0.0820024,0.0772677,0.0432137,0.00897624,0.000976851,5.5003e-05,3.87157e-06,1.24249e-09,0.212496
2246,0,0,0,0,0,0,0,0,0
2247,0.139364,0.131311,0.0724487,0.0145396,0.00152288,8.23067e-05,5.78339e-06,1.84515e-09,0.359274
2248,0.0241596,0.0227629,0.0109058,0.00142319,8.33801e-05,2.52753e-06,1.77421e-07,5.64116e-11,0.0593376
2249,0,0,0,0,0,0,0,0,0
2250,0.0151968,0.0143174,0.00696376,0.000932296,5.37399e-05,1.51012e-06,1.05795e-07,3.34138e-11,0.0374657
2251,0.0460343,0.0433693,0.0245296,0.00525096,0.00058912,3.38339e-05,2.36801e-06,7.45433e-10,0.119809
2252,0.00992123,0.00934672,0.00428732,0.000477895,2.11596e-05,4.44685e-07,3.11054e-08,9.77264e-12,0.0240548
2253,0.0560604,0.0528123,0.0279199,0.00484512,0.000403265,1.67669e-05,1.17134e-06,3.66428e-10,0.142059
2254,0.0743746,0.0700644,0.0387474,0.00781005,0.000822678,4.52267e-05,3.15798e-06,9.86224e-10,0.191868
2255,0.0364921,0.0343764,0.0188016,0.00361048,0.000341619,1.58422e-05,1.10534e-06,3.4429e-10,0.0936391
2256,0.0172026,0.0162045,0.00801091,0.00112825,6.97545e-05,2.10373e-06,1.4654e-07,4.53902e-11,0.0426182
2257,0.0883843,0.0832546,0.0442876,0.00783548,0.000669773,2.86154e-05,1.9918e-06,6.15406e-10,0.224462
2258,0.00975981,0.0091931,0.0036309,0.000224582,1.249e-05,1.95539e-06,1.3599e-07,4.18955e-11,0.022823
2259,0.0288273,0.0271529,0.0130926,0.0017026,9.31205e-05,2.41452e-06,1.67775e-07,5.15339e-11,0.0708711
2260,0.0303754,0.0286101,0.0152706,0.00272691,0.000234949,1.0021e-05,6.95479e-07,2.12754e-10,0.0772287
2261,0,0,0,0,0,0,0,0,0
2262,0.0448433,0.0422349,0.022727,0.00432164,0.000430197,2.21761e-05,1.53608e-06,4.66801e-10,0.114581
2263,0.0601568,0.0566567,0.0286276,0.00432672,0.000297081,1.00703e-05,6.97229e-07,2.11556e-10,0.150076
2264,0.087716,0.0826107,0.0449149,0.00871444,0.000888121,4.75467e-05,3.2894e-06,9.95466e-10,0.224895
2265,0.00410614,0.00386702,0.00156786,0.000118455,2.95245e-06,3.20007e-08,2.21118e-09,6.66386e-13,0.00966246
2266,0.00409942,0.00386064,0.00156756,0.000119533,3.06894e-06,3.54145e-08,2.44575e-09,7.35725e-13,0.00965025
2267,0.0927625,0.0873563,0.0460212,0.00803726,0.000691569,3.01986e-05,2.08314e-06,6.24201e-10,0.234901
2268,0.0286937,0.0270205,0.0143128,0.00250266,0.000210616,8.84696e-06,6.09467e-07,1.81802e-10,0.0727498
2269,0.0428311,0.0403324,0.0205387,0.00317684,0.000224156,7.74238e-06,5.32897e-07,1.58481e-10,0.107111
2270,0.00382686,0.00360352,0.00143334,9.92845e-05,1.94768e-06,1.19365e-08,8.20821e-10,2.43351e-13,0.00896496
2271,0.0610838,0.0575173,0.0307571,0.00554231,0.000485439,2.10284e-05,1.44458e-06,4.26811e-10,0.155408
2272,0.0603855,0.056859,0.0333257,0.00798696,0.00105215,7.15481e-05,4.91286e-06,1.44929e-09,0.159686
2273,0.036198,0.0340829,0.0169968,0.00247439,0.000162116,5.25945e-06,3.6079e-07,1.0608e-10,0.0899198
2274,0.0264589,0.024912,0.0130464,0.00220348,0.000176626,7.0395e-06,4.82189e-07,1.41067e-10,0.0668049
2275,0.0340169,0.0320277,0.0157875,0.00220675,0.000134791,3.98863e-06,2.73102e-07,7.97877e-11,0.0841779
2276,0.0595374,0.0560536,0.0302598,0.00572148,0.000559852,2.86658e-05,1.95997e-06,5.69864e-10,0.152163
2277,0.0151956,0.0143061,0.00694003,0.000922031,5.21748e-05,1.41045e-06,9.63711e-08,2.79545e-11,0.0374175
2278,0.025756,0.0242478,0.012641,0.00210231,0.000163908,6.27042e-06,4.28032e-07,1.23763e-10,0.0649177
2279,0.0369695,0.0348039,0.0166587,0.00216415,0.000123805,3.54596e-06,2.4189e-07,6.97793e-11,0.0907239
2280,0.040245,0.0378861,0.0192129,0.00296067,0.000212284,7.65902e-06,5.21736e-07,1.49794e-10,0.100525
2281,0.0470122,0.0442558,0.022797,0.00364895,0.000266751,9.23077e-06,6.284e-07,1.80023e-10,0.117991
2282,0.0241856,0.0227667,0.0117701,0.00191064,0.000144605,5.39907e-06,3.67065e-07,1.04684e-10,0.0607835
2283,0.0268817,0.025304,0.0121105,0.00155305,8.49553e-05,2.26265e-06,1.53693e-07,4.36987e-11,0.0659366
2284,0.0078839,0.00742109,0.00329102,0.00033106,1.26345e-05,2.23794e-07,1.51936e-08,4.3124e-12,0.0189399
2285,0,0,0,0,0,0,0,0,0
2286,0.0348875,0.0328377,0.0165003,0.0025025,0.000179403,6.55928e-06,4.44458e-07,1.25322e-10,0.0869144
2287,0.0126554,0.0119117,0.00563459,0.000693393,3.53016e-05,8.55003e-07,5.79128e-08,1.6308e-11,0.0309313
2288,0,0,0,0,0,0,0,0,0
2289,0.0474553,0.0446634,0.0230889,0.00376373,0.000289019,1.10558e-05,7.46907e-07,2.08466e-10,0.119272
2290,0.0464252,0.0436929,0.0225081,0.00362926,0.000274585,1.0354e-05,6.9912e-07,1.94775e-10,0.116541
2291,0.0559414,0.0526478,0.0287318,0.00570565,0.000606149,3.36009e-05,2.26661e-06,6.29408e-10,0.143669
2292,0,0,0,0,0,0,0,0,0
2293,0.0175886,0.0165522,0.00815209,0.00112491,6.4438e-05,1.6033e-06,1.07947e-07,2.97809e-11,0.043484
2294,0,0,0,0,0,0,0,0,0
2295,0.0168357,0.0158428,0.00778424,0.00107803,6.46931e-05,1.85489e-06,1.24638e-07,3.4153e-11,0.0416075
2296,0.14481,0.136267,0.0782295,0.0187335,0.00275712,0.000226976,1.52449e-05,4.17125e-09,0.381039
2297,0.024554,0.0231045,0.0119554,0.001948,0.000147964,5.5134e-06,3.69738e-07,1.00635e-10,0.0617158
2298,0.0170552,0.0160481,0.00790314,0.00110472,6.76314e-05,2.0053e-06,1.3439e-07,3.64954e-11,0.042181
2299,0.0131207,0.0123456,0.00586557,0.000733284,3.82878e-05,9.55576e-07,6.39772e-08,1.73158e-11,0.0321045
2300,0.0470133,0.0442348,0.0250101,0.00537417,0.000606252,3.47029e-05,2.32144e-06,6.26503e-10,0.122276
2301,0.00884176,0.00831901,0.00374485,0.000395828,1.62764e-05,3.1381e-07,2.09741e-08,5.64373e-12,0.0213181
2302,0.063295,0.0595505,0.0297753,0.00448859,0.000322084,1.17619e-05,7.85039e-07,2.10239e-10,0.157444
2303,0,0,0,0,0,0,0,0,0
2304,0.012467,0.0117288,0.00526363,0.000449422,1.50287e-06,1.71172e-06,1.14029e-07,3.03386e-11,0.0299122
2305,0.0151333,0.0142372,0.00688126,0.000903017,4.95161e-05,1.24942e-06,8.32176e-08,2.21279e-11,0.0372056
2306,0.0347697,0.0327096,0.0161387,0.00226908,0.000139607,4.12743e-06,2.74562e-07,7.26947e-11,0.0860311
2307,0,0,0,0,0,0,0,0,0
2308,0.0178366,0.0167788,0.00830872,0.00118308,7.4424e-05,2.27144e-06,1.50781e-07,3.96358e-11,0.044184
2309,0.0190775,0.017946,0.00819213,0.000909521,4.04706e-05,8.51588e-07,5.65124e-08,1.484e-11,0.0461665
2310,0.0615221,0.0578709,0.0310092,0.00568048,0.000518448,2.39411e-05,1.58681e-06,4.14955e-10,0.156627
2311,0,0,0,0,0,0,0,0,0
2312,0.028024,0.0263594,0.0125963,0.00162578,8.96231e-05,2.36728e-06,1.5658e-07,4.0659e-11,0.0686976
2313,0,0,0,0,0,0,0,0,0
2314,0.0677475,0.0637203,0.0346301,0.00664335,0.00064991,3.24353e-05,2.14198e-06,5.53194e-10,0.173426
2315,0.00779842,0.00733466,0.00323228,0.000317306,1.13465e-05,1.74247e-07,1.14965e-08,2.95987e-12,0.0186942
2316,0.0643518,0.0605235,0.0307673,0.00476828,0.000340298,1.19598e-05,7.88402e-07,2.02378e-10,0.160764
2317,0.0418366,0.0393463,0.020315,0.00337476,0.000276149,1.15231e-05,7.58562e-07,1.93798e-10,0.105161
2318,0,0,0,0,0,0,0,0,0
2319,0.0288803,0.02716,0.0143453,0.00249597,0.000207798,8.48544e-06,5.57736e-07,1.41746e-10,0.0730984
2320,0.0305968,0.0287734,0.0139193,0.00183621,0.000101888,2.63162e-06,1.72823e-07,4.37921e-11,0.0752304
2321,0.0312641,0.0294002,0.0144993,0.00207922,0.000137393,4.57003e-06,2.99888e-07,7.57871e-11,0.077385
2322,0.0323598,0.03043,0.0159756,0.00280683,0.000244018,1.05821e-05,6.93853e-07,1.74874e-10,0.0818274
2323,0,0,0,0,0,0,0,0,0
2324,0.0426708,0.0401236,0.0211926,0.00387263,0.000366472,1.76681e-05,1.15587e-06,2.89089e-10,0.108245
2325,0.00259975,0.0024445,0.000917368,5.30615e-05,7.94194e-07,3.57827e-09,2.33881e-10,5.83119e-14,0.00601548
2326,0.0200744,0.0188752,0.00946323,0.00139278,8.94508e-05,2.63943e-06,1.72414e-07,4.2899e-11,0.0498979
2327,0.00638065,0.00599931,0.00257768,0.000236045,7.88651e-06,1.20195e-07,7.84298e-09,1.94426e-12,0.0152017
2328,0,0,0,0,0,0,0,0,0
2329,0,0,0,0,0,0,0,0,0
2330,0.0422426,0.0397149,0.0220813,0.00451481,0.000473732,2.48614e-05,1.61786e-06,3.97357e-10,0.109054
2331,0.0114621,0.0107758,0.00501169,0.000586987,2.77323e-05,6.09254e-07,3.95929e-08,9.67873e-12,0.0278649
2332,0,0,0,0,0,0,0,0,0
2333,0.0289958,0.0272583,0.0143917,0.00250473,0.000208657,8.5079e-06,5.51897e-07,1.34084e-10,0.0733683
2334,0.0153505,0.0144305,0.00698794,0.000930029,5.30528e-05,1.44557e-06,9.37381e-08,2.27454e-11,0.0377535
2335,0.0369916,0.0347732,0.0189816,0.00366793,0.000355411,1.71215e-05,1.1087e-06,2.67743e-10,0.0947881
2336,0.0123361,0.0115959,0.00544779,0.000659505,3.27904e-05,7.6628e-07,4.95587e-08,1.19174e-11,0.0300729
2337,0.0647447,0.0608591,0.030102,0.00434499,0.000286474,9.36319e-06,6.05226e-07,1.45265e-10,0.160347
2338,0,0,0,0,0,0,0,0,0
2339,0.00984648,0.00925501,0.00421439,0.000462684,1.99609e-05,3.97936e-07,2.56723e-08,6.12103e-12,0.0237989
2340,0.044889,0.0421913,0.0236409,0.00495931,0.000540557,2.95798e-05,1.90636e-06,4.52955e-10,0.116252
2341,0,0,0,0,0,0,0,0,0
2342,0.0271847,0.0255498,0.0121909,0.00155383,8.37642e-05,2.17288e-06,1.39806e-07,3.30298e-11,0.0665653
2343,0.0678034,0.0637237,0.0333415,0.00585072,0.000532764,2.56597e-05,1.64921e-06,3.88207e-10,0.171279
2344,0.010009,0.00940665,0.00429048,0.000473292,2.0503e-05,4.0831e-07,2.62339e-08,6.16785e-12,0.0242003
2345,0,0,0,0,0,0,0,0,0
2346,0.0192829,0.0181214,0.00904205,0.00132141,8.58207e-05,2.66631e-06,1.70952e-07,3.99051e-11,0.0478564
2347,0.00652419,0.00613101,0.00263859,0.000243319,8.20626e-06,1.25703e-07,8.05063e-09,1.87214e-12,0.0155455
2348,0.0536099,0.0503777,0.0261877,0.00430125,0.000316668,1.03829e-05,6.64398e-07,1.54048e-10,0.134804
2349,0,0,0,0,0,0,0,0,0
2350,0.0842168,0.0791353,0.0440754,0.00912825,0.000989037,5.44682e-05,3.47909e-06,8.01675e-10,0.217603
2351,0.0142819,0.0134199,0.00605597,0.000671442,3.14039e-05,7.15116e-07,4.56419e-08,1.04893e-11,0.0344613
2352,0.0247042,0.0232123,0.0119777,0.00194559,0.000147165,5.40433e-06,3.44509e-07,7.8844e-11,0.0619927
2353,0.0244665,0.0229887,0.0118479,0.00191802,0.000144566,5.29987e-06,3.3768e-07,7.71487e-11,0.0613713
2354,0,0,0,0,0,0,0,0,0
2355,0.00454446,0.0042697,0.00173545,0.000131256,3.07854e-06,2.6556e-08,1.68838e-09,3.82905e-13,0.010684
2356,0,0,0,0,0,0,0,0,0
2357,0.068519,0.0643734,0.0332961,0.00555571,0.000456607,1.92405e-05,1.2214e-06,2.75544e-10,0.172221
2358,0.0745112,0.0700006,0.0382322,0.00743101,0.000729656,3.57497e-05,2.26657e-06,5.09144e-10,0.190943
2359,0,0,0,0,0,0,0,0,0
2360,0.0486232,0.0456776,0.0214467,0.00258246,0.000122607,2.5341e-06,1.60408e-07,3.58362e-11,0.118455
2361,0.0649635,0.061026,0.0310028,0.00482537,0.000348113,1.23554e-05,7.812e-07,1.73839e-10,0.162179
2362,0.0611902,0.0574798,0.0290149,0.0044342,0.000312251,1.07796e-05,6.80876e-07,1.5099e-10,0.152443
2363,0.0158352,0.0148745,0.00722038,0.000971508,5.63636e-05,1.55898e-06,9.83603e-08,2.17282e-11,0.0389596
2364,0,0,0,0,0,0,0,0,0
2365,0,0,0,0,0,0,0,0,0
2366,0.0290418,0.0272781,0.0138159,0.00219042,0.000165688,6.06873e-06,3.8203e-07,8.37413e-11,0.0724983
2367,0.00622778,0.00584941,0.00249668,0.000224465,7.25923e-06,1.0469e-07,6.58315e-09,1.43766e-12,0.0148057
2368,0,0,0,0,0,0,0,0,0
2369,0,0,0,0,0,0,0,0,0
2370,0.0213631,0.0200638,0.0101346,0.00154172,0.000105885,3.47172e-06,2.17772e-07,4.71577e-11,0.0532128
2371,0.102447,0.0962119,0.0522752,0.0105132,0.00118272,7.12401e-05,4.46259e-06,9.61824e-10,0.262706
2372,0.0264117,0.0248037,0.0129028,0.00215527,0.000170095,6.54546e-06,4.09672e-07,8.80405e-11,0.0664504
2373,0,0,0,0,0,0,0,0,0
2374,0.068392,0.064225,0.0356771,0.00753682,0.000874499,5.26566e-05,3.28994e-06,7.02782e-10,0.176761
2375,0.0106131,0.00996611,0.00456493,0.000509459,2.2049e-05,4.20575e-07,2.62497e-08,5.58726e-12,0.025676
2376,0.032532,0.0305482,0.0149949,0.00211413,0.000134183,4.16662e-06,2.59809e-07,5.51216e-11,0.0803279
2377,0,0,0,0,0,0,0,0,0
2378,0,0,0,0,0,0,0,0,0
2379,0.0517212,0.0485637,0.0256825,0.0046255,0.000425588,2.00464e-05,1.24702e-06,2.62409e-10,0.13104
2380,0.00480303,0.00450967,0.00184643,0.000143728,3.54717e-06,3.22504e-08,2.00383e-09,4.19969e-13,0.0113064
2381,0.00227486,0.00213586,0.000723161,1.90066e-05,3.75584e-07,1.40124e-07,8.69847e-09,1.81736e-12,0.00515341
2382,0.0137844,0.0129418,0.00615301,0.000776193,4.08466e-05,1.00264e-06,6.21765e-08,1.29445e-11,0.0336973
2383,0,0,0,0,0,0,0,0,0
2384,0,0,0,0,0,0,0,0,0
2385,0,0,0,0,0,0,0,0,0
2386,0,0,0,0,0,0,0,0,0
2387,0.0112323,0.0105443,0.00487229,0.000562367,2.60129e-05,5.52034e-07,3.40705e-08,6.97788e-12,0.0272379
2388,0.0250156,0.0234825,0.0121073,0.0019682,0.000148877,5.41828e-06,3.34057e-07,6.81718e-11,0.0627283
2389,0.063291,0.0594117,0.0299858,0.00457604,0.000319043,1.07549e-05,6.6293e-07,1.35181e-10,0.157595
2390,0,0,0,0,0,0,0,0,0
2391,0,0,0,0,0,0,0,0,0
2392,0,0,0,0,0,0,0,0,0
2393,0,0,0,0,0,0,0,0,0
2394,0.0251088,0.0235664,0.0121544,0.00198,0.000150491,5.5184e-06,3.38453e-07,6.78359e-11,0.062966
2395,0,0,0,0,0,0,0,0,0
2396,0.0463256,0.043478,0.0222621,0.00354581,0.000256489,8.33442e-06,5.1038e-07,1.01756e-10,0.115877
2397,0.0239766,0.0225023,0.0101513,0.00111304,5.00597e-05,1.07572e-06,6.58246e-08,1.30896e-11,0.0577945
2398,0,0,0,0,0,0,0,0,0
2399,0.00873563,0.00819807,0.00365688,0.000378391,1.49556e-05,2.66636e-07,1.62868e-08,3.21896e-12,0.0209842
2400,0.0876822,0.0822832,0.0419785,0.00668947,0.000506417,1.90827e-05,1.16409e-06,2.29038e-10,0.21916
2401,0.0256857,0.0241033,0.0134324,0.00298421,0.000378867,2.42505e-05,1.47759e-06,2.89539e-10,0.0666102
2402,0.0380563,0.035711,0.0179538,0.00274947,0.000198989,7.21027e-06,4.38924e-07,8.57387e-11,0.0946772
2403,0.0534154,0.0501221,0.0286381,0.00642426,0.000770235,4.61455e-05,2.80636e-06,5.46349e-10,0.139419
2404,0.0276356,0.0259316,0.0135385,0.0022915,0.000183492,7.07589e-06,4.30239e-07,8.37029e-11,0.0695883
2405,0.0117405,0.0110163,0.0047357,0.000447273,1.63526e-05,2.82747e-07,1.71744e-08,3.32952e-12,0.0279564
2406,0.0261878,0.0245714,0.0127383,0.00211245,0.000165007,6.23933e-06,3.78509e-07,7.30636e-11,0.0657816
2407,0.0150038,0.0140775,0.00675589,0.000878258,4.79738e-05,1.20764e-06,7.32167e-08,1.41032e-11,0.0367646
2408,0.0269395,0.0252757,0.0119832,0.00150612,7.92314e-05,1.93926e-06,1.17479e-07,2.25664e-11,0.0657859
2409,0.0507703,0.0476327,0.0235528,0.00343258,0.000232482,7.85343e-06,4.75029e-07,9.07696e-11,0.125629
2410,0,0,0,0,0,0,0,0,0
2411,0,0,0,0,0,0,0,0,0
2412,0.00822436,0.00771558,0.00340262,0.000338021,1.22983e-05,1.89701e-07,1.1448e-08,2.17019e-12,0.0196931
2413,0.00579712,0.00543834,0.00223611,0.000164856,2.43568e-06,7.97148e-10,4.80587e-11,9.07976e-15,0.0136389
2414,0,0,0,0,0,0,0,0,0
2415,0.0139897,0.013123,0.00623828,0.000789332,4.17352e-05,1.02395e-06,6.1586e-08,1.15409e-11,0.0341832
2416,0.00887661,0.0083266,0.00372247,0.000389758,1.58404e-05,2.95992e-07,1.77967e-08,3.33118e-12,0.0213316
2417,0.0129739,0.0121696,0.00572753,0.00070338,3.578e-05,8.47799e-07,5.09133e-08,9.49052e-12,0.0316112
2418,0.0178966,0.0167868,0.00825611,0.00116357,7.21326e-05,2.1223e-06,1.27355e-07,2.36777e-11,0.0441775
2419,0.0751894,0.0705247,0.0374221,0.00685409,0.000644136,3.06188e-05,1.83574e-06,3.40257e-10,0.190667
2420,0.0201405,0.0188905,0.00812247,0.0007515,2.53168e-05,3.76991e-07,2.25792e-08,4.17028e-12,0.0479306
2421,0,0,0,0,0,0,0,0,0
2422,0.0204298,0.019161,0.00959305,0.00142958,9.59463e-05,3.07308e-06,1.83771e-07,3.376e-11,0.0507127
2423,0.0333311,0.0312599,0.01542,0.00223196,0.000149102,4.921e-06,2.93943e-07,5.37893e-11,0.0823973
2424,0,0,0,0,0,0,0,0,0
2425,0.00331669,0.00311044,0.00121382,8.3074e-05,1.82517e-06,1.72068e-08,1.02602e-09,1.86631e-13,0.00772586
2426,0.0228709,0.0214479,0.00992433,0.00115842,5.49726e-05,1.21046e-06,7.20951e-08,1.30619e-11,0.0554578
2427,0,0,0,0,0,0,0,0,0
2428,0,0,0,0,0,0,0,0,0
2429,0.0177941,0.0166859,0.00819244,0.00114903,7.06028e-05,2.04603e-06,1.21576e-07,2.18491e-11,0.0438942
2430,0.0680347,0.0637953,0.0349366,0.00705538,0.000764135,4.24447e-05,2.5189e-06,4.50719e-10,0.174631
2431,0.0310719,0.029135,0.014339,0.00207458,0.000139115,4.55654e-06,2.70184e-07,4.82061e-11,0.0767644
2432,0.0234554,0.0219928,0.0101939,0.00119278,5.60952e-05,1.19182e-06,7.06202e-08,1.25692e-11,0.0568923
2433,0.0198257,0.0185891,0.00926118,0.00136035,8.93676e-05,2.78712e-06,1.65028e-07,2.9299e-11,0.0491286
2434,0.035414,0.0332039,0.0179008,0.00336126,0.000312843,1.41777e-05,8.38441e-07,1.48223e-10,0.0902079
2435,0,0,0,0,0,0,0,0,0
2436,0.0312915,0.029337,0.0155423,0.00276133,0.000236582,9.7286e-06,5.74165e-07,1.00796e-10,0.0791791
2437,0,0,0,0,0,0,0,0,0
2438,0.0215856,0.0202361,0.0101911,0.00154725,0.000106126,3.43935e-06,2.0255e-07,3.52961e-11,0.0536699
2439,0,0,0,0,0,0,0,0,0
2440,0.0590834,0.0553871,0.0286371,0.00494972,0.000446726,2.07934e-05,1.22286e-06,2.12072e-10,0.148526
2441,0,0,0,0,0,0,0,0,0
2442,0,0,0,0,0,0,0,0,0
2443,0,0,0,0,0,0,0,0,0
2444,0,0,0,0,0,0,0,0,0
2445,0.00754747,0.00707429,0.00308471,0.000299059,1.08081e-05,1.74442e-07,1.02072e-08,1.7395e-12,0.0180165
2446,0.00256069,0.00240011,0.000779325,3.14625e-05,2.12488e-06,1.4266e-07,8.34642e-09,1.42175e-12,0.00577387
2447,0,0,0,0,0,0,0,0,0
2448,0,0,0,0,0,0,0,0,0
2449,0.0707058,0.0662664,0.0357559,0.00712539,0.000788223,4.51859e-05,2.6347e-06,4.43579e-10,0.180689
2450,0.0101415,0.00950449,0.00386335,0.000288117,6.478e-06,1.17797e-07,6.86344e-09,1.15259e-12,0.023804
2451,0.00669552,0.00627479,0.00268667,0.000245182,7.99703e-06,1.11356e-07,6.48109e-09,1.0843e-12,0.0159103
2452,0.0226714,0.0212464,0.00979766,0.00113274,5.27302e-05,1.1199e-06,6.51353e-08,1.08712e-11,0.0549022
2453,0.034572,0.032398,0.0158237,0.00219045,0.000132406,3.76651e-06,2.18838e-07,3.63934e-11,0.0851206
2454,0.0402726,0.0377391,0.0191779,0.00307048,0.000238267,9.16807e-06,5.3208e-07,8.81461e-11,0.100508
2455,0,0,0,0,0,0,0,0,0
2456,0,0,0,0,0,0,0,0,0
2457,0,0,0,0,0,0,0,0,0
2458,0.0413475,0.0387424,0.0194038,0.00291042,0.000197957,6.42003e-06,3.71334e-07,6.07995e-11,0.102609
2459,0,0,0,0,0,0,0,0,0
2460,0.0168238,0.015763,0.00700844,0.000722706,2.83686e-05,5.24137e-07,3.02597e-08,4.92269e-12,0.0403468
2461,0.00384427,0.00360176,0.00142527,0.000101113,2.23649e-06,1.89738e-08,1.09427e-09,1.77384e-13,0.00897466
2462,0,0,0,0,0,0,0,0,0
2463,0.0227104,0.021277,0.0100062,0.00126468,7.15589e-05,2.04782e-06,1.1797e-07,1.90485e-11,0.055332
2464,0.0222053,0.0208028,0.0104999,0.00160983,0.000112072,3.67917e-06,2.11586e-07,3.39625e-11,0.0552338
2465,0.0413908,0.0387763,0.0196901,0.00313726,0.000240428,9.08834e-06,5.22552e-07,8.38163e-11,0.103244
2466,0,0,0,0,0,0,0,0,0
2467,0.0103453,0.0096912,0.00430745,0.000452786,1.83136e-05,3.15801e-07,1.81184e-08,2.88451e-12,0.0248154
2468,0,0,0,0,0,0,0,0,0
2469,0.0368628,0.0345307,0.0181532,0.00326103,0.000294612,1.30035e-05,7.44954e-07,1.17997e-10,0.093116
2470,0.00649565,0.00608455,0.00259574,0.000235779,7.77989e-06,1.13623e-07,6.50344e-09,1.02691e-12,0.0154196
2471,0,0,0,0,0,0,0,0,0
2472,0,0,0,0,0,0,0,0,0
2473,0.0374949,0.0351184,0.0190331,0.00364855,0.000350082,1.63035e-05,9.29967e-07,1.45108e-10,0.0956623
2474,0.00187576,0.00175685,0.000622096,2.99854e-05,3.09554e-07,4.10207e-10,2.33883e-11,3.64388e-15,0.004285
2475,0,0,0,0,0,0,0,0,0
2476,0,0,0,0,0,0,0,0,0
2477,0,0,0,0,0,0,0,0,0
2478,0.0239299,0.0224106,0.0114197,0.00180703,0.000131838,4.55685e-06,2.58904e-07,3.98503e-11,0.0597039
2479,0,0,0,0,0,0,0,0,0
2480,0.0124368,0.0116466,0.00542682,0.000649938,3.18776e-05,7.16671e-07,4.0645e-08,6.21689e-12,0.0301928
2481,0.0104775,0.0098116,0.00446705,0.000498151,2.21293e-05,4.4909e-07,2.54501e-08,3.88247e-12,0.0252769
2482,0.00900109,0.00842859,0.00375715,0.000392071,1.58041e-05,2.8732e-07,1.6255e-08,2.46527e-12,0.021595
2483,0.0584773,0.0547571,0.0283192,0.004933,0.000450914,2.10902e-05,1.19242e-06,1.80451e-10,0.14696
2484,0,0,0,0,0,0,0,0,0
2485,0.0449972,0.0421325,0.0213148,0.00330815,0.000236205,8.02259e-06,4.52853e-07,6.81453e-11,0.111997
2486,0.0121454,0.0113718,0.00527929,0.000625454,3.02038e-05,6.66812e-07,3.75922e-08,5.6322e-12,0.0294529
2487,0.0499817,0.0467967,0.0235232,0.00373779,0.000299771,1.22613e-05,6.90468e-07,1.03048e-10,0.124352
2488,0.0319192,0.0298847,0.0133312,0.00142947,6.33679e-05,1.3542e-06,7.6231e-08,1.13625e-11,0.0766293
2489,0.00179665,0.00168209,0.000579531,2.35719e-05,9.03169e-08,1.39045e-09,7.82069e-11,1.16235e-14,0.00408194
2490,0,0,0,0,0,0,0,0,0
2491,0.0229578,0.0214925,0.0108817,0.00169074,0.000120346,4.04942e-06,2.27217e-07,3.34909e-11,0.0571474
2492,0,0,0,0,0,0,0,0,0
2493,0.0168928,0.0158138,0.00767054,0.0010405,6.05193e-05,1.61029e-06,9.01956e-08,1.32133e-11,0.0414799
2494,0,0,0,0,0,0,0,0,0
2495,0.0131876,0.0123447,0.00579246,0.000710169,3.60246e-05,8.38068e-07,4.68646e-08,6.82634e-12,0.0320718
2496,0,0,0,0,0,0,0,0,0
2497,0.0310275,0.0290431,0.0153119,0.00269816,0.000229178,9.28314e-06,5.18384e-07,7.51415e-11,0.0783196
2498,0.0169865,0.0158995,0.00772112,0.00105386,6.22892e-05,1.70832e-06,9.52519e-08,1.37353e-11,0.0417251
2499,0.040707,0.0381014,0.0182262,0.00241225,0.00014059,3.88502e-06,2.16523e-07,3.11743e-11,0.0995915
2500,0.0136125,0.0127408,0.00600275,0.000745887,3.85935e-05,9.17524e-07,5.10754e-08,7.32342e-12,0.0331415
2501,0.016478,0.0154222,0.00744766,0.000996009,5.65272e-05,1.45191e-06,8.07305e-08,1.15297e-11,0.0404019
2502,0.0123497,0.0115583,0.0045519,0.000308112,6.61973e-06,2.18047e-07,1.21153e-08,1.72594e-12,0.0287748
2503,0.0028705,0.00268646,0.00102124,6.46945e-05,1.25704e-06,9.97573e-09,5.53768e-10,7.86364e-14,0.00664417
2504,0.0251596,0.0235461,0.0114292,0.00161417,0.000105666,3.32388e-06,1.84406e-07,2.61334e-11,0.0618582
2505,0.105769,0.0989832,0.0504481,0.00823201,0.000669176,2.76866e-05,1.53447e-06,2.16693e-10,0.264131
2506,0.0434386,0.0406509,0.0197956,0.00282205,0.000191092,6.48943e-06,3.59467e-07,5.06669e-11,0.106905
2507,0.0292806,0.0274006,0.0126679,0.00153938,8.31058e-05,2.19372e-06,1.21361e-07,1.70298e-11,0.0709739
2508,0.0107359,0.0100464,0.00457604,0.000510947,2.25094e-05,4.42059e-07,2.44397e-08,3.42178e-12,0.0258923
2509,0.0105112,0.00983572,0.00447043,0.000497011,2.19355e-05,4.37963e-07,2.41797e-08,3.36913e-12,0.0253368
2510,0,0,0,0,0,0,0,0,0
2511,0,0,0,0,0,0,0,0,0
2512,0.0339923,0.0318054,0.0146759,0.00172397,8.39235e-05,1.90776e-06,1.05046e-07,1.45017e-11,0.0822835
2513,0,0,0,0,0,0,0,0,0
2514,0.00896801,0.00839065,0.00372144,0.000380886,1.45589e-05,2.35665e-07,1.29549e-08,1.77822e-12,0.0214758
2515,0.0151152,0.0141416,0.00674713,0.000871521,4.73246e-05,1.1664e-06,6.40491e-08,8.75839e-12,0.036924
2516,0.0363451,0.0340032,0.0178999,0.00323454,0.000292941,1.28184e-05,7.03164e-07,9.58132e-11,0.0917893
2517,0,0,0,0,0,0,0,0,0
2518,0,0,0,0,0,0,0,0,0
2519,0,0,0,0,0,0,0,0,0
2520,0.0134884,0.012618,0.00592988,0.000732558,3.76031e-05,8.83583e-07,4.83074e-08,6.50612e-12,0.0328074
2521,0.00484739,0.00453453,0.00184821,0.000145433,3.81726e-06,4.09677e-08,2.23865e-09,3.00969e-13,0.0113794
2522,0,0,0,0,0,0,0,0,0
2523,0,0,0,0,0,0,0,0,0
2524,0.00516936,0.00483525,0.0019923,0.000163302,4.65695e-06,5.75649e-08,3.13509e-09,4.16618e-13,0.0121649
2525,0,0,0,0,0,0,0,0,0
2526,0,0,0,0,0,0,0,0,0
2527,0.0128154,0.0119862,0.00559199,0.000676013,3.36906e-05,7.67581e-07,4.17024e-08,5.4951e-12,0.0311041
2528,0,0,0,0,0,0,0,0,0
2529,0.0173745,0.0162494,0.00789783,0.00108366,6.44269e-05,1.76293e-06,9.55867e-08,1.25077e-11,0.0426717
2530,0.061277,0.0573079,0.026773,0.00328662,0.000171709,4.23044e-06,2.29215e-07,2.99195e-11,0.148821
2531,0.028081,0.0262613,0.0136278,0.00229411,0.000182691,6.86518e-06,3.71528e-07,4.8295e-11,0.0704541
2532,0.0318031,0.0297417,0.0144427,0.00200703,0.000125757,3.77095e-06,2.03999e-07,2.64835e-11,0.0781242
2533,0,0,0,0,0,0,0,0,0
2534,0.0347606,0.0325052,0.0173439,0.00317565,0.000282011,1.16679e-05,6.2956e-07,8.09911e-11,0.0880796
2535,0.0147589,0.0138012,0.00603584,0.000605087,2.37075e-05,4.23237e-07,2.28298e-08,2.93406e-12,0.0352252
2536,0,0,0,0,0,0,0,0,0
2537,0,0,0,0,0,0,0,0,0
2538,0.00337855,0.00315903,0.00119581,6.88615e-05,7.09472e-07,1.66485e-10,8.95335e-12,1.13866e-15,0.00780297
2539,0.010719,0.0100223,0.0041459,0.000343259,9.74883e-06,1.14249e-07,6.13891e-09,7.78425e-13,0.0252404
2540,0.022413,0.0209557,0.00970705,0.0011674,5.97751e-05,1.44612e-06,7.7643e-08,9.81839e-12,0.0543044
2541,0,0,0,0,0,0,0,0,0
2542,0.00791994,0.00740459,0.00323216,0.00031822,1.18551e-05,1.9717e-07,1.0566e-08,1.32728e-12,0.018887
2543,0,0,0,0,0,0,0,0,0
2544,0,0,0,0,0,0,0,0,0
2545,0.0113264,0.0105887,0.0048512,0.000555098,2.55587e-05,5.3194e-07,2.84366e-08,3.54204e-12,0.0273475
2546,0.0146698,0.013714,0.00650414,0.000827451,4.40248e-05,1.05815e-06,5.65255e-08,7.02282e-12,0.0357605
2547,0.00223897,0.00209301,0.00076244,4.17173e-05,6.08376e-07,2.80716e-09,1.49766e-10,1.85252e-14,0.00513675
2548,0,0,0,0,0,0,0,0,0
2549,0.024437,0.0228425,0.0113408,0.00171614,0.0001209,4.0007e-06,2.12954e-07,2.61318e-11,0.0604616
2550,0.0238612,0.0223038,0.0104306,0.00129553,6.95819e-05,1.76744e-06,9.40259e-08,1.1515e-11,0.0579625
2551,0,0,0,0,0,0,0,0,0
2552,0,0,0,0,0,0,0,0,0
2553,0.0286054,0.0267366,0.0138923,0.00235431,0.000189603,7.20538e-06,3.82435e-07,4.64604e-11,0.0717858
2554,0,0,0,0,0,0,0,0,0
2555,0.00132339,0.00123686,0.000422428,1.93735e-05,2.42279e-07,1.22786e-09,6.50324e-11,7.84229e-15,0.0030023
2556,0.00776525,0.00725726,0.00315322,0.000305613,1.10288e-05,1.73681e-07,9.188e-09,1.10347e-12,0.0184926
2557,0.00717589,0.00670627,0.00288194,0.000269817,9.25353e-06,1.37461e-07,7.2654e-09,8.69846e-13,0.0170433
2558,0.0131905,0.012327,0.0057621,0.00070306,3.55217e-05,8.17365e-07,4.31745e-08,5.15784e-12,0.0320191
2559,0.00681597,0.00636967,0.00272061,0.000250626,8.48097e-06,1.26412e-07,6.67302e-09,7.95419e-13,0.0161655
2560,0.0189251,0.0176852,0.00867694,0.0012291,7.63076e-05,2.16658e-06,1.1422e-07,1.35535e-11,0.0465949
2561,0.00928443,0.00867588,0.00386369,0.00040525,1.64633e-05,2.9769e-07,1.5675e-08,1.85218e-12,0.022246
2562,0,0,0,0,0,0,0,0,0
2563,0.0289565,0.0270575,0.0131618,0.00187245,0.000124027,3.96048e-06,2.08301e-07,2.45144e-11,0.0711765
2564,0.0157575,0.0147238,0.00640121,0.000620133,2.20826e-05,3.32679e-07,1.74815e-08,2.0509e-12,0.037525
2565,0,0,0,0,0,0,0,0,0
2566,0.0047729,0.00445953,0.00180986,0.000141507,3.71487e-06,4.03666e-08,2.11693e-09,2.46626e-13,0.0111876
2567,0.0119508,0.011166,0.005146,0.000601154,2.85193e-05,6.10974e-07,3.20178e-08,3.72074e-12,0.0288931
2568,0.0323304,0.0302058,0.0148051,0.00218762,0.000154029,5.22328e-06,2.73307e-07,3.15923e-11,0.0796885
2569,0.0670447,0.0626381,0.0315352,0.00487579,0.000349107,1.1849e-05,6.19804e-07,7.15661e-11,0.166455
2570,0,0,0,0,0,0,0,0,0
2571,0.00957162,0.00894193,0.00399681,0.000424632,1.75964e-05,3.25413e-07,1.69832e-08,1.94547e-12,0.0229529
2572,0.00373151,0.00348593,0.00135373,8.96744e-05,1.66051e-06,9.57221e-09,4.99117e-10,5.69952e-14,0.00866251
2573,0,0,0,0,0,0,0,0,0
2574,0,0,0,0,0,0,0,0,0
2575,0,0,0,0,0,0,0,0,0
2576,0,0,0,0,0,0,0,0,0
2577,0.0113917,0.0106408,0.00486871,0.00055666,2.56083e-05,5.29552e-07,2.75019e-08,3.09699e-12,0.027484
2578,0.0211528,0.0197579,0.00915679,0.00111838,5.94182e-05,1.4927e-06,7.74526e-08,8.69451e-12,0.0512469
2579,0.0113849,0.0106338,0.00462006,0.000465459,1.88076e-05,3.46631e-07,1.79654e-08,2.00875e-12,0.0271233
2580,0.0348808,0.0325786,0.0144466,0.00150948,6.26251e-05,1.23017e-06,6.37002e-08,7.09997e-12,0.0834793
2581,0.0180166,0.0168268,0.00752401,0.000811649,3.54483e-05,7.16737e-07,3.70605e-08,4.10997e-12,0.0432153
2582,0.0181041,0.0169084,0.00823294,0.00114104,6.86105e-05,1.87175e-06,9.67562e-08,1.07198e-11,0.0444571
2583,0,0,0,0,0,0,0,0,0
2584,0,0,0,0,0,0,0,0,0
2585,0.0233548,0.0218102,0.0109854,0.00172263,0.000124446,4.13432e-06,2.13027e-07,2.33374e-11,0.0580018
2586,0.0116094,0.0108414,0.00497074,0.000572686,2.66598e-05,5.58435e-07,2.87561e-08,3.14334e-12,0.0280214
2587,0,0,0,0,0,0,0,0,0
2588,0,0,0,0,0,0,0,0,0
2589,0.0319903,0.0298718,0.0143219,0.0018985,0.000107902,2.78789e-06,1.43159e-07,1.54967e-11,0.0781933
2590,0.0436987,0.0408035,0.0205441,0.00319867,0.000232754,7.97916e-06,4.09267e-07,4.41266e-11,0.108486
2591,0,0,0,0,0,0,0,0,0
2592,0,0,0,0,0,0,0,0,0
2593,0.00790467,0.0073805,0.00320798,0.000312736,1.14213e-05,1.82264e-07,9.33015e-09,9.99007e-13,0.0188175
2594,0.00972241,0.00907727,0.00406057,0.000433746,1.81488e-05,3.38886e-07,1.73189e-08,1.84366e-12,0.0233125
2595,0.0128229,0.0119718,0.00556012,0.000667252,3.28937e-05,7.30708e-07,3.73136e-08,3.96119e-12,0.0310558
2596,0,0,0,0,0,0,0,0,0
2597,0.0127074,0.0118634,0.00479943,0.000380021,1.07668e-05,1.46309e-07,7.46154e-09,7.88522e-13,0.0297612
2598,0.0234952,0.021934,0.010106,0.00118977,5.77504e-05,1.27431e-06,6.49e-08,6.82605e-12,0.056784
2599,0.0184135,0.0171895,0.00734543,0.000693757,2.52729e-05,4.17709e-07,2.12563e-08,2.22932e-12,0.0436679
2600,0.0111828,0.0104392,0.00475103,0.000533675,2.36451e-05,4.56301e-07,2.3196e-08,2.4239e-12,0.0269308
2601,0,0,0,0,0,0,0,0,0
2602,0.00145754,0.00136056,0.000462811,2.01247e-05,1.88376e-07,3.00371e-10,1.52483e-11,1.58575e-15,0.00330123
2603,0.0106096,0.00990344,0.00447998,0.000495692,2.17714e-05,4.26497e-07,2.16329e-08,2.2431e-12,0.025511
2604,0.0302,0.0281888,0.013218,0.00171432,0.000102696,2.98308e-06,1.51081e-07,1.55832e-11,0.0734269
2605,0.00978971,0.00913761,0.00407686,0.000429035,1.70984e-05,2.87283e-07,1.45451e-08,1.49857e-12,0.0234506
2606,0.00787411,0.00734944,0.00318783,0.000308578,1.10801e-05,1.7089e-07,8.64495e-09,8.88093e-13,0.0187312
2607,0,0,0,0,0,0,0,0,0
2608,0,0,0,0,0,0,0,0,0
2609,0.0259082,0.0241795,0.0112606,0.00136953,6.94249e-05,1.60405e-06,8.08767e-08,8.21261e-12,0.0627889
2610,0.0302562,0.0282371,0.0134467,0.00173554,9.48935e-05,2.38011e-06,1.19946e-07,1.21587e-11,0.073773
2611,0.0282275,0.0263428,0.0135705,0.00223385,0.000167441,5.4678e-06,2.75212e-07,2.77781e-11,0.0705478
2612,0.0312375,0.0291515,0.013889,0.00180627,9.95771e-05,2.47709e-06,1.2463e-07,1.25618e-11,0.0761865
2613,0.00147628,0.00137765,0.000444266,1.24577e-05,7.31478e-09,1.23103e-08,6.18706e-10,6.21267e-14,0.00331068
2614,0.00845601,0.00789076,0.00345807,0.000347044,1.32661e-05,2.23224e-07,1.12041e-08,1.1198e-12,0.0201654
2615,0.0141403,0.0131948,0.00620177,0.000773827,4.02951e-05,9.45051e-07,4.74012e-08,4.72604e-12,0.0343521
2616,0.0432827,0.0403874,0.020934,0.00366691,0.000326503,1.40928e-05,7.06066e-07,7.01223e-11,0.108612
2617,0.0147915,0.0138018,0.00652745,0.000830941,4.45977e-05,1.08363e-06,5.42633e-08,5.37927e-12,0.0359973
2618,0.0166786,0.0155621,0.00694326,0.000759484,3.60277e-05,8.97215e-07,4.48753e-08,4.4303e-12,0.0399804
2619,0.0186119,0.0173657,0.00770929,0.000805541,3.25512e-05,5.78296e-07,2.89075e-08,2.84812e-12,0.0445256
2620,0.0202652,0.0189077,0.00933277,0.00135765,8.81113e-05,2.62672e-06,1.31157e-07,1.2872e-11,0.0499541
2621,0,0,0,0,0,0,0,0,0
2622,0.012463,0.0116277,0.00508358,0.000525259,2.21435e-05,4.25025e-07,2.11933e-08,2.07003e-12,0.0297221
2623,0.00487339,0.00454659,0.00184786,0.00014693,4.04643e-06,4.80208e-08,2.39157e-09,2.32597e-13,0.0114189
2624,0.0478155,0.0446077,0.0224452,0.00361422,0.000289914,1.13603e-05,5.65149e-07,5.47511e-11,0.118785
2625,0.0177363,0.0165461,0.00801674,0.00110095,6.5784e-05,1.79002e-06,8.89895e-08,8.601e-12,0.0434677
2626,0,0,0,0,0,0,0,0,0
2627,0.0429168,0.0400349,0.0201874,0.00319534,0.000242301,8.79164e-06,4.36315e-07,4.19161e-11,0.106586
2628,0.0159427,0.0148716,0.00645033,0.000625118,2.23921e-05,3.39897e-07,1.68477e-08,1.61153e-12,0.0379125
2629,0,0,0,0,0,0,0,0,0
2630,0.0475466,0.0443501,0.021456,0.00298207,0.000187312,5.54617e-06,2.74532e-07,2.61343e-11,0.116528
2631,0.00990532,0.00923909,0.00413069,0.000441345,1.83626e-05,3.34838e-07,1.65523e-08,1.5684e-12,0.0237352
2632,0,0,0,0,0,0,0,0,0
2633,0,0,0,0,0,0,0,0,0
2634,0.0200244,0.0186761,0.00801251,0.000762071,2.73523e-05,4.26502e-07,2.1031e-08,1.97542e-12,0.0475029
2635,0,0,0,0,0,0,0,0,0
2636,0.0211936,0.0197657,0.0087816,0.000965615,4.57643e-05,1.02254e-06,5.03286e-08,4.69663e-12,0.0507534
2637,0.0198462,0.0185085,0.00785941,0.000720281,2.45105e-05,3.68106e-07,1.81014e-08,1.68384e-12,0.0469593
2638,0.0194406,0.0181301,0.00888756,0.00126744,7.99148e-05,2.29951e-06,1.13036e-07,1.05015e-11,0.047808
2639,0,0,0,0,0,0,0,0,0
2640,0.00408427,0.00380865,0.00150873,0.00011082,2.71587e-06,2.81307e-08,1.37925e-09,1.26985e-13,0.00951521
2641,0.00719812,0.00671229,0.00287176,0.000267902,9.20181e-06,1.36513e-07,6.69078e-09,6.15218e-13,0.0170594
2642,0.0139713,0.0130279,0.00517086,0.000363304,6.77477e-06,4.91911e-08,2.40855e-09,2.20693e-13,0.0325402
2643,0,0,0,0,0,0,0,0,0
2644,0.00134114,0.00125051,0.000423604,1.88888e-05,2.1738e-07,9.04756e-10,4.42054e-11,4.0203e-15,0.00303436
2645,0.0241332,0.0225019,0.0113535,0.00177191,0.000126855,4.17074e-06,2.03626e-07,1.84706e-11,0.0598917
2646,0,0,0,0,0,0,0,0,0
2647,0.0227479,0.0212092,0.0100437,0.00133194,7.98692e-05,2.24064e-06,1.09232e-07,9.85705e-12,0.0554149
2648,0.0446152,0.0415962,0.0212174,0.00351314,0.000287156,1.13126e-05,5.50964e-07,4.95512e-11,0.111241
2649,0.0167967,0.0156598,0.00751872,0.00100583,5.78424e-05,1.50106e-06,7.30607e-08,6.55609e-12,0.0410405
2650,0,0,0,0,0,0,0,0,0
2651,0,0,0,0,0,0,0,0,0
2652,0.0150833,0.0140612,0.00638419,0.000741319,3.61148e-05,7.85721e-07,3.81385e-08,3.38961e-12,0.036307
2653,0,0,0,0,0,0,0,0,0
2654,0.0117391,0.0109431,0.00458711,0.000406471,1.33e-05,1.91488e-07,9.27607e-09,8.1862e-13,0.0276893
2655,0.0113607,0.0105899,0.00481281,0.000541337,2.40551e-05,4.62149e-07,2.23561e-08,1.96329e-12,0.0273294
2656,0.0110009,0.0102543,0.00464527,0.000518998,2.31129e-05,4.55138e-07,2.20051e-08,1.92878e-12,0.0264431
2657,0.00820042,0.00764362,0.00321864,0.000296876,1.03655e-05,1.53493e-07,7.4113e-09,6.4661e-13,0.0193701
2658,0.0285577,0.0266181,0.0125667,0.00161007,8.88633e-05,2.25766e-06,1.08922e-07,9.4763e-12,0.0694437
2659,0.0102405,0.00954483,0.00428037,0.000463362,1.97016e-05,3.67983e-07,1.77454e-08,1.54138e-12,0.0245492
2660,0,0,0,0,0,0,0,0,0
2661,0.0108001,0.0100659,0.00454551,0.000502667,2.1993e-05,4.2219e-07,2.03258e-08,1.7553e-12,0.0259366
2662,0.00566481,0.00527954,0.0021845,0.000184342,5.52285e-06,7.12121e-08,3.42442e-09,2.94514e-13,0.0133188
2663,0,0,0,0,0,0,0,0,0
2664,0,0,0,0,0,0,0,0,0
2665,0,0,0,0,0,0,0,0,0
2666,0,0,0,0,0,0,0,0,0
2667,0.0236894,0.0220755,0.010146,0.00119589,5.85288e-05,1.3013e-06,6.23072e-08,5.27817e-12,0.0571668
2668,0.0253345,0.0236077,0.0113374,0.00157502,0.000101017,3.03804e-06,1.45294e-07,1.22577e-11,0.0619588
2669,0.00894345,0.0083336,0.00366687,0.000374705,1.46994e-05,2.51918e-07,1.20351e-08,1.01154e-12,0.0213336
2670,0.0287417,0.0267813,0.0127475,0.00169427,0.000100521,2.79749e-06,1.33567e-07,1.12024e-11,0.0700681
2671,0.0153025,0.0142585,0.00674861,0.000865001,4.67419e-05,1.12689e-06,5.37748e-08,4.50165e-12,0.0372226
2672,0.0341974,0.0318633,0.0149262,0.00192662,0.000113753,3.21111e-06,1.53076e-07,1.27683e-11,0.0830306
2673,0,0,0,0,0,0,0,0,0
2674,0.0103317,0.00962613,0.00431686,0.000467723,1.98693e-05,3.68287e-07,1.7526e-08,1.45298e-12,0.0247627
2675,0.0208083,0.0193867,0.00794722,0.000689201,2.49891e-05,4.77099e-07,2.26828e-08,1.87431e-12,0.0488569
2676,0,0,0,0,0,0,0,0,0
2677,0,0,0,0,0,0,0,0,0
2678,0.00606379,0.00564898,0.00235636,0.000204188,6.34593e-06,8.47186e-08,4.01518e-09,3.28137e-13,0.0142798
2679,0.00252709,0.00235418,0.000870981,5.1874e-05,9.4062e-07,6.95308e-09,3.29358e-10,2.68653e-14,0.00580507
2680,0.0116183,0.0108231,0.00493238,0.000562935,2.58664e-05,5.25507e-07,2.48737e-08,2.0235e-12,0.0279631
2681,0.00238575,0.00222238,0.000814861,4.70759e-05,8.09496e-07,5.54274e-09,2.62001e-10,2.12137e-14,0.00547088
2682,0.00366986,0.00341851,0.00132961,9.23857e-05,2.07271e-06,1.90459e-08,8.99871e-10,7.27421e-14,0.00851246
2683,0.0316305,0.0294627,0.0132582,0.00145691,6.35935e-05,1.22488e-06,5.77802e-08,4.6446e-12,0.0758732
2684,0,0,0,0,0,0,0,0,0
2685,0.0215472,0.0200696,0.00904972,0.000999879,4.38727e-05,8.47231e-07,3.99022e-08,3.18961e-12,0.0517111
2686,0.0125174,0.0116586,0.00536511,0.00063164,3.03414e-05,6.46115e-07,3.03942e-08,2.41948e-12,0.0302038
2687,0.0170111,0.0158439,0.00760213,0.00101918,5.88672e-05,1.52789e-06,7.18661e-08,5.7185e-12,0.0415368
2688,0.0131313,0.01223,0.00566451,0.000680523,3.36457e-05,7.38992e-07,3.47291e-08,2.75499e-12,0.0317407
2689,0.017881,0.0166531,0.00803945,0.0010973,6.47026e-05,1.70126e-06,7.98425e-08,6.30359e-12,0.0437373
2690,0.0150963,0.0140592,0.00595377,0.00052021,1.45817e-05,2.42267e-07,1.1361e-08,8.9446e-13,0.0356442
2691,0.0132076,0.0122998,0.00569875,0.000685228,3.38566e-05,7.40117e-07,3.46615e-08,2.71625e-12,0.031926
2692,0,0,0,0,0,0,0,0,0
2693,0.00255905,0.00238306,0.000882327,5.27489e-05,9.61717e-07,7.13504e-09,3.33628e-10,2.60011e-14,0.00587816
2694,0,0,0,0,0,0,0,0,0
2695,0.00504295,0.00469588,0.0019059,0.000151472,4.12008e-06,4.66145e-08,2.17579e-09,1.68515e-13,0.0118004
2696,0.0133123,0.0123957,0.0052397,0.000474568,1.57105e-05,2.22875e-07,1.03931e-08,8.02235e-13,0.0314382
2697,0,0,0,0,0,0,0,0,0
2698,0.0118543,0.0110376,0.00466349,0.000430429,1.52916e-05,2.44294e-07,1.13713e-08,8.72175e-13,0.0280013
2699,0.0080576,0.00750238,0.00324836,0.00031667,1.16236e-05,1.846e-07,8.59022e-09,6.58196e-13,0.0191368
2700,0.0246376,0.0229391,0.0101107,0.00106187,4.51162e-05,8.72117e-07,4.05343e-08,3.09263e-12,0.0587953
2701,0.0154323,0.014368,0.00622025,0.000611018,2.30567e-05,3.82814e-07,1.77765e-08,1.35199e-12,0.036655
2702,0.0379314,0.0353142,0.0188811,0.00355033,0.000331576,1.43882e-05,6.67266e-07,5.05177e-11,0.0960237
2703,0.0231407,0.0215436,0.0098901,0.00117254,5.85969e-05,1.33958e-06,6.20788e-08,4.6877e-12,0.055807
2704,0,0,0,0,0,0,0,0,0
2705,0.014086,0.0131132,0.00612488,0.00075659,3.89084e-05,8.8851e-07,4.11141e-08,3.08842e-12,0.0341206
2706,0.0162221,0.0151015,0.00718996,0.000942712,5.275e-05,1.31824e-06,6.09527e-08,4.56636e-12,0.0395104
2707,0.0247678,0.023056,0.010135,0.00105508,4.43478e-05,8.52967e-07,3.93827e-08,2.93552e-12,0.0590592
2708,0,0,0,0,0,0,0,0,0
2709,0.0308849,0.0287488,0.0129926,0.00146855,6.85522e-05,1.44949e-06,6.68261e-08,4.9552e-12,0.0741649
2710,0.0178036,0.0165717,0.00740035,0.000812556,3.68868e-05,7.61815e-07,3.50813e-08,2.59067e-12,0.0426259
2711,0,0,0,0,0,0,0,0,0
2712,0,0,0,0,0,0,0,0,0
2713,0.0132305,0.0123141,0.00517474,0.000457518,1.42785e-05,1.8084e-07,8.30584e-09,6.07726e-13,0.0311913
2714,0,0,0,0,0,0,0,0,0
2715,0.0209463,0.0194946,0.00879226,0.000983048,4.47364e-05,9.13352e-07,4.18871e-08,3.04879e-12,0.0502619
2716,0,0,0,0,0,0,0,0,0
2717,0,0,0,0,0,0,0,0,0
2718,0.0192303,0.0178962,0.00817283,0.000971492,4.98379e-05,1.17194e-06,5.36041e-08,3.86537e-12,0.0463219
2719,0.00570851,0.00531225,0.00219128,0.000184054,5.46211e-06,6.86333e-08,3.13452e-09,2.24828e-13,0.0134016
2720,0.016182,0.0150583,0.00716039,0.000936706,5.22755e-05,1.30058e-06,5.93457e-08,4.24336e-12,0.039391
2721,0.0450265,0.0418991,0.0195865,0.00250781,0.000144205,3.90313e-06,1.77978e-07,1.2695e-11,0.109168
2722,0.00990049,0.00921262,0.00372404,0.000293166,7.87461e-06,8.75844e-08,3.99101e-09,2.8399e-13,0.0231383
2723,0.026662,0.0248086,0.0116199,0.00147007,8.01669e-05,1.96963e-06,8.96359e-08,6.34936e-12,0.0646428
2724,0.00179202,0.00166741,0.000581635,2.81927e-05,3.39606e-07,1.15296e-09,5.24254e-11,3.70238e-15,0.00406959
2725,0.0338294,0.0314764,0.016545,0.00295783,0.000257294,1.03133e-05,4.68643e-07,3.30206e-11,0.0850766
2726,0.000751003,0.000698756,0.000211268,6.04705e-06,2.23383e-08,1.54509e-13,7.01708e-15,4.93458e-19,0.0016671
2727,0.0373809,0.0347788,0.0166855,0.0022785,0.000137073,3.70683e-06,1.68101e-07,1.17605e-11,0.0912646
2728,0,0,0,0,0,0,0,0,0
2729,0,0,0,0,0,0,0,0,0
2730,0,0,0,0,0,0,0,0,0
2731,0.0165389,0.015386,0.00732652,0.000961548,5.34887e-05,1.30463e-06,5.89438e-08,4.06985e-12,0.0402678
2732,0.0268761,0.0250021,0.0113195,0.00131642,6.6256e-05,1.54947e-06,6.99504e-08,4.81641e-12,0.064582
2733,0.011129,0.0103527,0.00451993,0.000469324,1.95909e-05,3.59869e-07,1.62374e-08,1.11588e-12,0.026491
2734,0,0,0,0,0,0,0,0,0
2735,0,0,0,0,0,0,0,0,0
2736,0.0142937,0.0132956,0.00564834,0.000520766,1.76325e-05,2.5424e-07,1.14366e-08,7.77568e-13,0.0337763
2737,0.0168467,0.0156701,0.00700033,0.000780147,3.60235e-05,7.39612e-07,3.32609e-08,2.25914e-12,0.040334
2738,0.014391,0.0133855,0.00575885,0.000560954,2.12601e-05,3.58344e-07,1.60977e-08,1.08925e-12,0.0341179
2739,0.00714158,0.00664243,0.00281201,0.000254153,8.07556e-06,1.00632e-07,4.51624e-09,3.04539e-13,0.0168584
2740,0.0386993,0.0359933,0.015699,0.00160722,6.65988e-05,1.26434e-06,5.66696e-08,3.80422e-12,0.0920668
2741,0,0,0,0,0,0,0,0,0
2742,0.0171509,0.0159508,0.0069681,0.000704643,2.75515e-05,4.7086e-07,2.10709e-08,1.4065e-12,0.0408024
2743,0.0149451,0.0138991,0.00595646,0.000565797,1.9942e-05,2.93595e-07,1.31289e-08,8.74131e-13,0.0353867
2744,0,0,0,0,0,0,0,0,0
2745,0,0,0,0,0,0,0,0,0
2746,0,0,0,0,0,0,0,0,0
2747,0.0293367,0.0272803,0.0127889,0.0016072,8.50628e-05,2.00023e-06,8.91186e-08,5.85737e-12,0.0711002
2748,0,0,0,0,0,0,0,0,0
2749,0.0198274,0.0184367,0.00775188,0.000726103,2.75629e-05,4.85313e-07,2.1581e-08,1.40877e-12,0.0467701
2750,0,0,0,0,0,0,0,0,0
2751,0.0176123,0.016376,0.00716284,0.000725317,2.81073e-05,4.66217e-07,2.06943e-08,1.34226e-12,0.041905
2752,0,0,0,0,0,0,0,0,0
2753,0.00955616,0.00888487,0.00392395,0.000409321,1.65729e-05,2.90591e-07,1.28739e-08,8.29371e-13,0.0227912
2754,0.00993552,0.00923751,0.00410018,0.000434117,1.79065e-05,3.18826e-07,1.41213e-08,9.08932e-13,0.0237256
2755,0,0,0,0,0,0,0,0,0
2756,0.0263823,0.0245275,0.0110003,0.00122436,5.5347e-05,1.08752e-06,4.80804e-08,3.07489e-12,0.063191
2757,0.00611346,0.00568346,0.00235949,0.000202707,6.18685e-06,7.89931e-08,3.48802e-09,2.22091e-13,0.0143654
2758,0.0139662,0.0129836,0.00551469,0.000509544,1.70481e-05,2.26924e-07,1.00154e-08,6.36666e-13,0.0329913
2759,0.0115819,0.0107667,0.00487815,0.000550891,2.49057e-05,4.89061e-07,2.15571e-08,1.3641e-12,0.0278031
2760,0.00216321,0.00201089,0.000721607,3.89762e-05,5.91327e-07,3.28849e-09,1.448e-10,9.12859e-15,0.00493528
2761,0.000283278,0.000263329,6.57094e-05,7.20576e-07,2.59311e-09,2.47385e-10,1.08899e-11,6.85867e-16,0.00061304
2762,0.00858703,0.00798207,0.00346373,0.00034002,1.23236e-05,1.82659e-07,8.03246e-09,5.04077e-13,0.0203854
2763,0.0176532,0.016409,0.00720616,0.000745317,3.03828e-05,5.46835e-07,2.40229e-08,1.50219e-12,0.0420445
2764,0.0230355,0.0214111,0.00969052,0.00109135,4.91532e-05,9.60468e-07,4.21362e-08,2.62206e-12,0.0552787
2765,0.00294455,0.00273685,0.00102101,6.16816e-05,1.05085e-06,5.79209e-09,2.53917e-10,1.57601e-14,0.00676515
2766,0,0,0,0,0,0,0,0,0
2767,0.0222044,0.0206373,0.0088314,0.000841,3.03095e-05,4.74263e-07,2.07602e-08,1.28179e-12,0.0525449
2768,0.0106106,0.00986134,0.00441353,0.000480607,2.06902e-05,3.86688e-07,1.69039e-08,1.03872e-12,0.0253871
2769,0.018598,0.0172844,0.00759639,0.000781057,3.08759e-05,5.22365e-07,2.28181e-08,1.39849e-12,0.0442912
2770,0.0127714,0.0118692,0.00544645,0.000640693,3.07177e-05,6.4213e-07,2.80397e-08,1.71634e-12,0.0307592
2771,0,0,0,0,0,0,0,0,0
2772,0,0,0,0,0,0,0,0,0
2773,0.000159473,0.000148195,2.18136e-05,1.05305e-06,3.89736e-07,1.2489e-08,5.43864e-10,3.29703e-14,0.000330937
2774,0,0,0,0,0,0,0,0,0
2775,0.00985578,0.00915819,0.00404999,0.000423477,1.69717e-05,2.85942e-07,1.24236e-08,7.47059e-13,0.0235047
2776,0,0,0,0,0,0,0,0,0
2777,0.00133986,0.00124497,0.000408538,1.53831e-05,8.36224e-08,2.54003e-11,1.10204e-12,6.59391e-17,0.00300884
2778,0.0141914,0.013186,0.00613446,0.000753676,3.84136e-05,8.55464e-07,3.70776e-08,2.21042e-12,0.0343048
2779,0.000682118,0.000633774,0.000188911,5.28379e-06,2.2156e-08,1.14269e-11,4.94788e-13,2.93961e-17,0.00151011
2780,0,0,0,0,0,0,0,0,0
2781,0,0,0,0,0,0,0,0,0
2782,0.00201973,0.00187644,0.000667143,3.52325e-05,5.25622e-07,2.94609e-09,1.27228e-10,7.48801e-15,0.00459908
2783,0,0,0,0,0,0,0,0,0
2784,0.0176704,0.0164158,0.00658894,0.000518853,1.44527e-05,1.71422e-07,7.38787e-09,4.31691e-13,0.0412087
2785,0.00247513,0.00229937,0.000842192,4.91053e-05,8.62425e-07,6.02354e-09,2.59497e-10,1.5142e-14,0.00566667
2786,0.0345363,0.0320828,0.0153391,0.00205699,0.000119282,3.06686e-06,1.31989e-07,7.67432e-12,0.0841378
2787,0,0,0,0,0,0,0,0,0
2788,0.012706,0.0118029,0.00540386,0.000631804,2.99337e-05,6.12335e-07,2.63122e-08,1.52147e-12,0.0305751
2789,0.000939082,0.0008723,0.000273568,9.13651e-06,5.03036e-08,1.35508e-11,5.8159e-13,3.34881e-17,0.00209414
2790,0.0165994,0.0154186,0.00663399,0.000629024,2.05116e-05,2.26918e-07,9.73156e-09,5.58806e-13,0.0393017
2791,0.00647874,0.00601774,0.00251433,0.000221525,7.05525e-06,9.4893e-08,4.06662e-09,2.32916e-13,0.0152395
2792,0,0,0,0,0,0,0,0,0
2793,0.0115867,0.0107616,0.00486612,0.000548231,2.47432e-05,4.83462e-07,2.06785e-08,1.17623e-12,0.027788
2794,0.033466,0.0310821,0.0141062,0.00162996,7.89404e-05,1.73371e-06,7.40838e-08,4.20003e-12,0.080365
2795,0.00836675,0.00777047,0.00335839,0.000328267,1.20368e-05,1.86006e-07,7.93858e-09,4.48112e-13,0.0198361
2796,0.0130538,0.0121233,0.00506398,0.000444906,1.39903e-05,1.82505e-07,7.78407e-09,4.38372e-13,0.0307002
2797,0,0,0,0,0,0,0,0,0
2798,0,0,0,0,0,0,0,0,0
2799,0.0331823,0.0308146,0.0146259,0.00191717,0.00010726,2.63622e-06,1.12147e-07,6.25792e-12,0.0806499
2800,0.00501638,0.00465835,0.00187052,0.000143993,3.61459e-06,3.39966e-08,1.44545e-09,8.05005e-14,0.0116929
2801,0.000189897,0.000176335,4.28159e-05,5.36552e-07,5.07692e-12,1.66728e-11,7.0772e-13,3.91858e-17,0.000409584
2802,0.0236898,0.0219975,0.00960712,0.000991285,4.10976e-05,7.61827e-07,3.23139e-08,1.78452e-12,0.0563275
2803,0,0,0,0,0,0,0,0,0
2804,0,0,0,0,0,0,0,0,0
2805,0.0184795,0.0171579,0.00741659,0.000763439,3.31837e-05,6.59936e-07,2.79126e-08,1.52599e-12,0.0438513
2806,0,0,0,0,0,0,0,0,0
2807,0.00587183,0.0054517,0.00224529,0.000189515,5.68378e-06,7.15606e-08,3.02267e-09,1.64467e-13,0.0137641
2808,0,0,0,0,0,0,0,0,0
2809,0,0,0,0,0,0,0,0,0
2810,0,0,0,0,0,0,0,0,0
2811,0,0,0,0,0,0,0,0,0
2812,0.00887546,0.00823923,0.00358497,0.000358221,1.35271e-05,2.14349e-07,9.01005e-09,4.81864e-13,0.0210716
2813,0,0,0,0,0,0,0,0,0
2814,0.0220466,0.0204656,0.00931827,0.00109557,5.47103e-05,1.23304e-06,5.17746e-08,2.7584e-12,0.052982
2815,0.00735261,0.00682502,0.00289328,0.000266517,8.94507e-06,1.24158e-07,5.20538e-09,2.75837e-13,0.0173465
2816,0,0,0,0,0,0,0,0,0
2817,0.0117163,0.0108751,0.00447415,0.000376593,1.12294e-05,1.39762e-07,5.85056e-09,3.08333e-13,0.0274536
2818,0,0,0,0,0,0,0,0,0
2819,0.0314789,0.0292172,0.0132597,0.00153775,7.38006e-05,1.54067e-06,6.43801e-08,3.37172e-12,0.075569
2820,0.0107913,0.0100158,0.00447604,0.000487163,2.0883e-05,3.8247e-07,1.59723e-08,8.34637e-13,0.0257916
2821,0.0325104,0.0301732,0.014609,0.00209523,0.000139587,4.25457e-06,1.77497e-07,9.24241e-12,0.0795319
2822,0.0151151,0.0140281,0.00656478,0.000825508,4.3569e-05,1.00288e-06,4.18023e-08,2.16983e-12,0.036578
2823,0.0184467,0.0171196,0.00715408,0.000641001,2.15414e-05,3.1416e-07,1.30825e-08,6.76785e-13,0.0433832
2824,0.0100326,0.00931046,0.00411981,0.000435378,1.7955e-05,3.1699e-07,1.3183e-08,6.78823e-13,0.0239165
2825,0.0168384,0.0156261,0.00702371,0.000806563,3.94635e-05,8.6224e-07,3.58316e-08,1.84004e-12,0.0403352
2826,0,0,0,0,0,0,0,0,0
2827,0,0,0,0,0,0,0,0,0
2828,0.0497772,0.0461902,0.0238449,0.00430687,0.000407374,1.8033e-05,7.47691e-07,3.80882e-11,0.124545
2829,0.0229593,0.0213044,0.00911376,0.000871346,3.15026e-05,4.88106e-07,2.02193e-08,1.0266e-12,0.0542808
2830,0.038628,0.0358424,0.016676,0.00210915,0.00011814,3.03711e-06,1.25659e-07,6.35312e-12,0.0933768
2831,0,0,0,0,0,0,0,0,0
2832,0.00164781,0.00152888,0.000527426,2.55502e-05,3.40117e-07,1.69772e-09,7.01002e-11,3.51876e-15,0.00373001
2833,0.0351549,0.0326172,0.0144666,0.00158289,7.25682e-05,1.51085e-06,6.23543e-08,3.12462e-12,0.0838957
2834,0.0234232,0.0217316,0.00936637,0.000921554,3.49215e-05,5.66239e-07,2.33403e-08,1.16446e-12,0.0554783
2835,0.00963064,0.00893506,0.00383317,0.000385024,1.56315e-05,2.76398e-07,1.13908e-08,5.67888e-13,0.0227998
2836,0,0,0,0,0,0,0,0,0
2837,0.0324634,0.0301168,0.0136,0.00155438,7.38949e-05,1.56503e-06,6.43708e-08,3.18686e-12,0.0778101
2838,0.0102584,0.00951663,0.00421937,0.000449057,1.86777e-05,3.31099e-07,1.3606e-08,6.71435e-13,0.0244624
2839,0.0203871,0.0189126,0.00920675,0.00131042,8.23117e-05,2.27e-06,9.32057e-08,4.58622e-12,0.0499015
2840,0.00652096,0.00604912,0.0025213,0.000221517,7.02362e-06,9.31084e-08,3.81872e-09,1.87151e-13,0.01532
2841,0.0164632,0.0152717,0.00621402,0.000504697,1.41732e-05,1.66749e-07,6.83472e-09,3.34222e-13,0.038468
2842,0.0180475,0.0167409,0.00738118,0.000784849,3.37734e-05,6.42395e-07,2.63071e-08,1.28236e-12,0.0429888
2843,0.00311763,0.00289185,0.00108686,6.86962e-05,1.32619e-06,9.7199e-09,3.97734e-10,1.93339e-14,0.00716637
2844,0.00915929,0.00849566,0.00370825,0.000376357,1.46613e-05,2.4279e-07,9.92258e-09,4.80221e-13,0.0217545
2845,0,0,0,0,0,0,0,0,0
2846,0,0,0,0,0,0,0,0,0
2847,0.0140708,0.0130502,0.00550693,0.000504653,1.71055e-05,2.45246e-07,9.99312e-09,4.78535e-13,0.03315
2848,0,0,0,0,0,0,0,0,0
2849,0.00254844,0.00236349,0.000865636,5.08193e-05,9.03221e-07,6.34247e-09,2.58073e-10,1.22962e-14,0.00582929
2850,0.00347974,0.00322712,0.00123232,8.22394e-05,1.74205e-06,1.45799e-08,5.92763e-10,2.81604e-14,0.00802317
2851,0.00570573,0.0052913,0.00216369,0.000179255,5.22132e-06,6.28933e-08,2.55349e-09,1.20717e-13,0.0133453
2852,0,0,0,0,0,0,0,0,0
2853,0.0101965,0.00945537,0.00384106,0.000315483,9.34384e-06,1.18988e-07,4.8221e-09,2.26484e-13,0.0238179
2854,0.0335249,0.0310876,0.014133,0.00166756,8.35015e-05,1.86297e-06,7.54532e-08,3.53628e-12,0.0804984
2855,0.00162906,0.0015106,0.000503543,1.95402e-05,8.54067e-08,4.49002e-10,1.81773e-11,8.50587e-16,0.00366283
2856,0.0021602,0.00200306,0.000660065,1.80225e-05,5.54957e-07,1.11843e-07,4.52294e-09,2.10837e-13,0.00484203
2857,0.0140423,0.0130205,0.00601753,0.000730033,3.6563e-05,7.88513e-07,3.18617e-08,1.48094e-12,0.0338478
2858,0.0150201,0.0139269,0.00647443,0.000792704,3.88362e-05,7.57901e-07,3.06023e-08,1.41871e-12,0.0362538
2859,0,0,0,0,0,0,0,0,0
2860,0.00726897,0.00673941,0.00284379,0.000259313,8.57224e-06,1.1597e-07,4.67127e-09,2.14699e-13,0.0171202
2861,0.00320761,0.0029739,0.00104165,5.41405e-05,8.19102e-07,4.62287e-09,1.86164e-10,8.54895e-15,0.00727812
2862,0,0,0,0,0,0,0,0,0
2863,0.017802,0.016504,0.00725106,0.000764183,3.24974e-05,6.09548e-07,2.44966e-08,1.11678e-12,0.0423543
2864,0,0,0,0,0,0,0,0,0
2865,0.0224145,0.0207789,0.00952315,0.0011568,6.1157e-05,1.45777e-06,5.84634e-08,2.64565e-12,0.053936
2866,0.00463781,0.0042993,0.0017056,0.000128405,3.23073e-06,3.2511e-08,1.30302e-09,5.88321e-14,0.0107744
2867,0,0,0,0,0,0,0,0,0
2868,0.0237424,0.0220081,0.00995549,0.00113456,5.23534e-05,1.03876e-06,4.15503e-08,1.86285e-12,0.056894
2869,0,0,0,0,0,0,0,0,0
2870,0,0,0,0,0,0,0,0,0
2871,0.00666109,0.00617414,0.00256644,0.000222064,6.64655e-06,7.6701e-08,3.06125e-09,1.36169e-13,0.0156305
2872,0.0123528,0.0114493,0.005195,0.000596321,2.76384e-05,5.47893e-07,2.18368e-08,9.66519e-13,0.0296215
2873,0.025808,0.0239197,0.00971417,0.000797797,2.35098e-05,2.93122e-07,1.16711e-08,5.14768e-13,0.0602634
2874,0.0193208,0.017907,0.00791039,0.000842673,3.57408e-05,6.521e-07,2.59574e-08,1.14378e-12,0.0460172
2875,0,0,0,0,0,0,0,0,0
2876,0.00384554,0.00356391,0.00137768,9.58477e-05,2.16175e-06,1.94075e-08,7.70904e-10,3.37143e-14,0.00888516
2877,0,0,0,0,0,0,0,0,0
2878,0,0,0,0,0,0,0,0,0
2879,0,0,0,0,0,0,0,0,0
2880,0,0,0,0,0,0,0,0,0
2881,0.00768041,0.0071171,0.00302491,0.000283469,9.84128e-06,1.42555e-07,5.64e-09,2.43176e-13,0.0181159
2882,0,0,0,0,0,0,0,0,0
2883,0,0,0,0,0,0,0,0,0
2884,0.00999234,0.00925866,0.00376903,0.000314837,9.63823e-06,1.25522e-07,4.95136e-09,2.1123e-13,0.0233446
2885,0.00425236,0.00393998,0.00154432,0.000112519,2.73008e-06,2.68408e-08,1.05741e-09,4.49037e-14,0.00985194
2886,0.0185886,0.0172227,0.00758307,0.000804385,3.4372e-05,6.43773e-07,2.53407e-08,1.07294e-12,0.0442338
2887,0,0,0,0,0,0,0,0,0
2888,0.027401,0.0253865,0.0128254,0.0020591,0.000153547,5.05338e-06,1.98667e-07,8.3743e-12,0.0678308
2889,0,0,0,0,0,0,0,0,0
2890,0.000581828,0.000539021,0.000160263,4.87615e-06,3.25198e-08,7.17728e-11,2.81598e-12,1.17852e-16,0.00128602
2891,0.0102735,0.00951736,0.00382984,0.000303448,8.32707e-06,9.38907e-08,3.68034e-09,1.53516e-13,0.0239325
2892,0,0,0,0,0,0,0,0,0
2893,0.0140207,0.012988,0.00562587,0.000577695,2.40563e-05,4.36215e-07,1.70626e-08,7.06362e-13,0.0332368
2894,0.00294485,0.00272792,0.0010166,6.3381e-05,1.2341e-06,9.58433e-09,3.74791e-10,1.55007e-14,0.00675399
2895,0.00705153,0.00653185,0.0025182,0.00017671,4.18484e-06,4.12031e-08,1.60907e-09,6.62307e-14,0.0162825
2896,0,0,0,0,0,0,0,0,0
2897,0.0104589,0.00968769,0.00429066,0.000458079,1.91753e-05,3.3986e-07,1.32531e-08,5.42703e-13,0.0249149
2898,0,0,0,0,0,0,0,0,0
2899,0,0,0,0,0,0,0,0,0
2900,0,0,0,0,0,0,0,0,0
2901,0.00276414,0.00256005,0.00094401,5.67615e-05,1.03471e-06,7.27109e-09,2.82547e-10,1.1426e-14,0.006326
2902,0,0,0,0,0,0,0,0,0
2903,0,0,0,0,0,0,0,0,0
2904,0.00650768,0.00602665,0.00233936,0.000166102,3.58294e-06,2.14536e-08,8.31165e-10,3.32536e-14,0.0150434
2905,0.0113105,0.0104743,0.00434874,0.000388791,1.32217e-05,1.93687e-07,7.49948e-09,2.99413e-13,0.0265357
2906,0.0185407,0.0171693,0.00753687,0.000792348,3.33294e-05,6.10503e-07,2.36123e-08,9.38991e-13,0.0440732
2907,0,0,0,0,0,0,0,0,0
2908,0.024874,0.0230332,0.00992254,0.000978734,3.711e-05,5.98472e-07,2.31142e-08,9.14542e-13,0.0588462
2909,0,0,0,0,0,0,0,0,0
2910,0.0127409,0.0117973,0.00516082,0.000549275,2.38774e-05,4.47335e-07,1.72422e-08,6.77318e-13,0.0302726
2911,0,0,0,0,0,0,0,0,0
2912,0,0,0,0,0,0,0,0,0
2913,0.00195404,0.00180918,0.000626414,2.95248e-05,3.00571e-07,4.04542e-10,1.55498e-11,6.0485e-16,0.00441945
2914,0.00409848,0.00379455,0.00147688,0.000105537,2.48797e-06,2.35389e-08,9.04111e-10,3.50736e-14,0.00947796
2915,0.00944291,0.00874248,0.00381284,0.000388403,1.51688e-05,2.47492e-07,9.49917e-09,3.67566e-13,0.0224021
2916,0.00785566,0.00727268,0.00287472,0.000219259,5.74318e-06,5.87651e-08,2.25262e-09,8.67659e-14,0.0182281
2917,0,0,0,0,0,0,0,0,0
2918,0.0122618,0.0113513,0.00469478,0.000409078,1.30882e-05,1.77755e-07,6.80264e-09,2.60493e-13,0.0287303
2919,0.00521036,0.0048234,0.0019398,0.000153694,4.20878e-06,4.70077e-08,1.79815e-09,6.87431e-14,0.0121315
2920,0.0257904,0.0238743,0.0106014,0.00118264,5.56938e-05,1.13641e-06,4.34355e-08,1.65581e-12,0.0615056
2921,2.49091e-05,2.30577e-05,1.75271e-05,2.56967e-06,6.02314e-08,3.39635e-10,1.29656e-11,4.92117e-16,6.81242e-05
2922,0.0111428,0.0103144,0.00432538,0.000403557,1.47647e-05,2.34165e-07,8.9338e-09,3.38343e-13,0.0262011
2923,0,0,0,0,0,0,0,0,0
2924,0.00877026,0.00811783,0.00350388,0.000346169,1.29792e-05,2.0336e-07,7.74407e-09,2.91338e-13,0.0207513
2925,0.011443,0.0105914,0.00384063,0.000220578,3.75993e-06,2.48037e-08,9.43446e-10,3.53466e-14,0.0260995
2926,0,0,0,0,0,0,0,0,0
2927,0.0022029,0.00203886,0.000728381,3.98946e-05,6.43228e-07,4.01989e-09,1.52672e-10,5.68909e-15,0.00501067
2928,0.0134418,0.0124404,0.00523972,0.000487363,1.73345e-05,2.64202e-07,1.00206e-08,3.71609e-13,0.0316268
2929,0.0141994,0.0131413,0.00559466,0.000540267,2.04394e-05,3.35691e-07,1.27237e-08,4.70738e-13,0.0334964
2930,0,0,0,0,0,0,0,0,0
2931,0.0173482,0.0160545,0.00654969,0.000543452,1.58691e-05,1.88295e-07,7.12261e-09,2.61633e-13,0.0405119
2932,0.0212638,0.0196777,0.00849918,0.000858144,3.39862e-05,5.6814e-07,2.14768e-08,7.87049e-13,0.0503334
2933,0.00315104,0.00291591,0.00108221,6.47004e-05,1.02859e-06,4.14277e-09,1.56462e-10,5.71512e-15,0.00721489
2934,0,0,0,0,0,0,0,0,0
2935,0.0214476,0.0198461,0.00844721,0.000814616,3.05835e-05,4.89768e-07,1.84616e-08,6.69712e-13,0.0505866
2936,0,0,0,0,0,0,0,0,0
2937,0.00684621,0.00633469,0.0024257,0.000176509,4.84902e-06,6.02915e-08,2.26893e-09,8.18246e-14,0.015788
2938,0.0111093,0.010279,0.00414297,0.000324822,8.05487e-06,6.47675e-08,2.4353e-09,8.75574e-14,0.0258643
2939,0.00766017,0.00708747,0.00299947,0.000278955,9.5768e-06,1.35554e-07,5.09263e-09,1.82547e-13,0.0180358
2940,0.00840428,0.00777565,0.00333316,0.000322889,1.17765e-05,1.78683e-07,6.70431e-09,2.39213e-13,0.0198479
2941,0.00309435,0.00286284,0.00107002,6.75182e-05,1.3287e-06,1.02251e-08,3.83389e-10,1.36458e-14,0.00709607
2942,0,0,0,0,0,0,0,0,0
2943,0,0,0,0,0,0,0,0,0
2944,0.00388693,0.00359587,0.00138654,9.64917e-05,2.18795e-06,1.97034e-08,7.37107e-10,2.60243e-14,0.00896804
2945,0.0140493,0.012997,0.0054742,0.000506702,1.77169e-05,2.65567e-07,9.9254e-09,3.49228e-13,0.0330452
2946,0.0209694,0.0193982,0.00882171,0.00107234,5.70799e-05,1.33553e-06,4.98714e-08,1.74932e-12,0.0503202
2947,0.0117522,0.0108712,0.00487483,0.000543377,2.4147e-05,4.51147e-07,1.68256e-08,5.87537e-13,0.0280661
2948,0,0,0,0,0,0,0,0,0
2949,0.00371924,0.00344028,0.00117178,5.81975e-05,9.20493e-07,6.44166e-09,2.3991e-10,8.33601e-15,0.00839043
2950,0.00481258,0.00445144,0.00175113,0.000126393,2.69844e-06,1.65983e-08,6.17292e-10,2.13388e-14,0.0111443
2951,0,0,0,0,0,0,0,0,0
2952,0.0060013,0.00555069,0.00226967,0.000189782,5.588e-06,6.65919e-08,2.47264e-09,8.49929e-14,0.0140171
2953,0.0177142,0.0163838,0.00707606,0.00070359,2.67157e-05,4.2353e-07,1.57142e-08,5.3868e-13,0.0419049
2954,0,0,0,0,0,0,0,0,0
2955,0.0273146,0.0252619,0.0116003,0.00140131,7.08293e-05,1.54578e-06,5.72618e-08,1.95178e-12,0.0656506
2956,0.00720054,0.00665923,0.00279186,0.000252694,8.35923e-06,1.13644e-07,4.20577e-09,1.42863e-13,0.0169128
2957,0.053987,0.0499274,0.0234233,0.0033114,0.000241613,8.4209e-06,3.11438e-07,1.05539e-11,0.130899
2958,0,0,0,0,0,0,0,0,0
2959,0.00307851,0.00284688,0.00106224,6.68176e-05,1.31113e-06,1.00598e-08,3.71419e-10,1.25103e-14,0.00705578
2960,0.0177834,0.0164447,0.00709747,0.000704073,2.65989e-05,4.18416e-07,1.54275e-08,5.17111e-13,0.0420566
2961,0,0,0,0,0,0,0,0,0
2962,0.0064322,0.00594765,0.00245452,0.00021168,6.54007e-06,8.25721e-08,3.03854e-09,1.01133e-13,0.0150527
2963,0.0155574,0.0143852,0.00669571,0.000839788,4.41787e-05,9.88962e-07,3.6368e-08,1.20755e-12,0.0375233
2964,0,0,0,0,0,0,0,0,0
2965,0.0241641,0.0223422,0.0101156,0.00119921,6.1077e-05,1.37054e-06,5.03079e-08,1.6595e-12,0.0578836
2966,0.00434154,0.00401416,0.00156995,0.00011461,2.79612e-06,2.73952e-08,1.00534e-09,3.31338e-14,0.0100431
2967,0.00463824,0.00428836,0.00153872,8.56365e-05,1.40187e-06,8.68664e-09,3.18471e-10,1.04598e-14,0.0105524
2968,0.00351868,0.0032531,0.00123601,8.24615e-05,1.76847e-06,1.5048e-08,5.50825e-10,1.79894e-14,0.00809203
2969,0,0,0,0,0,0,0,0,0
2970,0.00252769,0.00233682,0.000848787,4.92542e-05,8.67682e-07,5.98915e-09,2.18948e-10,7.1178e-15,0.00576342
2971,0.005152,0.00476279,0.00190454,0.000148753,3.96558e-06,4.21154e-08,1.53773e-09,4.97696e-14,0.0119721
2972,0,0,0,0,0,0,0,0,0
2973,0,0,0,0,0,0,0,0,0
2974,0.00662329,0.00612249,0.00239604,0.000184224,5.26136e-06,6.22577e-08,2.26768e-09,7.27609e-14,0.0153314
2975,0.00667787,0.00617286,0.00255727,0.000223181,6.98201e-06,8.84262e-08,3.21956e-09,1.03156e-13,0.0156383
2976,0,0,0,0,0,0,0,0,0
2977,0.00517476,0.00478317,0.00171386,0.000100044,1.94226e-06,1.5768e-08,5.73079e-10,1.82441e-14,0.0117738
2978,0.0126423,0.0116853,0.00495385,0.000493458,2.01028e-05,3.50209e-07,1.27151e-08,4.03302e-13,0.0297953
2979,0.0155359,0.0143593,0.0061387,0.00059979,2.27557e-05,3.65926e-07,1.32713e-08,4.19313e-13,0.0366567
2980,0.00616671,0.00569954,0.0023323,0.000195417,5.70868e-06,6.57722e-08,2.38326e-09,7.50561e-14,0.0143997
2981,0,0,0,0,0,0,0,0,0
2982,0,0,0,0,0,0,0,0,0
2983,0.00766809,0.00708663,0.00275908,0.000202457,5.16962e-06,5.50326e-08,1.98888e-09,6.20492e-14,0.0177215
2984,0.0125912,0.0116361,0.0047352,0.000409468,1.37255e-05,1.99279e-07,7.19421e-09,2.23584e-13,0.0293859
2985,0,0,0,0,0,0,0,0,0
2986,0.0177087,0.0163645,0.00704357,0.000694039,2.59136e-05,3.99392e-07,1.43942e-08,4.44641e-13,0.0418372
2987,0.00903931,0.00835295,0.00342164,0.000298857,9.84512e-06,1.3476e-07,4.85222e-09,1.49384e-13,0.0211227
2988,0,0,0,0,0,0,0,0,0
2989,0,0,0,0,0,0,0,0,0
2990,0,0,0,0,0,0,0,0,0
2991,0,0,0,0,0,0,0,0,0
2992,0.0051675,0.00477448,0.00190706,0.000148681,3.94858e-06,4.15239e-08,1.48827e-09,4.50693e-14,0.0120017
2993,0.00610642,0.00564196,0.00230057,0.000190174,5.37838e-06,5.82456e-08,2.08729e-09,6.31767e-14,0.0142446
2994,0.0206654,0.0190929,0.00851023,0.000946525,4.21985e-05,7.51005e-07,2.68795e-08,8.09942e-13,0.0492579
2995,0,0,0,0,0,0,0,0,0
2996,0.009857,0.00910647,0.00361708,0.000277636,7.23281e-06,7.45297e-08,2.66283e-09,7.97323e-14,0.0228655
2997,0.00161483,0.00149183,0.000508614,2.42711e-05,3.22447e-07,1.62232e-09,5.79005e-11,1.727e-15,0.00363987
2998,0.0211537,0.0195419,0.00808028,0.00072385,2.47898e-05,3.59309e-07,1.28132e-08,3.81056e-13,0.0495249
2999,0.00931573,0.00860571,0.00372521,0.000373793,1.42815e-05,2.24039e-07,7.98303e-09,2.36735e-13,0.022035
3000,0.0327982,0.0302974,0.0135767,0.00153978,7.21727e-05,1.45198e-06,5.16827e-08,1.52682e-12,0.0782857
3001,0.00429367,0.00396617,0.00153676,0.000107646,2.32917e-06,1.73197e-08,6.15854e-10,1.81266e-14,0.0099066
3002,0.00395098,0.00364958,0.00140437,9.75547e-05,2.19694e-06,1.92814e-08,6.85344e-10,2.01442e-14,0.0091047
3003,0.00417184,0.00385343,0.00149408,0.000106355,2.48619e-06,2.28195e-08,8.09983e-10,2.36895e-14,0.00962821
3004,0.0048604,0.00448937,0.00160168,8.54949e-05,1.1871e-06,5.48995e-09,1.94808e-10,5.69134e-15,0.0110381
3005,0.0264911,0.0244682,0.010194,0.00091752,3.05465e-05,4.14406e-07,1.46902e-08,4.27628e-13,0.0621019
3006,0.0158929,0.0146788,0.00621417,0.000581675,2.00573e-05,2.79249e-07,9.88697e-09,2.86554e-13,0.0373879
3007,0.00196375,0.0018137,0.000632741,3.21959e-05,4.54364e-07,2.28812e-09,8.09593e-11,2.34094e-15,0.00444284
3008,0.00570008,0.00526444,0.00212922,0.000172916,4.87318e-06,5.46281e-08,1.93178e-09,5.57433e-14,0.0132716
3009,0.00652655,0.00602755,0.00248326,0.000213654,6.54156e-06,8.02971e-08,2.83647e-09,8.15371e-14,0.0152576
3010,0,0,0,0,0,0,0,0,0
3011,0,0,0,0,0,0,0,0,0
3012,0.00944789,0.00872476,0.00335314,0.000237663,5.72265e-06,5.56377e-08,1.95946e-09,5.57187e-14,0.0217692
3013,0.00508084,0.00469191,0.00169918,9.78746e-05,1.69185e-06,1.11914e-08,3.94023e-10,1.11925e-14,0.0115715
3014,0.00757055,0.00699085,0.00276197,0.000215768,6.11498e-06,7.21724e-08,2.53872e-09,7.1879e-14,0.0175453
3015,0.00218093,0.00201388,0.000639589,2.33593e-05,1.8015e-07,6.55912e-10,2.30526e-11,6.50705e-16,0.00485794
3016,0.014351,0.0132512,0.00607823,0.00073195,3.62971e-05,7.53712e-07,2.64527e-08,7.42914e-13,0.0344495
3017,0.0117637,0.010862,0.004563,0.000431346,1.5955e-05,2.48693e-07,8.7223e-09,2.44364e-13,0.0276363
3018,0.0113771,0.0105048,0.00433836,0.000387218,1.33767e-05,2.03019e-07,7.11491e-09,1.98779e-13,0.0266211
3019,0.00230641,0.0021295,0.000760287,4.18561e-05,6.7473e-07,4.0893e-09,1.4315e-10,3.98326e-15,0.00523874
3020,4.93695e-07,4.55813e-07,9.13635e-06,1.19252e-05,1.1412e-06,2.49381e-08,8.72131e-10,2.41825e-14,2.31781e-05
3021,0.00109637,0.00101222,0.000323352,1.22196e-05,1.00946e-07,1.96438e-10,6.86475e-12,1.89843e-16,0.00244427
3022,0.0117879,0.0108829,0.00485944,0.000538964,2.38461e-05,4.39737e-07,1.53535e-08,4.23254e-13,0.0280936
3023,0.00871935,0.0080497,0.00314724,0.000231715,5.77392e-06,5.79107e-08,2.02033e-09,5.55324e-14,0.0201538
3024,0,0,0,0,0,0,0,0,0
3025,0,0,0,0,0,0,0,0,0
3026,0.00259137,0.0023922,0.000867836,5.03174e-05,8.77545e-07,5.83785e-09,2.03215e-10,5.54152e-15,0.0059026
3027,0.00837999,0.00773567,0.00329531,0.000315612,1.13094e-05,1.65366e-07,5.75039e-09,1.56224e-13,0.0197381
3028,0.00353404,0.00326217,0.00123521,8.20036e-05,1.74536e-06,1.45611e-08,5.05634e-10,1.3668e-14,0.00811519
3029,0.00543915,0.00502069,0.00201651,0.000160918,4.45672e-06,4.95232e-08,1.7192e-09,4.64239e-14,0.0126418
3030,0.00931057,0.00859393,0.00337767,0.000251751,6.30544e-06,6.24533e-08,2.16522e-09,5.81931e-14,0.0215403
3031,0,0,0,0,0,0,0,0,0
3032,0.000450126,0.000415462,0.000107147,1.20258e-06,1.34468e-08,1.14207e-09,3.95366e-11,1.05698e-15,0.000973952
3033,0.00556021,0.00513185,0.00206648,0.000166254,4.65261e-06,5.21314e-08,1.80276e-09,4.80082e-14,0.0129295
3034,0.00459612,0.00424195,0.00165967,0.000121166,2.87408e-06,2.55668e-08,8.83552e-10,2.34746e-14,0.0106218
3035,0,0,0,0,0,0,0,0,0
3036,0.0310406,0.0286468,0.0130133,0.00158421,8.51533e-05,1.98062e-06,6.82913e-08,1.79956e-12,0.0743721
3037,0.000933027,0.000861055,0.000271028,1.00574e-05,9.11006e-08,2.85931e-10,9.85315e-12,2.59106e-16,0.00207526
3038,0,0,0,0,0,0,0,0,0
3039,0,0,0,0,0,0,0,0,0
3040,0.00786879,0.00726118,0.00287396,0.000226043,6.44951e-06,7.60419e-08,2.61245e-09,6.79525e-14,0.0182365
3041,0.00281716,0.00259957,0.000873272,4.03304e-05,5.21815e-07,2.58311e-09,8.86829e-11,2.30105e-15,0.00633086
3042,0.00557162,0.00514122,0.00187977,0.000111319,1.95889e-06,1.24953e-08,4.28859e-10,1.11157e-14,0.0127059
3043,0.0110916,0.0102344,0.00452544,0.000487782,2.07062e-05,3.63341e-07,1.24553e-08,3.21425e-13,0.0263603
3044,0,0,0,0,0,0,0,0,0
3045,0,0,0,0,0,0,0,0,0
3046,0.00765909,0.00706661,0.00270265,0.000185351,4.12234e-06,3.57797e-08,1.22329e-09,3.127e-14,0.0176179
3047,0.0139223,0.0128448,0.00536184,0.000487395,1.65652e-05,2.33736e-07,7.98089e-09,2.03051e-13,0.0326331
3048,0,0,0,0,0,0,0,0,0
3049,0,0,0,0,0,0,0,0,0
3050,0.00747981,0.00690049,0.00263008,0.000178703,3.93822e-06,3.40861e-08,1.16134e-09,2.93165e-14,0.0171931
3051,0.0117944,0.0108807,0.00442498,0.000369047,1.0975e-05,1.33601e-07,4.54828e-09,1.1449e-13,0.0274802
3052,0.0258187,0.0238177,0.0101926,0.000996606,3.71484e-05,5.7159e-07,1.94393e-08,4.87544e-13,0.0608634
3053,0,0,0,0,0,0,0,0,0
3054,0.0295997,0.0273043,0.011658,0.00115965,4.66466e-05,8.16632e-07,2.77271e-08,6.91273e-13,0.0697692
3055,0.0163151,0.0150494,0.00580733,0.000410491,9.57249e-06,8.79125e-08,2.98191e-09,7.40769e-14,0.037592
3056,0.0144998,0.0133746,0.00522587,0.000392158,1.02374e-05,1.05742e-07,3.58288e-09,8.86667e-14,0.0335028
3057,0.0101231,0.00933747,0.00398702,0.000395919,1.5284e-05,2.41853e-07,8.19247e-09,2.02539e-13,0.0238591
3058,0,0,0,0,0,0,0,0,0
3059,0.00807436,0.00744729,0.00314806,0.000294852,1.01825e-05,1.409e-07,4.76378e-09,1.16975e-13,0.0189749
3060,0.00208591,0.00192385,0.000674946,3.52169e-05,5.19408e-07,2.75985e-09,9.32068e-11,2.27959e-15,0.00472044
3061,0,0,0,0,0,0,0,0,0
3062,0.00716889,0.00661153,0.00240439,0.000144386,2.80141e-06,2.20695e-08,7.43846e-10,1.80617e-14,0.016332
3063,0,0,0,0,0,0,0,0,0
3064,0.00258945,0.00238802,0.000841282,4.07263e-05,3.23986e-07,6.39404e-11,2.15174e-12,5.19553e-17,0.0058598
3065,0.0352754,0.0325305,0.0142988,0.00155586,6.9422e-05,1.31388e-06,4.41838e-08,1.06414e-12,0.0837314
3066,0,0,0,0,0,0,0,0,0
3067,0.00459032,0.00423286,0.0016563,0.000122206,3.01649e-06,2.92162e-08,9.80292e-10,2.34192e-14,0.0106047
3068,0.0101912,0.0093974,0.00410067,0.000425164,1.70731e-05,2.80793e-07,9.4156e-09,2.24438e-13,0.0241318
3069,0.00300798,0.00277364,0.0010157,5.94138e-05,9.45709e-07,4.24071e-09,1.42122e-10,3.38103e-15,0.00685768
3070,0,0,0,0,0,0,0,0,0
3071,0.00704124,0.00649229,0.00269348,0.000238788,7.68293e-06,9.96508e-08,3.33267e-09,7.86853e-14,0.0164736
3072,0,0,0,0,0,0,0,0,0
3073,0.0034571,0.00318745,0.00119905,7.82144e-05,1.6141e-06,1.27824e-08,4.26922e-10,1.00317e-14,0.00792345
3074,0,0,0,0,0,0,0,0,0
3075,0.00913956,0.00842613,0.0036149,0.000354132,1.29105e-05,1.85469e-07,6.18068e-09,1.44069e-13,0.0215478
3076,0.00618939,0.00570612,0.00221926,0.000166726,4.44791e-06,4.81575e-08,1.60371e-09,3.72876e-14,0.014286
3077,0.0022256,0.00205178,0.000726776,3.93459e-05,6.24003e-07,3.73172e-09,1.2419e-10,2.88076e-15,0.00504413
3078,0.0154702,0.0142615,0.0060462,0.000580886,2.15318e-05,3.33605e-07,1.10866e-08,2.55865e-13,0.0363806
3079,0,0,0,0,0,0,0,0,0
3080,0.00362291,0.00333966,0.00126215,8.32926e-05,1.72441e-06,1.33073e-08,4.41511e-10,1.01293e-14,0.00830975
3081,0.00275506,0.00253962,0.000924921,5.4462e-05,9.62997e-07,6.33092e-09,2.09904e-10,4.80385e-15,0.00627503
3082,0.00117343,0.00108165,0.000344327,1.25432e-05,8.16226e-08,2.76328e-11,9.15646e-13,2.09116e-17,0.00261204
3083,0.00219859,0.00202653,0.000716351,3.85637e-05,6.06951e-07,3.59795e-09,1.19032e-10,2.70286e-15,0.00498065
3084,0.0264797,0.0244068,0.0108179,0.00123237,6.15135e-05,1.35684e-06,4.48493e-08,1.01515e-12,0.0629997
3085,0,0,0,0,0,0,0,0,0
3086,0.00447886,0.00412806,0.00149626,8.93787e-05,1.71335e-06,1.30445e-08,4.30543e-10,9.69407e-15,0.0101943
3087,0,0,0,0,0,0,0,0,0
3088,0.00484695,0.00446706,0.00175841,0.000132425,3.36344e-06,3.34378e-08,1.10156e-09,2.46338e-14,0.0112082
3089,0.00728338,0.00671235,0.00279436,0.000250864,8.21907e-06,1.0841e-07,3.56827e-09,7.95433e-14,0.0170493
3090,0.00868915,0.00800769,0.00310575,0.000223122,5.27361e-06,4.8147e-08,1.58326e-09,3.51752e-14,0.020031
3091,0.00989825,0.00912177,0.00362233,0.000282515,7.67425e-06,8.38237e-08,2.75411e-09,6.1002e-14,0.0229326
3092,0.00498819,0.00459684,0.00181062,0.000135482,3.30125e-06,2.93253e-08,9.63327e-10,2.13224e-14,0.0115345
3093,0.0116731,0.0107568,0.00477174,0.000521488,2.24852e-05,3.94813e-07,1.29512e-08,2.85206e-13,0.027746
3094,0.0128102,0.0118045,0.00485649,0.000423881,1.3591e-05,1.78285e-07,5.84405e-09,1.28356e-13,0.0299088
3095,0.0225669,0.0207945,0.00938894,0.00111336,5.68665e-05,1.25579e-06,4.11267e-08,9.00345e-13,0.0539218
3096,0,0,0,0,0,0,0,0,0
3097,0,0,0,0,0,0,0,0,0
3098,0.00347502,0.00320186,0.00110736,5.65485e-05,8.4951e-07,4.88719e-09,1.59667e-10,3.46501e-15,0.00784164
3099,0,0,0,0,0,0,0,0,0
3100,0,0,0,0,0,0,0,0,0
3101,0.00889162,0.00819197,0.00318481,0.000231138,5.57873e-06,5.25281e-08,1.71108e-09,3.67415e-14,0.0205052
3102,0,0,0,0,0,0,0,0,0
3103,0.00728636,0.00671261,0.00254349,0.000170764,3.70452e-06,3.12153e-08,1.01477e-09,2.16313e-14,0.016717
3104,0.00192846,0.00177657,0.000615668,3.11738e-05,4.47077e-07,2.3615e-09,7.67227e-11,1.63189e-15,0.00435232
3105,0.00491895,0.00453146,0.00178608,0.000135417,3.48498e-06,3.52701e-08,1.14519e-09,2.43041e-14,0.0113754
3106,0.015337,0.0141283,0.00650234,0.000798871,4.08554e-05,8.66905e-07,2.8114e-08,5.94096e-13,0.0368083
3107,0.00519333,0.00478395,0.00189879,0.000147034,3.88853e-06,4.03082e-08,1.30639e-09,2.75435e-14,0.012027
3108,0.0175651,0.0161801,0.00696525,0.000703786,2.80143e-05,4.65909e-07,1.509e-08,3.17385e-13,0.0414427
3109,0.00163264,0.00150386,0.000509007,2.39223e-05,3.06987e-07,1.42451e-09,4.60906e-11,9.65873e-16,0.00366974
3110,0.00639657,0.00589182,0.00222887,0.000151864,3.48854e-06,3.20169e-08,1.03458e-09,2.15799e-14,0.0146726
3111,0,0,0,0,0,0,0,0,0
3112,0.00612464,0.00564107,0.00228992,0.000190459,5.59433e-06,6.52667e-08,2.10551e-09,4.36558e-14,0.0142517
3113,0.00526803,0.00485203,0.00177483,0.000108172,2.09596e-06,1.59032e-08,5.1284e-10,1.06183e-14,0.0120052
3114,0,0,0,0,0,0,0,0,0
3115,0.00230848,0.00212604,0.000754709,4.12624e-05,6.61979e-07,3.96345e-09,1.2751e-10,2.61765e-15,0.00523116
3116,0.00965504,0.00889189,0.00383926,0.000386944,1.49183e-05,2.32693e-07,7.48293e-09,1.53384e-13,0.0227883
3117,0.00129459,0.00119223,0.000390105,1.64346e-05,1.7709e-07,6.50547e-10,2.08997e-11,4.26881e-16,0.00289353
3118,0,0,0,0,0,0,0,0,0
3119,0.0107295,0.00988056,0.00400577,0.000339128,1.06636e-05,1.38758e-07,4.44981e-09,9.03024e-14,0.0249658
3120,0,0,0,0,0,0,0,0,0
3121,0.000297945,0.000274355,0.000113496,7.72108e-06,1.26825e-07,6.71548e-10,2.14922e-11,4.32974e-16,0.000693644
3122,0.00543694,0.0050064,0.0019985,0.000157973,4.3209e-06,4.66941e-08,1.49361e-09,3.00322e-14,0.0126042
3123,0.00830324,0.00764551,0.00294292,0.000207836,4.84743e-06,4.41216e-08,1.41001e-09,2.82564e-14,0.0191044
3124,0.0121173,0.0111572,0.00496622,0.000550665,2.43136e-05,4.38203e-07,1.39951e-08,2.79828e-13,0.0288161
3125,0.000473546,0.000436011,0.000114817,1.63707e-06,3.89026e-09,6.46691e-10,2.06298e-11,4.10769e-16,0.00102602
3126,0,0,0,0,0,0,0,0,0
3127,0,0,0,0,0,0,0,0,0
3128,0.00624118,0.00574605,0.0020096,0.000105009,1.57793e-06,8.75992e-09,2.78742e-10,5.49985e-15,0.0141034
3129,0.00524845,0.00483198,0.00191511,0.000147366,3.80598e-06,3.7185e-08,1.18246e-09,2.3276e-14,0.0121468
3130,0.0094342,0.00868531,0.00358494,0.000325989,1.13866e-05,1.62902e-07,5.17479e-09,1.01481e-13,0.022042
3131,0,0,0,0,0,0,0,0,0
3132,0.00645564,0.00594291,0.00242611,0.000205625,6.18944e-06,7.35748e-08,2.33349e-09,4.54986e-14,0.0150365
3133,0.00445474,0.00410074,0.00159079,0.000114946,2.74914e-06,2.53513e-08,8.02806e-10,1.55667e-14,0.010264
3134,0.00196658,0.0018103,0.000625686,3.12e-05,4.21001e-07,1.89018e-09,5.98502e-11,1.16005e-15,0.00443419
3135,0,0,0,0,0,0,0,0,0
3136,0.00445466,0.0041004,0.00149207,9.10263e-05,1.79505e-06,1.37136e-08,4.3334e-10,8.33759e-15,0.01014
3137,0.00687011,0.00632363,0.00260318,0.000226681,7.10433e-06,8.84416e-08,2.7927e-09,5.35943e-14,0.0160308
3138,0.0119869,0.011033,0.00458758,0.000424597,1.52975e-05,2.29438e-07,7.23768e-09,1.38398e-13,0.0280476
3139,0,0,0,0,0,0,0,0,0
3140,0,0,0,0,0,0,0,0,0
3141,0,0,0,0,0,0,0,0,0
3142,0,0,0,0,0,0,0,0,0
3143,0.002564,0.00235968,0.000848212,4.83525e-05,8.23242e-07,5.22891e-09,1.64256e-10,3.0935e-15,0.00582106
3144,0,0,0,0,0,0,0,0,0
3145,0.00729914,0.00671712,0.00278594,0.000248349,8.02905e-06,1.02792e-07,3.22316e-09,6.03078e-14,0.0170587
3146,0,0,0,0,0,0,0,0,0
3147,0.0102039,0.0093897,0.00375643,0.000304648,8.96629e-06,1.08376e-07,3.39202e-09,6.30456e-14,0.0236637
3148,0,0,0,0,0,0,0,0,0
3149,0.017222,0.015847,0.00633318,0.000526308,1.69064e-05,2.33255e-07,7.28701e-09,1.34535e-13,0.0399456
3150,0,0,0,0,0,0,0,0,0
3151,0.00722132,0.00664442,0.00236603,0.000136068,2.49298e-06,1.76454e-08,5.50277e-10,1.00945e-14,0.0163704
3152,0.00261736,0.0024082,0.000791668,3.42074e-05,3.88664e-07,1.52814e-09,4.76178e-11,8.71019e-16,0.00585182
3153,0.00499252,0.00459342,0.00180797,0.000137041,3.51725e-06,3.50411e-08,1.0908e-09,1.98801e-14,0.0115345
3154,0,0,0,0,0,0,0,0,0
3155,0.00592838,0.00545417,0.00195239,0.000112297,1.99391e-06,1.34439e-08,4.17703e-10,7.5607e-15,0.0134492
3156,0.00436873,0.00401917,0.0015534,0.000111351,2.64472e-06,2.43085e-08,7.54616e-10,1.36162e-14,0.0100553
3157,0,0,0,0,0,0,0,0,0
3158,0.00882085,0.00811462,0.00300428,0.000191037,3.94453e-06,3.21601e-08,9.96525e-10,1.78624e-14,0.0201348
3159,0.00455866,0.00419361,0.00162989,0.000118897,2.89411e-06,2.72876e-08,8.45159e-10,1.51243e-14,0.010504
3160,0,0,0,0,0,0,0,0,0
3161,0.0135426,0.0124573,0.00560281,0.000639968,2.87903e-05,5.01506e-07,1.54986e-08,2.75145e-13,0.0322719
3162,0.00240553,0.00221273,0.000784889,4.2607e-05,6.53253e-07,3.42953e-09,1.05957e-10,1.87917e-15,0.00544641
3163,0.00562774,0.00517654,0.00188443,0.000112093,2.04325e-06,1.43592e-08,4.43185e-10,7.83119e-15,0.0128029
3164,0.005324,0.00489699,0.00184419,0.000126604,2.99297e-06,2.81187e-08,8.66979e-10,1.52634e-14,0.0121948
3165,0.00908751,0.00835844,0.00356178,0.000344723,1.23508e-05,1.71397e-07,5.27987e-09,9.26495e-14,0.021365
3166,0,0,0,0,0,0,0,0,0
3167,0.00141189,0.00129855,0.000429894,1.90463e-05,2.28017e-07,9.98348e-10,3.07005e-11,5.35339e-16,0.0031596
3168,0.0059598,0.0054812,0.00206605,0.000141255,3.30893e-06,3.10638e-08,9.5425e-10,1.65764e-14,0.0136517
3169,0.00509637,0.00468707,0.00184874,0.000141405,3.6882e-06,3.75141e-08,1.15206e-09,1.99914e-14,0.0117773
3170,0.00892261,0.0082057,0.00349215,0.00033819,1.23065e-05,1.78348e-07,5.47002e-09,9.44787e-14,0.0209711
3171,0.0121042,0.0111313,0.00421918,0.000292948,6.98585e-06,6.70097e-08,2.05307e-09,3.53265e-14,0.0277547
3172,0.000761614,0.000700392,0.000212114,7.03369e-06,5.31082e-08,1.2742e-10,3.90279e-12,6.70819e-17,0.00168121
3173,0.00597608,0.0054955,0.00221337,0.000180489,5.13049e-06,5.66815e-08,1.73404e-09,2.96761e-14,0.0138706
3174,0.00265731,0.00244353,0.00082106,3.91026e-05,5.4298e-07,2.86723e-09,8.76178e-11,1.49339e-15,0.00596154
3175,0.0078735,0.00723992,0.00302855,0.000278257,9.41068e-06,1.26295e-07,3.85643e-09,6.55502e-14,0.0184298
3176,0.0155279,0.014278,0.00596764,0.000547847,1.85895e-05,2.51869e-07,7.68325e-09,1.3013e-13,0.0363403
3177,0,0,0,0,0,0,0,0,0
3178,0.00273117,0.00251122,0.000906137,5.20826e-05,8.73345e-07,5.11578e-09,1.55859e-10,2.62767e-15,0.00620148
3179,0,0,0,0,0,0,0,0,0
3180,0.0131054,0.0120492,0.00491308,0.000416796,1.25544e-05,1.47916e-07,4.49704e-09,7.52458e-14,0.0304972
3181,0.00330385,0.00303754,0.00112666,7.09426e-05,1.38196e-06,9.95154e-09,3.02385e-10,5.04938e-15,0.00754039
3182,0,0,0,0,0,0,0,0,0
3183,0,0,0,0,0,0,0,0,0
3184,0,0,0,0,0,0,0,0,0
3185,0,0,0,0,0,0,0,0,0
3186,0.000489969,0.000450408,0.000122402,3.25844e-06,2.57467e-08,4.47098e-11,1.35189e-12,2.21765e-17,0.00106606
3187,9.58889e-05,8.8145e-05,1.74438e-05,6.59609e-08,3.82878e-10,2.99855e-13,9.06079e-15,1.48283e-19,0.000201544
3188,0.00351922,0.00323495,0.00121142,7.89498e-05,1.6376e-06,1.29359e-08,3.90615e-10,6.37632e-15,0.00804619
3189,0.0115805,0.0106448,0.00427658,0.000348115,9.98743e-06,1.12915e-07,3.4069e-09,5.54558e-14,0.0268601
3190,0.0029257,0.00268924,0.00098068,5.86563e-05,1.06416e-06,7.11384e-09,2.14464e-10,3.48049e-15,0.00665535
3191,0,0,0,0,0,0,0,0,0
3192,0.00343936,0.00316119,0.0011788,7.56788e-05,1.52418e-06,1.14766e-08,3.45315e-10,5.56447e-15,0.00785657
3193,0,0,0,0,0,0,0,0,0
3194,0,0,0,0,0,0,0,0,0
3195,0.0150113,0.0137961,0.00557786,0.000472897,1.48397e-05,1.88511e-07,5.65593e-09,9.02061e-14,0.0348732
3196,0.00559889,0.00514557,0.00205156,0.00016259,4.44973e-06,4.72417e-08,1.41683e-09,2.25637e-14,0.0129631
3197,0,0,0,0,0,0,0,0,0
3198,0,0,0,0,0,0,0,0,0
3199,0.0166361,0.0152878,0.00629278,0.000566816,1.95613e-05,2.77556e-07,8.2987e-09,1.30701e-13,0.0388033
3200,0.0178779,0.0164285,0.00701739,0.000695088,2.66606e-05,4.17346e-07,1.24688e-08,1.95835e-13,0.042046
3201,0.00274465,0.00252207,0.000912563,5.35699e-05,9.61341e-07,6.5265e-09,1.94817e-10,3.05005e-15,0.00623382
3202,0,0,0,0,0,0,0,0,0
3203,0.00286643,0.00263382,0.000958175,5.71614e-05,1.04614e-06,7.20963e-09,2.14801e-10,3.33992e-15,0.00651664
3204,0,0,0,0,0,0,0,0,0
3205,0.00766978,0.00704697,0.00293124,0.000265378,8.7842e-06,1.1447e-07,3.40377e-09,5.25484e-14,0.0179223
3206,0.00422736,0.00388407,0.00148928,0.0001046,2.4093e-06,2.11818e-08,6.29737e-10,9.71614e-15,0.00970774
3207,0,0,0,0,0,0,0,0,0
3208,0.00875862,0.00804684,0.00339001,0.000314856,1.0263e-05,1.18867e-07,3.5264e-09,5.39897e-14,0.0205207
3209,0.00646532,0.00593982,0.0022384,0.00015245,3.5161e-06,3.20862e-08,9.5136e-10,1.45358e-14,0.0147995
3210,0.00678534,0.00623364,0.0025454,0.00021676,6.48172e-06,7.35961e-08,2.17998e-09,3.31889e-14,0.0157877
3211,0.000483244,0.000443943,0.000124833,3.1953e-06,1.42962e-08,1.03719e-11,3.07008e-13,4.66211e-18,0.00105523
3212,0.00465168,0.0042732,0.00165926,0.000121269,2.95501e-06,2.75546e-08,8.14599e-10,1.23142e-14,0.0107084
3213,0.00388113,0.00356528,0.00122864,6.1855e-05,8.82355e-07,4.57557e-09,1.35175e-10,2.03835e-15,0.00873779
3214,0.010234,0.00940079,0.00406514,0.00041576,1.63793e-05,2.57451e-07,7.59753e-09,1.14112e-13,0.0241323
3215,0.00197415,0.0018134,0.000614106,2.74935e-05,2.42986e-07,1.51182e-10,4.4583e-12,6.67902e-17,0.00442939
3216,0.00637381,0.00585458,0.00217062,0.000138428,2.82289e-06,2.20434e-08,6.49269e-10,9.68427e-15,0.0145403
3217,0.00497718,0.00457162,0.00178983,0.000134041,3.35941e-06,3.18442e-08,9.37294e-10,1.39454e-14,0.0114761
3218,0,0,0,0,0,0,0,0,0
3219,0,0,0,0,0,0,0,0,0
3220,0,0,0,0,0,0,0,0,0
3221,0.011933,0.0109595,0.00438968,0.000362127,1.07332e-05,1.23478e-07,3.62245e-09,5.32535e-14,0.0276551
3222,0.00721132,0.00662286,0.00272877,0.000240243,7.64273e-06,9.51588e-08,2.7889e-09,4.08533e-14,0.0168109
3223,0,0,0,0,0,0,0,0,0
3224,0.0183638,0.0168644,0.00653054,0.000485045,1.24861e-05,1.2404e-07,3.6295e-09,5.28572e-14,0.0422563
3225,0.00556873,0.00511391,0.00203377,0.000160438,4.36798e-06,4.59952e-08,1.34452e-09,1.95101e-14,0.0128813
3226,0.0101924,0.00935983,0.00375689,0.000310601,9.20308e-06,1.03426e-07,3.02186e-09,4.37738e-14,0.0236291
3227,0.0141474,0.0129914,0.0055319,0.000558137,2.27726e-05,3.83773e-07,1.12033e-08,1.61781e-13,0.033252
3228,0.00400255,0.00367539,0.00139739,9.59157e-05,2.14691e-06,1.83639e-08,5.35552e-10,7.70548e-15,0.00917342
3229,0.000325739,0.000299104,7.36909e-05,8.02788e-07,3.53856e-09,3.08633e-10,8.99078e-12,1.2884e-16,0.00069934
3230,0.0131466,0.0120713,0.00451073,0.000296555,6.36857e-06,5.27451e-08,1.5355e-09,2.19509e-14,0.0300316
3231,0.00970614,0.00891203,0.00333558,0.000224226,5.07181e-06,4.49111e-08,1.30611e-09,1.8603e-14,0.0221831
3232,0,0,0,0,0,0,0,0,0
3233,0.00718884,0.00660029,0.00254356,0.000187623,4.90047e-06,5.12047e-08,1.48617e-09,2.10148e-14,0.0165253
3234,0.00778681,0.00714912,0.00272414,0.000189939,4.42215e-06,3.99695e-08,1.15897e-09,1.63311e-14,0.0178545
3235,0.0131094,0.0120356,0.00537633,0.0006098,2.78583e-05,5.12657e-07,1.48555e-08,2.08836e-13,0.0311595
3236,0.0090184,0.00827937,0.00324674,0.000250374,6.88939e-06,7.63244e-08,2.20909e-09,3.09225e-14,0.0208019
3237,0.00645164,0.00592288,0.00220205,0.000142624,3.0145e-06,2.48813e-08,7.19869e-10,1.00625e-14,0.0147222
3238,0.00431412,0.00396048,0.00151903,0.000107013,2.46598e-06,2.14035e-08,6.18917e-10,8.6344e-15,0.00990314
3239,0.00310838,0.0028535,0.00104709,6.43798e-05,1.22903e-06,8.7983e-09,2.54173e-10,3.5336e-15,0.00707459
3240,0.0160581,0.014741,0.00598554,0.000542784,2.03195e-05,3.22653e-07,9.31346e-09,1.29095e-13,0.0373481
3241,0.0110268,0.010122,0.00381232,0.000256268,5.88813e-06,6.29032e-08,1.81354e-09,2.50282e-14,0.0252233
3242,0,0,0,0,0,0,0,0,0
3243,0.00712002,0.00653547,0.00268416,0.000234388,7.36347e-06,8.99832e-08,2.59017e-09,3.55418e-14,0.0165815
3244,0,0,0,0,0,0,0,0,0
3245,0.00714391,0.00655697,0.00245569,0.000161338,3.40018e-06,2.71814e-08,7.80702e-10,1.06274e-14,0.0163213
3246,0,0,0,0,0,0,0,0,0
3247,0.0115963,0.0106432,0.00411792,0.000304791,7.82243e-06,7.84903e-08,2.25153e-09,3.05082e-14,0.0266701
3248,0,0,0,0,0,0,0,0,0
3249,0,0,0,0,0,0,0,0,0
3250,0.00103915,0.000953653,0.000268772,6.66469e-06,1.9846e-08,8.01252e-12,2.29136e-13,3.07025e-18,0.00226826
3251,0.0053164,0.00487887,0.0019224,0.000147222,3.7963e-06,3.66588e-08,1.04761e-09,1.40015e-14,0.0122687
3252,0.00184805,0.00169592,0.00057818,2.81678e-05,3.79091e-07,1.78827e-09,5.10688e-11,6.80846e-16,0.0041507
3253,0,0,0,0,0,0,0,0,0
3254,0.0132969,0.0122017,0.00495956,0.000419419,1.25514e-05,1.44446e-07,4.11801e-09,5.45617e-14,0.0308902
3255,0.00786256,0.00721466,0.00300196,0.000273577,9.16123e-06,1.20332e-07,3.4258e-09,4.51622e-14,0.018362
3256,0.0139266,0.0127788,0.00495858,0.00036426,8.98853e-06,8.45362e-08,2.4057e-09,3.16659e-14,0.0320373
3257,0.00600902,0.0055136,0.00194561,0.000109406,1.97213e-06,1.4174e-08,4.02844e-10,5.27804e-15,0.0135796
3258,0.00561656,0.0051534,0.00204428,0.000159861,4.2368e-06,4.19651e-08,1.19209e-09,1.55896e-14,0.0129784
3259,0.00106382,0.000976077,0.00030235,1.02192e-05,5.73668e-08,9.2152e-12,2.6161e-13,3.41346e-18,0.00235253
3260,0.000601991,0.000552318,0.000160761,4.72494e-06,2.92498e-08,5.12836e-11,1.45421e-12,1.8895e-17,0.00131982
3261,0.0025106,0.00230341,0.000819742,4.59116e-05,7.67204e-07,4.73597e-09,1.34217e-10,1.74025e-15,0.00568044
3262,0.00509209,0.00467165,0.00167023,9.53302e-05,1.65581e-06,1.08266e-08,3.06398e-10,3.95276e-15,0.011531
3263,0.00268851,0.00246651,0.000868259,5.36336e-05,1.2716e-06,1.29703e-08,3.66797e-10,4.71925e-15,0.00607819
3264,0,0,0,0,0,0,0,0,0
3265,0.00705283,0.00647005,0.00242433,0.0001601,3.37937e-06,2.61714e-08,7.3896e-10,9.45347e-15,0.0161107
3266,0.00726278,0.00666251,0.00274015,0.000240995,7.66274e-06,9.48075e-08,2.67514e-09,3.41399e-14,0.0169142
3267,0.00214451,0.00196718,0.000684669,3.57695e-05,5.39638e-07,2.96126e-09,8.34329e-11,1.05904e-15,0.00483268
3268,0.00983664,0.00902322,0.00386603,0.00038592,1.46475e-05,2.18068e-07,6.14334e-09,7.79483e-14,0.0231267
3269,0,0,0,0,0,0,0,0,0
3270,0.00485143,0.00444997,0.00158126,8.9014e-05,1.45587e-06,7.62574e-09,2.14388e-10,2.69993e-15,0.0109731
3271,0,0,0,0,0,0,0,0,0
3272,0,0,0,0,0,0,0,0,0
3273,0,0,0,0,0,0,0,0,0
3274,0,0,0,0,0,0,0,0,0
3275,0.00833223,0.00764172,0.00297458,0.000225984,6.10495e-06,6.53889e-08,1.83028e-09,2.2685e-14,0.0191807
3276,0.0157495,0.014444,0.00580203,0.000484519,1.48575e-05,1.81745e-07,5.08301e-09,6.28125e-14,0.0364951
3277,0.00490438,0.00449775,0.00175137,0.000129904,3.22837e-06,3.03406e-08,8.48055e-10,1.04571e-14,0.0112867
3278,0,0,0,0,0,0,0,0,0
3279,0.00498103,0.00456774,0.00162309,9.0765e-05,1.51945e-06,9.42442e-09,2.62827e-10,3.2142e-15,0.0112642
3280,0,0,0,0,0,0,0,0,0
3281,0.02784,0.0255289,0.0116794,0.00146293,7.97735e-05,1.79607e-06,5.00131e-08,6.08281e-13,0.0665928
3282,0.00271474,0.00248927,0.000891662,5.06751e-05,8.39546e-07,4.80223e-09,1.33538e-10,1.61602e-15,0.0061472
3283,0.00409521,0.00375501,0.00142671,9.82363e-05,2.20652e-06,1.87335e-08,5.20555e-10,6.28289e-15,0.00937739
3284,0.00254945,0.00233763,0.000781919,3.47213e-05,2.91987e-07,3.2033e-11,8.89612e-13,1.07153e-17,0.00570401
3285,0.00415799,0.00381241,0.00132495,6.9448e-05,1.0703e-06,6.13782e-09,1.70329e-10,2.04597e-15,0.00936587
3286,0.0057996,0.00531747,0.00211791,0.000168862,4.66657e-06,4.94068e-08,1.36994e-09,1.6406e-14,0.0134086
3287,0.00133549,0.00122443,0.000394161,1.55699e-05,1.32462e-07,2.1351e-10,5.91397e-12,7.05545e-17,0.00296979
3288,0,0,0,0,0,0,0,0,0
3289,0.00694185,0.00636421,0.00259769,0.000223723,6.91235e-06,8.27588e-08,2.28818e-09,2.71192e-14,0.0161345
3290,0.00227122,0.00208217,0.000729464,3.90109e-05,6.09964e-07,3.48288e-09,9.62062e-11,1.13631e-15,0.00512248
3291,0,0,0,0,0,0,0,0,0
3292,0.00305265,0.00279845,0.00102104,6.2039e-05,1.16741e-06,8.19058e-09,2.25949e-10,2.65604e-15,0.00693536
3293,0.00862032,0.00790219,0.00331985,0.000312553,1.09179e-05,1.48027e-07,4.07872e-09,4.774e-14,0.020166
3294,0,0,0,0,0,0,0,0,0
3295,0,0,0,0,0,0,0,0,0
3296,0.0118205,0.0108348,0.0047531,0.000512751,2.18254e-05,3.68669e-07,1.01285e-08,1.17286e-13,0.0279433
3297,0.00196353,0.00179977,0.000617801,3.10201e-05,4.42986e-07,2.28673e-09,6.27938e-11,7.25902e-16,0.00441256
3298,0,0,0,0,0,0,0,0,0
3299,0,0,0,0,0,0,0,0,0
3300,0.00547283,0.00501605,0.00196685,0.000152797,4.11268e-06,4.19706e-08,1.14987e-09,1.3182e-14,0.0126127
3301,0.00358886,0.00328919,0.00122373,7.86485e-05,1.57107e-06,1.12672e-08,3.08313e-10,3.51876e-15,0.00818201
3302,0.00390014,0.00357439,0.00134763,9.07921e-05,1.98006e-06,1.62756e-08,4.44961e-10,5.06168e-15,0.00891496
3303,0.0052672,0.00482712,0.0018949,0.000144567,3.74403e-06,3.66911e-08,1.00203e-09,1.13543e-14,0.0121376
3304,0.0293621,0.0269083,0.0109618,0.000970286,3.36158e-05,4.90244e-07,1.33762e-08,1.51063e-13,0.0682366
3305,0,0,0,0,0,0,0,0,0
3306,0.00948266,0.00868974,0.00309167,0.000175559,3.04842e-06,1.97585e-08,5.38312e-10,6.04677e-15,0.0214427
3307,0,0,0,0,0,0,0,0,0
3308,0.00882194,0.00808384,0.00310398,0.000222061,5.30757e-06,4.84596e-08,1.3179e-09,1.47079e-14,0.0202372
3309,0.0125498,0.0114995,0.00434276,0.000305543,7.61167e-06,7.58589e-08,2.06172e-09,2.29547e-14,0.0287053
3310,0.0038764,0.00355188,0.00133667,8.94907e-05,1.92552e-06,1.54472e-08,4.1937e-10,4.65053e-15,0.00885638
3311,0.0151984,0.0139257,0.00543964,0.000409577,1.04565e-05,1.01526e-07,2.75431e-09,3.04644e-14,0.0349839
3312,0,0,0,0,0,0,0,0,0
3313,0.00244565,0.00224074,0.00077494,3.71195e-05,3.41015e-07,7.65552e-11,2.07308e-12,2.27766e-17,0.00549879
3314,0.00296661,0.002718,0.000898822,4.03718e-05,4.96369e-07,2.20493e-09,5.96722e-11,6.54161e-16,0.00662431
3315,0.0207993,0.0190556,0.00815424,0.000833364,3.3865e-05,5.54933e-07,1.49975e-08,1.63586e-13,0.0488769
3316,0.00613776,0.00562307,0.00225262,0.000183437,5.22638e-06,5.69338e-08,1.53781e-09,1.67391e-14,0.0142022
3317,0,0,0,0,0,0,0,0,0
3318,0,0,0,0,0,0,0,0,0
3319,0,0,0,0,0,0,0,0,0
3320,0.000953103,0.000873083,0.000269097,9.46547e-06,7.41316e-08,1.55432e-10,4.18293e-12,4.49267e-17,0.00210482
3321,0.00495184,0.00453599,0.0017624,0.000130208,3.20049e-06,2.91971e-08,7.85122e-10,8.40846e-15,0.0113837
3322,0.00323024,0.0029589,0.00108405,6.66252e-05,1.25434e-06,8.49482e-09,2.28264e-10,2.43823e-15,0.00734109
3323,0.00846084,0.00774992,0.00302288,0.000232909,6.45298e-06,7.08078e-08,1.90104e-09,2.02425e-14,0.0194731
3324,0,0,0,0,0,0,0,0,0
3325,0.0105515,0.0096645,0.00365605,0.000255886,6.22694e-06,6.03644e-08,1.61824e-09,1.71378e-14,0.0241343
3326,0.00462751,0.00423838,0.00143801,7.1715e-05,1.07181e-06,6.09302e-09,1.63205e-10,1.72314e-15,0.0103767
3327,0.0189117,0.0173208,0.00655616,0.000453447,1.05206e-05,9.43132e-08,2.52303e-09,2.65159e-14,0.0432528
3328,0.000479261,0.000438935,0.000112652,2.27099e-06,8.49364e-09,9.33689e-12,2.49617e-13,2.61724e-18,0.00103313
3329,0.000462993,0.000424026,0.000116366,2.6779e-06,7.69407e-09,2.27671e-13,6.0818e-15,6.35821e-20,0.00100607
3330,0.000574877,0.000526482,0.000152471,4.52014e-06,3.0414e-08,6.8987e-11,1.8415e-12,1.92e-17,0.00125838
3331,0.0109881,0.0100629,0.00396172,0.000305774,8.07101e-06,8.06256e-08,2.15041e-09,2.23542e-14,0.0253266
3332,0,0,0,0,0,0,0,0,0
3333,0,0,0,0,0,0,0,0,0
3334,0.00149953,0.00137313,0.000452037,1.98548e-05,2.28325e-07,8.80277e-10,2.34029e-11,2.40439e-16,0.00334478
3335,0.00233855,0.00214139,0.00074951,3.99275e-05,6.0898e-07,3.23708e-09,8.60156e-11,8.82042e-16,0.00526998
3336,0.00930462,0.00851994,0.0032817,0.000236657,5.6413e-06,4.99368e-08,1.32585e-09,1.35558e-14,0.0213486
3337,1.64695e-07,1.50802e-07,4.55527e-07,4.01902e-07,3.13796e-08,4.38472e-10,1.16325e-11,1.18594e-16,1.20476e-06
3338,0,0,0,0,0,0,0,0,0
3339,0.00156125,0.00142946,0.000470228,2.02315e-05,2.0766e-07,5.45866e-10,1.44502e-11,1.46155e-16,0.00348138
3340,0,0,0,0,0,0,0,0,0
3341,0.000239236,0.00021903,5.582e-05,1.0889e-06,3.71294e-09,3.32745e-12,8.79375e-14,8.84025e-19,0.000515179
3342,0,0,0,0,0,0,0,0,0
3343,0.00377535,0.00345629,0.00129365,8.55206e-05,1.81351e-06,1.43338e-08,3.78108e-10,3.77534e-15,0.00861264
3344,0.0117937,0.0107968,0.00407966,0.00027922,6.28991e-06,5.36213e-08,1.41373e-09,1.40892e-14,0.0269558
3345,0.000429647,0.000393321,0.000108218,2.6509e-06,1.1763e-08,1.07756e-11,2.83867e-13,2.82055e-18,0.000933848
3346,0.000952441,0.000871896,0.000269424,9.71002e-06,8.36766e-08,2.32223e-10,6.11329e-12,6.05878e-17,0.00210355
3347,0.00282516,0.00258616,0.00084472,3.6343e-05,4.08832e-07,1.55164e-09,4.07999e-11,4.02662e-16,0.0062928
3348,0.00330639,0.0030266,0.00110522,6.64567e-05,1.14408e-06,6.03443e-09,1.5854e-10,1.55984e-15,0.00750582
3349,0.0045693,0.00418252,0.00146141,7.79185e-05,1.21022e-06,6.7847e-09,1.78068e-10,1.74541e-15,0.0102924
3350,0,0,0,0,0,0,0,0,0
3351,0.000848678,0.000776794,0.000236787,8.24077e-06,6.93368e-08,1.97623e-10,5.17732e-12,5.04133e-17,0.00187057
3352,0,0,0,0,0,0,0,0,0
3353,0,0,0,0,0,0,0,0,0
3354,0,0,0,0,0,0,0,0,0
3355,0.00365839,0.00334815,0.00124679,8.12175e-05,1.68632e-06,1.29982e-08,3.39284e-10,3.25986e-15,0.00833625
3356,0,0,0,0,0,0,0,0,0
3357,0.00568457,0.00520227,0.00190407,0.000120063,2.48497e-06,1.98069e-08,5.16217e-10,4.93227e-15,0.0129135
3358,0,0,0,0,0,0,0,0,0
3359,0.000120534,0.000110302,5.27328e-05,4.45047e-06,7.71254e-08,3.44041e-10,8.95357e-12,8.50962e-17,0.000288097
3360,0.00195978,0.00179337,0.000536662,1.80104e-05,1.58932e-07,6.76798e-10,1.75972e-11,1.66683e-16,0.00430799
3361,0.00307923,0.00281769,0.000940096,4.40112e-05,5.85019e-07,2.8461e-09,7.39239e-11,6.97578e-16,0.00688161
3362,0.0084903,0.00776899,0.00294915,0.000203695,4.56652e-06,3.77619e-08,9.80217e-10,9.22903e-15,0.0194167
3363,0.0133617,0.0122262,0.00514691,0.000508534,2.00968e-05,3.18111e-07,8.25263e-09,7.75344e-14,0.0312638
3364,0,0,0,0,0,0,0,0,0
3365,0.00200746,0.00183677,0.000575512,2.20517e-05,2.18573e-07,7.74488e-10,2.0055e-11,1.87146e-16,0.00444201
3366,0.00578351,0.00529161,0.00175161,8.15766e-05,1.26996e-06,1.12854e-08,2.91974e-10,2.71594e-15,0.0129096
3367,0.00155781,0.00142527,0.000469725,2.06481e-05,2.31863e-07,8.11478e-10,2.09694e-11,1.94204e-16,0.00347369
3368,0,0,0,0,0,0,0,0,0
3369,0.000447657,0.000409554,0.00011427,3.02339e-06,1.72032e-08,3.19802e-11,8.25278e-13,7.60534e-18,0.000974521
3370,0.00493657,0.00451618,0.00174964,0.000129003,3.18568e-06,2.93817e-08,7.57108e-10,6.93981e-15,0.0113346
3371,0.00184046,0.00168372,0.000510887,1.66177e-05,9.57689e-08,1.13498e-10,2.92354e-12,2.67612e-17,0.00405178
3372,0.00592938,0.00542422,0.00196982,0.000119632,2.28351e-06,1.63295e-08,4.20242e-10,3.83408e-15,0.0134453
3373,0.0037255,0.00340797,0.0012703,8.3078e-05,1.72949e-06,1.32531e-08,3.40579e-10,3.09098e-15,0.0084886
3374,0.00532986,0.00487556,0.00190888,0.000145603,3.78406e-06,3.70439e-08,9.51865e-10,8.63572e-15,0.0122637
3375,0.00611572,0.00559418,0.00223174,0.000180573,5.10999e-06,5.49372e-08,1.40944e-09,1.27141e-14,0.0141274
3376,0.00109909,0.00100534,0.000317231,1.23571e-05,1.23177e-07,4.27053e-10,1.09479e-11,9.84816e-17,0.00243415
3377,0.00295692,0.00270466,0.000977216,5.81059e-05,1.06198e-06,7.13716e-09,1.82904e-10,1.64326e-15,0.00669797
3378,0.00106331,0.000972562,0.000305239,1.16709e-05,1.12509e-07,3.71391e-10,9.50564e-12,8.50076e-17,0.00235289
3379,0.0109707,0.0100341,0.00394343,0.000304649,8.0718e-06,8.07485e-08,2.06464e-09,1.83953e-14,0.025261
3380,0.00660915,0.00604486,0.0022365,0.000144908,3.07176e-06,2.48403e-08,6.34982e-10,5.65255e-15,0.0150385
3381,0,0,0,0,0,0,0,0,0
3382,0.00314232,0.00287387,0.000951514,4.30211e-05,5.27699e-07,2.26677e-09,5.78392e-11,5.11468e-16,0.00701125
3383,0.0101661,0.00929724,0.00391238,0.000381877,1.43485e-05,2.0979e-07,5.34618e-09,4.70553e-14,0.0237721
3384,0.00540325,0.00494136,0.00176899,0.000102747,1.83445e-06,1.21272e-08,3.08865e-10,2.71281e-15,0.0122182
3385,0.00539376,0.00493256,0.00193142,0.000147237,3.79535e-06,3.62511e-08,9.22406e-10,8.07383e-15,0.0124088
3386,0.0106071,0.00969993,0.00365628,0.000254406,6.73517e-06,9.5662e-08,2.43239e-09,2.12358e-14,0.0242246
3387,0,0,0,0,0,0,0,0,0
3388,0.00127823,0.00116883,0.00037632,1.56408e-05,1.71542e-07,6.6192e-10,1.67905e-11,1.45315e-16,0.00283919
3389,0.00136801,0.00125091,0.000405701,1.71588e-05,1.89283e-07,7.08474e-10,1.79682e-11,1.55406e-16,0.00304196
3390,0.00448467,0.00410067,0.00156653,0.000110883,2.59219e-06,2.2594e-08,5.72456e-10,4.93315e-15,0.0102654
3391,0.00580017,0.00530338,0.0020981,0.0001656,4.51904e-06,4.65096e-08,1.1773e-09,1.01109e-14,0.0133718
3392,0.00348066,0.00318248,0.00113979,6.84042e-05,1.31382e-06,9.31244e-09,2.35598e-10,2.01934e-15,0.00787266
3393,0.00375692,0.00343492,0.00127877,8.32325e-05,1.70322e-06,1.252e-08,3.16243e-10,2.69485e-15,0.00855556
3394,0.00351534,0.00321401,0.00118703,7.56029e-05,1.51666e-06,1.1144e-08,2.81377e-10,2.39434e-15,0.00799351
3395,0.00527175,0.00481966,0.00173819,0.000104909,2.03709e-06,1.50858e-08,3.80393e-10,3.221e-15,0.0119366
3396,0.0034441,0.00314869,0.000996101,3.89199e-05,3.79324e-07,1.20787e-09,3.04381e-11,2.57162e-16,0.00762819
3397,0,0,0,0,0,0,0,0,0
3398,0,0,0,0,0,0,0,0,0
3399,0.000979297,0.000895239,0.000277489,1.02288e-05,9.3664e-08,2.9158e-10,7.33188e-12,6.14554e-17,0.00216235
3400,0.00409932,0.00374728,0.0014116,9.54807e-05,2.07198e-06,1.6344e-08,4.10312e-10,3.41896e-15,0.00935577
3401,0.00159822,0.00146093,0.000483476,2.17919e-05,2.62813e-07,1.07877e-09,2.70581e-11,2.2473e-16,0.00356468
3402,0.00553344,0.00505809,0.00198581,0.00015299,4.01346e-06,3.91483e-08,9.81884e-10,8.15343e-15,0.0127344
3403,0.00186332,0.00170317,0.000576298,2.79446e-05,3.78889e-07,1.80753e-09,4.52659e-11,3.73793e-16,0.00417112
3404,0,0,0,0,0,0,0,0,0
3405,0.00184334,0.00168485,0.000569454,2.75525e-05,3.74085e-07,1.80323e-09,4.51049e-11,3.7086e-16,0.00412558
3406,0.012728,0.0116334,0.00511198,0.000558529,2.39339e-05,3.91427e-07,9.7834e-09,8.02141e-14,0.0300562
3407,0.00164096,0.00149977,0.000498713,2.29269e-05,2.88724e-07,1.27676e-09,3.18674e-11,2.5996e-16,0.00366266
3408,0.00837151,0.00765115,0.00317883,0.000292718,9.94883e-06,1.29427e-07,3.22933e-09,2.63103e-14,0.0195043
3409,0.0049818,0.00455295,0.00161535,9.19394e-05,1.58369e-06,9.85027e-09,2.45487e-10,1.99154e-15,0.0112436
3410,0,0,0,0,0,0,0,0,0
3411,0,0,0,0,0,0,0,0,0
3412,0.00215495,0.0019693,0.000674871,3.34527e-05,4.37107e-07,1.73801e-09,4.32046e-11,3.47255e-16,0.00483302
3413,0.000360029,0.000329001,7.39929e-05,6.43573e-07,1.13531e-08,3.27325e-10,8.12728e-12,6.50417e-17,0.000763678
3414,0,0,0,0,0,0,0,0,0
3415,0,0,0,0,0,0,0,0,0
3416,0.00469787,0.00429271,0.00151205,8.42322e-05,1.43032e-06,8.91923e-09,2.21003e-10,1.75536e-15,0.0105883
3417,0,0,0,0,0,0,0,0,0
3418,0,0,0,0,0,0,0,0,0
3419,0.00151296,0.00138237,0.000454574,2.02443e-05,2.45237e-07,1.05024e-09,2.59548e-11,2.04178e-16,0.00337039
3420,0.0094098,0.00859723,0.00346213,0.000299927,9.80486e-06,1.24832e-07,3.08061e-09,2.41082e-14,0.021779
3421,0.00434717,0.00397171,0.00150749,0.000104856,2.38767e-06,2.00726e-08,4.95066e-10,3.86602e-15,0.00993363
3422,0.00567155,0.00518158,0.00188058,0.000115844,2.3105e-06,1.75524e-08,4.32565e-10,3.36817e-15,0.0128519
3423,0,0,0,0,0,0,0,0,0
3424,0,0,0,0,0,0,0,0,0
3425,0,0,0,0,0,0,0,0,0
3426,0.00125691,0.00114821,0.000367686,1.50546e-05,1.60616e-07,5.90932e-10,1.45161e-11,1.11701e-16,0.00278801
3427,0.0111305,0.0101675,0.00383494,0.000266003,6.2223e-06,5.51985e-08,1.35435e-09,1.03772e-14,0.0254052
3428,0,0,0,0,0,0,0,0,0
3429,0.00259652,0.00237177,0.00074026,2.88686e-05,3.07096e-07,1.2028e-09,2.94711e-11,2.24664e-16,0.00573773
3430,2.10802e-06,1.92551e-06,1.83603e-06,2.87077e-06,1.80096e-07,2.27376e-09,5.56556e-11,4.22712e-16,8.92275e-06
3431,0.0062617,0.00571942,0.00190035,8.83441e-05,1.16556e-06,5.63343e-09,1.37768e-10,1.04294e-15,0.013971
3432,0,0,0,0,0,0,0,0,0
3433,0.0206044,0.018819,0.00788926,0.000765163,2.88529e-05,4.26097e-07,1.04033e-08,7.82849e-14,0.0481072
3434,0.00292583,0.00267223,0.000873186,3.76689e-05,4.06702e-07,1.26155e-09,3.07772e-11,2.30937e-16,0.00650933
3435,0.0031863,0.00291006,0.000999099,5.26825e-05,8.54338e-07,5.13008e-09,1.25043e-10,9.35157e-16,0.007149
3436,0.000857298,0.00078294,0.000226405,7.0779e-06,5.62723e-08,1.62291e-10,3.9501e-12,2.93878e-17,0.00187378
3437,0,0,0,0,0,0,0,0,0
3438,0.00638056,0.00582684,0.00205644,0.000116945,2.07714e-06,1.35708e-08,3.29714e-10,2.43688e-15,0.0143829
3439,0.00858133,0.00783647,0.00301899,0.000225249,5.93302e-06,6.06372e-08,1.47243e-09,1.08607e-14,0.019668
3440,0.00767142,0.00700539,0.00252748,0.000152588,2.88712e-06,2.01475e-08,4.88862e-10,3.59581e-15,0.0173598
3441,0,0,0,0,0,0,0,0,0
3442,0.0103197,0.00942327,0.00401915,0.000402914,1.54487e-05,2.27443e-07,5.50906e-09,4.02627e-14,0.0241808
3443,0.00853727,0.00779535,0.00292514,0.00020322,4.86785e-06,4.48221e-08,1.08433e-09,7.88911e-15,0.0194659
3444,0.00302959,0.00276624,0.000913666,4.1684e-05,5.33342e-07,2.48094e-09,5.99711e-11,4.35058e-16,0.00675172
3445,0.00264816,0.00241794,0.000856471,4.81631e-05,8.1094e-07,4.90846e-09,1.18602e-10,8.59086e-16,0.00597156
3446,0,0,0,0,0,0,0,0,0
3447,0.00419191,0.0038272,0.00144309,9.86259e-05,2.19267e-06,1.79186e-08,4.31929e-10,3.1014e-15,0.00956304
3448,0,0,0,0,0,0,0,0,0
3449,0.00619459,0.00565536,0.00204693,0.000123195,2.28446e-06,1.53265e-08,3.68841e-10,2.63252e-15,0.0140224
3450,0,0,0,0,0,0,0,0,0
3451,0.000172906,0.000157846,3.10247e-05,1.1331e-08,2.75505e-08,6.3822e-10,1.53317e-11,1.08713e-16,0.000361816
3452,0,0,0,0,0,0,0,0,0
3453,0.00239049,0.00218218,0.000761662,4.09239e-05,6.44613e-07,3.61425e-09,8.66915e-11,6.11275e-16,0.00537591
3454,0,0,0,0,0,0,0,0,0
3455,0.00614311,0.00560752,0.00207298,0.000136651,3.0154e-06,2.50745e-08,6.00414e-10,4.20722e-15,0.0139633
3456,0.00442371,0.00403794,0.00136134,6.80811e-05,1.03984e-06,5.99036e-09,1.43349e-10,1.00212e-15,0.00989211
3457,0.00367635,0.00335562,0.00124189,8.01425e-05,1.64055e-06,1.22239e-08,2.92145e-10,2.03283e-15,0.00835566
3458,0,0,0,0,0,0,0,0,0
3459,0,0,0,0,0,0,0,0,0
3460,0.00205604,0.00187656,0.000640696,3.20646e-05,4.51669e-07,2.19638e-09,5.23888e-11,3.61902e-16,0.00460581
3461,0.00177715,0.00162194,0.000542995,2.55938e-05,3.32334e-07,1.49195e-09,3.55327e-11,2.44104e-16,0.00396801
3462,0,0,0,0,0,0,0,0,0
3463,0,0,0,0,0,0,0,0,0
3464,0.00226232,0.00206458,0.000714946,3.75584e-05,5.74832e-07,3.13696e-09,7.4519e-11,5.07132e-16,0.00507998
3465,0,0,0,0,0,0,0,0,0
3466,0,0,0,0,0,0,0,0,0
3467,0.00316793,0.0028908,0.000961372,4.50622e-05,6.02572e-07,2.92587e-09,6.93264e-11,4.67375e-16,0.00706577
3468,0,0,0,0,0,0,0,0,0
3469,0,0,0,0,0,0,0,0,0
3470,0,0,0,0,0,0,0,0,0
3471,0,0,0,0,0,0,0,0,0
3472,0.00495552,0.00452149,0.00160568,9.28218e-05,1.68478e-06,1.13651e-08,2.68307e-10,1.78474e-15,0.0111772
3473,0.00126141,0.00115089,0.000367795,1.50583e-05,1.61572e-07,5.99771e-10,1.41422e-11,9.36558e-17,0.00279532
3474,0.00482709,0.00440406,0.00144709,6.66002e-05,8.9557e-07,4.47823e-09,1.05494e-10,6.96194e-16,0.0107457
3475,0.00457047,0.00416982,0.00158835,0.000112405,2.63072e-06,2.26894e-08,5.341e-10,3.51521e-15,0.0104437
3476,0.00314264,0.00286711,0.00103717,6.24191e-05,1.15453e-06,7.65596e-09,1.80107e-10,1.18268e-15,0.0071105
3477,0.00916457,0.00836074,0.00314163,0.000217902,5.03698e-06,4.13814e-08,9.72216e-10,6.35334e-15,0.0208899
3478,0,0,0,0,0,0,0,0,0
3479,0.00388669,0.00354565,0.00131918,8.65116e-05,1.79648e-06,1.33318e-08,3.12847e-10,2.03552e-15,0.00883984
3480,0,0,0,0,0,0,0,0,0
3481,0.00813372,0.00741953,0.00280245,0.000195386,4.58858e-06,4.07128e-08,9.53158e-10,6.14904e-15,0.0185557
3482,0.00049332,0.000449989,0.000125486,3.28875e-06,1.70322e-08,2.25229e-11,5.26852e-13,3.38823e-18,0.0010721
3483,0,0,0,0,0,0,0,0,0
3484,0,0,0,0,0,0,0,0,0
3485,0,0,0,0,0,0,0,0,0
3486,0.00296451,0.00270387,0.000900295,4.29398e-05,6.0042e-07,3.07818e-09,7.17873e-11,4.56587e-16,0.00661221
3487,0.0073147,0.00667139,0.0023124,0.000124643,2.04074e-06,1.21087e-08,2.8207e-10,1.78655e-15,0.0164252
3488,0,0,0,0,0,0,0,0,0
3489,0.00895339,0.0081656,0.00319128,0.000257318,7.69904e-06,8.88524e-08,2.06666e-09,1.30168e-14,0.0205754
3490,0,0,0,0,0,0,0,0,0
3491,0,0,0,0,0,0,0,0,0
3492,0.0012493,0.00113929,0.000361897,1.4426e-05,1.43625e-07,4.5361e-10,1.0524e-11,6.56706e-17,0.00276505
3493,0.00764282,0.00696955,0.00242394,0.000134856,2.44042e-06,1.69595e-08,3.93038e-10,2.44274e-15,0.0171736
3494,0.0109996,0.0100303,0.00375814,0.000257642,5.98374e-06,5.28784e-08,1.22431e-09,7.5829e-15,0.0250517
3495,0,0,0,0,0,0,0,0,0
3496,0.00422155,0.00384936,0.0013356,7.20132e-05,1.18499e-06,7.17563e-09,1.65837e-10,1.02027e-15,0.00947972
3497,0.00266921,0.00243385,0.000859759,4.8136e-05,8.02532e-07,4.73243e-09,1.09336e-10,6.71854e-16,0.00601176
3498,0,0,0,0,0,0,0,0,0
3499,0.000780759,0.000711868,0.000212361,7.00341e-06,5.4366e-08,1.37628e-10,3.17301e-12,1.93474e-17,0.00171205
3500,0.00502928,0.00458543,0.00156747,8.27571e-05,1.39398e-06,8.98156e-09,2.0695e-10,1.2592e-15,0.0112664
3501,0,0,0,0,0,0,0,0,0
3502,0,0,0,0,0,0,0,0,0
3503,0.00198119,0.0018062,0.000559115,2.08402e-05,1.9664e-07,6.39446e-10,1.46946e-11,8.8536e-17,0.00436754
3504,0.00379694,0.00346148,0.00111362,4.68787e-05,5.19063e-07,1.8885e-09,4.33608e-11,2.60431e-16,0.00841945
3505,0.00600984,0.00547873,0.00197857,0.000118769,2.12742e-06,1.20658e-08,2.76814e-10,1.65767e-15,0.013588
3506,0,0,0,0,0,0,0,0,0
3507,0.00784661,0.00715277,0.00266451,0.000176606,3.77152e-06,2.93523e-08,6.72071e-10,3.9955e-15,0.0178443
3508,0.0089903,0.00819518,0.00319605,0.000251491,7.22143e-06,8.0128e-08,1.83367e-09,1.08797e-14,0.0206403
3509,0,0,0,0,0,0,0,0,0
3510,0.00378756,0.00345234,0.00116351,5.64069e-05,7.68562e-07,3.65362e-09,8.34164e-11,4.90719e-16,0.00846059
3511,0.00118994,0.0010846,0.000342748,1.35761e-05,1.38004e-07,4.73941e-10,1.08127e-11,6.34387e-17,0.002631
3512,0.00611235,0.00557121,0.00220229,0.000175471,4.85403e-06,4.96974e-08,1.13354e-09,6.64443e-15,0.0140662
3513,0.00282142,0.00257155,0.000914145,5.22521e-05,8.95743e-07,5.41419e-09,1.23359e-10,7.20242e-16,0.00636027
3514,0.00175839,0.00160263,0.00049312,1.82216e-05,1.7014e-07,5.19676e-10,1.18328e-11,6.89217e-17,0.00387253
3515,0.00470294,0.00428622,0.00163491,0.000116671,2.76536e-06,2.40517e-08,5.47125e-10,3.17566e-15,0.0107435
3516,0.00146221,0.00133259,0.00043273,1.86367e-05,2.12292e-07,8.15798e-10,1.85301e-11,1.06967e-16,0.00324638
3517,0,0,0,0,0,0,0,0,0
3518,0.00322696,0.00294077,0.00106329,6.3933e-05,1.16612e-06,7.38257e-09,1.67445e-10,9.6146e-16,0.00729614
3519,0.00335019,0.00305298,0.00111112,6.84759e-05,1.31288e-06,9.02239e-09,2.0444e-10,1.16971e-15,0.00758408
3520,0.00181739,0.00165613,0.000551848,2.54953e-05,3.08218e-07,1.15299e-09,2.61112e-11,1.49088e-16,0.00405118
3521,0.00114308,0.00104161,0.000326867,1.26515e-05,1.23419e-07,3.98345e-10,9.00888e-12,5.11823e-17,0.00252433
3522,0,0,0,0,0,0,0,0,0
3523,0.00250504,0.00228257,0.000728583,2.99206e-05,3.21858e-07,1.16891e-09,2.63976e-11,1.4918e-16,0.00554644
3524,0.00167765,0.00152861,0.000506004,2.32135e-05,2.91989e-07,1.26885e-09,2.86266e-11,1.61193e-16,0.00373577
3525,0,0,0,0,0,0,0,0,0
3526,0,0,0,0,0,0,0,0,0
3527,0,0,0,0,0,0,0,0,0
3528,0,0,0,0,0,0,0,0,0
3529,0.00183061,0.00166777,0.000558705,2.6644e-05,3.55416e-07,1.65484e-09,3.71718e-11,2.05969e-16,0.00408408
3530,0.00830316,0.00756441,0.00262825,0.000144421,2.51766e-06,1.67808e-08,3.76723e-10,2.08303e-15,0.0186428
3531,0.00900041,0.00819934,0.00340163,0.000312904,1.02899e-05,1.18954e-07,2.66735e-09,1.46853e-14,0.0209247
3532,0.00253102,0.00230571,0.000750836,3.30897e-05,3.83154e-07,1.30949e-09,2.93511e-11,1.6135e-16,0.00562104
3533,0,0,0,0,0,0,0,0,0
3534,0.00692423,0.00630749,0.00230439,0.000144019,2.82223e-06,1.98661e-08,4.44416e-10,2.42565e-15,0.015683
3535,0.00346246,0.00315402,0.00115199,7.19081e-05,1.40489e-06,9.83811e-09,2.20006e-10,1.19924e-15,0.00784179
3536,0,0,0,0,0,0,0,0,0
3537,0,0,0,0,0,0,0,0,0
3538,0.00101069,0.000920577,0.00028405,1.04766e-05,9.63582e-08,2.9657e-10,6.61281e-12,3.56621e-17,0.00222589
3539,0.000740111,0.00067411,0.000199355,6.44425e-06,4.91704e-08,1.23896e-10,2.76093e-12,1.48562e-17,0.00162007
3540,0.00324949,0.00295961,0.00107113,6.49902e-05,1.21787e-06,8.1265e-09,1.8089e-10,9.69354e-16,0.00734643
3541,0,0,0,0,0,0,0,0,0
3542,0,0,0,0,0,0,0,0,0
3543,0.0108329,0.00986563,0.00383987,0.000293653,7.73389e-06,7.53435e-08,1.67223e-09,8.86597e-15,0.0248398
3544,0.00347062,0.0031607,0.00115381,7.19197e-05,1.39907e-06,9.69716e-09,2.15151e-10,1.13923e-15,0.00785845
3545,0.00384921,0.00350538,0.00118686,5.89702e-05,8.46738e-07,4.33422e-09,9.60666e-11,5.06793e-16,0.00860127
3546,0,0,0,0,0,0,0,0,0
3547,0,0,0,0,0,0,0,0,0
3548,5.27699e-05,4.80527e-05,2.7566e-05,2.99299e-06,6.21792e-08,3.39661e-10,7.51039e-12,3.92713e-17,0.000131444
3549,0,0,0,0,0,0,0,0,0
3550,0,0,0,0,0,0,0,0,0
3551,0.0061514,0.00560097,0.00204943,0.000131867,2.82071e-06,2.26465e-08,4.99129e-10,2.57903e-15,0.0139365
3552,0.00281126,0.00255965,0.00090712,5.15562e-05,8.76636e-07,5.21533e-09,1.14868e-10,5.92046e-16,0.00633047
3553,0.00296692,0.00270134,0.000880139,3.86617e-05,4.60651e-07,1.90277e-09,4.18825e-11,2.15374e-16,0.00658752
3554,0.0123169,0.011214,0.00423389,0.000298689,7.25516e-06,6.74862e-08,1.4842e-09,7.60839e-15,0.0280708
3555,0.00160602,0.00146217,0.000480347,2.16092e-05,2.65307e-07,1.12484e-09,2.47127e-11,1.26204e-16,0.00357042
3556,0,0,0,0,0,0,0,0,0
3557,0.00249396,0.00227044,0.000791865,4.29217e-05,6.86691e-07,3.86896e-09,8.48359e-11,4.30155e-16,0.00559988
3558,0.00484264,0.00440854,0.0015244,8.22487e-05,1.35254e-06,8.08779e-09,1.77222e-10,8.9634e-16,0.0108592
3559,0.00416401,0.00379067,0.00129003,6.47778e-05,9.2787e-07,4.61439e-09,1.01047e-10,5.09868e-16,0.00931042
3560,0.00187593,0.0017077,0.000572853,2.75164e-05,3.70895e-07,1.73824e-09,3.80399e-11,1.91486e-16,0.00418437
3561,0,0,0,0,0,0,0,0,0
3562,0.00207832,0.00189184,0.000612655,2.73955e-05,3.53209e-07,1.6248e-09,3.54989e-11,1.77614e-16,0.00461056
3563,0.00387005,0.00352266,0.00120704,6.32798e-05,1.00904e-06,5.88505e-09,1.28378e-10,6.38659e-16,0.00866404
3564,9.14546e-06,8.32428e-06,6.54732e-07,2.17586e-08,6.61624e-10,3.76918e-13,8.21501e-15,4.07373e-20,1.81469e-05
3565,0.00395848,0.00360297,0.00122953,6.31883e-05,9.66847e-07,5.35245e-09,1.16568e-10,5.76405e-16,0.00885514
3566,0.00144109,0.00131164,0.00042373,1.805e-05,2.02561e-07,7.6022e-10,1.65447e-11,8.15973e-17,0.00319471
3567,0,0,0,0,0,0,0,0,0
3568,0,0,0,0,0,0,0,0,0
3569,0.00197393,0.00179648,0.000606463,2.97374e-05,4.12745e-07,1.99324e-09,4.32757e-11,2.11568e-16,0.00440702
3570,0.0128233,0.0116702,0.00456661,0.000365712,1.07218e-05,1.20256e-07,2.60804e-09,1.26988e-14,0.0294366
3571,0.0065703,0.00597937,0.00205712,0.000112134,1.97189e-06,1.30665e-08,2.83264e-10,1.3772e-15,0.0147209
3572,0,0,0,0,0,0,0,0,0
3573,0.00108828,0.000990327,0.000307903,1.16643e-05,1.11296e-07,3.53462e-10,7.64468e-12,3.68487e-17,0.00239828
3574,0.00672396,0.00611865,0.00220795,0.000138519,2.90195e-06,2.27242e-08,4.9106e-10,2.35954e-15,0.015192
3575,0.00341981,0.0031119,0.0010787,6.26463e-05,1.43607e-06,1.59113e-08,3.43644e-10,1.64783e-15,0.00767452
3576,0.00180055,0.00163839,0.000545521,2.55858e-05,3.30732e-07,1.45529e-09,3.1411e-11,1.50273e-16,0.00401039
3577,0.00389411,0.00354325,0.00123679,6.87224e-05,1.13969e-06,6.16199e-09,1.32808e-10,6.31986e-16,0.00874402
3578,0.00185006,0.00168335,0.000510568,1.77679e-05,1.45556e-07,3.66878e-10,7.90419e-12,3.75599e-17,0.00406189
3579,0.00446137,0.00405928,0.00153042,0.000105922,2.39835e-06,1.95693e-08,4.21347e-10,1.99758e-15,0.0101594
3580,0.00162352,0.00147714,0.000485218,2.18807e-05,2.69767e-07,1.14577e-09,2.46359e-11,1.16212e-16,0.00360803
3581,0.00641192,0.00583372,0.00225159,0.000172664,4.66516e-06,4.65636e-08,1.00085e-09,4.71522e-15,0.0146746
3582,0.0022414,0.0020392,0.000699856,3.61778e-05,5.41552e-07,2.83333e-09,6.0818e-11,2.85103e-16,0.00501718
3583,0.00571178,0.00519643,0.00175426,8.68131e-05,1.24324e-06,6.32454e-09,1.35693e-10,6.34978e-16,0.0127505
3584,0.00473242,0.00430529,0.00145225,7.26523e-05,1.06935e-06,5.57484e-09,1.19482e-10,5.56956e-16,0.0105637
3585,0.00111926,0.0010182,0.000317774,1.22205e-05,1.19977e-07,3.97394e-10,8.50753e-12,3.94932e-17,0.00246757
3586,0.0164551,0.0149692,0.00558264,0.000384094,8.84815e-06,7.03934e-08,1.50615e-09,6.97719e-15,0.0373999
3587,0,0,0,0,0,0,0,0,0
3588,0.00169255,0.00153964,0.000520393,2.82705e-05,5.30294e-07,3.86042e-09,8.24429e-11,3.79274e-16,0.00378138
3589,0.0039012,0.00354863,0.00119966,5.95621e-05,8.53902e-07,4.32751e-09,9.23549e-11,4.23805e-16,0.00870991
3590,0.0128294,0.0116697,0.00488377,0.000483763,1.89233e-05,2.80051e-07,5.97231e-09,2.73326e-14,0.0298858
3591,0.0114593,0.0104231,0.00368355,0.000217405,4.31086e-06,3.3304e-08,7.09488e-10,3.23446e-15,0.0257877
3592,0,0,0,0,0,0,0,0,0
3593,0.00117651,0.00107007,0.000335594,1.30633e-05,1.28753e-07,4.17328e-10,8.87504e-12,4.02008e-17,0.00259536
3594,0,0,0,0,0,0,0,0,0
3595,0,0,0,0,0,0,0,0,0
3596,0.00337976,0.00307377,0.00111486,6.85691e-05,1.31614e-06,9.00484e-09,1.91036e-10,8.5762e-16,0.00763828
3597,0.00344689,0.00313475,0.00113958,7.05303e-05,1.36157e-06,9.31928e-09,1.97574e-10,8.84781e-16,0.00779312
3598,0.00260759,0.00237139,0.000829765,4.55919e-05,7.4241e-07,4.22126e-09,8.94141e-11,3.99115e-16,0.00585508
3599,0,0,0,0,0,0,0,0,0
3600,0,0,0,0,0,0,0,0,0
3601,0.00246528,0.00224177,0.000704426,2.73293e-05,2.59695e-07,7.80313e-10,1.64804e-11,7.27763e-17,0.00543906
3602,0.0016259,0.00147845,0.000443057,1.48932e-05,1.12026e-07,2.14328e-10,4.52283e-12,1.99104e-17,0.00356241
3603,0.00110898,0.00100837,0.000312741,1.16929e-05,1.0624e-07,3.00312e-10,6.32979e-12,2.77437e-17,0.00244189
3604,0.00087346,0.000794205,0.000235941,7.45171e-06,4.48915e-08,4.07369e-11,8.58033e-13,3.75116e-18,0.0019111
3605,0.00293762,0.00267104,0.000818059,2.97024e-05,2.67156e-07,7.89899e-10,1.66309e-11,7.26013e-17,0.00645669
3606,0.00500703,0.00455251,0.00173522,0.000123562,2.82896e-06,2.19855e-08,4.6241e-10,2.01086e-15,0.0114212
3607,0.0051891,0.00471787,0.00163358,8.48857e-05,1.22092e-06,8.06067e-09,1.69318e-10,7.32814e-16,0.0116267
3608,0.00111175,0.00101078,0.000282926,7.45612e-06,3.56472e-08,3.96064e-11,8.3171e-13,3.59587e-18,0.00241295
3609,0.00766476,0.00696847,0.00282066,0.000243753,7.51369e-06,8.39313e-08,1.76102e-09,7.5901e-15,0.0177052
3610,0.00477472,0.0043408,0.00143019,6.6033e-05,8.6538e-07,4.03291e-09,8.45079e-11,3.62499e-16,0.0106126
3611,0,0,0,0,0,0,0,0,0
3612,0.00134203,0.00122001,0.000389618,1.61389e-05,1.76128e-07,6.51021e-10,1.36203e-11,5.80856e-17,0.00296798
3613,0.00169932,0.00154478,0.000473686,1.7726e-05,1.75695e-07,6.07886e-10,1.27097e-11,5.40735e-17,0.00373569
3614,0,0,0,0,0,0,0,0,0
3615,0.00746896,0.00678935,0.00249517,0.000160364,3.28464e-06,2.40874e-08,5.02733e-10,2.125e-15,0.0169172
3616,0.00274251,0.00249288,0.000877431,4.92278e-05,8.27772e-07,4.87971e-09,1.01718e-10,4.2797e-16,0.00616288
3617,0.00469567,0.00426816,0.00147883,7.96204e-05,1.28673e-06,7.43235e-09,1.54804e-10,6.494e-16,0.0105236
3618,0.00794058,0.00721748,0.0026867,0.000180285,3.91609e-06,2.97899e-08,6.20026e-10,2.59406e-15,0.018029
3619,0,0,0,0,0,0,0,0,0
3620,0.00406244,0.0036923,0.00137075,9.08098e-05,1.93356e-06,1.46851e-08,3.05148e-10,1.26905e-15,0.00921824
3621,0.00401842,0.00365217,0.00135369,8.92445e-05,1.88684e-06,1.42145e-08,2.95032e-10,1.22179e-15,0.00911543
3622,0.00265927,0.00241686,0.000847041,4.69559e-05,7.78296e-07,4.53509e-09,9.40828e-11,3.88912e-16,0.0059709
3623,0.00306395,0.00278458,0.000911227,4.11434e-05,5.18074e-07,2.27509e-09,4.71519e-11,1.94212e-16,0.00680142
3624,0,0,0,0,0,0,0,0,0
3625,0.00560873,0.00509704,0.00170102,8.05722e-05,1.04272e-06,4.40406e-09,9.11213e-11,3.72981e-16,0.0124884
3626,0.000812262,0.00073814,0.000218741,7.082e-06,5.15782e-08,1.10649e-10,2.28749e-12,9.33508e-18,0.00177628
3627,0.00190823,0.00173404,0.000580354,2.785e-05,3.74317e-07,1.72479e-09,3.56162e-11,1.44731e-16,0.00425085
3628,0.000278766,0.000253318,6.06065e-05,7.22118e-07,3.0935e-10,6.73544e-11,1.39056e-12,5.64638e-18,0.000593413
3629,0,0,0,0,0,0,0,0,0
3630,0,0,0,0,0,0,0,0,0
3631,0.00345997,0.0031438,0.00107428,5.68667e-05,9.28853e-07,5.46595e-09,1.12473e-10,4.51139e-16,0.00773586
3632,0.00227285,0.00206513,0.000707933,3.66624e-05,5.51321e-07,2.88513e-09,5.9347e-11,2.37745e-16,0.00508312
3633,0.000247939,0.000225272,4.82207e-05,1.26794e-07,2.46949e-08,7.26304e-10,1.49232e-11,5.95342e-17,0.000521583
3634,0.00243075,0.00220847,0.000763958,4.07092e-05,6.37806e-07,3.48992e-09,7.16466e-11,2.84944e-16,0.00544453
3635,0,0,0,0,0,0,0,0,0
3636,0.00170535,0.00154932,0.000509875,2.31807e-05,2.85884e-07,1.1776e-09,2.41308e-11,9.53146e-17,0.00378801
3637,0.00594505,0.00540105,0.00210992,0.00016412,4.39556e-06,4.27146e-08,8.75081e-10,3.45351e-15,0.0136246
3638,0.00987767,0.00897353,0.00347736,0.000269327,7.47173e-06,7.79684e-08,1.59573e-09,6.27443e-15,0.0226054
3639,0.00444078,0.00403418,0.00151217,0.000103062,2.25631e-06,1.71783e-08,3.51229e-10,1.37598e-15,0.0100925
3640,0.000154741,0.00014057,3.21162e-05,4.11322e-07,3.81827e-10,1.14015e-13,2.32931e-15,9.09865e-21,0.000327838
3641,0.000834854,0.000758372,0.000224563,7.1783e-06,4.85251e-08,7.94701e-11,1.62185e-12,6.31059e-18,0.00182502
3642,0.0019733,0.00179249,0.000601542,2.90792e-05,3.91462e-07,1.77301e-09,3.61633e-11,1.40411e-16,0.0043968
3643,0.000317843,0.000288712,7.53563e-05,1.65508e-06,7.07037e-09,8.76531e-12,1.78604e-13,6.90916e-19,0.000683573
3644,0.00801202,0.00727742,0.00261255,0.00016036,3.21748e-06,2.38063e-08,4.84541e-10,1.86671e-15,0.0180656
3645,0.0109195,0.00991808,0.0035793,0.00022213,4.45833e-06,3.24848e-08,6.60504e-10,2.53503e-15,0.0246435
3646,0,0,0,0,0,0,0,0,0
3647,0.0122978,0.0111695,0.00404577,0.000253493,5.17318e-06,3.84876e-08,7.81544e-10,2.98526e-15,0.0277718
3648,0.001814,0.00164753,0.000515288,2.06997e-05,2.26426e-07,8.49437e-10,1.72382e-11,6.56922e-17,0.00399774
3649,0,0,0,0,0,0,0,0,0
3650,0,0,0,0,0,0,0,0,0
3651,0,0,0,0,0,0,0,0,0
3652,0,0,0,0,0,0,0,0,0
3653,0.000947614,0.000860533,0.000239618,4.26001e-06,1.09407e-08,1.97777e-09,3.99497e-11,1.49646e-16,0.00205204
3654,0.0036016,0.00327053,0.00119165,7.4718e-05,1.47058e-06,1.01963e-08,2.05754e-10,7.67878e-16,0.00813997
3655,0,0,0,0,0,0,0,0,0
3656,0,0,0,0,0,0,0,0,0
3657,0.00141918,0.00128862,0.000413472,1.74598e-05,1.95954e-07,7.41913e-10,1.49334e-11,5.52138e-17,0.00313893
3658,0,0,0,0,0,0,0,0,0
3659,0,0,0,0,0,0,0,0,0
3660,0.00163143,0.00148122,0.000484361,2.17124e-05,2.65685e-07,1.10649e-09,2.22086e-11,8.12552e-17,0.00361899
3661,0.000523448,0.000475252,0.000132136,3.5003e-06,1.86536e-08,2.60196e-11,5.22228e-13,1.91048e-18,0.00113435
3662,0.00271201,0.00246218,0.000781269,3.14013e-05,3.11162e-07,9.55282e-10,1.91422e-11,6.96126e-17,0.00598717
3663,0,0,0,0,0,0,0,0,0
3664,0,0,0,0,0,0,0,0,0
3665,0.00652359,0.0059223,0.00202131,0.00010413,1.57303e-06,8.33859e-09,1.66767e-10,6.02139e-16,0.0145729
3666,0.00318952,0.00289543,0.00103714,6.17871e-05,1.1338e-06,7.31029e-09,1.46026e-10,5.24902e-16,0.00718502
3667,0.000882898,0.000801474,0.000206195,5.97161e-06,3.66819e-07,9.17651e-09,1.83106e-10,6.5557e-16,0.00189691
3668,0.00349973,0.00317689,0.00115215,7.13222e-05,1.38028e-06,9.39946e-09,1.8747e-10,6.70071e-16,0.00790149
3669,0,0,0,0,0,0,0,0,0
3670,0.00608261,0.00552125,0.00188424,9.85339e-05,1.5765e-06,9.24578e-09,1.84128e-10,6.54485e-16,0.0135882
3671,0.00316321,0.0028712,0.00102647,6.07325e-05,1.09862e-06,6.91415e-09,1.37557e-10,4.87143e-16,0.00712272
3672,0,0,0,0,0,0,0,0,0
3673,0.00227853,0.00206808,0.000640949,2.40087e-05,2.1538e-07,5.72466e-10,1.13703e-11,4.00198e-17,0.00501178
3674,0.000851362,0.000772706,0.000230508,7.72611e-06,6.11371e-08,1.51994e-10,3.01596e-12,1.05771e-17,0.00186236
3675,0,0,0,0,0,0,0,0,0
3676,0.00462327,0.00419588,0.00139105,6.63737e-05,9.1235e-07,4.35312e-09,8.62041e-11,3.00088e-16,0.0102775
3677,0,0,0,0,0,0,0,0,0
3678,0.00167994,0.00152457,0.000497115,2.17575e-05,2.40844e-07,7.6662e-10,1.51604e-11,5.2508e-17,0.00372362
3679,0.00252711,0.00229332,0.000794578,4.26562e-05,6.70828e-07,3.614e-09,7.1387e-11,2.46198e-16,0.00565834
3680,0.0033067,0.00300073,0.000951476,3.96819e-05,4.51576e-07,1.72291e-09,3.40186e-11,1.17147e-16,0.00729904
3681,0,0,0,0,0,0,0,0,0
3682,0.00102856,0.000933339,0.000272467,8.87254e-06,7.14756e-08,1.8883e-10,3.72212e-12,1.27374e-17,0.00224331
3683,0.000729573,0.000662003,0.000193188,6.04766e-06,4.33135e-08,9.61773e-11,1.89275e-12,6.43866e-18,0.00159086
3684,0.00361696,0.00328192,0.00103106,4.24973e-05,4.74838e-07,1.58542e-09,3.11889e-11,1.05948e-16,0.00797292
3685,0,0,0,0,0,0,0,0,0
3686,0,0,0,0,0,0,0,0,0
3687,0,0,0,0,0,0,0,0,0
3688,0.00395942,0.00359229,0.00132315,8.61261e-05,1.79014e-06,1.3122e-08,2.57253e-10,8.62825e-16,0.00896279
3689,0,0,0,0,0,0,0,0,0
3690,0.000325067,0.000294907,7.70019e-05,1.70344e-06,7.3962e-09,9.41044e-12,1.84107e-13,6.12784e-19,0.000698687
3691,0,0,0,0,0,0,0,0,0
3692,0.00307149,0.00278638,0.000906203,4.0321e-05,4.95426e-07,2.09433e-09,4.09065e-11,1.35328e-16,0.00680489
3693,0.00804251,0.00729587,0.00277024,0.000204216,5.33459e-06,5.17458e-08,1.01029e-09,3.33733e-15,0.0183182
3694,0,0,0,0,0,0,0,0,0
3695,0,0,0,0,0,0,0,0,0
3696,0.00114551,0.00103907,0.000322935,1.23915e-05,1.21247e-07,3.92779e-10,7.64648e-12,2.49891e-17,0.00252003
3697,0.00173031,0.0015695,0.000516055,2.36091e-05,2.97058e-07,1.26478e-09,2.46033e-11,8.01764e-17,0.00383977
3698,0,0,0,0,0,0,0,0,0
3699,0.0100248,0.00909267,0.00339349,0.000240657,6.14044e-06,5.97144e-08,1.15968e-09,3.75598e-15,0.0227578
3700,0.00163448,0.00148244,0.000483483,2.15656e-05,2.61425e-07,1.0664e-09,2.06831e-11,6.66671e-17,0.00362224
3701,0,0,0,0,0,0,0,0,0
3702,0.00396665,0.00359755,0.00128252,7.78508e-05,1.51146e-06,1.03184e-08,1.99927e-10,6.42031e-16,0.00892609
3703,0,0,0,0,0,0,0,0,0
3704,0.00190722,0.00172965,0.000523242,1.83897e-05,1.56282e-07,4.22507e-10,8.16915e-12,2.60299e-17,0.00417866
3705,0,0,0,0,0,0,0,0,0
3706,0,0,0,0,0,0,0,0,0
3707,0.00196132,0.00177859,0.000566663,2.43508e-05,2.93841e-07,1.218e-09,2.35019e-11,7.4321e-17,0.00433122
3708,0.000544018,0.000493323,0.000138239,3.83377e-06,2.33442e-08,4.41797e-11,8.51714e-13,2.68459e-18,0.00117944
3709,0,0,0,0,0,0,0,0,0
3710,0.00203562,0.00184579,0.000619899,3.03269e-05,4.19452e-07,1.97075e-09,3.79e-11,1.18384e-16,0.00453206
3711,0.000836028,0.000758049,0.000224375,7.30431e-06,5.35979e-08,1.1252e-10,2.16249e-12,6.73826e-18,0.00182581
3712,0.00329807,0.00299037,0.00101758,5.35861e-05,8.60309e-07,4.81703e-09,9.24989e-11,2.87326e-16,0.00736047
3713,0,0,0,0,0,0,0,0,0
3714,0.000656793,0.000595487,0.000170541,5.0136e-06,3.18798e-08,5.76324e-11,1.1049e-12,3.41163e-18,0.00142787
3715,0,0,0,0,0,0,0,0,0
3716,0.0051248,0.00464617,0.001615,8.84265e-05,1.4543e-06,8.37809e-09,1.60312e-10,4.91497e-16,0.0114759
3717,0,0,0,0,0,0,0,0,0
3718,0.000356971,0.000323616,8.42264e-05,1.76428e-06,5.59173e-09,1.63759e-12,3.12827e-14,9.53185e-20,0.000766584
3719,0.00438795,0.00397781,0.00136461,7.25373e-05,1.17151e-06,6.75919e-09,1.28985e-10,3.91496e-16,0.00980408
3720,0.0029079,0.00263608,0.000848381,3.65782e-05,4.28271e-07,1.70546e-09,3.2536e-11,9.86518e-17,0.00642936
3721,0,0,0,0,0,0,0,0,0
3722,0.00210244,0.00190581,0.000587799,2.21066e-05,2.06515e-07,5.84292e-10,1.11291e-11,3.35464e-17,0.00461836
3723,0.00214063,0.00194039,0.000654558,3.23572e-05,4.46656e-07,2.02052e-09,3.84553e-11,1.15582e-16,0.00476838
3724,0.00204641,0.00185491,0.000615761,2.8075e-05,3.00287e-07,6.49636e-10,1.23479e-11,3.6933e-17,0.00454546
3725,0.00394292,0.00357384,0.00131238,8.49358e-05,1.75113e-06,1.26485e-08,2.40182e-10,7.15815e-16,0.00891583
3726,0.00995895,0.00902659,0.00325133,0.000199172,3.83822e-06,2.60036e-08,4.93545e-10,1.46829e-15,0.0224399
3727,0.00461565,0.00418345,0.00156163,0.000104902,2.16656e-06,1.41312e-08,2.68026e-10,7.95373e-16,0.0104678
3728,0.00781758,0.00708534,0.00264453,0.000183934,4.38401e-06,3.83424e-08,7.26501e-10,2.1478e-15,0.0177358
3729,0.00527013,0.0047764,0.00176085,0.000119334,2.73415e-06,2.24615e-08,4.25302e-10,1.25414e-15,0.0119295
3730,0.00131472,0.00119151,0.000375171,1.4895e-05,1.47654e-07,4.50028e-10,8.51332e-12,2.5019e-17,0.00289644
3731,0,0,0,0,0,0,0,0,0
3732,0.0023528,0.00213219,0.000729516,3.79195e-05,5.72979e-07,2.96285e-09,5.59438e-11,1.63266e-16,0.005253
3733,0,0,0,0,0,0,0,0,0
3734,0,0,0,0,0,0,0,0,0
3735,0,0,0,0,0,0,0,0,0
3736,0.00224647,0.00203561,0.000630303,2.40573e-05,2.35105e-07,7.63051e-10,1.43542e-11,4.13168e-17,0.00493668
3737,0.00110076,0.00099742,0.000307364,1.15189e-05,1.08541e-07,3.32619e-10,6.25428e-12,1.79723e-17,0.00241717
3738,0.00226587,0.00205309,0.000698533,3.56977e-05,5.26253e-07,2.64468e-09,4.9677e-11,1.42207e-16,0.00505372
3739,0.00409535,0.00371071,0.00136836,8.98129e-05,1.88725e-06,1.38594e-08,2.60188e-10,7.4331e-16,0.00926613
3740,0,0,0,0,0,0,0,0,0
3741,0.000695619,0.000630251,0.00018128,5.38836e-06,3.4138e-08,5.86418e-11,1.099e-12,3.11955e-18,0.00151257
3742,0.00120804,0.00109448,0.0003417,1.33682e-05,1.34824e-07,4.50031e-10,8.42496e-12,2.38196e-17,0.00265772
3743,0.00284919,0.00258126,0.00090566,5.09431e-05,8.59799e-07,4.98414e-09,9.31799e-11,2.62115e-16,0.00638792
3744,0.00155676,0.00141035,0.00041534,1.35774e-05,1.06453e-07,2.71255e-10,5.06974e-12,1.4246e-17,0.00339614
3745,0.00449515,0.00407228,0.00133014,6.07334e-05,7.77911e-07,3.36737e-09,6.28729e-11,1.76017e-16,0.00995909
3746,0.000248558,0.000225171,5.5976e-05,1.04019e-06,3.14901e-09,1.98182e-12,3.698e-14,1.0329e-19,0.000530749
3747,0,0,0,0,0,0,0,0,0
3748,0.000355458,0.000321991,8.28482e-05,1.63612e-06,4.3141e-09,9.67305e-13,1.80095e-14,4.98906e-20,0.000761937
3749,0.00300434,0.00272143,0.000961456,5.52937e-05,9.63543e-07,5.78129e-09,1.07568e-10,2.97276e-16,0.00674349
3750,0.00140531,0.00127295,0.000404729,1.66867e-05,1.78175e-07,6.11907e-10,1.13792e-11,3.13857e-17,0.00309985
3751,4.51707e-05,4.0915e-05,3.93025e-06,3.22903e-07,3.98502e-08,4.67757e-10,8.68877e-12,2.38653e-17,9.03792e-05
3752,0.00132255,0.00119793,0.000378281,1.53352e-05,1.62211e-07,5.6603e-10,1.05082e-11,2.88009e-17,0.00291426
3753,0.000407542,0.000369129,9.91313e-05,2.41803e-06,1.22484e-08,1.88156e-11,3.4899e-13,9.5331e-19,0.000878233
3754,0.00368786,0.00334013,0.00111303,5.40161e-05,7.598e-07,3.72368e-09,6.89902e-11,1.87688e-16,0.0081958
3755,0,0,0,0,0,0,0,0,0
3756,0.00227301,0.00205861,0.000699939,3.5762e-05,5.27339e-07,2.64606e-09,4.89595e-11,1.32537e-16,0.00506786
3757,0,0,0,0,0,0,0,0,0
3758,0.00132786,0.00120253,0.000376054,1.43551e-05,1.22111e-07,2.26077e-10,4.17395e-12,1.12082e-17,0.00292091
3759,0.00113428,0.0010272,0.000316688,1.18394e-05,1.08777e-07,3.09602e-10,5.71313e-12,1.53126e-17,0.00249012
3760,0.00253114,0.00229213,0.000723673,2.95807e-05,3.21818e-07,1.16969e-09,2.15575e-11,5.75122e-17,0.00557685
3761,0.000450552,0.000407995,9.84664e-05,1.58227e-06,3.25616e-09,7.07407e-12,1.30258e-13,3.46342e-19,0.000958599
3762,0.00350272,0.0031718,0.00113887,6.82448e-05,1.21384e-06,6.90698e-09,1.27097e-10,3.37112e-16,0.00788285
3763,0.000512116,0.00046372,0.000128526,3.47242e-06,2.05617e-08,3.81007e-11,7.00438e-13,1.85133e-18,0.00110786
3764,0.0021322,0.00193064,0.000650336,3.23019e-05,4.57432e-07,2.19323e-09,4.02796e-11,1.06068e-16,0.00474594
3765,0.00215218,0.00194868,0.000656481,3.25241e-05,4.5406e-07,2.10062e-09,3.8543e-11,1.01147e-16,0.00479032
3766,0.00207738,0.00188092,0.000620879,2.98595e-05,4.13757e-07,1.9278e-09,3.53534e-11,9.25953e-17,0.00460945
3767,0.00166836,0.00151054,0.000492037,2.20256e-05,2.6921e-07,1.10222e-09,2.01968e-11,5.27378e-17,0.00369323
3768,0.00151448,0.00137119,0.000406172,1.37469e-05,1.16777e-07,3.32779e-10,6.09277e-12,1.58611e-17,0.0033057
3769,0,0,0,0,0,0,0,0,0
3770,0.0026729,0.00241986,0.000840171,4.58586e-05,7.41477e-07,4.08586e-09,7.46634e-11,1.92988e-16,0.00597953
3771,0,0,0,0,0,0,0,0,0
3772,0.00350188,0.0031702,0.00106111,5.34393e-05,7.9564e-07,3.95384e-09,7.21164e-11,1.85121e-16,0.00778743
3773,0.00348724,0.0031569,0.000961718,3.54705e-05,3.34892e-07,1.03718e-09,1.89122e-11,4.84945e-17,0.00764167
3774,0.00266134,0.00240913,0.000835901,4.5577e-05,7.37233e-07,4.0756e-09,7.42123e-11,1.89316e-16,0.00595269
3775,0,0,0,0,0,0,0,0,0
3776,0,0,0,0,0,0,0,0,0
3777,0,0,0,0,0,0,0,0,0
3778,0,0,0,0,0,0,0,0,0
3779,0.00310572,0.00281104,0.000904344,3.87666e-05,4.36605e-07,1.58034e-09,2.86546e-11,7.19567e-17,0.00686031
3780,0.000687822,0.000622539,0.000177433,5.06182e-06,2.79207e-08,3.05385e-11,5.5316e-13,1.38386e-18,0.00149288
3781,0.00282437,0.00255624,0.00081297,3.3781e-05,3.694e-07,1.32429e-09,2.3968e-11,5.97803e-17,0.00622773
3782,0.0103243,0.00934403,0.00332131,0.000203999,4.25548e-06,3.32127e-08,6.0081e-10,1.49577e-15,0.0231979
3783,0,0,0,0,0,0,0,0,0
3784,0.00205526,0.00186002,0.000573682,2.19013e-05,2.13094e-07,6.40083e-10,1.15592e-11,2.85954e-17,0.00451108
3785,0.00283288,0.00256368,0.000847882,4.11908e-05,5.93507e-07,2.95568e-09,5.33127e-11,1.31305e-16,0.00628623
3786,0.00384213,0.00347697,0.00118687,6.34889e-05,1.05681e-06,6.25385e-09,1.12748e-10,2.77185e-16,0.00857052
3787,0,0,0,0,0,0,0,0,0
3788,0.00186393,0.00168668,0.000557049,2.60906e-05,3.40363e-07,1.4918e-09,2.68459e-11,6.55533e-17,0.0041341
3789,0.000204821,0.000185339,4.51698e-05,8.15332e-07,2.66372e-09,2.4729e-12,4.44609e-14,1.08201e-19,0.000436148
3790,0.00223767,0.00202478,0.000685343,3.46371e-05,5.02478e-07,2.45978e-09,4.41927e-11,1.07256e-16,0.00498293
3791,0.00200248,0.00181192,0.0006036,2.89746e-05,3.87899e-07,1.71805e-09,3.08404e-11,7.46129e-17,0.00444737
3792,0,0,0,0,0,0,0,0,0
3793,0.000129798,0.000117439,2.46475e-05,1.76052e-07,3.23906e-10,1.39781e-11,2.50439e-13,6.016e-19,0.000272061
3794,0,0,0,0,0,0,0,0,0
3795,0.00828173,0.00749286,0.00265589,0.000158742,3.0751e-06,2.14772e-08,3.84259e-10,9.18288e-16,0.0185923
3796,0,0,0,0,0,0,0,0,0
3797,0.0139834,0.0126507,0.00476394,0.000351783,9.4978e-06,9.59973e-08,1.71398e-09,4.0646e-15,0.0317594
3798,0,0,0,0,0,0,0,0,0
3799,0.000181694,0.000164368,3.90087e-05,6.29258e-07,1.51995e-09,6.17396e-13,1.10047e-14,2.59346e-20,0.000385701
3800,0.00655897,0.00593341,0.0021439,0.000135321,2.80046e-06,2.08482e-08,3.71348e-10,8.72878e-16,0.0147744
3801,0.00246396,0.00222891,0.000697817,2.78394e-05,2.91814e-07,1.0148e-09,1.80661e-11,4.23834e-17,0.00541881
3802,0,0,0,0,0,0,0,0,0
3803,0.00350466,0.00317018,0.00104231,4.854e-05,6.38151e-07,2.86247e-09,5.08689e-11,1.18552e-16,0.00776633
3804,0.00135134,0.00122232,0.000385764,1.56893e-05,1.66662e-07,5.79004e-10,1.02779e-11,2.38531e-17,0.00297528
3805,0.00104521,0.0009454,0.000287474,1.0353e-05,9.04758e-08,2.43059e-10,4.31075e-12,9.97185e-18,0.00228853
3806,0,0,0,0,0,0,0,0,0
3807,0.00154139,0.00139414,0.000408295,1.31895e-05,1.01322e-07,2.47967e-10,4.39224e-12,1.01127e-17,0.00335712
3808,0.00420953,0.00380723,0.00131186,7.22714e-05,1.24871e-06,7.63344e-09,1.35035e-10,3.09408e-16,0.00940215
3809,0.00427432,0.00386576,0.00122483,4.92921e-05,4.71293e-07,1.35337e-09,2.3922e-11,5.46506e-17,0.00941467
3810,0.00138626,0.00125371,0.000397034,1.63476e-05,1.77325e-07,6.33329e-10,1.11834e-11,2.54538e-17,0.00305353
3811,0,0,0,0,0,0,0,0,0
3812,0,0,0,0,0,0,0,0,0
3813,0.00502876,0.00454762,0.00156364,8.55375e-05,1.45429e-06,8.76033e-09,1.54352e-10,3.4846e-16,0.011227
3814,0.0011167,0.00100982,0.000308553,1.11693e-05,9.40214e-08,2.15663e-10,3.79575e-12,8.53472e-18,0.00244633
3815,0,0,0,0,0,0,0,0,0
3816,0.00203835,0.00184317,0.000594899,2.68066e-05,3.40546e-07,1.44075e-09,2.53161e-11,5.65775e-17,0.00450357
3817,0.000125236,0.000113243,2.57724e-05,3.77477e-07,9.22803e-10,6.37246e-13,1.1192e-14,2.49681e-20,0.000264629
3818,0.00284658,0.00257389,0.000818262,3.41222e-05,3.75983e-07,1.35346e-09,2.37469e-11,5.27768e-17,0.00627323
3819,0.00185239,0.0016749,0.000524404,2.19165e-05,2.68693e-07,1.19034e-09,2.08686e-11,4.62454e-17,0.00407388
3820,0.00259711,0.00234816,0.000787875,4.00428e-05,6.04241e-07,3.10409e-09,5.43456e-11,1.19823e-16,0.0057738
3821,0.00245318,0.00221801,0.000689933,2.68489e-05,2.67226e-07,8.59045e-10,1.50352e-11,3.31115e-17,0.00538825
3822,0.00642689,0.0058106,0.00208816,0.000133494,2.85836e-06,2.12963e-08,3.72343e-10,8.16814e-16,0.014462
3823,0.00141626,0.00128041,0.000369792,1.13932e-05,7.99748e-08,1.6864e-10,2.94514e-12,6.43349e-18,0.00307793
3824,0.000838527,0.000758073,0.00022333,7.29606e-06,5.53967e-08,1.27434e-10,2.22358e-12,4.84152e-18,0.00182728
3825,0,0,0,0,0,0,0,0,0
3826,0.00132697,0.00119959,0.000342834,1.00707e-05,6.05544e-08,8.03911e-11,1.40032e-12,3.02955e-18,0.00287952
3827,0.000506573,0.000457933,0.000119431,2.12332e-06,2.18237e-10,1.16566e-10,2.02877e-12,4.37577e-18,0.00108606
3828,0.0011627,0.00105105,0.00032356,1.21108e-05,1.11054e-07,3.09341e-10,5.38259e-12,1.1599e-17,0.00254953
3829,0,0,0,0,0,0,0,0,0
3830,0,0,0,0,0,0,0,0,0
3831,0.00234459,0.00211925,0.000699679,3.32906e-05,4.31225e-07,1.66101e-09,2.88106e-11,6.13585e-17,0.00519724
3832,0,0,0,0,0,0,0,0,0
3833,0.00690458,0.00624071,0.00245417,0.000198226,5.55757e-06,5.41517e-08,9.3797e-10,1.98731e-15,0.0158033
3834,0,0,0,0,0,0,0,0,0
3835,0,0,0,0,0,0,0,0,0
3836,0,0,0,0,0,0,0,0,0
3837,0.00270395,0.0024437,0.000846076,4.60843e-05,7.43123e-07,4.04115e-09,6.97511e-11,1.45861e-16,0.00604055
3838,0,0,0,0,0,0,0,0,0
3839,0,0,0,0,0,0,0,0,0
3840,0,0,0,0,0,0,0,0,0
3841,0.00739865,0.00668583,0.00242327,0.000159711,3.58432e-06,2.86479e-08,4.92727e-10,1.01694e-15,0.0166711
3842,0,0,0,0,0,0,0,0,0
3843,0.00191665,0.0017319,0.000534007,2.08757e-05,2.21586e-07,7.98093e-10,1.37029e-11,2.80991e-17,0.00420365
3844,0.00197455,0.00178419,0.000590369,2.77948e-05,3.57422e-07,1.46813e-09,2.51912e-11,5.15356e-17,0.00437726
3845,0.00023271,0.00021027,4.93746e-05,6.46893e-07,1.2782e-10,7.51383e-12,1.28853e-13,2.63037e-19,0.000493002
3846,0.000699116,0.000631675,0.000173178,4.73269e-06,3.00752e-08,6.09509e-11,1.04376e-12,2.11957e-18,0.00150873
3847,0,0,0,0,0,0,0,0,0
3848,0.00267573,0.00241752,0.000724963,2.54955e-05,2.24374e-07,6.41802e-10,1.09759e-11,2.21783e-17,0.00584394
3849,0.00200071,0.00180759,0.000542285,1.85444e-05,1.42637e-07,3.07209e-10,5.25001e-12,1.05799e-17,0.00436927
3850,0.00494002,0.004463,0.00167608,0.000117733,2.72571e-06,2.18411e-08,3.72738e-10,7.47314e-16,0.0111996
3851,0.00260161,0.00235034,0.00074571,3.15473e-05,3.69708e-07,1.48337e-09,2.52954e-11,5.0569e-17,0.00572958
3852,0.00120163,0.00108555,0.000336134,1.29477e-05,1.27434e-07,4.05298e-10,6.90694e-12,1.37749e-17,0.0026364
3853,0.00618788,0.00558995,0.0019325,0.000107645,1.86613e-06,1.12795e-08,1.92006e-10,3.81337e-16,0.0138198
3854,0.00318524,0.00287741,0.000949431,4.55832e-05,6.30478e-07,2.84918e-09,4.84773e-11,9.61083e-17,0.00705829
3855,0.00596222,0.00538585,0.00188837,0.000107207,1.83478e-06,1.0601e-08,1.80208e-10,3.56072e-16,0.0133455
3856,0.005976,0.00539815,0.00180671,8.95023e-05,1.27832e-06,6.09383e-09,1.03486e-10,2.0372e-16,0.0132716
3857,0.00427266,0.00385942,0.0013907,8.84267e-05,1.82699e-06,1.30599e-08,2.21633e-10,4.35186e-16,0.00961305
3858,0,0,0,0,0,0,0,0,0
3859,0.00633136,0.00571873,0.00190875,9.66267e-05,1.51545e-06,8.56014e-09,1.45055e-10,2.83261e-16,0.014057
3860,0,0,0,0,0,0,0,0,0
3861,0,0,0,0,0,0,0,0,0
3862,0,0,0,0,0,0,0,0,0
3863,0.00153686,0.00138799,0.000403716,1.278e-05,9.43495e-08,2.16829e-10,3.65993e-12,7.04381e-18,0.00334145
3864,0.002893,0.00261274,0.000831938,3.51642e-05,3.99264e-07,1.49466e-09,2.52172e-11,4.84494e-17,0.00637324
3865,9.5166e-05,8.59427e-05,1.83979e-05,2.08602e-07,2.43858e-10,4.16424e-15,7.01568e-17,1.34075e-22,0.000199715
3866,0.00130142,0.00117527,0.000367631,1.46431e-05,1.51426e-07,5.08556e-10,8.56516e-12,1.63494e-17,0.00285912
3867,0,0,0,0,0,0,0,0,0
3868,0,0,0,0,0,0,0,0,0
3869,0.000182553,0.000164846,3.72286e-05,4.18691e-07,6.59205e-12,8.01868e-12,1.34694e-13,2.54587e-19,0.000385046
3870,0,0,0,0,0,0,0,0,0
3871,0.00149774,0.00135237,0.000430473,1.80456e-05,1.97944e-07,6.88376e-10,1.1538e-11,2.16328e-17,0.00329883
3872,0.00412619,0.00372561,0.00136306,8.84225e-05,1.82573e-06,1.28535e-08,2.15265e-10,4.02385e-16,0.00930511
3873,0,0,0,0,0,0,0,0,0
3874,0.00476528,0.00430243,0.00146282,7.57686e-05,1.14545e-06,5.83194e-09,9.75089e-11,1.81145e-16,0.0106074
3875,0.00351198,0.0031708,0.00101977,4.65493e-05,6.3632e-07,3.0243e-09,5.05281e-11,9.36078e-17,0.00774973
3876,0.0049016,0.00442533,0.00139637,5.84191e-05,6.7797e-07,2.69588e-09,4.50143e-11,8.32087e-17,0.0107824
3877,0.00265168,0.00239396,0.000824607,4.43929e-05,7.05038e-07,3.75702e-09,6.2679e-11,1.15494e-16,0.00591535
3878,0.000800835,0.00072299,0.000190467,4.29335e-06,1.68411e-08,1.47372e-11,2.45709e-13,4.517e-19,0.0017186
3879,0.00139437,0.00125879,0.000396278,1.60267e-05,1.65874e-07,5.35135e-10,8.91392e-12,1.63305e-17,0.00306564
3880,0,0,0,0,0,0,0,0,0
3881,0,0,0,0,0,0,0,0,0
3882,0.00383219,0.0034593,0.00115116,5.64231e-05,8.06816e-07,3.93995e-09,6.54524e-11,1.18712e-16,0.00849988
3883,0,0,0,0,0,0,0,0,0
3884,0.000570702,0.000515139,0.000142887,3.84706e-06,2.11232e-08,2.98209e-11,4.94477e-13,8.9064e-19,0.0012326
3885,0.00473302,0.00427215,0.00146764,7.98157e-05,1.33754e-06,7.8462e-09,1.30044e-10,2.33843e-16,0.010554
3886,6.40902e-05,5.78477e-05,1.122e-05,8.14346e-08,2.55004e-11,4.76456e-18,7.88748e-20,1.41206e-25,0.000133239
3887,0.000431336,0.000389309,9.78551e-05,1.46038e-06,1.28833e-10,1.3636e-10,2.25477e-12,4.01937e-18,0.000919962
3888,0.001331,0.0012013,0.000349294,1.13646e-05,9.21697e-08,2.45799e-10,4.0634e-12,7.23676e-18,0.00289305
3889,0.00264305,0.00238541,0.000747574,3.00585e-05,3.15618e-07,1.07344e-09,1.77214e-11,3.14017e-17,0.0058064
3890,0,0,0,0,0,0,0,0,0
3891,0.0030654,0.00276645,0.000894592,4.02886e-05,5.15388e-07,2.2547e-09,3.71595e-11,6.54301e-17,0.00676725
3892,0.000739636,0.000667486,0.000192846,6.0027e-06,4.34215e-08,9.74896e-11,1.60548e-12,2.8188e-18,0.00160602
3893,0,0,0,0,0,0,0,0,0
3894,0.00625465,0.00564424,0.00218272,0.00016869,4.47429e-06,4.12243e-08,6.77754e-10,1.18256e-15,0.0142548
3895,0.000108043,9.7497e-05,1.25308e-05,4.91148e-07,1.21147e-07,2.15798e-09,3.54629e-11,6.17742e-17,0.000218685
3896,0.0046622,0.004207,0.00142195,7.22796e-05,1.05649e-06,5.12022e-09,8.40471e-11,1.45789e-16,0.0103645
3897,0,0,0,0,0,0,0,0,0
3898,0.000663208,0.000598422,0.000169767,4.95536e-06,3.18022e-08,5.95107e-11,9.7513e-13,1.68038e-18,0.00143638
3899,0,0,0,0,0,0,0,0,0
3900,0.00251449,0.00226873,0.000721334,3.08783e-05,3.57572e-07,1.27676e-09,2.08816e-11,3.57339e-17,0.00553579
3901,0,0,0,0,0,0,0,0,0
3902,0.00599499,0.0054088,0.00189443,0.000107737,1.84582e-06,1.05451e-08,1.72199e-10,2.92984e-16,0.0134078
3903,0.00113562,0.00102456,0.000313394,1.16403e-05,1.07499e-07,3.09292e-10,5.04872e-12,8.57752e-18,0.00248532
3904,0,0,0,0,0,0,0,0,0
3905,0.00763277,0.00688591,0.00238907,0.000134844,2.41406e-06,1.54122e-08,2.51058e-10,4.23239e-16,0.017045
3906,0.00168408,0.00151925,0.000490635,2.16347e-05,2.57122e-07,9.86583e-10,1.60549e-11,2.69648e-17,0.00371585
3907,0,0,0,0,0,0,0,0,0
3908,0.00550114,0.00496245,0.00165766,8.28917e-05,1.22228e-06,6.0994e-09,9.90892e-11,1.65379e-16,0.0122054
3909,0.0047267,0.0042638,0.00158544,0.000108567,2.42228e-06,1.84514e-08,2.99666e-10,4.99573e-16,0.010687
3910,0.00118383,0.00106786,0.000328552,1.24581e-05,1.19271e-07,3.61183e-10,5.8599e-12,9.73183e-18,0.00259283
3911,0,0,0,0,0,0,0,0,0
3912,0.00184601,0.00166505,0.00054468,2.50644e-05,3.18751e-07,1.33146e-09,2.15522e-11,3.54872e-17,0.00408113
3913,0.00521867,0.00470707,0.00166517,0.000102287,2.08289e-06,1.48715e-08,2.40659e-10,3.95871e-16,0.0116953
3914,0,0,0,0,0,0,0,0,0
3915,0,0,0,0,0,0,0,0,0
3916,0.000778285,0.000701931,0.000203868,6.46396e-06,4.79721e-08,1.10295e-10,1.78009e-12,2.89905e-18,0.0016906
3917,0.00597517,0.0053888,0.00182562,9.68342e-05,1.61446e-06,9.58769e-09,1.54597e-10,2.50915e-16,0.013288
3918,0.00329008,0.00296714,0.000948826,4.15388e-05,5.06085e-07,2.05688e-09,3.31373e-11,5.36088e-17,0.00724809
3919,0.00642354,0.00579288,0.00198786,0.000109313,1.89063e-06,1.14973e-08,1.85055e-10,2.98337e-16,0.0143155
3920,0,0,0,0,0,0,0,0,0
3921,0.000284516,0.000256569,6.49329e-05,1.34135e-06,5.40675e-09,6.42258e-12,1.03208e-13,1.65394e-19,0.000607365
3922,0,0,0,0,0,0,0,0,0
3923,0,0,0,0,0,0,0,0,0
3924,0,0,0,0,0,0,0,0,0
3925,0.00250103,0.00225512,0.000722865,3.22493e-05,4.12209e-07,1.77159e-09,2.83652e-11,4.4843e-17,0.00551167
3926,0.00426117,0.00384208,0.00133052,7.56597e-05,1.36693e-06,8.53158e-09,1.36482e-10,2.15069e-16,0.00951081
3927,0.00153189,0.00138121,0.000424643,1.66426e-05,1.74012e-07,5.88939e-10,9.41706e-12,1.48138e-17,0.00335456
3928,0.00103409,0.000932357,0.000281055,9.99551e-06,8.66879e-08,2.32022e-10,3.7073e-12,5.81608e-18,0.00225759
3929,0,0,0,0,0,0,0,0,0
3930,0.00111384,0.00100419,0.000280192,7.59314e-06,3.49502e-08,1.034e-11,1.64887e-13,2.56767e-19,0.00240585
3931,0.00282276,0.00254483,0.000825382,3.81464e-05,5.12933e-07,2.33867e-09,3.72627e-11,5.78473e-17,0.00623163
3932,0.00279599,0.00252062,0.000789327,3.19702e-05,3.38688e-07,1.14828e-09,1.82778e-11,2.82706e-17,0.00613825
3933,0,0,0,0,0,0,0,0,0
3934,0,0,0,0,0,0,0,0,0
3935,0,0,0,0,0,0,0,0,0
3936,0,0,0,0,0,0,0,0,0
3937,0.00194657,0.00175462,0.000543479,2.16509e-05,2.27362e-07,7.27724e-10,1.15322e-11,1.75437e-17,0.00426654
3938,0.000558133,0.000503084,0.000139095,3.76643e-06,2.18023e-08,3.64724e-11,5.77596e-13,8.76525e-19,0.0012041
3939,0,0,0,0,0,0,0,0,0
3940,0.00221238,0.00199407,0.000611195,2.32306e-05,2.29592e-07,7.42171e-10,1.17343e-11,1.76992e-17,0.0048411
3941,0.00108354,0.000976612,0.000274406,7.89651e-06,4.88305e-08,7.61092e-11,1.20283e-12,1.81138e-18,0.00234251
3942,0.00107827,0.000971831,0.00026801,7.66512e-06,5.37696e-08,1.22145e-10,1.92882e-12,2.89602e-18,0.00232583
3943,0,0,0,0,0,0,0,0,0
3944,0,0,0,0,0,0,0,0,0
3945,0.00107779,0.000971316,0.000292408,1.01891e-05,7.95566e-08,1.54071e-10,2.42616e-12,3.60479e-18,0.00235178
3946,0,0,0,0,0,0,0,0,0
3947,0,0,0,0,0,0,0,0,0
3948,0.00204082,0.00183907,0.000608454,2.91e-05,3.90812e-07,1.72064e-09,2.70286e-11,3.97935e-17,0.00451784
3949,0.00249613,0.00224929,0.000707658,2.92731e-05,3.30402e-07,1.25386e-09,1.96712e-11,2.88243e-17,0.00548268
3950,0.00208089,0.00187506,0.00062207,3.00376e-05,4.0998e-07,1.84425e-09,2.89044e-11,4.21949e-17,0.00460847
3951,0.00518287,0.00467013,0.00151327,6.80767e-05,8.45248e-07,3.45573e-09,5.4134e-11,7.88799e-17,0.0114352
3952,0.00151825,0.00136802,0.00043464,1.83363e-05,2.06188e-07,7.50223e-10,1.17442e-11,1.7069e-17,0.00333946
3953,0,0,0,0,0,0,0,0,0
3954,0,0,0,0,0,0,0,0,0
3955,0.00458497,0.00413096,0.00138828,6.97585e-05,1.004e-06,4.73957e-09,7.40042e-11,1.06531e-16,0.010175
3956,0.00179852,0.00162039,0.000481144,1.65413e-05,1.40831e-07,3.84715e-10,6.00162e-12,8.61078e-18,0.00391674
3957,0.000311204,0.00028037,7.00866e-05,1.2944e-06,2.89911e-09,3.0965e-15,4.82435e-17,6.88839e-23,0.000662957
3958,0,0,0,0,0,0,0,0,0
3959,0.00168655,0.00151937,0.000488786,2.13732e-05,2.49629e-07,9.22503e-10,1.4351e-11,2.0376e-17,0.00371633
3960,0.00701736,0.00632166,0.0020199,9.07934e-05,1.21803e-06,5.76488e-09,8.9642e-11,1.27067e-16,0.0154509
3961,0.00428676,0.00386167,0.00125742,5.93299e-05,8.3469e-07,4.06874e-09,6.3208e-11,8.92819e-17,0.00946602
3962,0.000450638,0.000405941,0.000100709,1.99741e-06,7.86539e-09,9.29323e-12,1.44233e-13,2.03007e-19,0.000959294
3963,0.00391014,0.00352219,0.00127179,7.9928e-05,1.57991e-06,1.04889e-08,1.6263e-10,2.28061e-16,0.00878564
3964,0,0,0,0,0,0,0,0,0
3965,0,0,0,0,0,0,0,0,0
3966,0,0,0,0,0,0,0,0,0
3967,0.00345207,0.00310925,0.0011027,6.54324e-05,1.18351e-06,7.03667e-09,1.08727e-10,1.50514e-16,0.00773065
3968,0.00167622,0.0015097,0.000441551,1.43912e-05,1.11308e-07,2.66184e-10,4.10871e-12,5.66609e-18,0.00364197
3969,0.00253242,0.00228081,0.000706437,2.75474e-05,2.74998e-07,8.62004e-10,1.32992e-11,1.83077e-17,0.00554749
3970,0.00200251,0.00180349,0.000592749,2.76353e-05,3.48563e-07,1.35269e-09,2.08433e-11,2.85579e-17,0.00442673
3971,0,0,0,0,0,0,0,0,0
3972,0.00133942,0.00120624,0.000375988,1.49493e-05,1.53554e-07,4.99417e-10,7.68326e-12,1.04651e-17,0.00293675
3973,0.00160031,0.00144115,0.000422033,1.39756e-05,1.13736e-07,2.9695e-10,4.56449e-12,6.19722e-18,0.00347758
3974,0.00190109,0.00171199,0.000510636,1.76581e-05,1.45041e-07,3.41505e-10,5.24596e-12,7.10529e-18,0.00414152
3975,0.000382528,0.000344472,9.04905e-05,2.11283e-06,1.01778e-08,1.46301e-11,2.24628e-13,3.03689e-19,0.000819613
3976,0.000411701,0.000370726,9.77255e-05,2.26449e-06,1.00471e-08,1.12669e-11,1.72737e-13,2.32261e-19,0.000882427
3977,0,0,0,0,0,0,0,0,0
3978,0,0,0,0,0,0,0,0,0
3979,0.00129373,0.00116489,0.000338183,7.97083e-06,1.57615e-09,3.00752e-09,4.60104e-11,6.13713e-17,0.00280478
3980,0,0,0,0,0,0,0,0,0
3981,0,0,0,0,0,0,0,0,0
3982,0.00101196,0.00091111,0.000272839,9.55325e-06,8.09295e-08,2.08646e-10,3.1833e-12,4.20315e-18,0.00220555
3983,0.000177112,0.000159459,3.74904e-05,6.10649e-07,1.66049e-09,1.12624e-12,1.71766e-14,2.26484e-20,0.000374673
3984,0,0,0,0,0,0,0,0,0
3985,0.00221876,0.00199748,0.00059257,2.05686e-05,1.76716e-07,4.66932e-10,7.10598e-12,9.29455e-18,0.00482956
3986,0.00184868,0.00166426,0.000541766,2.47154e-05,3.09806e-07,1.25442e-09,1.90721e-11,2.48572e-17,0.00407974
3987,0.000843122,0.000759004,0.00022207,7.27533e-06,5.71499e-08,1.4072e-10,2.13847e-12,2.78217e-18,0.00183153
3988,0.00178548,0.00160727,0.000491249,1.90229e-05,1.98332e-07,6.72983e-10,1.0212e-11,1.32129e-17,0.00390323
3989,0.000847942,0.000763307,0.000223127,7.25942e-06,5.56056e-08,1.29346e-10,1.96262e-12,2.53883e-18,0.00184169
3990,0,0,0,0,0,0,0,0,0
3991,0.000788718,0.000709942,0.000205752,6.5454e-06,4.92626e-08,1.15543e-10,1.74906e-12,2.24273e-18,0.00171101
3992,0.00215009,0.0019353,0.000553486,1.66817e-05,1.08525e-07,1.7813e-10,2.69483e-12,3.44756e-18,0.00465567
3993,0.00154708,0.00139251,0.000403601,1.28982e-05,9.87614e-08,2.39254e-10,3.6168e-12,4.61401e-18,0.00335618
3994,0.00168687,0.00151828,0.000460077,1.73795e-05,1.76067e-07,5.8636e-10,8.85279e-12,1.12402e-17,0.00368278
3995,0,0,0,0,0,0,0,0,0
3996,0.00100707,0.000906367,0.000271395,9.5526e-06,8.2748e-08,2.24353e-10,3.38206e-12,4.2696e-18,0.00219446
3997,0.00332459,0.00299209,0.000972198,4.49465e-05,5.98292e-07,2.69481e-09,4.05982e-11,5.11325e-17,0.00733442
3998,0.000944765,0.000850247,0.00025192,8.54213e-06,6.89669e-08,1.67388e-10,2.51871e-12,3.15804e-18,0.00205554
3999,0,0,0,0,0,0,0,0,0
4000,0,0,0,0,0,0,0,0,0
4001,1.73297e-06,1.55948e-06,1.87993e-06,2.53208e-06,1.43314e-07,1.49601e-09,2.24552e-11,2.78962e-17,7.84928e-06
4002,0.00261392,0.00235221,0.000746188,3.22912e-05,3.95457e-07,1.62644e-09,2.4408e-11,3.02994e-17,0.00574502
4003,0.000250749,0.000225639,5.54191e-05,1.02885e-06,3.27446e-09,2.44188e-12,3.66147e-14,4.53101e-20,0.00053284
4004,0.0027987,0.00251833,0.000792938,3.29237e-05,3.67357e-07,1.33127e-09,1.99337e-11,2.45384e-17,0.00614326
4005,0,0,0,0,0,0,0,0,0
4006,0.00632668,0.00569257,0.0020124,0.000126371,2.73164e-06,2.07766e-08,3.10518e-10,3.79602e-16,0.0141608
4007,0.000336065,0.000302377,7.7847e-05,1.71056e-06,7.52714e-09,9.67761e-12,1.44572e-13,1.76439e-19,0.000718007
4008,0.000372078,0.00033477,8.72765e-05,1.98782e-06,9.09963e-09,1.19573e-11,1.78469e-13,2.17081e-19,0.000796122
4009,5.60015e-05,5.03849e-05,9.93647e-06,8.85839e-08,7.53156e-11,2.13825e-15,3.18852e-17,3.86504e-23,0.000116411
4010,0,0,0,0,0,0,0,0,0
4011,0.000515794,0.000464034,0.000126761,3.36195e-06,1.95533e-08,3.46797e-11,5.16077e-13,6.20797e-19,0.00110997
4012,0,0,0,0,0,0,0,0,0
4013,0.000569278,0.000512127,0.000141619,3.89067e-06,2.35435e-08,4.27424e-11,6.35089e-13,7.59612e-19,0.00122694
4014,0,0,0,0,0,0,0,0,0
4015,0.000898082,0.000807881,0.000216386,5.38121e-06,2.81323e-08,4.29608e-11,6.37273e-13,7.57496e-19,0.00192776
4016,0.0028597,0.00257244,0.000887189,4.86123e-05,7.92304e-07,4.25245e-09,6.30508e-11,7.48153e-17,0.00636875
4017,0.00181115,0.00162917,0.000528018,2.38583e-05,2.96145e-07,1.18895e-09,1.76137e-11,2.08348e-17,0.0039925
4018,0.00161961,0.00145682,0.000434479,1.55748e-05,1.45743e-07,4.43468e-10,6.56094e-12,7.72187e-18,0.00352663
4019,0.000945135,0.000850118,0.000251984,8.61361e-06,7.15895e-08,1.85023e-10,2.73525e-12,3.21004e-18,0.00205592
4020,0,0,0,0,0,0,0,0,0
4021,0.00441302,0.00396917,0.00132397,6.56608e-05,9.37688e-07,4.41696e-09,6.51877e-11,7.60249e-17,0.00977277
4022,0.00296247,0.00266447,0.000846495,3.63565e-05,4.30743e-07,1.68965e-09,2.49259e-11,2.90226e-17,0.00651023
4023,0,0,0,0,0,0,0,0,0
4024,0.000880603,0.000791982,0.000232281,7.67275e-06,6.03674e-08,1.45321e-10,2.14032e-12,2.47704e-18,0.0019126
4025,0.00255361,0.00229652,0.000756469,3.70863e-05,5.32354e-07,2.50078e-09,3.67789e-11,4.23357e-17,0.00564422
4026,0.00213064,0.0019161,0.000576958,2.07173e-05,1.84377e-07,5.10726e-10,7.50713e-12,8.62369e-18,0.0046446
4027,0.00123877,0.001114,0.000342427,1.31189e-05,1.28238e-07,3.94304e-10,5.78889e-12,6.62009e-18,0.00270844
4028,0.00575771,0.00517773,0.00178627,9.806e-05,1.60001e-06,8.55255e-09,1.25532e-10,1.43424e-16,0.0128214
4029,0,0,0,0,0,0,0,0,0
4030,0,0,0,0,0,0,0,0,0
4031,0.000941957,0.000847003,0.000250535,8.49807e-06,6.92782e-08,1.72348e-10,2.52287e-12,2.8536e-18,0.00204806
4032,0.00135851,0.00122154,0.00034673,1.03859e-05,7.13122e-08,1.46398e-10,2.14139e-12,2.41524e-18,0.00293724
4033,0,0,0,0,0,0,0,0,0
4034,0.00195565,0.00175835,0.000574975,2.67247e-05,3.43989e-07,1.42221e-09,2.07583e-11,2.32258e-17,0.00431605
4035,0.00505302,0.00454318,0.00169077,0.000117547,2.68142e-06,2.05236e-08,2.99416e-10,3.3441e-16,0.0114072
4036,0,0,0,0,0,0,0,0,0
4037,0.0013769,0.0012379,0.000385658,1.54071e-05,1.59352e-07,5.16922e-10,7.5255e-12,8.33948e-18,0.00301603
4038,0.00304307,0.00273584,0.000777408,2.26207e-05,1.71236e-07,1.46668e-09,2.1347e-11,2.36339e-17,0.00657911
4039,0,0,0,0,0,0,0,0,0
4040,0,0,0,0,0,0,0,0,0
4041,0.00149254,0.00134173,0.000422552,1.74671e-05,1.89725e-07,6.48926e-10,9.41934e-12,1.03232e-17,0.00327448
4042,0,0,0,0,0,0,0,0,0
4043,0.0075343,0.00677261,0.00246253,0.00016389,3.69011e-06,2.89354e-08,4.1908e-10,4.55521e-16,0.0169371
4044,0.00718503,0.00645855,0.00229573,0.000138758,2.6091e-06,1.63336e-08,2.36478e-10,2.56688e-16,0.0160807
4045,0.000275991,0.000248081,6.08122e-05,1.22301e-06,5.10455e-09,5.92182e-12,8.56816e-14,9.27835e-20,0.000586112
4046,0,0,0,0,0,0,0,0,0
4047,0.00214868,0.00193127,0.00060487,2.54491e-05,2.98947e-07,1.14631e-09,1.65519e-11,1.77874e-17,0.00471057
4048,0.00354096,0.00318258,0.00108707,5.99786e-05,1.02865e-06,5.90041e-09,8.51182e-11,9.11527e-17,0.00787163
4049,6.97707e-05,6.27078e-05,1.29408e-05,1.41861e-07,2.2337e-10,8.76392e-14,1.26337e-15,1.34935e-21,0.000145561
4050,0,0,0,0,0,0,0,0,0
4051,0,0,0,0,0,0,0,0,0
4052,0.00188607,0.00169502,0.000501715,1.71575e-05,1.43318e-07,3.72911e-10,5.36212e-12,5.67298e-18,0.00410011
4053,0,0,0,0,0,0,0,0,0
4054,0,0,0,0,0,0,0,0,0
4055,0.00248245,0.00223081,0.00065959,2.28586e-05,2.00447e-07,5.61695e-10,8.05674e-12,8.44537e-18,0.00539592
4056,6.21472e-06,5.5846e-06,7.85387e-07,2.10606e-09,4.67412e-14,1.55955e-16,2.23506e-18,2.33543e-24,1.25868e-05
4057,0.00302471,0.00271795,0.000861259,3.66477e-05,4.23474e-07,1.58488e-09,2.26896e-11,2.36149e-17,0.00664099
4058,0,0,0,0,0,0,0,0,0
4059,0,0,0,0,0,0,0,0,0
4060,0.00170933,0.00153586,0.000469273,1.81753e-05,1.86704e-07,6.02159e-10,8.60075e-12,8.87425e-18,0.00373282
4061,0.00101145,0.000908765,0.000271249,9.52676e-06,8.26634e-08,2.24123e-10,3.19679e-12,3.28148e-18,0.00220107
4062,0.00127668,0.00114705,0.000353337,1.36845e-05,1.36243e-07,4.27175e-10,6.08858e-12,6.23283e-18,0.00279089
4063,0.000697494,0.000626651,0.000160894,3.47225e-06,1.39707e-08,1.37528e-11,1.95832e-13,1.99749e-19,0.00148852
4064,0,0,0,0,0,0,0,0,0
4065,0.00234513,0.00210685,0.000677928,3.10968e-05,4.09275e-07,1.74882e-09,2.4871e-11,2.52497e-17,0.00516142
4066,0.00296073,0.00265986,0.000813313,3.26636e-05,3.78164e-07,1.49196e-09,2.12064e-11,2.14852e-17,0.00646695
4067,0.000917657,0.000824385,0.00024218,8.04705e-06,6.30245e-08,1.45755e-10,2.07004e-12,2.09083e-18,0.00199233
4068,0,0,0,0,0,0,0,0,0
4069,0.00235731,0.00211757,0.000614559,1.99982e-05,1.59759e-07,4.08255e-10,5.78688e-12,5.80284e-18,0.0051096
4070,0.000634471,0.000569925,0.000159499,4.58515e-06,2.98586e-08,5.91008e-11,8.36634e-13,8.34815e-19,0.00136851
4071,0,0,0,0,0,0,0,0,0
4072,0.00215282,0.00193373,0.00058269,2.1143e-05,1.92846e-07,5.51444e-10,7.79622e-12,7.74186e-18,0.00469057
4073,0,0,0,0,0,0,0,0,0
4074,0,0,0,0,0,0,0,0,0
4075,0.000692155,0.000621668,0.000175314,5.10507e-06,3.23988e-08,5.64137e-11,7.95532e-13,7.82467e-19,0.00149428
4076,0.000262682,0.000235922,5.80698e-05,1.09601e-06,3.62111e-09,2.92304e-12,4.11667e-14,4.02947e-20,0.000557773
4077,0,0,0,0,0,0,0,0,0
4078,0.00312951,0.00281061,0.000918087,4.39676e-05,6.16718e-07,2.82436e-09,3.97355e-11,3.87425e-17,0.00690279
4079,0.000922873,0.000828811,0.000222385,5.62107e-06,3.05906e-08,5.01242e-11,7.04656e-13,6.85099e-19,0.00197972
4080,0,0,0,0,0,0,0,0,0
4081,0,0,0,0,0,0,0,0,0
4082,0,0,0,0,0,0,0,0,0
4083,0.000749948,0.000673427,0.000180819,4.72103e-06,2.8306e-08,5.28476e-11,7.39853e-13,7.08175e-19,0.00160894
4084,0.00138609,0.00124465,0.000352396,1.04982e-05,7.10931e-08,1.41739e-10,1.98379e-12,1.89698e-18,0.00299371
4085,0.00105799,0.000949994,0.000260329,7.06592e-06,4.30969e-08,8.08587e-11,1.13056e-12,1.07703e-18,0.00227542
4086,0.00215593,0.0019358,0.000603375,2.51138e-05,2.91965e-07,1.11053e-09,1.5511e-11,1.4718e-17,0.00472051
4087,0,0,0,0,0,0,0,0,0
4088,0.000664209,0.000596366,0.000151464,3.11805e-06,1.08373e-08,7.42382e-12,1.03547e-13,9.77471e-20,0.00141517
4089,0.000794054,0.000712932,0.000205192,6.29054e-06,4.33948e-08,8.98053e-11,1.2516e-12,1.17797e-18,0.00171851
4090,0.0017316,0.00155464,0.00045358,1.48677e-05,1.1623e-07,2.75775e-10,3.83875e-12,3.59646e-18,0.0037548
4091,0.00184586,0.00165721,0.000535732,2.41702e-05,2.986e-07,1.17345e-09,1.63287e-11,1.52789e-17,0.00406327
4092,0,0,0,0,0,0,0,0,0
4093,0.000687693,0.000617363,0.00017263,5.05175e-06,3.3834e-08,6.73924e-11,9.35589e-13,8.67804e-19,0.00148277
4094,0.00085004,0.000763102,0.000221962,7.21562e-06,5.60836e-08,1.34339e-10,1.86465e-12,1.72837e-18,0.00184238
4095,0,0,0,0,0,0,0,0,0
4096,0.00084866,0.000761817,0.000221329,7.15522e-06,5.47624e-08,1.27178e-10,1.7618e-12,1.62109e-18,0.00183902
4097,0.00180598,0.00162112,0.000485912,1.77996e-05,1.72404e-07,5.45228e-10,7.54458e-12,6.91292e-18,0.00393098
4098,0.000936314,0.000840464,0.00024763,8.38144e-06,6.89638e-08,1.7542e-10,2.42654e-12,2.22053e-18,0.00203286
4099,0,0,0,0,0,0,0,0,0
4100,0,0,0,0,0,0,0,0,0
4101,0.00240953,0.00216267,0.000660631,2.50856e-05,2.44171e-07,7.46374e-10,1.02929e-11,9.3116e-18,0.00525816
4102,0.000141819,0.000127285,2.64618e-05,1.88144e-07,3.53403e-10,1.39354e-11,1.91982e-13,1.73026e-19,0.000295754
4103,0.000267993,0.000240523,5.90661e-05,1.17667e-06,4.53907e-09,4.3695e-12,6.01607e-14,5.40982e-20,0.000568763
4104,0.000515291,0.00046246,0.000125261,3.24436e-06,1.78333e-08,2.80316e-11,3.85565e-13,3.45426e-19,0.00110627
4105,0,0,0,0,0,0,0,0,0
4106,0,0,0,0,0,0,0,0,0
4107,0.00301169,0.0027027,0.000848185,3.48691e-05,3.74275e-07,1.24037e-09,1.70182e-11,1.51039e-17,0.00659782
4108,0.000161545,0.000144969,3.35588e-05,5.35296e-07,1.49781e-09,1.17052e-12,1.60504e-14,1.42135e-20,0.000340609
4109,0,0,0,0,0,0,0,0,0
4110,0,0,0,0,0,0,0,0,0
4111,0.000117785,0.00010569,2.33951e-05,3.23415e-07,7.27399e-10,4.35947e-13,5.96153e-15,5.22569e-21,0.000247194
4112,0.000153828,0.000138029,2.89213e-05,2.04874e-07,5.68574e-10,2.18219e-11,2.98178e-13,2.60606e-19,0.000320983
4113,0,0,0,0,0,0,0,0,0
4114,0,0,0,0,0,0,0,0,0
4115,0.000278041,0.000249464,6.20346e-05,1.51028e-06,1.19223e-08,3.44598e-11,4.69566e-13,4.06171e-19,0.000591062
4116,0,0,0,0,0,0,0,0,0
4117,0,0,0,0,0,0,0,0,0
4118,0.000563335,0.000505404,0.000138725,3.7707e-06,2.2656e-08,4.07432e-11,5.54149e-13,4.75985e-19,0.00121126
4119,0,0,0,0,0,0,0,0,0
4120,0.00569337,0.00510755,0.00172249,9.02565e-05,1.39623e-06,6.91519e-09,9.38524e-11,7.99696e-17,0.0126151
4121,0.00118191,0.00106026,0.000321925,1.19878e-05,1.1283e-07,3.2968e-10,4.4701e-12,3.79521e-18,0.0025762
4122,0,0,0,0,0,0,0,0,0
4123,0,0,0,0,0,0,0,0,0
4124,0.000597576,0.000536036,0.000148245,4.12652e-06,2.56268e-08,4.76542e-11,6.44713e-13,5.42857e-19,0.00128601
4125,0.000885797,0.000794553,0.000214908,5.71029e-06,3.47613e-08,6.58397e-11,8.89939e-13,7.46802e-19,0.001901
4126,0,0,0,0,0,0,0,0,0
4127,0.00126649,0.00113596,0.000348104,1.33556e-05,1.3141e-07,4.03815e-10,5.44698e-12,4.53554e-18,0.00276403
4128,0.000310295,0.000278313,7.03102e-05,1.47361e-06,6.06093e-09,7.11235e-12,9.59274e-14,7.98462e-20,0.000660398
4129,0.0034497,0.00309403,0.000942994,3.71517e-05,4.08464e-07,1.49201e-09,2.00957e-11,1.66406e-17,0.00752429
4130,0.000629569,0.000564645,0.000157115,4.45293e-06,2.82121e-08,5.30035e-11,7.13442e-13,5.89365e-19,0.00135581
4131,0.00244944,0.00219678,0.000670137,2.53419e-05,2.4338e-07,7.22497e-10,9.71637e-12,7.99987e-18,0.00534194
4132,0.00127438,0.00114289,0.000350433,1.34778e-05,1.33144e-07,4.10962e-10,5.52018e-12,4.52475e-18,0.00278132
4133,0.000902532,0.000809404,0.000236651,7.83866e-06,6.23201e-08,1.50928e-10,2.02701e-12,1.66053e-18,0.00195649
4134,0.000385524,0.000345733,8.9608e-05,2.01481e-06,8.82353e-09,1.02536e-11,1.37571e-13,1.12278e-19,0.000822888
4135,0.00187962,0.00168557,0.000497287,1.70411e-05,1.44325e-07,3.8157e-10,5.11389e-12,4.15658e-18,0.00407966
4136,0.00109641,0.000983192,0.000253696,5.99335e-06,3.26977e-08,5.66193e-11,7.58376e-13,6.15046e-19,0.00233932
4137,0,0,0,0,0,0,0,0,0
4138,0.00237165,0.00212663,0.00070919,3.54109e-05,5.0543e-07,2.30431e-09,3.08061e-11,2.48063e-17,0.00524339
4139,0.000688899,0.000617712,0.000159117,3.5673e-06,1.62624e-08,2.11104e-11,2.82017e-13,2.26476e-19,0.00146931
4140,0.00100317,0.000899485,0.000266331,9.14962e-06,7.56487e-08,1.86274e-10,2.48597e-12,1.98885e-18,0.00217821
4141,0.00180669,0.00161992,0.000504592,2.09517e-05,2.34712e-07,8.10127e-10,1.0804e-11,8.62028e-18,0.00395239
4142,0.00122614,0.00109936,0.000335116,1.26682e-05,1.2214e-07,3.66861e-10,4.88857e-12,3.88867e-18,0.00267341
4143,0.000363866,0.000326233,8.425e-05,1.90042e-06,8.78368e-09,1.19219e-11,1.58728e-13,1.25857e-19,0.000776258
4144,0.000714822,0.000640879,0.000181426,5.44414e-06,3.7693e-08,7.88281e-11,1.04889e-12,8.29803e-19,0.00154261
4145,0.000382064,0.000342526,8.88365e-05,2.01894e-06,9.2299e-09,1.18773e-11,1.57797e-13,1.24119e-19,0.000815455
4146,0.00094499,0.000847184,0.000246349,8.0954e-06,6.27388e-08,1.40541e-10,1.86618e-12,1.46499e-18,0.00204668
4147,0.000968979,0.000868673,0.000256217,8.73396e-06,7.23411e-08,1.82732e-10,2.42488e-12,1.89908e-18,0.00210268
4148,0,0,0,0,0,0,0,0,0
4149,0.00161268,0.00144566,0.000422029,1.38575e-05,9.89469e-08,1.40503e-10,1.86127e-12,1.4482e-18,0.00349433
4150,0.000439377,0.000393864,0.00010427,2.53943e-06,1.30354e-08,1.9647e-11,2.60067e-13,2.01769e-19,0.000940063
4151,0.00122203,0.0010954,0.000333588,1.2588e-05,1.21183e-07,3.63523e-10,4.80605e-12,3.71156e-18,0.00266372
4152,0.000112105,0.000100488,2.20618e-05,2.99464e-07,6.64328e-10,3.99454e-13,5.27848e-15,4.06888e-21,0.000234955
4153,0,0,0,0,0,0,0,0,0
4154,0.00126062,0.00112992,0.000345469,1.31984e-05,1.29194e-07,3.93802e-10,5.19512e-12,3.97963e-18,0.00274933
4155,0,0,0,0,0,0,0,0,0
4156,0.00105933,0.00094944,0.000265127,7.86394e-06,5.65466e-08,1.28054e-10,1.68564e-12,1.28074e-18,0.00228182
4157,0,0,0,0,0,0,0,0,0
4158,0.00125145,0.00112157,0.000341065,1.27838e-05,1.20931e-07,3.48461e-10,4.58004e-12,3.46019e-18,0.00272699
4159,0.00014935,0.000133847,3.01371e-05,4.24907e-07,8.30646e-10,2.46505e-13,3.23736e-15,2.43844e-21,0.00031376
4160,0,0,0,0,0,0,0,0,0
4161,0.000365441,0.000327491,8.41603e-05,1.85004e-06,7.87071e-09,8.8245e-12,1.15715e-13,8.66568e-20,0.000778951
4162,0.00394879,0.00353861,0.00105973,3.86474e-05,3.68197e-07,1.13392e-09,1.48523e-11,1.10757e-17,0.00858615
4163,0.00202423,0.00181392,0.000554844,2.19118e-05,2.37122e-07,8.32488e-10,1.08972e-11,8.10734e-18,0.00441514
4164,0,0,0,0,0,0,0,0,0
4165,0,0,0,0,0,0,0,0,0
4166,0.00427286,0.00382863,0.00120754,5.20104e-05,6.34815e-07,2.57225e-09,3.35809e-11,2.47345e-17,0.00936167
4167,0.000267571,0.000239748,5.33856e-05,7.3816e-07,1.50833e-09,6.57006e-13,8.57125e-15,6.29666e-21,0.000561445
4168,0.00079707,0.00071416,0.000204746,6.39624e-06,4.66394e-08,1.01712e-10,1.32546e-12,9.69698e-19,0.00172242
4169,0.00429314,0.0038465,0.00130546,7.1311e-05,1.22144e-06,6.99498e-09,9.1102e-11,6.65031e-17,0.00951764
4170,0,0,0,0,0,0,0,0,0
4171,0,0,0,0,0,0,0,0,0
4172,0.000370575,0.000331995,8.56643e-05,1.92516e-06,8.73067e-09,1.12637e-11,1.46301e-13,1.05717e-19,0.000790168
4173,0.00147713,0.00132331,0.000378362,1.18393e-05,8.80597e-08,1.97366e-10,2.56121e-12,1.84447e-18,0.00319073
4174,0.00102976,0.000922508,0.000273564,9.47908e-06,7.9478e-08,1.98239e-10,2.57046e-12,1.84551e-18,0.00223539
4175,0,0,0,0,0,0,0,0,0
4176,0.00276548,0.00247733,0.000702767,2.15357e-05,1.57816e-07,3.60476e-10,4.6672e-12,3.33237e-18,0.00596728
4177,0,0,0,0,0,0,0,0,0
4178,0.00302938,0.00271358,0.000806018,2.82919e-05,2.46661e-07,6.61438e-10,8.5496e-12,6.06629e-18,0.00657752
4179,0.00050723,0.000454338,0.000131394,5.06185e-06,6.37026e-08,2.67871e-10,3.45938e-12,2.44644e-18,0.00109809
4180,0.00454683,0.0040726,0.00147982,9.68706e-05,2.0292e-06,1.38571e-08,1.78747e-10,1.25858e-16,0.0101982
4181,0,0,0,0,0,0,0,0,0
4182,0,0,0,0,0,0,0,0,0
4183,0.00143777,0.00128773,0.000399515,1.59576e-05,1.64139e-07,5.11639e-10,6.58508e-12,4.59789e-18,0.00314113
4184,0.000524762,0.00046999,0.000127068,3.30619e-06,1.84677e-08,2.97695e-11,3.82946e-13,2.66847e-19,0.00112514
4185,0.00145057,0.00129912,0.000404075,1.63371e-05,1.73458e-07,5.75007e-10,7.38722e-12,5.12286e-18,0.00317028
4186,6.46068e-05,5.78605e-05,1.17151e-05,1.22759e-07,1.8164e-10,6.5165e-14,8.36856e-16,5.79479e-22,0.000134305
4187,0.00176326,0.00157907,0.000489932,1.9773e-05,1.97845e-07,5.07473e-10,6.50777e-12,4.48229e-18,0.00385223
4188,0.00272023,0.002436,0.00077566,3.48039e-05,4.50787e-07,1.90466e-09,2.43997e-11,1.674e-17,0.00596715
4189,0.000435331,0.000389838,0.000102866,2.49281e-06,1.27702e-08,1.92592e-11,2.46626e-13,1.68958e-19,0.00093054
4190,0,0,0,0,0,0,0,0,0
4191,0.00194214,0.0017391,0.000562552,2.56967e-05,3.23923e-07,1.28649e-09,1.64472e-11,1.11983e-17,0.00426981
4192,0.0020266,0.00181468,0.000543305,1.98067e-05,1.87414e-07,5.65167e-10,7.21939e-12,4.90003e-18,0.00440458
4193,0.0016877,0.00151117,0.000440131,1.46204e-05,1.17866e-07,2.81981e-10,3.59763e-12,2.4307e-18,0.00365374
4194,0,0,0,0,0,0,0,0,0
4195,3.83204e-06,3.43102e-06,9.61253e-11,1.95367e-07,6.01134e-09,2.58016e-11,3.28639e-13,2.20657e-19,7.46456e-06
4196,0,0,0,0,0,0,0,0,0
4197,0.00223163,0.00199799,0.000560371,1.69289e-05,1.24959e-07,2.87268e-10,3.6523e-12,2.43545e-18,0.00480705
4198,0.0010292,0.000921424,0.000272817,9.43229e-06,7.89569e-08,1.96692e-10,2.4993e-12,1.66306e-18,0.00223295
4199,0,0,0,0,0,0,0,0,0
4200,0,0,0,0,0,0,0,0,0
4201,0.000704626,0.000630791,0.000177587,5.2708e-06,3.6004e-08,7.38249e-11,9.35635e-13,6.16531e-19,0.00151831
4202,0.000688329,0.000616192,0.000160215,3.79641e-06,1.97354e-08,3.14673e-11,3.98578e-13,2.62073e-19,0.00146855
4203,0,0,0,0,0,0,0,0,0
4204,0,0,0,0,0,0,0,0,0
4205,0.00171586,0.00153591,0.000447922,1.50142e-05,1.25161e-07,3.26509e-10,4.12441e-12,2.68415e-18,0.00371483
4206,0,0,0,0,0,0,0,0,0
4207,0,0,0,0,0,0,0,0,0
4208,0,0,0,0,0,0,0,0,0
4209,0.00133998,0.00119931,0.000354607,1.26898e-05,1.1777e-07,3.40349e-10,4.28361e-12,2.74987e-18,0.0029067
4210,0.000629452,0.000563359,0.000156024,4.39951e-06,2.7834e-08,5.2105e-11,6.55244e-13,4.19324e-19,0.00135326
4211,0.00191739,0.00171603,0.000553105,2.50013e-05,3.09046e-07,1.18774e-09,1.49256e-11,9.52555e-18,0.00421184
4212,0.00103145,0.000923109,0.000273191,9.44832e-06,7.92331e-08,1.97751e-10,2.48345e-12,1.58123e-18,0.00223728
4213,0.000963757,0.000862495,0.000245403,7.7253e-06,5.80043e-08,1.27297e-10,1.59681e-12,1.01229e-18,0.00207944
4214,0.00110585,0.000989637,0.000260309,6.36675e-06,3.38181e-08,5.31607e-11,6.66287e-13,4.21061e-19,0.0023622
4215,0.00632851,0.00566339,0.00211566,0.000155278,3.89662e-06,3.23715e-08,4.05645e-10,2.56153e-16,0.0142668
4216,0.000159485,0.00014272,3.27477e-05,5.13505e-07,1.40203e-09,1.04865e-12,1.313e-14,8.26626e-21,0.000335467
4217,0.000560416,0.000501491,0.000136654,3.66605e-06,2.16135e-08,3.74855e-11,4.68931e-13,2.94233e-19,0.00120225
4218,0.000124719,0.0001116,2.46174e-05,3.35804e-07,7.02434e-10,3.32909e-13,4.15873e-15,2.59564e-21,0.000261273
4219,0,0,0,0,0,0,0,0,0
4220,0.00127989,0.00114522,0.000318383,9.11367e-06,5.91433e-08,1.13856e-10,1.42045e-12,8.82237e-19,0.00275267
4221,0.000464928,0.000415998,0.000101683,2.09769e-06,1.40173e-08,5.58498e-11,6.95936e-13,4.30295e-19,0.00098472
4222,0.000919639,0.000822835,0.000239923,7.96035e-06,6.37724e-08,1.55026e-10,1.93117e-12,1.19267e-18,0.00199042
4223,0.000794018,0.000710417,0.000202799,6.28084e-06,4.51458e-08,9.57222e-11,1.19128e-12,7.33092e-19,0.00171356
4224,0.00124924,0.00111768,0.000308928,8.66591e-06,5.43537e-08,1.00331e-10,1.24737e-12,7.64688e-19,0.00268457
4225,0.000479581,0.000429062,0.000114195,2.8354e-06,1.47136e-08,2.14647e-11,2.66624e-13,1.62905e-19,0.00102569
4226,0,0,0,0,0,0,0,0,0
4227,0.00237139,0.00212148,0.00061761,2.08527e-05,1.78859e-07,4.85094e-10,6.01568e-12,3.65282e-18,0.00513151
4228,0,0,0,0,0,0,0,0,0
4229,0.00284248,0.00254279,0.000751428,2.63599e-05,2.35285e-07,6.57609e-10,8.14022e-12,4.90915e-18,0.00616329
4230,0,0,0,0,0,0,0,0,0
4231,0,0,0,0,0,0,0,0,0
4232,0,0,0,0,0,0,0,0,0
4233,0,0,0,0,0,0,0,0,0
4234,0,0,0,0,0,0,0,0,0
4235,0.00103513,0.000925845,0.000240181,5.7549e-06,3.07868e-08,5.03314e-11,6.20077e-13,3.67336e-19,0.00220694
4236,0,0,0,0,0,0,0,0,0
4237,0.00235731,0.00210832,0.000636959,2.49013e-05,2.73599e-07,9.8004e-10,1.2049e-11,7.08261e-18,0.00512776
4238,0.000935457,0.000836632,0.000226444,6.10281e-06,3.80281e-08,7.2919e-11,8.95909e-13,5.25327e-19,0.00200467
4239,0,0,0,0,0,0,0,0,0
4240,0.000222107,0.000198632,4.7609e-05,8.5731e-07,2.85135e-09,2.63026e-12,3.22587e-14,1.87886e-20,0.000469208
4241,0.00124286,0.00111147,0.000315576,9.94459e-06,7.8067e-08,1.92266e-10,2.35643e-12,1.36897e-18,0.00267993
4242,0,0,0,0,0,0,0,0,0
4243,0,0,0,0,0,0,0,0,0
4244,0,0,0,0,0,0,0,0,0
4245,0.000744204,0.000665462,0.000171926,3.94242e-06,1.89206e-08,2.69568e-11,3.29191e-13,1.88655e-19,0.00158555
4246,0.00021507,0.000192307,4.58099e-05,8.0667e-07,2.563e-09,2.18618e-12,2.66697e-14,1.52249e-20,0.000453996
4247,0.000365338,0.000326667,8.37394e-05,1.85885e-06,8.30695e-09,1.04803e-11,1.27806e-13,7.28627e-20,0.000777611
4248,0.000284561,0.000254433,6.22715e-05,1.15176e-06,3.33482e-09,1.44616e-12,1.76176e-14,1.0005e-20,0.000602421
4249,0.000287744,0.000257273,6.388e-05,1.28703e-06,5.0503e-09,5.62063e-12,6.84246e-14,3.87567e-20,0.000610189
4250,0.000193654,0.000173142,4.04168e-05,6.56462e-07,1.71839e-09,9.43513e-13,1.14776e-14,6.4828e-21,0.000407871
4251,0,0,0,0,0,0,0,0,0
4252,0.000323323,0.00028906,7.27958e-05,1.52667e-06,6.24318e-09,7.03293e-12,8.53854e-14,4.78714e-20,0.000686712
4253,0,0,0,0,0,0,0,0,0
4254,0,0,0,0,0,0,0,0,0
4255,0,0,0,0,0,0,0,0,0
4256,0.00172947,0.00154604,0.000490028,2.1127e-05,2.44682e-07,8.73944e-10,1.05772e-11,5.86076e-18,0.00378691
4257,0.00286578,0.00256173,0.000792313,3.16991e-05,3.30716e-07,1.05401e-09,1.27392e-11,7.02257e-18,0.00625185
4258,0.00461279,0.00412331,0.00136043,6.65587e-05,9.25089e-07,4.02718e-09,4.8645e-11,2.67556e-17,0.010164
4259,0.000529915,0.000473678,0.00012782,3.34537e-06,1.9151e-08,3.22977e-11,3.8996e-13,2.14134e-19,0.00113478
4260,0.00105711,0.00094489,0.00027422,1.03515e-05,1.19254e-07,4.53368e-10,5.46714e-12,2.98811e-18,0.00228669
4261,0.000954773,0.000853397,0.000227767,5.71452e-06,2.89475e-08,3.47025e-11,4.18175e-13,2.2794e-19,0.00204168
4262,0.0015956,0.00142612,0.000446912,1.86133e-05,2.05346e-07,6.96129e-10,8.37818e-12,4.54559e-18,0.00348745
4263,0.00109581,0.000979416,0.000291702,1.03809e-05,9.18962e-08,2.47277e-10,2.97527e-12,1.61259e-18,0.0023774
4264,0.00119446,0.00106755,0.000321635,1.18598e-05,1.10258e-07,3.1187e-10,3.7492e-12,2.02543e-18,0.00259561
4265,0.000305536,0.000273062,6.7966e-05,1.36365e-06,5.05235e-09,4.69759e-12,5.63914e-14,3.02992e-20,0.000647933
4266,0,0,0,0,0,0,0,0,0
4267,0.000491989,0.000439677,0.000107139,2.05166e-06,7.60695e-09,8.11356e-12,9.72476e-14,5.19484e-20,0.00104086
4268,0.000618837,0.000553022,0.000150615,4.1287e-06,2.5497e-08,4.65076e-11,5.56915e-13,2.9646e-19,0.00132663
4269,0,0,0,0,0,0,0,0,0
4270,0.00071055,0.000634961,0.000160419,3.50787e-06,1.60648e-08,2.16486e-11,2.58973e-13,1.37334e-19,0.00150945
4271,0.0026762,0.00239139,0.000649952,1.75357e-05,1.05875e-07,1.88349e-10,2.24983e-12,1.18651e-18,0.00573519
4272,0.000956756,0.000854919,0.000249289,8.26624e-06,6.48192e-08,1.46599e-10,1.74991e-12,9.20441e-19,0.0020693
4273,0.00155397,0.00138854,0.000394553,1.21308e-05,8.67583e-08,1.82787e-10,2.18051e-12,1.14425e-18,0.00334928
4274,0.000470962,0.000420809,0.000111545,2.76044e-06,1.44932e-08,2.19351e-11,2.61339e-13,1.3649e-19,0.00100609
4275,0.0022685,0.0020269,0.000629956,2.66207e-05,3.11762e-07,1.12009e-09,1.334e-11,6.95734e-18,0.00495229
4276,0.000965007,0.000862207,0.000233116,6.264e-06,3.85952e-08,7.21422e-11,8.5839e-13,4.46102e-19,0.00206663
4277,0.00239449,0.00213936,0.000603616,1.8523e-05,1.36824e-07,3.08796e-10,3.67168e-12,1.90316e-18,0.00515612
4278,0.00104787,0.000936178,0.000276411,9.54828e-06,7.98243e-08,1.95931e-10,2.32643e-12,1.19955e-18,0.00227008
4279,0.000104864,9.36854e-05,2.0243e-05,2.65815e-07,5.70717e-10,3.33549e-13,3.95833e-15,2.03684e-21,0.000219059
4280,0,0,0,0,0,0,0,0,0
4281,0.00101909,0.000910404,0.000268169,9.23913e-06,7.81553e-08,1.999e-10,2.3679e-12,1.21002e-18,0.00220698
4282,0.00104872,0.000936845,0.000251349,6.6186e-06,5.42043e-08,3.15096e-10,3.72945e-12,1.90004e-18,0.00224358
4283,0.00291503,0.00260403,0.000748548,2.43611e-05,1.96597e-07,4.91417e-10,5.81393e-12,2.95733e-18,0.00629216
4284,0,0,0,0,0,0,0,0,0
4285,0.00379726,0.0033919,0.00115345,6.42645e-05,1.11949e-06,6.31999e-09,7.45947e-11,3.76068e-17,0.008408
4286,0,0,0,0,0,0,0,0,0
4287,0,0,0,0,0,0,0,0,0
4288,0.000742767,0.000663437,0.000187117,5.63685e-06,3.94412e-08,8.2307e-11,9.69627e-13,4.85356e-19,0.001599
4289,0.00121712,0.0010871,0.000325722,1.18489e-05,1.05824e-07,2.72987e-10,3.21333e-12,1.60353e-18,0.00264189
4290,0,0,0,0,0,0,0,0,0
4291,0,0,0,0,0,0,0,0,0
4292,0,0,0,0,0,0,0,0,0
4293,0.00124995,0.00111629,0.000337833,1.26773e-05,1.21108e-07,3.52566e-10,4.13362e-12,2.03217e-18,0.00271688
4294,0,0,0,0,0,0,0,0,0
4295,0,0,0,0,0,0,0,0,0
4296,0,0,0,0,0,0,0,0,0
4297,0.00214972,0.00191968,0.00059285,2.44687e-05,2.79289e-07,9.96206e-10,1.16487e-11,5.6693e-18,0.004687
4298,0,0,0,0,0,0,0,0,0
4299,0.0012376,0.00110509,0.000333878,1.2471e-05,1.18393e-07,3.42231e-10,3.99326e-12,1.92803e-18,0.00268916
4300,0.00011916,0.000106398,2.00966e-05,1.69813e-07,1.72162e-09,1.10935e-11,1.29318e-13,6.22115e-20,0.000245826
4301,0.000214603,0.000191617,4.53411e-05,7.79427e-07,2.3102e-09,1.65664e-12,1.93015e-14,9.26709e-21,0.000452343
4302,0,0,0,0,0,0,0,0,0
4303,0.00166634,0.00148779,0.000425253,1.3314e-05,9.67995e-08,2.03436e-10,2.36641e-12,1.12931e-18,0.0035928
4304,6.24957e-05,5.5797e-05,1.11899e-05,1.1604e-07,1.74114e-10,6.60274e-14,7.67083e-16,3.64342e-22,0.000129599
4305,0.000923043,0.000824084,0.000215662,5.32867e-06,2.96472e-08,4.99546e-11,5.79813e-13,2.74428e-19,0.00196815
4306,8.95346e-05,7.99331e-05,1.65902e-05,1.83498e-07,2.54987e-10,5.97315e-14,6.9268e-16,3.26758e-22,0.000186242
4307,0.000446201,0.000398345,0.00010451,2.50757e-06,1.2507e-08,1.75811e-11,2.0378e-13,9.59517e-20,0.000951576
4308,0.00234393,0.00209249,0.000599501,1.92737e-05,1.53011e-07,3.78445e-10,4.38354e-12,2.05878e-18,0.00505535
4309,0,0,0,0,0,0,0,0,0
4310,0.000611356,0.00054575,0.000149555,4.11893e-06,2.51796e-08,4.46566e-11,5.16441e-13,2.41112e-19,0.0013108
4311,0,0,0,0,0,0,0,0,0
4312,4.2374e-05,3.78248e-05,6.97235e-06,5.00207e-08,2.42429e-11,5.01935e-16,5.79479e-18,2.68797e-24,8.72212e-05
4313,0,0,0,0,0,0,0,0,0
4314,0.000551966,0.000492677,0.000133214,3.52817e-06,2.05584e-08,3.50884e-11,4.0431e-13,1.86183e-19,0.00118141
4315,0.000191993,0.000171367,4.00283e-05,6.68157e-07,1.97481e-09,1.554e-12,1.78943e-14,8.21963e-21,0.000404059
4316,0.00107947,0.00096347,0.000264281,7.47406e-06,4.98157e-08,1.01476e-10,1.16711e-12,5.33705e-19,0.00231475
4317,0.00179548,0.0016025,0.000493765,2.02216e-05,2.24831e-07,7.67897e-10,8.82727e-12,4.02884e-18,0.0039122
4318,0.00118106,0.00105408,0.000293069,8.66256e-06,6.17464e-08,1.35922e-10,1.56042e-12,7.0867e-19,0.00253694
4319,0,0,0,0,0,0,0,0,0
4320,0.000751862,0.000670993,0.000172525,3.91785e-06,1.83826e-08,2.4688e-11,2.8297e-13,1.27735e-19,0.00159932
4321,0.000383995,0.000342682,8.80699e-05,1.98861e-06,9.1654e-09,1.1967e-11,1.3703e-13,6.16294e-20,0.000816745
4322,0.00144523,0.00128972,0.000362464,1.08727e-05,7.62485e-08,1.60191e-10,1.83295e-12,8.22096e-19,0.00310836
4323,0.000832393,0.000742806,0.000212179,6.66332e-06,4.9235e-08,1.07478e-10,1.22891e-12,5.49693e-19,0.00179409
4324,0.000251586,0.000224504,5.32644e-05,8.69526e-07,1.68095e-09,1.70734e-14,1.95099e-16,8.70662e-23,0.000530226
4325,0.000497863,0.000444261,0.000118265,2.98058e-06,1.60609e-08,2.48026e-11,2.83196e-13,1.26004e-19,0.00106339
4326,0.000968719,0.000864403,0.000229846,5.7908e-06,3.13745e-08,4.88511e-11,5.57391e-13,2.47348e-19,0.00206879
4327,0.000796954,0.000711111,0.000201699,6.18431e-06,4.37941e-08,8.98161e-11,1.02374e-12,4.52517e-19,0.00171599
4328,0,0,0,0,0,0,0,0,0
4329,0,0,0,0,0,0,0,0,0
4330,0,0,0,0,0,0,0,0,0
4331,0.000121711,0.000108589,2.38392e-05,3.29703e-07,7.54925e-10,4.60892e-13,5.23387e-15,2.28139e-21,0.00025447
4332,0.0022323,0.00199159,0.00058975,2.08973e-05,1.84507e-07,4.89287e-10,5.55338e-12,2.41583e-18,0.00483472
4333,0,0,0,0,0,0,0,0,0
4334,0.00249664,0.0022273,0.000697412,2.92755e-05,2.99978e-07,6.44325e-10,7.29956e-12,3.15343e-18,0.00545093
4335,0,0,0,0,0,0,0,0,0
4336,0.000564624,0.00050369,0.000124618,2.51412e-06,9.90954e-09,1.07726e-11,1.21865e-13,5.23572e-20,0.00119546
4337,0.000182624,0.000162909,3.76436e-05,6.04483e-07,1.64344e-09,1.10338e-12,1.24662e-14,5.33037e-21,0.000383782
4338,0.000589219,0.000525599,0.000143043,3.86642e-06,2.30116e-08,3.94619e-11,4.45579e-13,1.90091e-19,0.00126175
4339,0,0,0,0,0,0,0,0,0
4340,0,0,0,0,0,0,0,0,0
4341,0.00123047,0.00109754,0.000329901,1.21222e-05,1.10666e-07,2.95633e-10,3.33115e-12,1.40998e-18,0.00267015
4342,0.000864026,0.000770655,0.000220801,6.99693e-06,5.19546e-08,1.12e-10,1.2604e-12,5.30956e-19,0.00186253
4343,0,0,0,0,0,0,0,0,0
4344,0.00110016,0.000981214,0.000281124,8.98083e-06,6.3973e-08,1.09053e-10,1.22483e-12,5.12169e-19,0.00237154
4345,0.000204752,0.000182611,4.29599e-05,7.36112e-07,2.26776e-09,1.87562e-12,2.10535e-14,8.7837e-21,0.000431061
4346,0.000242145,0.000215953,4.97432e-05,7.49748e-07,1.18e-09,3.76786e-14,4.22451e-16,1.75489e-22,0.000508591
4347,0,0,0,0,0,0,0,0,0
4348,4.83796e-05,4.31451e-05,8.3107e-06,7.57967e-08,9.23252e-11,2.6383e-14,2.95498e-16,1.22273e-22,9.99113e-05
4349,0.00164012,0.0014626,0.000394016,1.03296e-05,5.87297e-08,9.49057e-11,1.06149e-12,4.36915e-19,0.00350713
4350,0,0,0,0,0,0,0,0,0
4351,0,0,0,0,0,0,0,0,0
4352,0.000772965,0.00068926,0.00016716,3.09891e-06,1.00363e-08,8.61642e-12,9.61742e-14,3.92809e-20,0.00163249
4353,3.21886e-05,2.87016e-05,4.67177e-06,1.22974e-08,5.65364e-11,4.73278e-13,5.275e-15,2.14282e-21,6.55742e-05
4354,0.00113034,0.00100788,0.00029952,1.06687e-05,9.41927e-08,2.47363e-10,2.75552e-12,1.11704e-18,0.0024485
4355,0.0038325,0.00341719,0.00119991,7.19311e-05,1.33677e-06,7.88616e-09,8.77828e-11,3.54855e-17,0.00852287
4356,0,0,0,0,0,0,0,0,0
4357,0,0,0,0,0,0,0,0,0
4358,0.00261699,0.00233321,0.000716301,2.87422e-05,3.13114e-07,1.07802e-09,1.19671e-11,4.78821e-18,0.00569556
4359,0.000353648,0.000315289,7.84657e-05,1.64269e-06,6.87848e-09,7.96451e-12,8.83255e-14,3.5207e-20,0.000749052
4360,0.00106372,0.000948331,0.000279427,9.69946e-06,8.26284e-08,2.08996e-10,2.31742e-12,9.23256e-19,0.00230126
4361,0.00244961,0.00218382,0.000615021,1.94469e-05,1.5683e-07,3.95258e-10,4.37829e-12,1.7376e-18,0.00526805
4362,0,0,0,0,0,0,0,0,0
4363,0,0,0,0,0,0,0,0,0
4364,0.00025079,0.00022356,5.36843e-05,9.65818e-07,2.98529e-09,2.12959e-12,2.35241e-14,9.23853e-21,0.000529003
4365,0.00123403,0.0011,0.000300643,8.24794e-06,4.99294e-08,8.60375e-11,9.49455e-13,3.71486e-19,0.00264297
4366,0.000452841,0.00040365,0.000105486,2.50002e-06,1.19895e-08,1.5299e-11,1.6868e-13,6.5776e-20,0.000964488
4367,0,0,0,0,0,0,0,0,0
4368,0.000127452,0.000113602,2.49369e-05,3.41933e-07,7.38217e-10,3.76793e-13,4.14939e-15,1.61078e-21,0.000266334
4369,7.29615e-05,6.50308e-05,1.29418e-05,1.22086e-07,1.13227e-10,7.50601e-15,8.2551e-17,3.18881e-23,0.000151056
4370,0,0,0,0,0,0,0,0,0
4371,0.000179309,0.000159813,3.68843e-05,5.9795e-07,1.71246e-09,1.31747e-12,1.44743e-14,5.56918e-21,0.000376606
4372,0.000680584,0.000606571,0.000168087,4.82954e-06,3.15338e-08,6.00931e-11,6.59653e-13,2.52999e-19,0.0014601
4373,0,0,0,0,0,0,0,0,0
4374,0.000634616,0.000565567,0.000155174,4.32072e-06,2.69161e-08,4.85319e-11,5.3168e-13,2.02385e-19,0.00135971
4375,0.000770573,0.000686706,0.000192367,5.62499e-06,3.53812e-08,5.66558e-11,6.19939e-13,2.3492e-19,0.00165531
4376,0.000467351,0.000416475,0.000103704,2.20557e-06,9.74832e-09,1.20236e-11,1.31448e-13,4.96447e-20,0.000989744
4377,0,0,0,0,0,0,0,0,0
4378,0.000235807,0.000210129,4.43454e-05,5.54333e-07,1.08955e-09,4.80661e-13,5.24894e-15,1.97404e-21,0.000490837
4379,0.000702346,0.000625848,0.000174096,5.06609e-06,3.36877e-08,6.54268e-11,7.13848e-13,2.67574e-19,0.00150739
4380,0.00219386,0.00195483,0.000569398,1.97638e-05,1.78589e-07,5.03537e-10,5.48658e-12,2.04622e-18,0.00473803
4381,0,0,0,0,0,0,0,0,0
4382,0.00117727,0.00104897,0.000284675,7.66346e-06,4.54285e-08,7.73258e-11,8.41685e-13,3.12693e-19,0.00251862
4383,0,0,0,0,0,0,0,0,0
4384,0.000195286,0.000173993,4.05716e-05,6.78895e-07,2.10393e-09,1.94131e-12,2.10895e-14,7.77689e-21,0.000410532
4385,0.000558829,0.000497886,0.000134191,3.54056e-06,2.04726e-08,3.41399e-11,3.70644e-13,1.36352e-19,0.00119447
4386,0.000492011,0.000438339,0.000105271,1.92221e-06,6.3811e-09,5.55169e-12,6.02082e-14,2.206e-20,0.00103755
4387,0.000180193,0.000160533,3.70427e-05,6.01438e-07,1.72979e-09,1.33896e-12,1.45076e-14,5.29706e-21,0.000378372
4388,0.00091581,0.000815868,0.000224562,6.55596e-06,4.59862e-08,9.66308e-11,1.04619e-12,3.8088e-19,0.00196284
4389,0.00344751,0.00307118,0.00098972,4.66656e-05,6.37888e-07,2.70134e-09,2.92189e-11,1.05996e-17,0.00755572
4390,0.000877884,0.00078204,0.000203772,4.83335e-06,2.38643e-08,3.314e-11,3.58201e-13,1.29593e-19,0.00186855
4391,0.00307813,0.00274199,0.000852662,3.54082e-05,3.97673e-07,1.38529e-09,1.49571e-11,5.38931e-18,0.00670858
4392,0,0,0,0,0,0,0,0,0
4393,0,0,0,0,0,0,0,0,0
4394,0,0,0,0,0,0,0,0,0
4395,0.000444025,0.000395494,9.38691e-05,1.66635e-06,5.45444e-09,4.87094e-12,5.24154e-14,1.86479e-20,0.000935059
4396,0.000674359,0.000600635,0.000165583,4.66274e-06,2.88927e-08,4.93991e-11,5.31069e-13,1.88261e-19,0.00144527
4397,0.00290727,0.00258941,0.000758933,2.6312e-05,2.28632e-07,5.92326e-10,6.36602e-12,2.25427e-18,0.00628215
4398,0.000946597,0.00084308,0.000211347,4.49657e-06,1.95799e-08,2.467e-11,2.64922e-13,9.35194e-20,0.00200554
4399,0.000566481,0.000504522,0.00013597,3.58149e-06,2.04533e-08,3.2935e-11,3.5343e-13,1.24434e-19,0.00121057
4400,0.000193989,0.000172763,3.96392e-05,6.05714e-07,1.33402e-09,4.86729e-13,5.21509e-15,1.82543e-21,0.000406999
4401,0.000537269,0.000478474,0.000128188,3.32873e-06,1.88927e-08,3.10236e-11,3.32207e-13,1.16022e-19,0.00114728
4402,0,0,0,0,0,0,0,0,0
4403,0,0,0,0,0,0,0,0,0
4404,7.34972e-07,6.54497e-07,2.40208e-07,2.32385e-07,5.37266e-09,1.94109e-11,2.07397e-13,7.18294e-20,1.86745e-06
4405,0.000560388,0.000499015,0.00013412,3.49663e-06,1.95003e-08,2.99845e-11,3.2008e-13,1.10477e-19,0.00119704
4406,0,0,0,0,0,0,0,0,0
4407,0,0,0,0,0,0,0,0,0
4408,0,0,0,0,0,0,0,0,0
4409,0.00113592,0.00101141,0.000299278,1.05331e-05,9.01082e-08,2.2009e-10,2.34121e-12,7.97451e-19,0.00245723
4410,0.000183332,0.00016323,3.76235e-05,6.06966e-07,1.69826e-09,1.22862e-12,1.30541e-14,4.42673e-21,0.000384793
4411,0.000381261,0.000339449,8.65929e-05,1.92414e-06,8.61554e-09,1.06153e-11,1.12702e-13,3.81086e-20,0.000809235
4412,0,0,0,0,0,0,0,0,0
4413,0.00017752,0.000158044,3.32971e-05,4.1196e-07,8.20664e-10,4.33783e-13,4.59816e-15,1.54553e-21,0.000369274
4414,0,0,0,0,0,0,0,0,0
4415,0.00153455,0.00136612,0.000391617,1.28479e-05,1.05741e-07,2.64779e-10,2.80238e-12,9.36476e-19,0.00330524
4416,0,0,0,0,0,0,0,0,0
4417,0.000712441,0.00063421,0.000159987,3.36783e-06,1.24965e-08,8.5051e-12,8.98345e-14,2.97913e-20,0.00151002
4418,0,0,0,0,0,0,0,0,0
4419,0,0,0,0,0,0,0,0,0
4420,0,0,0,0,0,0,0,0,0
4421,7.18112e-06,6.39191e-06,8.70386e-07,1.90974e-09,3.98522e-15,2.29547e-17,2.4167e-19,7.91649e-26,1.44453e-05
4422,0,0,0,0,0,0,0,0,0
4423,0.00101651,0.000904763,0.000263973,8.95135e-06,7.4082e-08,1.81311e-10,1.90675e-12,6.22001e-19,0.00219427
4424,0,0,0,0,0,0,0,0,0
4425,0.00165648,0.00147429,0.000445353,1.73612e-05,1.81012e-07,5.72322e-10,6.00712e-12,1.94522e-18,0.00359366
4426,9.53002e-05,8.48169e-05,1.78065e-05,2.13068e-07,3.74968e-10,1.49347e-13,1.56651e-15,5.05991e-22,0.000198137
4427,2.15672e-05,1.91939e-05,2.85973e-06,3.95377e-09,5.67659e-11,2.87882e-13,3.01521e-15,9.68565e-22,4.36249e-05
4428,0.000164889,0.000146742,3.31791e-05,4.99401e-07,1.20734e-09,6.5527e-13,6.86071e-15,2.2009e-21,0.000345311
4429,0.000633162,0.000563462,0.000153788,4.2201e-06,2.54196e-08,4.27552e-11,4.4718e-13,1.42888e-19,0.00135466
4430,0.00407182,0.00362349,0.00118309,5.82576e-05,8.5696e-07,4.04461e-09,4.22679e-11,1.34637e-17,0.00893751
4431,0.000460249,0.000409562,9.80859e-05,1.81032e-06,6.34945e-09,6.10881e-12,6.37856e-14,2.02528e-20,0.000969714
4432,0.000378637,0.000336933,7.79171e-05,1.27941e-06,4.21215e-09,6.85483e-12,7.15313e-14,2.26596e-20,0.000794771
4433,0.00344191,0.0030627,0.000935687,3.80952e-05,4.41789e-07,1.65227e-09,1.72228e-11,5.43325e-18,0.00747883
4434,0,0,0,0,0,0,0,0,0
4435,0,0,0,0,0,0,0,0,0
4436,0.000933724,0.000830784,0.000228295,6.66634e-06,4.67164e-08,9.61833e-11,9.99943e-13,3.12315e-19,0.00199952
4437,0.00150879,0.00134242,0.000345795,8.08256e-06,4.03605e-08,5.70196e-11,5.92287e-13,1.84401e-19,0.00320512
4438,0.000448912,0.0003994,0.000104104,2.48717e-06,1.24779e-08,1.76843e-11,1.83544e-13,5.69677e-20,0.000954915
4439,0.000273883,0.000243672,5.71072e-05,8.45293e-07,7.1162e-10,2.52047e-12,2.61456e-14,8.0984e-21,0.000575509
4440,0,0,0,0,0,0,0,0,0
4441,0.000356088,0.000316791,7.9846e-05,1.71013e-06,7.20684e-09,8.13401e-12,8.42243e-14,2.59101e-20,0.000754443
4442,0,0,0,0,0,0,0,0,0
4443,0.000906858,0.00080673,0.000231468,7.47014e-06,5.77327e-08,1.31277e-10,1.35664e-12,4.14248e-19,0.00195258
4444,0.000772679,0.000687358,0.00017449,3.78241e-06,1.56524e-08,1.65164e-11,1.70619e-13,5.20242e-20,0.00163833
4445,0,0,0,0,0,0,0,0,0
4446,0.000312621,0.000278082,6.87286e-05,1.37989e-06,5.22615e-09,5.10187e-12,5.25878e-14,1.59016e-20,0.000660816
4447,0.00035744,0.000317946,8.03258e-05,1.74475e-06,7.6735e-09,9.48771e-12,9.77679e-14,2.95324e-20,0.000757464
4448,0.0012642,0.00112449,0.000296801,7.56939e-06,4.38008e-08,7.49696e-11,7.71774e-13,2.32256e-19,0.00269311
4449,0.000104063,9.25598e-05,1.90842e-05,1.93991e-07,1.25774e-10,6.53159e-14,6.71744e-16,2.01414e-22,0.000215902
4450,0.000363978,0.000323734,7.44586e-05,1.19941e-06,3.36004e-09,2.44335e-12,2.51087e-14,7.506e-21,0.000763373
4451,0.000347879,0.000309408,7.77606e-05,1.65662e-06,7.00031e-09,8.09037e-12,8.3083e-14,2.47729e-20,0.000736711
4452,0,0,0,0,0,0,0,0,0
4453,0.00149491,0.00132951,0.000377733,1.20757e-05,9.57779e-08,2.30398e-10,2.36103e-12,6.98367e-19,0.00321432
4454,0.00120774,0.00107409,0.000320084,1.16206e-05,1.05707e-07,2.8377e-10,2.90668e-12,8.58331e-19,0.00261364
4455,0.000923218,0.000821037,0.000214533,5.16812e-06,2.61299e-08,3.694e-11,3.78075e-13,1.11305e-19,0.00196398
4456,8.16327e-05,7.25956e-05,1.49721e-05,1.72621e-07,3.05682e-10,1.39295e-13,1.42432e-15,4.17819e-22,0.000169373
4457,0,0,0,0,0,0,0,0,0
4458,0.000127634,0.000113498,2.26418e-05,2.24469e-07,2.28605e-10,5.68886e-15,5.80514e-17,1.68988e-23,0.000263998
4459,0,0,0,0,0,0,0,0,0
4460,0.000378526,0.000336583,8.53789e-05,1.86562e-06,8.04031e-09,9.17047e-12,9.34213e-14,2.70219e-20,0.000802362
4461,0,0,0,0,0,0,0,0,0
4462,0.000470017,0.000417922,0.000109416,2.6545e-06,1.35759e-08,1.9483e-11,1.9826e-13,5.71094e-20,0.00100002
4463,0.000596319,0.000530205,0.00014143,3.48077e-06,1.4798e-08,8.00674e-12,8.13773e-14,2.33327e-20,0.00127145
4464,0,0,0,0,0,0,0,0,0
4465,0.000410777,0.000365214,9.38573e-05,2.14998e-06,1.01345e-08,1.33111e-11,1.35054e-13,3.84697e-20,0.000872009
4466,0.000203139,0.000180605,4.20994e-05,7.08805e-07,2.12317e-09,1.65775e-12,1.68113e-14,4.77992e-21,0.000426554
4467,0,0,0,0,0,0,0,0,0
4468,0.00039766,0.000353529,9.02736e-05,2.0174e-06,9.01834e-09,1.08065e-11,1.09415e-13,3.09226e-20,0.000843489
4469,6.82213e-05,6.06479e-05,1.16454e-05,9.16339e-08,3.72593e-11,1.12014e-15,1.13261e-17,3.18478e-24,0.000140606
4470,0.000264334,0.000234984,5.68065e-05,1.07405e-06,3.82607e-09,3.66218e-12,3.70031e-14,1.03767e-20,0.000557203
4471,0.00101179,0.000899434,0.000230881,5.45075e-06,2.86657e-08,4.45365e-11,4.49679e-13,1.25761e-19,0.00214759
4472,0.000618285,0.000549614,0.000133801,2.79823e-06,1.45621e-08,2.77477e-11,2.79986e-13,7.81141e-20,0.00130451
4473,0,0,0,0,0,0,0,0,0
4474,0,0,0,0,0,0,0,0,0
4475,4.53569e-05,4.03157e-05,6.96222e-06,2.75772e-08,3.62827e-11,5.01894e-13,5.05062e-15,1.39472e-21,9.26625e-05
4476,0.000296631,0.000263652,6.46552e-05,1.27522e-06,4.77013e-09,4.68784e-12,4.71129e-14,1.29463e-20,0.000626218
4477,0.00169489,0.00150644,0.000467157,1.95736e-05,2.20084e-07,7.39241e-10,7.42853e-12,2.0404e-18,0.00368828
4478,6.19753e-05,5.50822e-05,1.0671e-05,9.3483e-08,7.07401e-11,3.84893e-17,3.86201e-19,1.05485e-25,0.000127822
4479,0.000219064,0.000194695,4.57934e-05,7.92867e-07,2.45822e-09,1.96207e-12,1.96738e-14,5.35963e-21,0.000460348
4480,0,0,0,0,0,0,0,0,0
4481,0,0,0,0,0,0,0,0,0
4482,0,0,0,0,0,0,0,0,0
4483,0.000383235,0.000340573,8.65079e-05,1.90824e-06,8.42771e-09,1.00464e-11,1.00446e-13,2.70675e-20,0.000812232
4484,0.000163,0.000144847,3.26455e-05,4.92343e-07,1.22821e-09,7.42171e-13,7.4093e-15,1.98533e-21,0.000340986
4485,0.000213738,0.000189931,4.03708e-05,5.04869e-07,9.42544e-10,3.88964e-13,3.88025e-15,1.0368e-21,0.000444546
4486,0.000157341,0.000139815,3.12963e-05,4.59473e-07,1.07895e-09,5.80287e-13,5.7877e-15,1.54529e-21,0.000328912
4487,0,0,0,0,0,0,0,0,0
4488,0,0,0,0,0,0,0,0,0
4489,0.000903916,0.000803157,0.000208635,4.94331e-06,2.42794e-08,3.28068e-11,3.26252e-13,8.61456e-20,0.00192068
4490,0.000335714,0.000298287,7.44923e-05,1.56647e-06,6.56746e-09,7.63757e-12,7.59138e-14,2.00059e-20,0.000710066
4491,0.000761496,0.00067658,0.000169949,3.83237e-06,1.9484e-08,2.96846e-11,2.94748e-13,7.73753e-20,0.00161188
4492,0.000594099,0.000527838,0.000128756,2.35859e-06,5.31341e-09,1.26696e-12,1.2571e-14,3.29104e-21,0.00125306
4493,0,0,0,0,0,0,0,0,0
4494,0.000221152,0.000196473,4.2717e-05,5.75527e-07,1.11181e-09,2.96287e-13,2.93311e-15,7.6128e-22,0.000460919
4495,0.000776583,0.000689911,0.000193093,5.7922e-06,4.02312e-08,8.04963e-11,7.96522e-13,2.06386e-19,0.00166542
4496,0.00141259,0.0012549,0.000349368,1.04049e-05,7.28018e-08,1.4828e-10,1.46615e-12,3.78822e-19,0.00302734
4497,0,0,0,0,0,0,0,0,0
4498,0.000333189,0.00029598,7.34828e-05,1.49997e-06,5.75554e-09,5.49876e-12,5.42751e-14,1.39307e-20,0.000704158
4499,0,0,0,0,0,0,0,0,0
4500,0.000820961,0.000729232,0.000189439,4.58483e-06,2.43637e-08,3.78969e-11,3.7327e-13,9.50444e-20,0.00174424
4501,0.00205917,0.00182906,0.000509042,1.52706e-05,1.10494e-07,2.41447e-10,2.37651e-12,6.03534e-19,0.00441266
4502,0.000606939,0.0005391,0.000142526,3.67967e-06,2.11715e-08,3.4747e-11,3.41764e-13,8.65608e-20,0.00129227
4503,0,0,0,0,0,0,0,0,0
4504,0.00149122,0.00132449,0.000349603,8.7667e-06,4.72595e-08,7.1253e-11,6.99845e-13,1.76313e-19,0.00317412
4505,0.000858822,0.00076277,0.000190241,4.0808e-06,1.83033e-08,2.32843e-11,2.28429e-13,5.72933e-20,0.00181593
4506,0.00238557,0.0021187,0.000642395,2.53746e-05,2.73283e-07,9.07386e-10,8.894e-12,2.2233e-18,0.00517232
4507,0.000696178,0.000618291,0.000147536,2.70789e-06,9.37562e-09,8.77023e-12,8.59356e-14,2.14553e-20,0.00146472
4508,0.00064419,0.000572103,0.000140794,2.89317e-06,1.20431e-08,1.40162e-11,1.37211e-13,3.4137e-20,0.00135999
4509,0.00134785,0.00119697,0.000337768,1.07193e-05,8.49832e-08,2.02743e-10,1.982e-12,4.9053e-19,0.00289339
4510,0.000775187,0.000688395,0.000192383,5.74919e-06,3.96355e-08,7.81954e-11,7.63806e-13,1.88449e-19,0.00166175
4511,0.0001696,0.00015061,3.41832e-05,5.33279e-07,1.44658e-09,1.02768e-12,1.00355e-14,2.47345e-21,0.000354928
4512,0.000435866,0.00038705,9.73976e-05,1.91503e-06,4.27119e-09,2.47951e-13,2.41887e-15,5.93906e-22,0.000922234
4513,0.000137656,0.000122235,2.64809e-05,3.37948e-07,5.35606e-10,8.71581e-14,8.49477e-16,2.07843e-22,0.000286711
4514,0.00101332,0.000899779,0.000231777,5.61279e-06,3.13945e-08,5.33057e-11,5.19074e-13,1.26574e-19,0.00215052
4515,0.00149056,0.00132352,0.000404354,1.59658e-05,1.63992e-07,4.9908e-10,4.85624e-12,1.18082e-18,0.00323456
4516,0,0,0,0,0,0,0,0,0
4517,0,0,0,0,0,0,0,0,0
4518,0.00121829,0.00108168,0.000298477,9.03075e-06,6.8144e-08,1.54214e-10,1.49734e-12,3.61141e-19,0.00260755
4519,0,0,0,0,0,0,0,0,0
4520,0.000180263,0.000160039,3.64693e-05,5.70415e-07,1.48717e-09,9.11008e-13,8.82425e-15,2.10904e-21,0.000377343
4521,0.00103796,0.000921498,0.00026728,8.92876e-06,7.07604e-08,1.56131e-10,1.51173e-12,3.6077e-19,0.00223574
4522,0,0,0,0,0,0,0,0,0
4523,0.000839757,0.000745491,0.000198656,5.29678e-06,3.26592e-08,5.83699e-11,5.64119e-13,1.33687e-19,0.00178923
4524,0,0,0,0,0,0,0,0,0
4525,0,0,0,0,0,0,0,0,0
4526,0.000620422,0.000550734,0.000135567,2.72378e-06,1.05323e-08,1.08032e-11,1.04154e-13,2.44561e-20,0.00130946
4527,0.0016613,0.00147467,0.000415683,1.27874e-05,9.20288e-08,1.90262e-10,1.83297e-12,4.29192e-19,0.00356453
4528,0.00338514,0.00300477,0.000917469,3.79638e-05,4.56414e-07,1.7567e-09,1.69105e-11,3.94772e-18,0.0073458
4529,0,0,0,0,0,0,0,0,0
4530,0,0,0,0,0,0,0,0,0
4531,0.00214892,0.0019073,0.000578744,2.36617e-05,2.72093e-07,9.56604e-10,9.18449e-12,2.12298e-18,0.0046589
4532,0.000723551,0.000642182,0.000165108,3.91242e-06,2.03931e-08,3.09423e-11,2.96863e-13,6.84289e-20,0.00153477
4533,0.000104242,9.25165e-05,1.95951e-05,2.46087e-07,4.83207e-10,2.3379e-13,2.24068e-15,5.14468e-22,0.0002166
4534,1.98039e-06,1.75758e-06,2.07993e-07,3.66493e-10,1.53557e-14,1.19597e-18,1.14519e-20,2.62031e-27,3.94633e-06
4535,0.000815483,0.000723712,0.000195904,5.50165e-06,3.61584e-08,6.81876e-11,6.52329e-13,1.48745e-19,0.00174064
4536,0.00181084,0.00160702,0.000418038,1.02468e-05,5.5192e-08,8.51454e-11,8.13931e-13,1.85053e-19,0.0038462
4537,0.000205724,0.000182563,3.89603e-05,5.08368e-07,1.10113e-09,6.43764e-13,6.14852e-15,1.39326e-21,0.000427757
4538,0.00320062,0.00284021,0.000899928,4.11509e-05,5.48679e-07,2.2814e-09,2.17707e-11,4.91717e-18,0.00698246
4539,0.000480103,0.00042603,0.000110519,2.57177e-06,1.14136e-08,1.13465e-11,1.08178e-13,2.43499e-20,0.00101924
4540,0.00037218,0.000330256,8.33995e-05,1.82626e-06,8.13808e-09,1.00906e-11,9.61535e-14,2.16001e-20,0.00078767
4541,0.000735903,0.000652991,0.000164693,3.59176e-06,1.58729e-08,1.93596e-11,1.84333e-13,4.12858e-20,0.00155719
4542,0.00118897,0.00105499,0.000263045,5.58928e-06,2.52082e-08,4.45394e-11,4.23762e-13,9.46388e-20,0.00251262
4543,0.000188199,0.000166984,3.82057e-05,6.06284e-07,1.6171e-09,1.03236e-12,9.80766e-15,2.1781e-21,0.000393996
4544,0.000291831,0.00025893,6.31918e-05,1.24232e-06,4.71753e-09,4.86138e-12,4.61587e-14,1.02294e-20,0.0006152
4545,0.000594918,0.000527838,0.000140157,3.65316e-06,2.10688e-08,3.43158e-11,3.25655e-13,7.20255e-20,0.00126659
4546,0.00054985,0.000487832,0.000129809,3.34313e-06,1.86813e-08,2.93049e-11,2.77749e-13,6.11343e-20,0.00117085
4547,0.00105999,0.000940423,0.000273322,9.23308e-06,7.49869e-08,1.72125e-10,1.6308e-12,3.5847e-19,0.00228305
4548,0.00174755,0.00155036,0.000440389,1.39505e-05,1.05615e-07,2.32736e-10,2.20203e-12,4.81515e-19,0.00375236
4549,1.25413e-05,1.11261e-05,1.69379e-06,6.52231e-09,7.03332e-13,4.44198e-16,4.20122e-18,9.17387e-25,2.53677e-05
4550,0.000310227,0.000275209,6.76455e-05,1.35756e-06,5.26857e-09,5.4775e-12,5.17487e-14,1.12526e-20,0.000654444
4551,0.000297512,0.000263926,6.43896e-05,1.25655e-06,4.60485e-09,4.3462e-12,4.10432e-14,8.91031e-21,0.000627089
4552,0.000417329,0.000370202,9.47743e-05,2.16163e-06,1.01013e-08,1.29157e-11,1.21813e-13,2.63166e-20,0.000884477
4553,0,0,0,0,0,0,0,0,0
4554,0.000464355,0.000411902,0.000107073,2.56692e-06,1.29725e-08,1.82871e-11,1.7227e-13,3.70522e-20,0.000985909
4555,0,0,0,0,0,0,0,0,0
4556,0.000359928,0.000319252,8.00689e-05,1.71294e-06,7.29359e-09,8.38926e-12,7.88839e-14,1.68486e-20,0.000760969
4557,0.000923628,0.000819221,0.0002023,4.27824e-06,1.91096e-08,2.43858e-11,2.29019e-13,4.86904e-20,0.00194945
4558,0,0,0,0,0,0,0,0,0
4559,0,0,0,0,0,0,0,0,0
4560,0.000177208,0.000157165,3.55924e-05,5.46016e-07,1.36401e-09,7.64205e-13,7.16197e-15,1.51057e-21,0.000370513
4561,0,0,0,0,0,0,0,0,0
4562,0,0,0,0,0,0,0,0,0
4563,0.000392863,0.000348402,8.83849e-05,1.96064e-06,8.79194e-09,1.06993e-11,1.00012e-13,2.0888e-20,0.000831619
4564,0.000753124,0.000667869,0.000185175,5.42058e-06,3.61344e-08,6.76713e-11,6.31892e-13,1.31446e-19,0.00161162
4565,0.00114046,0.00101134,0.000276212,7.89949e-06,5.29727e-08,1.01455e-10,9.46993e-13,1.96709e-19,0.00243597
4566,0.00177594,0.00157482,0.000480047,1.93149e-05,2.05255e-07,6.27327e-10,5.84835e-12,1.20917e-18,0.00385033
4567,0.00163241,0.00144751,0.000377119,9.34939e-06,5.23055e-08,8.64032e-11,8.04775e-13,1.6582e-19,0.00346644
4568,0,0,0,0,0,0,0,0,0
4569,1.88896e-05,1.67491e-05,2.72505e-06,1.3653e-08,3.94047e-12,1.06651e-16,9.91558e-19,2.02897e-25,3.83774e-05
4570,0,0,0,0,0,0,0,0,0
4571,0.000927932,0.000822745,0.000214041,5.16704e-06,2.65404e-08,3.82243e-11,3.54921e-13,7.2272e-20,0.00196991
4572,0.000961366,0.000852368,0.000232158,6.68198e-06,4.62552e-08,9.42542e-11,8.74518e-13,1.77572e-19,0.00205262
4573,0.000652038,0.000578096,0.00014325,2.96944e-06,1.22477e-08,1.38833e-11,1.28704e-13,2.605e-20,0.00137637
4574,0.00011103,9.84364e-05,2.0853e-05,2.58571e-07,4.64209e-10,1.67709e-13,1.55349e-15,3.13479e-22,0.000230578
4575,0.00110971,0.000983815,0.000248466,5.74342e-06,3.03987e-08,4.82356e-11,4.46408e-13,8.97744e-20,0.00234776
4576,0.00068621,0.000608348,0.000160458,4.12657e-06,2.30606e-08,3.38321e-11,3.12874e-13,6.27427e-20,0.00145917
4577,0.00192593,0.00170735,0.000515842,2.04817e-05,2.2149e-07,7.17895e-10,6.63206e-12,1.32473e-18,0.00416982
4578,0.000665548,0.000589989,0.000160754,4.46739e-06,2.77463e-08,4.83101e-11,4.45751e-13,8.86236e-20,0.00142079
4579,7.14928e-05,6.33751e-05,1.27179e-05,1.35831e-07,2.13205e-10,8.18163e-14,7.54447e-16,1.49652e-22,0.000147722
4580,5.63501e-05,4.99506e-05,9.65751e-06,9.05546e-08,1.11209e-10,2.79109e-14,2.57167e-16,5.08571e-23,0.000116049
4581,0.000673466,0.000596961,0.000155226,3.87058e-06,2.17356e-08,3.48216e-11,3.20466e-13,6.30942e-20,0.00142955
4582,0,0,0,0,0,0,0,0,0
4583,0,0,0,0,0,0,0,0,0
4584,0,0,0,0,0,0,0,0,0
4585,0.000110023,9.75147e-05,2.07765e-05,2.68624e-07,5.61458e-10,3.01419e-13,2.76538e-15,5.38074e-22,0.000228583
4586,0,0,0,0,0,0,0,0,0
4587,0.00221347,0.00196172,0.000591961,2.33701e-05,2.52755e-07,8.29297e-10,7.59447e-12,1.46746e-18,0.00479078
4588,0.000931296,0.00082536,0.000214462,5.12482e-06,2.49065e-08,3.01531e-11,2.75956e-13,5.3192e-20,0.00197627
4589,0.00110946,0.000983233,0.000278208,8.9481e-06,6.96854e-08,1.51092e-10,1.38156e-12,2.65425e-19,0.00237992
4590,0.000640462,0.000567574,0.000153804,4.21332e-06,2.57748e-08,4.44981e-11,4.06475e-13,7.77946e-20,0.00136608
4591,0,0,0,0,0,0,0,0,0
4592,0.000960033,0.000850732,0.000225336,5.85909e-06,3.44325e-08,5.80504e-11,5.29343e-13,1.0064e-19,0.00204199
4593,0.000133189,0.000118022,2.56394e-05,3.46197e-07,7.16064e-10,3.17714e-13,2.89455e-15,5.48466e-22,0.000277197
4594,0.000348313,0.000308641,6.99504e-05,1.079e-06,2.62326e-09,1.17245e-12,1.06746e-14,2.01758e-21,0.000727986
4595,0,0,0,0,0,0,0,0,0
4596,0.00120866,0.00107096,0.000315932,1.12379e-05,9.83683e-08,2.43339e-10,2.21271e-12,4.16232e-19,0.00260688
4597,0,0,0,0,0,0,0,0,0
4598,0,0,0,0,0,0,0,0,0
4599,0.000423891,0.000375568,9.61294e-05,2.20538e-06,1.04624e-08,1.36671e-11,1.23967e-13,2.30995e-20,0.000897804
4600,0.000204317,0.000181018,3.86444e-05,5.13868e-07,1.1902e-09,7.84709e-13,7.10793e-15,1.31761e-21,0.000424494
4601,0.000262436,0.000232507,5.53154e-05,9.88767e-07,3.01609e-09,1.99487e-12,1.80648e-14,3.3453e-21,0.00055125
4602,9.37334e-05,8.304e-05,1.72318e-05,2.03603e-07,3.61201e-10,1.50318e-13,1.35926e-15,2.50344e-22,0.000194209
4603,0,0,0,0,0,0,0,0,0
4604,0.000364156,0.000322594,8.07963e-05,1.73042e-06,7.3997e-09,8.5404e-12,7.70934e-14,1.41055e-20,0.000769284
4605,0,0,0,0,0,0,0,0,0
4606,0.000513022,0.000454455,0.00011936,2.97097e-06,1.58597e-08,2.35881e-11,2.127e-13,3.87599e-20,0.00108982
4607,0,0,0,0,0,0,0,0,0
4608,0.000721236,0.000638858,0.000159542,3.37116e-06,1.3896e-08,1.49363e-11,1.34395e-13,2.42918e-20,0.00152302
4609,0.00025375,0.000224764,5.12724e-05,8.53629e-07,2.70269e-09,2.33863e-12,2.10333e-14,3.79528e-21,0.000530643
4610,0.0010655,0.000943768,0.000273444,9.21222e-06,7.4775e-08,1.71045e-10,1.53735e-12,2.7671e-19,0.002292
4611,0.000906357,0.000802785,0.000227313,7.18174e-06,5.36467e-08,1.13766e-10,1.02168e-12,1.83316e-19,0.00194369
4612,0.000250012,0.000221435,4.88656e-05,7.21138e-07,1.88046e-09,1.28704e-12,1.15458e-14,2.06315e-21,0.000521035
4613,0,0,0,0,0,0,0,0,0
4614,0.000149394,0.000132311,2.92222e-05,4.19227e-07,9.76602e-10,5.41524e-13,4.84887e-15,8.60348e-22,0.000311347
4615,1.5362e-06,1.36049e-06,7.36779e-08,8.12612e-10,1.18827e-18,9.27161e-14,8.29265e-16,1.46517e-22,2.97118e-06
4616,0,0,0,0,0,0,0,0,0
4617,0,0,0,0,0,0,0,0,0
4618,0.000610587,0.000540712,0.000138464,3.29644e-06,1.72322e-08,2.52924e-11,2.25777e-13,3.95967e-20,0.00129308
4619,0.000308207,0.000272926,6.68149e-05,1.33805e-06,5.24519e-09,5.58581e-12,4.98005e-14,8.69268e-21,0.000649292
4620,0,0,0,0,0,0,0,0,0
4621,0.000701815,0.000621446,0.000159698,3.94447e-06,2.22877e-08,3.58099e-11,3.18752e-13,5.53002e-20,0.00148693
4622,0,0,0,0,0,0,0,0,0
4623,0,0,0,0,0,0,0,0,0
4624,0.00303981,0.0026915,0.000834311,3.5637e-05,4.28859e-07,1.58544e-09,1.4077e-11,2.41909e-18,0.00660169
4625,0.000294094,0.000260389,6.26689e-05,1.15402e-06,3.50867e-09,1.91256e-12,1.69685e-14,2.90746e-21,0.000618309
4626,0,0,0,0,0,0,0,0,0
4627,0.00101438,0.000898077,0.00021358,4.02673e-06,1.5279e-08,1.63083e-11,1.4443e-13,2.45794e-20,0.00213008
4628,0,0,0,0,0,0,0,0,0
4629,0.00026967,0.000238738,5.40428e-05,8.73091e-07,2.60247e-09,2.02077e-12,1.78644e-14,3.0196e-21,0.000563327
4630,0.000623757,0.000552201,0.000129655,2.32497e-06,8.61924e-09,1.17427e-11,1.03771e-13,1.75153e-20,0.00130795
4631,0.00026938,0.000238469,5.72201e-05,1.07515e-06,3.81637e-09,3.58765e-12,3.16646e-14,5.31929e-21,0.000566148
4632,0.000675212,0.000597719,0.000155658,3.94431e-06,2.29956e-08,3.85636e-11,3.4014e-13,5.69983e-20,0.00143256
4633,0,0,0,0,0,0,0,0,0
4634,0,0,0,0,0,0,0,0,0
4635,0,0,0,0,0,0,0,0,0
4636,0,0,0,0,0,0,0,0,0
4637,0.00137158,0.00121402,0.000311001,7.41188e-06,3.92773e-08,6.10697e-11,5.36432e-13,8.84952e-20,0.00290405
4638,0.000302975,0.000268165,6.51344e-05,1.2597e-06,4.49249e-09,3.92642e-12,3.44693e-14,5.67381e-21,0.000637539
4639,0.000362338,0.000320692,8.00933e-05,1.70681e-06,7.25833e-09,8.30903e-12,7.28363e-14,1.19226e-20,0.000764838
4640,0.000574437,0.000508403,0.000124321,2.51644e-06,1.02678e-08,1.16058e-11,1.01673e-13,1.66041e-20,0.00120969
4641,0.000284891,0.000252134,6.03365e-05,1.10071e-06,3.10095e-09,1.2237e-12,1.07098e-14,1.74254e-21,0.000598466
4642,0.000121152,0.000107221,2.30588e-05,3.08529e-07,6.76601e-10,3.78921e-13,3.31551e-15,5.38961e-22,0.000251741
4643,0.000735911,0.000651265,0.000154252,2.93971e-06,1.19133e-08,1.4233e-11,1.24369e-13,2.01137e-20,0.00154438
4644,0.000717989,0.000635388,0.000161239,3.6817e-06,1.78436e-08,2.38378e-11,2.08127e-13,3.35555e-20,0.00151832
4645,0.000407794,0.00036087,8.45836e-05,1.50962e-06,5.20784e-09,4.95755e-12,4.32498e-14,6.952e-21,0.000854762
4646,0.00106998,0.000946838,0.000243749,5.8777e-06,3.13717e-08,4.79012e-11,4.17509e-13,6.68777e-20,0.00226648
4647,0.00269751,0.00238698,0.000657691,1.94937e-05,1.40817e-07,3.06975e-10,2.67346e-12,4.26937e-19,0.00576182
4648,0,0,0,0,0,0,0,0,0
4649,0,0,0,0,0,0,0,0,0
4650,0.000167519,0.000148226,3.32239e-05,5.02773e-07,1.28206e-09,8.01749e-13,6.96838e-15,1.10432e-21,0.000349473
4651,0,0,0,0,0,0,0,0,0
4652,0.000556097,0.000492021,0.00013019,3.32643e-06,1.83363e-08,2.77626e-11,2.40813e-13,3.78723e-20,0.00118165
4653,0.000908209,0.000803533,0.000227423,7.17655e-06,5.36813e-08,1.14012e-10,9.87889e-13,1.5474e-19,0.0019464
4654,0.000794976,0.000703339,0.000177839,3.94071e-06,1.76881e-08,2.16433e-11,1.87416e-13,2.92854e-20,0.00168011
4655,0.000497521,0.000440164,0.000108429,2.30005e-06,1.03351e-08,1.29791e-11,1.12337e-13,1.75226e-20,0.00104842
4656,0,0,0,0,0,0,0,0,0
4657,0,0,0,0,0,0,0,0,0
4658,0.000210645,0.000186346,4.31763e-05,7.29981e-07,2.23595e-09,1.79522e-12,1.54992e-14,2.39473e-21,0.0004409
4659,0,0,0,0,0,0,0,0,0
4660,0,0,0,0,0,0,0,0,0
4661,0,0,0,0,0,0,0,0,0
4662,0.000776085,0.000686487,0.000190095,5.61049e-06,3.82045e-08,7.33934e-11,6.31468e-13,9.62966e-20,0.00165831
4663,0.000196472,0.000173781,3.98666e-05,6.53752e-07,1.91652e-09,1.46561e-12,1.2591e-14,1.90916e-21,0.000410775
4664,0.000251904,0.000222806,5.2879e-05,9.64228e-07,3.29092e-09,2.97e-12,2.54973e-14,3.85584e-21,0.000528556
4665,0.000956179,0.000845716,0.000214308,5.01079e-06,2.6709e-08,4.21354e-11,3.61458e-13,5.45052e-20,0.00202124
4666,0.000284242,0.000251397,5.67604e-05,9.13699e-07,2.76458e-09,2.28447e-12,1.95778e-14,2.9411e-21,0.000593316
4667,0,0,0,0,0,0,0,0,0
4668,0.000105226,9.30621e-05,1.73337e-05,1.28079e-07,5.34495e-11,2.47422e-13,2.11753e-15,3.16477e-22,0.00021575
4669,5.36546e-05,4.74509e-05,9.00945e-06,7.92153e-08,8.3027e-11,1.45799e-14,1.24649e-16,1.85548e-23,0.000110194
4670,0.00262522,0.00232162,0.000671416,2.33878e-05,2.13372e-07,5.87552e-10,5.01829e-12,7.44243e-19,0.00564186
4671,0.000335378,0.000296589,6.65772e-05,1.02131e-06,2.72206e-09,1.87124e-12,1.59768e-14,2.36641e-21,0.000699568
4672,0.00127081,0.00112379,0.000281511,6.26095e-06,3.02541e-08,4.236e-11,3.6136e-13,5.33466e-20,0.0026824
4673,0.0013777,0.0012183,0.000333134,9.47877e-06,6.06933e-08,1.04156e-10,8.87997e-13,1.30799e-19,0.00293868
4674,1.60574e-05,1.41992e-05,2.09724e-06,5.11504e-09,4.11653e-12,2.60945e-14,2.22283e-16,3.26358e-23,3.2359e-05
4675,0.000226092,0.000199923,4.67322e-05,8.14058e-07,2.60875e-09,2.2043e-12,1.876e-14,2.74486e-21,0.000473564
4676,0.000184114,0.000162797,3.69916e-05,5.89759e-07,1.66308e-09,1.22002e-12,1.03703e-14,1.51018e-21,0.000384495
4677,0.000220632,0.000195081,4.54244e-05,7.81286e-07,2.451e-09,2.01162e-12,1.70804e-14,2.47707e-21,0.000461921
4678,0.000666827,0.000589597,0.000159696,4.40239e-06,2.71142e-08,4.63546e-11,3.9352e-13,5.70319e-20,0.00142055
4679,0,0,0,0,0,0,0,0,0
4680,0.000108363,9.5807e-05,2.0125e-05,2.4708e-07,4.50497e-10,1.79884e-13,1.52398e-15,2.19161e-22,0.000224543
4681,0.000651352,0.000575866,0.00014128,2.85463e-06,1.11804e-08,1.14762e-11,9.71588e-14,1.39352e-20,0.00137136
4682,0.000248065,0.000219309,4.95578e-05,8.06883e-07,2.47412e-09,2.03741e-12,1.72287e-14,2.46006e-21,0.000517741
4683,0.000761111,0.000672868,0.000157509,2.77125e-06,8.94222e-09,7.53495e-12,6.36843e-14,9.07575e-21,0.00159427
4684,0.00111492,0.000985636,0.000250529,5.81346e-06,2.97861e-08,4.4678e-11,3.77379e-13,5.36548e-20,0.00235693
4685,0,0,0,0,0,0,0,0,0
4686,0,0,0,0,0,0,0,0,0
4687,0,0,0,0,0,0,0,0,0
4688,0.000181396,0.000160345,3.58153e-05,5.17851e-07,1.03163e-09,2.43076e-13,2.04601e-15,2.87053e-22,0.000378075
4689,0,0,0,0,0,0,0,0,0
4690,0.00114687,0.00101372,0.000278777,8.49833e-06,6.35429e-08,1.32891e-10,1.11674e-12,1.55708e-19,0.00244793
4691,0.00147433,0.00130313,0.000361017,1.08372e-05,7.78058e-08,1.62264e-10,1.36257e-12,1.89457e-19,0.00314939
4692,0,0,0,0,0,0,0,0,0
4693,6.27961e-05,5.55007e-05,1.07515e-05,1.00995e-07,1.17503e-10,2.43386e-14,2.0393e-16,2.81203e-23,0.000129149
4694,0,0,0,0,0,0,0,0,0
4695,0.00150276,0.00132811,0.000374705,1.2507e-05,1.09756e-07,2.84184e-10,2.37753e-12,3.25957e-19,0.0032182
4696,0.000323039,0.000285492,6.99354e-05,1.41086e-06,5.54967e-09,5.79004e-12,4.84126e-14,6.62281e-21,0.000679883
4697,0.000351798,0.000310897,7.06197e-05,1.13857e-06,3.36722e-09,2.75414e-12,2.30043e-14,3.13452e-21,0.000734457
4698,0,0,0,0,0,0,0,0,0
4699,6.0007e-05,5.30279e-05,1.02944e-05,9.99208e-08,1.3487e-10,4.18764e-14,3.49242e-16,4.73099e-23,0.000123429
4700,0.000388672,0.000343457,8.62986e-05,1.88726e-06,8.36205e-09,9.99076e-12,8.32347e-14,1.1231e-20,0.000820324
4701,0.000778849,0.000688231,0.000162782,3.03934e-06,1.1373e-08,1.18561e-11,9.87187e-14,1.32914e-20,0.00163291
4702,0.00161643,0.00142832,0.000388544,1.11549e-05,7.5596e-08,1.46162e-10,1.21571e-12,1.63019e-19,0.00344453
4703,0,0,0,0,0,0,0,0,0
4704,0,0,0,0,0,0,0,0,0
4705,0.000313841,0.000277295,6.76561e-05,1.35118e-06,5.26612e-09,5.48346e-12,4.54923e-14,6.04121e-21,0.000660149
4706,0.00127271,0.00112449,0.000298701,8.14318e-06,5.34021e-08,1.01605e-10,8.42611e-13,1.11727e-19,0.00270409
4707,0,0,0,0,0,0,0,0,0
4708,0,0,0,0,0,0,0,0,0
4709,0,0,0,0,0,0,0,0,0
4710,0,0,0,0,0,0,0,0,0
4711,0.003565,0.00314938,0.00105309,5.72619e-05,9.40664e-07,4.60656e-09,3.80301e-11,4.95685e-18,0.00782568
4712,0.000277949,0.000245541,5.50891e-05,8.6815e-07,2.48471e-09,1.82829e-12,1.50833e-14,1.96079e-21,0.00057945
4713,0.00057099,0.000504393,0.000121661,2.35126e-06,8.77812e-09,8.72668e-12,7.19025e-14,9.30188e-21,0.0011994
4714,0.000228259,0.000201631,4.70625e-05,8.1886e-07,2.61618e-09,2.18531e-12,1.79908e-14,2.32016e-21,0.000477774
4715,0.000227826,0.000201245,4.69885e-05,8.19869e-07,2.64527e-09,2.25632e-12,1.85665e-14,2.39003e-21,0.000476882
4716,0.00146033,0.00128991,0.000354759,1.09331e-05,8.65735e-08,2.02003e-10,1.66041e-12,2.12862e-19,0.00311602
4717,0.000154706,0.000136649,2.96498e-05,4.18211e-07,9.89142e-10,5.74143e-13,4.71668e-15,6.03391e-22,0.000321425
4718,0.000179087,0.00015818,3.54587e-05,5.33008e-07,1.27236e-09,6.32312e-13,5.18986e-15,6.61652e-22,0.000373259
4719,0,0,0,0,0,0,0,0,0
4720,0.000723063,0.000638618,0.000159115,3.40867e-06,1.47863e-08,1.73407e-11,1.42083e-13,1.79958e-20,0.00152422
4721,0.0018093,0.00159796,0.000414817,1.02255e-05,5.56325e-08,8.55276e-11,7.00278e-13,8.84537e-20,0.00383236
4722,0.000558994,0.000493681,0.000130096,3.30266e-06,1.80102e-08,2.66037e-11,2.17574e-13,2.73625e-20,0.00118609
4723,0.00135286,0.00119476,0.000334787,1.07336e-05,8.92239e-08,2.24933e-10,1.83804e-12,2.30422e-19,0.00289323
4724,1.7204e-05,1.51932e-05,2.48151e-06,1.40693e-08,8.75899e-12,1.15037e-15,9.39392e-18,1.17461e-24,3.48928e-05
4725,0.000700104,0.000618258,0.00015272,3.14955e-06,1.23764e-08,1.18401e-11,9.66091e-14,1.20436e-20,0.00147424
4726,0.00015319,0.000135278,2.96401e-05,4.13906e-07,8.75384e-10,3.59966e-13,2.93423e-15,3.64415e-22,0.000318523
4727,0.000616212,0.00054415,0.000132626,2.65599e-06,1.04872e-08,1.11434e-11,9.0784e-14,1.1251e-20,0.00129565
4728,0,0,0,0,0,0,0,0,0
4729,0,0,0,0,0,0,0,0,0
4730,0.000102573,9.05711e-05,1.8688e-05,2.12693e-07,3.06133e-10,5.3748e-14,4.36915e-16,5.36958e-23,0.000212045
4731,0.0011815,0.00104322,0.000281607,7.8818e-06,5.17848e-08,9.78744e-11,7.94684e-13,9.72302e-20,0.00251427
4732,0.000759973,0.000671014,0.000162935,3.36255e-06,1.60706e-08,2.68367e-11,2.17747e-13,2.65715e-20,0.0015973
4733,0,0,0,0,0,0,0,0,0
4734,0.000321114,0.000283512,6.92543e-05,1.39166e-06,5.46744e-09,5.70998e-12,4.62588e-14,5.61214e-21,0.000675277
4735,7.65819e-05,6.76111e-05,1.35313e-05,1.4475e-07,2.23601e-10,7.94762e-14,6.42911e-16,7.75583e-23,0.000157869
4736,0.000488018,0.000430843,0.000111428,2.67683e-06,1.35816e-08,1.87391e-11,1.51477e-13,1.82233e-20,0.00103298
4737,0.000493769,0.00043591,9.98488e-05,1.69588e-06,5.61157e-09,5.14112e-12,4.15277e-14,4.98204e-21,0.00103123
4738,0.000642223,0.000566949,0.000152152,4.09827e-06,2.43945e-08,3.97507e-11,3.20751e-13,3.83267e-20,0.00136545
4739,0.000523639,0.000462259,0.000111032,2.15621e-06,8.59411e-09,1.04063e-11,8.39413e-14,1.00174e-20,0.00109909
4740,0.00181722,0.00160416,0.00044149,1.34178e-05,1.02974e-07,2.34714e-10,1.8917e-12,2.25032e-19,0.00387639
4741,0.000835409,0.000737435,0.000179433,3.61635e-06,1.45976e-08,1.58507e-11,1.27583e-13,1.51013e-20,0.00175591
4742,0.00205253,0.00181179,0.000482022,1.35731e-05,9.72337e-08,2.11329e-10,1.70043e-12,2.01019e-19,0.00436001
4743,0.000116856,0.000103148,2.18635e-05,2.7996e-07,5.58262e-10,2.58728e-13,2.08045e-15,2.45328e-22,0.000242148
4744,0.00178482,0.00157539,0.000432355,1.30448e-05,9.96199e-08,2.28372e-10,1.83431e-12,2.15385e-19,0.00380571
4745,0.000693999,0.000612552,0.00016195,4.29034e-06,2.57376e-08,4.28232e-11,3.43656e-13,4.02169e-20,0.00147282
4746,0.000315314,0.000278303,6.76719e-05,1.33752e-06,5.06884e-09,4.96411e-12,3.98069e-14,4.64513e-21,0.000662632
4747,0,0,0,0,0,0,0,0,0
4748,8.03197e-05,7.0888e-05,1.42807e-05,1.56482e-07,2.52162e-10,9.49455e-14,7.6004e-16,8.81056e-23,0.000165645
4749,0.00107934,0.000952572,0.000240544,5.51772e-06,2.79215e-08,4.09433e-11,3.27427e-13,3.7813e-20,0.00227801
4750,0.000181221,0.000159933,3.54275e-05,5.58853e-07,1.7099e-09,1.42705e-12,1.14063e-14,1.31467e-21,0.000377142
4751,0.00111354,0.000982694,0.000237127,4.6593e-06,1.84218e-08,2.03751e-11,1.62658e-13,1.86608e-20,0.00233804
4752,5.31329e-06,4.68886e-06,6.40069e-07,1.97677e-09,4.19854e-13,9.99875e-18,7.97649e-20,9.12614e-27,1.06442e-05
4753,0.000163563,0.000144336,3.01967e-05,3.81735e-07,7.63749e-10,3.33522e-13,2.65778e-15,3.0283e-22,0.000338479
4754,7.87373e-05,6.94809e-05,1.39536e-05,1.51512e-07,2.41149e-10,8.97792e-14,7.15183e-16,8.13796e-23,0.000162324
4755,0.00102977,0.000908672,0.000232952,5.56342e-06,2.87017e-08,4.08075e-11,3.2466e-13,3.67642e-20,0.00217698
4756,0.000410326,0.000362068,8.90534e-05,1.88817e-06,8.27564e-09,9.84259e-12,7.82646e-14,8.84454e-21,0.000863344
4757,0.000478477,0.000422189,0.000108747,2.5849e-06,1.29199e-08,1.74878e-11,1.389e-13,1.56298e-20,0.00101201
4758,6.05699e-05,5.34436e-05,1.03242e-05,9.85662e-08,1.26448e-10,3.45661e-14,2.74424e-16,3.0827e-23,0.000124436
4759,0.000167576,0.000147857,3.29209e-05,4.9377e-07,1.25031e-09,7.74481e-13,6.14405e-15,6.88201e-22,0.000348849
4760,0.000280494,0.00024748,5.79904e-05,9.54126e-07,1.91311e-09,3.95548e-14,3.1352e-16,3.50017e-23,0.000586921
4761,0,0,0,0,0,0,0,0,0
4762,0,0,0,0,0,0,0,0,0
4763,0,0,0,0,0,0,0,0,0
4764,0.000775702,0.00068433,0.000174752,4.14192e-06,2.15672e-08,3.15387e-11,2.49132e-13,2.74547e-20,0.00163895
4765,0.000251385,0.000221768,4.96379e-05,7.88986e-07,2.33247e-09,1.81648e-12,1.43358e-14,1.57439e-21,0.000523583
4766,0,0,0,0,0,0,0,0,0
4767,0.00167555,0.00147805,0.000415125,1.3116e-05,1.01454e-07,2.2668e-10,1.78548e-12,1.94631e-19,0.00358194
4768,0,0,0,0,0,0,0,0,0
4769,0.000515761,0.000454948,0.000118248,2.8908e-06,1.49782e-08,2.08898e-11,1.64296e-13,1.7808e-20,0.00109186
4770,0.000164529,0.000145126,3.21361e-05,4.71055e-07,1.12105e-09,6.00286e-13,4.71789e-15,5.1001e-22,0.000342264
4771,0.000228106,0.000201199,4.27318e-05,5.59615e-07,1.20085e-09,6.44976e-13,5.06406e-15,5.45351e-22,0.000472598
4772,0.00101571,0.000895876,0.000224378,5.00564e-06,2.37422e-08,3.05767e-11,2.39865e-13,2.57456e-20,0.00214099
4773,0,0,0,0,0,0,0,0,0
4774,0.00121385,0.00107059,0.000312776,1.10239e-05,9.65725e-08,2.39149e-10,1.87329e-12,1.99944e-19,0.00260834
4775,0,0,0,0,0,0,0,0,0
4776,0.000192634,0.00016989,3.57452e-05,4.62552e-07,1.01076e-09,5.7292e-13,4.48017e-15,4.75112e-22,0.000398733
4777,0.000871292,0.000768389,0.000214298,6.52064e-06,4.59094e-08,8.82204e-11,6.88968e-13,7.26986e-20,0.00186055
4778,0,0,0,0,0,0,0,0,0
4779,0,0,0,0,0,0,0,0,0
4780,0,0,0,0,0,0,0,0,0
4781,0.000142647,0.000125789,2.7416e-05,3.87825e-07,9.22642e-10,5.54833e-13,4.32033e-15,4.50805e-22,0.000296241
4782,0.000123653,0.000109037,2.31631e-05,2.97335e-07,5.77401e-10,2.43399e-13,1.89425e-15,1.9725e-22,0.000256151
4783,0.00049774,0.000438887,0.000111802,2.61247e-06,1.27544e-08,1.63867e-11,1.27338e-13,1.3184e-20,0.00105106
4784,6.67827e-05,5.88861e-05,1.15368e-05,1.16201e-07,1.65573e-10,5.40123e-14,4.19666e-16,4.34299e-23,0.000137322
4785,0.000426771,0.000376296,8.56699e-05,1.43723e-06,4.64618e-09,4.14474e-12,3.21701e-14,3.31589e-21,0.000890179
4786,0.000344735,0.000303952,6.72779e-05,9.702e-07,2.11953e-09,9.29492e-13,7.20573e-15,7.39323e-22,0.000716937
4787,0.000996615,0.00087869,0.00024974,8.09425e-06,6.30663e-08,1.37867e-10,1.068e-12,1.09269e-19,0.0021332
4788,0.00112127,0.000988585,0.000253298,6.06665e-06,3.15616e-08,4.48962e-11,3.47681e-13,3.55289e-20,0.00236925
4789,0.000810485,0.000714547,0.000197322,5.8406e-06,3.98194e-08,7.47515e-11,5.781e-13,5.8771e-20,0.00172823
4790,0,0,0,0,0,0,0,0,0
4791,0,0,0,0,0,0,0,0,0
4792,0.000728972,0.000642634,0.000159513,3.40005e-06,1.46393e-08,1.68502e-11,1.29993e-13,1.30922e-20,0.00153453
4793,0.000529486,0.000466762,0.000111796,2.15654e-06,8.27319e-09,8.66754e-12,6.68088e-14,6.70645e-21,0.00111021
4794,0.00059842,0.000527523,0.000132821,3.11231e-06,1.7191e-08,2.92304e-11,2.2521e-13,2.25707e-20,0.00126189
4795,0.000878792,0.000774647,0.000199448,4.97926e-06,2.85893e-08,4.65031e-11,3.57801e-13,3.56729e-20,0.0018579
4796,0.00124036,0.00109334,0.000298036,8.71383e-06,6.15844e-08,1.25537e-10,9.65068e-13,9.59028e-20,0.00264051
4797,0,0,0,0,0,0,0,0,0
4798,0.00155257,0.00136847,0.000347019,8.07375e-06,4.02965e-08,5.48004e-11,4.20692e-13,4.15843e-20,0.00327618
4799,0.000205536,0.000181158,4.1405e-05,6.78221e-07,1.96602e-09,1.42766e-12,1.09465e-14,1.07703e-21,0.000428779
4800,0.000957571,0.000843977,0.000238211,7.55177e-06,5.66823e-08,1.17545e-10,9.006e-13,8.83589e-20,0.00204737
4801,3.19107e-05,2.81249e-05,4.24735e-06,1.38345e-08,6.19957e-12,2.73106e-14,2.09191e-16,2.05035e-23,6.42968e-05
4802,0,0,0,0,0,0,0,0,0
4803,0,0,0,0,0,0,0,0,0
4804,0,0,0,0,0,0,0,0,0
4805,0,0,0,0,0,0,0,0,0
4806,0,0,0,0,0,0,0,0,0
4807,1.66128e-05,1.46396e-05,2.30386e-06,1.07708e-08,3.45511e-12,5.0094e-17,3.81669e-19,3.66579e-26,3.3567e-05
4808,0.000888493,0.000782938,0.000200499,4.75439e-06,2.43044e-08,3.4446e-11,2.62228e-13,2.51064e-20,0.00187671
4809,0,0,0,0,0,0,0,0,0
4810,0.000549605,0.000484288,0.000116195,2.36423e-06,1.0384e-08,1.27368e-11,9.68236e-14,9.21992e-21,0.00115246
4811,0.000148579,0.000130917,2.86278e-05,4.09963e-07,9.89478e-10,5.98196e-13,4.54289e-15,4.30955e-22,0.000308535
4812,0,0,0,0,0,0,0,0,0
4813,0,0,0,0,0,0,0,0,0
4814,0.000188493,0.000166076,3.41069e-05,4.01209e-07,7.27403e-10,3.18578e-13,2.41391e-15,2.27027e-22,0.000389078
4815,0.000129831,0.000114386,2.40261e-05,2.82892e-07,3.63602e-10,1.59244e-14,1.20525e-16,1.12868e-23,0.000268526
4816,0.000991769,0.000873763,0.000236175,6.79013e-06,4.66441e-08,9.00453e-11,6.80932e-13,6.35585e-20,0.00210854
4817,1.09926e-05,9.68426e-06,1.37631e-06,3.60971e-09,2.00846e-13,3.21094e-15,2.42507e-17,2.25269e-24,2.20568e-05
4818,0,0,0,0,0,0,0,0,0
4819,0,0,0,0,0,0,0,0,0
4820,0.000921393,0.000811674,0.000225617,6.93611e-06,5.04809e-08,1.01741e-10,7.66751e-13,7.06417e-20,0.00196567
4821,0,0,0,0,0,0,0,0,0
4822,0.00025849,0.000227699,5.34658e-05,9.46977e-07,2.97727e-09,2.20739e-12,1.6613e-14,1.52273e-21,0.000540605
4823,9.68517e-06,8.53119e-06,1.27638e-06,5.51646e-09,2.27064e-12,1.78744e-16,1.3436e-18,1.22579e-25,1.94983e-05
4824,0.0005013,0.000441565,9.92639e-05,1.57558e-06,4.56123e-09,3.48066e-12,2.61537e-14,2.3826e-21,0.00104371
4825,0.00225414,0.00198547,0.000605719,2.53836e-05,2.96035e-07,1.00419e-09,7.53666e-12,6.83528e-19,0.00487101
4826,0.000423518,0.000373031,9.4101e-05,2.11142e-06,9.74632e-09,1.20391e-11,9.0297e-14,8.16894e-21,0.000892772
4827,0.000315265,0.000277671,6.72475e-05,1.32778e-06,5.0903e-09,5.11021e-12,3.82796e-14,3.44638e-21,0.000661516
4828,2.9368e-05,2.58655e-05,4.47527e-06,2.98665e-08,2.08803e-11,2.1364e-15,1.59935e-17,1.43655e-24,5.97386e-05
4829,0,0,0,0,0,0,0,0,0
4830,5.59445e-05,4.92697e-05,9.42598e-06,8.94023e-08,1.21015e-10,3.96647e-14,2.96394e-16,2.64372e-23,0.00011473
4831,0.000397384,0.000349965,8.74203e-05,1.89934e-06,8.31186e-09,9.55189e-12,7.13377e-14,6.3499e-21,0.000836677
4832,8.11569e-05,7.14699e-05,1.43717e-05,1.58886e-07,2.65479e-10,1.07639e-13,8.02863e-16,7.11156e-23,0.000167158
4833,0.000548952,0.000483422,0.000109609,1.78376e-06,5.33398e-09,4.21478e-12,3.14272e-14,2.78029e-21,0.00114377
4834,9.58287e-05,8.43871e-05,1.46219e-05,8.56354e-08,6.20059e-11,3.1092e-13,2.31596e-15,2.04082e-22,0.000194923
4835,0,0,0,0,0,0,0,0,0
4836,0.000180064,0.000158558,3.22523e-05,3.55077e-07,4.57407e-10,4.81262e-14,3.57939e-16,3.13612e-23,0.000371229
4837,0.00102262,0.000900452,0.00023962,6.50803e-06,4.04924e-08,6.78817e-11,5.04426e-13,4.40474e-20,0.00216924
4838,5.53954e-05,4.87763e-05,9.05035e-06,7.05905e-08,4.00378e-11,1.36262e-15,1.01166e-17,8.80404e-25,0.000113293
4839,0.00164201,0.00144577,0.000378376,9.90031e-06,6.10607e-08,1.09334e-10,8.11099e-13,7.0377e-20,0.00347611
4840,0.000174764,0.000153875,3.48728e-05,5.85675e-07,1.8671e-09,1.55641e-12,1.15369e-14,9.9794e-22,0.0003641
4841,0.000371227,0.000326845,7.04485e-05,9.83051e-07,2.37864e-09,1.49916e-12,1.11028e-14,9.57184e-22,0.000769505
4842,0.00114543,0.00100846,0.000264758,6.72227e-06,3.66555e-08,5.31171e-11,3.93056e-13,3.37774e-20,0.0024254
4843,0.000289525,0.000254895,5.60348e-05,7.93847e-07,1.47044e-09,1.53239e-13,1.13265e-15,9.69123e-23,0.00060125
4844,0,0,0,0,0,0,0,0,0
4845,0,0,0,0,0,0,0,0,0
4846,0,0,0,0,0,0,0,0,0
4847,0.000341633,0.00030074,6.68271e-05,1.00768e-06,2.60221e-09,1.67038e-12,1.23068e-14,1.04016e-21,0.00071021
4848,0.000360958,0.000317744,7.79926e-05,1.59252e-06,6.16843e-09,5.78929e-12,4.2618e-14,3.59071e-21,0.000758294
4849,0.000435793,0.000383612,9.69776e-05,2.194e-06,1.02248e-08,1.26671e-11,9.31879e-14,7.83167e-21,0.000918586
4850,0,0,0,0,0,0,0,0,0
4851,0,0,0,0,0,0,0,0,0
4852,0,0,0,0,0,0,0,0,0
4853,0.00129386,0.00113881,0.000333213,1.18256e-05,1.02654e-07,2.40226e-10,1.76135e-12,1.46148e-19,0.00277781
4854,0,0,0,0,0,0,0,0,0
4855,0,0,0,0,0,0,0,0,0
4856,0,0,0,0,0,0,0,0,0
4857,0,0,0,0,0,0,0,0,0
4858,0,0,0,0,0,0,0,0,0
4859,0.0014952,0.00131582,0.000345207,9.30739e-06,6.17237e-08,1.20059e-10,8.75518e-13,7.11596e-20,0.00316559
4860,0.000970642,0.000854169,0.000199591,3.53852e-06,1.16036e-08,9.68996e-12,7.06199e-14,5.72644e-21,0.00202795
4861,0.000126611,0.000111417,2.35939e-05,3.16756e-07,7.14593e-10,3.98635e-13,2.90424e-15,2.35194e-22,0.000261939
4862,0.000738987,0.000650279,0.00015249,2.74581e-06,9.3499e-09,8.37213e-12,6.09101e-14,4.90659e-21,0.00154451
4863,0,0,0,0,0,0,0,0,0
4864,0,0,0,0,0,0,0,0,0
4865,0,0,0,0,0,0,0,0,0
4866,0.000779034,0.000685452,0.000171075,3.74077e-06,1.67431e-08,1.98898e-11,1.44282e-13,1.14935e-20,0.00163932
4867,0.000269342,0.000236979,5.60564e-05,1.03397e-06,3.61575e-09,3.29709e-12,2.38885e-14,1.89423e-21,0.000563414
4868,0,0,0,0,0,0,0,0,0
4869,0,0,0,0,0,0,0,0,0
4870,0,0,0,0,0,0,0,0,0
4871,9.87598e-05,8.68842e-05,1.6363e-05,1.48323e-07,1.85588e-10,5.28351e-14,3.81545e-16,2.9876e-23,0.000202156
4872,0.000195232,0.000171751,3.86989e-05,6.0622e-07,1.6033e-09,9.78182e-13,7.05761e-15,5.50764e-22,0.000406289
4873,0,0,0,0,0,0,0,0,0
4874,0.000182422,0.000160476,3.59621e-05,5.60175e-07,1.53316e-09,1.06347e-12,7.66325e-15,5.95153e-22,0.000379421
4875,0.000374769,0.000329674,7.42789e-05,1.17909e-06,3.32679e-09,2.38722e-12,1.71878e-14,1.33065e-21,0.000779905
4876,2.58538e-05,2.27421e-05,3.87647e-06,2.52415e-08,1.8405e-11,2.51339e-15,1.80778e-17,1.39412e-24,5.24976e-05
4877,0.000169431,0.000149035,2.99846e-05,3.31022e-07,5.3673e-10,1.97004e-13,1.41577e-15,1.08826e-22,0.000348782
4878,0.0010236,0.000900365,0.000226444,5.19731e-06,2.59998e-08,3.61239e-11,2.5944e-13,1.98947e-20,0.00215563
4879,0.00306659,0.00269727,0.000887847,4.58028e-05,6.8866e-07,2.99633e-09,2.14905e-11,1.63952e-18,0.00669819
4880,0,0,0,0,0,0,0,0,0
4881,0,0,0,0,0,0,0,0,0
4882,0.00020438,0.000179753,4.0819e-05,6.59932e-07,1.87099e-09,1.29899e-12,9.29538e-15,7.02964e-22,0.000425614
4883,0.000522615,0.000459628,0.000118871,2.89825e-06,1.5057e-08,2.09496e-11,1.49769e-13,1.12852e-20,0.00110403
4884,0,0,0,0,0,0,0,0,0
4885,0.000385458,0.000338987,7.69406e-05,1.2592e-06,3.78087e-09,2.98036e-12,2.12784e-14,1.59527e-21,0.000802649
4886,0.00016214,0.000142589,3.14287e-05,4.65857e-07,1.19143e-09,7.7069e-13,5.49772e-15,4.10837e-22,0.000336625
4887,0.000130941,0.000115148,2.44206e-05,3.12099e-07,5.73409e-10,1.85396e-13,1.32127e-15,9.83818e-23,0.000270822
4888,0.000308174,0.000270995,6.51431e-05,1.26289e-06,4.70109e-09,4.50239e-12,3.20483e-14,2.37524e-21,0.00064558
4889,0.000826091,0.000726416,0.000183238,4.3922e-06,2.44427e-08,3.84877e-11,2.73774e-13,2.02387e-20,0.00174016
4890,0.000216053,0.00018998,4.35056e-05,7.25388e-07,2.17986e-09,1.65809e-12,1.17848e-14,8.68462e-22,0.000450266
4891,7.29645e-05,6.41572e-05,1.2607e-05,1.28676e-07,1.81841e-10,5.37786e-14,3.81875e-16,2.80422e-23,0.000149857
4892,0.000179489,0.000157821,3.50867e-05,5.2705e-07,1.30072e-09,7.14209e-13,5.06896e-15,3.71517e-22,0.000372925
4893,0,0,0,0,0,0,0,0,0
4894,0,0,0,0,0,0,0,0,0
4895,0,0,0,0,0,0,0,0,0
4896,2.16271e-05,1.90143e-05,7.78216e-06,3.90776e-07,2.91311e-09,4.17173e-12,2.95109e-14,2.13598e-21,4.88172e-05
4897,0.000663303,0.000583155,0.000149211,3.64288e-06,1.97395e-08,2.89845e-11,2.04869e-13,1.4782e-20,0.00139933
4898,0,0,0,0,0,0,0,0,0
4899,0.00021151,0.000185943,3.6963e-05,4.01973e-07,6.72943e-10,2.76589e-13,1.95154e-15,1.39865e-22,0.000434819
4900,4.35558e-05,3.82897e-05,6.95866e-06,5.44759e-08,4.7503e-11,5.78426e-15,4.07771e-17,2.91286e-24,8.88587e-05
4901,0.000229398,0.000201656,4.53313e-05,7.37088e-07,2.21488e-09,1.71204e-12,1.20554e-14,8.57377e-22,0.000477125
4902,0.000249325,0.000219171,4.74445e-05,6.68467e-07,1.51487e-09,6.88866e-13,4.84954e-15,3.44592e-22,0.000516611
4903,0,0,0,0,0,0,0,0,0
4904,0.000112543,9.89268e-05,2.63037e-05,6.14963e-07,2.58464e-09,2.63714e-12,1.85327e-14,1.30811e-21,0.000238391
4905,0.000417741,0.000367184,9.18686e-05,2.01838e-06,8.93966e-09,1.02057e-11,7.16272e-14,5.03052e-21,0.000878821
4906,0,0,0,0,0,0,0,0,0
4907,0.000546788,0.000480586,0.000112375,2.06793e-06,7.55033e-09,7.40064e-12,5.18483e-14,3.61681e-21,0.00114182
4908,0.000291351,0.000256071,5.96832e-05,1.08123e-06,3.7494e-09,3.34229e-12,2.34007e-14,1.62836e-21,0.00060819
4909,0.000790408,0.000694688,0.000187535,5.32159e-06,3.45729e-08,6.06065e-11,4.24192e-13,2.9481e-20,0.00167799
4910,0,0,0,0,0,0,0,0,0
4911,0,0,0,0,0,0,0,0,0
4912,0.00023523,0.000206726,4.19347e-05,4.84213e-07,8.5145e-10,3.34534e-13,2.33503e-15,1.60595e-22,0.000484376
4913,0.000718263,0.000631205,0.000162804,4.08162e-06,2.29965e-08,3.51946e-11,2.45387e-13,1.68063e-20,0.00151638
4914,8.37026e-05,7.35563e-05,1.47744e-05,1.64024e-07,2.75743e-10,1.11317e-13,7.75804e-16,5.3047e-23,0.000172198
4915,0.000581388,0.000510891,0.00011819,2.14819e-06,7.92232e-09,7.93926e-12,5.52523e-14,3.75747e-21,0.00121262
4916,9.44225e-05,8.29716e-05,1.53926e-05,1.32717e-07,1.52111e-10,3.86098e-14,2.68541e-16,1.82211e-23,0.00019292
4917,0,0,0,0,0,0,0,0,0
4918,9.97797e-05,8.76744e-05,1.80287e-05,2.15317e-07,4.00686e-10,1.79374e-13,1.24541e-15,8.39415e-23,0.000205699
4919,0.000279677,0.000245742,5.8198e-05,1.08109e-06,3.79794e-09,3.41921e-12,2.37279e-14,1.59619e-21,0.000584702
4920,0.000792187,0.000696053,0.000180257,4.5778e-06,2.64048e-08,4.16581e-11,2.8892e-13,1.93922e-20,0.0016731
4921,1.46315e-05,1.28555e-05,1.9603e-06,8.07398e-09,1.38318e-12,1.63958e-16,1.13568e-18,7.58558e-26,2.94554e-05
4922,0,0,0,0,0,0,0,0,0
4923,0,0,0,0,0,0,0,0,0
4924,0.000371761,0.000326614,8.03782e-05,1.683e-06,7.00422e-09,7.55478e-12,5.22203e-14,3.46032e-21,0.000780443
4925,8.75797e-05,7.69415e-05,1.53213e-05,1.58293e-07,1.92525e-10,2.19842e-14,1.51812e-16,1.00224e-23,0.000180001
4926,0.00143451,0.00126023,0.000360144,1.24242e-05,1.09645e-07,2.71154e-10,1.87121e-12,1.23222e-19,0.00306742
4927,0.000138501,0.00012167,2.60175e-05,3.46088e-07,7.0726e-10,3.0226e-13,2.08341e-15,1.36579e-22,0.000286535
4928,0.000708872,0.000622713,0.000146436,2.71388e-06,9.89844e-09,9.67131e-12,6.66001e-14,4.35051e-21,0.00148075
4929,6.63903e-07,5.832e-07,4.20507e-08,5.72396e-08,8.36802e-10,1.66014e-12,1.14263e-14,7.44901e-22,1.34723e-06
4930,0.000398255,0.000349834,8.69359e-05,1.88135e-06,8.26407e-09,9.56045e-12,6.57449e-14,4.27183e-21,0.000836914
4931,0,0,0,0,0,0,0,0,0
4932,0,0,0,0,0,0,0,0,0
4933,0.000503896,0.000442597,9.896e-05,1.55614e-06,4.3179e-09,2.81388e-12,1.93007e-14,1.24183e-21,0.00104701
4934,0,0,0,0,0,0,0,0,0
4935,0.000159187,0.000139813,3.05699e-05,4.41132e-07,1.06034e-09,6.06797e-13,4.1546e-15,2.65483e-22,0.000330012
4936,4.71191e-05,4.13832e-05,7.65938e-06,6.56995e-08,7.49688e-11,1.90366e-14,1.30199e-16,8.28589e-24,9.62275e-05
4937,0.000376738,0.000330871,7.42016e-05,1.16694e-06,3.25106e-09,2.29438e-12,1.56828e-14,9.95752e-22,0.00078298
4938,8.02182e-05,7.04491e-05,1.39947e-05,1.48885e-07,2.26047e-10,7.41492e-14,5.06222e-16,3.19942e-23,0.000164811
4939,0.000584035,0.000512907,0.000123944,2.50607e-06,1.03776e-08,1.16148e-11,7.92851e-14,5.00854e-21,0.0012234
4940,2.27244e-05,1.99562e-05,3.34193e-06,2.09837e-08,1.53249e-11,2.39805e-15,1.63496e-17,1.02802e-24,4.60435e-05
4941,0.000103583,9.09623e-05,1.72464e-05,1.61632e-07,2.13859e-10,6.37521e-14,4.34271e-16,2.7214e-23,0.000211953
4942,0.00126473,0.0011106,0.000322716,1.13665e-05,9.94882e-08,2.40127e-10,1.63444e-12,1.02121e-19,0.00270952
4943,0.000422496,0.000370998,9.28347e-05,2.05385e-06,9.28675e-09,1.10139e-11,7.48966e-14,4.66291e-21,0.000888392
4944,0.000109455,9.61125e-05,1.99935e-05,2.48539e-07,4.924e-10,2.3741e-13,1.61371e-15,1.00294e-22,0.00022581
4945,0.000132238,0.000116115,2.46703e-05,3.23399e-07,6.5925e-10,2.97877e-13,2.0229e-15,1.25295e-22,0.000273348
4946,2.22802e-05,1.95632e-05,3.27481e-06,2.06971e-08,1.56581e-11,2.67284e-15,1.81395e-17,1.12072e-24,4.51389e-05
4947,0.000214317,0.000188177,4.28328e-05,7.02196e-07,2.03419e-09,1.43878e-12,9.75546e-15,6.00619e-22,0.000446031
4948,0.000239248,0.000210062,4.85568e-05,8.36327e-07,2.61071e-09,2.01742e-12,1.36663e-14,8.38466e-22,0.000498706
4949,0.000186439,0.000163688,3.65447e-05,5.6395e-07,1.49579e-09,9.56344e-13,6.46974e-15,3.94905e-22,0.000387237
4950,0,0,0,0,0,0,0,0,0
4951,0.000187331,0.000164464,3.66415e-05,5.57918e-07,1.41597e-09,8.23739e-13,5.56421e-15,3.3767e-22,0.000388996
4952,0,0,0,0,0,0,0,0,0
4953,0.000448436,0.000393675,9.05838e-05,1.55167e-06,4.92826e-09,4.0432e-12,2.7266e-14,1.64427e-21,0.000934251
4954,0,0,0,0,0,0,0,0,0
4955,2.74777e-06,2.41212e-06,2.92537e-07,6.0311e-10,5.23088e-14,4.39671e-20,2.96099e-22,1.77642e-29,5.45303e-06
4956,0.000435558,0.000382344,9.60121e-05,2.15135e-06,9.92331e-09,1.20409e-11,8.10296e-14,4.84739e-21,0.000916075
4957,0.000208039,0.000182613,4.13868e-05,6.70933e-07,1.92192e-09,1.35429e-12,9.09998e-15,5.41264e-22,0.000432712
4958,0,0,0,0,0,0,0,0,0
4959,0.000865917,0.000760061,0.00020955,6.28063e-06,4.37829e-08,8.27678e-11,5.55496e-13,3.28926e-20,0.00184185
4960,0,0,0,0,0,0,0,0,0
4961,0.000431017,0.000378307,9.47553e-05,2.10285e-06,9.49628e-09,1.11005e-11,7.43802e-14,4.37702e-21,0.000906192
4962,9.93223e-05,8.71735e-05,1.78566e-05,2.11393e-07,3.87242e-10,1.68462e-13,1.12775e-15,6.61289e-23,0.000204564
4963,0.00032342,0.000283856,6.83844e-05,1.34598e-06,5.14208e-09,5.04988e-12,3.37896e-14,1.97775e-21,0.000677012
4964,0.000343142,0.000301153,7.23115e-05,1.36218e-06,4.25463e-09,2.323e-12,1.55224e-14,9.03825e-22,0.000717972
4965,0,0,0,0,0,0,0,0,0
4966,0,0,0,0,0,0,0,0,0
4967,0,0,0,0,0,0,0,0,0
4968,0,0,0,0,0,0,0,0,0
4969,0,0,0,0,0,0,0,0,0
4970,0.000289135,0.000253718,6.01565e-05,1.12688e-06,4.00524e-09,3.62354e-12,2.41006e-14,1.37867e-21,0.00060414
4971,0,0,0,0,0,0,0,0,0
4972,6.41531e-05,5.62918e-05,1.08522e-05,1.06349e-07,1.48349e-10,4.77345e-14,3.16954e-16,1.8015e-23,0.000131404
4973,0.00017795,0.000156138,3.13039e-05,3.41658e-07,5.3205e-10,1.90884e-13,1.26562e-15,7.15367e-23,0.000365734
4974,0,0,0,0,0,0,0,0,0
4975,0.000453489,0.000397887,0.000100274,2.27213e-06,1.05828e-08,1.2796e-11,8.47509e-14,4.771e-21,0.000953933
4976,0,0,0,0,0,0,0,0,0
4977,0,0,0,0,0,0,0,0,0
4978,5.0893e-05,4.46497e-05,8.33794e-06,7.40547e-08,8.98006e-11,2.47462e-14,1.63492e-16,9.11656e-24,0.000103955
4979,0,0,0,0,0,0,0,0,0
4980,0.00050211,0.000440487,9.77103e-05,1.53805e-06,4.50952e-09,3.46388e-12,2.284e-14,1.26404e-21,0.00104185
4981,4.7455e-05,4.16294e-05,7.55215e-06,5.75577e-08,4.09274e-11,1.16591e-15,7.67891e-18,4.23108e-25,9.66941e-05
4982,3.59446e-05,3.15313e-05,5.10744e-06,2.72581e-08,9.48349e-12,3.82292e-16,2.51598e-18,1.38241e-25,7.26106e-05
4983,0.000125174,0.000109804,2.11623e-05,2.17644e-07,3.41772e-10,1.18806e-13,7.8166e-16,4.28982e-23,0.000256358
4984,0,0,0,0,0,0,0,0,0
4985,0.000149749,0.000131355,2.8453e-05,4.03215e-07,9.66582e-10,5.73838e-13,3.76931e-15,2.0558e-22,0.000309961
4986,0,0,0,0,0,0,0,0,0
4987,0,0,0,0,0,0,0,0,0
4988,0,0,0,0,0,0,0,0,0
4989,0,0,0,0,0,0,0,0,0
4990,0,0,0,0,0,0,0,0,0
4991,0,0,0,0,0,0,0,0,0
4992,0,0,0,0,0,0,0,0,0
4993,0.000356262,0.000312435,7.61141e-05,1.55541e-06,6.26506e-09,6.47922e-12,4.22729e-14,2.24684e-21,0.000746372
4994,0.000543978,0.000477045,0.00012315,3.0171e-06,1.57766e-08,2.17332e-11,1.41666e-13,7.50343e-21,0.00114721
4995,3.26788e-05,2.86567e-05,4.9923e-06,3.49235e-08,2.71929e-11,3.44767e-15,2.2444e-17,1.18282e-24,6.63627e-05
4996,0,0,0,0,0,0,0,0,0
4997,0,0,0,0,0,0,0,0,0
4998,0.000274361,0.000240576,5.65335e-05,1.03301e-06,3.54664e-09,3.08177e-12,2.00168e-14,1.04585e-21,0.000572507
4999,0.000456457,0.000400238,0.000100848,2.29243e-06,1.07789e-08,1.32379e-11,8.59091e-14,4.47393e-21,0.000959846
5000,0.0015908,0.00139485,0.000346919,7.6819e-06,3.56383e-08,4.39617e-11,2.8512e-13,1.48134e-20,0.00334029
5001,0.000408958,0.000358573,8.61183e-05,1.73592e-06,7.05426e-09,7.34381e-12,4.75892e-14,2.46456e-21,0.000855392
5002,0,0,0,0,0,0,0,0,0
5003,0.000325427,0.000285317,6.84049e-05,1.31997e-06,4.74255e-09,4.02871e-12,2.60592e-14,1.34019e-21,0.000680474
5004,0.000171429,0.000150296,2.96229e-05,2.95668e-07,3.38162e-10,1.12686e-13,7.2842e-16,3.73677e-23,0.000351645
5005,0.000227715,0.000199639,4.57246e-05,7.72213e-07,2.37425e-09,1.83544e-12,1.18546e-14,6.06184e-22,0.000473852
5006,0.000681402,0.000597372,0.000149497,3.43946e-06,1.73946e-08,2.39702e-11,1.54678e-13,7.88249e-21,0.00143173
5007,9.50759e-05,8.33487e-05,1.69518e-05,1.98086e-07,3.62296e-10,1.61252e-13,1.0395e-15,5.27708e-23,0.000195575
5008,0.000611295,0.000535884,0.000133462,3.03087e-06,1.49465e-08,1.97144e-11,1.27011e-13,6.43281e-21,0.00128369
5009,0.000460142,0.000403371,9.25748e-05,1.57578e-06,4.91328e-09,3.86717e-12,2.49008e-14,1.25854e-21,0.000957668
5010,0,0,0,0,0,0,0,0,0
5011,0.000264489,0.000231842,4.99351e-05,7.08801e-07,1.76613e-09,1.12702e-12,7.24017e-15,3.62714e-22,0.000546977
5012,0,0,0,0,0,0,0,0,0
5013,2.21312e-05,1.93987e-05,3.07704e-06,1.35861e-08,8.23125e-13,4.56721e-15,2.93076e-17,1.46196e-24,4.46205e-05
5014,3.18193e-05,2.78895e-05,4.81294e-06,3.2244e-08,2.17954e-11,1.64462e-15,1.05405e-17,5.23327e-25,6.4554e-05
5015,0.00032896,0.000288327,6.46155e-05,1.04898e-06,3.22189e-09,2.60811e-12,1.67062e-14,8.27679e-22,0.000682954
5016,0,0,0,0,0,0,0,0,0
5017,0,0,0,0,0,0,0,0,0
5018,1.2521e-05,1.09734e-05,1.68306e-06,8.06459e-09,3.9444e-12,3.8192e-16,2.43972e-18,1.19619e-25,2.51855e-05
5019,0.000227978,0.000199797,4.15794e-05,5.19386e-07,1.01853e-09,4.61134e-13,2.94353e-15,1.43907e-22,0.000469874
5020,0.000211405,0.000185267,4.19831e-05,6.87745e-07,2.03377e-09,1.51642e-12,9.67132e-15,4.71268e-22,0.000439344
5021,0.000170678,0.000149573,3.27745e-05,4.77552e-07,1.13927e-09,6.05718e-13,3.86132e-15,1.87823e-22,0.000353505
5022,0,0,0,0,0,0,0,0,0
5023,8.75006e-05,7.6677e-05,1.54009e-05,1.73249e-07,2.99644e-10,1.24859e-13,7.94619e-16,3.84057e-23,0.000179752
5024,1.33514e-05,1.16994e-05,1.65006e-06,4.15221e-09,1.37911e-14,2.32841e-15,1.47972e-17,7.11284e-25,2.67051e-05
5025,0,0,0,0,0,0,0,0,0
5026,0.000322604,0.000282675,6.31167e-05,1.01055e-06,2.99745e-09,2.26238e-12,1.43608e-14,6.87244e-22,0.00066941
5027,0,0,0,0,0,0,0,0,0
5028,7.99349e-05,7.00379e-05,1.2661e-05,1.22318e-07,4.93495e-10,9.26227e-13,5.86903e-15,2.7898e-22,0.000162757
5029,0.000197091,0.000172683,3.62125e-05,4.79777e-07,1.10264e-09,6.46235e-13,4.09089e-15,1.93737e-22,0.000406467
5030,0.000379601,0.000332582,7.50508e-05,1.22927e-06,3.70583e-09,2.82097e-12,1.78429e-14,8.42337e-22,0.000788467
5031,0,0,0,0,0,0,0,0,0
5032,0.000343422,0.00030087,7.27929e-05,1.46398e-06,5.80014e-09,5.92502e-12,3.74199e-14,1.75638e-21,0.000718555
5033,0,0,0,0,0,0,0,0,0
5034,0.000130837,0.000114619,2.24665e-05,2.37339e-07,3.76899e-10,1.36082e-13,8.57856e-16,3.9983e-23,0.000268161
5035,0.000210516,0.000184418,4.17048e-05,6.78828e-07,1.9796e-09,1.43823e-12,9.06093e-15,4.21308e-22,0.00043732
5036,0.000147582,0.000129282,2.60047e-05,3.02417e-07,5.76402e-10,2.75773e-13,1.73595e-15,8.04625e-23,0.000303171
5037,0.000319203,0.000279613,6.0313e-05,8.45184e-07,1.91929e-09,9.72527e-13,6.11516e-15,2.82251e-22,0.000659976
5038,0.000439169,0.000384695,9.60709e-05,2.12543e-06,9.51519e-09,1.08153e-11,6.79707e-14,3.13112e-21,0.00092207
5039,0.00121148,0.00106118,0.000286975,8.64648e-06,6.50033e-08,1.35178e-10,8.48613e-13,3.89268e-20,0.00256835
5040,0.00079551,0.000696799,0.000188858,5.40625e-06,3.52362e-08,6.10175e-11,3.82829e-13,1.75217e-20,0.00168661
5041,0.000271787,0.000238054,5.08043e-05,6.93208e-07,1.58667e-09,8.97376e-13,5.6236e-15,2.56232e-22,0.00056134
5042,0.000481214,0.000421481,0.000106688,2.47099e-06,1.19484e-08,1.5067e-11,9.4381e-14,4.29351e-21,0.00101187
5043,0.00105873,0.000927277,0.000261076,8.40007e-06,6.42012e-08,1.30161e-10,8.14366e-13,3.68768e-20,0.00225555
5044,0,0,0,0,0,0,0,0,0
5045,0,0,0,0,0,0,0,0,0
5046,0,0,0,0,0,0,0,0,0
5047,0.000232137,0.000203292,4.57715e-05,8.4605e-07,4.18548e-09,6.99364e-12,4.36085e-14,1.94932e-21,0.00048205
5048,0.000149569,0.000130981,2.82473e-05,3.97148e-07,9.40475e-10,5.4479e-13,3.39395e-15,1.51189e-22,0.000309196
5049,1.40873e-05,1.23363e-05,1.92768e-06,9.94271e-09,5.65743e-12,7.05066e-16,4.38983e-18,1.95109e-25,2.83613e-05
5050,0.000313116,0.000274187,6.53941e-05,1.2584e-06,4.66076e-09,4.37924e-12,2.72323e-14,1.20469e-21,0.00065396
5051,0,0,0,0,0,0,0,0,0
5052,0,0,0,0,0,0,0,0,0
5053,0,0,0,0,0,0,0,0,0
5054,0,0,0,0,0,0,0,0,0
5055,0.000195901,0.000171524,3.54469e-05,4.43779e-07,9.13103e-10,4.54041e-13,2.81205e-15,1.22487e-22,0.000403316
5056,0.00012429,0.000108823,2.28418e-05,2.94302e-07,6.07218e-10,2.94735e-13,1.82504e-15,7.94345e-23,0.000256249
5057,0,0,0,0,0,0,0,0,0
5058,1.20312e-05,1.05332e-05,1.60237e-06,7.50865e-09,3.54397e-12,3.23376e-16,1.99793e-18,8.62198e-26,2.41743e-05
5059,0.000987897,0.000864873,0.000232417,6.71328e-06,4.61742e-08,8.59137e-11,5.30273e-13,2.27963e-20,0.00209195
5060,0,0,0,0,0,0,0,0,0
5061,0.000362357,0.00031722,7.01341e-05,1.06246e-06,2.74583e-09,1.66639e-12,1.02721e-14,4.39448e-22,0.000750776
5062,0.000295785,0.000258931,5.55886e-05,7.67217e-07,1.73279e-09,9.13739e-13,5.62575e-15,2.39562e-22,0.000611074
5063,0.000112021,9.80631e-05,2.01539e-05,2.38614e-07,4.02009e-10,1.25208e-13,7.70774e-16,3.28033e-23,0.000230477
5064,0,0,0,0,0,0,0,0,0
5065,0.00333551,0.00291974,0.000861319,3.32513e-05,3.51045e-07,1.0662e-09,6.55246e-12,2.77082e-19,0.00715017
5066,0.00317098,0.00277564,0.000906861,4.65574e-05,6.96406e-07,2.94114e-09,1.80578e-11,7.60815e-19,0.00690074
5067,0.000353114,0.00030908,7.16263e-05,1.30824e-06,4.72809e-09,4.4315e-12,2.71839e-14,1.14141e-21,0.000735134
5068,0.000282336,0.000247122,5.78606e-05,1.0434e-06,3.40419e-09,2.58619e-12,1.58506e-14,6.6334e-22,0.000588366
5069,1.49817e-06,1.31129e-06,1.48347e-07,2.66298e-10,2.64007e-14,1.79961e-19,1.10215e-21,4.59931e-29,2.95807e-06
5070,0.000413147,0.000361602,8.94298e-05,1.92889e-06,8.38165e-09,9.28636e-12,5.68335e-14,2.36538e-21,0.000866115
5071,0,0,0,0,0,0,0,0,0
5072,0,0,0,0,0,0,0,0,0
5073,0.000107587,9.41558e-05,1.84014e-05,1.98897e-07,3.4907e-10,1.54557e-13,9.43071e-16,3.88021e-23,0.000220344
5074,0,0,0,0,0,0,0,0,0
5075,0,0,0,0,0,0,0,0,0
5076,8.13845e-05,7.12191e-05,1.40161e-05,1.45834e-07,2.09754e-10,6.09844e-14,3.71268e-16,1.51434e-23,0.000166766
5077,0.000140617,0.000123049,2.62082e-05,3.53372e-07,7.7199e-10,3.91937e-13,2.38345e-15,9.68061e-23,0.000290229
5078,3.55653e-05,3.11211e-05,5.26318e-06,2.90165e-08,3.27331e-12,1.41486e-14,8.59697e-17,3.48073e-24,7.19787e-05
5079,5.20302e-05,4.55282e-05,8.42946e-06,7.25202e-08,7.91496e-11,1.65328e-14,1.00429e-16,4.062e-24,0.00010606
5080,0,0,0,0,0,0,0,0,0
5081,0,0,0,0,0,0,0,0,0
5082,0.000740725,0.000648095,0.000160828,3.59585e-06,1.73242e-08,2.25382e-11,1.3646e-13,5.45034e-21,0.00155326
5083,0.000176291,0.000154241,3.39528e-05,5.11104e-07,1.33884e-09,8.66299e-13,5.24095e-15,2.08694e-22,0.000364998
5084,0.000290912,0.000254522,5.47193e-05,7.66986e-07,1.81818e-09,1.04973e-12,6.34833e-15,2.52432e-22,0.000600923
5085,8.91294e-05,7.7979e-05,1.53335e-05,1.5321e-07,1.76317e-10,2.47332e-14,1.49485e-16,5.93023e-24,0.000182595
5086,0.000164071,0.00014354,3.07301e-05,4.34743e-07,1.06433e-09,6.42786e-13,3.88088e-15,1.53345e-22,0.000338777
5087,0.000343326,0.000300354,7.23782e-05,1.44398e-06,5.6386e-09,5.59487e-12,3.37422e-14,1.32762e-21,0.000717508
5088,6.57749e-05,5.75418e-05,1.10337e-05,1.07135e-07,1.45373e-10,4.31308e-14,2.60027e-16,1.02172e-23,0.000134458
5089,0,0,0,0,0,0,0,0,0
5090,0,0,0,0,0,0,0,0,0
5091,0.000211737,0.000185218,3.80945e-05,4.64209e-07,8.90813e-10,3.97645e-13,2.39102e-15,9.3009e-23,0.000435515
5092,0,0,0,0,0,0,0,0,0
5093,0,0,0,0,0,0,0,0,0
5094,0.000585917,0.000512496,0.000121566,2.33058e-06,8.77548e-09,8.5497e-12,5.12873e-14,1.97704e-21,0.00122232
5095,0.000286668,0.000250738,5.36344e-05,7.38282e-07,1.68963e-09,9.24001e-13,5.53757e-15,2.12689e-22,0.00059178
5096,0.000123579,0.000108085,2.1712e-05,2.08635e-07,7.28064e-11,3.10511e-13,1.85827e-15,7.09873e-23,0.000253585
5097,0.000434693,0.000380189,8.05861e-05,1.10902e-06,2.67278e-09,1.6147e-12,9.65766e-15,3.6811e-22,0.00089658
5098,0.000164356,0.000143746,3.13187e-05,4.57462e-07,1.15022e-09,7.13048e-13,4.26323e-15,1.6227e-22,0.000339879
5099,0,0,0,0,0,0,0,0,0
5100,5.57794e-05,4.87819e-05,9.15423e-06,8.36095e-08,1.0592e-10,3.03091e-14,1.80877e-16,6.83573e-24,0.000113799
5101,0.00131168,0.0011471,0.000277295,5.66045e-06,2.34128e-08,2.53058e-11,1.5086e-13,5.67835e-21,0.00274176
5102,0.000764284,0.000668372,0.00017426,4.58551e-06,2.7391e-08,4.32062e-11,2.57424e-13,9.6681e-21,0.00161153
5103,0,0,0,0,0,0,0,0,0
5104,3.8029e-05,3.32547e-05,5.42949e-06,3.19496e-08,2.04202e-11,2.37827e-15,1.41427e-17,5.27282e-25,7.67452e-05
5105,0,0,0,0,0,0,0,0,0
5106,0.000562339,0.000491712,0.000126618,3.11371e-06,1.64162e-08,2.25602e-11,1.33912e-13,4.95779e-21,0.0011838
5107,0.000295579,0.000258449,5.55834e-05,7.80827e-07,1.84681e-09,1.04558e-12,6.20039e-15,2.28715e-22,0.000610394
5108,0,0,0,0,0,0,0,0,0
5109,0.000301094,0.000263258,6.22563e-05,1.17548e-06,4.26444e-09,3.92904e-12,2.32654e-14,8.53396e-22,0.000627787
5110,0,0,0,0,0,0,0,0,0
5111,0.000592816,0.000518298,0.00012478,2.59645e-06,1.14345e-08,1.32962e-11,7.8608e-14,2.86607e-21,0.0012385
5112,2.6002e-05,2.27329e-05,3.7113e-06,1.93926e-08,4.83852e-12,7.96826e-16,4.70774e-18,1.71205e-25,5.24656e-05
5113,0.000342529,0.000299455,6.39984e-05,9.04603e-07,2.25633e-09,1.40578e-12,8.29689e-15,3.0053e-22,0.00070689
5114,0.000366513,0.000320414,7.778e-05,1.59243e-06,6.4621e-09,6.67672e-12,3.93704e-14,1.42118e-21,0.000766306
5115,0.00023856,0.000208552,4.23551e-05,5.04255e-07,9.27456e-10,3.55467e-13,2.09514e-15,7.55009e-23,0.000489972
5116,3.83112e-05,3.34912e-05,5.92057e-06,4.40239e-08,3.83625e-11,6.09426e-15,3.58886e-17,1.28898e-24,7.7767e-05
5117,0,0,0,0,0,0,0,0,0
5118,4.93199e-06,4.31129e-06,5.48233e-07,1.21643e-09,5.89419e-14,1.5444e-19,9.08057e-22,3.24185e-29,9.79273e-06
5119,0.000499092,0.000436266,9.91078e-05,1.68127e-06,5.32657e-09,4.23417e-12,2.48723e-14,8.84791e-22,0.00103615
5120,0.000237976,0.000208014,4.33768e-05,5.5445e-07,1.15197e-09,5.74626e-13,3.37253e-15,1.19574e-22,0.000489922
5121,3.28687e-06,2.87296e-06,3.63538e-07,9.57751e-10,1.93241e-13,6.58657e-18,3.86206e-20,1.36436e-27,6.52433e-06
5122,0.000243494,0.000212824,4.87812e-05,8.33451e-07,2.58609e-09,1.9548e-12,1.14489e-14,4.02685e-22,0.000505935
5123,0.000236148,0.0002064,4.27384e-05,5.27701e-07,9.97563e-10,4.09672e-13,2.39836e-15,8.42204e-23,0.000485815
5124,0,0,0,0,0,0,0,0,0
5125,0,0,0,0,0,0,0,0,0
5126,0.000277442,0.000242475,5.65751e-05,1.02267e-06,3.44784e-09,2.86853e-12,1.67534e-14,5.82965e-22,0.000577518
5127,4.27586e-05,3.73686e-05,6.74489e-06,5.45848e-08,5.77244e-11,1.33303e-14,7.77947e-17,2.69907e-24,8.69267e-05
5128,2.54795e-06,2.22672e-06,2.59857e-07,4.45895e-10,1.17067e-14,1.94703e-18,1.13544e-20,3.92828e-28,5.03497e-06
5129,0,0,0,0,0,0,0,0,0
5130,0.000269992,0.000235938,5.07345e-05,7.30029e-07,1.86355e-09,1.1922e-12,6.93906e-15,2.38296e-22,0.000557397
5131,0.000390412,0.000341161,7.18916e-05,9.50068e-07,2.07339e-09,1.09774e-12,6.38417e-15,2.18579e-22,0.000804417
5132,0.000481194,0.00042048,9.23184e-05,1.44585e-06,4.28592e-09,3.27634e-12,1.9037e-14,6.49507e-22,0.000995442
5133,0.000155044,0.000135477,2.68737e-05,2.98259e-07,5.24447e-10,2.28541e-13,1.32627e-15,4.50339e-23,0.000317694
5134,0.00019736,0.000172447,3.81513e-05,5.82965e-07,1.49763e-09,8.59367e-13,4.9831e-15,1.68687e-22,0.000408543
5135,0.000379842,0.00033189,8.08576e-05,1.67787e-06,6.94618e-09,7.32214e-12,4.24438e-14,1.43496e-21,0.000794274
5136,0.000549086,0.000479752,0.000107279,1.77441e-06,5.65111e-09,4.6824e-12,2.71119e-14,9.12708e-22,0.0011379
5137,0.000398095,0.000347821,7.95211e-05,1.39065e-06,4.73624e-09,4.17749e-12,2.41736e-14,8.11882e-22,0.000826833
5138,4.44176e-05,3.88072e-05,7.049e-06,5.85395e-08,6.54059e-11,1.65691e-14,9.58047e-17,3.2081e-24,9.03324e-05
5139,6.02895e-05,5.26731e-05,9.97687e-06,9.44766e-08,1.27581e-10,3.98473e-14,2.30216e-16,7.68502e-24,0.000123034
5140,7.25635e-05,6.3394e-05,1.23063e-05,1.25611e-07,1.8757e-10,6.44771e-14,3.7204e-16,1.23591e-23,0.00014839
5141,0,0,0,0,0,0,0,0,0
5142,0.000152262,0.000133016,2.62315e-05,2.82066e-07,4.42988e-10,1.42882e-13,8.23276e-16,2.72008e-23,0.000311792
5143,0.000145974,0.000127518,2.71089e-05,3.62883e-07,7.61886e-10,3.44037e-13,1.98013e-15,6.5146e-23,0.000300965
5144,0,0,0,0,0,0,0,0,0
5145,0.000262354,0.000229171,5.10404e-05,8.29242e-07,2.52459e-09,1.93568e-12,1.11217e-14,3.63488e-22,0.000543397
5146,0,0,0,0,0,0,0,0,0
5147,1.51362e-05,1.32212e-05,2.06264e-06,1.05349e-08,5.59823e-12,5.66529e-16,3.25007e-18,1.056e-25,3.04306e-05
5148,0.000635708,0.000555267,0.000131948,2.53722e-06,9.42623e-09,8.82195e-12,5.05818e-14,1.63998e-21,0.00132547
5149,0,0,0,0,0,0,0,0,0
5150,0,0,0,0,0,0,0,0,0
5151,0,0,0,0,0,0,0,0,0
5152,2.90744e-05,2.53928e-05,4.34219e-06,2.97855e-08,2.49385e-11,4.4715e-15,2.55547e-17,8.18293e-25,5.88393e-05
5153,0.000221248,0.000193226,3.81515e-05,4.05228e-07,5.84796e-10,2.09444e-13,1.19547e-15,3.80955e-23,0.000453031
5154,0.000152318,0.000133022,2.85567e-05,3.99731e-07,9.39601e-10,5.30526e-13,3.02583e-15,9.61408e-23,0.000314298
5155,0.00030735,0.000268407,5.96236e-05,9.58993e-07,2.90536e-09,2.24324e-12,1.27819e-14,4.04625e-22,0.000636342
5156,3.03628e-05,2.65148e-05,4.53397e-06,3.06269e-08,2.36661e-11,3.44402e-15,1.96064e-17,6.18545e-25,6.14422e-05
5157,0.000131246,0.000114612,2.31471e-05,2.77504e-07,5.45072e-10,2.5511e-13,1.45185e-15,4.57474e-23,0.000269283
5158,0.000200779,0.000175326,3.71374e-05,5.1026e-07,1.16688e-09,5.83892e-13,3.31902e-15,1.04108e-22,0.000413754
5159,0,0,0,0,0,0,0,0,0
5160,0.000694819,0.000606709,0.000137856,2.49383e-06,9.6999e-09,1.03192e-11,5.85907e-14,1.8298e-21,0.00144189
5161,0,0,0,0,0,0,0,0,0
5162,9.02206e-05,7.8776e-05,1.57357e-05,1.76069e-07,3.006e-10,1.19876e-13,6.79435e-16,2.1076e-23,0.000184909
5163,0.000706958,0.000617262,0.000148929,3.01476e-06,1.21338e-08,1.24746e-11,7.06404e-14,2.18373e-21,0.00147618
5164,6.90344e-05,6.0274e-05,1.15962e-05,1.15178e-07,1.64572e-10,5.33069e-14,3.01604e-16,9.29286e-24,0.00014102
5165,0,0,0,0,0,0,0,0,0
5166,0,0,0,0,0,0,0,0,0
5167,0.000323175,0.000282139,6.2015e-05,9.55958e-07,2.70623e-09,1.96186e-12,1.10673e-14,3.37173e-22,0.000668288
5168,4.93548e-05,4.30872e-05,7.87688e-06,6.58007e-08,6.95047e-11,1.43534e-14,8.09335e-17,2.46135e-24,0.000100385
5169,0,0,0,0,0,0,0,0,0
5170,4.10571e-05,3.58409e-05,6.32451e-06,4.5843e-08,3.42463e-11,3.05281e-15,1.71785e-17,5.18362e-25,8.32685e-05
5171,2.96351e-05,2.58699e-05,4.36253e-06,2.73895e-08,1.65148e-11,1.12173e-15,6.31083e-18,1.90281e-25,5.98949e-05
5172,3.01143e-05,2.62875e-05,4.50428e-06,3.1026e-08,2.57542e-11,4.43485e-15,2.49294e-17,7.49235e-25,6.09371e-05
5173,0,0,0,0,0,0,0,0,0
5174,0.000154987,0.000135282,2.87039e-05,3.97746e-07,9.40866e-10,5.38646e-13,3.02086e-15,8.99886e-23,0.000319372
5175,0.000555806,0.000485141,0.000124163,3.0147e-06,1.55993e-08,2.07799e-11,1.16533e-13,3.47075e-21,0.00116814
5176,0,0,0,0,0,0,0,0,0
5177,5.78878e-07,5.05244e-07,1.88692e-08,6.04046e-10,4.07616e-12,2.0745e-15,1.16075e-17,3.42734e-25,1.1036e-06
5178,0.000169071,0.000147564,2.92295e-05,3.19703e-07,5.315e-10,2.07842e-13,1.16267e-15,3.42989e-23,0.000346185
5179,0,0,0,0,0,0,0,0,0
5180,0,0,0,0,0,0,0,0,0
5181,0.000242947,0.000212026,4.84656e-05,8.28745e-07,2.61004e-09,2.04182e-12,1.13935e-14,3.32906e-22,0.00050427
5182,1.89637e-05,1.65495e-05,2.65418e-06,1.47865e-08,8.80949e-12,9.83421e-16,5.48111e-18,1.59435e-25,3.81821e-05
5183,0,0,0,0,0,0,0,0,0
5184,0.000304962,0.000266121,5.8861e-05,9.29166e-07,2.65034e-09,1.77096e-12,9.85026e-15,2.84282e-22,0.000630876
5185,0,0,0,0,0,0,0,0,0
5186,0.00054635,0.000476745,0.000121635,2.92789e-06,1.4962e-08,1.96251e-11,1.09013e-13,3.13028e-21,0.00114767
5187,0,0,0,0,0,0,0,0,0
5188,0.000802669,0.000700381,0.000173103,3.81975e-06,1.76118e-08,2.08247e-11,1.1553e-13,3.30137e-21,0.00167999
5189,0.000155575,0.000135745,2.56173e-05,2.4773e-07,3.66143e-10,1.31907e-13,7.31128e-16,2.08204e-23,0.000317186
5190,0,0,0,0,0,0,0,0,0
5191,0,0,0,0,0,0,0,0,0
5192,0,0,0,0,0,0,0,0,0
5193,0.00044568,0.000388835,9.58295e-05,2.03585e-06,8.16878e-09,7.2722e-12,4.01768e-14,1.12992e-21,0.000932388
5194,0,0,0,0,0,0,0,0,0
5195,0.000219275,0.000191294,4.06295e-05,5.71896e-07,1.43872e-09,9.08191e-13,5.00599e-15,1.39555e-22,0.000451771
5196,0.000786206,0.000685872,0.000175683,4.41784e-06,2.47834e-08,3.56505e-11,1.96451e-13,5.47055e-21,0.0016522
5197,0.000501709,0.000437668,9.68786e-05,1.54307e-06,4.66597e-09,3.68162e-12,2.02654e-14,5.61986e-22,0.0010378
5198,0,0,0,0,0,0,0,0,0
5199,0,0,0,0,0,0,0,0,0
5200,0.000398935,0.000347983,7.96423e-05,1.40959e-06,4.88792e-09,4.33898e-12,2.38197e-14,6.53777e-22,0.000827975
5201,5.73076e-05,4.99871e-05,8.504e-06,5.76052e-08,4.70962e-11,8.07146e-15,4.42791e-17,1.21207e-24,0.000115856
5202,0.000219285,0.000191271,4.30062e-05,6.9782e-07,2.01766e-09,1.40647e-12,7.71197e-15,2.10712e-22,0.000454263
5203,0.00020247,0.000176597,3.39107e-05,3.36703e-07,4.80535e-10,1.52771e-13,8.36646e-16,2.27519e-23,0.000413315
5204,0.000226988,0.000197979,4.47269e-05,7.37409e-07,2.20087e-09,1.61361e-12,8.83242e-15,2.39723e-22,0.000470433
5205,0,0,0,0,0,0,0,0,0
5206,0,0,0,0,0,0,0,0,0
5207,0.00016889,0.000147295,2.91586e-05,3.19687e-07,5.3327e-10,2.06043e-13,1.12515e-15,3.02625e-23,0.000345663
5208,0,0,0,0,0,0,0,0,0
5209,0.000461433,0.000402409,8.82611e-05,1.37011e-06,3.99715e-09,3.02285e-12,1.64744e-14,4.39748e-22,0.000953477
5210,0.000620656,0.000541244,0.000135791,3.21151e-06,1.65527e-08,2.1941e-11,1.19431e-13,3.17295e-21,0.00130092
5211,0,0,0,0,0,0,0,0,0
5212,0,0,0,0,0,0,0,0,0
5213,9.66026e-05,8.42357e-05,1.68227e-05,1.85711e-07,2.90487e-10,8.98212e-14,4.87704e-16,1.28338e-23,0.000197847
5214,0.000120106,0.000104728,2.16715e-05,2.71797e-07,5.44294e-10,2.5451e-13,1.38103e-15,3.62524e-23,0.000246778
5215,0.000265074,0.000231128,4.74605e-05,6.02362e-07,1.31233e-09,7.09331e-13,3.84483e-15,1.00507e-22,0.000544267
5216,0,0,0,0,0,0,0,0,0
5217,0.00015458,0.000134779,2.88883e-05,4.05373e-07,9.60951e-10,5.47687e-13,2.96525e-15,7.71739e-23,0.000318653
5218,0.000201662,0.000175825,3.5638e-05,4.21872e-07,7.92911e-10,3.56394e-13,1.92799e-15,5.00212e-23,0.000413548
5219,0,0,0,0,0,0,0,0,0
5220,0,0,0,0,0,0,0,0,0
5221,0.000586419,0.00051124,0.000122652,2.59068e-06,1.17542e-08,1.36741e-11,7.37487e-14,1.89122e-21,0.00122291
5222,4.85097e-05,4.22902e-05,7.64532e-06,6.09481e-08,5.56035e-11,7.38533e-15,3.98175e-17,1.01973e-24,9.85063e-05
5223,0,0,0,0,0,0,0,0,0
5224,0.000287063,0.000250248,5.8356e-05,1.06627e-06,3.69075e-09,3.17775e-12,1.71091e-14,4.35866e-22,0.000596738
5225,0,0,0,0,0,0,0,0,0
5226,5.32428e-05,4.64112e-05,8.59545e-06,7.65732e-08,9.49801e-11,2.68198e-14,1.4407e-16,3.63828e-24,0.000108326
5227,0,0,0,0,0,0,0,0,0
5228,0,0,0,0,0,0,0,0,0
5229,0,0,0,0,0,0,0,0,0
5230,0,0,0,0,0,0,0,0,0
5231,0,0,0,0,0,0,0,0,0
5232,0.000514686,0.000448578,0.000103369,1.83041e-06,6.12424e-09,5.1279e-12,2.74097e-14,6.79167e-22,0.00106847
5233,0.000387475,0.000337695,8.19851e-05,1.69989e-06,7.04505e-09,7.35858e-12,3.92939e-14,9.69914e-22,0.000808862
5234,6.39025e-05,5.56921e-05,1.00226e-05,8.39288e-08,9.74421e-11,2.48878e-14,1.32845e-16,3.27407e-24,0.000129701
5235,0.00012839,0.000111891,2.33448e-05,3.01398e-07,6.321e-10,3.1263e-13,1.66698e-15,4.09183e-23,0.000263928
5236,3.77783e-05,3.29228e-05,5.27894e-06,1.80261e-08,1.65663e-11,1.57722e-13,8.40478e-16,2.0582e-23,7.5998e-05
5237,8.48435e-05,7.39375e-05,1.4281e-05,1.35362e-07,1.28069e-10,2.60347e-15,1.38656e-17,3.38808e-25,0.000173197
5238,0.000205551,0.000179122,3.42845e-05,3.35944e-07,4.57332e-10,1.26944e-13,6.75144e-16,1.64096e-23,0.000419293
5239,8.09695e-05,7.05566e-05,1.3829e-05,1.47278e-07,2.36257e-10,8.83852e-14,4.69694e-16,1.13811e-23,0.000165503
5240,0.000586326,0.000510916,0.000131177,3.23822e-06,1.71812e-08,2.33544e-11,1.24048e-13,3.00005e-21,0.00123167
5241,0.000237238,0.000206718,4.28278e-05,5.43838e-07,1.12282e-09,5.45643e-13,2.89489e-15,6.97058e-23,0.000487328
5242,0,0,0,0,0,0,0,0,0
5243,0.000142762,0.000124389,2.63321e-05,3.56518e-07,8.04292e-10,4.33946e-13,2.29837e-15,5.49818e-23,0.00029384
5244,0.000788317,0.000686854,0.000174256,4.29268e-06,2.39166e-08,3.5229e-11,1.86472e-13,4.45018e-21,0.00165374
5245,2.14684e-06,1.87046e-06,2.02302e-07,2.07343e-10,1.8763e-14,2.23759e-17,1.18326e-19,2.81351e-27,4.2198e-06
5246,3.31971e-05,2.89225e-05,4.51782e-06,2.28809e-08,1.0701e-11,5.83061e-16,3.0802e-18,7.29599e-26,6.66603e-05
5247,0,0,0,0,0,0,0,0,0
5248,0,0,0,0,0,0,0,0,0
5249,0.000569478,0.000496117,0.000116836,2.24275e-06,8.62303e-09,8.55755e-12,4.51146e-14,1.06018e-21,0.00118468
5250,0,0,0,0,0,0,0,0,0
5251,0.000158526,0.000138098,2.96404e-05,4.19237e-07,1.00652e-09,5.80197e-13,3.0538e-15,7.132e-23,0.000326685
5252,0,0,0,0,0,0,0,0,0
5253,0.000562047,0.000489587,0.000105601,1.55544e-06,4.16595e-09,2.83144e-12,1.48702e-14,3.44366e-22,0.00115879
5254,0,0,0,0,0,0,0,0,0
5255,8.33284e-06,7.2582e-06,1.03861e-06,4.121e-09,1.56911e-12,1.16511e-16,6.10947e-19,1.40645e-26,1.66338e-05
5256,0,0,0,0,0,0,0,0,0
5257,0,0,0,0,0,0,0,0,0
5258,0,0,0,0,0,0,0,0,0
5259,0.000944433,0.00082256,0.000203882,4.46449e-06,1.91628e-08,1.92401e-11,1.00594e-13,2.28985e-21,0.00197536
5260,0,0,0,0,0,0,0,0,0
5261,8.77331e-05,7.64067e-05,1.39727e-05,1.2251e-07,1.55212e-10,4.64855e-14,2.42515e-16,5.47472e-24,0.000178235
5262,0.000325032,0.000283064,6.6519e-05,1.26201e-06,4.62694e-09,4.20107e-12,2.19056e-14,4.93523e-22,0.000675881
5263,0,0,0,0,0,0,0,0,0
5264,0.000179353,0.000156187,3.29363e-05,4.55995e-07,1.09748e-09,6.33863e-13,3.29982e-15,7.38848e-23,0.000368934
5265,3.02305e-05,2.63253e-05,4.25212e-06,2.58426e-08,2.00272e-11,3.54132e-15,1.84218e-17,4.11283e-25,6.08338e-05
5266,3.46925e-05,3.02101e-05,5.24044e-06,3.77513e-08,3.30888e-11,5.84014e-15,3.03545e-17,6.75496e-25,7.01809e-05
5267,3.36323e-06,2.9286e-06,3.27223e-07,2.72974e-10,3.36393e-13,3.88877e-16,2.01934e-18,4.47778e-26,6.61932e-06
5268,0.000107641,9.37277e-05,1.73982e-05,1.57567e-07,2.03044e-10,6.0704e-14,3.14882e-16,6.95365e-24,0.000218924
5269,0,0,0,0,0,0,0,0,0
5270,9.24085e-05,8.04603e-05,1.59859e-05,1.76921e-07,2.92236e-10,1.06532e-13,5.518e-16,1.21181e-23,0.000189032
5271,0.000231904,0.000201913,4.54054e-05,7.35819e-07,2.05724e-09,1.27797e-12,6.61256e-15,1.44637e-22,0.00047996
5272,0.000210452,0.000183233,3.71067e-05,4.37484e-07,8.02127e-10,3.38883e-13,1.75293e-15,3.8297e-23,0.00043123
5273,0.000381605,0.00033224,7.78811e-05,1.49923e-06,5.77369e-09,5.57744e-12,2.88211e-14,6.27229e-22,0.000793231
5274,5.9777e-05,5.20423e-05,9.1744e-06,7.25742e-08,7.96275e-11,1.98856e-14,1.02639e-16,2.22384e-24,0.000121066
5275,0.00019755,0.000171984,3.79818e-05,5.887e-07,1.61177e-09,1.06891e-12,5.5122e-15,1.19019e-22,0.000408106
5276,0.000846977,0.000737347,0.00018626,4.51889e-06,2.45849e-08,3.51802e-11,1.81272e-13,3.90188e-21,0.00177513
5277,0,0,0,0,0,0,0,0,0
5278,0.000127346,0.000110858,2.14268e-05,2.26653e-07,4.04697e-10,2.1224e-13,1.09207e-15,2.33808e-23,0.000259858
5279,0.000123313,0.000107345,2.22068e-05,2.80259e-07,5.68127e-10,2.68265e-13,1.37959e-15,2.94743e-23,0.000253145
5280,0,0,0,0,0,0,0,0,0
5281,8.07561e-06,7.0295e-06,1.00047e-06,3.91809e-09,1.46964e-12,1.07272e-16,5.50702e-19,1.16873e-26,1.61095e-05
5282,0.000117548,0.000102317,2.0951e-05,2.53677e-07,4.67177e-10,1.83876e-13,9.42935e-16,1.99277e-23,0.00024107
5283,0.000427459,0.000372061,9.11552e-05,1.94838e-06,8.35146e-09,8.82356e-12,4.51988e-14,9.51229e-22,0.000892631
5284,0.000251092,0.000218545,4.98033e-05,8.50178e-07,2.65117e-09,1.99246e-12,1.01973e-14,2.13875e-22,0.000520293
5285,6.10676e-05,5.31517e-05,9.98277e-06,9.31868e-08,1.22396e-10,3.57575e-14,1.82992e-16,3.83692e-24,0.000124295
5286,4.34234e-06,3.77928e-06,4.74207e-07,1.09632e-09,9.68766e-14,2.89364e-20,1.4786e-22,3.08232e-30,8.59692e-06
5287,0,0,0,0,0,0,0,0,0
5288,0.00023312,0.000202884,4.14011e-05,5.1031e-07,1.01199e-09,4.59152e-13,2.34299e-15,4.85868e-23,0.000477916
5289,7.38579e-06,6.42763e-06,8.90479e-07,3.05999e-09,7.50256e-13,1.10004e-17,5.60786e-20,1.15857e-27,1.4707e-05
5290,1.3908e-05,1.21036e-05,1.74597e-06,7.79713e-09,4.97644e-12,9.65973e-16,4.92256e-18,1.0155e-25,2.77654e-05
5291,0.000288231,0.000250828,5.22504e-05,7.45545e-07,2.05353e-09,1.43079e-12,7.28346e-15,1.49639e-22,0.000592057
5292,7.9704e-05,6.93593e-05,1.29344e-05,1.22656e-07,1.7405e-10,5.73552e-14,2.91757e-16,5.97768e-24,0.00016212
5293,7.3198e-06,6.36961e-06,1.35628e-06,3.42786e-08,1.47479e-10,1.13814e-13,5.7816e-16,1.17834e-23,1.50801e-05
5294,0.000801392,0.00069734,0.000163459,3.23212e-06,1.37811e-08,1.56694e-11,7.95557e-14,1.61807e-21,0.00166544
5295,9.49819e-05,8.2647e-05,1.64656e-05,1.84609e-07,3.13173e-10,1.19444e-13,6.05856e-16,1.22773e-23,0.000194279
5296,0.000239701,0.000208569,4.56422e-05,7.08566e-07,1.98738e-09,1.32907e-12,6.73879e-15,1.36353e-22,0.000494623
5297,6.5605e-05,5.70831e-05,1.0664e-05,9.37144e-08,9.23133e-11,9.8062e-15,4.96818e-17,1.00226e-24,0.000133446
5298,6.92528e-05,6.02556e-05,1.15186e-05,1.14165e-07,1.65543e-10,5.51898e-14,2.79408e-16,5.62089e-24,0.000141141
5299,2.42972e-05,2.114e-05,3.39844e-06,1.76501e-08,5.38305e-12,1.73802e-16,8.79109e-19,1.76239e-26,4.88533e-05
5300,0.000382807,0.000333054,7.31434e-05,1.11602e-06,2.97682e-09,1.89578e-12,9.57984e-15,1.91346e-22,0.000790123
5301,0.00010224,8.89489e-05,1.67941e-05,1.64888e-07,2.47491e-10,8.789e-14,4.4368e-16,8.82754e-24,0.000208148
5302,0.000346794,0.000301702,6.53955e-05,9.59565e-07,2.43427e-09,1.48381e-12,7.48257e-15,1.48272e-22,0.000714853
5303,8.43568e-05,7.33876e-05,1.43785e-05,1.53109e-07,2.4109e-10,8.44404e-14,4.25668e-16,8.42362e-24,0.000172276
5304,0,0,0,0,0,0,0,0,0
5305,0,0,0,0,0,0,0,0,0
5306,0,0,0,0,0,0,0,0,0
5307,6.83207e-05,5.94306e-05,1.10347e-05,1.02371e-07,1.36268e-10,4.0026e-14,2.01111e-16,3.92995e-24,0.000138889
5308,0,0,0,0,0,0,0,0,0
5309,0,0,0,0,0,0,0,0,0
5310,0.000232605,0.000202322,4.42745e-05,6.88873e-07,1.94956e-09,1.33596e-12,6.6965e-15,1.29659e-22,0.000479893
5311,0,0,0,0,0,0,0,0,0
5312,0.000125246,0.000108935,2.25454e-05,2.86155e-07,5.8736e-10,2.82108e-13,1.41176e-15,2.71639e-23,0.000257012
5313,0.000328521,0.000285724,6.72309e-05,1.26197e-06,4.38646e-09,3.51079e-12,1.75431e-14,3.35641e-22,0.000682741
5314,0,0,0,0,0,0,0,0,0
5315,0.000468906,0.000407807,9.64835e-05,1.91164e-06,7.56636e-09,7.18331e-12,3.58556e-14,6.83152e-22,0.000975116
5316,0,0,0,0,0,0,0,0,0
5317,2.17661e-05,1.89287e-05,3.07629e-06,1.82639e-08,1.23539e-11,1.68332e-15,8.38492e-18,1.58489e-25,4.37894e-05
5318,0,0,0,0,0,0,0,0,0
5319,5.60625e-05,4.87516e-05,7.73744e-06,4.93144e-08,1.07187e-10,9.76572e-14,4.85583e-16,9.1159e-24,0.000112601
5320,0.00052424,0.000455868,9.95313e-05,1.51153e-06,4.11849e-09,2.76033e-12,1.37157e-14,2.56803e-22,0.00108116
5321,0.000113586,9.87677e-05,1.84178e-05,1.68044e-07,2.0514e-10,4.86595e-14,2.41507e-16,4.50195e-24,0.000230939
5322,3.70333e-05,3.2202e-05,5.63317e-06,4.22485e-08,4.05012e-11,8.3378e-15,4.13775e-17,7.70989e-25,7.49108e-05
5323,0.000223948,0.000194725,4.35477e-05,7.02297e-07,2.00644e-09,1.34817e-12,6.68345e-15,1.2403e-22,0.000462925
5324,7.7149e-05,6.70806e-05,1.29666e-05,1.32705e-07,1.97924e-10,6.56829e-14,3.25381e-16,6.02152e-24,0.000157329
5325,0,0,0,0,0,0,0,0,0
5326,2.76646e-05,2.4053e-05,7.59476e-06,2.37221e-07,1.15168e-09,1.15472e-12,5.71142e-15,1.0507e-22,5.95507e-05
5327,0.000210053,0.000182623,4.05106e-05,6.38807e-07,1.78274e-09,1.18566e-12,5.85629e-15,1.07161e-22,0.000433828
5328,0.000203668,0.000177069,3.51545e-05,4.02712e-07,7.19777e-10,2.69435e-13,1.33034e-15,2.43101e-23,0.000416295
5329,0.000236951,0.000205999,4.29443e-05,5.8305e-07,1.39256e-09,8.06666e-13,3.97809e-15,7.23543e-23,0.000486479
5330,3.66446e-05,3.18573e-05,5.57053e-06,4.19343e-08,4.10277e-11,8.87437e-15,4.37441e-17,7.94231e-25,7.41143e-05
5331,0.000141855,0.000123319,2.59307e-05,3.4658e-07,7.66757e-10,3.99157e-13,1.9656e-15,3.55521e-23,0.000291451
5332,0,0,0,0,0,0,0,0,0
5333,0.000302059,0.000262575,6.09902e-05,1.11798e-06,3.88227e-09,3.27857e-12,1.61174e-14,2.89619e-22,0.000626746
5334,0.000341508,0.000296859,7.03172e-05,1.36031e-06,5.06917e-09,4.59038e-12,2.25451e-14,4.0366e-22,0.000710049
5335,0.000312531,0.000271664,6.36001e-05,1.18784e-06,4.22741e-09,3.66798e-12,1.80005e-14,3.21306e-22,0.000648986
5336,0.000144833,0.000125891,2.67012e-05,3.67476e-07,8.36095e-10,4.42717e-13,2.1709e-15,3.8633e-23,0.000297793
5337,0,0,0,0,0,0,0,0,0
5338,0.000156487,0.000136014,2.82741e-05,3.62684e-07,6.85625e-10,2.19968e-13,1.07683e-15,1.90406e-23,0.000321138
5339,0.000105321,9.15399e-05,1.717e-05,1.60108e-07,1.89961e-10,3.05481e-14,1.49423e-16,2.63377e-24,0.000214192
5340,0,0,0,0,0,0,0,0,0
5341,0.000383079,0.000332936,7.77467e-05,1.48927e-06,5.70186e-09,5.42844e-12,2.65085e-14,4.6427e-22,0.000795256
5342,0,0,0,0,0,0,0,0,0
5343,0,0,0,0,0,0,0,0,0
5344,6.41236e-06,5.57253e-06,6.92847e-07,1.01824e-09,5.76987e-13,1.54909e-15,7.54389e-18,1.3074e-25,1.26788e-05
5345,0.000118532,0.000103006,2.11127e-05,2.60825e-07,5.15121e-10,2.36111e-13,1.14927e-15,1.98799e-23,0.000242912
5346,1.02244e-05,8.88489e-06,1.21017e-06,2.93272e-09,1.68809e-13,2.25226e-15,1.09506e-17,1.88611e-25,2.03224e-05
5347,0.000418428,0.000363603,7.68247e-05,1.05297e-06,2.445e-09,1.3293e-12,6.46051e-15,1.11101e-22,0.000859912
5348,4.97686e-05,4.32465e-05,7.24885e-06,4.53409e-08,2.22285e-11,9.81942e-17,4.76632e-19,8.15703e-27,0.000100309
5349,0.000165768,0.00014404,2.81422e-05,3.00192e-07,4.83668e-10,1.79205e-13,8.69448e-16,1.48527e-23,0.000338251
5350,0.000110206,9.57588e-05,1.94321e-05,2.32979e-07,4.41978e-10,1.94675e-13,9.43759e-16,1.60735e-23,0.00022563
5351,9.82863e-06,8.53998e-06,1.23523e-06,5.02564e-09,1.83584e-12,1.02232e-16,4.95255e-19,8.41203e-27,1.96089e-05
5352,0,0,0,0,0,0,0,0,0
5353,0.000358442,0.000311427,6.25836e-05,7.36436e-07,1.37666e-09,5.966e-13,2.88451e-15,4.86246e-23,0.00073319
5354,1.28774e-05,1.11881e-05,1.68382e-06,7.83018e-09,3.60936e-12,2.94308e-16,1.42176e-18,2.38898e-26,2.57571e-05
5355,0.000138907,0.000120681,2.52666e-05,3.34069e-07,7.28613e-10,3.72979e-13,1.80018e-15,3.01435e-23,0.00028519
5356,8.80935e-05,7.65319e-05,1.46554e-05,1.51422e-07,2.40365e-10,8.83689e-14,4.26011e-16,7.10126e-24,0.000179432
5357,0,0,0,0,0,0,0,0,0
5358,0,0,0,0,0,0,0,0,0
5359,0,0,0,0,0,0,0,0,0
5360,0.000721798,0.000627004,0.000164295,4.36993e-06,2.57573e-08,3.84796e-11,1.84916e-13,3.04508e-21,0.00151749
5361,0.000284998,0.000247564,5.38325e-05,8.46449e-07,2.50373e-09,1.79447e-12,8.61823e-15,1.41589e-22,0.000587244
5362,5.40083e-05,4.69128e-05,8.62422e-06,7.59614e-08,9.22955e-11,2.47809e-14,1.18879e-16,1.94459e-24,0.000109621
5363,7.66521e-05,6.65808e-05,1.16362e-05,8.66485e-08,7.97827e-11,1.47247e-14,7.06039e-17,1.1528e-24,0.000154956
5364,0.000187311,0.000162695,3.26304e-05,3.82756e-07,7.2159e-10,3.19637e-13,1.5309e-15,2.48873e-23,0.00038302
5365,0,0,0,0,0,0,0,0,0
5366,0.000130441,0.000113293,2.35041e-05,3.025e-07,6.35907e-10,3.13223e-13,1.4979e-15,2.42089e-23,0.000267542
5367,0.000273309,0.000237377,4.97163e-05,6.60498e-07,1.45287e-09,7.42966e-13,3.55186e-15,5.73331e-23,0.000561065
5368,0,0,0,0,0,0,0,0,0
5369,2.32184e-05,2.01646e-05,2.97738e-06,1.31762e-08,7.44683e-12,2.20509e-15,1.05207e-17,1.68519e-25,4.63736e-05
5370,2.78508e-05,2.41873e-05,4.00874e-06,2.45937e-08,1.50211e-11,1.11309e-15,5.3081e-18,8.48684e-26,5.60714e-05
5371,0.000217734,0.000189085,4.20066e-05,6.67361e-07,1.87382e-09,1.23742e-12,5.89233e-15,9.36771e-23,0.000449495
5372,0.00020914,0.000181619,4.01646e-05,6.30787e-07,1.75805e-09,1.17027e-12,5.56992e-15,8.83899e-23,0.000431556
5373,0,0,0,0,0,0,0,0,0
5374,2.46776e-06,2.14293e-06,1.65631e-07,4.44247e-10,1.19478e-11,1.10909e-14,5.27162e-17,8.32247e-25,4.77678e-06
5375,0.000152239,0.000132196,2.79722e-05,3.8227e-07,8.68337e-10,4.57417e-13,2.17227e-15,3.41802e-23,0.00031279
5376,0.000116275,0.000100963,1.9247e-05,1.95224e-07,3.02759e-10,1.0758e-13,5.10223e-16,7.98755e-24,0.00023668
5377,0.000453264,0.00039357,9.66735e-05,2.1054e-06,9.32899e-09,1.02044e-11,4.83737e-14,7.55915e-22,0.000945622
5378,0.000154417,0.000134075,2.83837e-05,3.87385e-07,8.68367e-10,4.41191e-13,2.08847e-15,3.24571e-23,0.000317264
5379,0.000395761,0.000343624,8.28418e-05,1.70209e-06,6.93716e-09,6.92309e-12,3.27703e-14,5.09187e-22,0.000823936
5380,0,0,0,0,0,0,0,0,0
5381,0.000111203,9.65475e-05,1.88063e-05,2.04325e-07,3.41311e-10,1.2544e-13,5.92558e-16,9.13542e-24,0.000226762
5382,0,0,0,0,0,0,0,0,0
5383,1.38023e-05,1.19826e-05,1.79e-06,7.76901e-09,2.58025e-12,5.8312e-17,2.75012e-19,4.21354e-27,2.75827e-05
5384,0.000167691,0.000145579,2.7e-05,2.4392e-07,2.97337e-10,7.71659e-14,3.63648e-16,5.55497e-24,0.000340514
5385,0.000213396,0.000185251,3.62679e-05,4.36944e-07,1.50131e-09,2.38605e-12,1.12343e-14,1.71018e-22,0.000435353
5386,3.86473e-05,3.35494e-05,5.8799e-06,4.46639e-08,4.37149e-11,9.16418e-15,4.31075e-17,6.53867e-25,7.81212e-05
5387,0.000591065,0.000513083,0.000122335,2.59386e-06,1.16876e-08,1.28352e-11,6.03181e-14,9.11572e-22,0.00122909
5388,0.000299493,0.000259976,5.3171e-05,6.71535e-07,1.42361e-09,7.04731e-13,3.31046e-15,4.99509e-23,0.000613313
5389,0.000284042,0.000246555,5.64761e-05,9.85786e-07,3.0788e-09,2.13196e-12,1.00027e-14,1.50224e-22,0.000588062
5390,0,0,0,0,0,0,0,0,0
5391,0,0,0,0,0,0,0,0,0
5392,0.000681216,0.000591269,0.000141018,2.83236e-06,1.12757e-08,1.0702e-11,5.00962e-14,7.45753e-22,0.00141635
5393,0.000123137,0.000106876,2.09086e-05,2.36577e-07,4.3742e-10,1.88914e-13,8.83678e-16,1.31188e-23,0.000251158
5394,0,0,0,0,0,0,0,0,0
5395,0.000499099,0.000433165,0.000100319,1.8728e-06,7.03542e-09,6.72773e-12,3.1419e-14,4.63527e-22,0.00103446
5396,0.000430424,0.00037355,7.6183e-05,9.46851e-07,1.96229e-09,9.81623e-13,4.57876e-15,6.72406e-23,0.000881106
5397,0.000293476,0.000254694,5.71594e-05,9.72133e-07,3.12832e-09,2.42427e-12,1.13034e-14,1.65735e-22,0.000606304
5398,0.000134287,0.000116537,2.36783e-05,2.9428e-07,6.03809e-10,2.90252e-13,1.35153e-15,1.9716e-23,0.000274797
5399,0.000186251,0.000161628,3.51163e-05,5.2312e-07,1.35089e-09,8.23225e-13,3.83016e-15,5.56991e-23,0.00038352
5400,0,0,0,0,0,0,0,0,0
5401,5.25103e-05,4.55656e-05,8.26767e-06,6.87515e-08,7.05738e-11,1.23676e-14,5.74379e-17,8.29501e-25,0.000106412
5402,0.00019459,0.000168851,3.47207e-05,4.51199e-07,1.0214e-09,5.66056e-13,2.62679e-15,3.78184e-23,0.000398614
5403,2.6658e-05,2.31315e-05,3.80565e-06,2.29799e-08,1.41009e-11,1.23463e-15,5.72685e-18,8.23136e-26,5.36181e-05
5404,0.000388817,0.00033737,8.09893e-05,1.64552e-06,6.59132e-09,6.41552e-12,2.97251e-14,4.25414e-22,0.000808828
5405,0,0,0,0,0,0,0,0,0
5406,3.73659e-05,3.24198e-05,5.65129e-06,4.23534e-08,4.0875e-11,8.49724e-15,3.92979e-17,5.58448e-25,7.54794e-05
5407,6.15174e-06,5.33744e-06,7.22011e-07,2.4019e-09,6.64163e-13,2.78536e-17,1.28814e-19,1.83036e-27,1.22136e-05
5408,0.000112021,9.71899e-05,2.48948e-05,8.6687e-07,8.17409e-09,1.7243e-11,7.96652e-14,1.12773e-21,0.000234981
5409,0.000112548,9.7645e-05,1.98059e-05,2.38797e-07,4.58903e-10,2.05082e-13,9.46782e-16,1.3363e-23,0.000230238
5410,0.000467388,0.000405489,9.28974e-05,1.72028e-06,6.46535e-09,6.03929e-12,2.78609e-14,3.92143e-22,0.000967502
5411,7.25866e-05,6.29708e-05,1.09063e-05,8.27037e-08,8.5269e-11,1.97254e-14,9.08691e-17,1.272e-24,0.000146546
5412,0.000344208,0.000298601,6.19033e-05,8.13404e-07,1.82011e-09,9.71119e-13,4.46974e-15,6.23576e-23,0.000705527
5413,8.36194e-05,7.25384e-05,1.41218e-05,1.49819e-07,2.3952e-10,8.74009e-14,4.0198e-16,5.59208e-24,0.00017043
5414,1.06045e-05,9.19892e-06,1.33553e-06,5.48745e-09,1.95953e-12,9.25592e-17,4.25267e-19,5.89271e-27,2.11444e-05
5415,0.000541727,0.000469916,0.000111141,2.23178e-06,9.31129e-09,9.84508e-12,4.52141e-14,6.25469e-22,0.00112502
5416,0.000157224,0.000136379,2.89316e-05,4.01114e-07,9.38133e-10,5.1551e-13,2.36531e-15,3.2604e-23,0.000322937
5417,0.000164351,0.000142558,2.68892e-05,2.68241e-07,4.25432e-10,1.65241e-13,7.5782e-16,1.04271e-23,0.000334067
5418,0,0,0,0,0,0,0,0,0
5419,0,0,0,0,0,0,0,0,0
5420,8.53066e-05,7.39884e-05,1.32419e-05,1.09365e-07,1.25456e-10,3.27479e-14,1.49721e-16,2.03559e-24,0.000172646
5421,0,0,0,0,0,0,0,0,0
5422,0.000108987,9.45236e-05,1.73386e-05,1.52383e-07,1.83384e-10,4.75023e-14,2.16937e-16,2.93696e-24,0.000221002
5423,0,0,0,0,0,0,0,0,0
5424,0.000198149,0.000171842,3.75886e-05,5.73099e-07,1.52873e-09,9.60317e-13,4.37676e-15,5.87934e-23,0.000408155
5425,7.68459e-05,6.66426e-05,1.28123e-05,1.30768e-07,1.97377e-10,6.72859e-14,3.06522e-16,4.11028e-24,0.000156432
5426,0.000178779,0.000155036,3.33181e-05,4.76136e-07,1.11697e-09,5.67221e-13,2.58139e-15,3.4481e-23,0.00036761
5427,2.93901e-05,2.54864e-05,4.2925e-06,2.89353e-08,2.39505e-11,4.18746e-15,1.90425e-17,2.53626e-25,5.91979e-05
5428,0,0,0,0,0,0,0,0,0
5429,0,0,0,0,0,0,0,0,0
5430,0,0,0,0,0,0,0,0,0
5431,0,0,0,0,0,0,0,0,0
5432,9.95394e-05,8.63067e-05,1.57085e-05,1.33519e-07,1.42087e-10,2.41558e-14,1.09386e-16,1.43344e-24,0.000201688
5433,4.19129e-05,3.63402e-05,6.42353e-06,5.04016e-08,5.19388e-11,1.15596e-14,5.23047e-17,6.83343e-25,8.4727e-05
5434,0.000909375,0.000788447,0.000205553,5.59579e-06,3.53544e-08,5.71161e-11,2.58242e-13,3.36401e-21,0.00190901
5435,4.5334e-05,3.93045e-05,7.01823e-06,5.67663e-08,6.07492e-11,1.39008e-14,6.27965e-17,8.15333e-25,9.17135e-05
5436,5.37591e-05,4.66072e-05,8.52367e-06,7.44453e-08,8.95928e-11,2.36612e-14,1.06754e-16,1.37937e-24,0.000108965
5437,4.04814e-05,3.50956e-05,6.08231e-06,4.28106e-08,3.01961e-11,1.83316e-15,8.26799e-18,1.0669e-25,8.17022e-05
5438,0.000419656,0.000363813,8.01736e-05,1.36209e-06,4.8376e-09,4.44517e-12,2.0033e-14,2.57723e-22,0.000865009
5439,0.000157472,0.000136513,2.64421e-05,2.78492e-07,4.46143e-10,1.64033e-13,7.3856e-16,9.46765e-24,0.000320706
5440,0.000177766,0.000154102,2.96389e-05,3.17684e-07,5.61971e-10,2.42105e-13,1.08917e-15,1.39173e-23,0.000361825
5441,0.000203347,0.000176274,3.43521e-05,3.74941e-07,6.39905e-10,2.45539e-13,1.10369e-15,1.4057e-23,0.000414349
5442,0,0,0,0,0,0,0,0,0
5443,4.8556e-05,4.20893e-05,7.3818e-06,5.13334e-08,2.48626e-11,7.65623e-16,3.43596e-18,4.34947e-26,9.80785e-05
5444,7.23284e-05,6.26944e-05,1.19431e-05,1.18776e-07,1.73279e-10,5.70808e-14,2.56002e-16,3.2326e-24,0.000147085
5445,0.000108356,9.39202e-05,1.88609e-05,2.19696e-07,3.9238e-10,1.53913e-13,6.89667e-16,8.67861e-24,0.000221357
5446,0.000342548,0.000296904,6.97987e-05,1.33059e-06,4.82596e-09,4.13104e-12,1.84925e-14,2.31824e-22,0.000710585
5447,0,0,0,0,0,0,0,0,0
5448,3.45317e-05,2.99288e-05,5.13997e-06,3.67702e-08,3.27025e-11,5.98592e-15,2.67508e-17,3.3319e-25,6.96372e-05
5449,7.01466e-05,6.07939e-05,1.15075e-05,1.11713e-07,1.54826e-10,4.67508e-14,2.08641e-16,2.58506e-24,0.00014256
5450,0.000637182,0.00055222,0.000138783,3.34712e-06,1.75114e-08,2.27871e-11,1.01662e-13,1.25804e-21,0.00133155
5451,0.000400309,0.000346924,7.72371e-05,1.27544e-06,3.99383e-09,3.10216e-12,1.38308e-14,1.70713e-22,0.000825749
5452,4.72134e-05,4.09153e-05,7.34708e-06,6.07858e-08,6.80376e-11,1.6726e-14,7.4469e-17,9.14304e-25,9.55366e-05
5453,0.000150422,0.000130354,2.61959e-05,3.18779e-07,6.48546e-10,3.10767e-13,1.38276e-15,1.69363e-23,0.000307292
5454,0,0,0,0,0,0,0,0,0
5455,0.000124161,0.000107592,2.20225e-05,2.73366e-07,5.4087e-10,2.42311e-13,1.07676e-15,1.31225e-23,0.000254049
5456,6.63588e-05,5.75015e-05,1.02334e-05,8.56424e-08,1.04188e-10,2.91497e-14,1.29406e-16,1.57114e-24,0.000134179
5457,1.03588e-06,8.9759e-07,3.29541e-08,1.71313e-09,1.59311e-11,1.16333e-14,5.15866e-17,6.23615e-25,1.96816e-06
5458,2.07721e-05,1.79983e-05,2.87178e-06,1.61796e-08,9.79418e-12,1.05054e-15,4.65346e-18,5.60218e-26,4.16584e-05
5459,0,0,0,0,0,0,0,0,0
5460,0.000102913,8.9167e-05,1.48906e-05,9.9645e-08,8.48353e-11,1.59791e-14,7.0687e-17,8.46632e-25,0.00020707
5461,0,0,0,0,0,0,0,0,0
5462,0.000358494,0.000310592,6.69983e-05,9.92645e-07,2.58618e-09,1.60116e-12,7.06943e-15,8.40466e-23,0.000737079
5463,0,0,0,0,0,0,0,0,0
5464,0,0,0,0,0,0,0,0,0
5465,0.000116416,0.000100853,1.93041e-05,2.0075e-07,3.21456e-10,1.14171e-13,5.02912e-16,5.92544e-24,0.000236774
5466,2.61731e-06,2.26735e-06,6.27317e-07,1.07736e-08,1.92313e-11,6.07093e-15,2.67165e-17,3.13637e-25,5.52277e-06
5467,7.53368e-05,6.52621e-05,1.24761e-05,1.25553e-07,1.85383e-10,6.10997e-14,2.68697e-16,3.14598e-24,0.000153201
5468,7.2906e-05,6.31551e-05,1.09228e-05,8.00722e-08,7.37684e-11,1.39836e-14,6.14529e-17,7.17588e-25,0.000147064
5469,7.7936e-05,6.75111e-05,1.17979e-05,8.96933e-08,8.82944e-11,1.84712e-14,8.11276e-17,9.45241e-25,0.000157335
5470,6.51269e-05,5.64132e-05,1.05675e-05,9.97887e-08,1.34284e-10,3.9878e-14,1.74932e-16,2.02849e-24,0.000132207
5471,4.55554e-05,3.94589e-05,7.02546e-06,5.63381e-08,5.89361e-11,1.28547e-14,5.63294e-17,6.50521e-25,9.20961e-05
5472,0.000187594,0.000162486,3.20133e-05,3.5437e-07,6.00597e-10,2.30245e-13,1.0084e-15,1.16218e-23,0.000382448
5473,0.00023477,0.000203344,4.141e-05,5.09075e-07,1.0013e-09,4.45175e-13,1.94833e-15,2.23925e-23,0.000480035
5474,3.27216e-05,2.83408e-05,4.79766e-06,3.23812e-08,2.48651e-11,3.29526e-15,1.44101e-17,1.65097e-25,6.58925e-05
5475,0,0,0,0,0,0,0,0,0
5476,0.000481565,0.000417069,9.03968e-05,1.38974e-06,4.02875e-09,2.95005e-12,1.28762e-14,1.46458e-22,0.000990425
5477,2.16422e-05,1.87433e-05,3.01415e-06,1.76147e-08,1.17414e-11,1.56866e-15,6.84372e-18,7.77082e-26,4.34173e-05
5478,0.000338858,0.000293463,6.31246e-05,9.27989e-07,2.40571e-09,1.48604e-12,6.47829e-15,7.33406e-23,0.000696377
5479,8.40985e-05,7.28298e-05,1.2848e-05,9.99085e-08,9.71867e-11,1.75254e-14,7.63164e-17,8.60312e-25,0.000169876
5480,0.000242991,0.000210426,4.20125e-05,5.0606e-07,1.05125e-09,5.35107e-13,2.32827e-15,2.61638e-23,0.000495936
5481,8.77632e-07,7.59999e-07,2.57941e-07,5.34347e-09,9.5645e-12,2.77372e-15,1.20608e-17,1.35197e-25,1.90092e-06
5482,0,0,0,0,0,0,0,0,0
5483,1.18934e-06,1.02988e-06,1.31999e-10,2.33021e-08,2.96477e-10,4.1734e-13,1.81187e-15,2.01892e-23,2.24295e-06
5484,8.3657e-05,7.24382e-05,1.28376e-05,1.03063e-07,1.12795e-10,2.76836e-14,1.20064e-16,1.33256e-24,0.000169036
5485,0,0,0,0,0,0,0,0,0
5486,7.57919e-05,6.56238e-05,1.25309e-05,1.25643e-07,1.83253e-10,5.86326e-14,2.53786e-16,2.79525e-24,0.000154072
5487,3.64672e-05,3.15745e-05,5.46035e-06,4.02947e-08,3.82675e-11,7.81556e-15,3.38162e-17,3.71915e-25,7.35423e-05
5488,3.91735e-05,3.39163e-05,5.88733e-06,4.32354e-08,3.8322e-11,6.38068e-15,2.75699e-17,3.01622e-25,7.90204e-05
5489,7.11867e-05,6.16321e-05,1.16757e-05,1.14492e-07,1.631e-10,5.16791e-14,2.23173e-16,2.43633e-24,0.000144609
5490,9.15368e-05,7.92482e-05,1.54898e-05,1.66107e-07,2.61139e-10,8.70925e-14,3.75715e-16,4.08533e-24,0.000186441
5491,0.000309647,0.000268072,5.46043e-05,6.83367e-07,1.4162e-09,6.82259e-13,2.94114e-15,3.18922e-23,0.000633009
5492,0.000158572,0.000137279,2.66257e-05,2.84661e-07,4.73074e-10,1.83421e-13,7.9044e-16,8.56005e-24,0.000322761
5493,0,0,0,0,0,0,0,0,0
5494,0.000195915,0.000169597,3.3183e-05,3.65549e-07,6.25209e-10,2.43426e-13,1.04675e-15,1.12416e-23,0.000399061
5495,9.63786e-05,8.34302e-05,1.50555e-05,1.27917e-07,1.51427e-10,4.02309e-14,1.72895e-16,1.8526e-24,0.000194992
5496,0.000130505,0.000112968,2.32298e-05,2.94097e-07,6.01488e-10,2.80254e-13,1.20316e-15,1.28404e-23,0.000266997
5497,0.000144129,0.000124758,2.53817e-05,3.20169e-07,6.71646e-10,3.25371e-13,1.39584e-15,1.48553e-23,0.000294589
5498,1.3478e-05,1.16662e-05,1.73868e-06,7.792e-09,3.12058e-12,1.62764e-16,6.97465e-19,7.39039e-27,2.68907e-05
5499,0.000367312,0.000317929,6.36975e-05,7.67127e-07,1.56957e-09,7.90573e-13,3.38573e-15,3.57952e-23,0.000749707
5500,3.49452e-05,3.02464e-05,5.18693e-06,3.71512e-08,3.31884e-11,6.08547e-15,2.60461e-17,2.74734e-25,7.04157e-05
5501,1.90857e-05,1.6519e-05,2.59788e-06,1.40432e-08,8.0103e-12,8.02773e-16,3.43335e-18,3.61113e-26,3.82167e-05
5502,5.08454e-05,4.40066e-05,7.64187e-06,5.92875e-08,6.33823e-11,1.5017e-14,6.4176e-17,6.72979e-25,0.000102553
5503,4.27019e-05,3.69574e-05,6.30415e-06,4.61859e-08,4.51431e-11,9.60474e-15,4.10127e-17,4.28721e-25,8.60097e-05
5504,1.8963e-05,1.64116e-05,2.54028e-06,1.24225e-08,4.6799e-12,5.23402e-17,2.23321e-19,2.32748e-27,3.79272e-05
5505,4.25582e-05,3.68311e-05,6.43051e-06,4.75076e-08,4.00739e-11,5.39599e-15,2.30007e-17,2.38815e-25,8.58674e-05
5506,0,0,0,0,0,0,0,0,0
5507,0,0,0,0,0,0,0,0,0
5508,1.62002e-05,1.4019e-05,2.15678e-06,1.09239e-08,5.75071e-12,5.48591e-16,2.33277e-18,2.39971e-26,3.23869e-05
5509,2.9036e-05,2.51258e-05,4.14869e-06,2.55024e-08,1.58188e-11,1.33505e-15,5.66995e-18,5.80469e-26,5.8336e-05
5510,2.1726e-05,1.88e-05,2.92978e-06,1.3989e-08,3.58857e-12,1.57506e-16,6.68729e-19,6.83845e-27,4.34698e-05
5511,1.40588e-05,1.21649e-05,1.83569e-06,8.76419e-09,4.2602e-12,3.78844e-16,1.60662e-18,1.63566e-26,2.80682e-05
5512,7.48163e-05,6.47366e-05,1.23213e-05,1.22641e-07,1.77314e-10,5.61811e-14,2.38116e-16,2.41877e-24,0.000151997
5513,2.4901e-05,2.15453e-05,3.53187e-06,2.2137e-08,1.67095e-11,2.66735e-15,1.12892e-17,1.14051e-25,5.00004e-05
5514,1.20925e-05,1.04627e-05,1.54826e-06,6.98411e-09,3.18398e-12,2.75774e-16,1.16652e-18,1.17592e-26,2.41104e-05
5515,0.00061041,0.000528127,0.000124275,2.45858e-06,9.99476e-09,1.0229e-11,4.32341e-14,4.34497e-22,0.00126528
5516,0,0,0,0,0,0,0,0,0
5517,0.000187099,0.00016187,3.26479e-05,4.01418e-07,8.29935e-10,4.04803e-13,1.70829e-15,1.70655e-23,0.000382019
5518,0.000607927,0.000525934,0.00013284,3.17221e-06,1.5547e-08,1.74567e-11,7.35821e-14,7.31783e-22,0.00126989
5519,0,0,0,0,0,0,0,0,0
5520,6.61899e-05,5.72601e-05,9.71127e-06,6.62479e-08,5.10927e-11,6.57986e-15,2.76961e-17,2.73957e-25,0.000133227
5521,0.000112301,9.71481e-05,1.95226e-05,2.30074e-07,4.21332e-10,1.70879e-13,7.18624e-16,7.08389e-24,0.000229203
5522,0,0,0,0,0,0,0,0,0
5523,0,0,0,0,0,0,0,0,0
5524,0.000177825,0.000153819,2.86831e-05,2.73028e-07,3.87307e-10,1.26701e-13,5.31598e-16,5.19358e-24,0.000360601
5525,0,0,0,0,0,0,0,0,0
5526,0.00011513,9.95829e-05,2.00926e-05,2.40501e-07,4.54388e-10,1.93748e-13,8.11582e-16,7.87924e-24,0.000235047
5527,1.30544e-05,1.12913e-05,1.56637e-06,5.37238e-09,9.04522e-13,1.96229e-17,8.21408e-20,7.9534e-28,2.59174e-05
5528,0.000118609,0.000102585,1.89305e-05,1.70104e-07,2.02523e-10,4.42547e-14,1.84982e-16,1.78121e-24,0.000240295
5529,0,0,0,0,0,0,0,0,0
5530,0.000360906,0.000312135,6.75734e-05,1.02096e-06,2.77295e-09,1.81098e-12,7.55886e-15,7.23812e-23,0.000741639
5531,4.41699e-06,3.82001e-06,4.8459e-07,1.28501e-09,2.08011e-13,1.209e-18,5.04284e-21,4.81637e-29,8.72287e-06
5532,0.000190285,0.000164564,3.16947e-05,3.44865e-07,6.38757e-10,3.03667e-13,1.26588e-15,1.20629e-23,0.000386889
5533,0,0,0,0,0,0,0,0,0
5534,6.65677e-06,5.75654e-06,7.82715e-07,2.70154e-09,8.18724e-13,4.2112e-17,1.75142e-19,1.6541e-27,1.31987e-05
5535,6.06596e-06,5.24552e-06,6.56515e-07,1.29051e-09,6.0727e-16,6.58023e-17,2.73488e-19,2.5763e-27,1.19693e-05
5536,3.6589e-05,3.16397e-05,5.33437e-06,3.38278e-08,1.71308e-11,3.26856e-17,1.35772e-19,1.27627e-27,7.35968e-05
5537,0.00013004,0.000112448,2.17727e-05,2.37675e-07,4.17541e-10,1.70533e-13,7.08039e-16,6.6434e-24,0.000264499
5538,0.000237139,0.000205051,4.23157e-05,5.78516e-07,1.43739e-09,8.55613e-13,3.54809e-15,3.31346e-23,0.000485085
5539,0,0,0,0,0,0,0,0,0
5540,0.000137268,0.000118686,2.20861e-05,2.00738e-07,2.46399e-10,9.35327e-14,3.87131e-16,3.58901e-24,0.000278241
5541,4.37957e-05,3.78668e-05,6.69169e-06,5.31184e-08,5.60623e-11,1.27761e-14,5.28568e-17,4.89194e-25,8.84074e-05
5542,3.56547e-05,3.0827e-05,5.27746e-06,3.75822e-08,3.28155e-11,5.7017e-15,2.3567e-17,2.17336e-25,7.17968e-05
5543,0.000246604,0.000213206,4.67074e-05,7.4219e-07,2.14968e-09,1.46092e-12,6.03155e-15,5.53792e-23,0.000507262
5544,0.000182454,0.00015774,2.94878e-05,2.81554e-07,3.92339e-10,1.23386e-13,5.0912e-16,4.66414e-24,0.000369964
5545,3.18737e-05,2.75558e-05,4.59351e-06,2.90093e-08,1.77054e-11,9.36587e-16,3.86136e-18,3.52617e-26,6.4052e-05
5546,8.13953e-05,7.03669e-05,1.35002e-05,1.37708e-07,2.03367e-10,6.37372e-14,2.62568e-16,2.39044e-24,0.0001654
5547,0.00026416,0.000228364,5.15696e-05,8.79952e-07,2.7716e-09,2.06925e-12,8.51989e-15,7.74094e-23,0.000544977
5548,0,0,0,0,0,0,0,0,0
5549,0,0,0,0,0,0,0,0,0
5550,0.000743717,0.000642883,0.000146853,2.668e-06,9.71865e-09,8.89761e-12,3.65358e-14,3.28512e-22,0.00153613
5551,4.27324e-05,3.69381e-05,6.50488e-06,5.1195e-08,5.36282e-11,1.2209e-14,5.01049e-17,4.4954e-25,8.62267e-05
5552,0,0,0,0,0,0,0,0,0
5553,0,0,0,0,0,0,0,0,0
5554,0,0,0,0,0,0,0,0,0
5555,0,0,0,0,0,0,0,0,0
5556,2.50118e-05,2.16174e-05,3.31638e-06,1.74678e-08,1.0737e-11,1.37307e-15,5.61094e-18,4.95184e-26,4.9963e-05
5557,0,0,0,0,0,0,0,0,0
5558,0,0,0,0,0,0,0,0,0
5559,6.60888e-05,5.71149e-05,1.06583e-05,1.003e-07,1.34295e-10,3.91553e-14,1.5956e-16,1.39316e-24,0.000133962
5560,7.85574e-05,6.78895e-05,1.20149e-05,9.82273e-08,1.14369e-10,3.07447e-14,1.2524e-16,1.09195e-24,0.00015856
5561,0.000400015,0.000345683,7.5956e-05,1.20833e-06,3.54396e-09,2.50525e-12,1.01932e-14,8.84687e-23,0.000822866
5562,0,0,0,0,0,0,0,0,0
5563,3.07531e-05,2.65744e-05,4.42191e-06,2.82383e-08,1.90032e-11,1.73722e-15,7.05431e-18,6.07598e-26,6.17776e-05
5564,9.46542e-06,8.17902e-06,1.16904e-06,4.78158e-09,1.93166e-12,1.50709e-16,6.11397e-19,5.24667e-27,1.88183e-05
5565,5.16263e-05,4.4609e-05,7.70897e-06,5.94439e-08,6.35075e-11,1.49847e-14,6.07459e-17,5.19839e-25,0.000104004
5566,9.09356e-06,7.85735e-06,1.11696e-06,4.49394e-09,1.77605e-12,1.35759e-16,5.49979e-19,4.69422e-27,1.80724e-05
5567,8.4119e-05,7.26815e-05,1.40162e-05,1.46408e-07,2.28455e-10,7.91379e-14,3.203e-16,2.72407e-24,0.000170963
5568,0,0,0,0,0,0,0,0,0
5569,0.000391123,0.000337929,7.23442e-05,1.09668e-06,3.15964e-09,2.24868e-12,9.0891e-15,7.69043e-23,0.000802495
5570,0.000110472,9.54457e-05,1.83201e-05,1.98067e-07,3.38626e-10,1.29589e-13,5.23514e-16,4.4204e-24,0.000224436
5571,0.000252501,0.000218148,4.46701e-05,5.71644e-07,1.22632e-09,6.17453e-13,2.4915e-15,2.09437e-23,0.000515892
5572,0,0,0,0,0,0,0,0,0
5573,0.000315941,0.000272943,5.55514e-05,7.0273e-07,1.50701e-09,7.73326e-13,3.11481e-15,2.60007e-23,0.00064514
5574,9.65944e-06,8.34457e-06,1.12203e-06,2.86531e-09,2.35053e-15,8.01985e-16,3.22742e-18,2.68503e-26,1.91289e-05
5575,1.96486e-05,1.69737e-05,2.68367e-06,1.45847e-08,7.94544e-12,6.91701e-16,2.78208e-18,2.30963e-26,3.93205e-05
5576,0,0,0,0,0,0,0,0,0
5577,6.06374e-05,5.23795e-05,9.28913e-06,7.72513e-08,8.91914e-11,2.15249e-14,8.64204e-17,7.12523e-25,0.000122383
5578,3.778e-05,3.26342e-05,5.6189e-06,4.08873e-08,3.6855e-11,6.59902e-15,2.6477e-17,2.17747e-25,7.6074e-05
5579,0.000480513,0.000415051,9.56691e-05,1.799e-06,6.78913e-09,6.19887e-12,2.48417e-14,2.03358e-22,0.000993039
5580,0,0,0,0,0,0,0,0,0
5581,0.000479048,0.000413764,0.000101096,2.21104e-06,9.90134e-09,1.0728e-11,4.29236e-14,3.49234e-22,0.000996129
5582,2.07655e-06,1.7935e-06,1.99789e-07,3.22664e-10,1.10995e-14,1.07591e-18,4.30034e-21,3.48476e-29,4.07017e-06
5583,0.000128025,0.000110573,2.10841e-05,2.17467e-07,3.38934e-10,1.12115e-13,4.47879e-16,3.62198e-24,0.0002599
5584,0.000155802,0.000134561,2.53147e-05,2.35865e-07,2.76408e-10,8.90465e-14,3.55543e-16,2.86964e-24,0.000315913
5585,0,0,0,0,0,0,0,0,0
5586,5.36202e-05,4.63073e-05,8.38807e-06,7.22289e-08,8.56268e-11,2.19933e-14,8.76544e-17,7.0252e-25,0.000108388
5587,8.57649e-05,7.40664e-05,1.30511e-05,1.03383e-07,1.08986e-10,2.4429e-14,9.72917e-17,7.77589e-25,0.000172986
5588,0.000563332,0.000486477,0.000114559,2.29747e-06,9.38602e-09,9.1258e-12,3.63085e-14,2.8908e-22,0.00116667
5589,4.66972e-05,4.0325e-05,7.11205e-06,5.51056e-08,5.1197e-11,7.9246e-15,3.14967e-17,2.49768e-25,9.41894e-05
5590,0,0,0,0,0,0,0,0,0
5591,6.72217e-05,5.80456e-05,1.08451e-05,1.03031e-07,1.41131e-10,4.26922e-14,1.69387e-16,1.33426e-24,0.000136216
5592,0,0,0,0,0,0,0,0,0
5593,0,0,0,0,0,0,0,0,0
5594,0,0,0,0,0,0,0,0,0
5595,3.07853e-05,2.65807e-05,4.41077e-06,2.79254e-08,1.8272e-11,1.49916e-15,5.93181e-18,4.62329e-26,6.18046e-05
5596,0.000100393,8.66783e-05,1.5529e-05,1.28678e-07,1.42541e-10,3.42681e-14,1.35423e-16,1.05047e-24,0.00020273
5597,0.000494595,0.000427017,9.42868e-05,1.58478e-06,5.25178e-09,4.27491e-12,1.68805e-14,1.30544e-22,0.00101749
5598,2.83875e-06,2.4508e-06,2.95997e-07,7.15015e-10,1.33897e-13,4.36678e-18,1.72241e-20,1.32631e-28,5.58626e-06
5599,0,0,0,0,0,0,0,0,0
5600,8.15616e-05,7.04121e-05,1.34457e-05,1.35358e-07,1.93851e-10,5.72752e-14,2.25602e-16,1.72798e-24,0.000165555
5601,4.39069e-05,3.79041e-05,6.66195e-06,5.20174e-08,5.26099e-11,1.09256e-14,4.30118e-17,3.28767e-25,8.8525e-05
5602,0,0,0,0,0,0,0,0,0
5603,8.59606e-05,7.42042e-05,1.30284e-05,1.00236e-07,9.15322e-11,1.24402e-14,4.88919e-17,3.71288e-25,0.000173294
5604,1.52833e-05,1.31929e-05,1.98662e-06,9.28386e-09,3.9342e-12,2.09955e-16,8.24642e-19,6.24733e-27,3.04721e-05
5605,7.50032e-06,6.47422e-06,8.68324e-07,2.63413e-09,3.69488e-13,4.87896e-18,1.91414e-20,1.44378e-28,1.48455e-05
5606,0.000318273,0.000274722,5.51512e-05,6.63778e-07,1.30147e-09,5.88178e-13,2.30538e-15,1.73253e-23,0.000648811
5607,4.05104e-05,3.49659e-05,6.06934e-06,4.54784e-08,4.29031e-11,8.0703e-15,3.15948e-17,2.36373e-25,8.15912e-05
5608,3.00285e-05,2.59183e-05,4.31074e-06,2.81268e-08,2.13275e-11,3.01148e-15,1.17847e-17,8.80197e-26,6.02857e-05
5609,0,0,0,0,0,0,0,0,0
5610,0,0,0,0,0,0,0,0,0
5611,0.000178328,0.000153905,3.22257e-05,4.46973e-07,1.06611e-09,5.84111e-13,2.27916e-15,1.68336e-23,0.000364907
5612,0.000120587,0.00010407,1.88369e-05,1.55247e-07,1.4744e-10,2.32015e-14,9.04643e-17,6.66271e-25,0.000243649
5613,0,0,0,0,0,0,0,0,0
5614,0,0,0,0,0,0,0,0,0
5615,0,0,0,0,0,0,0,0,0
5616,0,0,0,0,0,0,0,0,0
5617,0,0,0,0,0,0,0,0,0
5618,4.46237e-05,3.85057e-05,6.79004e-06,5.3985e-08,5.72861e-11,1.30595e-14,5.0675e-17,3.66354e-25,8.99735e-05
5619,0.000169432,0.0001462,2.89989e-05,3.43204e-07,6.79052e-10,3.15647e-13,1.22429e-15,8.83634e-24,0.000344975
5620,9.17213e-05,7.91417e-05,1.46932e-05,1.42178e-07,2.09131e-10,6.85423e-14,2.65507e-16,1.90671e-24,0.000185699
5621,5.18335e-05,4.47236e-05,7.82264e-06,5.48286e-08,2.65259e-11,1.04105e-15,4.0298e-18,2.8861e-26,0.000104435
5622,4.59133e-05,3.96142e-05,7.00962e-06,5.63277e-08,6.05925e-11,1.3974e-14,5.40406e-17,3.85618e-25,9.25935e-05
5623,0.000164262,0.000141723,2.82783e-05,3.40693e-07,6.77888e-10,3.0459e-13,1.17724e-15,8.38183e-24,0.000334604
5624,0,0,0,0,0,0,0,0,0
5625,0,0,0,0,0,0,0,0,0
5626,6.48303e-05,5.59309e-05,1.03748e-05,9.66775e-08,1.28796e-10,3.76041e-14,1.45005e-16,1.02331e-24,0.000131233
5627,5.85742e-05,5.05317e-05,8.40517e-06,5.52091e-08,4.25708e-11,6.11877e-15,2.35631e-17,1.65431e-25,0.000117566
5628,0.000202489,0.000174681,3.55524e-05,4.47521e-07,8.8644e-10,3.42694e-13,1.31849e-15,9.22402e-24,0.000413172
5629,0.00024459,0.000210997,4.26292e-05,5.17084e-07,9.9313e-10,4.22634e-13,1.62538e-15,1.1353e-23,0.000498735
5630,0.000305249,0.000263319,6.02974e-05,1.08198e-06,3.64913e-09,2.88201e-12,1.10752e-14,7.71291e-23,0.000629951
5631,0.000174148,0.000150222,2.65383e-05,2.13906e-07,2.34666e-10,5.60095e-14,2.15017e-16,1.49148e-24,0.000351123
5632,7.17968e-05,6.19314e-05,1.07718e-05,8.36744e-08,8.86334e-11,2.03866e-14,7.8232e-17,5.4184e-25,0.000144584
5633,0.000145741,0.000125713,2.49589e-05,2.96569e-07,5.75847e-10,2.50776e-13,9.61467e-16,6.63611e-24,0.00029671
5634,3.79208e-05,3.27081e-05,4.92827e-06,2.44958e-08,1.39293e-11,1.72578e-15,6.60718e-18,4.53542e-26,7.55817e-05
5635,0.000135684,0.000117032,2.37343e-05,2.97661e-07,6.09715e-10,2.80151e-13,1.07236e-15,7.3555e-24,0.000276749
5636,0.000132878,0.000114608,2.13067e-05,1.99853e-07,2.6745e-10,7.76658e-14,2.97009e-16,2.02988e-24,0.000268993
5637,0,0,0,0,0,0,0,0,0
5638,0,0,0,0,0,0,0,0,0
5639,0,0,0,0,0,0,0,0,0
5640,0.000301387,0.000259919,5.54117e-05,8.4351e-07,2.42428e-09,1.6597e-12,6.32548e-15,4.26677e-23,0.000617564
5641,5.34973e-05,4.61354e-05,7.69061e-06,5.23813e-08,4.62709e-11,8.88613e-15,3.38372e-17,2.27474e-25,0.000107376
5642,0.000224164,0.000193312,3.96085e-05,5.1807e-07,1.17656e-09,6.3197e-13,2.40483e-15,1.61245e-23,0.000457604
5643,3.32473e-05,2.86707e-05,4.75531e-06,2.94972e-08,1.70153e-11,9.48946e-16,3.6077e-18,2.41042e-26,6.67028e-05
5644,0.000114036,9.83355e-05,1.96336e-05,2.29066e-07,4.11225e-10,1.58664e-13,6.02641e-16,4.01186e-24,0.000232234
5645,5.7412e-05,4.95068e-05,8.98141e-06,7.72861e-08,8.79203e-11,1.97508e-14,7.49844e-17,4.98319e-25,0.000115978
5646,0.000270169,0.000232963,5.10237e-05,8.22826e-07,2.46412e-09,1.73213e-12,6.57066e-15,4.35276e-23,0.000554982
5647,0,0,0,0,0,0,0,0,0
5648,0,0,0,0,0,0,0,0,0
5649,4.41521e-05,3.80686e-05,5.85282e-06,3.03602e-08,1.67802e-11,1.78951e-15,6.77029e-18,4.43925e-26,8.81038e-05
5650,5.50693e-05,4.748e-05,7.41913e-06,4.05042e-08,2.48733e-11,3.10792e-15,1.17429e-17,7.66105e-26,0.000110009
5651,2.04145e-05,1.76007e-05,2.76733e-06,1.5184e-08,8.91615e-12,9.28927e-16,3.50805e-18,2.28415e-26,4.07977e-05
5652,6.444e-05,5.5557e-05,1.0262e-05,9.4167e-08,1.20749e-10,3.2706e-14,1.23444e-16,8.02045e-25,0.000130353
5653,0.000757289,0.000652872,0.000145583,2.52068e-06,8.5683e-09,6.98374e-12,2.63254e-14,1.70199e-22,0.00155827
5654,0.000139747,0.000120477,2.47585e-05,3.17808e-07,6.64756e-10,3.11903e-13,1.17535e-15,7.58943e-24,0.0002853
5655,4.90456e-05,4.22813e-05,7.19965e-06,5.2889e-08,5.05276e-11,9.5653e-15,3.60106e-17,2.31672e-25,9.85794e-05
5656,0.000595269,0.000513151,0.000122251,2.58033e-06,1.15885e-08,1.28186e-11,4.8201e-14,3.08677e-22,0.00123326
5657,2.21498e-05,1.90939e-05,3.05333e-06,1.79816e-08,1.248e-11,1.79845e-15,6.75945e-18,4.32098e-26,4.4315e-05
5658,0.000225976,0.00019479,3.89462e-05,4.60396e-07,8.62692e-10,3.6329e-13,1.3634e-15,8.66571e-24,0.000460173
5659,5.2362e-05,4.51356e-05,8.11526e-06,6.88553e-08,8.03475e-11,2.02739e-14,7.6071e-17,4.83137e-25,0.000105682
5660,3.2042e-05,2.7619e-05,4.62983e-06,3.13262e-08,2.56893e-11,4.1614e-15,1.55962e-17,9.86117e-26,6.43222e-05
5661,7.41045e-06,6.3873e-06,8.77994e-07,3.21536e-09,1.11735e-12,7.40698e-17,2.77296e-19,1.74589e-27,1.4679e-05
5662,1.28299e-05,1.10583e-05,1.51249e-06,5.40463e-09,1.62094e-12,5.72264e-17,2.14116e-19,1.3451e-27,2.54061e-05
5663,0,0,0,0,0,0,0,0,0
5664,0.000311088,0.000268118,5.25913e-05,6.01829e-07,1.12975e-09,4.96279e-13,1.85406e-15,1.15798e-23,0.0006324
5665,0.000279019,0.000240472,4.93119e-05,6.66382e-07,1.64596e-09,9.71274e-13,3.62462e-15,2.25426e-23,0.000569471
5666,7.13605e-05,6.15002e-05,1.05991e-05,7.97565e-08,7.98278e-11,1.70521e-14,6.35852e-17,3.94252e-25,0.00014354
5667,0.000571059,0.00049214,0.000111672,1.96228e-06,6.49136e-09,5.06875e-12,1.88841e-14,1.16691e-22,0.00117684
5668,0,0,0,0,0,0,0,0,0
5669,0,0,0,0,0,0,0,0,0
5670,0.000473288,0.00040785,9.3646e-05,1.76227e-06,6.72317e-09,6.21898e-12,2.31164e-14,1.41587e-22,0.000976553
5671,0,0,0,0,0,0,0,0,0
5672,3.69023e-05,3.17984e-05,5.44071e-06,3.95048e-08,3.65964e-11,7.06532e-15,2.62165e-17,1.59498e-25,7.4181e-05
5673,0.000155519,0.000134007,2.76832e-05,3.69214e-07,8.2563e-10,4.15599e-13,1.54119e-15,9.35479e-24,0.00031758
5674,0,0,0,0,0,0,0,0,0
5675,1.95997e-06,1.68879e-06,1.88579e-07,3.32008e-10,2.56297e-14,6.72657e-22,2.4909e-24,1.50363e-32,3.83767e-06
5676,0.000115877,9.98412e-05,1.81325e-05,1.57788e-07,1.85559e-10,4.4492e-14,1.64599e-16,9.89934e-25,0.000234009
5677,7.97327e-05,6.86964e-05,1.21601e-05,1.00933e-07,1.19559e-10,3.15292e-14,1.1652e-16,6.97922e-25,0.00016069
5678,7.07751e-05,6.09773e-05,1.13974e-05,1.09015e-07,1.49362e-10,4.3861e-14,1.61974e-16,9.6743e-25,0.000143259
5679,0.000245234,0.000211279,4.1273e-05,4.7549e-07,9.08549e-10,3.91802e-13,1.44565e-15,8.60597e-24,0.000498263
5680,1.00092e-05,8.62309e-06,1.22769e-06,4.9577e-09,1.88084e-12,1.22033e-16,4.49801e-19,2.66695e-27,1.9865e-05
5681,0,0,0,0,0,0,0,0,0
5682,5.99565e-05,5.16508e-05,9.16877e-06,7.73403e-08,9.27346e-11,2.43532e-14,8.96205e-17,5.28114e-25,0.000120854
5683,7.06721e-05,6.08802e-05,1.06796e-05,8.66894e-08,9.99687e-11,2.56259e-14,9.42086e-17,5.5299e-25,0.000142319
5684,1.05721e-05,9.10713e-06,1.29595e-06,5.0972e-09,1.65362e-12,5.85198e-17,2.15036e-19,1.25993e-27,2.09803e-05
5685,0,0,0,0,0,0,0,0,0
5686,0.000113788,9.80158e-05,1.95458e-05,2.29204e-07,4.21791e-10,1.71786e-13,6.30202e-16,3.66907e-24,0.00023158
5687,0,0,0,0,0,0,0,0,0
5688,5.39467e-05,4.64664e-05,8.37177e-06,7.16708e-08,8.46371e-11,2.1513e-14,7.87797e-17,4.55497e-25,0.000108857
5689,0.000101485,8.74101e-05,1.48766e-05,1.07506e-07,1.01344e-10,2.04623e-14,7.48596e-17,4.31221e-25,0.000203879
5690,0,0,0,0,0,0,0,0,0
5691,7.45521e-05,6.42103e-05,1.22659e-05,1.24675e-07,1.81426e-10,5.57749e-14,2.03814e-16,1.16885e-24,0.000151153
5692,0.000265325,0.000228511,4.86889e-05,7.08727e-07,1.79479e-09,1.03512e-12,3.77859e-15,2.15826e-23,0.000543236
5693,0.000280702,0.000241751,4.86683e-05,6.11393e-07,1.33683e-09,6.98576e-13,2.54858e-15,1.4524e-23,0.000571734
5694,0.00011646,0.000100297,2.00285e-05,2.35238e-07,4.28432e-10,1.68139e-13,6.12806e-16,3.47899e-24,0.000237022
5695,0.000107706,9.2756e-05,1.77559e-05,1.88742e-07,3.08892e-10,1.09113e-13,3.97446e-16,2.25124e-24,0.000218407
5696,2.18052e-05,1.8778e-05,2.98874e-06,1.74083e-08,1.18914e-11,1.67461e-15,6.09475e-18,3.4413e-26,4.35894e-05
5697,0.000122933,0.000105861,2.13315e-05,2.59115e-07,5.0429e-10,2.20104e-13,7.99766e-16,4.48744e-24,0.000250385
5698,0.000169092,0.000145609,2.82697e-05,3.09937e-07,5.29724e-10,1.97889e-13,7.18948e-16,4.03187e-24,0.000343281
5699,0,0,0,0,0,0,0,0,0
5700,0,0,0,0,0,0,0,0,0
5701,0,0,0,0,0,0,0,0,0
5702,4.20745e-05,3.62272e-05,6.28788e-06,4.76614e-08,4.61848e-11,9.02816e-15,3.26766e-17,1.80601e-25,8.46372e-05
5703,5.22154e-05,4.49574e-05,7.36351e-06,4.71572e-08,3.72491e-11,6.19419e-15,2.23964e-17,1.23295e-25,0.000104584
5704,8.91625e-05,7.6768e-05,1.78644e-05,4.14484e-07,2.08088e-09,2.24721e-12,8.12471e-15,4.47159e-23,0.000184212
5705,1.11402e-05,9.59124e-06,1.28954e-06,3.05917e-09,2.68601e-13,2.77785e-15,1.0028e-17,5.48685e-26,2.20241e-05
5706,0,0,0,0,0,0,0,0,0
5707,8.22679e-05,7.08266e-05,1.34703e-05,1.35887e-07,1.98276e-10,6.05228e-14,2.18257e-16,1.18936e-24,0.000166701
5708,0,0,0,0,0,0,0,0,0
5709,0.000109555,9.43119e-05,1.86821e-05,2.1506e-07,3.85546e-10,1.52175e-13,5.47529e-16,2.95774e-24,0.000222764
5710,0,0,0,0,0,0,0,0,0
5711,0,0,0,0,0,0,0,0,0
5712,0.000124135,0.000106857,2.08153e-05,2.33948e-07,4.13601e-10,1.57554e-13,5.65765e-16,3.03301e-24,0.000252042
5713,0.00010995,9.46427e-05,1.8098e-05,1.93313e-07,3.24773e-10,1.21382e-13,4.35303e-16,2.32187e-24,0.000222885
5714,0,0,0,0,0,0,0,0,0
5715,8.04831e-05,6.92751e-05,1.23204e-05,1.04718e-07,1.29487e-10,3.58643e-14,1.2845e-16,6.8169e-25,0.000162183
5716,9.4862e-05,8.16489e-05,1.44299e-05,1.16629e-07,1.2673e-10,2.92332e-14,1.04587e-16,5.52746e-25,0.000191058
5717,0,0,0,0,0,0,0,0,0
5718,0.000118543,0.000102027,2.04218e-05,2.43172e-07,4.58399e-10,1.9155e-13,6.84311e-16,3.59636e-24,0.000241235
5719,4.12973e-05,3.55427e-05,6.15573e-06,4.66072e-08,4.57583e-11,9.31729e-15,3.3262e-17,1.74323e-25,8.30423e-05
5720,0.000190305,0.00016378,3.49735e-05,5.09916e-07,1.28575e-09,7.38633e-13,2.63339e-15,1.37311e-23,0.000389569
5721,0.000413655,0.000355991,7.92107e-05,1.38425e-06,4.79281e-09,3.91846e-12,1.39587e-14,7.25547e-23,0.000850246
5722,3.4453e-06,2.96499e-06,3.5862e-07,8.33816e-10,1.14553e-13,9.62892e-19,3.42916e-21,1.78051e-29,6.76974e-06
5723,0.00010508,9.04289e-05,1.76274e-05,1.96295e-07,3.39551e-10,1.29251e-13,4.59996e-16,2.38226e-24,0.000213333
5724,0,0,0,0,0,0,0,0,0
5725,0.000115642,9.95109e-05,1.81804e-05,1.64748e-07,2.16162e-10,6.30493e-14,2.23883e-16,1.14941e-24,0.000233498
5726,0.00015208,0.000130864,2.70858e-05,3.58268e-07,7.84545e-10,3.85115e-13,1.36666e-15,6.99956e-24,0.000310388
5727,0,0,0,0,0,0,0,0,0
5728,0.000209829,0.000180546,3.90314e-05,5.90986e-07,1.56539e-09,9.39785e-13,3.32869e-15,1.69237e-23,0.000429999
5729,0,0,0,0,0,0,0,0,0
5730,0,0,0,0,0,0,0,0,0
5731,0,0,0,0,0,0,0,0,0
5732,0.000121705,0.000104711,1.74106e-05,1.16357e-07,9.66776e-11,1.77035e-14,6.2517e-17,3.1418e-25,0.000243943
5733,0,0,0,0,0,0,0,0,0
5734,0,0,0,0,0,0,0,0,0
5735,2.24639e-05,1.93254e-05,3.03348e-06,1.61716e-08,7.74017e-12,3.0035e-16,1.0576e-18,5.25645e-27,4.4839e-05
5736,0.000156904,0.000134979,2.80129e-05,3.73061e-07,8.17407e-10,3.93843e-13,1.38599e-15,6.87285e-24,0.00032027
5737,2.70315e-05,2.32536e-05,3.79954e-06,2.40908e-08,1.85118e-11,2.92584e-15,1.02854e-17,5.07935e-26,5.41088e-05
5738,3.23288e-05,2.78099e-05,4.62387e-06,3.03228e-08,2.24846e-11,2.76745e-15,9.72166e-18,4.78765e-26,6.4793e-05
5739,4.78291e-05,4.11428e-05,6.75005e-06,4.60709e-08,4.28638e-11,8.72168e-15,3.0618e-17,1.50406e-25,9.57681e-05
5740,0.000218818,0.000188223,3.57953e-05,3.70721e-07,5.93537e-10,2.14036e-13,7.50764e-16,3.67619e-24,0.000443207
5741,1.42892e-06,1.2291e-06,1.75277e-07,3.56228e-10,7.70477e-14,1.54657e-16,5.42036e-19,2.64569e-27,2.83365e-06
5742,4.77982e-05,4.11132e-05,6.62429e-06,4.02521e-08,2.88769e-11,4.1011e-15,1.43653e-17,6.99664e-26,9.5576e-05
5743,0,0,0,0,0,0,0,0,0
5744,0,0,0,0,0,0,0,0,0
5745,0.0002177,0.000187237,3.536e-05,3.57503e-07,5.53003e-10,1.93093e-13,6.74474e-16,3.24969e-24,0.000440655
5746,2.21725e-05,1.90695e-05,2.54892e-06,7.99979e-09,1.71259e-12,2.13647e-16,7.45807e-19,3.5848e-27,4.3799e-05
5747,1.0335e-05,8.88844e-06,1.25737e-06,4.89892e-09,1.57995e-12,5.42023e-17,1.89082e-19,9.06442e-28,2.04857e-05
5748,3.83788e-05,3.30059e-05,5.26811e-06,3.18463e-08,2.37925e-11,3.69732e-15,1.28826e-17,6.14764e-26,7.66848e-05
5749,0.000160038,0.00013763,2.59791e-05,2.56079e-07,3.55631e-10,9.81819e-14,3.41863e-16,1.62707e-24,0.000323903
5750,5.59778e-06,4.81383e-06,6.16638e-07,1.68015e-09,2.59593e-13,1.7126e-18,5.95636e-21,2.82244e-29,1.10299e-05
5751,2.58229e-05,2.22062e-05,3.579e-06,2.13531e-08,1.39178e-11,1.51655e-15,5.27203e-18,2.49366e-26,5.16295e-05
5752,4.84602e-05,4.16713e-05,7.19759e-06,5.39763e-08,4.71279e-11,5.96661e-15,2.07155e-17,9.75017e-26,9.73831e-05
5753,0.000411448,0.0003538,8.36458e-05,1.67394e-06,6.54609e-09,5.87925e-12,2.03985e-14,9.57616e-23,0.000850575
5754,9.38616e-05,8.07085e-05,1.42002e-05,1.13437e-07,1.20656e-10,2.68259e-14,9.29975e-17,4.35186e-25,0.000188884
5755,0,0,0,0,0,0,0,0,0
5756,0,0,0,0,0,0,0,0,0
5757,0,0,0,0,0,0,0,0,0
5758,0,0,0,0,0,0,0,0,0
5759,0.000148083,0.000127317,2.45491e-05,2.69241e-07,4.7627e-10,1.916e-13,6.61773e-16,3.05291e-24,0.000300219
5760,7.02106e-05,6.03631e-05,1.12111e-05,1.05975e-07,1.42933e-10,4.09063e-14,1.41161e-16,6.48964e-25,0.000141891
5761,9.30773e-05,8.00198e-05,1.42711e-05,1.21433e-07,1.47951e-10,3.99514e-14,1.37688e-16,6.29843e-25,0.00018749
5762,0,0,0,0,0,0,0,0,0
5763,3.44798e-05,2.96414e-05,4.98164e-06,3.42355e-08,2.84542e-11,4.51254e-15,1.55317e-17,7.06922e-26,6.9137e-05
5764,7.87878e-05,6.77296e-05,1.16356e-05,8.63303e-08,8.21713e-11,1.58628e-14,5.4543e-17,2.47286e-25,0.000158239
5765,4.26551e-05,3.66673e-05,6.34836e-06,4.79872e-08,4.61202e-11,8.74905e-15,3.00571e-17,1.35821e-25,8.57188e-05
5766,2.85641e-05,2.4554e-05,3.66807e-06,1.76028e-08,9.02857e-12,9.04921e-16,3.1074e-18,1.40167e-26,5.68038e-05
5767,0,0,0,0,0,0,0,0,0
5768,6.44434e-05,5.53927e-05,1.01705e-05,9.30267e-08,1.20579e-10,3.34462e-14,1.14613e-16,5.12871e-25,0.0001301
5769,7.56164e-05,6.49955e-05,1.10275e-05,7.98515e-08,7.48845e-11,1.47612e-14,5.05574e-17,2.25785e-25,0.000151719
5770,4.78169e-05,4.10992e-05,6.73446e-06,4.43485e-08,3.79411e-11,7.02918e-15,2.40463e-17,1.06895e-25,9.56949e-05
5771,0.000158189,0.000135963,2.66701e-05,3.09497e-07,5.89237e-10,2.51629e-13,8.60317e-16,3.81602e-24,0.000321132
5772,0,0,0,0,0,0,0,0,0
5773,0.000103147,8.86505e-05,1.72615e-05,1.86854e-07,2.90573e-10,8.59645e-14,2.93474e-16,1.29427e-24,0.000209246
5774,0,0,0,0,0,0,0,0,0
5775,6.36135e-06,5.46701e-06,7.15645e-07,2.13308e-09,4.15215e-13,5.55786e-18,1.8943e-20,8.30163e-29,1.25461e-05
5776,0,0,0,0,0,0,0,0,0
5777,3.06134e-05,2.63083e-05,4.3546e-06,2.87342e-08,2.30391e-11,3.69219e-15,1.25656e-17,5.47544e-26,6.13051e-05
5778,0.000133049,0.000114334,2.08866e-05,1.90421e-07,2.46887e-10,6.77622e-14,2.30344e-16,9.99172e-25,0.00026846
5779,1.4353e-05,1.23337e-05,1.81045e-06,7.7867e-09,2.60815e-12,4.95473e-17,1.68235e-19,7.26578e-28,2.8505e-05
5780,3.2041e-05,2.75324e-05,4.56931e-06,3.01278e-08,2.32911e-11,3.32515e-15,1.12802e-17,4.85479e-26,6.41729e-05
5781,2.56638e-06,2.20525e-06,2.5902e-07,5.80044e-10,9.53323e-14,2.51525e-18,8.53214e-21,3.67112e-29,5.03123e-06
5782,0,0,0,0,0,0,0,0,0
5783,0,0,0,0,0,0,0,0,0
5784,0.000200169,0.000171987,3.37028e-05,3.81148e-07,6.81675e-10,2.74052e-13,9.27187e-16,3.94902e-24,0.000406241
5785,0,0,0,0,0,0,0,0,0
5786,0,0,0,0,0,0,0,0,0
5787,4.1775e-05,3.58904e-05,6.18955e-06,4.63746e-08,4.4282e-11,8.4651e-15,2.85571e-17,1.20281e-25,8.39014e-05
5788,0.000260832,0.000224085,4.36028e-05,5.06575e-07,1.01923e-09,4.87481e-13,1.64365e-15,6.90875e-24,0.000529027
5789,3.58584e-06,3.08057e-06,3.79098e-07,9.86363e-10,2.03438e-13,7.00344e-18,2.35876e-20,9.87245e-29,7.0465e-06
5790,2.04001e-05,1.75251e-05,2.74555e-06,1.53367e-08,9.81865e-12,1.26003e-15,4.24034e-18,1.76921e-26,4.06861e-05
5791,4.93075e-05,4.23581e-05,7.25384e-06,5.52393e-08,5.7107e-11,1.25026e-14,4.20612e-17,1.75279e-25,9.89748e-05
5792,5.79425e-05,4.9774e-05,8.21523e-06,5.43218e-08,4.48232e-11,7.6598e-15,2.57312e-17,1.06619e-25,0.000115986
5793,0,0,0,0,0,0,0,0,0
5794,0.000131324,0.000112805,2.09171e-05,2.00173e-07,2.84413e-10,8.92935e-14,2.99446e-16,1.23259e-24,0.000265246
5795,0,0,0,0,0,0,0,0,0
5796,0,0,0,0,0,0,0,0,0
5797,2.58157e-05,2.21737e-05,3.2442e-06,1.44417e-08,6.37825e-12,5.12885e-16,1.71649e-18,7.01059e-27,5.1248e-05
5798,0,0,0,0,0,0,0,0,0
5799,0.000343847,0.000295325,6.57699e-05,1.13762e-06,3.79743e-09,2.95882e-12,9.88818e-15,4.01623e-23,0.000706083
5800,0.000182295,0.000156564,3.02516e-05,3.28177e-07,5.5464e-10,2.10071e-13,7.01152e-16,2.8339e-24,0.00036944
5801,0,0,0,0,0,0,0,0,0
5802,0.000342897,0.000294484,6.01781e-05,7.85849e-07,1.73676e-09,8.64508e-13,2.88142e-15,1.15833e-23,0.000698347
5803,0,0,0,0,0,0,0,0,0
5804,0,0,0,0,0,0,0,0,0
5805,0,0,0,0,0,0,0,0,0
5806,0.000274467,0.000235691,4.68866e-05,5.66072e-07,1.13231e-09,5.13786e-13,1.70684e-15,6.77488e-24,0.000557611
5807,5.00382e-05,4.29678e-05,7.59749e-06,6.19104e-08,6.76371e-11,1.53218e-14,5.08568e-17,2.01193e-25,0.000100666
5808,4.59274e-06,3.94371e-06,5.02151e-07,1.46181e-09,3.5975e-13,1.55064e-17,5.14393e-20,2.03039e-28,9.04007e-06
5809,5.4335e-05,4.66549e-05,7.59325e-06,4.78505e-08,3.6366e-11,5.60595e-15,1.85759e-17,7.30083e-26,0.000108631
5810,0,0,0,0,0,0,0,0,0
5811,0.000134608,0.000115575,2.14294e-05,2.04579e-07,2.86798e-10,8.73702e-14,2.88966e-16,1.12747e-24,0.000271818
5812,0.000120321,0.000103305,1.86094e-05,1.57964e-07,1.71858e-10,3.6237e-14,1.19743e-16,4.65606e-25,0.000242394
5813,0.000277009,0.00023783,5.28371e-05,8.87088e-07,2.74624e-09,1.94163e-12,6.41182e-15,2.48688e-23,0.000568566
5814,2.82249e-05,2.42324e-05,3.93215e-06,2.40334e-08,1.6104e-11,1.80697e-15,5.96354e-18,2.30763e-26,5.64135e-05
5815,0,0,0,0,0,0,0,0,0
5816,1.0511e-06,9.02364e-07,8.43068e-08,5.89005e-11,1.46503e-18,2.96265e-18,9.76014e-21,3.75075e-29,2.03783e-06
5817,8.65103e-05,7.42669e-05,1.23872e-05,8.62322e-08,7.94887e-11,1.59122e-14,5.23703e-17,2.00499e-25,0.000173251
5818,0,0,0,0,0,0,0,0,0
5819,0,0,0,0,0,0,0,0,0
5820,0,0,0,0,0,0,0,0,0
5821,0,0,0,0,0,0,0,0,0
5822,0,0,0,0,0,0,0,0,0
5823,0.000115269,9.89403e-05,1.80889e-05,1.66486e-07,2.22066e-10,6.26415e-14,2.05166e-16,7.70855e-25,0.000232465
5824,6.62527e-05,5.68658e-05,8.9273e-06,5.17862e-08,3.67496e-11,5.44703e-15,1.78219e-17,6.66954e-26,0.000132098
5825,0.000137689,0.000118179,2.16695e-05,2.01686e-07,2.73121e-10,7.96361e-14,2.60428e-16,9.72726e-25,0.000277739
5826,7.10831e-05,6.10087e-05,1.05866e-05,8.37635e-08,9.14653e-11,2.09395e-14,6.84015e-17,2.54398e-25,0.000142762
5827,7.72022e-06,6.62587e-06,9.07164e-07,3.3442e-09,1.18723e-12,8.0498e-17,2.62733e-19,9.73949e-28,1.52566e-05
5828,1.17055e-05,1.0046e-05,1.31709e-06,4.1741e-09,1.12035e-12,4.82908e-17,1.57471e-19,5.81698e-28,2.30728e-05
5829,8.2374e-05,7.06949e-05,1.33527e-05,1.33678e-07,1.94604e-10,5.92305e-14,1.93092e-16,7.12541e-25,0.000166555
5830,2.19737e-05,1.88578e-05,2.70718e-06,1.15287e-08,4.94785e-12,3.97379e-16,1.29441e-18,4.76158e-27,4.35502e-05
5831,4.48351e-05,3.84754e-05,6.27757e-06,4.12835e-08,3.54872e-11,6.55533e-15,2.13199e-17,7.79574e-26,8.96294e-05
5832,3.00587e-05,2.57948e-05,3.77398e-06,1.75087e-08,8.91644e-12,9.06251e-16,2.9461e-18,1.07542e-26,5.9645e-05
5833,6.18783e-05,5.3099e-05,9.02026e-06,6.69327e-08,6.7351e-11,1.43898e-14,4.67377e-17,1.70024e-25,0.000124065
5834,2.88585e-05,2.47635e-05,3.93426e-06,2.38565e-08,1.79013e-11,2.77102e-15,8.99408e-18,3.26327e-26,5.75801e-05
5835,4.63674e-05,3.97864e-05,6.93961e-06,5.41257e-08,5.47209e-11,1.0991e-14,3.56327e-17,1.28703e-25,9.31476e-05
5836,0,0,0,0,0,0,0,0,0
5837,0.000101803,8.73503e-05,1.54913e-05,1.28144e-07,1.44494e-10,3.48508e-14,1.1284e-16,4.05541e-25,0.000204773
5838,0,0,0,0,0,0,0,0,0
5839,0.000140737,0.00012075,2.45544e-05,3.10908e-07,6.41378e-10,2.91833e-13,9.43056e-16,3.36382e-24,0.000286352
5840,5.20052e-05,4.46182e-05,7.92005e-06,6.56777e-08,7.41392e-11,1.75725e-14,5.67303e-17,2.01594e-25,0.000104609
5841,8.12789e-07,6.97332e-07,6.96158e-08,9.40293e-11,7.39235e-15,8.43668e-20,2.72295e-22,9.66641e-31,1.57983e-06
5842,0,0,0,0,0,0,0,0,0
5843,1.57534e-05,1.35148e-05,2.02083e-06,9.57498e-09,4.36456e-12,2.84138e-16,9.15177e-19,3.22317e-27,3.12987e-05
5844,9.73439e-05,8.35096e-05,1.45397e-05,1.1933e-07,1.44016e-10,3.81339e-14,1.2278e-16,4.31811e-25,0.000195513
5845,2.00314e-06,1.71841e-06,1.95319e-07,4.02977e-10,6.20395e-14,1.67147e-18,5.37616e-21,1.88331e-29,3.91727e-06
5846,9.98436e-05,8.56491e-05,1.43034e-05,9.68789e-08,7.6648e-11,1.08337e-14,3.4813e-17,1.21509e-25,0.000199893
5847,5.6459e-05,4.84311e-05,8.09888e-06,5.72414e-08,5.38052e-11,1.07355e-14,3.4471e-17,1.19963e-25,0.000113046
5848,0.000112821,9.67767e-05,1.75638e-05,1.5866e-07,2.09818e-10,6.13009e-14,1.96692e-16,6.82593e-25,0.00022732
5849,4.29542e-05,3.68449e-05,6.35851e-06,4.81356e-08,4.70413e-11,9.28537e-15,2.97708e-17,1.03015e-25,8.62058e-05
5850,3.68878e-05,3.16403e-05,5.35619e-06,3.83583e-08,3.51644e-11,6.65832e-15,2.13246e-17,7.34769e-26,7.39227e-05
5851,9.29118e-06,7.96918e-06,1.11662e-06,4.42733e-09,1.7341e-12,1.28981e-16,4.12644e-19,1.41593e-27,1.83814e-05
5852,0,0,0,0,0,0,0,0,0
5853,9.26103e-05,7.94307e-05,1.49604e-05,1.52847e-07,2.36489e-10,7.87001e-14,2.51528e-16,8.59712e-25,0.000187154
5854,0.000143021,0.000122663,2.28632e-05,2.21424e-07,3.06567e-10,8.35431e-14,2.66735e-16,9.08111e-25,0.000288769
5855,0,0,0,0,0,0,0,0,0
5856,0,0,0,0,0,0,0,0,0
5857,0,0,0,0,0,0,0,0,0
5858,4.48946e-05,3.84999e-05,6.68532e-06,5.17457e-08,5.25626e-11,1.09396e-14,3.48007e-17,1.16825e-25,9.01317e-05
5859,0,0,0,0,0,0,0,0,0
5860,0,0,0,0,0,0,0,0,0
5861,0,0,0,0,0,0,0,0,0
5862,0,0,0,0,0,0,0,0,0
5863,6.29556e-05,5.39819e-05,8.96889e-06,6.09917e-08,5.26025e-11,9.43788e-15,2.9909e-17,9.89303e-26,0.000125968
5864,0.000219245,0.000187987,3.88076e-05,5.33695e-07,1.28987e-09,7.01448e-13,2.22042e-15,7.31259e-24,0.000446574
5865,0.000129853,0.000111337,2.02172e-05,1.82255e-07,2.32909e-10,6.24977e-14,1.97687e-16,6.49173e-25,0.00026159
5866,0.000322148,0.000276209,5.81662e-05,8.41733e-07,2.19688e-09,1.33465e-12,4.21986e-15,1.38348e-23,0.000657367
5867,0,0,0,0,0,0,0,0,0
5868,0,0,0,0,0,0,0,0,0
5869,0.00037331,0.000320045,7.35063e-05,1.32563e-06,4.0193e-09,1.99334e-12,6.28286e-15,2.03511e-23,0.000768191
5870,0,0,0,0,0,0,0,0,0
5871,0,0,0,0,0,0,0,0,0
5872,0.000173243,0.000148514,2.69911e-05,2.45593e-07,3.29455e-10,9.82976e-14,3.09196e-16,9.93669e-25,0.000348994
5873,4.33119e-05,3.71287e-05,6.03566e-06,3.94356e-08,3.34951e-11,6.02484e-15,1.89383e-17,6.07025e-26,8.65158e-05
5874,0,0,0,0,0,0,0,0,0
5875,0,0,0,0,0,0,0,0,0
5876,8.8774e-05,7.60946e-05,1.3271e-05,1.04867e-07,1.09599e-10,2.25116e-14,7.05796e-17,2.23978e-25,0.000178245
5877,0.00010979,9.41064e-05,1.84614e-05,2.1e-07,3.73322e-10,1.44867e-13,4.53776e-16,1.43487e-24,0.000222568
5878,0,0,0,0,0,0,0,0,0
5879,2.89658e-05,2.48268e-05,3.94517e-06,2.46905e-08,2.07331e-11,3.84127e-15,1.20133e-17,3.77558e-26,5.77626e-05
5880,8.45284e-05,7.24477e-05,1.24956e-05,9.51913e-08,9.49908e-11,1.93299e-14,6.04016e-17,1.89212e-25,0.000169567
5881,3.92238e-05,3.3617e-05,5.04435e-06,2.41779e-08,1.23044e-11,1.48195e-15,4.62608e-18,1.44352e-26,7.79093e-05
5882,0,0,0,0,0,0,0,0,0
5883,0.000111966,9.59564e-05,1.80471e-05,1.84921e-07,2.85866e-10,8.97242e-14,2.79606e-16,8.66714e-25,0.000226155
5884,0,0,0,0,0,0,0,0,0
5885,8.36499e-05,7.16854e-05,1.35361e-05,1.36612e-07,2.03764e-10,6.47369e-14,2.01422e-16,6.20588e-25,0.000169008
5886,1.16244e-05,9.96141e-06,1.43349e-06,6.16835e-09,2.66913e-12,2.12446e-16,6.60225e-19,2.02492e-27,2.30255e-05
5887,8.18482e-05,7.01371e-05,1.22943e-05,1.00904e-07,1.17076e-10,2.90245e-14,9.01313e-17,2.75616e-25,0.000164381
5888,6.4094e-05,5.49218e-05,9.09979e-06,6.112e-08,5.08985e-11,8.53775e-15,2.64906e-17,8.07453e-26,0.000128177
5889,6.04924e-06,5.18347e-06,6.15495e-07,7.94062e-10,5.6163e-13,1.21686e-15,3.77344e-18,1.14761e-26,1.1849e-05
5890,0.00010028,8.59248e-05,1.59715e-05,1.59096e-07,2.44083e-10,8.17786e-14,2.53295e-16,7.66843e-25,0.000202336
5891,0,0,0,0,0,0,0,0,0
5892,0.000118955,0.000101923,1.81971e-05,1.59536e-07,2.03916e-10,5.55594e-14,1.7191e-16,5.18397e-25,0.000239234
5893,0,0,0,0,0,0,0,0,0
5894,1.59728e-05,1.3685e-05,2.06063e-06,1.02885e-08,5.6412e-12,6.08982e-16,1.88062e-18,5.62849e-27,3.17287e-05
5895,0,0,0,0,0,0,0,0,0
5896,0.000135599,0.000116171,2.18572e-05,2.24716e-07,3.63624e-10,1.31684e-13,4.06025e-16,1.20789e-24,0.000273852
5897,5.53722e-05,4.74369e-05,8.45866e-06,7.14672e-08,8.26073e-11,1.98175e-14,6.10263e-17,1.80655e-25,0.000111339
5898,0.000123057,0.00010542,1.87206e-05,1.5983e-07,1.93843e-10,4.99568e-14,1.53743e-16,4.54036e-25,0.000247357
5899,1.42152e-05,1.21777e-05,1.78967e-06,8.10273e-09,3.55255e-12,2.52478e-16,7.76663e-19,2.28979e-27,2.81906e-05
5900,0.000257909,0.000220937,4.85237e-05,7.81737e-07,2.23508e-09,1.39018e-12,4.27356e-15,1.25671e-23,0.000528154
5901,3.46054e-06,2.96435e-06,7.4397e-07,1.62263e-08,4.16399e-11,1.74451e-14,5.35589e-17,1.56711e-25,7.18513e-06
5902,0,0,0,0,0,0,0,0,0
5903,2.58826e-05,2.21705e-05,3.5654e-06,2.18977e-08,1.6199e-11,2.43362e-15,7.46225e-18,2.17294e-26,5.16405e-05
5904,1.36334e-05,1.16778e-05,1.71628e-06,7.90915e-09,3.79066e-12,3.3922e-16,1.03927e-18,3.01629e-27,2.70354e-05
5905,0,0,0,0,0,0,0,0,0
5906,4.31995e-05,3.70007e-05,5.75582e-06,3.10981e-08,1.73805e-11,1.58723e-15,4.85463e-18,1.39983e-26,8.59872e-05
5907,6.50589e-05,5.5722e-05,9.36016e-06,6.65222e-08,6.08649e-11,1.11132e-14,3.39595e-17,9.7578e-26,0.000130208
5908,0,0,0,0,0,0,0,0,0
5909,0,0,0,0,0,0,0,0,0
5910,8.82512e-06,7.55792e-06,9.51179e-07,1.70068e-08,1.26196e-10,1.18964e-13,3.62642e-16,1.0322e-24,1.73514e-05
5911,0,0,0,0,0,0,0,0,0
5912,0.000119968,0.000102738,2.03462e-05,2.38908e-07,4.42869e-10,1.77877e-13,5.4135e-16,1.53125e-24,0.000243291
5913,0.000194133,0.000166247,3.19167e-05,3.45754e-07,5.84566e-10,2.16744e-13,6.58977e-16,1.85677e-24,0.000392643
5914,0,0,0,0,0,0,0,0,0
5915,0,0,0,0,0,0,0,0,0
5916,2.29635e-05,1.96632e-05,3.07639e-06,1.68391e-08,9.31597e-12,7.2917e-16,2.21118e-18,6.16801e-27,4.57199e-05
5917,4.16017e-05,3.56221e-05,5.50546e-06,3.14923e-08,2.29604e-11,3.54818e-15,1.07525e-17,2.99155e-26,8.27607e-05
5918,3.8578e-05,3.30319e-05,5.07718e-06,2.67906e-08,1.52698e-11,1.59275e-15,4.82161e-18,1.33599e-26,7.67139e-05
5919,9.30423e-06,7.96653e-06,1.10947e-06,4.32069e-09,1.61754e-12,1.09059e-16,3.30028e-19,9.132e-28,1.83845e-05
5920,7.14144e-05,6.11453e-05,1.12645e-05,1.05377e-07,1.39867e-10,3.83187e-14,1.1586e-16,3.19541e-25,0.00014393
5921,5.1208e-05,4.38425e-05,7.72597e-06,6.31337e-08,6.9871e-11,1.60645e-14,4.85012e-17,1.33009e-25,0.00010284
5922,3.28319e-05,2.81094e-05,4.22861e-06,2.09311e-08,1.0993e-11,1.05971e-15,3.19902e-18,8.76878e-27,6.51908e-05
5923,0.00010941,9.36701e-05,1.67765e-05,1.45298e-07,1.76477e-10,4.45155e-14,1.3427e-16,3.66851e-25,0.000220002
5924,0.0001089,9.32309e-05,1.57005e-05,1.11532e-07,1.00957e-10,1.84471e-14,5.55867e-17,1.51301e-25,0.000217943
5925,3.18396e-05,2.72576e-05,4.10306e-06,2.05056e-08,1.10995e-11,1.12055e-15,3.37387e-18,9.1552e-27,6.32207e-05
5926,0,0,0,0,0,0,0,0,0
5927,2.80904e-05,2.40465e-05,3.89217e-06,2.42342e-08,1.77013e-11,2.44772e-15,7.35607e-18,1.98167e-26,5.60533e-05
5928,0,0,0,0,0,0,0,0,0
5929,2.13061e-06,1.82378e-06,1.92958e-07,2.32481e-10,3.47623e-16,5.68329e-18,1.70446e-20,4.55518e-29,4.14758e-06
5930,0.000104641,8.9569e-05,1.55746e-05,1.27567e-07,1.52975e-10,4.0195e-14,1.20448e-16,3.20864e-25,0.000209912
5931,0,0,0,0,0,0,0,0,0
5932,8.21434e-06,7.03085e-06,9.50284e-07,3.25387e-09,8.68333e-13,2.64942e-17,7.92736e-20,2.09963e-28,1.61987e-05
5933,2.57304e-06,2.20227e-06,2.31591e-07,2.02178e-10,9.25897e-14,1.08772e-16,3.25198e-19,8.58633e-28,5.0071e-06
5934,2.98792e-05,2.55729e-05,4.16348e-06,2.62515e-08,1.90202e-11,2.43814e-15,7.28248e-18,1.91586e-26,5.96418e-05
5935,2.78746e-05,2.3857e-05,3.84705e-06,2.35355e-08,1.63006e-11,1.97338e-15,5.89174e-18,1.54737e-26,5.56022e-05
5936,0.000101857,8.71736e-05,1.55353e-05,1.33867e-07,1.65689e-10,4.44147e-14,1.3247e-16,3.46546e-25,0.0002047
5937,0,0,0,0,0,0,0,0,0
5938,0,0,0,0,0,0,0,0,0
5939,0,0,0,0,0,0,0,0,0
5940,6.12074e-05,5.23785e-05,9.44518e-06,8.30443e-08,1.01915e-10,2.60942e-14,7.75802e-17,2.00464e-25,0.000123114
5941,1.47422e-05,1.26152e-05,1.73426e-06,6.65662e-09,2.55671e-12,1.82029e-16,5.40521e-19,1.39004e-27,2.90983e-05
5942,0,0,0,0,0,0,0,0,0
5943,5.64359e-05,4.82912e-05,8.60101e-06,7.25607e-08,8.30073e-11,1.92367e-14,5.70403e-17,1.45878e-25,0.000113401
5944,5.51945e-06,4.72274e-06,6.10694e-07,1.88567e-09,5.00849e-13,2.2642e-17,6.70691e-20,1.70851e-28,1.08548e-05
5945,0,0,0,0,0,0,0,0,0
5946,0.000139948,0.000119742,2.36953e-05,2.86447e-07,5.68075e-10,2.45871e-13,7.2726e-16,1.84234e-24,0.000283673
5947,0.000119475,0.000102221,1.9308e-05,2.01892e-07,3.24223e-10,1.08258e-13,3.19873e-16,8.06985e-25,0.000241206
5948,8.09273e-05,6.92394e-05,1.22488e-05,1.04721e-07,1.28838e-10,3.33968e-14,9.86335e-17,2.4839e-25,0.00016252
5949,1.48427e-05,1.26988e-05,1.88548e-06,9.0462e-09,4.66421e-12,4.63184e-16,1.36715e-18,3.43498e-27,2.94361e-05
5950,0.000227686,0.000194793,3.82037e-05,4.36677e-07,7.78374e-10,2.9763e-13,8.77669e-16,2.19719e-24,0.00046112
5951,2.66075e-05,2.27633e-05,3.65921e-06,2.24819e-08,1.64722e-11,2.38756e-15,7.0365e-18,1.7576e-26,5.30525e-05
5952,0.00011597,9.92111e-05,1.81833e-05,1.7323e-07,2.52872e-10,8.22281e-14,2.42084e-16,6.02225e-25,0.000233538
5953,0,0,0,0,0,0,0,0,0
5954,8.79902e-05,7.52706e-05,1.30928e-05,1.04462e-07,1.15296e-10,2.72083e-14,7.99561e-17,1.97501e-25,0.000176458
5955,3.3991e-06,2.90768e-06,3.34917e-07,5.95571e-10,1.24918e-14,6.769e-18,1.98792e-20,4.89829e-29,6.64229e-06
5956,1.88033e-05,1.60843e-05,2.45987e-06,1.28705e-08,7.33594e-12,7.72531e-16,2.26616e-18,5.55909e-27,3.73603e-05
5957,7.07647e-05,6.053e-05,1.11238e-05,1.0399e-07,1.39621e-10,3.94772e-14,1.15695e-16,2.82782e-25,0.000142523
5958,1.29961e-05,1.11164e-05,1.58187e-06,6.12297e-09,1.45187e-12,7.02586e-19,2.05857e-21,5.02702e-30,2.57005e-05
5959,3.64449e-05,3.11728e-05,5.22995e-06,3.67739e-08,3.27717e-11,5.90557e-15,1.72881e-17,4.20751e-26,7.28845e-05
5960,1.86296e-05,1.59342e-05,2.44036e-06,1.29344e-08,7.7397e-12,9.13612e-16,2.67189e-18,6.47786e-27,3.70171e-05
5961,0,0,0,0,0,0,0,0,0
5962,3.09023e-06,2.643e-06,3.12314e-07,7.08143e-10,1.0699e-13,1.86717e-18,5.45296e-21,1.31489e-29,6.04625e-06
5963,5.12376e-05,4.38207e-05,7.0717e-06,4.45523e-08,3.46203e-11,5.41273e-15,1.5789e-17,3.78992e-26,0.000102175
5964,0,0,0,0,0,0,0,0,0
5965,4.04867e-05,3.46242e-05,5.18695e-06,2.61955e-08,1.51498e-11,1.75835e-15,5.12034e-18,1.22095e-26,8.0324e-05
5966,0,0,0,0,0,0,0,0,0
5967,7.00889e-05,5.99372e-05,9.60486e-06,5.97654e-08,4.70332e-11,7.89651e-15,2.29635e-17,5.44688e-26,0.000139691
5968,5.98216e-05,5.11553e-05,8.33969e-06,5.34562e-08,4.12918e-11,6.34289e-15,1.84212e-17,4.34727e-26,0.00011937
5969,1.33741e-05,1.14362e-05,1.66646e-06,7.4881e-09,3.39859e-12,2.7258e-16,7.90896e-19,1.85971e-27,2.64843e-05
5970,3.32723e-05,2.84511e-05,4.11083e-06,1.84478e-08,8.89996e-12,8.26729e-16,2.39847e-18,5.63701e-27,6.58527e-05
5971,0,0,0,0,0,0,0,0,0
5972,0.000112761,9.64159e-05,1.73951e-05,1.62696e-07,2.34662e-10,7.2456e-14,2.09779e-16,4.89167e-25,0.000226735
5973,8.74188e-06,7.47459e-06,1.02692e-06,3.83706e-09,1.33466e-12,8.03467e-17,2.32512e-19,5.41166e-28,1.72472e-05
5974,7.88767e-05,6.74391e-05,1.14144e-05,8.23544e-08,7.53129e-11,1.36701e-14,3.95026e-17,9.14315e-26,0.000157813
5975,0.000124742,0.000106653,1.94555e-05,1.8058e-07,2.475e-10,7.34456e-14,2.12204e-16,4.90869e-25,0.000251031
5976,1.97333e-05,1.68709e-05,2.59572e-06,1.38951e-08,8.25623e-12,9.26951e-16,2.67408e-18,6.1488e-27,3.92138e-05
5977,0.000120747,0.000103232,1.8659e-05,1.75646e-07,2.59072e-10,8.41017e-14,2.42539e-16,5.57004e-25,0.000242814
5978,0,0,0,0,0,0,0,0,0
5979,0,0,0,0,0,0,0,0,0
5980,2.54989e-05,2.17981e-05,3.47322e-06,2.07544e-08,1.44531e-11,1.93055e-15,5.55126e-18,1.26054e-26,5.0791e-05
5981,0,0,0,0,0,0,0,0,0
5982,4.18822e-05,3.58021e-05,5.55144e-06,3.04585e-08,1.87302e-11,2.17535e-15,6.24708e-18,1.41146e-26,8.32662e-05
5983,7.6123e-05,6.50707e-05,1.09708e-05,7.8557e-08,7.1947e-11,1.33261e-14,3.82449e-17,8.61964e-26,0.000152243
5984,2.49207e-05,2.13019e-05,3.38621e-06,2.01507e-08,1.40973e-11,1.93259e-15,5.54136e-18,1.24455e-26,4.9629e-05
5985,0.000227405,0.000194379,4.17401e-05,6.32257e-07,1.6587e-09,9.32101e-13,2.671e-15,5.9846e-24,0.000464158
5986,0,0,0,0,0,0,0,0,0
5987,0,0,0,0,0,0,0,0,0
5988,4.73082e-05,4.04343e-05,6.46056e-06,3.9756e-08,3.04313e-11,4.83441e-15,1.38191e-17,3.06673e-26,9.42428e-05
5989,3.21283e-05,2.74595e-05,4.52038e-06,3.00594e-08,2.4779e-11,4.09773e-15,1.17029e-17,2.58823e-26,6.41382e-05
5990,3.50381e-05,2.99451e-05,4.72007e-06,2.77708e-08,1.85115e-11,2.02508e-15,5.77609e-18,1.2711e-26,6.97311e-05
5991,3.47377e-05,2.96877e-05,4.66633e-06,2.77089e-08,2.02542e-11,2.96145e-15,8.44057e-18,1.85209e-26,6.91194e-05
5992,9.98044e-05,8.52932e-05,1.5943e-05,1.61971e-07,2.4966e-10,8.05025e-14,2.2925e-16,5.01389e-25,0.000201203
5993,0.000116036,9.91624e-05,1.79431e-05,1.62982e-07,2.16589e-10,6.14831e-14,1.74967e-16,3.81643e-25,0.000233305
5994,6.81416e-05,5.82306e-05,1.05352e-05,9.18936e-08,1.0127e-10,1.77911e-14,5.05671e-17,1.09776e-25,0.000136999
5995,3.89958e-05,3.33237e-05,5.62779e-06,4.04953e-08,3.71793e-11,6.84216e-15,1.94439e-17,4.21816e-26,7.79878e-05
5996,2.54865e-05,2.17787e-05,3.00876e-06,1.16652e-08,4.47599e-12,3.16629e-16,8.98918e-19,1.94283e-27,5.02856e-05
5997,7.56559e-06,6.46476e-06,8.68977e-07,3.03466e-09,9.5082e-13,4.97868e-17,1.41207e-19,3.04028e-28,1.49024e-05
5998,9.32236e-06,7.96577e-06,1.00055e-06,2.81419e-09,6.33733e-13,2.19948e-17,6.23458e-20,1.33931e-28,1.82915e-05
5999,1.40808e-05,1.20313e-05,1.76781e-06,8.24966e-09,4.0907e-12,3.87323e-16,1.09668e-18,2.34578e-27,2.78881e-05
6000,0.000128159,0.000109503,2.01122e-05,1.92162e-07,2.77248e-10,8.73509e-14,2.472e-16,5.27702e-25,0.000257966
6001,2.91747e-05,2.49271e-05,4.04416e-06,2.56878e-08,1.9722e-11,2.98214e-15,8.42995e-18,1.79179e-26,5.81717e-05
6002,7.73154e-05,6.60579e-05,1.22496e-05,1.18207e-07,1.65755e-10,4.86639e-14,1.37505e-16,2.91784e-25,0.000155741
6003,1.50768e-05,1.28811e-05,1.75897e-06,6.59151e-09,2.38511e-12,1.51688e-16,4.28126e-19,9.0452e-28,2.97234e-05
6004,2.55308e-05,2.18122e-05,3.41132e-06,1.96841e-08,1.3209e-11,1.67374e-15,4.72142e-18,9.95411e-27,5.0774e-05
6005,0,0,0,0,0,0,0,0,0
6006,4.8911e-05,4.17846e-05,7.2748e-06,5.76548e-08,6.08914e-11,1.30763e-14,3.6815e-17,7.70351e-26,9.80281e-05
6007,0.000139266,0.000118971,2.1793e-05,2.12983e-07,3.29582e-10,1.12996e-13,3.17797e-16,6.62288e-25,0.000280243
6008,4.90833e-06,4.19299e-06,5.3289e-07,1.58076e-09,4.08173e-13,1.88071e-17,5.28753e-20,1.10041e-28,9.63579e-06
6009,0,0,0,0,0,0,0,0,0
6010,8.13945e-05,6.95282e-05,1.17949e-05,8.9253e-08,9.1819e-11,1.895e-14,5.31858e-17,1.09955e-25,0.000162807
6011,5.24706e-05,4.48196e-05,7.89266e-06,6.38131e-08,6.82184e-11,1.50414e-14,4.21667e-17,8.67816e-26,0.000105247
6012,4.64776e-05,3.96998e-05,6.36771e-06,4.16625e-08,3.66309e-11,6.74778e-15,1.89071e-17,3.88371e-26,9.25868e-05
6013,1.81839e-05,1.55316e-05,2.3591e-06,1.21971e-08,6.9417e-12,7.48728e-16,2.0951e-18,4.28117e-27,3.60868e-05
6014,1.90811e-05,1.62975e-05,2.4929e-06,1.31944e-08,7.80651e-12,8.87948e-16,2.48285e-18,5.05919e-27,3.78847e-05
6015,0.000340955,0.000291211,6.01159e-05,8.4515e-07,2.16682e-09,1.28028e-12,3.57823e-15,7.27818e-24,0.000693129
6016,0.00020232,0.000172796,3.15385e-05,2.91457e-07,3.88089e-10,1.08245e-13,3.02195e-16,6.1203e-25,0.000406946
6017,4.89741e-05,4.18263e-05,7.28268e-06,5.78972e-08,6.18042e-11,1.35623e-14,3.78254e-17,7.63139e-26,9.8141e-05
6018,0,0,0,0,0,0,0,0,0
6019,0.000176449,0.000150691,2.91058e-05,3.27147e-07,5.92485e-10,2.32016e-13,6.46347e-16,1.29819e-24,0.000356573
6020,2.07766e-06,1.77431e-06,1.95567e-07,3.43646e-10,2.76516e-14,1.23736e-20,3.44418e-23,6.89562e-32,4.04789e-06
6021,2.35073e-05,2.00742e-05,3.09967e-06,1.72386e-08,1.10168e-11,1.32763e-15,3.69026e-18,7.34816e-27,4.66984e-05
6022,0,0,0,0,0,0,0,0,0
6023,0,0,0,0,0,0,0,0,0
6024,4.39233e-06,3.75062e-06,4.65673e-07,1.25841e-09,2.58596e-13,7.0401e-18,1.95287e-20,3.85801e-29,8.60988e-06
6025,2.94901e-05,2.51809e-05,4.08101e-06,2.58264e-08,1.953e-11,2.83706e-15,7.8612e-18,1.54649e-26,5.87779e-05
6026,1.79489e-05,1.53258e-05,2.22747e-06,8.5349e-09,7.96107e-13,7.61801e-16,2.10926e-18,4.13721e-27,3.55107e-05
6027,0,0,0,0,0,0,0,0,0
6028,1.37329e-05,1.17253e-05,1.54578e-06,5.03009e-09,1.3535e-12,5.7444e-17,1.58811e-19,3.09693e-28,2.7009e-05
6029,0,0,0,0,0,0,0,0,0
6030,3.45343e-05,2.9484e-05,4.71996e-06,2.98793e-08,2.39206e-11,3.87698e-15,1.06969e-17,2.06976e-26,6.87681e-05
6031,4.53285e-05,3.86993e-05,6.46855e-06,4.65035e-08,4.36624e-11,8.1462e-15,2.24694e-17,4.34277e-26,9.05429e-05
6032,3.23878e-05,2.76506e-05,4.21452e-06,2.26672e-08,1.45052e-11,1.89647e-15,5.22749e-18,1.00774e-26,6.42756e-05
6033,5.36913e-07,4.58359e-07,2.10348e-08,1.94382e-10,1.20909e-12,4.09383e-16,1.12669e-18,2.15901e-27,1.0165e-06
6034,5.79645e-06,4.94829e-06,6.41013e-07,2.01267e-09,5.52707e-13,2.606e-17,7.16724e-20,1.36977e-28,1.13878e-05
6035,0.000112038,9.56424e-05,1.60316e-05,1.13367e-07,1.0228e-10,1.86164e-14,5.11762e-17,9.76267e-26,0.000223825
6036,4.99513e-06,4.26403e-06,5.2507e-07,1.26055e-09,1.16059e-13,2.61619e-18,7.18508e-21,1.36567e-29,9.78549e-06
6037,4.1918e-05,3.57816e-05,5.45026e-06,2.99613e-08,2.056e-11,2.94531e-15,8.08065e-18,1.52978e-26,8.31799e-05
6038,7.94499e-06,6.78185e-06,9.19922e-07,3.36478e-09,1.18662e-12,7.82057e-17,2.14481e-19,4.05446e-28,1.56501e-05
6039,0.000120273,0.000102662,1.75789e-05,1.3484e-07,1.40963e-10,3.10311e-14,8.50357e-17,1.60252e-25,0.000240648
6040,3.57605e-05,3.05233e-05,5.06435e-06,3.4338e-08,2.80216e-11,4.18535e-15,1.14565e-17,2.14973e-26,7.13825e-05
6041,0,0,0,0,0,0,0,0,0
6042,3.17938e-05,2.71363e-05,4.44691e-06,2.93276e-08,2.39684e-11,3.9206e-15,1.0716e-17,1.9993e-26,6.34064e-05
6043,0,0,0,0,0,0,0,0,0
6044,4.48241e-05,3.82557e-05,6.5424e-06,4.8751e-08,4.55902e-11,8.00899e-15,2.18513e-17,4.04859e-26,8.9671e-05
6045,0,0,0,0,0,0,0,0,0
6046,1.49989e-05,1.28004e-05,1.88093e-06,8.67494e-09,3.96156e-12,2.9039e-16,7.9116e-19,1.45779e-27,2.9689e-05
6047,6.0149e-05,5.13308e-05,8.20173e-06,5.24699e-08,4.50597e-11,8.33453e-15,2.26801e-17,4.15977e-26,0.000119734
6048,0,0,0,0,0,0,0,0,0
6049,0,0,0,0,0,0,0,0,0
6050,3.20872e-05,2.7381e-05,5.9387e-06,2.79889e-06,1.43048e-07,9.99042e-10,2.71159e-12,4.9237e-21,6.83499e-05
6051,3.27672e-05,2.79605e-05,4.07933e-06,1.92307e-08,1.01303e-11,1.0421e-15,2.82694e-18,5.12239e-27,6.48263e-05
6052,0,0,0,0,0,0,0,0,0
6053,3.88991e-05,3.3191e-05,5.58119e-06,3.98218e-08,3.60581e-11,6.46133e-15,1.74951e-17,3.14726e-26,7.77111e-05
6054,3.27997e-05,2.7986e-05,4.19906e-06,2.24736e-08,2.40574e-11,1.1841e-14,3.20331e-17,5.74292e-26,6.50073e-05
6055,0,0,0,0,0,0,0,0,0
6056,0,0,0,0,0,0,0,0,0
6057,0,0,0,0,0,0,0,0,0
6058,0.000176092,0.000150233,3.02197e-05,3.88334e-07,8.38716e-10,3.88691e-13,1.04801e-15,1.85473e-24,0.000356934
6059,0,0,0,0,0,0,0,0,0
6060,0,0,0,0,0,0,0,0,0
6061,0.000221818,0.000189231,4.03678e-05,6.06297e-07,1.5987e-09,9.23338e-13,2.48416e-15,4.35956e-24,0.000452025
6062,1.69729e-05,1.4479e-05,2.28692e-06,1.34238e-08,9.29711e-12,1.28354e-15,3.44975e-18,6.03023e-27,3.37522e-05
6063,4.51182e-05,3.84873e-05,6.57861e-06,4.89842e-08,4.54574e-11,7.69112e-15,2.06499e-17,3.59521e-26,9.02332e-05
6064,2.77602e-05,2.368e-05,3.8029e-06,2.3585e-08,1.76174e-11,2.59468e-15,6.96226e-18,1.20932e-26,5.52667e-05
6065,3.88029e-05,3.30989e-05,5.04686e-06,2.64134e-08,1.50413e-11,1.56297e-15,4.19088e-18,7.25923e-27,7.69751e-05
6066,0,0,0,0,0,0,0,0,0
6067,0,0,0,0,0,0,0,0,0
6068,7.42537e-05,6.33332e-05,1.06087e-05,7.53349e-08,6.88673e-11,1.27374e-14,3.40634e-17,5.84021e-26,0.000148271
6069,9.82689e-06,8.38143e-06,1.16645e-06,4.61873e-09,1.80067e-12,1.28537e-16,3.4348e-19,5.87153e-28,1.93794e-05
6070,2.3879e-05,2.03664e-05,3.18823e-06,1.80377e-08,1.12936e-11,1.25784e-15,3.36011e-18,5.73644e-27,4.74517e-05
6071,9.82225e-05,8.37711e-05,1.45426e-05,1.15007e-07,1.21226e-10,2.57354e-14,6.86773e-17,1.16781e-25,0.000196651
6072,0.000102355,8.72928e-05,1.52573e-05,1.2357e-07,1.35913e-10,3.06962e-14,8.18273e-17,1.3856e-25,0.000205029
6073,0,0,0,0,0,0,0,0,0
6074,9.46912e-07,8.07523e-07,7.94262e-08,9.80868e-11,5.03296e-15,1.18881e-20,3.16346e-23,5.32034e-32,1.83396e-06
6075,9.9529e-06,8.48766e-06,1.1794e-06,4.61246e-09,1.71558e-12,1.09737e-16,2.91858e-19,4.89849e-28,1.96246e-05
6076,4.97137e-05,4.23938e-05,7.08112e-06,5.10143e-08,4.78249e-11,8.6596e-15,2.30099e-17,3.84805e-26,9.92397e-05
6077,1.4798e-05,1.26188e-05,1.85751e-06,8.78403e-09,4.44333e-12,4.26142e-16,1.13154e-18,1.88722e-27,2.92831e-05
6078,0,0,0,0,0,0,0,0,0
6079,0,0,0,0,0,0,0,0,0
6080,8.07874e-05,6.88842e-05,1.14424e-05,8.18541e-08,8.0017e-11,1.66122e-14,4.39784e-17,7.25018e-26,0.000161196
6081,0,0,0,0,0,0,0,0,0
6082,4.19085e-05,3.57318e-05,6.05383e-06,4.42524e-08,4.11878e-11,7.47626e-15,1.97597e-17,3.23677e-26,8.37385e-05
6083,2.60097e-06,2.21761e-06,2.50144e-07,4.65819e-10,3.29611e-14,2.68182e-19,7.08695e-22,1.1602e-30,5.06919e-06
6084,4.83827e-05,4.12499e-05,7.14142e-06,5.61696e-08,5.92147e-11,1.27637e-14,3.36843e-17,5.48602e-26,9.68302e-05
6085,7.59793e-05,6.47766e-05,1.07776e-05,7.78709e-08,7.73096e-11,1.61696e-14,4.26343e-17,6.91955e-26,0.000151611
6086,5.80384e-05,4.94799e-05,7.57473e-06,4.07005e-08,2.50029e-11,3.00333e-15,7.91532e-18,1.28243e-26,0.000115134
6087,5.78093e-06,4.92829e-06,6.37472e-07,2.01536e-09,5.72525e-13,2.91945e-17,7.6848e-20,1.23915e-28,1.13487e-05
6088,3.10778e-05,2.64934e-05,4.29786e-06,2.72733e-08,2.0202e-11,2.6844e-15,7.06108e-18,1.13546e-26,6.18963e-05
6089,1.65583e-05,1.41155e-05,2.10413e-06,1.03032e-08,5.37064e-12,5.11357e-16,1.34445e-18,2.15804e-27,3.27882e-05
6090,6.23801e-05,5.31756e-05,8.70827e-06,5.78649e-08,4.81421e-11,7.94739e-15,2.08692e-17,3.33373e-26,0.000124322
6091,3.51204e-05,2.99377e-05,4.68457e-06,2.77433e-08,2.0297e-11,2.93783e-15,7.71056e-18,1.22927e-26,6.97704e-05
6092,8.5934e-05,7.32501e-05,1.19591e-05,7.76955e-08,5.93252e-11,1.03345e-14,2.70958e-17,4.30259e-26,0.000171221
6093,0,0,0,0,0,0,0,0,0
6094,9.08081e-05,7.74016e-05,1.25855e-05,8.46083e-08,7.60221e-11,1.43954e-14,3.7692e-17,5.9539e-26,0.00018088
6095,2.56153e-06,2.1833e-06,2.50845e-07,5.38016e-10,8.1808e-14,1.82718e-18,4.77957e-21,7.52188e-30,4.99621e-06
6096,0,0,0,0,0,0,0,0,0
6097,0.000143451,0.000122263,2.23385e-05,2.08114e-07,2.78666e-10,7.698e-14,2.00998e-16,3.14086e-25,0.000288261
6098,5.65423e-05,4.81893e-05,8.40479e-06,6.88195e-08,7.73841e-11,1.77036e-14,4.61865e-17,7.19408e-26,0.000113205
6099,0.0002112,0.000179996,3.49959e-05,4.25254e-07,9.09084e-10,4.33207e-13,1.12941e-15,1.75451e-24,0.000426619
6100,2.15872e-05,1.83974e-05,2.6096e-06,1.10542e-08,4.72637e-12,3.53991e-16,9.22464e-19,1.43049e-27,4.26053e-05
6101,0.000269049,0.000229285,4.63902e-05,6.25373e-07,1.52126e-09,8.29082e-13,2.15793e-15,3.33091e-24,0.000545351
6102,1.02289e-05,8.71685e-06,1.20865e-06,4.64423e-09,1.58019e-12,7.41408e-17,1.92759e-19,2.96263e-28,2.01591e-05
6103,0.000121208,0.000103289,2.02171e-05,2.326e-07,4.16014e-10,1.54523e-13,4.01583e-16,6.16245e-25,0.000244947
6104,9.788e-05,8.34081e-05,1.48756e-05,1.32569e-07,1.76296e-10,5.04724e-14,1.31075e-16,2.00571e-25,0.000196296
6105,1.40048e-05,1.19337e-05,1.60579e-06,5.86934e-09,2.15407e-12,1.53251e-16,3.97523e-19,6.05558e-28,2.75501e-05
6106,4.05646e-05,3.4565e-05,5.28563e-06,2.79809e-08,1.60944e-11,1.65485e-15,4.28965e-18,6.51726e-27,8.04432e-05
6107,0,0,0,0,0,0,0,0,0
6108,0.000136776,0.000116542,2.31573e-05,2.78496e-07,5.24853e-10,2.02029e-13,5.23012e-16,7.90607e-25,0.000276755
6109,0,0,0,0,0,0,0,0,0
6110,6.88923e-05,5.86964e-05,1.06281e-05,9.59376e-08,1.21165e-10,3.07565e-14,7.94398e-17,1.19021e-25,0.000138313
6111,0.000250315,0.000213266,4.61066e-05,7.25492e-07,2.04616e-09,1.26438e-12,3.26412e-15,4.88125e-24,0.000510416
6112,3.45939e-05,2.94727e-05,4.61194e-06,2.74015e-08,2.0201e-11,2.97699e-15,7.67755e-18,1.14358e-26,6.8706e-05
6113,0,0,0,0,0,0,0,0,0
6114,0,0,0,0,0,0,0,0,0
6115,2.71938e-05,2.31662e-05,3.54469e-06,1.91394e-08,1.10285e-11,9.74938e-16,2.50796e-18,3.69904e-27,5.39238e-05
6116,1.68184e-05,1.43273e-05,1.9615e-06,7.50738e-09,2.88552e-12,2.11351e-16,5.43473e-19,8.00371e-28,3.31147e-05
6117,2.95817e-05,2.51997e-05,3.8733e-06,2.18415e-08,1.50585e-11,2.08826e-15,5.3662e-18,7.88225e-27,5.86766e-05
6118,6.82466e-05,5.81346e-05,1.04523e-05,9.09126e-08,1.02054e-10,1.93038e-14,4.95403e-17,7.24013e-26,0.000136925
6119,2.9832e-05,2.54111e-05,3.8554e-06,2.03623e-08,1.16586e-11,1.05719e-15,2.71036e-18,3.94553e-27,5.91189e-05
6120,0,0,0,0,0,0,0,0,0
6121,0.000123109,0.000104861,2.01583e-05,2.21832e-07,3.63078e-10,1.11044e-13,2.84405e-16,4.12423e-25,0.00024835
6122,9.9373e-05,8.46412e-05,1.47165e-05,1.18146e-07,1.2928e-10,2.91348e-14,7.45432e-17,1.07666e-25,0.000198849
6123,0,0,0,0,0,0,0,0,0
6124,1.34181e-05,1.14282e-05,1.65506e-06,7.47463e-09,3.54496e-12,3.15649e-16,8.06148e-19,1.15621e-27,2.65089e-05
6125,0.000120418,0.000102557,1.87914e-05,1.81934e-07,2.68647e-10,8.39567e-14,2.14216e-16,3.06104e-25,0.000241949
6126,0,0,0,0,0,0,0,0,0
6127,2.60367e-05,2.21738e-05,3.13685e-06,1.35162e-08,6.24429e-12,5.57131e-16,1.41921e-18,2.0152e-27,5.13609e-05
6128,0,0,0,0,0,0,0,0,0
6129,0,0,0,0,0,0,0,0,0
6130,0,0,0,0,0,0,0,0,0
6131,3.56899e-05,3.03919e-05,5.029e-06,3.44458e-08,2.96336e-11,5.03771e-15,1.27947e-17,1.79592e-26,7.11452e-05
6132,4.37856e-05,3.72845e-05,5.47912e-06,2.60095e-08,1.32837e-11,1.26521e-15,3.20951e-18,4.48426e-27,8.65752e-05
6133,1.78799e-05,1.52247e-05,2.27484e-06,1.10838e-08,5.33335e-12,3.73271e-16,9.46094e-19,1.31753e-27,3.53905e-05
6134,0.000132087,0.00011247,2.13299e-05,2.3174e-07,4.02547e-10,1.47947e-13,3.74671e-16,5.20062e-25,0.000266119
6135,0,0,0,0,0,0,0,0,0
6136,0,0,0,0,0,0,0,0,0
6137,4.82044e-05,4.1042e-05,6.14786e-06,3.14239e-08,1.89786e-11,2.55308e-15,6.4507e-18,8.87421e-27,9.54257e-05
6138,2.71158e-05,2.30862e-05,3.67346e-06,2.22162e-08,1.58234e-11,2.14336e-15,5.41082e-18,7.41884e-27,5.38977e-05
6139,0,0,0,0,0,0,0,0,0
6140,3.56728e-05,3.03704e-05,5.01636e-06,3.40876e-08,2.8675e-11,4.65418e-15,1.17332e-17,1.60022e-26,7.10937e-05
6141,8.53426e-05,7.26549e-05,1.3165e-05,1.23575e-07,1.72564e-10,5.02791e-14,1.26631e-16,1.72056e-25,0.000171286
6142,0,0,0,0,0,0,0,0,0
6143,0,0,0,0,0,0,0,0,0
6144,5.04977e-05,4.2987e-05,7.45316e-06,5.91461e-08,6.28688e-11,1.34541e-14,3.3801e-17,4.54859e-26,0.000100997
6145,0.000105813,9.0072e-05,1.72208e-05,1.83753e-07,2.88718e-10,8.86829e-14,2.22562e-16,2.98267e-25,0.00021329
6146,0.000124656,0.000106111,1.84246e-05,1.51061e-07,1.772e-10,4.39962e-14,1.10378e-16,1.47733e-25,0.000249343
6147,2.72668e-05,2.32091e-05,3.69413e-06,2.23921e-08,1.60269e-11,2.18683e-15,5.47761e-18,7.28627e-27,5.41924e-05
6148,4.58678e-05,3.90418e-05,6.27405e-06,3.92835e-08,2.68071e-11,2.21172e-15,5.53884e-18,7.362e-27,9.1223e-05
6149,0.000138653,0.000118016,2.33021e-05,2.83297e-07,5.58131e-10,2.31461e-13,5.79278e-16,7.68023e-25,0.000280255
6150,8.03864e-05,6.84199e-05,1.26225e-05,1.21282e-07,1.67705e-10,4.6821e-14,1.1706e-16,1.54591e-25,0.00016155
6151,0,0,0,0,0,0,0,0,0
6152,9.33446e-05,7.9445e-05,1.4971e-05,1.54112e-07,2.37268e-10,7.56697e-14,1.88874e-16,2.47839e-25,0.000187915
6153,0.000183991,0.000156588,2.77697e-05,2.48007e-07,3.3343e-10,9.45688e-14,2.35787e-16,3.08076e-25,0.000368597
6154,4.0866e-05,3.47786e-05,5.83493e-06,4.14561e-08,3.64255e-11,5.94674e-15,1.48134e-17,1.9287e-26,8.15211e-05
6155,2.22726e-06,1.89545e-06,2.10033e-07,3.86929e-10,3.75409e-14,1.53441e-19,3.8199e-22,4.96162e-31,4.33313e-06
6156,4.02593e-06,3.42608e-06,4.19946e-07,1.13003e-09,2.55195e-13,1.00608e-17,2.50279e-20,3.24158e-29,7.87309e-06
6157,4.71455e-05,4.01199e-05,6.00865e-06,3.04881e-08,1.70295e-11,1.70689e-15,4.24229e-18,5.47526e-27,9.33045e-05
6158,0.000113066,9.62133e-05,1.85894e-05,2.06563e-07,3.52161e-10,1.23718e-13,3.07095e-16,3.94387e-25,0.000228076
6159,5.46756e-05,4.65259e-05,8.14188e-06,6.64846e-08,7.31712e-11,1.60492e-14,3.98357e-17,5.11498e-26,0.00010941
6160,2.40671e-06,2.04792e-06,2.27098e-07,4.02105e-10,2.58018e-14,2.20764e-19,5.47427e-22,7.00259e-31,4.68213e-06
6161,3.9862e-05,3.39183e-05,5.66926e-06,3.98391e-08,3.44506e-11,5.50627e-15,1.36404e-17,1.73822e-26,7.94894e-05
6162,0,0,0,0,0,0,0,0,0
6163,1.29692e-05,1.10347e-05,1.58519e-06,6.98988e-09,3.1767e-12,2.6435e-16,6.53531e-19,8.26258e-28,2.5596e-05
6164,0,0,0,0,0,0,0,0,0
6165,0,0,0,0,0,0,0,0,0
6166,6.49121e-06,5.52256e-06,1.41471e-06,3.21211e-08,9.22344e-11,4.28267e-14,1.05611e-16,1.32229e-25,1.34607e-05
6167,0,0,0,0,0,0,0,0,0
6168,0,0,0,0,0,0,0,0,0
6169,5.86832e-05,4.99231e-05,8.56137e-06,6.77682e-08,7.37376e-11,1.6107e-14,3.96461e-17,4.92807e-26,0.000117236
6170,7.82774e-05,6.65895e-05,1.22404e-05,1.16942e-07,1.62451e-10,4.65335e-14,1.14379e-16,1.41407e-25,0.000157224
6171,0,0,0,0,0,0,0,0,0
6172,2.80711e-05,2.38785e-05,3.6189e-06,1.51745e-08,3.86974e-13,7.07602e-15,1.73656e-17,2.13394e-26,5.55836e-05
6173,3.0735e-05,2.6144e-05,4.22907e-06,2.71332e-08,2.13617e-11,3.3074e-15,8.11099e-18,9.93913e-27,6.11352e-05
6174,5.98424e-05,5.09019e-05,8.66358e-06,6.73796e-08,7.26875e-11,1.60147e-14,3.92364e-17,4.79015e-26,0.000119475
6175,0,0,0,0,0,0,0,0,0
6176,0,0,0,0,0,0,0,0,0
6177,7.52378e-05,6.39932e-05,1.1409e-05,1.0153e-07,1.29222e-10,3.30869e-14,8.09048e-17,9.80225e-26,0.000150742
6178,5.13823e-05,4.37017e-05,7.26531e-06,5.22297e-08,4.93491e-11,9.03443e-15,2.20684e-17,2.66308e-26,0.000102402
6179,2.26538e-05,1.92669e-05,2.98674e-06,1.67681e-08,1.08607e-11,1.34842e-15,3.29033e-18,3.95445e-27,4.49242e-05
6180,0,0,0,0,0,0,0,0,0
6181,5.79935e-05,4.93211e-05,8.69129e-06,7.27462e-08,8.31995e-11,1.9072e-14,4.648e-17,5.55899e-26,0.000116079
6182,6.57624e-06,5.59259e-06,7.26552e-07,2.29989e-09,5.99754e-13,2.19054e-17,5.3313e-20,6.34279e-29,1.28977e-05
6183,0,0,0,0,0,0,0,0,0
6184,0.000100756,8.5681e-05,1.61695e-05,1.67471e-07,2.52154e-10,7.27896e-14,1.76871e-16,2.09129e-25,0.000202774
6185,0,0,0,0,0,0,0,0,0
6186,0,0,0,0,0,0,0,0,0
6187,7.15922e-05,6.08765e-05,1.02183e-05,7.51844e-08,7.49846e-11,1.54804e-14,3.75338e-17,4.40054e-26,0.000142762
6188,0,0,0,0,0,0,0,0,0
6189,9.54593e-06,8.11676e-06,1.1159e-06,4.29588e-09,1.60167e-12,1.06295e-16,2.57359e-19,3.0008e-28,1.87829e-05
6190,1.3049e-06,1.1095e-06,1.07231e-07,1.00318e-10,3.66394e-16,3.53581e-19,8.55218e-22,9.93285e-31,2.52174e-06
6191,2.85564e-05,2.42797e-05,3.81416e-06,2.29189e-08,1.6797e-11,2.41762e-15,5.84246e-18,6.76265e-27,5.66732e-05
6192,0,0,0,0,0,0,0,0,0
6193,0,0,0,0,0,0,0,0,0
6194,2.18472e-05,1.85738e-05,2.67942e-06,1.24188e-08,6.49192e-12,6.68911e-16,1.6127e-18,1.84972e-27,4.31129e-05
6195,3.69908e-05,3.14475e-05,4.82772e-06,2.67427e-08,1.71814e-11,2.02149e-15,4.86876e-18,5.56255e-27,7.32928e-05
6196,0,0,0,0,0,0,0,0,0
6197,3.98379e-05,3.3866e-05,5.66453e-06,4.0385e-08,3.68201e-11,6.61689e-15,1.59058e-17,1.80355e-26,7.94088e-05
6198,0,0,0,0,0,0,0,0,0
6199,1.40086e-06,1.19082e-06,1.24969e-07,2.0301e-10,2.01875e-14,2.52819e-19,6.06967e-22,6.84886e-31,2.71685e-06
6200,0,0,0,0,0,0,0,0,0
6201,1.91595e-06,1.62857e-06,1.70147e-07,2.20563e-10,5.04995e-16,4.01831e-18,9.62663e-21,1.07731e-29,3.71489e-06
6202,0,0,0,0,0,0,0,0,0
6203,2.6125e-05,2.22056e-05,3.49108e-06,2.02938e-08,1.32113e-11,1.481e-15,3.54379e-18,3.94751e-27,5.1842e-05
6204,2.32421e-05,1.97543e-05,3.00855e-06,1.65854e-08,1.07134e-11,1.28062e-15,3.06054e-18,3.39302e-27,4.60216e-05
6205,4.16045e-05,3.53611e-05,5.94116e-06,4.28667e-08,3.93742e-11,6.99498e-15,1.67145e-17,1.85181e-26,8.29496e-05
6206,0,0,0,0,0,0,0,0,0
6207,1.86465e-05,1.58472e-05,2.15959e-06,8.47645e-09,3.43686e-12,2.45797e-16,5.86034e-19,6.43732e-28,3.66618e-05
6208,2.10149e-05,1.78597e-05,2.48667e-06,9.99884e-09,3.99754e-12,2.89548e-16,6.89896e-19,7.55894e-28,4.13712e-05
6209,2.74822e-06,2.33555e-06,2.49216e-07,4.38143e-10,5.21958e-14,9.02146e-19,2.14838e-21,2.34912e-30,5.33342e-06
6210,0,0,0,0,0,0,0,0,0
6211,6.91576e-05,5.87704e-05,1.05879e-05,9.52129e-08,1.2066e-10,3.08096e-14,7.32579e-17,7.96272e-26,0.000138611
6212,0,0,0,0,0,0,0,0,0
6213,5.02597e-05,4.27082e-05,6.36859e-06,3.19968e-08,1.79948e-11,1.95041e-15,4.62809e-18,4.99058e-27,9.93685e-05
6214,6.39789e-05,5.4365e-05,9.68688e-06,8.41523e-08,1.01347e-10,2.44077e-14,5.78799e-17,6.22594e-26,0.000128115
6215,0,0,0,0,0,0,0,0,0
6216,2.14444e-05,1.8221e-05,2.48609e-06,9.46891e-09,3.26903e-12,1.3761e-16,3.25727e-19,3.47884e-28,4.21609e-05
6217,5.58865e-05,4.74852e-05,7.89296e-06,5.71187e-08,5.55358e-11,1.07963e-14,2.55433e-17,2.72315e-26,0.000111322
6218,4.41796e-05,3.75364e-05,6.34452e-06,4.65247e-08,4.31015e-11,7.46953e-15,1.76449e-17,1.86978e-26,8.81071e-05
6219,7.43101e-06,6.31346e-06,8.12516e-07,2.32329e-09,3.67055e-13,1.72098e-18,4.06236e-21,4.29236e-30,1.45593e-05
6220,0,0,0,0,0,0,0,0,0
6221,0,0,0,0,0,0,0,0,0
6222,2.04055e-05,1.73357e-05,2.64427e-06,1.42051e-08,8.70914e-12,1.02753e-15,2.42089e-18,2.53927e-27,4.03997e-05
6223,2.97071e-05,2.52369e-05,4.04496e-06,2.52494e-08,1.88819e-11,2.68405e-15,6.31494e-18,6.58821e-27,5.90143e-05
6224,0.000111044,9.4332e-05,1.81124e-05,1.98868e-07,3.34836e-10,1.15958e-13,2.72611e-16,2.83551e-25,0.000223687
6225,0,0,0,0,0,0,0,0,0
6226,2.17822e-05,1.85034e-05,2.84215e-06,1.55381e-08,9.60999e-12,1.10928e-15,2.60506e-18,2.69834e-27,4.31433e-05
6227,2.34885e-05,1.99522e-05,3.08309e-06,1.69671e-08,1.01039e-11,1.00472e-15,2.35684e-18,2.43055e-27,4.65408e-05
6228,0,0,0,0,0,0,0,0,0
6229,1.91777e-05,1.62894e-05,2.31274e-06,1.02808e-08,5.11171e-12,5.00267e-16,1.17122e-18,1.19871e-27,3.77901e-05
6230,0,0,0,0,0,0,0,0,0
6231,2.11773e-06,1.7987e-06,2.00413e-07,4.00401e-10,5.75472e-14,1.30656e-18,3.05402e-21,3.10647e-30,4.11725e-06
6232,0.000234935,0.000199538,4.10721e-05,5.7804e-07,1.43162e-09,7.56052e-13,1.76612e-15,1.79203e-24,0.000476125
6233,5.47871e-05,4.65315e-05,7.07526e-06,3.82995e-08,2.45218e-11,3.08143e-15,7.19275e-18,7.27704e-27,0.000108432
6234,0,0,0,0,0,0,0,0,0
6235,1.55874e-05,1.32379e-05,1.76734e-06,6.28409e-09,2.35214e-12,2.63885e-16,6.14885e-19,6.17859e-28,3.05988e-05
6236,0,0,0,0,0,0,0,0,0
6237,0,0,0,0,0,0,0,0,0
6238,0,0,0,0,0,0,0,0,0
6239,2.5151e-05,2.1358e-05,3.34574e-06,1.95171e-08,1.33566e-11,1.74701e-15,4.05898e-18,4.033e-27,4.98743e-05
6240,7.56744e-07,6.42605e-07,5.90574e-08,5.20155e-11,1.27908e-16,2.26027e-19,5.24751e-22,5.19863e-31,1.45846e-06
6241,0,0,0,0,0,0,0,0,0
6242,0,0,0,0,0,0,0,0,0
6243,0,0,0,0,0,0,0,0,0
6244,0,0,0,0,0,0,0,0,0
6245,0,0,0,0,0,0,0,0,0
6246,2.63574e-05,2.23781e-05,3.52969e-06,2.11048e-08,1.50943e-11,2.10183e-15,4.85293e-18,4.70627e-27,5.22863e-05
6247,9.94974e-05,8.44739e-05,1.44329e-05,1.11303e-07,1.13734e-10,2.27959e-14,5.26007e-17,5.08875e-26,0.000198516
6248,0.000154989,0.000131584,2.37077e-05,2.31535e-07,3.63074e-10,1.18287e-13,2.72741e-16,2.63106e-25,0.000310513
6249,0,0,0,0,0,0,0,0,0
6250,6.65194e-05,5.64714e-05,9.33195e-06,6.57294e-08,6.1861e-11,1.20911e-14,2.78348e-17,2.66854e-26,0.000132389
6251,0,0,0,0,0,0,0,0,0
6252,0,0,0,0,0,0,0,0,0
6253,0,0,0,0,0,0,0,0,0
6254,0,0,0,0,0,0,0,0,0
6255,0,0,0,0,0,0,0,0,0
6256,2.99467e-05,2.54191e-05,4.07168e-06,2.54737e-08,1.91821e-11,2.75232e-15,6.30361e-18,5.92393e-27,5.94629e-05
6257,1.3635e-05,1.15732e-05,1.43856e-06,4.07294e-09,9.64232e-13,3.6678e-17,8.39258e-20,7.85895e-29,2.66508e-05
6258,0,0,0,0,0,0,0,0,0
6259,2.05798e-05,1.74668e-05,2.38607e-06,8.75545e-09,2.67349e-12,1.08936e-16,2.48781e-19,2.31211e-28,4.04414e-05
6260,1.34542e-05,1.1419e-05,1.63982e-06,7.30607e-09,3.39816e-12,2.90527e-16,6.63387e-19,6.16174e-28,2.65203e-05
6261,0,0,0,0,0,0,0,0,0
6262,4.19957e-05,3.56406e-05,5.7301e-06,4.0553e-08,5.13464e-11,1.84202e-14,4.19723e-17,3.86688e-26,8.34069e-05
6263,3.40775e-05,2.89203e-05,4.36802e-06,2.24619e-08,1.1967e-11,9.89838e-16,2.2543e-18,2.07278e-27,6.73883e-05
6264,0,0,0,0,0,0,0,0,0
6265,0.0001146,9.7251e-05,1.78924e-05,1.79003e-07,2.77884e-10,9.02378e-14,2.05149e-16,1.87342e-25,0.000229922
6266,2.41731e-05,2.05131e-05,3.15655e-06,1.6888e-08,8.80346e-12,5.29422e-16,1.20266e-18,1.09491e-27,4.78597e-05
6267,0,0,0,0,0,0,0,0,0
6268,8.78913e-05,7.45795e-05,1.26659e-05,9.61457e-08,9.77153e-11,1.99263e-14,4.51794e-17,4.08289e-26,0.000175233
6269,4.94813e-05,4.19864e-05,6.89506e-06,4.84594e-08,4.55378e-11,8.61039e-15,1.95137e-17,1.76036e-26,9.84113e-05
6270,1.47455e-05,1.25116e-05,1.81707e-06,8.3796e-09,4.06958e-12,3.59717e-16,8.14318e-19,7.31439e-28,2.90825e-05
6271,0.000215657,0.000182981,3.54276e-05,4.00997e-07,6.63986e-10,1.74531e-13,3.94742e-16,3.53328e-25,0.000434467
6272,6.06423e-05,5.14527e-05,8.05589e-06,4.79327e-08,3.43979e-11,4.71187e-15,1.06505e-17,9.5107e-27,0.000120199
6273,3.03214e-05,2.57259e-05,3.88957e-06,2.09803e-08,1.33129e-11,1.58895e-15,3.58871e-18,3.19468e-27,5.99578e-05
6274,2.71575e-05,2.30412e-05,3.53552e-06,1.94756e-08,1.14769e-11,1.00101e-15,2.25962e-18,2.00738e-27,5.37537e-05
6275,1.76644e-05,1.49862e-05,2.23341e-06,1.1215e-08,6.24282e-12,6.58149e-16,1.48341e-18,1.31006e-27,3.48952e-05
6276,0,0,0,0,0,0,0,0,0
6277,0,0,0,0,0,0,0,0,0
6278,0,0,0,0,0,0,0,0,0
6279,0,0,0,0,0,0,0,0,0
6280,1.6886e-06,1.43242e-06,1.49569e-07,2.21145e-10,1.2293e-14,7.49614e-21,1.68316e-23,1.46468e-32,3.27081e-06
6281,6.33869e-05,5.37687e-05,9.20002e-06,7.34035e-08,8.18989e-11,1.84393e-14,4.13664e-17,3.58737e-26,0.000126429
6282,0.000175355,0.000148744,2.67244e-05,2.47169e-07,3.3763e-10,9.38555e-14,2.1044e-16,1.82113e-25,0.000351071
6283,1.53664e-05,1.30342e-05,1.90165e-06,8.90068e-09,4.40633e-12,3.95817e-16,8.86859e-19,7.65374e-28,3.03111e-05
6284,3.16788e-05,2.68699e-05,4.1603e-06,2.43462e-08,1.75261e-11,2.45855e-15,5.50233e-18,4.72772e-27,6.27334e-05
6285,0,0,0,0,0,0,0,0,0
6286,7.78983e-05,6.60698e-05,1.0926e-05,7.5248e-08,6.35041e-11,9.77864e-15,2.18495e-17,1.86557e-26,0.000154969
6287,1.21877e-05,1.03367e-05,1.45922e-06,6.14845e-09,2.59125e-12,1.90702e-16,4.25642e-19,3.61887e-28,2.39897e-05
6288,5.3742e-05,4.55793e-05,6.69553e-06,3.3229e-08,1.94598e-11,2.28394e-15,5.09599e-18,4.32709e-27,0.00010605
6289,0,0,0,0,0,0,0,0,0
6290,2.35665e-05,1.99858e-05,2.95088e-06,1.48264e-08,8.45408e-12,8.91406e-16,1.98452e-18,1.67061e-27,4.65181e-05
6291,3.26862e-05,2.77197e-05,4.12766e-06,2.09689e-08,1.2175e-11,1.36665e-15,3.04212e-18,2.55953e-27,6.45546e-05
6292,3.05822e-06,2.59346e-06,2.6982e-07,2.12467e-10,1.71552e-13,1.67914e-16,3.73382e-19,3.12881e-28,5.92172e-06
6293,6.17421e-05,5.2358e-05,8.82603e-06,6.82178e-08,7.25203e-11,1.5052e-14,3.345e-17,2.79638e-26,0.000122994
6294,2.61985e-05,2.22158e-05,3.12436e-06,1.36917e-08,6.7083e-12,6.20674e-16,1.37742e-18,1.14535e-27,5.15523e-05
6295,0,0,0,0,0,0,0,0,0
6296,1.30344e-05,1.10523e-05,1.56238e-06,6.47437e-09,2.43426e-12,1.23982e-16,2.74708e-19,2.27025e-28,2.56556e-05
6297,3.17284e-05,2.69029e-05,3.67341e-06,1.44128e-08,5.87907e-12,4.51587e-16,9.99703e-19,8.23335e-28,6.23192e-05
6298,5.78728e-05,4.90704e-05,8.58404e-06,7.11107e-08,8.0578e-11,1.8182e-14,4.0237e-17,3.30951e-26,0.000115598
6299,9.53867e-05,8.08755e-05,1.39898e-05,1.14136e-07,1.32057e-10,3.17521e-14,7.01817e-17,5.74506e-26,0.000190366
6300,0,0,0,0,0,0,0,0,0
6301,0.000137331,0.000116431,2.24773e-05,2.59135e-07,4.79107e-10,1.83558e-13,4.04935e-16,3.29e-25,0.000276499
6302,3.44656e-05,2.92199e-05,4.6095e-06,2.86287e-08,2.24172e-11,3.45923e-15,7.62521e-18,6.17647e-27,6.83236e-05
6303,0,0,0,0,0,0,0,0,0
6304,9.1104e-05,7.72344e-05,1.43648e-05,1.44035e-07,2.13812e-10,6.43179e-14,1.41584e-16,1.14082e-25,0.000182847
6305,3.37797e-05,2.86364e-05,4.44066e-06,2.59408e-08,1.80765e-11,2.29305e-15,5.04418e-18,4.05324e-27,6.68828e-05
6306,1.65429e-05,1.40239e-05,2.06356e-06,9.93854e-09,5.12242e-12,4.78771e-16,1.05255e-18,8.43807e-28,3.26403e-05
6307,4.9412e-07,4.18861e-07,3.6195e-08,2.64798e-11,4.04125e-17,7.78695e-20,1.7096e-22,1.36336e-31,9.49202e-07
6308,1.91012e-05,1.61915e-05,2.40123e-06,1.14205e-08,4.873e-12,2.0295e-16,4.45232e-19,3.54008e-28,3.77053e-05
6309,0,0,0,0,0,0,0,0,0
6310,2.80062e-05,2.37391e-05,3.73873e-06,2.20322e-08,1.45616e-11,1.63911e-15,3.5913e-18,2.84139e-27,5.5506e-05
6311,6.68894e-06,5.6696e-06,7.35684e-07,2.38365e-09,6.84742e-13,3.25682e-17,7.12787e-20,5.61547e-29,1.30966e-05
6312,2.4447e-06,2.07212e-06,2.34819e-07,5.01771e-10,8.13659e-14,2.18265e-18,4.77477e-21,3.75501e-30,4.75213e-06
6313,8.08101e-05,6.84921e-05,1.1176e-05,7.57272e-08,6.49971e-11,1.06652e-14,2.33077e-17,1.82577e-26,0.000160554
6314,1.10932e-05,9.40201e-06,1.30557e-06,5.21073e-09,1.99376e-12,1.2672e-16,2.76721e-19,2.16126e-28,2.1806e-05
6315,0,0,0,0,0,0,0,0,0
6316,0.000180023,0.00015257,3.08878e-05,4.08131e-07,9.0132e-10,4.14044e-13,9.0256e-16,7.00094e-25,0.00036389
6317,2.01861e-05,1.71074e-05,2.58559e-06,1.35623e-08,7.91963e-12,8.51148e-16,1.85409e-18,1.43427e-27,3.98926e-05
6318,6.32698e-05,5.36184e-05,8.87833e-06,6.56758e-08,6.80272e-11,1.4321e-14,3.11647e-17,2.40142e-26,0.000125832
6319,0,0,0,0,0,0,0,0,0
6320,0,0,0,0,0,0,0,0,0
6321,0,0,0,0,0,0,0,0,0
6322,0,0,0,0,0,0,0,0,0
6323,4.14495e-05,3.51222e-05,5.33582e-06,2.85611e-08,1.73461e-11,1.97434e-15,4.27924e-18,3.24632e-27,8.19362e-05
6324,0.000142375,0.000120639,2.25096e-05,2.41919e-07,4.24069e-10,1.56556e-13,3.39134e-16,2.56713e-25,0.000285765
6325,6.38277e-06,5.40816e-06,6.28875e-07,1.4062e-09,2.06993e-13,3.19129e-18,6.90537e-21,5.20474e-30,1.24212e-05
6326,0,0,0,0,0,0,0,0,0
6327,6.04582e-06,5.12243e-06,6.06329e-07,1.51881e-09,3.26029e-13,1.26402e-17,2.73119e-20,2.04715e-29,1.17761e-05
6328,4.09186e-05,3.46678e-05,5.64873e-06,3.85077e-08,3.32159e-11,5.35074e-15,1.15489e-17,8.62009e-27,8.12737e-05
6329,0.000108376,9.18187e-05,1.50815e-05,1.04559e-07,9.41558e-11,1.67265e-14,3.60775e-17,2.68567e-26,0.000215381
6330,5.01928e-05,4.2523e-05,7.27959e-06,5.65364e-08,5.83948e-11,1.18533e-14,2.5539e-17,1.89324e-26,0.000100052
6331,3.9801e-06,3.37183e-06,4.08157e-07,1.07507e-09,2.3645e-13,8.90893e-18,1.91797e-20,1.4174e-29,7.76116e-06
6332,0,0,0,0,0,0,0,0,0
6333,2.39416e-05,2.02814e-05,3.12547e-06,1.73074e-08,1.05976e-11,1.12254e-15,2.41208e-18,1.7694e-27,4.73658e-05
6334,0.000130833,0.00011083,1.92164e-05,1.61542e-07,2.00748e-10,5.19637e-14,1.11594e-16,8.1678e-26,0.00026104
6335,3.02121e-06,2.55922e-06,2.83304e-07,4.71361e-10,1.88669e-14,9.05089e-22,1.94207e-24,1.41679e-33,5.8642e-06
6336,7.38843e-05,6.25841e-05,1.08699e-05,9.13301e-08,1.09677e-10,2.64841e-14,5.67633e-17,4.12288e-26,0.00014743
6337,0,0,0,0,0,0,0,0,0
6338,0,0,0,0,0,0,0,0,0
6339,0.00013285,0.000112524,2.10142e-05,2.22168e-07,3.75238e-10,1.33276e-13,2.84992e-16,2.05155e-25,0.000266611
6340,0,0,0,0,0,0,0,0,0
6341,6.53945e-05,5.53864e-05,9.06921e-06,6.23381e-08,5.5422e-11,9.56481e-15,2.04252e-17,1.46258e-26,0.000129912
6342,6.39452e-05,5.41571e-05,8.19963e-06,4.5162e-08,3.09419e-11,4.34636e-15,9.27155e-18,6.61155e-27,0.000126347
6343,2.6368e-05,2.23315e-05,3.49745e-06,2.05935e-08,1.42954e-11,1.87512e-15,3.9977e-18,2.8445e-27,5.22176e-05
6344,0,0,0,0,0,0,0,0,0
6345,0,0,0,0,0,0,0,0,0
6346,1.55991e-05,1.32099e-05,1.75467e-06,6.16799e-09,2.02838e-12,1.18346e-16,2.51605e-19,1.77091e-28,3.05699e-05
6347,0,0,0,0,0,0,0,0,0
6348,1.08388e-05,9.17829e-06,1.11706e-06,2.63831e-09,3.43689e-13,4.39965e-17,9.34039e-20,6.53783e-29,2.11368e-05
6349,1.58348e-05,1.34086e-05,1.95382e-06,9.13903e-09,4.47416e-12,3.86034e-16,8.19025e-19,5.71868e-28,3.12064e-05
6350,0,0,0,0,0,0,0,0,0
6351,0,0,0,0,0,0,0,0,0
6352,0,0,0,0,0,0,0,0,0
6353,4.94574e-05,4.18752e-05,7.14322e-06,5.49759e-08,5.6028e-11,1.11662e-14,2.36067e-17,1.62572e-26,9.85309e-05
6354,0,0,0,0,0,0,0,0,0
6355,1.87091e-05,1.58399e-05,2.2253e-06,9.66797e-09,4.61429e-12,4.20066e-16,8.86389e-19,6.05943e-28,3.6784e-05
6356,2.86072e-06,2.42199e-06,2.79864e-07,6.39559e-10,1.15111e-13,3.49381e-18,7.3711e-21,5.03565e-30,5.56322e-06
6357,0,0,0,0,0,0,0,0,0
6358,4.50086e-06,3.81037e-06,4.6347e-07,1.2032e-09,2.24782e-13,4.48568e-18,9.44526e-21,6.40386e-30,8.77591e-06
6359,0.000184089,0.000155843,3.01462e-05,3.55654e-07,7.03094e-10,2.9586e-13,6.22459e-16,4.20667e-25,0.000370434
6360,8.9786e-06,7.60075e-06,1.0255e-06,3.79076e-09,1.34277e-12,8.33753e-17,1.75261e-19,1.18045e-28,1.76086e-05
6361,1.83065e-05,1.54968e-05,2.306e-06,1.15909e-08,6.40939e-12,6.53308e-16,1.37234e-18,9.21807e-28,3.61209e-05
6362,5.99404e-05,5.07399e-05,8.87791e-06,7.39492e-08,8.41124e-11,1.87533e-14,3.93674e-17,2.63765e-26,0.000119632
6363,0,0,0,0,0,0,0,0,0
6364,3.43222e-05,2.90522e-05,4.70943e-06,3.09153e-08,2.50153e-11,3.85034e-15,8.06798e-18,5.36729e-27,6.81148e-05
6365,0,0,0,0,0,0,0,0,0
6366,1.59675e-05,1.35151e-05,1.97332e-06,9.35364e-09,4.75741e-12,4.42683e-16,9.26205e-19,6.12584e-28,3.14653e-05
6367,4.87739e-05,4.12816e-05,5.99962e-06,2.88343e-08,1.57458e-11,1.65557e-15,3.45971e-18,2.27756e-27,9.6084e-05
6368,5.57228e-06,4.71613e-06,5.91805e-07,1.70997e-09,3.88728e-13,1.14017e-17,2.37996e-20,1.55985e-29,1.08819e-05
6369,1.92791e-05,1.63168e-05,2.24837e-06,9.00537e-09,3.66506e-12,2.66952e-16,5.57021e-19,3.64555e-28,3.78533e-05
6370,8.31154e-06,7.03418e-06,9.38549e-07,3.35519e-09,1.13448e-12,6.71045e-17,1.3986e-19,9.11271e-29,1.62876e-05
6371,0,0,0,0,0,0,0,0,0
6372,0,0,0,0,0,0,0,0,0
6373,7.03002e-05,5.94924e-05,9.06737e-06,5.06137e-08,3.41457e-11,4.44623e-15,9.2488e-18,5.98064e-27,0.000138911
6374,0,0,0,0,0,0,0,0,0
6375,7.61802e-05,6.44643e-05,1.03125e-05,6.63754e-08,5.37979e-11,8.41154e-15,1.746e-17,1.11975e-26,0.000151023
6376,3.6344e-05,3.07539e-05,4.36607e-06,1.93069e-08,9.30726e-12,8.66489e-16,1.79749e-18,1.15001e-27,7.14833e-05
6377,4.63059e-05,3.9183e-05,6.01937e-06,3.35346e-08,2.16319e-11,2.63465e-15,5.46273e-18,3.48823e-27,9.15419e-05
6378,5.99475e-05,5.07242e-05,8.09837e-06,5.09056e-08,3.85523e-11,5.31425e-15,1.10031e-17,6.98756e-27,0.000118821
6379,0,0,0,0,0,0,0,0,0
6380,7.55035e-06,6.38842e-06,8.40019e-07,2.86404e-09,8.95177e-13,4.72856e-17,9.77885e-20,6.18157e-29,1.47817e-05
6381,1.22765e-06,1.03871e-06,1.02377e-07,1.21385e-10,2.2659e-15,2.81436e-19,5.81661e-22,3.66804e-31,2.36885e-06
6382,1.0134e-05,8.57402e-06,1.17659e-06,4.61744e-09,1.81276e-12,1.29606e-16,2.67605e-19,1.68123e-28,1.98892e-05
6383,0,0,0,0,0,0,0,0,0
6384,2.0531e-06,1.73698e-06,1.91362e-07,3.7727e-10,5.46586e-14,1.28897e-18,2.65736e-21,1.65963e-30,3.98182e-06
6385,2.33501e-06,1.97542e-06,2.21579e-07,4.62702e-10,7.31514e-14,1.91738e-18,3.94915e-21,2.45731e-30,4.53248e-06
6386,8.00703e-06,6.77365e-06,8.9836e-07,3.15744e-09,1.04278e-12,6.00112e-17,1.2342e-19,7.63577e-29,1.56822e-05
6387,0,0,0,0,0,0,0,0,0
6388,2.72079e-06,2.30162e-06,2.60882e-07,5.46947e-10,7.80408e-14,1.45668e-18,2.99307e-21,1.84511e-30,5.28384e-06
6389,2.52555e-05,2.13636e-05,2.98109e-06,1.1664e-08,3.37118e-12,6.06707e-17,1.24498e-19,7.6359e-29,4.96119e-05
6390,1.65132e-06,1.39682e-06,1.35292e-07,1.02107e-10,2.20745e-14,1.99885e-17,4.09864e-20,2.50653e-29,3.18354e-06
6391,9.0616e-05,7.66492e-05,1.41677e-05,1.40534e-07,2.05732e-10,6.04031e-14,1.2378e-16,7.55152e-26,0.000181574
6392,6.73545e-06,5.69713e-06,6.71451e-07,1.63434e-09,3.19677e-13,1.04735e-17,2.14407e-20,1.30289e-29,1.31057e-05
6393,3.85371e-05,3.25953e-05,5.34807e-06,3.6378e-08,3.04325e-11,4.68163e-15,9.5746e-18,5.79616e-27,7.65169e-05
6394,0,0,0,0,0,0,0,0,0
6395,3.85685e-05,3.26202e-05,5.08083e-06,3.12508e-08,2.46635e-11,3.79977e-15,7.75888e-18,4.66836e-27,7.63008e-05
6396,4.63617e-05,3.92105e-05,6.01963e-06,3.35632e-08,2.17503e-11,2.67135e-15,5.45026e-18,3.26892e-27,9.16254e-05
6397,2.88316e-06,2.43837e-06,2.74956e-07,5.40555e-10,5.13074e-14,5.29396e-21,1.07918e-23,6.45086e-33,5.59703e-06
6398,0,0,0,0,0,0,0,0,0
6399,4.95678e-07,4.19192e-07,1.20175e-07,1.68494e-09,1.79103e-12,2.67709e-16,5.45006e-19,3.24119e-28,1.03673e-06
6400,0,0,0,0,0,0,0,0,0
6401,2.50191e-06,2.11574e-06,2.38099e-07,4.96118e-10,7.4375e-14,1.66756e-18,3.38883e-21,2.00152e-30,4.85624e-06
6402,9.43752e-05,7.98057e-05,1.48207e-05,1.49294e-07,2.23173e-10,6.6787e-14,1.3559e-16,7.97719e-26,0.000189151
6403,6.71008e-05,5.67408e-05,9.20675e-06,6.14099e-08,5.19625e-11,8.55447e-15,1.73554e-17,1.01839e-26,0.00013311
6404,0,0,0,0,0,0,0,0,0
6405,0,0,0,0,0,0,0,0,0
6406,3.96475e-06,3.35233e-06,3.48807e-07,1.87121e-10,8.01818e-13,8.01534e-16,1.62188e-18,9.41987e-28,7.66608e-06
6407,1.48893e-05,1.25891e-05,1.67947e-06,6.15051e-09,2.24685e-12,1.48868e-16,3.00918e-19,1.74074e-28,2.9164e-05
6408,1.98941e-05,1.68205e-05,2.52669e-06,1.31763e-08,7.76031e-12,8.58025e-16,1.73408e-18,1.00242e-27,3.92545e-05
6409,2.79148e-05,2.36015e-05,3.70599e-06,2.20795e-08,1.54475e-11,1.99097e-15,4.02086e-18,2.31777e-27,5.52444e-05
6410,1.52281e-05,1.28748e-05,1.86263e-06,8.61847e-09,4.24116e-12,3.79563e-16,7.65902e-19,4.40058e-28,2.99741e-05
6411,0,0,0,0,0,0,0,0,0
6412,5.5683e-06,4.70747e-06,5.28215e-07,1.03939e-09,1.18849e-13,1.20422e-18,2.42434e-21,1.38049e-30,1.0805e-05
6413,2.12151e-05,1.79349e-05,2.71526e-06,1.44932e-08,8.77527e-12,9.89091e-16,1.99011e-18,1.13074e-27,4.18798e-05
6414,0,0,0,0,0,0,0,0,0
6415,2.58778e-05,2.18757e-05,3.40387e-06,1.9812e-08,1.36203e-11,1.77237e-15,3.56112e-18,2.01232e-27,5.11772e-05
6416,8.07116e-06,6.8227e-06,9.00658e-07,3.09344e-09,9.44946e-13,4.46364e-17,8.95831e-20,5.03986e-29,1.57976e-05
6417,6.95626e-06,5.88012e-06,7.63523e-07,2.51965e-09,7.60986e-13,3.96476e-17,7.95165e-20,4.46164e-29,1.36024e-05
6418,0,0,0,0,0,0,0,0,0
6419,0,0,0,0,0,0,0,0,0
6420,3.78175e-06,3.19643e-06,3.74317e-07,8.44177e-10,1.16358e-13,1.37215e-18,2.74423e-21,1.52303e-30,7.35334e-06
6421,2.67733e-05,2.2629e-05,3.20415e-06,1.51427e-08,9.60444e-12,1.41887e-15,2.83639e-18,1.57141e-27,5.26216e-05
6422,1.16692e-05,9.86265e-06,1.25964e-06,3.99944e-09,1.18281e-12,6.31962e-17,1.26213e-19,6.96697e-29,2.27955e-05
6423,1.4673e-05,1.24011e-05,1.78422e-06,8.13507e-09,3.93643e-12,3.47869e-16,6.94003e-19,3.81486e-28,2.88664e-05
6424,3.3101e-05,2.79753e-05,4.32683e-06,2.55422e-08,1.85566e-11,2.57169e-15,5.12854e-18,2.81482e-27,6.54287e-05
6425,2.73715e-06,2.31321e-06,2.63362e-07,5.71561e-10,9.1395e-14,2.20264e-18,4.38699e-21,2.39592e-30,5.3143e-06
6426,1.13389e-05,9.58255e-06,1.32913e-06,5.38917e-09,2.17815e-12,1.54382e-16,3.07303e-19,1.6745e-28,2.2256e-05
6427,5.41001e-05,4.57192e-05,7.85666e-06,6.22852e-08,6.61497e-11,1.36162e-14,2.70871e-17,1.47254e-26,0.000107738
6428,1.30836e-05,1.10564e-05,1.39824e-06,3.93358e-09,5.78016e-13,2.79481e-18,5.55417e-21,3.00749e-30,2.55422e-05
6429,0,0,0,0,0,0,0,0,0
6430,3.94847e-05,3.33648e-05,5.49271e-06,3.81376e-08,3.36283e-11,5.68954e-15,1.12847e-17,6.06387e-27,7.83803e-05
6431,7.28521e-05,6.156e-05,9.65128e-06,6.00942e-08,4.82339e-11,7.51101e-15,1.48943e-17,7.99698e-27,0.000144124
6432,3.45472e-06,2.91917e-06,3.04251e-07,4.72507e-10,5.96642e-14,6.61788e-18,1.31135e-20,7.02066e-30,6.67861e-06
6433,0,0,0,0,0,0,0,0,0
6434,0,0,0,0,0,0,0,0,0
6435,5.79138e-05,4.89324e-05,8.48665e-06,6.93664e-08,7.72582e-11,1.68522e-14,3.33119e-17,1.76665e-26,0.000115402
6436,3.52842e-05,2.98109e-05,4.59146e-06,2.68395e-08,1.94676e-11,2.72516e-15,5.37894e-18,2.83639e-27,6.97133e-05
6437,0,0,0,0,0,0,0,0,0
6438,3.4075e-05,2.87882e-05,4.39853e-06,2.48265e-08,1.6457e-11,1.90906e-15,3.76369e-18,1.97559e-27,6.72866e-05
6439,8.73024e-06,7.37548e-06,9.65141e-07,3.03616e-09,5.78665e-13,7.3478e-19,1.44708e-21,7.56474e-31,1.70739e-05
6440,2.56258e-05,2.16485e-05,2.84255e-06,9.97192e-09,3.42234e-12,2.08921e-16,4.11015e-19,2.1398e-28,5.01269e-05
6441,3.3821e-05,2.85714e-05,4.60191e-06,2.9873e-08,2.39165e-11,3.63497e-15,7.14904e-18,3.71757e-27,6.70242e-05
6442,2.02533e-05,1.7109e-05,2.41702e-06,1.0691e-08,5.07159e-12,4.26385e-16,8.37553e-19,4.33447e-28,3.97901e-05
6443,0,0,0,0,0,0,0,0,0
6444,0,0,0,0,0,0,0,0,0
6445,1.87692e-05,1.58542e-05,2.13529e-06,7.86765e-09,2.79008e-12,1.96014e-16,3.84269e-19,1.97337e-28,3.67666e-05
6446,7.90411e-06,6.67629e-06,8.81848e-07,3.09073e-09,1.03226e-12,6.1374e-17,1.20145e-19,6.13543e-29,1.54653e-05
6447,0.000116587,9.84738e-05,1.81618e-05,1.85852e-07,2.95521e-10,9.5648e-14,1.87078e-16,9.52149e-26,0.000233409
6448,0,0,0,0,0,0,0,0,0
6449,8.57496e-06,7.24237e-06,9.66047e-07,3.48122e-09,1.19654e-12,7.18487e-17,1.40302e-19,7.09602e-29,1.67869e-05
6450,3.79397e-05,3.20429e-05,4.67417e-06,2.3283e-08,1.39119e-11,1.64811e-15,3.21559e-18,1.62095e-27,7.46801e-05
6451,2.61486e-05,2.20842e-05,3.42523e-06,1.96763e-08,1.2968e-11,1.53051e-15,2.98517e-18,1.50288e-27,5.16777e-05
6452,1.51992e-05,1.28364e-05,1.84808e-06,8.41109e-09,3.96155e-12,3.21692e-16,6.26914e-19,3.14591e-28,2.98921e-05
6453,0,0,0,0,0,0,0,0,0
6454,8.44098e-06,7.12841e-06,9.46304e-07,3.33881e-09,1.08652e-12,5.84111e-17,1.1365e-19,5.66775e-29,1.6519e-05
6455,3.28159e-05,2.7712e-05,4.27373e-06,2.51033e-08,1.80728e-11,2.44221e-15,4.74603e-18,2.35572e-27,6.48268e-05
6456,1.63623e-05,1.38172e-05,2.01269e-06,9.55559e-09,4.87997e-12,4.52144e-16,8.78198e-19,4.34994e-28,3.22018e-05
6457,5.73655e-05,4.84412e-05,6.99738e-06,3.4402e-08,2.11032e-11,2.67449e-15,5.18997e-18,2.56173e-27,0.000112839
6458,1.27024e-05,1.07261e-05,1.51083e-06,6.48048e-09,2.89294e-12,2.35957e-16,4.57654e-19,2.25448e-28,2.49457e-05
6459,0,0,0,0,0,0,0,0,0
6460,1.62148e-05,1.36911e-05,1.72747e-06,5.71354e-09,2.28819e-12,2.4112e-16,4.66576e-19,2.27763e-28,3.16391e-05
6461,0,0,0,0,0,0,0,0,0
6462,8.9591e-06,7.56427e-06,1.01243e-06,3.67452e-09,1.25464e-12,7.23092e-17,1.39685e-19,6.77438e-29,1.75395e-05
6463,1.47704e-05,1.24705e-05,1.79078e-06,8.14177e-09,3.91577e-12,3.40733e-16,6.57791e-19,3.18201e-28,2.90398e-05
6464,0,0,0,0,0,0,0,0,0
6465,0,0,0,0,0,0,0,0,0
6466,5.20987e-05,4.39833e-05,7.50312e-06,5.84111e-08,6.06663e-11,1.22083e-14,2.35113e-17,1.12667e-26,0.000103644
6467,0,0,0,0,0,0,0,0,0
6468,2.58472e-05,2.18198e-05,3.17532e-06,1.55335e-08,8.74454e-12,9.31529e-16,1.79066e-18,8.51919e-28,5.08578e-05
6469,4.23761e-05,3.57725e-05,5.62526e-06,3.51452e-08,2.79879e-11,4.31084e-15,8.28179e-18,3.93119e-27,8.3809e-05
6470,6.50797e-06,5.49364e-06,6.98801e-07,2.12154e-09,5.1435e-13,1.59962e-17,3.0702e-20,1.45199e-29,1.27025e-05
6471,0,0,0,0,0,0,0,0,0
6472,1.80464e-06,1.52331e-06,1.60906e-07,2.63438e-10,2.11974e-14,3.81679e-20,7.3163e-23,3.44289e-32,3.48911e-06
6473,0,0,0,0,0,0,0,0,0
6474,4.11149e-06,3.47039e-06,4.17807e-07,1.09462e-09,2.37479e-13,8.54745e-18,1.63615e-20,7.65768e-30,8.00078e-06
6475,5.39117e-06,4.5504e-06,5.68285e-07,1.66758e-09,4.23251e-13,1.78028e-17,3.40482e-20,1.58811e-29,1.05115e-05
6476,1.55606e-06,1.31334e-06,1.33157e-07,1.76784e-10,5.28734e-15,2.00261e-19,3.82564e-22,1.77646e-31,3.00273e-06
6477,3.45944e-06,2.91973e-06,3.398e-07,7.76428e-10,1.20453e-13,1.92773e-18,3.67883e-21,1.70152e-30,6.71975e-06
6478,0,0,0,0,0,0,0,0,0
6479,2.57976e-05,2.17717e-05,3.29623e-06,1.79929e-08,1.1131e-11,1.1954e-15,2.27741e-18,1.04642e-27,5.08835e-05
6480,0,0,0,0,0,0,0,0,0
6481,8.45764e-06,7.13741e-06,9.41796e-07,3.22532e-09,9.51372e-13,3.97604e-17,7.56232e-20,3.45226e-29,1.65401e-05
6482,2.23237e-06,1.88384e-06,2.00189e-07,3.05064e-10,9.84593e-15,7.58297e-19,1.44092e-21,6.55413e-31,4.3167e-06
6483,3.12894e-05,2.6404e-05,3.6938e-06,1.56487e-08,6.75156e-12,4.96712e-16,9.43364e-19,4.28229e-28,6.14028e-05
6484,0,0,0,0,0,0,0,0,0
6485,3.33207e-06,2.8117e-06,3.11704e-07,5.02725e-10,1.85006e-15,1.71433e-17,3.25163e-20,1.46854e-29,6.45598e-06
6486,4.5466e-05,3.83642e-05,6.16821e-06,4.14405e-08,3.65498e-11,6.29348e-15,1.19238e-17,5.36208e-27,9.00399e-05
6487,7.69248e-05,6.49069e-05,1.05848e-05,7.25665e-08,6.32103e-11,1.03039e-14,1.94999e-17,8.73006e-27,0.000152489
6488,3.77626e-06,3.18627e-06,3.71829e-07,8.30533e-10,1.02493e-13,2.0544e-19,3.88711e-22,1.73892e-31,7.3352e-06
6489,8.14131e-06,6.86904e-06,9.07671e-07,3.19068e-09,1.06142e-12,6.15097e-17,1.16219e-19,5.17075e-29,1.59212e-05
6490,0,0,0,0,0,0,0,0,0
6491,4.19646e-06,3.54052e-06,4.08722e-07,7.91467e-10,2.43118e-14,1.09111e-17,2.05883e-20,9.11242e-30,8.14649e-06
6492,2.67501e-05,2.25681e-05,3.50887e-06,2.05066e-08,1.41446e-11,1.81971e-15,3.42991e-18,1.51169e-27,5.28476e-05
6493,3.792e-05,3.19912e-05,4.77973e-06,2.49385e-08,1.50408e-11,1.7346e-15,3.26817e-18,1.43815e-27,7.47159e-05
6494,6.84598e-07,5.77537e-07,5.41432e-08,6.44671e-11,4.36457e-15,4.10614e-20,7.72544e-23,3.38088e-32,1.31634e-06
6495,0,0,0,0,0,0,0,0,0
6496,0,0,0,0,0,0,0,0,0
6497,6.80336e-06,5.73907e-06,7.39238e-07,2.39806e-09,7.07972e-13,3.57133e-17,6.70647e-20,2.91331e-29,1.32841e-05
6498,3.35204e-05,2.82756e-05,3.98777e-06,1.77244e-08,8.83317e-12,8.51051e-16,1.59604e-18,6.89767e-28,6.58015e-05
6499,5.71568e-05,4.82122e-05,7.63137e-06,4.97377e-08,4.26664e-11,6.91568e-15,1.29583e-17,5.58143e-27,0.00011305
6500,0,0,0,0,0,0,0,0,0
6501,6.69881e-07,5.65034e-07,5.30629e-08,6.44514e-11,4.71925e-15,5.3173e-20,9.95449e-23,4.27284e-32,1.28804e-06
6502,7.36211e-07,6.20966e-07,5.7679e-08,6.24578e-11,2.52327e-15,1.62716e-22,3.04358e-25,1.30205e-34,1.41492e-06
6503,2.83956e-05,2.39499e-05,3.31828e-06,1.39284e-08,6.3225e-12,5.42202e-16,1.01317e-18,4.31753e-28,5.56777e-05
6504,5.93057e-05,5.00183e-05,8.66639e-06,7.11375e-08,7.99367e-11,1.75262e-14,3.27044e-17,1.38616e-26,0.000118062
6505,1.4425e-06,1.2166e-06,1.2666e-07,2.1145e-10,2.40648e-14,4.27169e-19,7.97014e-22,3.37656e-31,2.78597e-06
6506,7.64645e-05,6.44882e-05,1.07239e-05,8.17227e-08,8.73231e-11,1.79043e-14,3.33812e-17,1.41013e-26,0.000151758
6507,1.02957e-05,8.68288e-06,1.18317e-06,4.58218e-09,1.7467e-12,1.16564e-16,2.17117e-19,9.13772e-29,2.01663e-05
6508,0,0,0,0,0,0,0,0,0
6509,1.40103e-05,1.18147e-05,1.67631e-06,7.33531e-09,3.27964e-12,2.52678e-16,4.69576e-19,1.9588e-28,2.75087e-05
6510,0,0,0,0,0,0,0,0,0
6511,7.04611e-06,5.94165e-06,7.67551e-07,2.5091e-09,7.41385e-13,3.65842e-17,6.78877e-20,2.81567e-29,1.37578e-05
6512,0,0,0,0,0,0,0,0,0
6513,1.15349e-05,9.72639e-06,1.27984e-06,4.61667e-09,1.68586e-12,1.11411e-16,2.06444e-19,8.51479e-29,2.25457e-05
6514,7.65531e-06,6.45494e-06,8.45164e-07,2.90019e-09,9.39485e-13,5.3501e-17,9.90764e-20,4.07663e-29,1.49583e-05
6515,1.06885e-05,9.01224e-06,1.12344e-06,3.24371e-09,7.27029e-13,1.77595e-17,3.2856e-20,1.34678e-29,2.08274e-05
6516,1.17454e-06,9.90312e-07,9.77941e-08,1.27086e-10,6.00208e-15,6.16519e-21,1.13942e-23,4.65195e-33,2.26278e-06
6517,1.04227e-05,8.78756e-06,1.20045e-06,4.70988e-09,1.85597e-12,1.31767e-16,2.43292e-19,9.89578e-29,2.04154e-05
6518,2.69895e-05,2.2755e-05,3.51492e-06,1.984e-08,1.22472e-11,1.23159e-15,2.27279e-18,9.22579e-28,5.32792e-05
6519,0,0,0,0,0,0,0,0,0
6520,2.86505e-06,2.4154e-06,2.75486e-07,6.09558e-10,1.02134e-13,2.66796e-18,4.91399e-21,1.97973e-30,5.55655e-06
6521,1.42999e-05,1.20554e-05,1.56161e-06,5.15824e-09,1.54545e-12,7.66608e-17,1.41103e-19,5.66992e-29,2.7922e-05
6522,2.61488e-06,2.2044e-06,2.47854e-07,5.21716e-10,7.94217e-14,1.74228e-18,3.20482e-21,1.28458e-30,5.06765e-06
6523,1.53176e-05,1.29127e-05,1.85541e-06,8.48736e-09,4.09671e-12,3.51234e-16,6.45505e-19,2.57853e-28,3.00942e-05
6524,4.58251e-05,3.86297e-05,6.43567e-06,4.64825e-08,4.23884e-11,7.0401e-15,1.29299e-17,5.15166e-27,9.0937e-05
6525,0,0,0,0,0,0,0,0,0
6526,0.000101259,8.5355e-05,1.58867e-05,1.63311e-07,2.52826e-10,7.81269e-14,1.43232e-16,5.66716e-26,0.000202665
6527,3.00929e-06,2.53657e-06,2.91459e-07,6.62368e-10,1.16509e-13,3.26549e-18,5.98252e-21,2.36066e-30,5.83798e-06
6528,0,0,0,0,0,0,0,0,0
6529,3.78551e-06,3.19071e-06,3.76238e-07,9.13638e-10,1.67653e-13,4.44902e-18,8.13832e-21,3.19222e-30,7.35337e-06
6530,5.54442e-05,4.6731e-05,6.9141e-06,3.64928e-08,2.39421e-11,3.13897e-15,5.73666e-18,2.24216e-27,0.000109126
6531,2.15071e-05,1.81265e-05,2.72829e-06,1.44573e-08,8.65974e-12,9.4853e-16,1.73138e-18,6.73506e-28,4.23764e-05
6532,3.34389e-05,2.81821e-05,4.50406e-06,2.87608e-08,2.24301e-11,3.25505e-15,5.9363e-18,2.30128e-27,6.61539e-05
6533,1.79354e-05,1.51156e-05,2.21815e-06,1.08508e-08,5.7756e-12,5.52393e-16,1.00668e-18,3.89145e-28,3.528e-05
6534,0,0,0,0,0,0,0,0,0
6535,7.66928e-05,6.46324e-05,1.1208e-05,9.55606e-08,1.17455e-10,2.85329e-14,5.19366e-17,1.99844e-26,0.000152629
6536,0,0,0,0,0,0,0,0,0
6537,0,0,0,0,0,0,0,0,0
6538,0,0,0,0,0,0,0,0,0
6539,1.02369e-05,8.62608e-06,1.16861e-06,4.42049e-09,1.5763e-12,9.03135e-17,1.63765e-19,6.20849e-29,2.0036e-05
6540,2.597e-05,2.18832e-05,3.37418e-06,1.92376e-08,1.26663e-11,1.50849e-15,2.73428e-18,1.03503e-27,5.12466e-05
6541,1.20862e-06,1.01837e-06,1.00528e-07,1.31816e-10,7.71608e-15,2.95918e-20,5.3562e-23,2.01638e-32,2.32765e-06
6542,1.44309e-05,1.21592e-05,1.58255e-06,5.3611e-09,1.71608e-12,9.76249e-17,1.76564e-19,6.62649e-29,2.81781e-05
6543,3.96489e-06,3.34069e-06,3.97907e-07,1.01107e-09,2.07024e-13,6.71885e-18,1.21489e-20,4.55532e-30,7.7045e-06
6544,5.4985e-05,4.63268e-05,7.50439e-06,5.24409e-08,4.80242e-11,8.03128e-15,1.4503e-17,5.41041e-27,0.000108869
6545,8.46241e-05,7.12974e-05,1.21706e-05,9.85382e-08,1.1303e-10,2.54199e-14,4.5872e-17,1.70672e-26,0.000168191
6546,1.47338e-05,1.24133e-05,1.77288e-06,7.99109e-09,3.80455e-12,3.25043e-16,5.86312e-19,2.1778e-28,2.89279e-05
6547,1.77314e-05,1.49381e-05,2.18642e-06,1.06194e-08,5.58619e-12,5.24353e-16,9.44425e-19,3.48776e-28,3.48666e-05
6548,3.6673e-05,3.0895e-05,4.55469e-06,2.27068e-08,1.25112e-11,1.2525e-15,2.25401e-18,8.29698e-28,7.21454e-05
6549,7.50049e-05,6.31859e-05,1.10819e-05,9.65922e-08,1.19984e-10,2.91176e-14,5.23584e-17,1.92128e-26,0.000149369
6550,1.07355e-06,9.04358e-07,8.38313e-08,6.87204e-11,9.16295e-16,1.96083e-18,3.52284e-21,1.28832e-30,2.06181e-06
6551,2.19041e-06,1.84519e-06,2.01634e-07,3.8678e-10,5.03585e-14,8.89194e-19,1.59712e-21,5.83497e-31,4.23763e-06
6552,2.1858e-05,1.84124e-05,2.36531e-06,7.40795e-09,1.81797e-12,6.50157e-17,1.16648e-19,4.24318e-29,4.26431e-05
6553,2.70998e-05,2.28276e-05,3.05873e-06,1.13154e-08,4.04519e-12,2.53845e-16,4.55257e-19,1.65354e-28,5.29974e-05
6554,1.50954e-06,1.27151e-06,1.26608e-07,1.52089e-10,1.44337e-15,9.21776e-19,1.65099e-21,5.96596e-31,2.90781e-06
6555,4.19489e-06,3.53335e-06,4.13942e-07,9.19481e-10,9.44364e-14,1.26023e-19,2.25529e-22,8.123e-32,8.1431e-06
6556,3.60253e-06,3.03431e-06,3.56428e-07,8.68792e-10,1.68123e-13,5.17579e-18,9.25376e-21,3.32073e-30,6.99414e-06
6557,6.76101e-06,5.69456e-06,7.29684e-07,2.33859e-09,6.7479e-13,3.25161e-17,5.81178e-20,2.08314e-29,1.31876e-05
6558,2.76299e-05,2.32712e-05,3.55372e-06,2.00843e-08,1.32039e-11,1.55046e-15,2.76924e-18,9.89835e-28,5.44749e-05
6559,1.49989e-05,1.26323e-05,1.66086e-06,5.87092e-09,2.04004e-12,1.28035e-16,2.28424e-19,8.1292e-29,2.92979e-05
6560,4.67376e-06,3.93617e-06,4.77068e-07,1.2681e-09,2.66028e-13,8.14364e-18,1.45109e-20,5.13929e-30,9.08827e-06
6561,6.66211e-06,5.61064e-06,7.1712e-07,2.28001e-09,6.49438e-13,3.08046e-17,5.48638e-20,1.93951e-29,1.29922e-05
6562,3.03451e-05,2.55552e-05,3.68748e-06,1.73583e-08,8.99159e-12,8.59023e-16,1.52867e-18,5.3867e-28,5.96052e-05
6563,0,0,0,0,0,0,0,0,0
6564,0,0,0,0,0,0,0,0,0
6565,3.71767e-06,3.13056e-06,3.69202e-07,9.12625e-10,1.8064e-13,5.71915e-18,1.01493e-20,3.53786e-30,7.21834e-06
6566,0,0,0,0,0,0,0,0,0
6567,1.72208e-05,1.45006e-05,1.96184e-06,7.66792e-09,3.12788e-12,2.34813e-16,4.16053e-19,1.44153e-28,3.36909e-05
6568,0,0,0,0,0,0,0,0,0
6569,0,0,0,0,0,0,0,0,0
6570,0,0,0,0,0,0,0,0,0
6571,4.57793e-05,3.85441e-05,6.21196e-06,4.22137e-08,3.73526e-11,6.27967e-15,1.1092e-17,3.79681e-27,9.05776e-05
6572,1.91148e-05,1.60933e-05,2.37599e-06,1.18848e-08,6.52486e-12,6.41136e-16,1.13136e-18,3.85807e-28,3.7596e-05
6573,1.03976e-06,8.75384e-07,8.63288e-08,1.20695e-10,1.00505e-14,1.09213e-19,1.92599e-22,6.55182e-32,2.00159e-06
6574,0,0,0,0,0,0,0,0,0
6575,0,0,0,0,0,0,0,0,0
6576,5.8401e-06,4.91642e-06,6.15155e-07,1.82008e-09,4.54356e-13,1.72978e-17,3.04188e-20,1.02345e-29,1.13735e-05
6577,8.97569e-06,7.55589e-06,9.50634e-07,2.27384e-09,1.24115e-14,2.35296e-16,4.13455e-19,1.38686e-28,1.74845e-05
6578,4.57405e-06,3.8505e-06,4.63074e-07,1.18772e-09,2.21527e-13,4.62979e-18,8.13466e-21,2.72779e-30,8.88881e-06
6579,1.48638e-06,1.2512e-06,1.30384e-07,2.20838e-10,2.60716e-14,4.90967e-19,8.61335e-22,2.87132e-31,2.86818e-06
6580,8.23754e-06,6.93401e-06,9.12953e-07,3.20623e-09,1.07212e-12,6.24723e-17,1.09525e-19,3.64154e-29,1.60877e-05
6581,0,0,0,0,0,0,0,0,0
6582,2.49821e-05,2.10278e-05,2.92736e-06,1.2184e-08,5.1e-12,3.64182e-16,6.37435e-19,2.10593e-28,4.89494e-05
6583,0,0,0,0,0,0,0,0,0
6584,3.64762e-05,3.07013e-05,4.43681e-06,2.0687e-08,9.80849e-12,7.98658e-16,1.39612e-18,4.58953e-28,7.16349e-05
6585,1.39344e-05,1.17279e-05,1.5083e-06,4.91797e-09,1.47009e-12,7.48739e-17,1.30735e-19,4.2785e-29,2.71756e-05
6586,1.85481e-05,1.56106e-05,2.0386e-06,7.19269e-09,2.49696e-12,1.43488e-16,2.50325e-19,8.16472e-29,3.62045e-05
6587,0,0,0,0,0,0,0,0,0
6588,3.25188e-05,2.73676e-05,3.97758e-06,1.91898e-08,1.02986e-11,1.0215e-15,1.77958e-18,5.77282e-28,6.38832e-05
6589,0,0,0,0,0,0,0,0,0
6590,1.95281e-05,1.64337e-05,2.33466e-06,1.07742e-08,5.5682e-12,5.29912e-16,9.21337e-19,2.96567e-28,3.83072e-05
6591,2.75391e-06,2.31749e-06,2.61948e-07,5.6866e-10,9.34515e-14,2.39386e-18,4.16047e-21,1.33714e-30,5.33392e-06
6592,2.38457e-05,2.0066e-05,3.00423e-06,1.60852e-08,9.92198e-12,1.11082e-15,1.92797e-18,6.16381e-28,4.69321e-05
6593,1.81574e-06,1.52791e-06,1.60976e-07,2.70063e-10,2.63556e-14,2.65592e-19,4.60802e-22,1.47115e-31,3.50489e-06
6594,1.48719e-05,1.25142e-05,1.78341e-06,8.01306e-09,3.78622e-12,3.17026e-16,5.49642e-19,1.74984e-28,2.91776e-05
6595,7.4032e-06,6.22932e-06,8.04782e-07,2.64324e-09,7.76784e-13,3.67903e-17,6.3715e-20,2.01977e-29,1.44399e-05
6596,1.00871e-05,8.48738e-06,1.13377e-06,4.01458e-09,1.14057e-12,3.04215e-17,5.26247e-20,1.66075e-29,1.97123e-05
6597,2.05804e-05,1.73163e-05,2.58001e-06,1.33319e-08,7.71345e-12,8.08403e-16,1.39786e-18,4.40456e-28,4.04901e-05
6598,4.46344e-05,3.75542e-05,5.7214e-06,3.21868e-08,2.17944e-11,2.81753e-15,4.86833e-18,1.52953e-27,8.79422e-05
6599,3.96606e-06,3.33684e-06,3.95085e-07,9.84338e-10,1.91658e-13,5.61169e-18,9.68686e-21,3.03192e-30,7.69897e-06
6600,4.41768e-05,3.71671e-05,5.45792e-06,2.80006e-08,1.73583e-11,2.11674e-15,3.65074e-18,1.13881e-27,8.68299e-05
6601,0,0,0,0,0,0,0,0,0
6602,0,0,0,0,0,0,0,0,0
6603,0,0,0,0,0,0,0,0,0
6604,8.1418e-06,6.84918e-06,8.99256e-07,3.14061e-09,1.04536e-12,6.07904e-17,1.04485e-19,3.21599e-29,1.58934e-05
6605,1.56691e-06,1.31812e-06,1.3737e-07,2.29732e-10,2.51445e-14,3.85143e-19,6.61571e-22,2.03141e-31,3.02263e-06
6606,0,0,0,0,0,0,0,0,0
6607,0,0,0,0,0,0,0,0,0
6608,4.67474e-05,3.93218e-05,6.01335e-06,3.41365e-08,2.31709e-11,2.95199e-15,5.05877e-18,1.53914e-27,9.21167e-05
6609,3.72733e-06,3.13516e-06,3.68679e-07,9.05799e-10,1.76877e-13,5.42163e-18,9.27949e-21,2.80978e-30,7.23208e-06
6610,0.000128274,0.000107894,2.01773e-05,2.1833e-07,3.70353e-10,1.24445e-13,2.12945e-16,6.4418e-26,0.000256563
6611,5.31096e-05,4.46703e-05,6.92753e-06,4.27938e-08,3.49145e-11,5.66658e-15,9.68722e-18,2.91968e-27,0.00010475
6612,0,0,0,0,0,0,0,0,0
6613,0,0,0,0,0,0,0,0,0
6614,0,0,0,0,0,0,0,0,0
6615,1.19339e-05,1.00365e-05,1.38648e-06,5.66976e-09,2.34924e-12,1.71071e-16,2.91447e-19,8.66718e-29,2.33625e-05
6616,1.26535e-05,1.06413e-05,1.40495e-06,5.10254e-09,1.76933e-12,9.27918e-17,1.57892e-19,4.67303e-29,2.47049e-05
6617,5.24824e-06,4.41359e-06,5.45091e-07,1.57341e-09,3.97626e-13,1.70198e-17,2.89529e-20,8.56025e-30,1.02085e-05
6618,6.49656e-06,5.46321e-06,6.3236e-07,1.46401e-09,2.39828e-13,4.06581e-18,6.90917e-21,2.03441e-30,1.25936e-05
6619,0,0,0,0,0,0,0,0,0
6620,1.42589e-05,1.19902e-05,1.56797e-06,5.43682e-09,1.73189e-12,8.36602e-17,1.41907e-19,4.14885e-29,2.78226e-05
6621,0,0,0,0,0,0,0,0,0
6622,5.20357e-05,4.37541e-05,6.87848e-06,4.3257e-08,3.49067e-11,5.46174e-15,9.24949e-18,2.68734e-27,0.000102712
6623,5.19883e-05,4.37138e-05,7.20087e-06,5.24617e-08,5.09837e-11,9.42871e-15,1.5962e-17,4.63119e-27,0.000102955
6624,0,0,0,0,0,0,0,0,0
6625,6.27138e-06,5.27288e-06,6.63402e-07,2.00039e-09,5.08413e-13,1.93415e-17,3.26756e-20,9.40423e-30,1.22097e-05
6626,8.79044e-06,7.39073e-06,8.96515e-07,2.4733e-09,6.02463e-13,2.58307e-17,4.36074e-20,1.25157e-29,1.70802e-05
6627,2.81028e-05,2.36275e-05,3.52292e-06,1.89489e-08,1.21421e-11,1.44388e-15,2.43656e-18,6.98199e-28,5.52722e-05
6628,2.1905e-05,1.84161e-05,2.45231e-06,9.24103e-09,3.56827e-12,2.39409e-16,4.03656e-19,1.15279e-28,4.27827e-05
6629,4.12728e-06,3.46985e-06,4.14232e-07,1.07573e-09,2.32972e-13,8.36853e-18,1.40983e-20,4.01354e-30,8.01244e-06
6630,3.49657e-05,2.93949e-05,4.08188e-06,1.70242e-08,7.11067e-12,4.82901e-16,8.12417e-19,2.30048e-28,6.84595e-05
6631,2.09985e-06,1.76524e-06,1.88753e-07,3.29654e-10,3.23663e-14,2.65357e-19,4.46043e-22,1.25881e-31,4.05417e-06
6632,8.01202e-06,6.73517e-06,7.95983e-07,1.96816e-09,3.71201e-13,1.00931e-17,1.69534e-20,4.77121e-30,1.55451e-05
6633,0,0,0,0,0,0,0,0,0
6634,3.32926e-05,2.79854e-05,3.99049e-06,1.8631e-08,9.6646e-12,9.08537e-16,1.52332e-18,4.25687e-28,6.52872e-05
6635,2.68813e-05,2.25957e-05,3.17431e-06,1.37431e-08,6.22542e-12,5.03238e-16,8.43485e-19,2.35407e-28,5.26651e-05
6636,3.78504e-05,3.18149e-05,5.1368e-06,3.41949e-08,2.8317e-11,4.33272e-15,7.25319e-18,2.01459e-27,7.48363e-05
6637,3.16601e-05,2.66113e-05,3.60009e-06,1.45645e-08,6.65499e-12,5.94877e-16,9.95276e-19,2.75815e-28,6.1886e-05
6638,1.18278e-06,9.94137e-07,9.62032e-08,1.11855e-10,2.37287e-15,1.84238e-19,3.07978e-22,8.50613e-32,2.27324e-06
6639,9.46367e-06,7.954e-06,1.05709e-06,3.77976e-09,1.21463e-12,5.77769e-17,9.64718e-20,2.65269e-29,1.84785e-05
6640,6.12244e-07,5.14564e-07,4.68292e-08,5.0663e-11,2.75193e-15,1.47914e-20,2.46778e-23,6.76434e-33,1.17369e-06
6641,9.48075e-06,7.96799e-06,9.85051e-07,2.90932e-09,7.8205e-13,3.60065e-17,6.00393e-20,1.64217e-29,1.84367e-05
6642,3.12972e-05,2.63028e-05,3.68597e-06,1.65215e-08,8.53359e-12,8.4503e-16,1.40766e-18,3.83544e-28,6.13026e-05
6643,1.75752e-05,1.47703e-05,2.06072e-06,9.10023e-09,4.49853e-12,4.11096e-16,6.84544e-19,1.86234e-28,3.44153e-05
6644,3.9319e-05,3.30425e-05,5.36379e-06,3.64066e-08,3.11998e-11,5.00736e-15,8.32672e-18,2.2533e-27,7.77617e-05
6645,0,0,0,0,0,0,0,0,0
6646,3.72583e-06,3.13091e-06,3.66071e-07,8.78023e-10,1.59565e-13,4.13236e-18,6.86055e-21,1.84486e-30,7.22369e-06
6647,5.46301e-06,4.59065e-06,5.67187e-07,1.6294e-09,3.95675e-13,1.5077e-17,2.50199e-20,6.71653e-30,1.06225e-05
6648,1.7971e-05,1.5101e-05,2.19011e-06,1.02979e-08,4.9038e-12,3.5787e-16,5.9344e-19,1.58854e-28,3.52724e-05
6649,6.34309e-06,5.32993e-06,6.06974e-07,1.32323e-09,1.97293e-13,3.42183e-18,5.66918e-21,1.51225e-30,1.22813e-05
6650,0,0,0,0,0,0,0,0,0
6651,1.12388e-05,9.44324e-06,1.18911e-06,3.71555e-09,1.08689e-12,5.58816e-17,9.24533e-20,2.45277e-29,2.18749e-05
6652,2.781e-05,2.3366e-05,3.30435e-06,1.46935e-08,6.99338e-12,6.03835e-16,9.97725e-19,2.63365e-28,5.44951e-05
6653,1.43137e-05,1.20261e-05,1.59091e-06,5.88251e-09,2.23461e-12,1.53993e-16,2.54265e-19,6.69321e-29,2.79366e-05
6654,0,0,0,0,0,0,0,0,0
6655,3.60152e-05,3.02575e-05,4.23055e-06,1.84186e-08,8.81555e-12,7.99588e-16,1.31757e-18,3.44109e-28,7.05218e-05
6656,0,0,0,0,0,0,0,0,0
6657,5.65514e-05,4.75086e-05,7.38647e-06,4.40426e-08,3.16413e-11,4.22434e-15,6.9506e-18,1.80487e-27,0.000111491
6658,3.14677e-06,2.64353e-06,3.03373e-07,6.97523e-10,1.26316e-13,3.68633e-18,6.06244e-21,1.57127e-30,6.09437e-06
6659,0,0,0,0,0,0,0,0,0
6660,4.43901e-05,3.72891e-05,6.14844e-06,4.3887e-08,4.0437e-11,7.01301e-15,1.1512e-17,2.96223e-27,8.78716e-05
6661,0,0,0,0,0,0,0,0,0
6662,1.96616e-05,1.65155e-05,2.21537e-06,8.30296e-09,3.03873e-12,1.92146e-16,3.14914e-19,8.05337e-29,3.84008e-05
6663,5.03233e-05,4.22702e-05,6.52907e-06,4.01868e-08,3.25193e-11,5.11897e-15,8.38519e-18,2.13995e-27,9.91627e-05
6664,7.68061e-05,6.45125e-05,1.03368e-05,6.95091e-08,6.14357e-11,1.0452e-14,1.7097e-17,4.33935e-27,0.000151725
6665,1.48009e-05,1.24316e-05,1.76402e-06,7.8933e-09,3.742e-12,3.16669e-16,5.17598e-19,1.30982e-28,2.90044e-05
6666,2.57048e-05,2.15897e-05,3.09756e-06,1.48199e-08,8.21025e-12,8.58536e-16,1.40299e-18,3.54751e-28,5.04069e-05
6667,0,0,0,0,0,0,0,0,0
6668,0,0,0,0,0,0,0,0,0
6669,1.06654e-05,8.95714e-06,1.10448e-06,3.18075e-09,7.93322e-13,3.25187e-17,5.29766e-20,1.32345e-29,2.07302e-05
6670,1.06663e-05,8.95767e-06,1.10644e-06,3.21233e-09,8.16069e-13,3.44272e-17,5.60398e-20,1.39549e-29,2.07336e-05
6671,2.30647e-05,1.93694e-05,2.85559e-06,1.47878e-08,8.84975e-12,9.68799e-16,1.57554e-18,3.90935e-28,4.53044e-05
6672,0,0,0,0,0,0,0,0,0
6673,7.91216e-06,6.64421e-06,8.5519e-07,2.72878e-09,6.889e-13,1.92338e-17,3.1233e-20,7.70494e-30,1.54143e-05
6674,1.97625e-05,1.65952e-05,2.10937e-06,4.64066e-09,1.98997e-12,6.13879e-15,9.96383e-18,2.4535e-27,3.84717e-05
6675,0,0,0,0,0,0,0,0,0
6676,1.26114e-05,1.05896e-05,1.40541e-06,5.25535e-09,1.96821e-12,1.24999e-16,2.0249e-19,4.94834e-29,2.46116e-05
6677,7.72071e-06,6.48278e-06,7.65929e-07,1.93611e-09,4.01802e-13,1.33815e-17,2.16597e-20,5.27659e-30,1.49714e-05
6678,1.29986e-05,1.09142e-05,1.38392e-06,4.33648e-09,1.19216e-12,5.0827e-17,8.21999e-20,1.99583e-29,2.5301e-05
6679,4.45754e-05,3.74261e-05,5.95293e-06,3.93407e-08,3.37606e-11,5.47885e-15,8.85184e-18,2.14093e-27,8.79937e-05
6680,3.89591e-05,3.27098e-05,5.2905e-06,3.56181e-08,3.01554e-11,4.74809e-15,7.66521e-18,1.84829e-27,7.6995e-05
6681,0,0,0,0,0,0,0,0,0
6682,4.63223e-06,3.88907e-06,4.62396e-07,1.13436e-09,1.84795e-13,2.81736e-18,4.54382e-21,1.09146e-30,8.98483e-06
6683,0,0,0,0,0,0,0,0,0
6684,0,0,0,0,0,0,0,0,0
6685,2.54e-05,2.13234e-05,3.25152e-06,1.82136e-08,1.18359e-11,1.39293e-15,2.24101e-18,5.33194e-28,4.99932e-05
6686,1.15938e-05,9.73257e-06,1.30004e-06,4.95886e-09,1.91284e-12,1.28465e-16,2.06363e-19,4.88053e-29,2.26314e-05
6687,2.37394e-05,1.99279e-05,2.75939e-06,1.15452e-08,5.01718e-12,3.81219e-16,6.12017e-19,1.44409e-28,4.64383e-05
6688,3.89006e-06,3.26545e-06,3.818e-07,9.09193e-10,1.54766e-13,3.02612e-18,4.85559e-21,1.14332e-30,7.53822e-06
6689,0,0,0,0,0,0,0,0,0
6690,1.44393e-05,1.21201e-05,1.70826e-06,7.46694e-09,3.36759e-12,2.61058e-16,4.18049e-19,9.76738e-29,2.82751e-05
6691,2.6271e-05,2.2051e-05,3.01745e-06,1.24508e-08,5.52932e-12,4.51468e-16,7.22552e-19,1.68443e-28,5.13519e-05
6692,0,0,0,0,0,0,0,0,0
6693,6.12978e-06,5.14487e-06,6.46268e-07,1.98419e-09,5.50944e-13,2.61288e-17,4.17505e-20,9.67198e-30,1.19229e-05
6694,6.72807e-05,5.64685e-05,8.95442e-06,5.68524e-08,4.44617e-11,6.44543e-15,1.02886e-17,2.37412e-27,0.00013276
6695,5.4596e-06,4.58217e-06,5.6396e-07,1.60473e-09,3.81505e-13,1.38671e-17,2.21268e-20,5.09802e-30,1.06073e-05
6696,6.26501e-05,5.25791e-05,8.14139e-06,4.91142e-08,3.57e-11,4.29925e-15,6.84972e-18,1.56896e-27,0.00012342
6697,2.75838e-05,2.31493e-05,3.56345e-06,2.05248e-08,1.3744e-11,1.63773e-15,2.60799e-18,5.96204e-28,5.43171e-05
6698,0,0,0,0,0,0,0,0,0
6699,0,0,0,0,0,0,0,0,0
6700,3.3784e-05,2.83506e-05,4.17527e-06,2.15818e-08,1.32176e-11,1.53323e-15,2.43602e-18,5.51968e-28,6.63314e-05
6701,0,0,0,0,0,0,0,0,0
6702,1.50849e-05,1.26581e-05,1.60887e-06,5.36295e-09,1.82584e-12,1.14829e-16,1.82094e-19,4.09549e-29,2.93572e-05
6703,1.54844e-05,1.2993e-05,1.74683e-06,6.89242e-09,2.93896e-12,2.33877e-16,3.70614e-19,8.31224e-29,3.02311e-05
6704,4.90468e-05,4.11543e-05,5.78275e-06,2.5558e-08,1.21828e-11,1.04639e-15,1.65667e-18,3.70261e-28,9.60094e-05
6705,0,0,0,0,0,0,0,0,0
6706,2.13343e-05,1.79003e-05,2.41161e-06,9.09962e-09,3.23665e-12,1.84845e-16,2.92129e-19,6.48365e-29,4.16553e-05
6707,0,0,0,0,0,0,0,0,0
6708,0,0,0,0,0,0,0,0,0
6709,0,0,0,0,0,0,0,0,0
6710,0,0,0,0,0,0,0,0,0
6711,2.06576e-05,1.73302e-05,2.5651e-06,1.31338e-08,7.5195e-12,7.70604e-16,1.21286e-18,2.6491e-28,4.0566e-05
6712,0,0,0,0,0,0,0,0,0
6713,0,0,0,0,0,0,0,0,0
6714,6.20822e-07,5.20791e-07,4.66139e-08,4.58781e-11,1.62682e-15,1.60364e-22,2.51867e-25,5.45616e-35,1.18827e-06
6715,7.97885e-06,6.693e-06,7.91322e-07,2.01308e-09,4.25441e-13,1.48349e-17,2.32725e-20,5.01866e-30,1.54652e-05
6716,1.06262e-05,8.91358e-06,1.12598e-06,3.56202e-09,9.96765e-13,3.93748e-17,6.17474e-20,1.32968e-29,2.06693e-05
6717,3.61752e-05,3.03442e-05,4.38921e-06,2.04844e-08,9.27971e-12,5.4375e-16,8.52018e-19,1.82898e-28,7.09291e-05
6718,0,0,0,0,0,0,0,0,0
6719,0,0,0,0,0,0,0,0,0
6720,1.14721e-05,9.62207e-06,1.31451e-06,5.25789e-09,2.13169e-12,1.52123e-16,2.37686e-19,5.04572e-29,2.24139e-05
6721,4.62943e-05,3.88277e-05,5.67014e-06,2.84874e-08,1.64445e-11,1.73391e-15,2.70666e-18,5.72526e-28,9.08207e-05
6722,1.54362e-05,1.29464e-05,1.8364e-06,8.19528e-09,3.77718e-12,2.93427e-16,4.57867e-19,9.67038e-29,3.02272e-05
6723,0,0,0,0,0,0,0,0,0
6724,6.56447e-05,5.50527e-05,9.53611e-06,7.98531e-08,9.24208e-11,2.03529e-14,3.16921e-17,6.63882e-27,0.000130313
6725,9.02415e-06,7.56796e-06,9.35033e-07,2.8181e-09,8.07053e-13,4.11763e-17,6.40874e-20,1.34009e-29,1.753e-05
6726,0,0,0,0,0,0,0,0,0
6727,0,0,0,0,0,0,0,0,0
6728,4.75058e-06,3.98369e-06,4.80881e-07,1.29867e-09,2.92328e-13,1.04352e-17,1.62e-20,3.35394e-30,9.21644e-06
6729,0.000101557,8.51598e-05,1.46833e-05,1.24935e-07,1.55445e-10,3.80558e-14,5.90198e-17,1.2171e-26,0.000201525
6730,0,0,0,0,0,0,0,0,0
6731,0,0,0,0,0,0,0,0,0
6732,5.36105e-06,4.49514e-06,5.52448e-07,1.58591e-09,3.96346e-13,1.64027e-17,2.53801e-20,5.18716e-30,1.04102e-05
6733,0,0,0,0,0,0,0,0,0
6734,8.6683e-06,7.26783e-06,8.75691e-07,2.39377e-09,5.73848e-13,2.33302e-17,3.60379e-20,7.31681e-30,1.68142e-05
6735,0,0,0,0,0,0,0,0,0
6736,2.10463e-06,1.76449e-06,1.8721e-07,3.20238e-10,2.90968e-14,1.47495e-19,2.2737e-22,4.57976e-32,4.05664e-06
6737,0,0,0,0,0,0,0,0,0
6738,0,0,0,0,0,0,0,0,0
6739,5.7939e-05,4.85721e-05,8.10448e-06,6.20348e-08,6.46505e-11,1.27678e-14,1.96429e-17,3.92594e-27,0.000114678
6740,7.85729e-06,6.58682e-06,7.51876e-07,1.53444e-09,1.20159e-13,4.08649e-18,6.2828e-21,1.25247e-30,1.51975e-05
6741,4.62035e-06,3.87313e-06,4.65823e-07,1.24879e-09,2.81113e-13,1.02358e-17,1.57144e-20,3.11502e-30,8.96056e-06
6742,1.1719e-05,9.82349e-06,1.2791e-06,4.57171e-09,1.66074e-12,1.07702e-16,1.652e-19,3.26336e-29,2.28261e-05
6743,7.1003e-06,5.9518e-06,7.58545e-07,2.43182e-09,7.00773e-13,3.26521e-17,5.00701e-20,9.88024e-30,1.38131e-05
6744,7.47149e-06,6.26276e-06,7.61628e-07,2.19426e-09,5.79672e-13,2.55426e-17,3.91316e-20,7.69383e-30,1.44981e-05
6745,4.31093e-06,3.61338e-06,4.31184e-07,1.13417e-09,2.52966e-13,9.42275e-18,1.44179e-20,2.82111e-30,8.35662e-06
6746,0.000101374,8.49702e-05,1.47573e-05,1.31056e-07,1.75029e-10,4.59997e-14,7.03788e-17,1.3766e-26,0.000201233
6747,1.97101e-05,1.65202e-05,2.20851e-06,8.27171e-09,3.03471e-12,1.90335e-16,2.90927e-19,5.66896e-29,3.84471e-05
6748,1.05103e-05,8.80901e-06,1.0716e-06,2.92363e-09,6.26284e-13,1.83734e-17,2.80543e-20,5.44438e-30,2.03938e-05
6749,0,0,0,0,0,0,0,0,0
6750,1.71709e-05,1.43909e-05,1.76879e-06,5.24607e-09,1.44698e-12,6.7911e-17,1.03558e-19,1.9995e-29,3.33358e-05
6751,0,0,0,0,0,0,0,0,0
6752,3.72758e-05,3.12389e-05,5.00088e-06,3.28581e-08,2.69662e-11,4.09265e-15,6.22851e-18,1.19332e-27,7.35484e-05
6753,1.24974e-05,1.04731e-05,1.33948e-06,4.42299e-09,1.3513e-12,6.53582e-17,9.93701e-20,1.8966e-29,2.43144e-05
6754,9.81869e-06,8.22803e-06,1.09614e-06,4.04845e-09,1.44173e-12,8.63912e-17,1.31216e-19,2.49457e-29,1.91469e-05
6755,0,0,0,0,0,0,0,0,0
6756,9.49674e-05,7.95788e-05,1.23398e-05,7.79426e-08,6.63756e-11,1.09349e-14,1.65859e-17,3.13651e-27,0.000186964
6757,1.61412e-05,1.35255e-05,1.89105e-06,8.37017e-09,4.01145e-12,3.42813e-16,5.19684e-19,9.80602e-29,3.15661e-05
6758,0,0,0,0,0,0,0,0,0
6759,0,0,0,0,0,0,0,0,0
6760,4.24066e-05,3.55313e-05,5.29115e-06,2.79479e-08,1.70261e-11,1.89025e-15,2.8571e-18,5.32973e-28,8.3257e-05
6761,3.42599e-06,2.8705e-06,3.3121e-07,7.82879e-10,1.47994e-13,4.48052e-18,6.76997e-21,1.26122e-30,6.62848e-06
6762,5.6529e-05,4.7362e-05,7.31111e-06,4.29964e-08,3.01342e-11,3.81922e-15,5.76554e-18,1.07031e-27,0.000111245
6763,0,0,0,0,0,0,0,0,0
6764,0,0,0,0,0,0,0,0,0
6765,2.13583e-05,1.78933e-05,2.58191e-06,1.26531e-08,7.03363e-12,7.02739e-16,1.05796e-18,1.94313e-28,4.18462e-05
6766,1.6409e-05,1.37465e-05,1.78656e-06,6.12068e-09,1.96283e-12,1.05251e-16,1.58327e-19,2.89895e-29,3.19482e-05
6767,0,0,0,0,0,0,0,0,0
6768,5.00609e-06,4.19366e-06,4.43947e-07,6.40803e-10,1.83355e-14,3.00593e-17,4.51623e-20,8.22971e-30,9.64433e-06
6769,0,0,0,0,0,0,0,0,0
6770,0,0,0,0,0,0,0,0,0
6771,1.46051e-05,1.22339e-05,1.68581e-06,7.19377e-09,3.29322e-12,2.6539e-16,3.97771e-19,7.18045e-29,2.85321e-05
6772,6.30395e-06,5.28028e-06,6.58525e-07,1.95784e-09,4.85367e-13,1.71729e-17,2.57057e-20,4.61695e-30,1.22447e-05
6773,3.04336e-05,2.5491e-05,3.96273e-06,2.37896e-08,1.71202e-11,2.23695e-15,3.34586e-18,5.99139e-28,5.99112e-05
6774,2.87082e-05,2.40452e-05,3.54268e-06,1.86185e-08,1.15873e-11,1.31521e-15,1.96552e-18,3.508e-28,5.63147e-05
6775,0,0,0,0,0,0,0,0,0
6776,1.29982e-05,1.08864e-05,1.34685e-06,4.12165e-09,1.20691e-12,6.11509e-17,9.12532e-20,1.61937e-29,2.52356e-05
6777,0,0,0,0,0,0,0,0,0
6778,1.8095e-05,1.51543e-05,2.19491e-06,1.05903e-08,5.60962e-12,5.30511e-16,7.90221e-19,1.39239e-28,3.54549e-05
6779,2.6218e-05,2.19569e-05,2.82248e-06,1.01041e-08,4.04668e-12,3.13436e-16,4.66718e-19,8.21274e-29,5.10076e-05
6780,8.88153e-06,7.43775e-06,9.76979e-07,3.47333e-09,1.18583e-12,6.9229e-17,1.02936e-19,1.80119e-29,1.72997e-05
6781,6.96161e-06,5.82988e-06,7.40297e-07,2.36477e-09,6.89066e-13,3.34901e-17,4.97814e-20,8.70076e-30,1.35342e-05
6782,1.18195e-05,9.89759e-06,1.35145e-06,5.42014e-09,2.19463e-12,1.53693e-16,2.28146e-19,3.96644e-29,2.30739e-05
6783,0,0,0,0,0,0,0,0,0
6784,0,0,0,0,0,0,0,0,0
6785,6.39741e-06,5.35678e-06,6.65548e-07,1.92881e-09,4.3268e-13,1.14052e-17,1.68914e-20,2.91049e-30,1.24217e-05
6786,1.69454e-06,1.41888e-06,1.48277e-07,2.57063e-10,3.0818e-14,5.52794e-19,8.18233e-22,1.40671e-31,3.26195e-06
6787,0,0,0,0,0,0,0,0,0
6788,3.18274e-06,2.6648e-06,3.03635e-07,6.90599e-10,1.22801e-13,3.43089e-18,5.06746e-21,8.63953e-31,6.15186e-06
6789,4.84754e-07,4.05865e-07,3.23706e-08,1.3653e-11,1.48757e-15,5.26997e-19,7.78207e-22,1.32562e-31,9.23003e-07
6790,8.81839e-06,7.38304e-06,9.68771e-07,3.44093e-09,1.17909e-12,6.96342e-17,1.02718e-19,1.74245e-29,1.71736e-05
6791,1.82098e-05,1.52456e-05,2.20661e-06,1.06152e-08,5.55959e-12,5.11693e-16,7.54363e-19,1.27676e-28,3.56726e-05
6792,1.47626e-06,1.2359e-06,1.2539e-07,1.92561e-10,1.73381e-14,1.77542e-19,2.61427e-22,4.40404e-32,2.83774e-06
6793,0,0,0,0,0,0,0,0,0
6794,0,0,0,0,0,0,0,0,0
6795,9.4939e-05,7.9475e-05,1.43887e-05,1.38618e-07,1.93126e-10,5.01795e-14,7.36954e-17,1.22888e-26,0.000188941
6796,2.83587e-06,2.37391e-06,2.46888e-07,4.2682e-10,5.02722e-14,7.91133e-19,1.16089e-21,1.92938e-31,5.4571e-06
6797,0,0,0,0,0,0,0,0,0
6798,8.83756e-06,7.39755e-06,8.81256e-07,2.29476e-09,4.82469e-13,1.49281e-17,2.18723e-20,3.61385e-30,1.71187e-05
6799,1.39703e-05,1.16938e-05,1.47213e-06,4.29733e-09,7.07466e-13,1.50975e-18,2.21113e-21,3.64742e-31,2.71406e-05
6800,5.22657e-06,4.37474e-06,5.33483e-07,1.5045e-09,3.66752e-13,1.46413e-17,2.14233e-20,3.52117e-30,1.01363e-05
6801,0,0,0,0,0,0,0,0,0
6802,0,0,0,0,0,0,0,0,0
6803,1.43691e-05,1.20261e-05,1.46055e-06,4.08551e-09,9.81773e-13,3.76979e-17,5.49936e-20,8.93297e-30,2.78598e-05
6804,1.52098e-05,1.27296e-05,1.7951e-06,7.95861e-09,3.68795e-12,2.93389e-16,4.27919e-19,6.94618e-29,2.97424e-05
6805,0,0,0,0,0,0,0,0,0
6806,0,0,0,0,0,0,0,0,0
6807,0,0,0,0,0,0,0,0,0
6808,1.2379e-05,1.03593e-05,1.4215e-06,5.80799e-09,2.42136e-12,1.7525e-16,2.54691e-19,4.07668e-29,2.41655e-05
6809,5.94505e-06,4.97495e-06,5.29709e-07,9.61532e-10,1.21161e-13,3.53061e-18,5.12682e-21,8.17989e-31,1.14507e-05
6810,5.12633e-06,4.28975e-06,4.82867e-07,1.07348e-09,1.8443e-13,4.50227e-18,6.5348e-21,1.04078e-30,9.90001e-06
6811,1.46754e-05,1.228e-05,1.63855e-06,6.35986e-09,2.59689e-12,1.88421e-16,2.73106e-19,4.32639e-29,2.86003e-05
6812,0,0,0,0,0,0,0,0,0
6813,2.68041e-05,2.24281e-05,3.20991e-06,1.53794e-08,8.36172e-12,8.10677e-16,1.17364e-18,1.85062e-28,5.24575e-05
6814,6.13708e-06,5.13497e-06,6.37322e-07,1.88337e-09,4.73746e-13,1.81501e-17,2.62466e-20,4.12038e-30,1.19113e-05
6815,0,0,0,0,0,0,0,0,0
6816,3.40335e-05,2.84747e-05,4.18529e-06,2.23512e-08,1.45327e-11,1.72356e-15,2.48753e-18,3.8753e-28,6.67158e-05
6817,0,0,0,0,0,0,0,0,0
6818,9.20869e-07,7.70419e-07,7.32792e-08,9.2748e-11,6.49406e-15,5.41334e-20,7.80085e-23,1.20805e-32,1.76466e-06
6819,5.27988e-06,4.41721e-06,5.39242e-07,1.53242e-09,3.81053e-13,1.57667e-17,2.27106e-20,3.51107e-30,1.02379e-05
6820,9.66851e-06,8.08855e-06,1.03653e-06,3.45802e-09,1.02945e-12,4.34123e-17,6.24765e-20,9.62551e-30,1.87971e-05
6821,0,0,0,0,0,0,0,0,0
6822,0,0,0,0,0,0,0,0,0
6823,0,0,0,0,0,0,0,0,0
6824,0,0,0,0,0,0,0,0,0
6825,0,0,0,0,0,0,0,0,0
6826,7.77149e-07,6.50045e-07,5.42329e-08,2.8246e-11,3.78845e-20,9.68687e-19,1.38669e-21,2.09258e-31,1.48146e-06
6827,0,0,0,0,0,0,0,0,0
6828,0,0,0,0,0,0,0,0,0
6829,3.48448e-06,2.91436e-06,3.3555e-07,7.92946e-10,1.49969e-13,4.51718e-18,6.45036e-21,9.64011e-31,6.73518e-06
6830,2.52855e-05,2.11482e-05,3.19241e-06,1.75616e-08,1.11157e-11,1.24585e-15,1.77841e-18,2.6542e-28,4.96436e-05
6831,3.84411e-06,3.21504e-06,3.40667e-07,6.185e-10,7.88953e-14,1.4969e-18,2.1351e-21,3.17686e-31,7.40043e-06
6832,0,0,0,0,0,0,0,0,0
6833,1.30633e-05,1.09248e-05,1.50322e-06,6.15663e-09,2.49334e-12,1.6239e-16,2.31137e-19,3.41102e-29,2.54975e-05
6834,0,0,0,0,0,0,0,0,0
6835,0,0,0,0,0,0,0,0,0
6836,0,0,0,0,0,0,0,0,0
6837,8.92515e-06,7.46334e-06,9.76724e-07,3.44467e-09,1.15539e-12,6.49159e-17,9.20949e-20,1.34179e-29,1.73687e-05
6838,0,0,0,0,0,0,0,0,0
6839,0,0,0,0,0,0,0,0,0
6840,0,0,0,0,0,0,0,0,0
6841,0,0,0,0,0,0,0,0,0
6842,0,0,0,0,0,0,0,0,0
6843,8.22338e-06,6.87555e-06,8.14578e-07,2.1267e-09,4.78434e-13,1.83937e-17,2.59839e-20,3.72335e-30,1.59156e-05
6844,0,0,0,0,0,0,0,0,0
6845,0,0,0,0,0,0,0,0,0
6846,0,0,0,0,0,0,0,0,0
6847,1.68338e-06,1.40731e-06,1.46746e-07,2.56009e-10,3.18236e-14,6.21995e-19,8.75322e-22,1.23581e-31,3.2377e-06
6848,3.54251e-06,2.96146e-06,3.41455e-07,8.127e-10,1.55824e-13,4.78118e-18,6.72219e-21,9.45609e-31,6.84624e-06
6849,2.35212e-05,1.96631e-05,2.71591e-06,1.16046e-08,5.39609e-12,4.57362e-16,6.42877e-19,9.03455e-29,4.59118e-05
6850,7.23856e-06,6.05104e-06,7.05749e-07,1.74945e-09,3.51574e-13,1.0521e-17,1.47741e-20,2.06835e-30,1.39971e-05
6851,1.63175e-05,1.36402e-05,1.93781e-06,8.85105e-09,4.31564e-12,3.664e-16,5.14109e-19,7.17522e-29,3.19044e-05
6852,1.23057e-05,1.02863e-05,1.29009e-06,4.04756e-09,1.19519e-12,6.18355e-17,8.66484e-20,1.20307e-29,2.38861e-05
6853,6.0968e-06,5.09618e-06,6.31204e-07,1.86692e-09,4.76489e-13,1.89309e-17,2.65146e-20,3.67453e-30,1.18261e-05
6854,1.95592e-05,1.63487e-05,2.38153e-06,1.17819e-08,6.46971e-12,6.30108e-16,8.81707e-19,1.21749e-28,3.83012e-05
6855,1.76598e-05,1.47608e-05,1.9285e-06,6.77553e-09,2.2703e-12,1.32416e-16,1.85197e-19,2.55232e-29,3.43558e-05
6856,5.81339e-05,4.85889e-05,6.87406e-06,3.26958e-08,1.85656e-11,1.94496e-15,2.71641e-18,3.7232e-28,0.00011363
6857,2.32364e-05,1.94206e-05,2.71732e-06,1.22219e-08,6.15624e-12,5.61328e-16,7.83384e-19,1.07059e-28,4.53866e-05
6858,0,0,0,0,0,0,0,0,0
6859,5.82668e-06,4.86965e-06,5.59332e-07,1.37673e-09,3.27507e-13,1.68173e-17,2.34375e-20,3.18576e-30,1.1257e-05
6860,8.96225e-06,7.49001e-06,9.80599e-07,3.48189e-09,1.19348e-12,6.99428e-17,9.73952e-20,1.31955e-29,1.74363e-05
6861,0,0,0,0,0,0,0,0,0
6862,0,0,0,0,0,0,0,0,0
6863,1.44036e-06,1.20367e-06,1.22653e-07,1.99052e-10,2.21652e-14,3.78951e-19,5.26535e-22,7.07307e-32,2.76688e-06
6864,8.06583e-06,6.74016e-06,8.68613e-07,2.92835e-09,9.22341e-13,4.83605e-17,6.71261e-20,8.98136e-30,1.56775e-05
6865,4.02512e-06,3.36346e-06,3.93939e-07,9.84416e-10,2.01077e-13,6.51786e-18,9.03778e-21,1.20443e-30,7.78351e-06
6866,0,0,0,0,0,0,0,0,0
6867,1.86528e-05,1.55859e-05,2.04765e-06,7.32546e-09,2.50344e-12,1.4272e-16,1.97585e-19,2.61688e-29,3.62937e-05
6868,1.73854e-06,1.45266e-06,1.42495e-07,1.54045e-10,1.52275e-16,3.96244e-18,5.48232e-21,7.24362e-31,3.33385e-06
6869,0,0,0,0,0,0,0,0,0
6870,0,0,0,0,0,0,0,0,0
6871,2.1499e-06,1.79621e-06,1.93363e-07,3.73424e-10,5.36761e-14,1.22468e-18,1.68969e-21,2.20827e-31,4.13985e-06
6872,0,0,0,0,0,0,0,0,0
6873,3.12363e-06,2.60961e-06,2.94106e-07,6.46234e-10,1.06048e-13,2.5141e-18,3.46268e-21,4.49479e-31,6.02799e-06
6874,0,0,0,0,0,0,0,0,0
6875,1.23841e-05,1.03456e-05,1.40926e-06,5.61501e-09,2.18663e-12,1.35988e-16,1.86983e-19,2.41137e-29,2.41446e-05
6876,7.00302e-07,5.85019e-07,5.3654e-08,6.17287e-11,3.94576e-15,3.21478e-20,4.41733e-23,5.68164e-33,1.33904e-06
6877,0,0,0,0,0,0,0,0,0
6878,6.16222e-06,5.14754e-06,6.37951e-07,1.89917e-09,4.93577e-13,2.03328e-17,2.78934e-20,3.56507e-30,1.19496e-05
6879,1.56998e-05,1.31142e-05,1.67729e-06,5.83264e-09,2.09576e-12,1.33061e-16,1.82358e-19,2.32168e-29,3.04971e-05
6880,6.35609e-06,5.3093e-06,6.62404e-07,2.02784e-09,5.62591e-13,2.61563e-17,3.58411e-20,4.56029e-30,1.23298e-05
6881,7.35405e-05,6.14261e-05,9.45465e-06,5.52515e-08,3.61915e-11,4.32002e-15,5.91116e-18,7.47958e-28,0.000144477
6882,0,0,0,0,0,0,0,0,0
6883,0,0,0,0,0,0,0,0,0
6884,7.27805e-06,6.07867e-06,7.70485e-07,2.46309e-09,7.10513e-13,3.29973e-17,4.50379e-20,5.64338e-30,1.41297e-05
6885,9.95506e-06,8.31447e-06,1.10089e-06,4.04232e-09,1.43395e-12,8.48579e-17,1.15799e-19,1.44983e-29,1.93745e-05
6886,0,0,0,0,0,0,0,0,0
6887,2.95967e-06,2.47175e-06,2.77152e-07,6.05578e-10,1.02006e-13,2.67079e-18,3.63684e-21,4.51567e-31,5.70918e-06
6888,0,0,0,0,0,0,0,0,0
6889,0,0,0,0,0,0,0,0,0
6890,9.60936e-07,8.02464e-07,7.65989e-08,9.92745e-11,7.32327e-15,6.53162e-20,8.87425e-23,1.09228e-32,1.8401e-06
6891,1.15833e-06,9.67289e-07,9.46129e-08,1.31719e-10,1.04659e-14,8.90865e-20,1.20964e-22,1.48533e-32,2.22036e-06
6892,6.84042e-06,5.712e-06,7.18083e-07,2.24373e-09,6.309e-13,2.88265e-17,3.909e-20,4.77526e-30,1.32728e-05
6893,0,0,0,0,0,0,0,0,0
6894,4.54846e-06,3.79793e-06,4.52175e-07,1.19749e-09,2.69769e-13,9.96192e-18,1.34863e-20,1.63682e-30,8.79976e-06
6895,1.12957e-05,9.43157e-06,1.27028e-06,4.93015e-09,1.90127e-12,1.2396e-16,1.67671e-19,2.02821e-29,2.20025e-05
6896,0,0,0,0,0,0,0,0,0
6897,0,0,0,0,0,0,0,0,0
6898,0,0,0,0,0,0,0,0,0
6899,2.11165e-05,1.76301e-05,2.58638e-06,1.31159e-08,7.4254e-12,7.36694e-16,9.93695e-19,1.189e-28,4.13462e-05
6900,0,0,0,0,0,0,0,0,0
6901,6.72555e-06,5.61478e-06,7.01477e-07,2.13082e-09,5.54271e-13,2.13449e-17,2.87298e-20,3.40907e-30,1.30439e-05
6902,1.11766e-06,9.33053e-07,7.51265e-08,4.61024e-11,4.14967e-14,8.29893e-18,1.11646e-20,1.3222e-30,2.12589e-06
6903,1.54534e-05,1.29007e-05,1.59445e-06,5.03066e-09,1.65469e-12,1.08114e-16,1.45358e-19,1.71738e-29,2.99536e-05
6904,1.31872e-05,1.10084e-05,1.51129e-06,6.20666e-09,2.55894e-12,1.74595e-16,2.34455e-19,2.75694e-29,2.57131e-05
6905,5.10865e-06,4.26453e-06,5.15022e-07,1.4238e-09,3.38017e-13,1.29719e-17,1.74087e-20,2.04218e-30,9.88963e-06
6906,7.26598e-06,6.0652e-06,7.13721e-07,1.84078e-09,3.90495e-13,1.19048e-17,1.59597e-20,1.86446e-30,1.40467e-05
6907,3.95571e-05,3.30189e-05,4.98906e-06,2.87271e-08,2.05733e-11,2.71391e-15,3.63524e-18,4.23291e-28,7.75938e-05
6908,9.37553e-07,7.82579e-07,7.49102e-08,1.00193e-10,8.38904e-15,1.02926e-19,1.37803e-22,1.60166e-32,1.79514e-06
6909,0,0,0,0,0,0,0,0,0
6910,0,0,0,0,0,0,0,0,0
6911,9.75478e-06,8.14166e-06,1.07476e-06,3.93432e-09,1.40845e-12,8.59278e-17,1.14731e-19,1.31936e-29,1.89751e-05
6912,0,0,0,0,0,0,0,0,0
6913,1.3664e-05,1.14039e-05,1.43414e-06,4.51517e-09,1.30382e-12,6.30101e-17,8.3996e-20,9.59872e-30,2.65066e-05
6914,1.22979e-05,1.02634e-05,1.22364e-06,3.32811e-09,8.11163e-13,3.34929e-17,4.4616e-20,5.08436e-30,2.37882e-05
6915,0,0,0,0,0,0,0,0,0
6916,3.80237e-06,3.17315e-06,3.44311e-07,7.03141e-10,1.14209e-13,2.99811e-18,3.98538e-21,4.50439e-31,7.32054e-06
6917,7.48804e-06,6.24884e-06,7.93576e-07,2.56091e-09,7.49942e-13,3.53743e-17,4.70077e-20,5.30619e-30,1.4533e-05
6918,7.29162e-07,6.08475e-07,5.57375e-08,6.33996e-11,3.81626e-15,2.62867e-20,3.48999e-23,3.92564e-33,1.39344e-06
6919,2.0186e-05,1.68445e-05,2.3133e-06,9.79356e-09,4.34275e-12,3.14529e-16,4.17262e-19,4.67912e-29,3.93536e-05
6920,0,0,0,0,0,0,0,0,0
6921,6.18443e-06,5.16041e-06,5.80658e-07,1.2844e-09,2.18572e-13,5.67657e-18,7.51761e-21,8.37323e-31,1.19268e-05
6922,9.08661e-06,7.58194e-06,9.89246e-07,3.48287e-09,1.16492e-12,6.44587e-17,8.53256e-20,9.48693e-30,1.76613e-05
6923,0,0,0,0,0,0,0,0,0
6924,3.81054e-06,3.17938e-06,3.68182e-07,8.92779e-10,1.74623e-13,5.35744e-18,7.08014e-21,7.82172e-31,7.359e-06
6925,0,0,0,0,0,0,0,0,0
6926,4.50764e-05,3.76077e-05,5.75882e-06,3.52672e-08,2.79014e-11,4.08519e-15,5.38687e-18,5.90003e-28,8.84782e-05
6927,0,0,0,0,0,0,0,0,0
6928,0,0,0,0,0,0,0,0,0
6929,6.64286e-07,5.54173e-07,5.03972e-08,5.71294e-11,3.67185e-15,3.18475e-20,4.18835e-23,4.53983e-33,1.26891e-06
6930,2.4327e-06,2.02944e-06,2.20759e-07,4.39476e-10,6.41162e-14,1.38851e-18,1.82564e-21,1.97707e-31,4.68334e-06
6931,1.27121e-05,1.06044e-05,1.44573e-06,5.82147e-09,2.32753e-12,1.52005e-16,1.99592e-19,2.15024e-29,2.4768e-05
6932,5.85095e-06,4.8808e-06,5.9849e-07,1.73153e-09,4.31268e-13,1.67516e-17,2.19896e-20,2.36628e-30,1.1332e-05
6933,7.65511e-06,6.38564e-06,6.91562e-07,1.3274e-09,1.95643e-13,1.04781e-17,1.37435e-20,1.4743e-30,1.47336e-05
6934,2.84695e-06,2.37475e-06,2.64059e-07,5.64527e-10,9.21286e-14,2.31213e-18,3.0291e-21,3.23449e-31,5.48633e-06
6935,1.22766e-05,1.02401e-05,1.39157e-06,5.57699e-09,2.25522e-12,1.54464e-16,2.02165e-19,2.15058e-29,2.39138e-05
6936,2.91659e-05,2.43272e-05,3.52741e-06,1.79096e-08,1.06764e-11,1.13939e-15,1.49017e-18,1.58069e-28,5.70384e-05
6937,0,0,0,0,0,0,0,0,0
6938,0,0,0,0,0,0,0,0,0
6939,4.64997e-07,3.87823e-07,3.33638e-08,3.12188e-11,1.3988e-15,6.29394e-21,8.21287e-24,8.63459e-34,8.86215e-07
6940,1.41234e-05,1.1779e-05,1.62964e-06,6.89184e-09,2.9813e-12,2.1549e-16,2.80909e-19,2.94182e-29,2.7539e-05
6941,0,0,0,0,0,0,0,0,0
6942,2.29547e-06,1.91433e-06,2.07043e-07,4.08754e-10,6.08173e-14,1.43463e-18,1.86664e-21,1.94051e-31,4.41726e-06
6943,1.78101e-05,1.48527e-05,1.92729e-06,6.65557e-09,2.1303e-12,1.08244e-16,1.40769e-19,1.46056e-29,3.45967e-05
6944,2.10856e-05,1.75839e-05,2.54831e-06,1.21587e-08,5.64248e-12,3.33253e-16,4.33081e-19,4.48098e-29,4.12299e-05
6945,1.81936e-06,1.51719e-06,1.57086e-07,2.6182e-10,2.68979e-14,3.18701e-19,4.13902e-22,4.27177e-32,3.4939e-06
6946,1.19083e-05,9.93016e-06,1.22108e-06,3.58004e-09,9.19554e-13,3.78504e-17,4.91036e-20,5.04642e-30,2.30631e-05
6947,9.53476e-06,7.95073e-06,9.53432e-07,2.60885e-09,6.23098e-13,2.46122e-17,3.19125e-20,3.27286e-30,1.84415e-05
6948,1.0022e-05,8.35682e-06,9.55855e-07,2.26303e-09,4.42842e-13,1.42402e-17,1.84446e-20,1.88384e-30,1.9337e-05
6949,1.04626e-05,8.72397e-06,1.1449e-06,3.96434e-09,1.08968e-12,2.62689e-17,3.39975e-20,3.46153e-30,2.03355e-05
6950,7.24584e-07,6.04157e-07,5.57462e-08,6.69756e-11,4.86664e-15,5.19818e-20,6.72156e-23,6.81997e-33,1.38455e-06
6951,3.15161e-06,2.62773e-06,2.96309e-07,6.64974e-10,1.17657e-13,3.28519e-18,4.24408e-21,4.29092e-31,6.07631e-06
6952,0,0,0,0,0,0,0,0,0
6953,2.66926e-05,2.22546e-05,3.35857e-06,1.86889e-08,1.20605e-11,1.36531e-15,1.76123e-18,1.77048e-28,5.23244e-05
6954,0.000288231,0.000240302,4.99865e-05,7.56101e-07,2.00269e-09,1.01375e-12,1.30655e-15,1.30883e-25,0.000579278
6955,1.01478e-05,8.4601e-06,1.11842e-06,4.11745e-09,1.47071e-12,8.72901e-17,1.12395e-19,1.12173e-29,1.97304e-05
6956,0,0,0,0,0,0,0,0,0
6957,0,0,0,0,0,0,0,0,0
6958,1.48009e-06,1.23383e-06,1.25138e-07,2.0067e-10,2.14744e-14,3.31661e-19,4.25924e-22,4.20727e-32,2.83927e-06
6959,0,0,0,0,0,0,0,0,0
6960,0,0,0,0,0,0,0,0,0
6961,0,0,0,0,0,0,0,0,0
6962,1.72388e-05,1.43693e-05,1.91013e-06,7.38252e-09,2.99621e-12,2.14065e-16,2.74088e-19,2.67615e-29,3.35256e-05
6963,8.30109e-06,6.91906e-06,7.82278e-07,1.822e-09,3.60889e-13,1.20243e-17,1.53774e-20,1.49443e-30,1.60043e-05
6964,4.35124e-05,3.62671e-05,5.84901e-06,4.01168e-08,3.50198e-11,5.52877e-15,7.06447e-18,6.84251e-28,8.56687e-05
6965,0,0,0,0,0,0,0,0,0
6966,0,0,0,0,0,0,0,0,0
6967,0,0,0,0,0,0,0,0,0
6968,0,0,0,0,0,0,0,0,0
6969,4.3151e-06,3.59616e-06,4.22687e-07,1.08061e-09,2.29765e-13,7.78508e-18,9.90971e-21,9.45673e-31,8.33503e-06
6970,5.6092e-06,4.67452e-06,4.9551e-07,9.14193e-10,1.13076e-13,1.49051e-18,1.8955e-21,1.80222e-31,1.07801e-05
6971,2.14741e-05,1.78956e-05,2.61717e-06,1.32059e-08,7.37283e-12,7.05013e-16,8.96306e-19,8.51204e-29,4.2e-05
6972,0,0,0,0,0,0,0,0,0
6973,1.21348e-05,1.0112e-05,1.24584e-06,3.69654e-09,9.78432e-13,4.25142e-17,5.39558e-20,5.0894e-30,2.34963e-05
6974,0,0,0,0,0,0,0,0,0
6975,3.46371e-06,2.88617e-06,3.28067e-07,7.49345e-10,1.31091e-13,3.32581e-18,4.21234e-21,3.94204e-31,6.67869e-06
6976,0,0,0,0,0,0,0,0,0
6977,4.9963e-06,4.16302e-06,4.96375e-07,1.30719e-09,2.71548e-13,7.54344e-18,9.53989e-21,8.87561e-31,9.65701e-06
6978,0,0,0,0,0,0,0,0,0
6979,2.74266e-05,2.28513e-05,3.21247e-06,1.51404e-08,8.12225e-12,7.38748e-16,9.32783e-19,8.62464e-29,5.35055e-05
6980,1.49362e-05,1.24441e-05,1.72979e-06,7.44528e-09,3.29342e-12,2.41451e-16,3.04499e-19,2.80214e-29,2.91175e-05
6981,0,0,0,0,0,0,0,0,0
6982,1.33956e-05,1.116e-05,1.33765e-06,3.39012e-09,4.47785e-13,3.34582e-17,4.21349e-20,3.85595e-30,2.58967e-05
6983,0,0,0,0,0,0,0,0,0
6984,9.03452e-07,7.52634e-07,7.06128e-08,8.65782e-11,5.56376e-15,3.23955e-20,4.0724e-23,3.70101e-33,1.72678e-06
6985,7.48356e-06,6.23412e-06,7.1872e-07,1.736e-09,3.42192e-13,1.07297e-17,1.34768e-20,1.22074e-30,1.44381e-05
6986,1.04963e-05,8.74365e-06,1.07576e-06,3.25804e-09,9.32268e-13,4.59479e-17,5.76599e-20,5.20454e-30,2.0319e-05
6987,1.18843e-05,9.89965e-06,1.33616e-06,5.28116e-09,2.11252e-12,1.44275e-16,1.80916e-19,1.62828e-29,2.31254e-05
6988,3.25735e-05,2.71334e-05,4.12824e-06,2.41306e-08,1.69484e-11,2.08608e-15,2.61505e-18,2.3507e-28,6.38593e-05
6989,2.38327e-06,1.98517e-06,2.1471e-07,4.23316e-10,6.15511e-14,1.34927e-18,1.68944e-21,1.5118e-31,4.58357e-06
6990,0,0,0,0,0,0,0,0,0
6991,4.8115e-06,4.00757e-06,4.47534e-07,1.00849e-09,1.89591e-13,5.84789e-18,7.30857e-21,6.49248e-31,9.26761e-06
6992,1.19269e-05,9.93387e-06,1.23363e-06,3.81661e-09,1.11194e-12,5.56953e-17,6.95651e-20,6.16531e-30,2.30982e-05
6993,1.22442e-05,1.01979e-05,1.38123e-06,5.51918e-09,2.23819e-12,1.54509e-16,1.92827e-19,1.70346e-29,2.38288e-05
6994,0,0,0,0,0,0,0,0,0
6995,7.75295e-06,6.45691e-06,7.63692e-07,2.05202e-09,4.97028e-13,2.04908e-17,2.55264e-20,2.23916e-30,1.49756e-05
6996,8.47208e-07,7.05574e-07,6.58541e-08,8.07626e-11,5.62716e-15,4.93939e-20,6.15163e-23,5.39077e-33,1.61872e-06
6997,8.03229e-06,6.68923e-06,8.54929e-07,2.85044e-09,8.91177e-13,4.62377e-17,5.7518e-20,5.01729e-30,1.55793e-05
6998,0,0,0,0,0,0,0,0,0
6999,0,0,0,0,0,0,0,0,0
7000,0,0,0,0,0,0,0,0,0
7001,1.72816e-05,1.43906e-05,1.85597e-06,6.35316e-09,2.04496e-12,1.07658e-16,1.33519e-19,1.15106e-29,3.35346e-05
7002,0,0,0,0,0,0,0,0,0
7003,4.95884e-06,4.12909e-06,4.58146e-07,1.00559e-09,1.80509e-13,5.27827e-18,6.5365e-21,5.60251e-31,9.54708e-06
7004,1.20102e-05,1.00002e-05,1.23081e-06,3.66184e-09,9.78775e-13,4.29748e-17,5.31477e-20,4.53156e-30,2.32448e-05
7005,1.10831e-05,9.22804e-06,1.2314e-06,4.69597e-09,1.77308e-12,1.12127e-16,1.38573e-19,1.17829e-29,2.15472e-05
7006,0,0,0,0,0,0,0,0,0
7007,2.23644e-05,1.86202e-05,2.43474e-06,8.79771e-09,2.97561e-12,1.42229e-16,1.75488e-19,1.48272e-29,4.34282e-05
7008,1.0154e-05,8.45383e-06,1.11305e-06,4.05772e-09,1.41918e-12,8.06881e-17,9.94824e-20,8.38105e-30,1.9725e-05
7009,0,0,0,0,0,0,0,0,0
7010,0,0,0,0,0,0,0,0,0
7011,0,0,0,0,0,0,0,0,0
7012,0,0,0,0,0,0,0,0,0
7013,3.9152e-06,3.25923e-06,3.77254e-07,9.25065e-10,1.86612e-13,6.00747e-18,7.37641e-21,6.11547e-31,7.55261e-06
7014,1.47399e-05,1.22698e-05,1.69822e-06,7.22864e-09,3.13858e-12,2.23389e-16,2.73938e-19,2.25963e-29,2.87152e-05
7015,0,0,0,0,0,0,0,0,0
7016,1.65365e-05,1.37648e-05,1.71513e-06,5.49498e-09,1.75912e-12,1.00261e-16,1.22798e-19,1.0081e-29,3.20219e-05
7017,6.00379e-07,4.99739e-07,4.31024e-08,3.67689e-11,6.39081e-16,8.63719e-21,1.05725e-23,8.65954e-34,1.14326e-06
7018,0,0,0,0,0,0,0,0,0
7019,1.05585e-05,8.78809e-06,1.05961e-06,2.9544e-09,7.17099e-13,2.82678e-17,3.45404e-20,2.8096e-30,2.04091e-05
7020,0,0,0,0,0,0,0,0,0
7021,0,0,0,0,0,0,0,0,0
7022,3.19418e-06,2.65842e-06,2.99169e-07,6.72911e-10,1.20286e-13,3.40918e-18,4.1562e-21,3.3508e-31,6.15244e-06
7023,1.0265e-06,8.54305e-07,8.12866e-08,1.04377e-10,7.21347e-15,5.04079e-20,6.14055e-23,4.93556e-33,1.9622e-06
7024,2.46506e-05,2.05147e-05,2.81584e-06,1.19794e-08,5.52464e-12,4.52801e-16,5.50968e-19,4.40905e-29,4.79931e-05
7025,1.16761e-05,9.71668e-06,1.30447e-06,5.08225e-09,1.98316e-12,1.30202e-16,1.58239e-19,1.26033e-29,2.27023e-05
7026,0,0,0,0,0,0,0,0,0
7027,0,0,0,0,0,0,0,0,0
7028,1.50508e-05,1.25242e-05,1.67249e-06,6.62974e-09,2.76169e-12,1.97181e-16,2.39121e-19,1.88848e-29,2.92541e-05
7029,3.60935e-06,3.00335e-06,3.17656e-07,6.01018e-10,8.73898e-14,2.04522e-18,2.47749e-21,1.94817e-31,6.93096e-06
7030,1.43211e-06,1.19165e-06,1.13543e-07,1.1968e-10,1.92475e-16,1.14432e-18,1.38557e-21,1.08766e-31,2.73742e-06
7031,0,0,0,0,0,0,0,0,0
7032,1.52079e-05,1.26536e-05,1.5178e-06,4.1766e-09,9.99164e-13,3.88913e-17,4.70019e-20,3.66259e-30,2.93834e-05
7033,1.82933e-05,1.52204e-05,2.1691e-06,1.01576e-08,5.09981e-12,4.31008e-16,5.20451e-19,4.04217e-29,3.5693e-05
7034,4.31093e-05,3.58672e-05,5.34149e-06,2.98881e-08,2.05166e-11,2.51254e-15,3.03227e-18,2.34998e-28,8.4348e-05
7035,7.54871e-06,6.28044e-06,7.00178e-07,1.5776e-09,3.10996e-13,1.21856e-17,1.46979e-20,1.13653e-30,1.45309e-05
7036,1.12023e-05,9.31991e-06,1.24082e-06,4.68922e-09,1.71854e-12,1.01536e-16,1.22348e-19,9.42435e-30,2.17677e-05
7037,0,0,0,0,0,0,0,0,0
7038,0,0,0,0,0,0,0,0,0
7039,0,0,0,0,0,0,0,0,0
7040,0,0,0,0,0,0,0,0,0
7041,2.28473e-06,1.90057e-06,2.03136e-07,3.84672e-10,5.11075e-14,9.31999e-19,1.11834e-21,8.47456e-32,4.38882e-06
7042,0,0,0,0,0,0,0,0,0
7043,2.72995e-05,2.27081e-05,3.04679e-06,1.23317e-08,5.47495e-12,4.39257e-16,5.26199e-19,3.96149e-29,5.30668e-05
7044,2.34199e-06,1.94803e-06,2.09581e-07,4.09312e-10,5.91563e-14,1.30022e-18,1.55582e-21,1.16617e-31,4.50001e-06
7045,3.32272e-06,2.76373e-06,3.1186e-07,7.06547e-10,1.26049e-13,3.46573e-18,4.14476e-21,3.10003e-31,6.39902e-06
7046,0,0,0,0,0,0,0,0,0
7047,1.2445e-05,1.03509e-05,1.39179e-06,5.37062e-09,1.94033e-12,1.01433e-16,1.21122e-19,9.00578e-30,2.4193e-05
7048,3.65233e-06,3.03766e-06,3.47369e-07,8.22083e-10,1.57188e-13,4.73212e-18,5.64502e-21,4.18073e-31,7.03819e-06
7049,2.24132e-06,1.86405e-06,1.96681e-07,3.47771e-10,3.7092e-14,3.76802e-19,4.4899e-22,3.31072e-32,4.3024e-06
7050,0,0,0,0,0,0,0,0,0
7051,1.40338e-06,1.16712e-06,1.16663e-07,1.79622e-10,1.78515e-14,2.41628e-19,2.87607e-22,2.11177e-32,2.68734e-06
7052,5.62944e-06,4.68159e-06,5.67846e-07,1.61556e-09,4.01927e-13,1.60992e-17,1.91479e-20,1.40169e-30,1.08805e-05
7053,0,0,0,0,0,0,0,0,0
7054,0,0,0,0,0,0,0,0,0
7055,0,0,0,0,0,0,0,0,0
7056,1.40007e-05,1.16421e-05,1.48404e-06,5.04327e-09,1.68502e-12,9.52926e-17,1.12951e-19,8.15876e-30,2.71319e-05
7057,0,0,0,0,0,0,0,0,0
7058,4.95787e-06,4.12239e-06,4.90132e-07,1.30329e-09,2.88169e-13,9.73795e-18,1.1518e-20,8.25101e-31,9.57169e-06
7059,6.3062e-06,5.24337e-06,6.45753e-07,1.92914e-09,5.15633e-13,2.23804e-17,2.64508e-20,1.88908e-30,1.21973e-05
7060,5.91315e-06,4.91643e-06,5.50121e-07,1.23091e-09,2.22573e-13,6.45544e-18,7.62271e-21,5.42509e-31,1.13809e-05
7061,3.4616e-06,2.87805e-06,3.26702e-07,7.58207e-10,1.42043e-13,4.23049e-18,4.99187e-21,3.54279e-31,6.66711e-06
7062,1.81226e-05,1.50671e-05,2.14341e-06,1.00453e-08,5.11529e-12,4.47946e-16,5.28098e-19,3.73506e-29,3.53432e-05
7063,1.67891e-06,1.39583e-06,1.42693e-07,2.34972e-10,2.5262e-14,3.53757e-19,4.16903e-22,2.94439e-32,3.21767e-06
7064,1.50285e-05,1.24942e-05,1.57975e-06,5.13961e-09,1.55943e-12,7.77317e-17,9.15299e-20,6.44313e-30,2.91076e-05
7065,0,0,0,0,0,0,0,0,0
7066,0,0,0,0,0,0,0,0,0
7067,4.41028e-06,3.66626e-06,4.30143e-07,1.10793e-09,2.41522e-13,8.51476e-18,1.00003e-20,6.96881e-31,8.50779e-06
7068,1.24987e-05,1.039e-05,1.23684e-06,3.44648e-09,9.22454e-13,4.6748e-17,5.48732e-20,3.81553e-30,2.4129e-05
7069,6.67958e-06,5.5524e-06,6.32547e-07,1.4997e-09,2.93943e-13,9.18324e-18,1.0765e-20,7.44639e-31,1.2866e-05
7070,8.73038e-06,7.257e-06,8.59361e-07,2.39003e-09,7.71685e-13,6.23856e-17,7.30974e-20,5.04714e-30,1.68491e-05
7071,7.32714e-06,6.09046e-06,7.64962e-07,2.43157e-09,7.09482e-13,3.3763e-17,3.95298e-20,2.72124e-30,1.4185e-05
7072,0,0,0,0,0,0,0,0,0
7073,5.25771e-06,4.37001e-06,5.04964e-07,1.07121e-09,5.9179e-14,7.86036e-18,9.18312e-21,6.26866e-31,1.01338e-05
7074,2.18221e-06,1.81374e-06,1.92588e-07,3.60417e-10,4.81729e-14,9.32458e-19,1.08875e-21,7.41547e-32,4.1889e-06
7075,0,0,0,0,0,0,0,0,0
7076,0,0,0,0,0,0,0,0,0
7077,0,0,0,0,0,0,0,0,0
7078,0,0,0,0,0,0,0,0,0
7079,2.32076e-05,1.92865e-05,2.57378e-06,9.84134e-09,3.66745e-12,2.18523e-16,2.54094e-19,1.70281e-29,4.50777e-05
7080,0,0,0,0,0,0,0,0,0
7081,0,0,0,0,0,0,0,0,0
7082,0,0,0,0,0,0,0,0,0
7083,1.53795e-05,1.27797e-05,1.58853e-06,4.95881e-09,1.41939e-12,6.51887e-17,7.55546e-20,4.99951e-30,2.97527e-05
7084,1.21029e-06,1.00568e-06,9.83543e-08,1.42124e-10,1.29924e-14,1.63069e-19,1.88915e-22,1.2479e-32,2.31447e-06
7085,0,0,0,0,0,0,0,0,0
7086,1.46354e-05,1.21605e-05,1.67731e-06,7.15174e-09,3.17694e-12,2.3844e-16,2.75703e-19,1.80759e-29,2.84804e-05
7087,5.54258e-07,4.60516e-07,4.05236e-08,4.23035e-11,2.4679e-15,1.96798e-20,2.27321e-23,1.48446e-33,1.05534e-06
7088,0,0,0,0,0,0,0,0,0
7089,1.33926e-06,1.11269e-06,1.10779e-07,1.71393e-10,1.80571e-14,2.88738e-19,3.32968e-22,2.16028e-32,2.5629e-06
7090,7.62045e-06,6.33119e-06,7.93146e-07,2.45815e-09,6.44163e-13,2.33741e-17,2.69447e-20,1.74568e-30,1.47472e-05
7091,2.84758e-05,2.36573e-05,3.28987e-06,1.46355e-08,7.17268e-12,6.2274e-16,7.16934e-19,4.62117e-29,5.54375e-05
7092,8.88374e-07,7.38024e-07,6.86252e-08,8.29199e-11,5.37484e-15,3.76456e-20,4.32988e-23,2.78061e-33,1.69511e-06
7093,1.84984e-05,1.53674e-05,1.89653e-06,5.78641e-09,1.6422e-12,7.87027e-17,9.046e-20,5.79392e-30,3.57681e-05
7094,0,0,0,0,0,0,0,0,0
7095,0,0,0,0,0,0,0,0,0
7096,5.13149e-06,4.2626e-06,5.08778e-07,1.38047e-09,3.19397e-13,1.16545e-17,1.33615e-20,8.47316e-31,9.90424e-06
7097,0,0,0,0,0,0,0,0,0
7098,5.93391e-06,4.92897e-06,5.99641e-07,1.72347e-09,4.29726e-13,1.67392e-17,1.91691e-20,1.2102e-30,1.14642e-05
7099,5.335e-06,4.43135e-06,5.31451e-07,1.46242e-09,3.43865e-13,1.26606e-17,1.44836e-20,9.1076e-31,1.02993e-05
7100,0,0,0,0,0,0,0,0,0
7101,2.21356e-06,1.83855e-06,1.92945e-07,3.35551e-10,3.34293e-14,2.17308e-19,2.48275e-22,1.55327e-32,4.24538e-06
7102,4.78339e-06,3.97287e-06,4.57722e-07,1.01724e-09,1.04896e-13,1.54751e-19,1.7661e-22,1.10021e-32,9.215e-06
7103,0,0,0,0,0,0,0,0,0
7104,1.72936e-06,1.43624e-06,1.47678e-07,2.51841e-10,3.00013e-14,5.31006e-19,6.04821e-22,3.73895e-32,3.31353e-06
7105,0,0,0,0,0,0,0,0,0
7106,1.48387e-05,1.2323e-05,1.69778e-06,7.19197e-09,3.1089e-12,2.17693e-16,2.47545e-19,1.52045e-29,2.88667e-05
7107,5.46995e-06,4.54251e-06,5.47284e-07,1.53581e-09,3.77393e-13,1.50011e-17,1.7048e-20,1.04467e-30,1.05613e-05
7108,6.14174e-06,5.1003e-06,5.71194e-07,1.28569e-09,2.38258e-13,7.76761e-18,8.82385e-21,5.39831e-31,1.18145e-05
7109,0,0,0,0,0,0,0,0,0
7110,4.46888e-05,3.71092e-05,5.83983e-06,3.80372e-08,3.03092e-11,3.98339e-15,4.51733e-18,2.74525e-28,8.76759e-05
7111,3.88065e-05,3.22234e-05,4.68144e-06,2.49066e-08,1.64434e-11,1.96284e-15,2.22335e-18,1.34501e-28,7.57363e-05
7112,0,0,0,0,0,0,0,0,0
7113,1.72478e-06,1.43213e-06,1.44857e-07,2.23711e-10,1.85524e-14,1.00738e-19,1.13954e-22,6.85745e-33,3.30199e-06
7114,6.86032e-06,5.69614e-06,8.62639e-07,4.4355e-09,2.27219e-12,1.86367e-16,2.1061e-19,1.26252e-29,1.34235e-05
7115,1.58847e-05,1.31888e-05,1.58062e-06,4.61778e-09,1.34961e-12,7.0743e-17,7.98874e-20,4.77542e-30,3.06588e-05
7116,4.19837e-05,3.48572e-05,5.52502e-06,3.61437e-08,2.87287e-11,3.81638e-15,4.30523e-18,2.56311e-28,8.24022e-05
7117,3.00549e-06,2.49525e-06,2.76354e-07,5.94125e-10,9.80446e-14,2.43839e-18,2.74824e-21,1.63038e-31,5.77769e-06
7118,7.17534e-06,5.95712e-06,7.3878e-07,2.22201e-09,5.52638e-13,1.79912e-17,2.0268e-20,1.20024e-30,1.38735e-05
7119,8.32003e-06,6.90719e-06,7.66514e-07,1.67493e-09,2.87775e-13,7.94411e-18,8.93719e-21,5.26415e-31,1.59954e-05
7120,1.95873e-05,1.62607e-05,2.08021e-06,7.34347e-09,2.70423e-12,1.76015e-16,1.97855e-19,1.16163e-29,3.79355e-05
7121,1.54909e-05,1.28596e-05,1.54351e-06,4.31151e-09,1.06684e-12,4.33801e-17,4.87189e-20,2.85036e-30,2.98983e-05
7122,0,0,0,0,0,0,0,0,0
7123,0,0,0,0,0,0,0,0,0
7124,3.51584e-06,2.91843e-06,3.27915e-07,7.23815e-10,1.14833e-13,2.25922e-18,2.53147e-21,1.46788e-31,6.7629e-06
7125,7.71305e-06,6.40239e-06,8.06442e-07,2.59452e-09,7.65232e-13,3.61464e-17,4.04882e-20,2.34454e-30,1.49245e-05
7126,2.07471e-05,1.72209e-05,2.47875e-06,1.20337e-08,6.27373e-12,5.29228e-16,5.92079e-19,3.41233e-29,4.04588e-05
7127,0,0,0,0,0,0,0,0,0
7128,1.34236e-05,1.11416e-05,1.51127e-06,6.10305e-09,2.45604e-12,1.5826e-16,1.76799e-19,1.01319e-29,2.60825e-05
7129,3.91171e-06,3.24664e-06,3.48082e-07,6.97279e-10,1.10051e-13,2.73119e-18,3.04842e-21,1.74093e-31,7.50714e-06
7130,1.5543e-06,1.29001e-06,1.28657e-07,1.90877e-10,1.49045e-14,6.57275e-20,7.33128e-23,4.17594e-33,2.97316e-06
7131,1.11004e-05,9.21272e-06,1.054e-06,2.51112e-09,4.71503e-13,1.25782e-17,1.40179e-20,7.95847e-31,2.13697e-05
7132,6.09704e-07,5.06004e-07,4.43486e-08,4.37844e-11,1.85809e-15,3.36536e-21,3.74717e-24,2.11985e-34,1.1601e-06
7133,2.07307e-06,1.72041e-06,1.80971e-07,3.32119e-10,4.38854e-14,8.6381e-19,9.60593e-22,5.40739e-32,3.97479e-06
7134,0,0,0,0,0,0,0,0,0
7135,2.64842e-06,2.19778e-06,2.38969e-07,4.86035e-10,7.42175e-14,1.70225e-18,1.89023e-21,1.05803e-31,5.08566e-06
7136,2.07372e-05,1.72084e-05,2.47915e-06,1.21349e-08,6.51352e-12,5.88188e-16,6.52811e-19,3.64683e-29,4.04369e-05
7137,5.15671e-06,4.27908e-06,5.09291e-07,1.37125e-09,3.10745e-13,1.08002e-17,1.1975e-20,6.66373e-31,9.94646e-06
7138,5.49005e-07,4.55557e-07,3.97269e-08,3.99611e-11,2.08643e-15,1.25188e-20,1.38685e-23,7.69145e-34,1.04433e-06
7139,1.18528e-05,9.83515e-06,1.31216e-06,5.05322e-09,1.92133e-12,1.18677e-16,1.31403e-19,7.27266e-30,2.30052e-05
7140,4.7627e-06,3.95179e-06,4.65599e-07,1.21828e-09,2.6767e-13,9.17492e-18,1.01449e-20,5.58485e-31,9.1813e-06
7141,7.51522e-06,6.23558e-06,6.79707e-07,1.40941e-09,2.25405e-13,5.45676e-18,6.03141e-21,3.31557e-31,1.44319e-05
7142,5.15178e-06,4.27446e-06,5.08939e-07,1.37583e-09,3.16363e-13,1.13695e-17,1.25559e-20,6.87883e-31,9.93656e-06
7143,0,0,0,0,0,0,0,0,0
7144,2.17724e-06,1.80638e-06,1.61776e-07,1.6931e-10,7.61087e-15,4.03207e-20,4.44582e-23,2.42073e-33,4.14556e-06
7145,2.15572e-06,1.78847e-06,1.89004e-07,3.52329e-10,4.76263e-14,9.60045e-19,1.05746e-21,5.73448e-32,4.13355e-06
7146,0,0,0,0,0,0,0,0,0
7147,2.51331e-06,2.08504e-06,2.25154e-07,4.49896e-10,6.75947e-14,1.54471e-18,1.6989e-21,9.15902e-32,4.82395e-06
7148,5.0522e-07,4.19117e-07,3.50788e-08,2.77528e-11,4.45509e-16,5.57506e-21,6.12536e-24,3.28929e-34,9.59443e-07
7149,4.24095e-06,3.51809e-06,4.08099e-07,1.02043e-09,2.11852e-13,6.92562e-18,7.60274e-21,4.06903e-31,8.16816e-06
7150,1.86887e-06,1.55028e-06,1.60789e-07,2.83698e-10,3.58325e-14,6.84159e-19,7.50337e-22,4.00098e-32,3.58022e-06
7151,7.59243e-06,6.29803e-06,7.91095e-07,2.53663e-09,7.52179e-13,3.62864e-17,3.97777e-20,2.11717e-30,1.46841e-05
7152,0,0,0,0,0,0,0,0,0
7153,2.91687e-06,2.41948e-06,2.66075e-07,5.60461e-10,8.93752e-14,2.11829e-18,2.31884e-21,1.22743e-31,5.60298e-06
7154,0,0,0,0,0,0,0,0,0
7155,0,0,0,0,0,0,0,0,0
7156,1.23806e-06,1.02685e-06,1.00231e-07,1.44773e-10,1.31579e-14,1.60025e-19,1.74659e-22,9.13912e-33,2.36529e-06
7157,0,0,0,0,0,0,0,0,0
7158,2.53906e-06,2.10579e-06,2.07194e-07,3.10718e-10,3.12035e-14,4.66327e-19,5.08109e-22,2.64112e-32,4.85236e-06
7159,1.65457e-06,1.37222e-06,1.39653e-07,2.31345e-10,2.6242e-14,4.3043e-19,4.68819e-22,2.4333e-32,3.16667e-06
7160,1.89556e-05,1.57202e-05,2.04685e-06,7.4015e-09,2.64577e-12,1.58144e-16,1.7206e-19,8.89222e-30,3.67301e-05
7161,0,0,0,0,0,0,0,0,0
7162,0,0,0,0,0,0,0,0,0
7163,9.43835e-06,7.82673e-06,9.55001e-07,2.89383e-09,8.33018e-13,3.99012e-17,4.32898e-20,2.21267e-30,1.8223e-05
7164,1.07905e-05,8.9478e-06,1.17577e-06,4.31991e-09,1.52497e-12,8.54487e-17,9.26569e-20,4.72632e-30,2.09183e-05
7165,7.65394e-06,6.3468e-06,7.95687e-07,2.52471e-09,7.22646e-13,3.22429e-17,3.49444e-20,1.77881e-30,1.4799e-05
7166,3.43711e-05,2.85003e-05,4.00196e-06,1.81875e-08,8.8542e-12,7.25756e-16,7.85928e-19,3.98806e-29,6.68916e-05
7167,0,0,0,0,0,0,0,0,0
7168,2.80134e-06,2.32275e-06,2.54062e-07,5.28518e-10,8.36457e-14,1.99912e-18,2.16131e-21,1.08968e-31,5.37868e-06
7169,6.13254e-06,5.08463e-06,5.74512e-07,1.35247e-09,2.65768e-13,8.20799e-18,8.86286e-21,4.44678e-31,1.1793e-05
7170,5.66366e-06,4.69581e-06,5.64672e-07,1.57304e-09,3.72898e-13,1.34658e-17,1.45342e-20,7.28042e-31,1.09257e-05
7171,0,0,0,0,0,0,0,0,0
7172,1.20233e-05,9.96821e-06,1.25432e-06,4.16235e-09,1.3302e-12,6.70766e-17,7.22799e-20,3.59755e-30,2.325e-05
7173,0,0,0,0,0,0,0,0,0
7174,4.742e-06,3.9312e-06,4.22389e-07,8.36066e-10,1.24216e-13,2.76252e-18,2.9707e-21,1.46674e-31,9.09643e-06
7175,1.32828e-06,1.10113e-06,1.07018e-07,1.46302e-10,9.82547e-15,2.75055e-20,2.95511e-23,1.45382e-33,2.53657e-06
7176,0,0,0,0,0,0,0,0,0
7177,0,0,0,0,0,0,0,0,0
7178,1.26886e-05,1.05181e-05,1.41427e-06,5.61684e-09,2.2541e-12,1.49649e-16,1.60424e-19,7.82459e-30,2.46266e-05
7179,0,0,0,0,0,0,0,0,0
7180,0,0,0,0,0,0,0,0,0
7181,0,0,0,0,0,0,0,0,0
7182,7.1255e-06,5.906e-06,7.3404e-07,2.28433e-09,6.49581e-13,2.98648e-17,3.1914e-20,1.53745e-30,1.37678e-05
7183,0,0,0,0,0,0,0,0,0
7184,0,0,0,0,0,0,0,0,0
7185,6.95053e-06,5.76047e-06,7.13644e-07,2.20162e-09,6.20567e-13,2.84296e-17,3.02938e-20,1.44321e-30,1.34268e-05
7186,0,0,0,0,0,0,0,0,0
7187,9.1989e-06,7.62361e-06,9.80808e-07,3.4003e-09,1.12758e-12,6.11618e-17,6.5102e-20,3.08841e-30,1.78067e-05
7188,9.43265e-06,7.81713e-06,9.07663e-07,2.39999e-09,5.86122e-13,2.35975e-17,2.5097e-20,1.18676e-30,1.81598e-05
7189,0,0,0,0,0,0,0,0,0
7190,0,0,0,0,0,0,0,0,0
7191,1.37629e-05,1.14048e-05,1.40935e-06,4.28782e-09,1.14917e-12,4.63454e-17,4.91578e-20,2.30015e-30,2.65814e-05
7192,6.47082e-06,5.36203e-06,6.56984e-07,1.95476e-09,5.19023e-13,2.19457e-17,2.32642e-20,1.08615e-30,1.24918e-05
7193,0,0,0,0,0,0,0,0,0
7194,0,0,0,0,0,0,0,0,0
7195,0,0,0,0,0,0,0,0,0
7196,1.5159e-05,1.25602e-05,1.72615e-06,7.32466e-09,3.19089e-12,2.25778e-16,2.38538e-19,1.09911e-29,2.94526e-05
7197,2.47702e-05,2.05231e-05,3.02112e-06,1.59569e-08,9.65522e-12,1.00477e-15,1.0607e-18,4.87201e-29,4.83304e-05
7198,0,0,0,0,0,0,0,0,0
7199,0,0,0,0,0,0,0,0,0
7200,7.13779e-06,5.91349e-06,7.32256e-07,2.23856e-09,6.02347e-13,2.44191e-17,2.57158e-20,1.16999e-30,1.37858e-05
7201,0,0,0,0,0,0,0,0,0
7202,7.33621e-07,6.07756e-07,5.47388e-08,6.06777e-11,3.50236e-15,2.10299e-20,2.21085e-23,9.99129e-34,1.39618e-06
7203,1.22983e-05,1.01879e-05,1.33683e-06,5.0663e-09,1.95712e-12,1.26391e-16,1.32702e-19,5.96682e-30,2.38282e-05
7204,0,0,0,0,0,0,0,0,0
7205,8.71349e-07,7.21788e-07,6.57554e-08,7.23726e-11,3.21898e-15,1.78639e-21,1.87256e-24,8.36672e-35,1.65896e-06
7206,0,0,0,0,0,0,0,0,0
7207,4.74782e-07,3.93275e-07,3.22416e-08,2.30824e-11,1.78963e-16,1.50562e-20,1.57635e-23,7.01005e-34,9.00322e-07
7208,6.34574e-06,5.25617e-06,5.77645e-07,1.19475e-09,1.80169e-13,5.13485e-18,5.37101e-21,2.37976e-31,1.21808e-05
7209,2.69323e-06,2.23074e-06,2.23152e-07,3.59191e-10,4.11426e-14,7.21711e-19,7.54086e-22,3.32703e-32,5.14748e-06
7210,1.03666e-05,8.58617e-06,9.93859e-07,2.52825e-09,5.49536e-13,1.87477e-17,1.9572e-20,8.60641e-31,1.99492e-05
7211,2.87143e-05,2.37822e-05,2.97427e-06,9.52549e-09,2.85546e-12,1.4003e-16,1.4611e-19,6.41186e-30,5.54802e-05
7212,3.77247e-06,3.12443e-06,3.55189e-07,8.38456e-10,1.60141e-13,4.73369e-18,4.93556e-21,2.15959e-31,7.25293e-06
7213,9.61747e-06,7.96508e-06,8.76486e-07,1.80968e-09,2.50799e-13,4.76448e-18,4.96152e-21,2.16049e-31,1.84608e-05
7214,0,0,0,0,0,0,0,0,0
7215,1.53364e-05,1.27007e-05,1.74625e-06,7.43683e-09,3.26148e-12,2.32603e-16,2.41803e-19,1.04579e-29,2.97908e-05
7216,1.45602e-05,1.20577e-05,1.34936e-06,3.09597e-09,5.93166e-13,1.85609e-17,1.92908e-20,8.33615e-31,2.79704e-05
7217,0,0,0,0,0,0,0,0,0
7218,0,0,0,0,0,0,0,0,0
7219,0,0,0,0,0,0,0,0,0
7220,1.36406e-05,1.1295e-05,1.39261e-06,4.24668e-09,1.17781e-12,5.28174e-17,5.46917e-20,2.32945e-30,2.63325e-05
7221,0,0,0,0,0,0,0,0,0
7222,0,0,0,0,0,0,0,0,0
7223,3.63238e-06,3.00754e-06,3.11949e-07,5.59906e-10,7.38589e-14,1.47774e-18,1.52662e-21,6.44337e-32,6.95243e-06
7224,0,0,0,0,0,0,0,0,0
7225,9.93599e-06,8.22647e-06,1.00263e-06,3.05111e-09,8.97267e-13,4.47813e-17,4.62027e-20,1.94019e-30,1.91681e-05
7226,7.49553e-06,6.20565e-06,7.02785e-07,1.69894e-09,3.37154e-13,9.03837e-18,9.3121e-21,3.8889e-31,1.44057e-05
7227,4.17745e-06,3.45849e-06,3.62276e-07,6.62516e-10,8.71962e-14,1.68448e-18,1.73441e-21,7.22538e-32,7.99887e-06
7228,4.37852e-06,3.62487e-06,4.20029e-07,1.05335e-09,2.18863e-13,7.04127e-18,7.24456e-21,3.00925e-31,8.42447e-06
7229,0,0,0,0,0,0,0,0,0
7230,1.12248e-06,9.29237e-07,8.87013e-08,1.18959e-10,9.34196e-15,8.91638e-20,9.16231e-23,3.78722e-33,2.14054e-06
7231,2.3517e-06,1.94677e-06,2.07287e-07,4.0001e-10,5.74492e-14,1.24814e-18,1.28106e-21,5.2709e-32,4.50616e-06
7232,0,0,0,0,0,0,0,0,0
7233,0,0,0,0,0,0,0,0,0
7234,0,0,0,0,0,0,0,0,0
7235,4.30122e-06,3.56027e-06,3.78406e-07,7.36236e-10,1.10338e-13,2.59417e-18,2.65466e-21,1.0796e-31,8.24063e-06
7236,2.71335e-06,2.24586e-06,2.43873e-07,5.0111e-10,7.90459e-14,1.91561e-18,1.95812e-21,7.92894e-32,5.20357e-06
7237,0,0,0,0,0,0,0,0,0
7238,1.85929e-06,1.53887e-06,1.58396e-07,2.74197e-10,3.32998e-14,5.88911e-19,6.01073e-22,2.41963e-32,3.55683e-06
7239,0,0,0,0,0,0,0,0,0
7240,8.17587e-06,6.76655e-06,7.80338e-07,1.9295e-09,3.83675e-13,1.07266e-17,1.09312e-20,4.37372e-31,1.57247e-05
7241,0,0,0,0,0,0,0,0,0
7242,4.39587e-06,3.63793e-06,3.83777e-07,7.19495e-10,9.87778e-14,2.03585e-18,2.0703e-21,8.21545e-32,8.41829e-06
7243,0,0,0,0,0,0,0,0,0
7244,1.09184e-05,9.03532e-06,1.07724e-06,2.95251e-09,6.93143e-13,2.52481e-17,2.56364e-20,1.0113e-30,2.10339e-05
7245,0,0,0,0,0,0,0,0,0
7246,0,0,0,0,0,0,0,0,0
7247,0,0,0,0,0,0,0,0,0
7248,7.83353e-06,6.48193e-06,8.12254e-07,2.60551e-09,7.7005e-13,3.62789e-17,3.67285e-20,1.43227e-30,1.51303e-05
7249,1.23771e-05,1.02412e-05,1.29603e-06,4.41073e-09,1.45767e-12,7.60083e-17,7.68672e-20,2.98488e-30,2.39188e-05
7250,1.63472e-06,1.3526e-06,1.36862e-07,2.25621e-10,2.58624e-14,4.38749e-19,4.43496e-22,1.71897e-32,3.12441e-06
7251,1.21201e-05,1.00279e-05,1.33153e-06,5.0977e-09,1.91148e-12,1.13284e-16,1.14342e-19,4.40658e-30,2.34846e-05
7252,0,0,0,0,0,0,0,0,0
7253,0,0,0,0,0,0,0,0,0
7254,1.05008e-05,8.68763e-06,1.13281e-06,4.11694e-09,1.45571e-12,8.33957e-17,8.40099e-20,3.21287e-30,2.03253e-05
7255,0,0,0,0,0,0,0,0,0
7256,0,0,0,0,0,0,0,0,0
7257,2.56025e-05,2.118e-05,2.84459e-06,1.13779e-08,4.64619e-12,3.13057e-16,3.14533e-19,1.19056e-29,4.96384e-05
7258,1.84111e-05,1.52305e-05,1.98856e-06,7.45106e-09,2.95564e-12,2.1427e-16,2.15159e-19,8.12623e-30,3.56375e-05
7259,3.18604e-06,2.63556e-06,2.72593e-07,4.92678e-10,6.61829e-14,1.3116e-18,1.31584e-21,4.95203e-32,6.09468e-06
7260,0,0,0,0,0,0,0,0,0
7261,0,0,0,0,0,0,0,0,0
7262,5.10968e-06,4.22655e-06,4.99454e-07,1.33822e-09,3.0764e-13,1.11335e-17,1.11435e-20,4.1557e-31,9.83702e-06
7263,0,0,0,0,0,0,0,0,0
7264,0,0,0,0,0,0,0,0,0
7265,7.69394e-06,6.3636e-06,7.63258e-07,2.22143e-09,6.00861e-13,2.62157e-17,2.61652e-20,9.65045e-31,1.4823e-05
7266,0,0,0,0,0,0,0,0,0
7267,2.52247e-06,2.08623e-06,2.23039e-07,4.33375e-10,6.07607e-14,1.19191e-18,1.1881e-21,4.36016e-32,4.83216e-06
7268,1.01697e-05,8.41061e-06,9.25149e-07,2.03018e-09,3.66165e-13,1.04861e-17,1.0437e-20,3.80801e-31,1.95075e-05
7269,1.40184e-05,1.15933e-05,1.36813e-06,2.67519e-09,3.58982e-13,1.06632e-15,1.06067e-18,3.86056e-29,2.69825e-05
7270,0,0,0,0,0,0,0,0,0
7271,6.48952e-06,5.3666e-06,5.85248e-07,1.26627e-09,2.26709e-13,6.35103e-18,6.30712e-21,2.28107e-31,1.24426e-05
7272,4.243e-05,3.50872e-05,5.09558e-06,2.70271e-08,1.71184e-11,1.81371e-15,1.79984e-18,6.49064e-29,8.26398e-05
7273,5.57726e-07,4.61191e-07,3.99911e-08,4.01539e-11,2.12768e-15,1.35696e-20,1.34508e-23,4.82951e-34,1.05895e-06
7274,3.55193e-06,2.93709e-06,2.99999e-07,5.09505e-10,6.04573e-14,1.04298e-18,1.03322e-21,3.70088e-32,6.78953e-06
7275,0,0,0,0,0,0,0,0,0
7276,1.55594e-06,1.28655e-06,1.29119e-07,2.08143e-10,2.31586e-14,3.80364e-19,3.76315e-22,1.34111e-32,2.97181e-06
7277,4.15996e-06,3.43957e-06,3.94918e-07,9.69507e-10,1.97294e-13,6.27522e-18,6.19927e-21,2.19658e-31,7.99541e-06
7278,0,0,0,0,0,0,0,0,0
7279,5.74566e-07,4.75054e-07,4.15656e-08,4.35947e-11,2.60358e-15,2.14206e-20,2.11418e-23,7.46416e-34,1.09123e-06
7280,1.47369e-05,1.21842e-05,1.51552e-06,4.78663e-09,1.40155e-12,6.63262e-17,6.54e-20,2.30029e-30,2.84414e-05
7281,3.60842e-06,2.98324e-06,3.3546e-07,7.6959e-10,1.40625e-13,3.89879e-18,3.83946e-21,1.34373e-31,6.92789e-06
7282,1.36832e-06,1.13123e-06,1.10616e-07,1.60761e-10,1.41075e-14,1.46009e-19,1.43688e-22,5.01526e-33,2.61032e-06
7283,0,0,0,0,0,0,0,0,0
7284,2.16198e-06,1.78728e-06,1.87605e-07,3.48543e-10,4.77061e-14,9.88272e-19,9.71119e-22,3.36993e-32,4.13721e-06
7285,0,0,0,0,0,0,0,0,0
7286,2.85523e-06,2.36028e-06,2.40303e-07,4.15679e-10,5.30271e-14,1.01473e-18,9.95677e-22,3.43565e-32,5.45622e-06
7287,1.1267e-06,9.3136e-07,8.89819e-08,1.21665e-10,1.02373e-14,1.13597e-19,1.1136e-22,3.82861e-33,2.14716e-06
7288,8.97011e-07,7.41468e-07,6.73875e-08,7.38696e-11,3.16447e-15,7.51467e-22,7.35828e-25,2.51848e-35,1.70594e-06
7289,4.23046e-06,3.49686e-06,4.28302e-07,1.36247e-09,4.26389e-13,2.18301e-17,2.13666e-20,7.30067e-31,8.15699e-06
7290,3.20337e-06,2.64778e-06,2.93172e-07,6.43849e-10,1.11982e-13,3.00979e-18,2.94265e-21,1.00117e-31,6.14496e-06
7291,2.86172e-06,2.36533e-06,2.57548e-07,5.3498e-10,8.48655e-14,2.01535e-18,1.96899e-21,6.6804e-32,5.48513e-06
7292,0,0,0,0,0,0,0,0,0
7293,7.58486e-06,6.26893e-06,7.50154e-07,2.09392e-09,4.6136e-13,1.09376e-17,1.06713e-20,3.60104e-31,1.4606e-05
7294,7.8608e-06,6.49678e-06,8.10212e-07,2.55508e-09,7.204e-13,3.06489e-17,2.98698e-20,1.00365e-30,1.51704e-05
7295,1.17681e-05,9.72589e-06,1.1967e-06,3.74567e-09,1.1314e-12,5.70845e-17,5.55936e-20,1.86275e-30,2.26945e-05
7296,1.07832e-05,8.91168e-06,1.08953e-06,3.42538e-09,1.02848e-12,4.7446e-17,4.61811e-20,1.54401e-30,2.07878e-05
7297,5.02398e-06,4.15183e-06,4.88279e-07,1.29259e-09,2.91653e-13,1.02679e-17,9.97799e-21,3.31493e-31,9.66538e-06
7298,0,0,0,0,0,0,0,0,0
7299,4.40077e-06,3.63665e-06,4.19742e-07,1.04666e-09,2.1573e-13,6.81996e-18,6.61766e-21,2.18594e-31,8.45821e-06
7300,4.67232e-06,3.86093e-06,4.47869e-07,1.12432e-09,2.25836e-13,6.39951e-18,6.20406e-21,2.04206e-31,8.98224e-06
7301,2.30329e-06,1.90329e-06,1.83091e-07,2.5858e-10,2.34767e-14,2.96589e-19,2.8743e-22,9.44785e-33,4.38993e-06
7302,0,0,0,0,0,0,0,0,0
7303,0,0,0,0,0,0,0,0,0
7304,3.69237e-06,3.05084e-06,3.43437e-07,7.90993e-10,1.44453e-13,3.93664e-18,3.80376e-21,1.23585e-31,7.08744e-06
7305,9.16161e-07,7.56968e-07,6.88433e-08,7.60023e-11,3.55851e-15,7.17561e-21,6.9288e-24,2.24534e-34,1.74205e-06
7306,0,0,0,0,0,0,0,0,0
7307,0,0,0,0,0,0,0,0,0
7308,1.53079e-06,1.26471e-06,1.12803e-07,1.19155e-10,5.8307e-15,4.40603e-20,4.24539e-23,1.36429e-33,2.90841e-06
7309,3.66353e-06,3.02665e-06,3.09782e-07,5.30637e-10,6.34961e-14,1.09629e-18,1.05517e-21,3.37645e-32,7.0005e-06
7310,3.0867e-06,2.55005e-06,2.54465e-07,4.01543e-10,4.23447e-14,6.27092e-19,6.03216e-22,1.92579e-32,5.89162e-06
7311,2.79844e-06,2.31187e-06,2.50914e-07,5.1846e-10,8.25111e-14,2.0024e-18,1.92509e-21,6.13251e-32,5.36174e-06
7312,0,0,0,0,0,0,0,0,0
7313,0,0,0,0,0,0,0,0,0
7314,7.85082e-07,6.48516e-07,5.86958e-08,6.73076e-11,4.21117e-15,2.93253e-20,2.8107e-23,8.84737e-34,1.49236e-06
7315,1.15801e-06,9.56556e-07,9.13934e-08,1.24608e-10,1.0215e-14,1.04227e-19,9.98526e-23,3.13762e-33,2.20608e-06
7316,0,0,0,0,0,0,0,0,0
7317,0,0,0,0,0,0,0,0,0
7318,0,0,0,0,0,0,0,0,0
7319,0,0,0,0,0,0,0,0,0
7320,2.45109e-06,2.02442e-06,1.96801e-07,2.89411e-10,2.83981e-14,4.05136e-19,3.86455e-22,1.19394e-32,4.6726e-06
7321,0,0,0,0,0,0,0,0,0
7322,6.76341e-06,5.58585e-06,6.82933e-07,2.04371e-09,5.48053e-13,2.30888e-17,2.19966e-20,6.76254e-31,1.30342e-05
7323,4.51215e-06,3.7264e-06,3.99078e-07,8.05165e-10,1.26766e-13,3.02296e-18,2.87588e-21,8.7925e-32,8.63844e-06
7324,0,0,0,0,0,0,0,0,0
7325,9.56819e-06,7.90157e-06,9.56486e-07,2.87089e-09,8.16003e-13,3.78128e-17,3.59159e-20,1.09126e-30,1.84291e-05
7326,1.42936e-06,1.18036e-06,1.16458e-07,1.77746e-10,1.78943e-14,2.50989e-19,2.38261e-22,7.22301e-33,2.72635e-06
7327,0,0,0,0,0,0,0,0,0
7328,0,0,0,0,0,0,0,0,0
7329,0,0,0,0,0,0,0,0,0
7330,2.95442e-06,2.4395e-06,2.65586e-07,5.50358e-10,8.52171e-14,1.87723e-18,1.776e-21,5.31301e-32,5.66006e-06
7331,8.63197e-06,7.12733e-06,8.9984e-07,2.97451e-09,9.14629e-13,4.42434e-17,4.18194e-20,1.2466e-30,1.66621e-05
7332,0,0,0,0,0,0,0,0,0
7333,5.34043e-07,4.40938e-07,3.75645e-08,3.48865e-11,1.41952e-15,3.19883e-21,3.02008e-24,8.96206e-35,1.01258e-06
7334,1.46945e-05,1.21323e-05,1.503e-06,4.70639e-09,1.35388e-12,6.15501e-17,5.80545e-20,1.71624e-30,2.83346e-05
7335,0,0,0,0,0,0,0,0,0
7336,2.83272e-06,2.33865e-06,2.53764e-07,5.24882e-10,8.34739e-14,2.00968e-18,1.89189e-21,5.55078e-32,5.42566e-06
7337,3.2266e-06,2.66375e-06,2.94029e-07,6.40509e-10,1.09045e-13,2.79527e-18,2.62903e-21,7.68603e-32,6.18502e-06
7338,0,0,0,0,0,0,0,0,0
7339,1.55494e-06,1.28364e-06,1.27406e-07,1.95559e-10,1.87043e-14,2.11657e-19,1.98735e-22,5.77191e-33,2.96618e-06
7340,0,0,0,0,0,0,0,0,0
7341,0,0,0,0,0,0,0,0,0
7342,1.8035e-05,1.4887e-05,1.99451e-06,8.35065e-09,3.78345e-12,2.8324e-16,2.65253e-19,7.62543e-30,3.49249e-05
7343,9.43859e-06,7.791e-06,8.92668e-07,2.2552e-09,4.9944e-13,1.76622e-17,1.65333e-20,4.74474e-31,1.81245e-05
7344,2.18232e-06,1.80136e-06,1.88596e-07,3.49494e-10,4.76626e-14,9.75838e-19,9.13089e-22,2.61618e-32,4.17263e-06
7345,0,0,0,0,0,0,0,0,0
7346,1.5028e-06,1.24037e-06,1.2331e-07,1.94172e-10,2.08648e-14,3.2622e-19,3.04513e-22,8.64353e-33,2.86667e-06
7347,0,0,0,0,0,0,0,0,0
7348,0,0,0,0,0,0,0,0,0
7349,1.35851e-06,1.12119e-06,1.09609e-07,1.62615e-10,1.56284e-14,2.06028e-19,1.91871e-22,5.39681e-33,2.58948e-06
7350,0,0,0,0,0,0,0,0,0
7351,4.79236e-06,3.95499e-06,4.10308e-07,7.74327e-10,1.21592e-13,3.35865e-18,3.1231e-21,8.73203e-32,9.15843e-06
7352,8.1114e-06,6.69395e-06,7.60483e-07,1.80478e-09,3.40404e-13,9.41457e-18,8.74807e-21,2.4391e-31,1.55676e-05
7353,4.02925e-06,3.32506e-06,3.76964e-07,8.87209e-10,1.64058e-13,4.32856e-18,4.01913e-21,1.11734e-31,7.73217e-06
7354,5.86375e-07,4.83888e-07,4.16756e-08,4.0164e-11,1.76873e-15,5.88028e-21,5.45719e-24,1.51416e-34,1.11198e-06
7355,0,0,0,0,0,0,0,0,0
7356,1.95959e-06,1.61697e-06,1.65923e-07,2.85518e-10,3.34526e-14,5.29084e-19,4.89851e-22,1.34657e-32,3.74276e-06
7357,8.42813e-07,6.95437e-07,6.34014e-08,7.47233e-11,4.87105e-15,3.52017e-20,3.25675e-23,8.92698e-34,1.60173e-06
7358,0,0,0,0,0,0,0,0,0
7359,0,0,0,0,0,0,0,0,0
7360,2.47644e-06,2.04327e-06,2.02564e-07,2.27164e-10,2.44074e-15,1.16819e-17,1.07855e-20,2.93271e-31,4.7225e-06
7361,5.32831e-06,4.39617e-06,4.93862e-07,1.17087e-09,2.29587e-13,6.58971e-18,6.07804e-21,1.64626e-31,1.02195e-05
7362,1.27428e-05,1.05132e-05,1.24398e-06,3.49494e-09,9.17551e-13,3.99946e-17,3.68519e-20,9.9421e-31,2.45035e-05
7363,0,0,0,0,0,0,0,0,0
7364,0,0,0,0,0,0,0,0,0
7365,1.59964e-05,1.31965e-05,1.57e-06,4.3759e-09,1.08325e-12,4.24888e-17,3.90456e-20,1.04243e-30,3.07673e-05
7366,0,0,0,0,0,0,0,0,0
7367,0,0,0,0,0,0,0,0,0
7368,1.62698e-06,1.34213e-06,1.33341e-07,2.0363e-10,1.84114e-14,1.65701e-19,1.5201e-22,4.03105e-33,3.10265e-06
7369,9.173e-07,7.56673e-07,6.50434e-08,4.47343e-11,7.71819e-16,9.53058e-19,8.73312e-22,2.30549e-32,1.73906e-06
7370,4.17507e-06,3.44391e-06,3.48959e-07,6.05253e-10,7.88893e-14,1.51448e-18,1.38705e-21,3.65444e-32,7.96855e-06
7371,5.43128e-06,4.47998e-06,4.8298e-07,9.83333e-10,1.52948e-13,3.55873e-18,3.25544e-21,8.53739e-32,1.03952e-05
7372,0,0,0,0,0,0,0,0,0
7373,0,0,0,0,0,0,0,0,0
7374,0,0,0,0,0,0,0,0,0
7375,0,0,0,0,0,0,0,0,0
7376,1.93679e-06,1.59736e-06,1.62134e-07,2.63574e-10,2.5645e-14,2.4837e-19,2.26302e-22,5.84315e-33,3.69655e-06
7377,1.20372e-05,9.92744e-06,1.30796e-06,4.96085e-09,1.85861e-12,1.10971e-16,1.0105e-19,2.60288e-30,2.32776e-05
7378,1.14454e-06,9.43913e-07,9.01859e-08,1.25676e-10,1.12897e-14,1.43469e-19,1.30529e-22,3.35091e-33,2.17877e-06
7379,1.37897e-06,1.1372e-06,1.11333e-07,1.66944e-10,1.64806e-14,2.27152e-19,2.06428e-22,5.27564e-33,2.62767e-06
7380,0,0,0,0,0,0,0,0,0
7381,0,0,0,0,0,0,0,0,0
7382,1.28722e-06,1.06145e-06,9.34136e-08,9.98511e-11,6.15328e-15,6.46044e-20,5.85537e-23,1.48088e-33,2.44218e-06
7383,3.38205e-06,2.78879e-06,2.87656e-07,5.2443e-10,7.37802e-14,1.62969e-18,1.47575e-21,3.71942e-32,6.45902e-06
7384,1.09877e-05,9.06008e-06,1.17967e-06,4.32912e-09,1.5641e-12,9.1447e-17,8.27349e-20,2.07793e-30,2.12318e-05
7385,6.55207e-06,5.40255e-06,6.1289e-07,1.50117e-09,3.15758e-13,1.0311e-17,9.32635e-21,2.34011e-31,1.2569e-05
7386,0,0,0,0,0,0,0,0,0
7387,3.96773e-06,3.27144e-06,3.70295e-07,8.76644e-10,1.68248e-13,4.88978e-18,4.41458e-21,1.0996e-31,7.61034e-06
7388,0,0,0,0,0,0,0,0,0
7389,1.71563e-06,1.4145e-06,1.42221e-07,2.30125e-10,2.45017e-14,3.35851e-19,3.02803e-22,7.50243e-33,3.27258e-06
7390,6.07337e-06,5.0072e-06,6.00343e-07,1.69905e-09,4.18982e-13,1.58471e-17,1.42749e-20,3.52441e-31,1.16826e-05
7391,3.09163e-06,2.54883e-06,2.78713e-07,5.92382e-10,9.7285e-14,2.37794e-18,2.14022e-21,5.26681e-32,5.91977e-06
7392,0,0,0,0,0,0,0,0,0
7393,1.66775e-06,1.37485e-06,1.37728e-07,2.20846e-10,2.3465e-14,3.33574e-19,2.99591e-22,7.31164e-33,3.18056e-06
7394,4.44779e-06,3.66659e-06,4.21341e-07,1.04613e-09,2.14721e-13,6.68897e-18,6.00402e-21,1.46195e-31,8.53677e-06
7395,1.11769e-06,9.21352e-07,8.75851e-08,1.20106e-10,1.04733e-14,1.26898e-19,1.1379e-22,2.75988e-33,2.12675e-06
7396,2.17444e-06,1.79242e-06,1.86228e-07,3.35098e-10,4.21863e-14,7.28999e-19,6.53081e-22,1.57819e-32,4.15342e-06
7397,6.82936e-06,5.62948e-06,6.85967e-07,2.0466e-09,5.47486e-13,2.28632e-17,2.04777e-20,4.94415e-31,1.31469e-05
7398,6.04942e-06,4.98644e-06,5.59855e-07,1.33648e-09,2.76477e-13,9.19002e-18,8.22548e-21,1.98063e-31,1.15971e-05
7399,6.01301e-06,4.95627e-06,5.92746e-07,1.66337e-09,4.0315e-13,1.48072e-17,1.32382e-20,3.17354e-31,1.15637e-05
7400,1.13153e-05,9.32653e-06,1.21739e-06,4.50251e-09,1.63698e-12,9.53298e-17,8.5161e-20,2.03528e-30,2.18637e-05
7401,0,0,0,0,0,0,0,0,0
7402,2.30915e-06,1.90319e-06,1.81177e-07,2.42495e-10,1.71292e-14,7.86921e-20,7.01799e-23,1.66623e-33,4.39376e-06
7403,6.45405e-06,5.3193e-06,6.4293e-07,1.87118e-09,4.83004e-13,1.93748e-17,1.7269e-20,4.09077e-31,1.24182e-05
7404,9.46892e-06,7.80379e-06,9.65382e-07,3.1177e-09,9.65816e-13,4.77291e-17,4.24868e-20,1.00138e-30,1.82412e-05
7405,0,0,0,0,0,0,0,0,0
7406,0,0,0,0,0,0,0,0,0
7407,6.24989e-06,5.15042e-06,5.6204e-07,1.17988e-09,1.85008e-13,4.05061e-18,3.59652e-21,8.39243e-32,1.19635e-05
7408,6.84757e-06,5.64286e-06,6.13018e-07,1.32678e-09,2.40419e-13,6.98155e-18,6.19478e-21,1.4418e-31,1.31048e-05
7409,6.5832e-06,5.42485e-06,5.72112e-07,1.10359e-09,1.62771e-13,3.59606e-18,3.18839e-21,7.3988e-32,1.25813e-05
7410,1.07681e-06,8.87311e-07,8.40143e-08,1.14593e-10,1.0117e-14,1.28747e-19,1.14035e-22,2.63561e-33,2.04825e-06
7411,2.9479e-06,2.42911e-06,2.63741e-07,5.50263e-10,8.85725e-14,2.13831e-18,1.89364e-21,4.37382e-32,5.64131e-06
7412,8.85797e-06,7.29881e-06,8.04819e-07,1.78862e-09,3.23457e-13,9.05393e-18,8.00693e-21,1.83944e-31,1.69634e-05
7413,1.49087e-06,1.22842e-06,1.21357e-07,1.8807e-10,1.95725e-14,2.87562e-19,2.54126e-22,5.82176e-33,2.84084e-06
7414,0,0,0,0,0,0,0,0,0
7415,2.32921e-06,1.91908e-06,2.01763e-07,3.81184e-10,5.33874e-14,1.11284e-18,9.81933e-22,2.23598e-32,4.45044e-06
7416,2.92106e-05,2.40664e-05,3.54994e-06,1.89045e-08,1.07658e-11,8.5856e-16,7.56703e-19,1.71544e-29,5.68459e-05
7417,3.69186e-06,3.04162e-06,3.10922e-07,5.40807e-10,6.80364e-14,1.27686e-18,1.12466e-21,2.54316e-32,7.04494e-06
7418,2.30729e-05,1.90088e-05,2.66218e-06,1.26468e-08,6.77506e-12,6.05618e-16,5.33075e-19,1.20233e-29,4.47565e-05
7419,1.74282e-06,1.43581e-06,1.92313e-07,6.50552e-10,1.65675e-13,5.42727e-18,4.77433e-21,1.07433e-31,3.3716e-06
7420,1.9644e-05,1.61829e-05,2.27458e-06,1.06139e-08,5.37525e-12,4.46906e-16,3.92614e-19,8.78847e-30,3.81121e-05
7421,2.06862e-05,1.70413e-05,2.39965e-06,1.11156e-08,5.53153e-12,4.54804e-16,3.99419e-19,8.92911e-30,4.01382e-05
7422,0,0,0,0,0,0,0,0,0
7423,1.52199e-06,1.25375e-06,1.23846e-07,1.90811e-10,1.92375e-14,2.60245e-19,2.28164e-22,5.0668e-33,2.89978e-06
7424,1.01396e-06,8.35222e-07,7.72765e-08,9.41266e-11,5.90723e-15,3.08119e-20,2.69776e-23,5.9596e-34,1.92655e-06
7425,0,0,0,0,0,0,0,0,0
7426,8.44664e-07,6.95739e-07,6.35047e-08,7.68646e-11,5.59129e-15,5.51808e-20,4.82484e-23,1.0602e-33,1.60398e-06
7427,1.33026e-06,1.09568e-06,1.06601e-07,1.58234e-10,1.56714e-14,2.23001e-19,1.94791e-22,4.26365e-33,2.5327e-06
7428,0,0,0,0,0,0,0,0,0
7429,4.76445e-07,3.92413e-07,3.27108e-08,2.8763e-11,1.14041e-15,3.96793e-21,3.46149e-24,7.53824e-35,9.01598e-07
7430,0,0,0,0,0,0,0,0,0
7431,1.0421e-06,8.58251e-07,7.2994e-08,7.00217e-11,3.47732e-15,2.02331e-20,1.76164e-23,3.8073e-34,1.97341e-06
7432,0,0,0,0,0,0,0,0,0
7433,1.34801e-06,1.11015e-06,1.08202e-07,1.6173e-10,1.62241e-14,2.35092e-19,2.04448e-22,4.39828e-33,2.56653e-06
7434,0,0,0,0,0,0,0,0,0
7435,3.9365e-06,3.2417e-06,3.64988e-07,8.50993e-10,1.5801e-13,4.30623e-18,3.73769e-21,7.98033e-32,7.54404e-06
7436,0,0,0,0,0,0,0,0,0
7437,0,0,0,0,0,0,0,0,0
7438,6.68874e-06,5.50777e-06,6.66863e-07,1.95296e-09,5.04315e-13,1.9825e-17,1.71675e-20,3.63209e-31,1.28653e-05
7439,8.21697e-06,6.766e-06,7.75932e-07,1.94312e-09,4.08606e-13,1.27751e-17,1.10554e-20,2.33302e-31,1.57608e-05
7440,0,0,0,0,0,0,0,0,0
7441,4.81425e-06,3.96394e-06,4.5124e-07,1.03357e-09,1.45071e-13,9.43028e-19,8.14661e-22,1.70745e-32,9.23046e-06
7442,1.06882e-05,8.80012e-06,1.03396e-06,2.76468e-09,6.32064e-13,2.21163e-17,1.90845e-20,3.9825e-31,2.05251e-05
7443,0,0,0,0,0,0,0,0,0
7444,0,0,0,0,0,0,0,0,0
7445,0,0,0,0,0,0,0,0,0
7446,6.01041e-06,4.94819e-06,5.19459e-07,1.01379e-09,1.62986e-13,4.31398e-18,3.71099e-21,7.64989e-32,1.14791e-05
7447,0,0,0,0,0,0,0,0,0
7448,0,0,0,0,0,0,0,0,0
7449,0,0,0,0,0,0,0,0,0
7450,0,0,0,0,0,0,0,0,0
7451,0,0,0,0,0,0,0,0,0
7452,0,0,0,0,0,0,0,0,0
7453,1.50626e-06,1.23984e-06,1.22338e-07,1.89532e-10,1.96857e-14,2.85431e-19,2.44114e-22,4.91917e-33,2.86863e-06
7454,2.03662e-06,1.67634e-06,1.72574e-07,3.06306e-10,3.91732e-14,7.33421e-19,6.26672e-22,1.2582e-32,3.88584e-06
7455,0,0,0,0,0,0,0,0,0
7456,1.2018e-06,9.89159e-07,9.40863e-08,1.27828e-10,1.02492e-14,9.27064e-20,7.9116e-23,1.58084e-33,2.28517e-06
7457,6.7022e-06,5.51613e-06,6.67933e-07,1.96575e-09,5.16478e-13,2.10427e-17,1.79357e-20,3.5664e-31,1.28882e-05
7458,5.86226e-06,4.82477e-06,5.73098e-07,1.58481e-09,3.77775e-13,1.36366e-17,1.16182e-20,2.30644e-31,1.12617e-05
7459,0,0,0,0,0,0,0,0,0
7460,1.95852e-06,1.61181e-06,1.64876e-07,2.86526e-10,3.53408e-14,6.28951e-19,5.34833e-22,1.05381e-32,3.73549e-06
7461,8.3014e-06,6.8316e-06,7.54366e-07,1.73296e-09,3.4868e-13,1.15598e-17,9.81753e-21,1.92484e-31,1.58891e-05
7462,6.06961e-06,4.99483e-06,5.12771e-07,8.93794e-10,1.09275e-13,2.30097e-18,1.95276e-21,3.8178e-32,1.15781e-05
7463,6.78939e-07,5.58699e-07,4.93868e-08,5.42965e-11,3.44587e-15,2.91749e-20,2.47384e-23,4.82021e-34,1.28708e-06
7464,0,0,0,0,0,0,0,0,0
7465,0,0,0,0,0,0,0,0,0
7466,5.27775e-06,4.34282e-06,4.88635e-07,1.18149e-09,2.41735e-13,7.41772e-18,6.27879e-21,1.21507e-31,1.01104e-05
7467,4.93436e-06,4.06011e-06,4.3207e-07,8.60131e-10,1.32696e-13,3.12094e-18,2.63876e-21,5.08403e-32,9.4274e-06
7468,0,0,0,0,0,0,0,0,0
7469,0,0,0,0,0,0,0,0,0
7470,0,0,0,0,0,0,0,0,0
7471,0,0,0,0,0,0,0,0,0
7472,0,0,0,0,0,0,0,0,0
7473,0,0,0,0,0,0,0,0,0
7474,5.17093e-06,4.25397e-06,4.96175e-07,1.29816e-09,2.85634e-13,9.39393e-18,7.89464e-21,1.48538e-31,9.92237e-06
7475,0,0,0,0,0,0,0,0,0
7476,4.97684e-06,4.0941e-06,4.32015e-07,8.26993e-10,1.16372e-13,2.35577e-18,1.97669e-21,3.69643e-32,9.50378e-06
7477,0,0,0,0,0,0,0,0,0
7478,0,0,0,0,0,0,0,0,0
7479,8.00076e-07,6.58118e-07,5.94776e-08,7.03062e-11,4.98437e-15,4.81654e-20,4.0318e-23,7.46894e-34,1.51774e-06
7480,0,0,0,0,0,0,0,0,0
7481,2.93863e-05,2.41712e-05,3.0069e-06,9.84691e-09,3.15096e-12,1.65419e-16,1.3827e-19,2.54721e-30,5.65743e-05
7482,0,0,0,0,0,0,0,0,0
7483,1.53039e-06,1.25873e-06,1.13074e-07,1.31318e-10,9.09914e-15,8.59823e-20,7.17421e-23,1.31238e-33,2.90233e-06
7484,2.04736e-06,1.68388e-06,1.69602e-07,2.63097e-10,1.93919e-14,1.79899e-20,1.49964e-23,2.73321e-34,3.90111e-06
7485,1.263e-05,1.03875e-05,1.24651e-06,3.5752e-09,9.01611e-13,3.45355e-17,2.87715e-20,5.23158e-31,2.42677e-05
7486,0,0,0,0,0,0,0,0,0
7487,3.19189e-06,2.625e-06,2.49578e-07,3.46963e-10,3.0031e-14,3.10166e-19,2.57874e-22,4.65171e-33,6.06682e-06
7488,1.91623e-05,1.57586e-05,2.02063e-06,7.5301e-09,3.01496e-12,2.03464e-16,1.69026e-19,3.03946e-30,3.69491e-05
7489,0,0,0,0,0,0,0,0,0
7490,4.09681e-06,3.369e-06,3.46361e-07,6.0266e-10,6.66192e-14,6.89753e-19,5.72378e-22,1.02486e-32,7.81278e-06
7491,4.46663e-07,3.67303e-07,3.02581e-08,2.58301e-11,9.77161e-16,2.89039e-21,2.3968e-24,4.27937e-35,8.4425e-07
7492,1.83275e-06,1.50708e-06,1.50963e-07,2.39624e-10,2.33371e-14,2.53957e-19,2.10398e-22,3.74321e-33,3.49103e-06
7493,1.68801e-06,1.38801e-06,1.36639e-07,2.01343e-10,1.59979e-14,9.99964e-20,8.27527e-23,1.46586e-33,3.21286e-06
7494,2.25455e-06,1.85381e-06,1.73992e-07,2.27275e-10,1.7771e-14,1.9657e-19,1.62529e-22,2.86902e-33,4.28259e-06
7495,9.97105e-07,8.19857e-07,7.57791e-08,9.44129e-11,6.70748e-15,5.50702e-20,4.55045e-23,8.01279e-34,1.89284e-06
7496,2.56616e-06,2.10993e-06,2.22862e-07,4.26372e-10,5.8702e-14,1.10441e-18,9.11636e-22,1.59881e-32,4.89937e-06
7497,1.93427e-06,1.59036e-06,1.61992e-07,2.78607e-10,3.37932e-14,5.85341e-19,4.82937e-22,8.45369e-33,3.6869e-06
7498,0,0,0,0,0,0,0,0,0
7499,3.79975e-06,3.12401e-06,3.46811e-07,7.66296e-10,1.23497e-13,2.41517e-18,1.98969e-21,3.46274e-32,7.27134e-06
7500,1.02484e-05,8.42549e-06,9.30455e-07,2.06295e-09,3.59155e-13,9.21058e-18,7.57917e-21,1.31306e-31,1.96064e-05
7501,0,0,0,0,0,0,0,0,0
7502,0,0,0,0,0,0,0,0,0
7503,7.3187e-06,6.01648e-06,6.44111e-07,1.32448e-09,2.18177e-13,5.54836e-18,4.55458e-21,7.81615e-32,1.39806e-05
7504,1.77983e-06,1.4631e-06,1.35611e-07,1.7695e-10,1.50878e-14,1.87062e-19,1.53448e-22,2.62599e-33,3.37872e-06
7505,0,0,0,0,0,0,0,0,0
7506,4.54352e-06,3.73479e-06,4.09859e-07,9.22999e-10,1.7288e-13,4.9211e-18,4.02979e-21,6.84951e-32,8.68909e-06
7507,3.5022e-06,2.87876e-06,3.12391e-07,6.20806e-10,7.2506e-14,4.92479e-19,4.0298e-22,6.82961e-33,6.69397e-06
7508,2.22365e-06,1.82776e-06,2.55726e-07,9.36159e-10,2.08791e-13,2.16751e-18,1.77218e-21,2.99394e-32,4.30807e-06
7509,2.91028e-05,2.39209e-05,3.44724e-06,1.80005e-08,1.09445e-11,1.09632e-15,8.95539e-19,1.50753e-29,5.64889e-05
7510,2.5293e-05,2.07887e-05,3.00742e-06,1.54847e-08,9.03281e-12,8.66555e-16,7.071e-19,1.18535e-29,4.91047e-05
7511,6.16936e-06,5.07056e-06,6.05224e-07,1.7137e-09,4.27847e-13,1.64961e-17,1.34491e-20,2.24698e-31,1.18469e-05
7512,1.64454e-06,1.35163e-06,1.33619e-07,2.05596e-10,1.97319e-14,2.23245e-19,1.81959e-22,3.03677e-33,3.12999e-06
7513,0,0,0,0,0,0,0,0,0
7514,1.38671e-06,1.13965e-06,1.10747e-07,1.64487e-10,1.60816e-14,2.16671e-19,1.76259e-22,2.91935e-33,2.63728e-06
7515,2.95759e-06,2.43057e-06,2.42629e-07,3.98906e-10,4.621e-14,7.43282e-19,6.03932e-22,9.95646e-33,5.63119e-06
7516,5.29223e-06,4.34915e-06,4.65448e-07,9.46962e-10,1.50677e-13,3.64336e-18,2.95959e-21,4.87458e-32,1.01078e-05
7517,1.22005e-06,1.00259e-06,9.52592e-08,1.30128e-10,1.07022e-14,1.05846e-19,8.58524e-23,1.40576e-33,2.31804e-06
7518,8.51293e-06,6.99548e-06,7.93004e-07,1.9083e-09,3.73706e-13,1.08067e-17,8.76049e-21,1.4313e-31,1.63033e-05
7519,0,0,0,0,0,0,0,0,0
7520,0,0,0,0,0,0,0,0,0
7521,0,0,0,0,0,0,0,0,0
7522,0,0,0,0,0,0,0,0,0
7523,3.76597e-06,3.09431e-06,3.13758e-07,5.46822e-10,9.20975e-14,5.10695e-18,4.12345e-21,6.63225e-32,7.17459e-06
7524,2.39217e-06,1.96547e-06,2.05856e-07,3.87761e-10,5.38638e-14,1.08892e-18,8.78597e-22,1.40928e-32,4.56388e-06
7525,1.9865e-06,1.63213e-06,1.66368e-07,2.86597e-10,3.44038e-14,5.70471e-19,4.5995e-22,7.35653e-33,3.78529e-06
7526,1.52997e-06,1.257e-06,1.23757e-07,1.9191e-10,2.00623e-14,2.94182e-19,2.36987e-22,3.77787e-33,2.91092e-06
7527,0,0,0,0,0,0,0,0,0
7528,5.58572e-06,4.58888e-06,5.39744e-07,1.46206e-09,3.42557e-13,1.22935e-17,9.8844e-21,1.56387e-31,1.07158e-05
7529,2.64773e-06,2.17514e-06,2.31076e-07,4.56073e-10,6.81652e-14,1.50866e-18,1.21169e-21,1.90895e-32,5.0544e-06
7530,8.17288e-07,6.71396e-07,6.0758e-08,7.27956e-11,5.3487e-15,5.50393e-20,4.4174e-23,6.94006e-34,1.54951e-06
7531,4.74902e-06,3.90124e-06,4.0916e-07,7.77722e-10,1.10545e-13,2.31448e-18,1.85695e-21,2.91349e-32,9.0602e-06
7532,4.76239e-07,3.91212e-07,3.28279e-08,3.09468e-11,1.58924e-15,1.07561e-20,8.62223e-24,1.34817e-34,9.00309e-07
7533,0,0,0,0,0,0,0,0,0
7534,6.43897e-06,5.28909e-06,6.33738e-07,1.81714e-09,4.59449e-13,1.77275e-17,1.41872e-20,2.20405e-31,1.23636e-05
7535,1.11931e-06,9.19405e-07,8.60493e-08,1.11639e-10,8.33148e-15,7.01836e-20,5.61276e-23,8.6953e-34,2.12488e-06
7536,0,0,0,0,0,0,0,0,0
7537,0,0,0,0,0,0,0,0,0
7538,4.64696e-06,3.81668e-06,4.08825e-07,8.48834e-10,1.40934e-13,3.47844e-18,2.77408e-21,4.25104e-32,8.87331e-06
7539,1.4657e-06,1.20379e-06,1.06305e-07,1.16003e-10,7.83369e-15,1.36424e-19,1.08702e-22,1.65996e-33,2.77591e-06
7540,9.57224e-06,7.86152e-06,9.93789e-07,3.36772e-09,1.0792e-12,5.36714e-17,4.27252e-20,6.50067e-31,1.84309e-05
7541,8.17907e-06,6.71721e-06,7.57058e-07,1.79842e-09,3.4979e-13,1.02589e-17,8.16173e-21,1.23891e-31,1.56551e-05
7542,3.46918e-06,2.84908e-06,3.13872e-07,6.9496e-10,1.22631e-13,3.25578e-18,2.58884e-21,3.92155e-32,6.63283e-06
7543,4.82154e-05,3.95952e-05,6.19159e-06,4.12818e-08,3.50775e-11,5.03483e-15,3.9975e-18,6.02011e-29,9.40435e-05
7544,0,0,0,0,0,0,0,0,0
7545,4.43641e-06,3.64308e-06,3.8997e-07,8.13753e-10,1.38234e-13,3.59362e-18,2.84874e-21,4.26378e-32,8.47027e-06
7546,9.97649e-07,8.19234e-07,7.53452e-08,9.22935e-11,6.20688e-15,4.26625e-20,3.38047e-23,5.05098e-34,1.89232e-06
7547,0,0,0,0,0,0,0,0,0
7548,3.82207e-06,3.13837e-06,3.18795e-07,5.48035e-10,6.69989e-14,1.17501e-18,9.2931e-22,1.3784e-32,7.27978e-06
7549,0,0,0,0,0,0,0,0,0
7550,6.41457e-06,5.26688e-06,5.75497e-07,1.24801e-09,2.15743e-13,5.65155e-18,4.46335e-21,6.58299e-32,1.22582e-05
7551,0,0,0,0,0,0,0,0,0
7552,1.44484e-06,1.18626e-06,1.09878e-07,1.13454e-10,3.86188e-16,7.54724e-19,5.94943e-22,8.71129e-33,2.74109e-06
7553,2.54872e-05,2.09253e-05,2.75017e-06,1.05506e-08,4.05693e-12,2.47704e-16,1.95102e-19,2.84752e-30,4.91733e-05
7554,4.85032e-06,3.98204e-06,4.57453e-07,1.14594e-09,2.3413e-13,6.87805e-18,5.41204e-21,7.86803e-32,9.29096e-06
7555,0,0,0,0,0,0,0,0,0
7556,1.14446e-05,9.3954e-06,1.05304e-06,2.48023e-09,4.86577e-13,1.48545e-17,1.16693e-20,1.6857e-31,2.18955e-05
7557,3.88737e-06,3.1913e-06,3.56669e-07,8.26644e-10,1.5542e-13,4.39751e-18,3.45428e-21,4.98819e-32,7.43617e-06
7558,0,0,0,0,0,0,0,0,0
7559,8.77745e-07,7.20534e-07,6.52713e-08,7.71495e-11,5.17263e-15,4.12382e-20,3.23311e-23,4.634e-34,1.66363e-06
7560,6.39945e-06,5.25316e-06,6.28454e-07,1.80212e-09,4.59815e-13,1.81558e-17,1.42255e-20,2.03396e-31,1.22829e-05
7561,2.25312e-06,1.84946e-06,1.9182e-07,3.52429e-10,4.76006e-14,9.41663e-19,7.36878e-22,1.04837e-32,4.29475e-06
7562,6.26004e-07,5.13841e-07,4.45386e-08,4.61779e-11,2.62605e-15,1.83069e-20,1.43158e-23,2.03124e-34,1.18443e-06
7563,0,0,0,0,0,0,0,0,0
7564,0,0,0,0,0,0,0,0,0
7565,2.65721e-06,2.18096e-06,2.13631e-07,3.34466e-10,3.72169e-14,6.10895e-19,4.76653e-22,6.70449e-33,5.05213e-06
7566,5.90049e-06,4.84285e-06,5.71954e-07,1.5704e-09,3.71535e-13,1.31658e-17,1.02657e-20,1.4401e-31,1.13169e-05
7567,5.69891e-07,4.67722e-07,4.009e-08,4.03894e-11,2.25485e-15,1.62244e-20,1.26351e-23,1.76405e-34,1.07774e-06
7568,6.12211e-06,5.02446e-06,5.95123e-07,1.63982e-09,3.81687e-13,1.26953e-17,9.88134e-21,1.37661e-31,1.17433e-05
7569,0,0,0,0,0,0,0,0,0
7570,2.03287e-06,1.66829e-06,1.55562e-07,2.05806e-10,1.7489e-14,2.10849e-19,1.63797e-22,2.26477e-33,3.85692e-06
7571,5.85587e-07,4.8056e-07,4.1415e-08,4.26866e-11,2.5133e-15,1.9992e-20,1.55237e-23,2.14256e-34,1.1076e-06
7572,6.43266e-07,5.2788e-07,4.58589e-08,4.78331e-11,2.73044e-15,1.90844e-20,1.48059e-23,2.03646e-34,1.21705e-06
7573,1.16912e-06,9.59369e-07,8.20748e-08,8.10669e-11,4.15838e-15,2.39355e-20,1.85445e-23,2.53731e-34,2.21064e-06
7574,0,0,0,0,0,0,0,0,0
7575,2.64362e-06,2.16926e-06,2.29735e-07,4.50907e-10,6.68602e-14,1.4585e-18,1.12888e-21,1.53854e-32,5.04307e-06
7576,0,0,0,0,0,0,0,0,0
7577,9.01188e-06,7.39438e-06,9.24972e-07,3.0446e-09,9.36918e-13,4.44718e-17,3.43536e-20,4.6462e-31,1.73343e-05
7578,1.53325e-06,1.258e-06,1.2357e-07,1.91573e-10,2.01712e-14,3.00212e-19,2.31613e-22,3.11686e-33,2.91501e-06
7579,1.94477e-06,1.59561e-06,1.49776e-07,2.05054e-10,1.85988e-14,2.36775e-19,1.82533e-22,2.44909e-33,3.69035e-06
7580,1.37949e-06,1.13181e-06,1.09663e-07,1.6331e-10,1.63677e-14,2.34374e-19,1.80615e-22,2.41984e-33,2.62112e-06
7581,0,0,0,0,0,0,0,0,0
7582,0,0,0,0,0,0,0,0,0
7583,0,0,0,0,0,0,0,0,0
7584,0,0,0,0,0,0,0,0,0
7585,2.26587e-06,1.85878e-06,1.74993e-07,2.36063e-10,1.96893e-14,2.08445e-19,1.59912e-22,2.10506e-33,4.29987e-06
7586,0,0,0,0,0,0,0,0,0
7587,0,0,0,0,0,0,0,0,0
7588,1.39685e-05,1.14581e-05,1.46448e-06,5.34709e-09,1.99995e-12,1.20188e-16,9.20022e-20,1.20071e-30,2.68963e-05
7589,0,0,0,0,0,0,0,0,0
7590,7.38819e-06,6.0601e-06,6.08746e-07,8.31823e-10,1.61714e-13,7.97704e-17,6.09846e-20,7.91904e-31,1.40579e-05
7591,0,0,0,0,0,0,0,0,0
7592,0,0,0,0,0,0,0,0,0
7593,0,0,0,0,0,0,0,0,0
7594,0,0,0,0,0,0,0,0,0
7595,0,0,0,0,0,0,0,0,0
7596,1.76632e-06,1.4486e-06,1.44907e-07,2.38146e-10,2.72476e-14,4.4252e-19,3.36614e-22,4.28594e-33,3.36007e-06
7597,6.76737e-06,5.54987e-06,6.66282e-07,1.92924e-09,4.91084e-13,1.86814e-17,1.41949e-20,1.7996e-31,1.29855e-05
7598,2.46736e-06,2.02343e-06,2.11492e-07,3.96788e-10,5.38842e-14,1.01413e-18,7.70133e-22,9.7416e-33,4.70267e-06
7599,1.56531e-06,1.28362e-06,1.24863e-07,1.81636e-10,1.4918e-14,1.00913e-19,7.65274e-23,9.62775e-34,2.97397e-06
7600,4.52241e-06,3.70846e-06,4.21662e-07,1.03358e-09,2.0929e-13,6.31481e-18,4.78444e-21,5.99749e-32,8.65356e-06
7601,6.23004e-06,5.10874e-06,5.53573e-07,1.17387e-09,1.96297e-13,4.93201e-18,3.73646e-21,4.68232e-32,1.18935e-05
7602,8.82536e-07,7.23677e-07,6.55346e-08,7.80712e-11,5.39957e-15,4.64641e-20,3.51742e-23,4.39474e-34,1.67183e-06
7603,7.91318e-07,6.48848e-07,5.8e-08,6.67443e-11,4.48802e-15,3.91442e-20,2.95881e-23,3.67495e-34,1.49823e-06
7604,1.83031e-06,1.50077e-06,1.3963e-07,1.85372e-10,1.55474e-14,1.6427e-19,1.24145e-22,1.54086e-33,3.4709e-06
7605,3.45205e-06,2.83041e-06,3.10208e-07,6.79116e-10,1.17489e-13,3.0082e-18,2.27039e-21,2.80325e-32,6.59334e-06
7606,0,0,0,0,0,0,0,0,0
7607,0,0,0,0,0,0,0,0,0
7608,9.08253e-07,7.44645e-07,6.78822e-08,8.33174e-11,6.20229e-15,6.13704e-20,4.62171e-23,5.65773e-34,1.72086e-06
7609,0,0,0,0,0,0,0,0,0
7610,5.62727e-06,4.61335e-06,4.93388e-07,1.00443e-09,1.57131e-13,3.57657e-18,2.68872e-21,3.26879e-32,1.0735e-05
7611,1.10473e-06,9.05663e-07,8.47384e-08,1.12677e-10,9.36048e-15,1.03499e-19,7.77514e-23,9.42655e-34,2.09525e-06
7612,0,0,0,0,0,0,0,0,0
7613,8.47906e-06,6.95077e-06,8.14889e-07,2.27713e-09,5.86226e-13,2.35891e-17,1.76896e-20,2.1299e-31,1.6247e-05
7614,5.24821e-06,4.30213e-06,4.52749e-07,8.66626e-10,1.22235e-13,2.74768e-18,2.05843e-21,2.46871e-32,1.0004e-05
7615,5.24416e-06,4.29872e-06,4.61517e-07,9.62103e-10,1.5699e-13,3.64963e-18,2.7327e-21,3.27063e-32,1.00054e-05
7616,2.19685e-06,1.80072e-06,1.85507e-07,3.35653e-10,4.44621e-14,8.58731e-19,6.42166e-22,7.64749e-33,4.18342e-06
7617,0,0,0,0,0,0,0,0,0
7618,7.12293e-06,5.83828e-06,6.4897e-07,1.50357e-09,2.87182e-13,8.16966e-18,6.10007e-21,7.22145e-32,1.36117e-05
7619,2.8991e-06,2.3762e-06,2.3128e-07,3.50537e-10,3.59828e-14,5.24107e-19,3.91189e-22,4.62414e-33,5.50693e-06
7620,3.25629e-06,2.66886e-06,2.53182e-07,3.59717e-10,3.45088e-14,4.67422e-19,3.48429e-22,4.09784e-33,6.1787e-06
7621,0,0,0,0,0,0,0,0,0
7622,0,0,0,0,0,0,0,0,0
7623,4.73614e-06,3.8815e-06,4.14266e-07,8.56103e-10,1.40705e-13,3.38115e-18,2.51517e-21,2.93408e-32,9.03276e-06
7624,0,0,0,0,0,0,0,0,0
7625,6.10837e-07,5.00579e-07,4.31866e-08,4.47426e-11,2.62285e-15,2.01425e-20,1.49522e-23,1.72997e-34,1.15465e-06
7626,1.02972e-06,8.43843e-07,7.80903e-08,1.00366e-10,7.91867e-15,8.23847e-20,6.11403e-23,7.06691e-34,1.95175e-06
7627,1.87098e-06,1.5332e-06,1.54418e-07,2.60644e-10,3.12667e-14,5.41607e-19,4.01566e-22,4.62442e-33,3.55886e-06
7628,0,0,0,0,0,0,0,0,0
7629,0,0,0,0,0,0,0,0,0
7630,0,0,0,0,0,0,0,0,0
7631,8.14131e-06,6.67076e-06,8.19807e-07,2.56392e-09,7.30896e-13,3.14705e-17,2.32466e-20,2.63831e-31,1.56344e-05
7632,2.65781e-06,2.17769e-06,2.16342e-07,3.60595e-10,4.44012e-14,8.03761e-19,5.93375e-22,6.71889e-33,5.0522e-06
7633,0,0,0,0,0,0,0,0,0
7634,2.11141e-06,1.7299e-06,1.76806e-07,3.1145e-10,3.9166e-14,6.93983e-19,5.11417e-22,5.75044e-33,4.01844e-06
7635,5.12658e-06,4.20024e-06,4.85257e-07,1.25743e-09,2.78232e-13,9.3575e-18,6.89428e-21,7.74522e-32,9.81333e-06
7636,0,0,0,0,0,0,0,0,0
7637,0,0,0,0,0,0,0,0,0
7638,2.111e-06,1.72938e-06,1.76906e-07,3.13599e-10,4.02694e-14,7.47281e-19,5.4886e-22,6.09127e-33,4.0176e-06
7639,1.34551e-06,1.10225e-06,1.06002e-07,1.54956e-10,1.50881e-14,2.06803e-19,1.51759e-22,1.67847e-33,2.55391e-06
7640,0,0,0,0,0,0,0,0,0
7641,1.77171e-06,1.45132e-06,1.32804e-07,1.67489e-10,1.33175e-14,1.44569e-19,1.0592e-22,1.16415e-33,3.356e-06
7642,0,0,0,0,0,0,0,0,0
7643,4.59478e-07,3.76375e-07,3.04461e-08,2.37361e-11,5.72155e-16,3.43791e-23,2.51608e-26,2.75363e-37,8.66323e-07
7644,0,0,0,0,0,0,0,0,0
7645,1.32385e-06,1.08434e-06,1.03871e-07,1.49528e-10,1.40655e-14,1.81306e-19,1.32412e-22,1.43722e-33,2.5122e-06
7646,0,0,0,0,0,0,0,0,0
7647,0,0,0,0,0,0,0,0,0
7648,0,0,0,0,0,0,0,0,0
7649,0,0,0,0,0,0,0,0,0
7650,0,0,0,0,0,0,0,0,0
7651,0,0,0,0,0,0,0,0,0
7652,2.5914e-06,2.1222e-06,2.21677e-07,4.12288e-10,5.26167e-14,8.02962e-19,5.83151e-22,6.19231e-33,4.93569e-06
7653,0,0,0,0,0,0,0,0,0
7654,9.92937e-07,8.13108e-07,7.49109e-08,9.5805e-11,7.67536e-15,8.43115e-20,6.11169e-23,6.44246e-34,1.88105e-06
7655,0,0,0,0,0,0,0,0,0
7656,9.20267e-07,7.53573e-07,6.87806e-08,8.57106e-11,6.68749e-15,7.27737e-20,5.26957e-23,5.53103e-34,1.74271e-06
7657,2.13205e-06,1.74579e-06,1.77659e-07,3.05837e-10,3.56809e-14,5.34324e-19,3.8644e-22,4.03703e-33,4.05581e-06
7658,0,0,0,0,0,0,0,0,0
7659,0,0,0,0,0,0,0,0,0
7660,2.24658e-06,1.83943e-06,1.8954e-07,3.44571e-10,4.5949e-14,8.88753e-19,6.41233e-22,6.63603e-33,4.27589e-06
7661,1.18142e-06,9.67285e-07,9.09743e-08,1.23275e-10,1.04556e-14,1.16326e-19,8.38387e-23,8.63992e-34,2.23981e-06
7662,9.52701e-06,7.80004e-06,8.19782e-07,1.67975e-09,2.98092e-13,8.52627e-18,6.14126e-21,6.3134e-32,1.81485e-05
7663,5.81267e-06,4.75888e-06,5.56952e-07,1.49665e-09,3.40706e-13,1.12512e-17,8.0978e-21,8.29996e-32,1.113e-05
7664,1.4092e-06,1.1537e-06,1.01305e-07,1.11262e-10,7.06662e-15,5.83773e-20,4.19849e-23,4.29094e-34,2.66432e-06
7665,2.88677e-06,2.36332e-06,2.51762e-07,5.06996e-10,7.77395e-14,1.72784e-18,1.24188e-21,1.26611e-32,5.50237e-06
7666,0,0,0,0,0,0,0,0,0
7667,0,0,0,0,0,0,0,0,0
7668,0,0,0,0,0,0,0,0,0
7669,7.54836e-06,6.17899e-06,6.54929e-07,1.32619e-09,2.15492e-13,5.38611e-18,3.85858e-21,3.8836e-32,1.43836e-05
7670,7.01917e-07,5.74566e-07,5.02489e-08,5.41457e-11,3.26572e-15,2.41906e-20,1.73136e-23,1.73611e-34,1.32679e-06
7671,4.95573e-06,4.0565e-06,4.64329e-07,1.16538e-09,2.40718e-13,7.14112e-18,5.10722e-21,5.1064e-32,9.47772e-06
7672,0,0,0,0,0,0,0,0,0
7673,7.99514e-06,6.54397e-06,8.00215e-07,2.47477e-09,6.95803e-13,2.94971e-17,2.10509e-20,2.08718e-31,1.53418e-05
7674,1.05136e-06,8.60522e-07,7.95763e-08,1.0233e-10,8.02055e-15,8.06792e-20,5.75637e-23,5.70211e-34,1.99156e-06
7675,0,0,0,0,0,0,0,0,0
7676,0,0,0,0,0,0,0,0,0
7677,0,0,0,0,0,0,0,0,0
7678,8.35552e-06,6.83808e-06,7.67118e-07,1.82255e-09,3.56735e-13,1.04642e-17,7.43789e-21,7.25926e-32,1.59625e-05
7679,1.27004e-06,1.03936e-06,9.88688e-08,1.40014e-10,1.29668e-14,1.65844e-19,1.17786e-22,1.14596e-33,2.40841e-06
7680,0,0,0,0,0,0,0,0,0
7681,7.44735e-06,6.09447e-06,7.34053e-07,2.13526e-09,5.18335e-13,1.61783e-17,1.14769e-20,1.11153e-31,1.4278e-05
7682,1.3464e-06,1.10178e-06,1.05599e-07,1.53021e-10,1.46069e-14,1.92152e-19,1.36188e-22,1.31427e-33,2.55393e-06
7683,1.07017e-05,8.75709e-06,9.82322e-07,2.37581e-09,4.89438e-13,1.52832e-17,1.08185e-20,1.03893e-31,2.04435e-05
7684,0,0,0,0,0,0,0,0,0
7685,0,0,0,0,0,0,0,0,0
7686,1.28261e-05,1.04947e-05,1.32381e-06,4.64701e-09,1.60177e-12,8.3167e-17,5.87443e-20,5.5938e-31,2.46493e-05
7687,0,0,0,0,0,0,0,0,0
7688,1.21273e-06,9.92236e-07,9.3877e-08,1.31355e-10,1.21283e-14,1.58592e-19,1.11812e-22,1.05698e-33,2.29898e-06
7689,4.58903e-07,3.75462e-07,3.08483e-08,2.71307e-11,1.17028e-15,5.24873e-21,3.69889e-24,3.49063e-35,8.6524e-07
7690,3.8834e-06,3.1772e-06,3.1978e-07,5.39262e-10,6.355e-14,1.03804e-18,7.30845e-22,6.87172e-33,7.38092e-06
7691,0,0,0,0,0,0,0,0,0
7692,0,0,0,0,0,0,0,0,0
7693,2.12814e-05,1.74099e-05,2.43249e-06,1.14451e-08,5.90297e-12,4.88699e-16,3.43168e-19,3.19339e-30,4.11352e-05
7694,9.0396e-06,7.39499e-06,7.83079e-07,1.59037e-09,2.54951e-13,5.90584e-18,4.14476e-21,3.84833e-32,1.72193e-05
7695,9.9211e-06,8.11592e-06,1.02111e-06,3.46144e-09,1.11329e-12,5.47931e-17,3.84239e-20,3.55663e-31,1.90616e-05
7696,0,0,0,0,0,0,0,0,0
7697,2.32145e-06,1.89895e-06,1.95958e-07,3.58442e-10,4.79305e-14,9.15314e-19,6.40733e-22,5.88974e-33,4.41672e-06
7698,1.80431e-06,1.47589e-06,1.33326e-07,1.59305e-10,1.11318e-14,9.67003e-20,6.76305e-23,6.19477e-34,3.41369e-06
7699,0,0,0,0,0,0,0,0,0
7700,1.7602e-06,1.43974e-06,1.43104e-07,2.33252e-10,2.65738e-14,4.29688e-19,3.00099e-22,2.73389e-33,3.34328e-06
7701,0,0,0,0,0,0,0,0,0
7702,0,0,0,0,0,0,0,0,0
7703,0,0,0,0,0,0,0,0,0
7704,1.74914e-06,1.43052e-06,1.41096e-07,2.20381e-10,2.19208e-14,2.56266e-19,1.78287e-22,1.5997e-33,3.32098e-06
7705,0,0,0,0,0,0,0,0,0
7706,0,0,0,0,0,0,0,0,0
7707,1.08694e-06,8.88883e-07,8.26797e-08,1.09656e-10,9.30805e-15,1.09311e-19,7.58753e-23,6.74713e-34,2.05861e-06
7708,2.37142e-06,1.93925e-06,1.98153e-07,3.39165e-10,3.52421e-14,3.1972e-19,2.2169e-22,1.96321e-33,4.50917e-06
7709,6.50388e-06,5.31854e-06,6.31558e-07,1.79374e-09,4.51375e-13,1.72137e-17,1.19308e-20,1.05482e-31,1.24558e-05
7710,9.67152e-07,7.90866e-07,7.24048e-08,9.14844e-11,7.26472e-15,7.97078e-20,5.51987e-23,4.86407e-34,1.83051e-06
7711,0,0,0,0,0,0,0,0,0
7712,0,0,0,0,0,0,0,0,0
7713,0,0,0,0,0,0,0,0,0
7714,1.46438e-06,1.19736e-06,1.15941e-07,1.74354e-10,1.7689e-14,2.51361e-19,1.73558e-22,1.51179e-33,2.77785e-06
7715,5.62693e-06,4.60073e-06,5.35077e-07,1.42264e-09,3.23905e-13,1.09599e-17,7.56021e-21,6.56038e-32,1.07642e-05
7716,7.08391e-07,5.79178e-07,5.05969e-08,5.46642e-11,3.33145e-15,2.51565e-20,1.73324e-23,1.49703e-34,1.33822e-06
7717,8.5346e-06,6.9777e-06,8.22138e-07,2.36198e-09,6.33271e-13,2.63935e-17,1.81707e-20,1.5647e-31,1.63368e-05
7718,1.53068e-06,1.25144e-06,1.20221e-07,1.69352e-10,1.32272e-14,9.16052e-20,6.3048e-23,5.42306e-34,2.9025e-06
7719,6.77273e-06,5.53697e-06,6.04343e-07,1.3269e-09,2.31887e-13,5.85813e-18,4.0273e-21,3.4486e-32,1.29154e-05
7720,0,0,0,0,0,0,0,0,0
7721,6.93865e-07,5.67239e-07,4.94516e-08,5.32718e-11,3.27536e-15,2.57706e-20,1.7693e-23,1.50717e-34,1.31061e-06
7722,0,0,0,0,0,0,0,0,0
7723,0,0,0,0,0,0,0,0,0
7724,0,0,0,0,0,0,0,0,0
7725,0,0,0,0,0,0,0,0,0
7726,5.43825e-06,4.44522e-06,5.14024e-07,1.34225e-09,2.96675e-13,9.6346e-18,6.58697e-21,5.51937e-32,1.03988e-05
7727,0,0,0,0,0,0,0,0,0
7728,0,0,0,0,0,0,0,0,0
7729,0,0,0,0,0,0,0,0,0
7730,8.92278e-07,7.29273e-07,6.54348e-08,7.60603e-11,4.92172e-15,3.57181e-20,2.43387e-23,2.013e-34,1.68706e-06
7731,2.61562e-06,2.13771e-06,2.23045e-07,4.20058e-10,5.68174e-14,1.03188e-18,7.02346e-22,5.78344e-33,4.9768e-06
7732,1.69175e-06,1.38261e-06,1.35901e-07,2.12352e-10,2.18853e-14,2.894e-19,1.96795e-22,1.61455e-33,3.21047e-06
7733,6.96921e-06,5.69554e-06,6.8127e-07,1.98053e-09,5.12332e-13,1.98651e-17,1.34985e-20,1.10424e-31,1.3348e-05
7734,0,0,0,0,0,0,0,0,0
7735,1.16985e-05,9.56003e-06,1.22503e-06,4.39377e-09,1.50815e-12,7.6931e-17,5.21808e-20,4.23851e-31,2.2488e-05
7736,0,0,0,0,0,0,0,0,0
7737,5.8154e-06,4.75218e-06,5.18704e-07,1.16363e-09,2.15921e-13,5.87891e-18,3.98357e-21,3.2231e-32,1.10875e-05
7738,0,0,0,0,0,0,0,0,0
7739,1.59316e-06,1.3018e-06,1.25752e-07,1.81078e-10,1.45788e-14,9.29284e-20,6.28391e-23,5.0434e-34,3.02089e-06
7740,1.96864e-06,1.60855e-06,1.49781e-07,1.36773e-10,3.38058e-15,6.16355e-18,4.16303e-21,3.32608e-32,3.72711e-06
7741,1.44449e-06,1.18027e-06,1.12925e-07,1.59868e-10,1.33538e-14,1.12976e-19,7.62874e-23,6.08878e-34,2.73784e-06
7742,5.69096e-07,4.64988e-07,3.94439e-08,3.92087e-11,2.17086e-15,1.54695e-20,1.04373e-23,8.30398e-35,1.07357e-06
7743,0,0,0,0,0,0,0,0,0
7744,1.35147e-06,1.10418e-06,1.05511e-07,1.52539e-10,1.45843e-14,1.92473e-19,1.29623e-22,1.02386e-33,2.56131e-06
7745,0,0,0,0,0,0,0,0,0
7746,3.0058e-05,2.45566e-05,3.57606e-06,1.91123e-08,1.1548e-11,1.07578e-15,7.23254e-19,5.67454e-30,5.82097e-05
7747,4.71132e-06,3.8489e-06,4.00326e-07,7.6419e-10,1.12275e-13,2.45515e-18,1.64894e-21,1.28855e-32,8.96131e-06
7748,0,0,0,0,0,0,0,0,0
7749,0,0,0,0,0,0,0,0,0
7750,1.56473e-06,1.27821e-06,1.24287e-07,1.88678e-10,1.89354e-14,2.52864e-19,1.69439e-22,1.31218e-33,2.96742e-06
7751,0,0,0,0,0,0,0,0,0
7752,0,0,0,0,0,0,0,0,0
7753,6.09602e-06,4.97944e-06,5.84168e-07,1.60208e-09,3.81889e-13,1.35518e-17,9.06114e-21,6.95791e-32,1.16612e-05
7754,5.76898e-07,4.71216e-07,3.98934e-08,3.91011e-11,2.04618e-15,1.25355e-20,8.37381e-24,6.40656e-35,1.08805e-06
7755,0,0,0,0,0,0,0,0,0
7756,0,0,0,0,0,0,0,0,0
7757,7.71734e-07,6.30303e-07,5.57265e-08,6.32574e-11,4.27007e-15,3.83615e-20,2.55516e-23,1.9328e-34,1.45783e-06
7758,9.94584e-07,8.1231e-07,7.3567e-08,8.73157e-11,5.58523e-15,3.63231e-20,2.41914e-23,1.82916e-34,1.88055e-06
7759,0,0,0,0,0,0,0,0,0
7760,0,0,0,0,0,0,0,0,0
7761,4.02336e-06,3.28568e-06,3.43883e-07,6.85413e-10,1.10181e-13,2.66309e-18,1.76796e-21,1.32011e-32,7.65361e-06
7762,0,0,0,0,0,0,0,0,0
7763,2.23301e-06,1.82354e-06,1.70532e-07,2.30963e-10,1.96282e-14,2.04446e-19,1.35582e-22,1.00814e-33,4.22731e-06
7764,0,0,0,0,0,0,0,0,0
7765,0,0,0,0,0,0,0,0,0
7766,6.57782e-07,5.37118e-07,4.2831e-08,2.34622e-11,5.07533e-16,3.3958e-19,2.24617e-22,1.65331e-33,1.23776e-06
7767,8.80966e-07,7.19343e-07,6.46701e-08,7.72322e-11,5.55915e-15,5.25528e-20,3.47327e-23,2.54831e-34,1.66506e-06
7768,1.56623e-06,1.27886e-06,1.24467e-07,1.90817e-10,1.97859e-14,2.82825e-19,1.86808e-22,1.36731e-33,2.96975e-06
7769,0,0,0,0,0,0,0,0,0
7770,1.70511e-06,1.39218e-06,1.27066e-07,1.63269e-10,1.38285e-14,1.66186e-19,1.09571e-22,7.96389e-34,3.22453e-06
7771,1.28737e-06,1.05106e-06,9.87602e-08,1.32431e-10,1.02409e-14,8.08814e-20,5.32597e-23,3.85178e-34,2.43732e-06
7772,0,0,0,0,0,0,0,0,0
7773,0,0,0,0,0,0,0,0,0
7774,0,0,0,0,0,0,0,0,0
7775,1.0243e-05,8.36208e-06,9.76768e-07,2.71937e-09,7.02504e-13,2.88128e-17,1.89204e-20,1.35352e-31,1.95845e-05
7776,6.52019e-07,5.32268e-07,4.58483e-08,4.78234e-11,2.8084e-15,2.08455e-20,1.36693e-23,9.72497e-35,1.23018e-06
7777,1.03075e-06,8.41421e-07,7.73248e-08,9.93135e-11,8.02853e-15,8.81239e-20,5.77446e-23,4.09648e-34,1.94959e-06
7778,1.43915e-06,1.1748e-06,1.1309e-07,1.68239e-10,1.69052e-14,2.38261e-19,1.56092e-22,1.10641e-33,2.7272e-06
7779,0,0,0,0,0,0,0,0,0
7780,3.86229e-06,3.15263e-06,3.22143e-07,5.90436e-10,8.33729e-14,1.75072e-18,1.14445e-21,8.04327e-33,7.33766e-06
7781,0,0,0,0,0,0,0,0,0
7782,9.72518e-07,7.93787e-07,7.2178e-08,8.91279e-11,6.63934e-15,6.30308e-20,4.11363e-23,2.87264e-34,1.83857e-06
7783,1.29205e-06,1.05457e-06,9.92446e-08,1.34682e-10,1.08975e-14,9.93174e-20,6.47658e-23,4.50834e-34,2.446e-06
7784,3.272e-06,2.67055e-06,2.86004e-07,5.84901e-10,8.74312e-14,1.66546e-18,1.08539e-21,7.5371e-33,6.22913e-06
7785,0,0,0,0,0,0,0,0,0
7786,0,0,0,0,0,0,0,0,0
7787,0,0,0,0,0,0,0,0,0
7788,1.72708e-06,1.40946e-06,1.38564e-07,2.18424e-10,2.312e-14,3.25093e-19,2.1114e-22,1.4466e-33,3.27532e-06
7789,3.47039e-06,2.83208e-06,3.05974e-07,6.45621e-10,1.02476e-13,2.17572e-18,1.41164e-21,9.63316e-33,6.60909e-06
7790,1.4409e-06,1.17587e-06,1.02784e-07,1.12952e-10,7.28489e-15,6.21584e-20,4.03226e-23,2.74986e-34,2.71967e-06
7791,3.98438e-06,3.25139e-06,3.58975e-07,8.17307e-10,1.49173e-13,3.9334e-18,2.54844e-21,1.72945e-32,7.59556e-06
7792,1.95841e-06,1.59811e-06,1.60222e-07,2.70527e-10,3.24101e-14,5.46963e-19,3.54232e-22,2.40008e-33,3.71701e-06
7793,0,0,0,0,0,0,0,0,0
7794,4.78339e-07,3.90312e-07,3.21801e-08,2.9292e-11,1.40694e-15,8.20424e-21,5.30316e-24,3.56617e-35,9.0086e-07
7795,2.86109e-06,2.33453e-06,2.46461e-07,4.89092e-10,7.38451e-14,1.60314e-18,1.03557e-21,6.94571e-33,5.44256e-06
7796,1.30522e-06,1.06498e-06,1.01047e-07,1.43953e-10,1.3604e-14,1.79124e-19,1.15621e-22,7.73227e-34,2.4714e-06
7797,6.63904e-07,5.41682e-07,4.68353e-08,4.98868e-11,3.09893e-15,2.56624e-20,1.65418e-23,1.10027e-34,1.25247e-06
7798,1.28933e-06,1.05195e-06,9.02683e-08,9.29672e-11,5.30788e-15,3.75237e-20,2.41769e-23,1.60535e-34,2.43164e-06
7799,0,0,0,0,0,0,0,0,0
7800,6.77059e-07,5.52373e-07,4.78276e-08,5.10375e-11,3.14727e-15,2.53847e-20,1.63229e-23,1.07534e-34,1.27731e-06
7801,2.36372e-06,1.92841e-06,1.84124e-07,1.88808e-10,2.29285e-15,7.40063e-18,4.75763e-21,3.13145e-32,4.47644e-06
7802,4.83614e-06,3.94533e-06,4.11821e-07,8.01681e-10,1.21678e-13,2.73167e-18,1.75361e-21,1.14781e-32,9.19409e-06
7803,0,0,0,0,0,0,0,0,0
7804,0,0,0,0,0,0,0,0,0
7805,0,0,0,0,0,0,0,0,0
7806,2.50489e-06,2.04328e-06,2.11764e-07,3.97603e-10,5.56918e-14,1.12075e-18,7.17064e-22,4.63218e-33,4.76033e-06
7807,1.08254e-05,8.83039e-06,1.0917e-06,3.63358e-09,1.16623e-12,5.66997e-17,3.62737e-20,2.34244e-31,2.07511e-05
7808,0,0,0,0,0,0,0,0,0
7809,0,0,0,0,0,0,0,0,0
7810,0,0,0,0,0,0,0,0,0
7811,5.74786e-06,4.68808e-06,4.62234e-07,7.73788e-10,1.00977e-13,2.05275e-18,1.30845e-21,8.32903e-33,1.08989e-05
7812,0,0,0,0,0,0,0,0,0
7813,1.56487e-06,1.27628e-06,1.50479e-07,3.78818e-10,7.01994e-14,1.74634e-18,1.11132e-21,7.0289e-33,2.99201e-06
7814,0,0,0,0,0,0,0,0,0
7815,3.12591e-06,2.54931e-06,2.51452e-07,4.1145e-10,4.85595e-14,8.13014e-19,5.16585e-22,3.24766e-33,5.92709e-06
7816,5.31687e-06,4.33604e-06,4.96222e-07,1.25935e-09,2.62779e-13,7.6318e-18,4.84649e-21,3.0402e-32,1.01504e-05
7817,8.98986e-07,7.33127e-07,6.59707e-08,7.96715e-11,5.90656e-15,5.88262e-20,3.73271e-23,2.33421e-34,1.69816e-06
7818,5.65288e-07,4.60975e-07,3.87404e-08,3.72989e-11,1.90171e-15,1.13545e-20,7.19468e-24,4.4744e-35,1.06504e-06
7819,2.22629e-06,1.81542e-06,1.72586e-07,2.52392e-10,2.49029e-14,3.18611e-19,2.01723e-22,1.25058e-33,4.21455e-06
7820,2.40266e-06,1.95921e-06,1.77201e-07,2.2419e-10,1.90327e-14,2.35099e-19,1.48797e-22,9.21188e-34,4.5393e-06
7821,0,0,0,0,0,0,0,0,0
7822,0,0,0,0,0,0,0,0,0
7823,4.8265e-07,3.93542e-07,3.2257e-08,2.84841e-11,1.2404e-15,5.78055e-21,3.64981e-24,2.2384e-35,9.08478e-07
7824,0,0,0,0,0,0,0,0,0
7825,0,0,0,0,0,0,0,0,0
7826,0,0,0,0,0,0,0,0,0
7827,0,0,0,0,0,0,0,0,0
7828,2.38007e-06,1.94038e-06,1.99127e-07,3.61807e-10,4.76772e-14,8.72145e-19,5.482e-22,3.30333e-33,4.51994e-06
7829,1.16793e-06,9.52143e-07,8.87672e-08,1.20016e-10,1.05041e-14,1.26212e-19,7.92463e-23,4.75483e-34,2.20896e-06
7830,3.05046e-06,2.48681e-06,2.44709e-07,3.99617e-10,4.7775e-14,8.35955e-19,5.24641e-22,3.14226e-33,5.78238e-06
7831,0,0,0,0,0,0,0,0,0
7832,0,0,0,0,0,0,0,0,0
7833,1.9365e-06,1.57856e-06,1.42832e-07,1.72703e-10,1.1862e-14,8.92765e-20,5.58736e-23,3.3101e-34,3.65806e-06
7834,0,0,0,0,0,0,0,0,0
7835,5.06185e-07,4.12603e-07,8.88898e-08,7.58358e-10,4.63198e-13,3.33706e-17,2.0859e-20,1.22972e-31,1.00844e-06
7836,4.37622e-07,3.56707e-07,2.90389e-08,2.56666e-11,1.21196e-15,7.30931e-21,4.56549e-24,2.68381e-35,8.23394e-07
7837,0,0,0,0,0,0,0,0,0
7838,2.72595e-06,2.22182e-06,2.12794e-07,3.15766e-10,3.21613e-14,4.63696e-19,2.89173e-22,1.68939e-33,5.16088e-06
7839,4.00551e-06,3.26465e-06,3.29917e-07,5.8001e-10,7.5636e-14,1.43448e-18,8.93855e-22,5.20553e-33,7.60065e-06
7840,2.24625e-06,1.83072e-06,1.70778e-07,2.33723e-10,2.12769e-14,2.7291e-19,1.69831e-22,9.83917e-34,4.24798e-06
7841,7.12074e-07,5.80337e-07,5.04301e-08,5.45256e-11,3.40431e-15,2.73619e-20,1.70167e-23,9.83468e-35,1.3429e-06
7842,0,0,0,0,0,0,0,0,0
7843,1.22879e-06,1.00142e-06,9.1543e-08,1.07936e-10,5.66213e-15,1.64119e-20,1.01939e-23,5.86244e-35,2.32186e-06
7844,4.1558e-06,3.38666e-06,3.43814e-07,6.13438e-10,8.17792e-14,1.59265e-18,9.87686e-22,5.64503e-33,7.88689e-06
7845,0,0,0,0,0,0,0,0,0
7846,3.46899e-06,2.82684e-06,2.78173e-07,4.45892e-10,4.96478e-14,7.65883e-19,4.74342e-22,2.69718e-33,6.57444e-06
7847,7.16353e-06,5.83729e-06,6.9604e-07,2.02736e-09,5.28179e-13,2.04926e-17,1.26781e-20,7.17812e-32,1.36989e-05
7848,6.37014e-06,5.19069e-06,5.67737e-07,1.29859e-09,2.52559e-13,7.44419e-18,4.60256e-21,2.59948e-32,1.21299e-05
7849,9.2093e-07,7.50395e-07,6.76397e-08,8.24858e-11,6.23297e-15,6.37498e-20,3.93793e-23,2.21623e-34,1.73905e-06
7850,0,0,0,0,0,0,0,0,0
7851,1.81244e-06,1.47674e-06,1.34223e-07,1.69251e-10,1.3382e-14,1.3616e-19,8.39757e-23,4.69686e-34,3.42357e-06
7852,0,0,0,0,0,0,0,0,0
7853,0,0,0,0,0,0,0,0,0
7854,0,0,0,0,0,0,0,0,0
7855,0,0,0,0,0,0,0,0,0
7856,0,0,0,0,0,0,0,0,0
7857,0,0,0,0,0,0,0,0,0
7858,0,0,0,0,0,0,0,0,0
7859,0,0,0,0,0,0,0,0,0
7860,1.60069e-06,1.30393e-06,1.26593e-07,1.94479e-10,2.03256e-14,2.92348e-19,1.79014e-22,9.73455e-34,3.03141e-06
7861,4.53116e-07,3.69095e-07,2.99319e-08,2.56486e-11,1.05789e-15,4.25305e-21,2.60121e-24,1.40796e-35,8.52169e-07
7862,0,0,0,0,0,0,0,0,0
7863,0,0,0,0,0,0,0,0,0
7864,3.13646e-06,2.55471e-06,2.54933e-07,4.39157e-10,5.64367e-14,1.02794e-18,6.27477e-22,3.37052e-33,5.94653e-06
7865,3.97964e-06,3.2414e-06,3.56276e-07,8.06303e-10,1.46528e-13,3.839e-18,2.34102e-21,1.25247e-32,7.57813e-06
7866,4.74236e-07,3.86254e-07,3.16825e-08,2.86199e-11,1.36856e-15,7.9651e-21,4.85355e-24,2.58921e-35,8.92201e-07
7867,4.5191e-06,3.68059e-06,3.94155e-07,8.50482e-10,1.50259e-13,3.85083e-18,2.34414e-21,1.24557e-32,8.5947e-06
7868,0,0,0,0,0,0,0,0,0
7869,1.10618e-06,9.00888e-07,7.75244e-08,6.32025e-11,3.76759e-16,1.23513e-21,7.50678e-25,3.96403e-36,2.08466e-06
7870,0,0,0,0,0,0,0,0,0
7871,1.85218e-06,1.50838e-06,1.48828e-07,2.38624e-10,2.5687e-14,3.57648e-19,2.17086e-22,1.14051e-33,3.50963e-06
7872,8.48888e-06,6.9129e-06,7.75805e-07,1.98907e-09,4.71411e-13,1.72393e-17,1.04503e-20,5.46214e-32,1.61796e-05
7873,0,0,0,0,0,0,0,0,0
7874,1.0042e-05,8.17717e-06,1.0195e-06,3.4223e-09,1.09364e-12,5.29305e-17,3.20299e-20,1.66271e-31,1.92421e-05
7875,0,0,0,0,0,0,0,0,0
7876,1.988e-06,1.61875e-06,1.61876e-07,2.73877e-10,3.31657e-14,5.67983e-19,3.43128e-22,1.76953e-33,3.76889e-06
7877,8.7188e-07,7.0992e-07,6.34023e-08,7.53187e-11,5.48402e-15,5.371e-20,3.2424e-23,1.66746e-34,1.64528e-06
7878,0,0,0,0,0,0,0,0,0
7879,1.08584e-06,8.84088e-07,8.13241e-08,1.05858e-10,8.75614e-15,9.79231e-20,5.902e-23,3.01612e-34,2.05135e-06
7880,0,0,0,0,0,0,0,0,0
7881,0,0,0,0,0,0,0,0,0
7882,6.56607e-06,5.34577e-06,5.78344e-07,1.2634e-09,2.22794e-13,5.65683e-18,3.40279e-21,1.7256e-32,1.24914e-05
7883,4.69724e-07,3.82409e-07,3.1316e-08,2.82644e-11,1.36574e-15,8.28162e-21,4.97457e-24,2.50854e-35,8.83476e-07
7884,1.53785e-06,1.25198e-06,1.19913e-07,1.73724e-10,1.55765e-14,1.63268e-19,9.80411e-23,4.93797e-34,2.90991e-06
7885,0,0,0,0,0,0,0,0,0
7886,1.33711e-06,1.08849e-06,9.41105e-08,1.0178e-10,6.58879e-15,5.79969e-20,3.47646e-23,1.73876e-34,2.51981e-06
7887,9.99555e-07,8.13679e-07,7.29096e-08,8.36214e-11,4.69439e-15,1.64334e-20,9.84287e-24,4.90795e-35,1.88623e-06
7888,0,0,0,0,0,0,0,0,0
7889,3.68584e-06,3.00026e-06,2.7004e-07,3.27938e-10,2.41479e-14,2.26696e-19,1.35535e-22,6.71013e-34,6.95647e-06
7890,2.97788e-06,2.42391e-06,2.33324e-07,3.48868e-10,3.40889e-14,4.16402e-19,2.48735e-22,1.2272e-33,5.63546e-06
7891,1.38698e-06,1.12895e-06,1.07185e-07,1.53668e-10,1.44265e-14,1.80603e-19,1.07842e-22,5.31302e-34,2.62327e-06
7892,4.55267e-06,3.70556e-06,3.76436e-07,6.65392e-10,8.35963e-14,1.41394e-18,8.4316e-22,4.13206e-33,8.63533e-06
7893,0,0,0,0,0,0,0,0,0
7894,1.0373e-06,8.44245e-07,7.68615e-08,9.62019e-11,7.30502e-15,7.0336e-20,4.18707e-23,2.03817e-34,1.9585e-06
7895,0,0,0,0,0,0,0,0,0
7896,0,0,0,0,0,0,0,0,0
7897,1.03948e-06,8.45957e-07,7.03023e-08,6.67227e-11,3.50034e-15,2.36309e-20,1.40347e-23,6.7697e-35,1.95581e-06
7898,2.04696e-06,1.66583e-06,1.5549e-07,2.18234e-10,2.12674e-14,2.97757e-19,1.7668e-22,8.49158e-34,3.8685e-06
7899,4.84223e-06,3.94056e-06,3.84385e-07,6.11665e-10,7.17731e-14,1.24415e-18,7.37865e-22,3.53925e-33,9.16779e-06
7900,2.00063e-06,1.62803e-06,1.61801e-07,2.64963e-10,2.889e-14,3.88501e-19,2.30111e-22,1.09821e-33,3.79073e-06
7901,0,0,0,0,0,0,0,0,0
7902,1.33462e-06,1.08602e-06,1.0264e-07,1.45798e-10,1.37035e-14,1.76467e-19,1.04409e-22,4.96163e-34,2.52342e-06
7903,1.46122e-06,1.189e-06,1.03959e-07,1.16347e-10,7.82318e-15,6.98558e-20,4.12936e-23,1.95538e-34,2.7543e-06
7904,0,0,0,0,0,0,0,0,0
7905,1.47432e-06,1.19959e-06,1.14192e-07,1.63163e-10,1.45619e-14,1.57983e-19,9.31971e-23,4.37785e-34,2.78827e-06
7906,0,0,0,0,0,0,0,0,0
7907,0,0,0,0,0,0,0,0,0
7908,0,0,0,0,0,0,0,0,0
7909,4.96727e-07,4.0413e-07,3.33618e-08,3.11185e-11,1.60724e-15,1.08347e-20,6.3735e-24,2.96078e-35,9.3425e-07
7910,0,0,0,0,0,0,0,0,0
7911,0,0,0,0,0,0,0,0,0
7912,0,0,0,0,0,0,0,0,0
7913,4.79526e-07,3.90095e-07,3.19606e-08,2.89291e-11,1.39678e-15,8.34388e-21,4.89216e-24,2.24348e-35,9.01611e-07
7914,0,0,0,0,0,0,0,0,0
7915,3.41891e-06,2.78112e-06,2.73477e-07,4.4133e-10,4.90792e-14,7.03876e-19,4.11827e-22,1.87304e-33,6.47395e-06
7916,0,0,0,0,0,0,0,0,0
7917,0,0,0,0,0,0,0,0,0
7918,0,0,0,0,0,0,0,0,0
7919,0,0,0,0,0,0,0,0,0
7920,0,0,0,0,0,0,0,0,0
7921,5.49654e-07,4.47052e-07,3.73231e-08,3.59193e-11,1.90572e-15,1.27586e-20,7.43126e-24,3.32053e-35,1.03407e-06
7922,0,0,0,0,0,0,0,0,0
7923,0,0,0,0,0,0,0,0,0
7924,0,0,0,0,0,0,0,0,0
7925,0,0,0,0,0,0,0,0,0
7926,2.85639e-06,2.32289e-06,2.21182e-07,3.21696e-10,3.10252e-14,4.02711e-19,2.33586e-22,1.02684e-33,5.40078e-06
7927,1.04084e-06,8.46429e-07,7.70958e-08,9.7457e-11,7.65075e-15,7.86944e-20,4.56207e-23,2.00121e-34,1.96446e-06
7928,0,0,0,0,0,0,0,0,0
7929,0,0,0,0,0,0,0,0,0
7930,1.08867e-05,8.8524e-06,9.65961e-07,2.1796e-09,4.07554e-13,1.13229e-17,6.5439e-21,2.83605e-32,2.07072e-05
7931,1.11027e-06,9.0279e-07,8.30086e-08,1.0837e-10,8.98959e-15,9.9941e-20,5.7742e-23,2.49949e-34,2.09617e-06
7932,2.28111e-06,1.85478e-06,1.87704e-07,3.28277e-10,4.03481e-14,6.54897e-19,3.78047e-22,1.63092e-33,4.32392e-06
7933,0,0,0,0,0,0,0,0,0
7934,3.49285e-06,2.83991e-06,2.67933e-07,3.89318e-10,4.00747e-14,6.08502e-19,3.50669e-22,1.50276e-33,6.60109e-06
7935,0,0,0,0,0,0,0,0,0
7936,0,0,0,0,0,0,0,0,0
7937,3.78852e-06,3.0801e-06,3.34844e-07,7.37713e-10,1.29412e-13,3.25039e-18,1.869e-21,7.93998e-33,7.2042e-06
7938,1.01571e-05,8.25751e-06,9.55275e-07,2.70874e-09,7.30062e-13,2.95132e-17,1.69509e-20,7.16905e-32,1.93726e-05
7939,1.12619e-06,9.15551e-07,8.42199e-08,1.09887e-10,9.01689e-15,9.69732e-20,5.56549e-23,2.3469e-34,2.12607e-06
7940,0,0,0,0,0,0,0,0,0
7941,0,0,0,0,0,0,0,0,0
7942,9.16558e-07,7.45059e-07,6.65967e-08,7.94061e-11,5.71254e-15,5.30062e-20,3.0334e-23,1.26479e-34,1.72829e-06
7943,4.10462e-06,3.3365e-06,3.66172e-07,8.29116e-10,1.49727e-13,3.80325e-18,2.17455e-21,9.03497e-33,7.80812e-06
7944,4.57582e-06,3.71949e-06,3.80575e-07,7.02778e-10,9.83879e-14,1.9844e-18,1.13432e-21,4.70835e-33,8.67659e-06
7945,0,0,0,0,0,0,0,0,0
7946,8.73883e-07,7.10303e-07,6.31169e-08,7.40837e-11,5.25509e-15,4.87697e-20,2.78263e-23,1.1467e-34,1.64738e-06
7947,0,0,0,0,0,0,0,0,0
7948,1.33203e-06,1.08265e-06,1.01988e-07,1.43987e-10,1.34098e-14,1.69848e-19,9.67849e-23,3.96839e-34,2.51681e-06
7949,8.07227e-06,6.56074e-06,7.516e-07,2.00838e-09,4.76476e-13,1.62741e-17,9.26273e-21,3.78057e-32,1.53866e-05
7950,0,0,0,0,0,0,0,0,0
7951,2.3535e-06,1.91273e-06,1.94602e-07,3.48829e-10,4.54365e-14,8.19668e-19,4.65861e-22,1.89072e-33,4.46118e-06
7952,0,0,0,0,0,0,0,0,0
7953,2.18842e-06,1.77845e-06,1.63171e-07,2.12552e-10,1.77128e-14,2.0004e-19,1.13464e-22,4.56859e-34,4.13025e-06
7954,1.89014e-06,1.53604e-06,1.51749e-07,2.48737e-10,2.87114e-14,4.59937e-19,2.6081e-22,1.04905e-33,3.57818e-06
7955,4.09892e-06,3.33086e-06,3.65656e-07,8.32382e-10,1.53296e-13,4.06263e-18,2.30024e-21,9.1971e-33,7.79627e-06
7956,0,0,0,0,0,0,0,0,0
7957,1.11944e-06,9.09639e-07,8.32913e-08,1.06483e-10,8.23344e-15,7.71457e-20,4.36208e-23,1.73493e-34,2.11248e-06
7958,0,0,0,0,0,0,0,0,0
7959,9.06311e-06,7.36412e-06,8.9739e-07,2.80104e-09,7.806e-13,3.0237e-17,1.70658e-20,6.73902e-32,1.73274e-05
7960,0,0,0,0,0,0,0,0,0
7961,4.38851e-07,3.5657e-07,2.86907e-08,2.44502e-11,1.04914e-15,5.10727e-21,2.87912e-24,1.13162e-35,8.24137e-07
7962,1.65404e-06,1.34388e-06,1.18463e-07,1.3601e-10,9.39839e-15,8.55283e-20,4.81582e-23,1.88411e-34,3.11652e-06
7963,8.46797e-07,6.87986e-07,6.02261e-08,6.55631e-11,3.6453e-15,1.66626e-20,9.37409e-24,3.65504e-35,1.59508e-06
7964,0,0,0,0,0,0,0,0,0
7965,0,0,0,0,0,0,0,0,0
7966,0,0,0,0,0,0,0,0,0
7967,0,0,0,0,0,0,0,0,0
7968,0,0,0,0,0,0,0,0,0
7969,6.92069e-07,5.62186e-07,4.83179e-08,5.1231e-11,3.1441e-15,2.48696e-20,1.39194e-23,5.31877e-35,1.30262e-06
7970,0,0,0,0,0,0,0,0,0
7971,0,0,0,0,0,0,0,0,0
7972,5.03742e-06,4.09179e-06,4.22119e-07,7.96524e-10,1.12587e-13,2.20116e-18,1.22976e-21,4.6659e-33,9.55213e-06
7973,7.83696e-07,6.36553e-07,5.5677e-08,6.25065e-11,4.19402e-15,3.70499e-20,2.06704e-23,7.7999e-35,1.47599e-06
7974,1.89468e-06,1.53892e-06,1.3789e-07,1.65935e-10,1.2019e-14,1.09982e-19,6.13289e-23,2.30963e-34,3.57165e-06
7975,4.51506e-06,3.66716e-06,3.70325e-07,6.49437e-10,8.17014e-14,1.40449e-18,7.82342e-22,2.93396e-33,8.5532e-06
7976,5.7094e-06,4.63709e-06,5.14904e-07,1.25428e-09,2.62067e-13,7.94759e-18,4.42347e-21,1.65365e-32,1.08626e-05
7977,0,0,0,0,0,0,0,0,0
7978,0,0,0,0,0,0,0,0,0
7979,0,0,0,0,0,0,0,0,0
7980,4.02628e-06,3.26975e-06,3.41104e-07,6.87696e-10,1.11891e-13,2.64855e-18,1.46914e-21,5.41949e-33,7.63782e-06
7981,5.01521e-07,4.07281e-07,3.34767e-08,3.09238e-11,1.55976e-15,9.96406e-21,5.52522e-24,2.03559e-35,9.42309e-07
7982,0,0,0,0,0,0,0,0,0
7983,0,0,0,0,0,0,0,0,0
7984,2.8861e-06,2.34357e-06,2.44878e-07,4.79666e-10,7.15446e-14,1.51279e-18,8.36508e-22,3.048e-33,5.47503e-06
7985,0,0,0,0,0,0,0,0,0
7986,0,0,0,0,0,0,0,0,0
7987,0,0,0,0,0,0,0,0,0
7988,0,0,0,0,0,0,0,0,0
7989,4.98441e-07,4.04695e-07,3.31847e-08,3.03641e-11,1.49588e-15,9.12968e-21,5.02859e-24,1.8043e-35,9.36351e-07
7990,0,0,0,0,0,0,0,0,0
7991,0,0,0,0,0,0,0,0,0
7992,0,0,0,0,0,0,0,0,0
7993,5.03811e-07,4.09017e-07,3.35328e-08,3.05464e-11,1.47052e-15,8.41017e-21,4.61856e-24,1.63798e-35,9.46391e-07
7994,7.33765e-07,5.95676e-07,5.12897e-08,5.41146e-11,3.14237e-15,2.10837e-20,1.15609e-23,4.07584e-35,1.38079e-06
7995,1.59222e-05,1.29256e-05,1.61768e-06,5.75242e-09,2.10061e-12,1.18805e-16,6.51084e-20,2.29033e-31,3.04713e-05
7996,1.22023e-06,9.90552e-07,8.36359e-08,8.43325e-11,4.86277e-15,3.64793e-20,1.9978e-23,7.00894e-35,2.2945e-06
7997,0,0,0,0,0,0,0,0,0
7998,1.18434e-06,9.61363e-07,8.07926e-08,8.01929e-11,4.49918e-15,3.24638e-20,1.77445e-23,6.17827e-35,2.22658e-06
7999,7.91355e-06,6.42347e-06,7.25885e-07,1.87586e-09,4.35416e-13,1.51324e-17,8.26345e-21,2.86645e-32,1.50648e-05
8000,0,0,0,0,0,0,0,0,0
8001,1.95195e-06,1.58435e-06,1.43818e-07,1.84022e-10,1.53402e-14,1.76974e-19,9.65473e-23,3.33632e-34,3.6803e-06
8002,3.08094e-06,2.50067e-06,2.3924e-07,3.55311e-10,3.52682e-14,4.68018e-19,2.55117e-22,8.78775e-34,5.82121e-06
8003,7.69144e-07,6.24261e-07,5.43459e-08,6.02492e-11,3.96132e-15,3.39429e-20,1.84817e-23,6.33847e-35,1.44781e-06
8004,1.09833e-06,8.91426e-07,8.12183e-08,1.02882e-10,7.92712e-15,7.56806e-20,4.11862e-23,1.40962e-34,2.07108e-06
8005,0,0,0,0,0,0,0,0,0
8006,0,0,0,0,0,0,0,0,0
8007,2.43079e-06,1.9727e-06,2.00792e-07,3.61913e-10,4.73431e-14,8.45828e-19,4.59061e-22,1.5545e-33,4.60465e-06
8008,8.11314e-07,6.58397e-07,5.76903e-08,6.52096e-11,4.38689e-15,3.814e-20,2.06754e-23,6.96877e-35,1.52747e-06
8009,7.25362e-07,5.88638e-07,5.08209e-08,5.49446e-11,3.48903e-15,2.88382e-20,1.56265e-23,5.25847e-35,1.36488e-06
8010,7.29937e-06,5.92337e-06,6.54729e-07,1.54636e-09,2.92218e-13,6.92756e-18,3.75106e-21,1.25862e-32,1.3879e-05
8011,2.59399e-06,2.10492e-06,1.97485e-07,2.7808e-10,2.60385e-14,3.32195e-19,1.79664e-22,6.00082e-34,4.89668e-06
8012,1.37189e-06,1.11321e-06,1.04896e-07,1.49246e-10,1.41048e-14,1.81154e-19,9.79132e-23,3.2622e-34,2.59014e-06
8013,0,0,0,0,0,0,0,0,0
8014,0,0,0,0,0,0,0,0,0
8015,7.78346e-07,6.31535e-07,5.50842e-08,6.1677e-11,4.15501e-15,3.7192e-20,2.0051e-23,6.61396e-35,1.46503e-06
8016,6.67266e-07,5.4139e-07,4.58684e-08,4.58161e-11,2.38082e-15,1.25366e-20,6.75173e-24,2.21805e-35,1.25457e-06
8017,5.2105e-07,4.22751e-07,3.48197e-08,3.23944e-11,1.6336e-15,1.01303e-20,5.45372e-24,1.78894e-35,9.78653e-07
8018,0,0,0,0,0,0,0,0,0
8019,7.40698e-07,6.00935e-07,5.20423e-08,5.69829e-11,3.71277e-15,3.19462e-20,1.71741e-23,5.60219e-35,1.39373e-06
8020,1.49322e-06,1.21142e-06,1.15113e-07,1.67058e-10,1.58403e-14,1.94818e-19,1.04597e-22,3.3946e-34,2.81992e-06
8021,0,0,0,0,0,0,0,0,0
8022,0,0,0,0,0,0,0,0,0
8023,0,0,0,0,0,0,0,0,0
8024,6.3914e-07,5.18466e-07,4.38795e-08,4.44401e-11,2.52788e-15,1.7897e-20,9.57698e-24,3.0679e-35,1.20153e-06
8025,5.80175e-07,4.70628e-07,3.92764e-08,3.80021e-11,2.01132e-15,1.30093e-20,6.95886e-24,2.22585e-35,1.09012e-06
8026,4.61052e-06,3.73984e-06,3.77316e-07,6.59523e-10,8.14103e-14,1.36571e-18,7.29546e-22,2.3211e-33,8.72834e-06
8027,8.59238e-07,6.96958e-07,6.11001e-08,6.81108e-11,4.21637e-15,2.93615e-20,1.5676e-23,4.97679e-35,1.61736e-06
8028,0,0,0,0,0,0,0,0,0
8029,1.27555e-06,1.03457e-06,9.59972e-08,1.28774e-10,1.06582e-14,1.05891e-19,5.64195e-23,1.77687e-34,2.40625e-06
8030,0,0,0,0,0,0,0,0,0
8031,1.30267e-05,1.05654e-05,1.28667e-06,4.21715e-09,1.36966e-12,6.78183e-17,3.60956e-20,1.13206e-31,2.4883e-05
8032,0,0,0,0,0,0,0,0,0
8033,0,0,0,0,0,0,0,0,0
8034,1.02828e-06,8.33935e-07,7.51221e-08,9.19776e-11,6.71415e-15,5.9402e-20,3.1542e-23,9.80175e-35,1.93743e-06
8035,0,0,0,0,0,0,0,0,0
8036,1.18223e-06,9.58735e-07,8.81782e-08,1.15831e-10,9.54093e-15,1.00547e-19,5.3295e-23,1.64462e-34,2.22926e-06
8037,4.14637e-06,3.36244e-06,3.66898e-07,8.20252e-10,1.43759e-13,3.41179e-18,1.80729e-21,5.56342e-33,7.87652e-06
8038,1.40837e-06,1.14207e-06,1.07798e-07,1.54444e-10,1.47071e-14,1.89009e-19,1.00042e-22,3.06995e-34,2.65839e-06
8039,0,0,0,0,0,0,0,0,0
8040,5.89427e-07,4.77945e-07,4.00503e-08,3.96149e-11,2.22555e-15,1.61689e-20,8.54045e-24,2.59959e-35,1.10746e-06
8041,2.81247e-06,2.28049e-06,2.35733e-07,4.44397e-10,6.05809e-14,1.078e-18,5.69038e-22,1.72775e-33,5.32913e-06
8042,0,0,0,0,0,0,0,0,0
8043,5.52222e-06,4.47741e-06,4.70441e-07,1.00107e-09,1.82604e-13,4.93751e-18,2.6012e-21,7.83693e-33,1.04711e-05
8044,0,0,0,0,0,0,0,0,0
8045,0,0,0,0,0,0,0,0,0
8046,0,0,0,0,0,0,0,0,0
8047,1.0909e-06,8.84411e-07,7.28072e-08,6.66456e-11,3.03593e-15,1.3811e-20,7.25307e-24,2.15833e-35,2.04818e-06
8048,0,0,0,0,0,0,0,0,0
8049,6.28876e-07,5.09813e-07,4.30429e-08,4.35306e-11,2.50517e-15,1.83773e-20,9.63368e-24,2.84642e-35,1.18178e-06
8050,0,0,0,0,0,0,0,0,0
8051,0,0,0,0,0,0,0,0,0
8052,1.82736e-06,1.4813e-06,1.31913e-07,1.55197e-10,1.00453e-14,6.0235e-20,3.15108e-23,9.23486e-35,3.44073e-06
8053,0,0,0,0,0,0,0,0,0
8054,5.18808e-06,4.20532e-06,4.73599e-07,1.17712e-09,2.45111e-13,7.29369e-18,3.80824e-21,1.10769e-32,9.86817e-06
8055,5.42367e-06,4.39621e-06,4.52918e-07,9.04179e-10,1.51855e-13,3.80635e-18,1.98637e-21,5.76593e-33,1.02737e-05
8056,0,0,0,0,0,0,0,0,0
8057,4.71808e-07,3.82408e-07,3.07153e-08,2.58268e-11,1.01309e-15,3.62511e-21,1.88848e-24,5.44422e-36,8.84956e-07
8058,9.53904e-07,7.73137e-07,6.9071e-08,8.34218e-11,6.19907e-15,6.0271e-20,3.13756e-23,9.01997e-35,1.7962e-06
8059,0,0,0,0,0,0,0,0,0
8060,0,0,0,0,0,0,0,0,0
8061,0,0,0,0,0,0,0,0,0
8062,0,0,0,0,0,0,0,0,0
8063,0,0,0,0,0,0,0,0,0
8064,1.32751e-06,1.07578e-06,1.00593e-07,1.40448e-10,1.29376e-14,1.60948e-19,8.33787e-23,2.35162e-34,2.50402e-06
8065,0,0,0,0,0,0,0,0,0
8066,2.04828e-06,1.65979e-06,1.64564e-07,2.75434e-10,3.26973e-14,5.30398e-19,2.74326e-22,7.68795e-34,3.87292e-06
8067,0,0,0,0,0,0,0,0,0
8068,1.45703e-06,1.18061e-06,1.00677e-07,1.02377e-10,5.28698e-15,2.49957e-20,1.29031e-23,3.58892e-35,2.73842e-06
8069,6.99019e-07,5.66393e-07,4.84964e-08,5.14564e-11,3.19908e-15,2.58998e-20,1.33602e-23,3.70553e-35,1.31396e-06
8070,0,0,0,0,0,0,0,0,0
8071,6.58902e-06,5.33854e-06,6.20873e-07,1.71137e-09,4.15387e-13,1.47077e-17,7.5718e-21,2.08377e-32,1.25501e-05
8072,2.29102e-06,1.85618e-06,1.71921e-07,2.35276e-10,2.1164e-14,2.49172e-19,1.28192e-22,3.51851e-34,4.31935e-06
8073,0,0,0,0,0,0,0,0,0
8074,0,0,0,0,0,0,0,0,0
8075,0,0,0,0,0,0,0,0,0
8076,3.32835e-06,2.69639e-06,2.84942e-07,5.79253e-10,8.90127e-14,1.83493e-18,9.41314e-22,2.55464e-33,6.31026e-06
8077,1.04676e-06,8.47988e-07,7.66943e-08,9.66191e-11,7.68242e-15,8.12636e-20,4.16526e-23,1.12665e-34,1.97154e-06
8078,2.94608e-06,2.38659e-06,2.48375e-07,4.83494e-10,7.09193e-14,1.43379e-18,7.34389e-22,1.98094e-33,5.58153e-06
8079,3.39281e-06,2.74839e-06,2.91565e-07,6.02541e-10,9.62309e-14,2.13247e-18,1.09113e-21,2.93139e-33,6.43337e-06
8080,2.54452e-05,2.06116e-05,2.82828e-06,1.32477e-08,6.79999e-12,5.19228e-16,2.65415e-19,7.10306e-31,4.88983e-05
8081,4.93796e-07,3.99983e-07,3.25777e-08,2.94676e-11,1.43343e-15,8.5751e-21,4.37962e-24,1.16817e-35,9.26386e-07
8082,0,0,0,0,0,0,0,0,0
8083,1.23805e-06,1.00279e-06,9.27297e-08,1.25148e-10,1.09457e-14,1.27609e-19,6.50687e-23,1.72451e-34,2.33369e-06
8084,1.46683e-06,1.18807e-06,1.11182e-07,1.50537e-10,1.14386e-14,7.49282e-20,3.81794e-23,1.00905e-34,2.76623e-06
8085,0,0,0,0,0,0,0,0,0
8086,0,0,0,0,0,0,0,0,0
8087,0,0,0,0,0,0,0,0,0
8088,0,0,0,0,0,0,0,0,0
8089,0,0,0,0,0,0,0,0,0
8090,0,0,0,0,0,0,0,0,0
8091,7.88933e-06,6.3889e-06,7.59436e-07,2.2355e-09,5.87174e-13,2.1952e-17,1.1122e-20,2.87439e-32,1.50399e-05
8092,0,0,0,0,0,0,0,0,0
8093,8.60347e-07,6.96686e-07,6.11715e-08,7.00341e-11,4.77732e-15,4.14212e-20,2.09508e-23,5.37888e-35,1.61827e-06
8094,0,0,0,0,0,0,0,0,0
8095,0,0,0,0,0,0,0,0,0
8096,0,0,0,0,0,0,0,0,0
8097,0,0,0,0,0,0,0,0,0
8098,3.10742e-06,2.51597e-06,2.63429e-07,5.23675e-10,7.92214e-14,1.65474e-18,8.33381e-22,2.10386e-33,5.88734e-06
8099,0,0,0,0,0,0,0,0,0
8100,0,0,0,0,0,0,0,0,0
8101,8.51321e-06,6.89229e-06,7.25376e-07,1.49764e-09,2.50584e-13,6.12851e-18,3.0784e-21,7.69127e-33,1.61324e-05
8102,0,0,0,0,0,0,0,0,0
8103,0,0,0,0,0,0,0,0,0
8104,4.08451e-06,3.30661e-06,3.12227e-07,4.55354e-10,4.54048e-14,6.17665e-19,3.09655e-22,7.67775e-34,7.70381e-06
8105,5.77978e-07,4.67886e-07,3.88954e-08,3.76338e-11,2.02697e-15,1.36784e-20,6.84977e-24,1.69094e-35,1.0848e-06
8106,1.24837e-06,1.01057e-06,9.33891e-08,1.2594e-10,1.09698e-14,1.26253e-19,6.31886e-23,1.55644e-34,2.35246e-06
8107,5.36745e-06,4.34488e-06,4.88641e-07,1.20601e-09,2.41708e-13,6.455e-18,3.22794e-21,7.92452e-33,1.02022e-05
8108,1.25208e-06,1.0135e-06,9.32772e-08,1.22718e-10,9.85827e-15,9.43588e-20,4.71205e-23,1.15053e-34,2.35898e-06
8109,0,0,0,0,0,0,0,0,0
8110,1.14082e-06,9.23397e-07,8.37716e-08,1.04908e-10,7.70448e-15,6.37455e-20,3.1783e-23,7.71261e-35,2.1481e-06
8111,0,0,0,0,0,0,0,0,0
8112,1.82287e-06,1.47538e-06,1.43585e-07,2.27941e-10,2.51685e-14,3.77328e-19,1.87856e-22,4.53234e-34,3.44206e-06
8113,2.49043e-06,2.01563e-06,1.87659e-07,2.62354e-10,2.47937e-14,3.22922e-19,1.60598e-22,3.85843e-34,4.69398e-06
8114,3.09029e-06,2.50108e-06,2.2627e-07,2.87811e-10,2.34201e-14,2.53797e-19,1.26168e-22,3.02627e-34,5.81792e-06
8115,1.10813e-06,8.96834e-07,7.44148e-08,7.22749e-11,4.02189e-15,2.93977e-20,1.46033e-23,3.49256e-35,2.07945e-06
8116,0,0,0,0,0,0,0,0,0
8117,5.41532e-07,4.38245e-07,3.59012e-08,3.27333e-11,1.52519e-15,7.56181e-21,3.74889e-24,8.89633e-36,1.01571e-06
8118,0,0,0,0,0,0,0,0,0
8119,7.07213e-07,5.72294e-07,4.86302e-08,4.97581e-11,2.74767e-15,1.66916e-20,8.26056e-24,1.94675e-35,1.32819e-06
8120,6.28095e-06,5.08268e-06,5.85462e-07,1.57314e-09,3.683e-13,1.24683e-17,6.16973e-21,1.4533e-32,1.19507e-05
8121,6.19249e-06,5.01087e-06,5.34027e-07,1.14837e-09,2.01591e-13,5.01399e-18,2.47761e-21,5.80412e-33,1.17385e-05
8122,2.34113e-06,1.89437e-06,1.90609e-07,3.35844e-10,4.29476e-14,7.51138e-19,3.70897e-22,8.66385e-34,4.42644e-06
8123,0,0,0,0,0,0,0,0,0
8124,0,0,0,0,0,0,0,0,0
8125,6.53259e-07,5.28553e-07,4.46727e-08,4.57395e-11,2.69933e-15,2.04483e-20,1.00705e-23,2.32827e-35,1.22653e-06
8126,0,0,0,0,0,0,0,0,0
8127,1.89359e-06,1.53203e-06,1.37998e-07,1.75206e-10,1.45841e-14,1.6664e-19,8.19388e-23,1.88272e-34,3.56379e-06
8128,4.73909e-06,3.83413e-06,3.74048e-07,6.11581e-10,7.29546e-14,1.21721e-18,5.98094e-22,1.37044e-33,8.94788e-06
8129,0,0,0,0,0,0,0,0,0
8130,6.15639e-07,4.98056e-07,4.15662e-08,4.0437e-11,2.11798e-15,1.27282e-20,6.24484e-24,1.42252e-35,1.1553e-06
8131,1.28421e-06,1.03891e-06,9.60807e-08,1.29648e-10,1.11462e-14,1.22929e-19,6.02689e-23,1.36894e-34,2.41934e-06
8132,0,0,0,0,0,0,0,0,0
8133,1.27453e-06,1.03102e-06,9.54108e-08,1.29655e-10,1.14493e-14,1.33867e-19,6.54999e-23,1.47611e-34,2.40109e-06
8134,1.6522e-06,1.3365e-06,1.16601e-07,1.31917e-10,8.97493e-15,7.91484e-20,3.86982e-23,8.69587e-35,3.10543e-06
8135,0,0,0,0,0,0,0,0,0
8136,5.40266e-06,4.37011e-06,4.91806e-07,1.22545e-09,2.53628e-13,7.28128e-18,3.55449e-21,7.9384e-33,1.02658e-05
8137,1.12518e-06,9.10119e-07,8.28189e-08,1.06963e-10,8.82289e-15,9.65877e-20,4.71212e-23,1.04976e-34,2.11823e-06
8138,1.28466e-06,1.03909e-06,9.61625e-08,1.30497e-10,1.14211e-14,1.3044e-19,6.35744e-23,1.4109e-34,2.42004e-06
8139,1.70489e-06,1.37894e-06,1.32533e-07,2.01978e-10,2.07196e-14,2.77799e-19,1.35262e-22,2.99032e-34,3.21656e-06
8140,6.3426e-07,5.12985e-07,4.31452e-08,4.35783e-11,2.52523e-15,1.87666e-20,9.12941e-24,2.01119e-35,1.19043e-06
8141,4.19196e-06,3.39036e-06,3.25789e-07,5.13728e-10,5.97747e-14,9.98959e-19,4.85661e-22,1.06728e-33,7.90862e-06
8142,0,0,0,0,0,0,0,0,0
8143,0,0,0,0,0,0,0,0,0
8144,8.17997e-07,6.61525e-07,5.75297e-08,6.43239e-11,4.26488e-15,3.59522e-20,1.74346e-23,3.79348e-35,1.53712e-06
8145,6.01543e-06,4.86466e-06,4.96393e-07,9.59018e-10,1.5311e-13,3.64223e-18,1.76527e-21,3.83249e-33,1.13774e-05
8146,0,0,0,0,0,0,0,0,0
8147,4.3977e-07,3.55618e-07,2.83875e-08,2.42623e-11,1.08868e-15,5.92286e-21,2.86455e-24,6.16764e-36,8.238e-07
8148,1.97371e-06,1.59602e-06,1.42738e-07,1.74326e-10,1.30142e-14,1.20472e-19,5.8247e-23,1.25256e-34,3.71264e-06
8149,9.43579e-07,7.62984e-07,6.71175e-08,7.60213e-11,4.66181e-15,2.78827e-20,1.34643e-23,2.88126e-35,1.77376e-06
8150,1.81951e-06,1.47124e-06,1.42677e-07,2.24274e-10,2.4218e-14,3.47277e-19,1.67609e-22,3.57934e-34,3.43365e-06
8151,0,0,0,0,0,0,0,0,0
8152,0,0,0,0,0,0,0,0,0
8153,2.40079e-06,1.94111e-06,1.95527e-07,3.46334e-10,4.44806e-14,7.74095e-19,3.72667e-22,7.88003e-34,4.53778e-06
8154,0,0,0,0,0,0,0,0,0
8155,4.81605e-07,3.89369e-07,3.15014e-08,2.82107e-11,1.37346e-15,8.39479e-21,4.03358e-24,8.46404e-36,9.02503e-07
8156,8.93983e-07,7.22762e-07,6.36693e-08,7.44792e-11,5.34258e-15,5.02963e-20,2.416e-23,5.06416e-35,1.68049e-06
8157,0,0,0,0,0,0,0,0,0
8158,0,0,0,0,0,0,0,0,0
8159,4.89076e-07,3.95378e-07,3.07427e-08,2.08142e-11,2.13652e-16,4.65496e-21,2.23097e-24,4.63494e-36,9.15218e-07
8160,3.92339e-06,3.17163e-06,3.21905e-07,6.05049e-10,9.0024e-14,1.92697e-18,9.22633e-22,1.90946e-33,7.41753e-06
8161,0,0,0,0,0,0,0,0,0
8162,0,0,0,0,0,0,0,0,0
8163,1.102e-06,8.90782e-07,7.30981e-08,6.77136e-11,3.34304e-15,2.02906e-20,9.69237e-24,1.98754e-35,2.06595e-06
8164,0,0,0,0,0,0,0,0,0
8165,0,0,0,0,0,0,0,0,0
8166,0,0,0,0,0,0,0,0,0
8167,1.23321e-06,9.96736e-07,8.16894e-08,7.04293e-11,2.1069e-15,1.04387e-20,4.96832e-24,1.00443e-35,2.31171e-06
8168,0,0,0,0,0,0,0,0,0
8169,1.29111e-06,1.04347e-06,8.48718e-08,3.36109e-11,1.88646e-14,5.65058e-18,2.68502e-21,5.39348e-33,2.41948e-06
8170,2.05128e-06,1.65781e-06,1.49212e-07,1.86688e-10,1.4461e-14,1.38227e-19,6.56323e-23,1.31446e-34,3.85848e-06
8171,0,0,0,0,0,0,0,0,0
8172,7.34854e-07,5.93859e-07,5.08906e-08,5.47452e-11,3.49249e-15,2.90135e-20,1.37481e-23,2.73145e-35,1.37966e-06
8173,1.62202e-05,1.31078e-05,1.63488e-06,5.83342e-09,2.11227e-12,1.12823e-16,5.34177e-20,1.05791e-31,3.09687e-05
8174,1.03615e-05,8.37305e-06,1.02857e-06,3.38995e-09,1.05726e-12,4.80982e-17,2.27529e-20,4.49063e-32,1.97665e-05
8175,0,0,0,0,0,0,0,0,0
8176,0,0,0,0,0,0,0,0,0
8177,4.9484e-07,3.99847e-07,3.23177e-08,2.8655e-11,1.33274e-15,7.28619e-21,3.43898e-24,6.72754e-36,9.27034e-07
8178,0,0,0,0,0,0,0,0,0
8179,0,0,0,0,0,0,0,0,0
8180,0,0,0,0,0,0,0,0,0
8181,0,0,0,0,0,0,0,0,0
8182,0,0,0,0,0,0,0,0,0
8183,4.40012e-07,3.55489e-07,2.83439e-08,2.42852e-11,1.10498e-15,6.19831e-21,2.91087e-24,5.58321e-36,8.2387e-07
8184,6.15922e-07,4.97602e-07,4.04644e-08,3.35638e-11,8.29579e-16,6.34421e-22,2.97838e-25,5.70503e-37,1.15402e-06
8185,1.33666e-06,1.07985e-06,9.12386e-08,9.38912e-11,5.58988e-15,4.25111e-20,1.99331e-23,3.79991e-35,2.50784e-06
8186,0,0,0,0,0,0,0,0,0
8187,1.90726e-06,1.54076e-06,1.36892e-07,1.65118e-10,1.2417e-14,1.23903e-19,5.80273e-23,1.10098e-34,3.58508e-06
8188,0,0,0,0,0,0,0,0,0
8189,2.58441e-06,2.08764e-06,2.1117e-07,3.76258e-10,4.67578e-14,7.09016e-19,3.31341e-22,6.23394e-34,4.8836e-06
8190,0,0,0,0,0,0,0,0,0
8191,0,0,0,0,0,0,0,0,0
8192,0,0,0,0,0,0,0,0,0
8193,7.40311e-07,5.97954e-07,5.08862e-08,5.26625e-11,2.95914e-15,1.82718e-20,8.51233e-24,1.58204e-35,1.3892e-06
8194,8.37955e-07,6.768e-07,5.86279e-08,6.43115e-11,3.97147e-15,2.79489e-20,1.30075e-23,2.40791e-35,1.57345e-06
8195,0,0,0,0,0,0,0,0,0
8196,1.58391e-05,1.27925e-05,1.49041e-06,4.49591e-09,1.38085e-12,6.52069e-17,3.03152e-20,5.58854e-32,3.01266e-05
8197,0,0,0,0,0,0,0,0,0
8198,1.82841e-06,1.47662e-06,1.4272e-07,2.22418e-10,2.35115e-14,3.21841e-19,1.4931e-22,2.7297e-34,3.44797e-06
8199,1.08985e-06,8.80154e-07,7.93327e-08,9.9694e-11,7.81616e-15,7.85635e-20,3.64334e-23,6.65059e-35,2.04944e-06
8200,2.3877e-06,1.92822e-06,1.93521e-07,3.40462e-10,4.33524e-14,7.44391e-19,3.44801e-22,6.26489e-34,4.50978e-06
8201,0,0,0,0,0,0,0,0,0
8202,1.40096e-06,1.1313e-06,1.05513e-07,1.47579e-10,1.34928e-14,1.60406e-19,7.4171e-23,1.33849e-34,2.63792e-06
8203,8.04697e-07,6.498e-07,5.6171e-08,6.19583e-11,4.02696e-15,3.29144e-20,1.52145e-23,2.74212e-35,1.51073e-06
8204,8.01334e-07,6.47064e-07,5.59729e-08,6.21078e-11,4.12507e-15,3.53945e-20,1.63435e-23,2.93327e-35,1.50443e-06
8205,0,0,0,0,0,0,0,0,0
8206,0,0,0,0,0,0,0,0,0
8207,1.13406e-06,9.15662e-07,8.30249e-08,1.06674e-10,8.72294e-15,9.35475e-20,4.30812e-23,7.65177e-35,2.13286e-06
8208,2.29613e-06,1.85388e-06,1.69829e-07,2.25796e-10,1.90087e-14,1.94934e-19,8.96865e-23,1.58698e-34,4.32006e-06
8209,0,0,0,0,0,0,0,0,0
8210,3.25533e-06,2.62822e-06,2.36792e-07,2.9816e-10,2.36342e-14,2.4382e-19,1.12025e-22,1.97162e-34,6.12064e-06
8211,0,0,0,0,0,0,0,0,0
8212,0,0,0,0,0,0,0,0,0
8213,0,0,0,0,0,0,0,0,0
8214,0,0,0,0,0,0,0,0,0
8215,0,0,0,0,0,0,0,0,0
8216,1.21727e-06,9.82622e-07,8.98946e-08,1.18796e-10,1.00949e-14,1.12367e-19,5.13693e-23,8.86417e-35,2.28991e-06
8217,0,0,0,0,0,0,0,0,0
8218,4.45583e-07,3.59673e-07,2.86235e-08,2.43589e-11,1.08049e-15,5.66489e-21,2.58615e-24,4.43834e-36,8.33904e-07
8219,0,0,0,0,0,0,0,0,0
8220,0,0,0,0,0,0,0,0,0
8221,2.24147e-06,1.80917e-06,1.79768e-07,3.07108e-10,3.74836e-14,6.12554e-19,2.78988e-22,4.74396e-34,4.23072e-06
8222,0,0,0,0,0,0,0,0,0
8223,0,0,0,0,0,0,0,0,0
8224,0,0,0,0,0,0,0,0,0
8225,0,0,0,0,0,0,0,0,0
8226,0,0,0,0,0,0,0,0,0
8227,8.28972e-07,6.68988e-07,5.78621e-08,6.37213e-11,4.04506e-15,3.06582e-20,1.38919e-23,2.31507e-35,1.55589e-06
8228,0,0,0,0,0,0,0,0,0
8229,9.88796e-07,7.97932e-07,7.09133e-08,8.57674e-11,6.43652e-15,6.27703e-20,2.84016e-23,4.70634e-35,1.85773e-06
8230,5.42063e-07,4.37417e-07,3.56725e-08,3.26681e-11,1.58794e-15,8.99126e-21,4.06424e-24,6.7086e-36,1.01519e-06
8231,2.87282e-06,2.31812e-06,2.38306e-07,4.54052e-10,6.52452e-14,1.2884e-18,5.81628e-22,9.55173e-34,5.4297e-06
8232,0,0,0,0,0,0,0,0,0
8233,1.33098e-06,1.07396e-06,9.87823e-08,1.30767e-10,1.04427e-14,9.35278e-20,4.21821e-23,6.90176e-35,2.50385e-06
8234,2.59919e-06,2.09718e-06,1.97477e-07,2.91713e-10,2.98332e-14,4.01568e-19,1.80873e-22,2.94411e-34,4.89413e-06
8235,0,0,0,0,0,0,0,0,0
8236,0,0,0,0,0,0,0,0,0
8237,1.28948e-06,1.04036e-06,9.57903e-08,1.29357e-10,1.13258e-14,1.29633e-19,5.82588e-23,9.40005e-35,2.42576e-06
8238,0,0,0,0,0,0,0,0,0
8239,6.05166e-07,4.88228e-07,4.05421e-08,3.97008e-11,2.20058e-15,1.53838e-20,6.9035e-24,1.10744e-35,1.13398e-06
8240,0,0,0,0,0,0,0,0,0
8241,6.43655e-07,5.19254e-07,4.30919e-08,4.09942e-11,1.9424e-15,8.25237e-21,3.69743e-24,5.89479e-36,1.20604e-06
8242,0,0,0,0,0,0,0,0,0
8243,0,0,0,0,0,0,0,0,0
8244,0,0,0,0,0,0,0,0,0
8245,0,0,0,0,0,0,0,0,0
8246,0,0,0,0,0,0,0,0,0
8247,0,0,0,0,0,0,0,0,0
8248,6.0441e-07,4.87497e-07,4.04171e-08,3.9332e-11,2.14407e-15,1.44841e-20,6.44803e-24,1.0024e-35,1.13236e-06
8249,5.81671e-07,4.69153e-07,3.87487e-08,3.74128e-11,2.04481e-15,1.42135e-20,6.32597e-24,9.82458e-36,1.08961e-06
8250,0,0,0,0,0,0,0,0,0
8251,0,0,0,0,0,0,0,0,0
8252,4.59111e-07,3.70269e-07,2.9564e-08,2.56036e-11,1.18339e-15,6.69924e-21,2.97344e-24,4.56831e-36,8.58969e-07
8253,0,0,0,0,0,0,0,0,0
8254,0,0,0,0,0,0,0,0,0
8255,0,0,0,0,0,0,0,0,0
8256,0,0,0,0,0,0,0,0,0
8257,1.90661e-06,1.53746e-06,1.49104e-07,2.3706e-10,2.61611e-14,3.82838e-19,1.69178e-22,2.55479e-34,3.59341e-06
8258,6.83911e-07,5.51482e-07,4.63477e-08,4.67353e-11,2.60024e-15,1.67329e-20,7.38949e-24,1.113e-35,1.28179e-06
8259,0,0,0,0,0,0,0,0,0
8260,1.18656e-06,9.56768e-07,8.6988e-08,1.13221e-10,9.4206e-15,1.0202e-19,4.50057e-23,6.75049e-35,2.23043e-06
8261,0,0,0,0,0,0,0,0,0
8262,0,0,0,0,0,0,0,0,0
8263,0,0,0,0,0,0,0,0,0
8264,0,0,0,0,0,0,0,0,0
8265,6.83834e-07,5.51327e-07,4.29829e-08,2.36104e-11,3.22837e-16,2.46837e-19,1.08417e-22,1.59851e-34,1.27817e-06
8266,2.1314e-06,1.71833e-06,1.68739e-07,2.77464e-10,3.14254e-14,4.51981e-19,1.98284e-22,2.90982e-34,4.01875e-06
8267,0,0,0,0,0,0,0,0,0
8268,0,0,0,0,0,0,0,0,0
8269,1.28262e-06,1.03397e-06,9.49308e-08,1.27416e-10,1.1055e-14,1.24718e-19,5.45843e-23,7.93616e-35,2.41165e-06
8270,8.84838e-07,7.13297e-07,6.22652e-08,7.14523e-11,4.9682e-15,4.42545e-20,1.93632e-23,2.81219e-35,1.66047e-06
8271,0,0,0,0,0,0,0,0,0
8272,2.154e-06,1.7363e-06,1.69991e-07,2.73802e-10,2.87625e-14,3.43616e-19,1.50049e-22,2.16233e-34,4.06057e-06
8273,0,0,0,0,0,0,0,0,0
8274,1.36656e-06,1.10151e-06,1.0188e-07,1.39586e-10,1.23452e-14,1.39253e-19,6.07257e-23,8.7043e-35,2.57009e-06
8275,4.96867e-07,4.00481e-07,3.21973e-08,2.83635e-11,1.31257e-15,7.10464e-21,3.09374e-24,4.40948e-36,9.29574e-07
8276,4.64868e-07,3.74682e-07,2.99423e-08,2.61092e-11,1.22713e-15,7.14682e-21,3.11001e-24,4.42089e-36,8.69518e-07
8277,1.3789e-06,1.11136e-06,9.2844e-08,8.99721e-11,4.31129e-15,2.04081e-20,8.87263e-24,1.2567e-35,2.58319e-06
8278,0,0,0,0,0,0,0,0,0
8279,0,0,0,0,0,0,0,0,0
8280,6.05777e-07,4.88205e-07,4.02771e-08,3.83608e-11,1.95951e-15,1.14178e-20,4.9525e-24,6.95083e-36,1.1343e-06
8281,1.96315e-06,1.58209e-06,1.4055e-07,1.71612e-10,1.32493e-14,1.34797e-19,5.84163e-23,8.17005e-35,3.68596e-06
8282,9.30666e-07,7.50006e-07,6.58475e-08,7.69429e-11,5.47184e-15,4.95726e-20,2.14735e-23,2.99802e-35,1.7466e-06
8283,7.75195e-07,6.24699e-07,5.31848e-08,5.55181e-11,3.13759e-15,1.86629e-20,8.0774e-24,1.12397e-35,1.45313e-06
8284,1.46571e-06,1.18112e-06,1.08653e-07,1.42828e-10,1.15983e-14,1.19615e-19,5.17121e-23,7.16417e-35,2.75563e-06
8285,0,0,0,0,0,0,0,0,0
8286,0,0,0,0,0,0,0,0,0
8287,0,0,0,0,0,0,0,0,0
8288,0,0,0,0,0,0,0,0,0
8289,4.7597e-07,3.83508e-07,3.07496e-08,2.71881e-11,1.3143e-15,7.99771e-21,3.44484e-24,4.7037e-36,8.90256e-07
8290,0,0,0,0,0,0,0,0,0
8291,0,0,0,0,0,0,0,0,0
8292,1.27032e-06,1.02347e-06,9.36726e-08,1.24639e-10,1.06434e-14,1.16906e-19,5.02236e-23,6.78789e-35,2.38759e-06
8293,0,0,0,0,0,0,0,0,0
8294,0,0,0,0,0,0,0,0,0
8295,1.13991e-06,9.18331e-07,8.27353e-08,1.04604e-10,8.23706e-15,8.14546e-20,3.49084e-23,4.67296e-35,2.14109e-06
8296,4.77398e-07,3.84589e-07,3.07751e-08,2.69158e-11,1.25631e-15,7.07351e-21,3.02901e-24,4.042e-36,8.92789e-07
8297,0,0,0,0,0,0,0,0,0
8298,1.60616e-06,1.29385e-06,1.22285e-07,1.80173e-10,1.78737e-14,2.32665e-19,9.94712e-23,1.319e-34,3.02248e-06
8299,4.46116e-06,3.59359e-06,3.74379e-07,7.71908e-10,1.28314e-13,2.93503e-18,1.25357e-21,1.65575e-33,8.4299e-06
8300,1.62855e-06,1.31179e-06,1.23872e-07,1.80735e-10,1.72124e-14,2.02865e-19,8.65391e-23,1.13756e-34,3.06439e-06
8301,0,0,0,0,0,0,0,0,0
8302,0,0,0,0,0,0,0,0,0
8303,1.43273e-06,1.15399e-06,1.07131e-07,1.48518e-10,1.32321e-14,1.46858e-19,6.25263e-23,8.15686e-35,2.694e-06
8304,6.62014e-06,5.332e-06,5.57982e-07,1.18987e-09,2.1499e-13,5.4601e-18,2.32197e-21,3.01518e-33,1.25113e-05
8305,0,0,0,0,0,0,0,0,0
8306,0,0,0,0,0,0,0,0,0
8307,4.44823e-07,3.58243e-07,2.80317e-08,2.20866e-11,7.69489e-16,2.19958e-21,9.33169e-25,1.20046e-36,8.31119e-07
8308,5.05201e-07,4.06864e-07,3.28291e-08,2.96072e-11,1.46407e-15,9.01758e-21,3.82421e-24,4.91211e-36,9.44924e-07
8309,0,0,0,0,0,0,0,0,0
8310,4.46847e-07,3.59848e-07,2.84601e-08,2.39164e-11,1.03761e-15,5.23759e-21,2.21706e-24,2.82709e-36,8.35179e-07
8311,0,0,0,0,0,0,0,0,0
8312,0,0,0,0,0,0,0,0,0
8313,0,0,0,0,0,0,0,0,0
8314,2.14959e-06,1.7309e-06,1.69807e-07,2.8031e-10,3.22518e-14,4.79624e-19,2.02368e-22,2.54785e-34,4.05058e-06
8315,0,0,0,0,0,0,0,0,0
8316,1.7061e-06,1.37373e-06,1.30827e-07,1.97985e-10,2.0504e-14,2.81433e-19,1.18561e-22,1.48365e-34,3.21086e-06
8317,1.95182e-06,1.57152e-06,1.3841e-07,1.63362e-10,1.16512e-14,1.02943e-19,4.3319e-23,5.39694e-35,3.66191e-06
8318,0,0,0,0,0,0,0,0,0
8319,0,0,0,0,0,0,0,0,0
8320,2.57849e-06,2.07595e-06,1.92522e-07,2.71763e-10,2.60225e-14,3.29312e-19,1.3829e-22,1.70896e-34,4.84723e-06
8321,0,0,0,0,0,0,0,0,0
8322,0,0,0,0,0,0,0,0,0
8323,0,0,0,0,0,0,0,0,0
8324,0,0,0,0,0,0,0,0,0
8325,0,0,0,0,0,0,0,0,0
8326,0,0,0,0,0,0,0,0,0
8327,0,0,0,0,0,0,0,0,0
8328,0,0,0,0,0,0,0,0,0
8329,1.68306e-06,1.35471e-06,1.28678e-07,1.93427e-10,1.98577e-14,2.69932e-19,1.1247e-22,1.34775e-34,3.16664e-06
8330,1.25356e-06,1.00898e-06,9.20731e-08,1.22223e-10,1.0528e-14,1.18713e-19,4.94324e-23,5.90921e-35,2.35473e-06
8331,0,0,0,0,0,0,0,0,0
8332,4.81682e-06,3.87682e-06,3.90048e-07,7.10137e-10,9.85075e-14,1.90919e-18,7.93577e-22,9.42013e-34,9.0844e-06
8333,0,0,0,0,0,0,0,0,0
8334,2.58457e-06,2.0801e-06,1.79731e-07,1.99235e-10,1.27631e-14,9.64823e-20,4.005e-23,4.72904e-35,4.84461e-06
8335,1.97171e-06,1.58683e-06,1.39891e-07,1.66068e-10,1.20675e-14,1.13427e-19,4.70496e-23,5.53963e-35,3.69859e-06
8336,6.68999e-06,5.38397e-06,6.17079e-07,1.66591e-09,3.93592e-13,1.31446e-17,5.44842e-21,6.39668e-33,1.26927e-05
8337,0,0,0,0,0,0,0,0,0
8338,2.44926e-06,1.97099e-06,1.79205e-07,2.35375e-10,1.99697e-14,2.21244e-19,9.15199e-23,1.06596e-34,4.59969e-06
8339,0,0,0,0,0,0,0,0,0
8340,0,0,0,0,0,0,0,0,0
8341,0,0,0,0,0,0,0,0,0
8342,0,0,0,0,0,0,0,0,0
8343,0,0,0,0,0,0,0,0,0
8344,0,0,0,0,0,0,0,0,0
8345,0,0,0,0,0,0,0,0,0
8346,0,0,0,0,0,0,0,0,0
8347,0,0,0,0,0,0,0,0,0
8348,8.30704e-07,6.68329e-07,5.7381e-08,6.24591e-11,3.90702e-15,2.88765e-20,1.18516e-23,1.33842e-35,1.55648e-06
8349,0,0,0,0,0,0,0,0,0
8350,3.79534e-06,3.05329e-06,3.06179e-07,5.6349e-10,8.05613e-14,1.5785e-18,6.46578e-22,7.24555e-34,7.15538e-06
8351,6.60601e-07,5.31429e-07,4.40511e-08,4.24977e-11,2.12852e-15,1.06993e-20,4.37913e-24,4.89193e-36,1.23612e-06
8352,0,0,0,0,0,0,0,0,0
8353,0,0,0,0,0,0,0,0,0
8354,1.22053e-06,9.81796e-07,8.90645e-08,1.16095e-10,9.67555e-15,1.03574e-19,4.22893e-23,4.67928e-35,2.2915e-06
8355,0,0,0,0,0,0,0,0,0
8356,0,0,0,0,0,0,0,0,0
8357,0,0,0,0,0,0,0,0,0
8358,7.68731e-07,6.18311e-07,5.26765e-08,5.65632e-11,3.59492e-15,2.89796e-20,1.17966e-23,1.28987e-35,1.43978e-06
8359,0,0,0,0,0,0,0,0,0
8360,1.27125e-06,1.02244e-06,9.32103e-08,1.23373e-10,1.04874e-14,1.14199e-19,4.63932e-23,5.0327e-35,2.38703e-06
8361,6.14626e-07,4.94323e-07,3.44518e-08,4.17884e-12,1.26838e-14,2.13537e-18,8.67112e-22,9.39031e-34,1.14341e-06
8362,0,0,0,0,0,0,0,0,0
8363,0,0,0,0,0,0,0,0,0
8364,0,0,0,0,0,0,0,0,0
8365,5.54515e-07,4.45932e-07,3.61057e-08,3.25772e-11,1.52497e-15,7.89133e-21,3.19396e-24,3.41459e-36,1.03658e-06
8366,0,0,0,0,0,0,0,0,0
8367,0,0,0,0,0,0,0,0,0
8368,9.04218e-07,7.27092e-07,6.31763e-08,7.18483e-11,4.87011e-15,4.06496e-20,1.64048e-23,1.7338e-35,1.69456e-06
8369,1.18624e-06,9.53838e-07,8.60675e-08,1.10349e-10,8.94101e-15,9.18209e-20,3.70215e-23,3.89855e-35,2.22625e-06
8370,0,0,0,0,0,0,0,0,0
8371,4.43752e-07,3.56797e-07,2.81648e-08,2.38513e-11,1.07686e-15,5.94836e-21,2.39428e-24,2.50457e-36,8.28737e-07
8372,0,0,0,0,0,0,0,0,0
8373,0,0,0,0,0,0,0,0,0
8374,0,0,0,0,0,0,0,0,0
8375,0,0,0,0,0,0,0,0,0
8376,0,0,0,0,0,0,0,0,0
8377,3.84609e-06,3.09197e-06,2.97777e-07,4.677e-10,5.04958e-14,7.04572e-19,2.82217e-22,2.89608e-34,7.2363e-06
8378,1.58887e-06,1.27732e-06,1.19936e-07,1.74425e-10,1.69911e-14,2.14674e-19,8.59579e-23,8.80868e-35,2.9863e-06
8379,0,0,0,0,0,0,0,0,0
8380,0,0,0,0,0,0,0,0,0
8381,0,0,0,0,0,0,0,0,0
8382,7.37424e-07,5.92759e-07,5.00686e-08,5.2275e-11,3.15244e-15,2.33891e-20,9.33112e-24,9.42594e-36,1.3803e-06
8383,0,0,0,0,0,0,0,0,0
8384,7.61642e-07,6.12199e-07,5.1947e-08,5.50599e-11,3.40096e-15,2.60111e-20,1.03625e-23,1.04095e-35,1.42584e-06
8385,7.5513e-07,6.06952e-07,5.14336e-08,5.42802e-11,3.32822e-15,2.51795e-20,1.00239e-23,1.00409e-35,1.41357e-06
8386,1.38129e-06,1.11021e-06,1.0204e-07,1.38259e-10,1.1953e-14,1.27542e-19,5.07286e-23,5.0635e-35,2.59367e-06
8387,2.79072e-06,2.24297e-06,2.26958e-07,4.15313e-10,5.53296e-14,9.53947e-19,3.79033e-22,3.76805e-34,5.26106e-06
8388,0,0,0,0,0,0,0,0,0
8389,0,0,0,0,0,0,0,0,0
8390,0,0,0,0,0,0,0,0,0
8391,1.61792e-06,1.30023e-06,1.22186e-07,1.7797e-10,1.72418e-14,2.13148e-19,8.44182e-23,8.28663e-35,3.04052e-06
8392,0,0,0,0,0,0,0,0,0
8393,1.23888e-06,9.95566e-07,8.27567e-08,8.34468e-11,4.9801e-15,3.86225e-20,1.52691e-23,1.48828e-35,2.31729e-06
8394,6.19164e-07,4.9755e-07,4.10136e-08,3.97502e-11,2.15933e-15,1.43153e-20,5.65624e-24,5.50081e-36,1.15777e-06
8395,2.88648e-06,2.31944e-06,2.14881e-07,3.00788e-10,2.7943e-14,3.38903e-19,1.33751e-22,1.2948e-34,5.42111e-06
8396,7.21933e-07,5.80108e-07,4.87096e-08,4.96769e-11,2.83116e-15,1.87964e-20,7.4163e-24,7.17245e-36,1.3508e-06
8397,0,0,0,0,0,0,0,0,0
8398,0,0,0,0,0,0,0,0,0
8399,7.26371e-07,5.8363e-07,4.91876e-08,5.11981e-11,3.10002e-15,2.34143e-20,9.21596e-24,8.82832e-36,1.35924e-06
8400,0,0,0,0,0,0,0,0,0
8401,0,0,0,0,0,0,0,0,0
8402,7.55875e-07,6.07289e-07,5.12313e-08,5.28713e-11,3.02835e-15,1.97374e-20,7.74914e-24,7.34998e-36,1.41445e-06
8403,1.14388e-06,9.18992e-07,8.14584e-08,9.59437e-11,6.01263e-15,3.17791e-20,1.24647e-23,1.17771e-35,2.14442e-06
8404,0,0,0,0,0,0,0,0,0
8405,2.18158e-06,1.7526e-06,1.71598e-07,2.85275e-10,3.37318e-14,5.26878e-19,2.06334e-22,1.93758e-34,4.10607e-06
8406,1.12929e-06,9.07207e-07,8.11518e-08,1.01708e-10,8.00982e-15,8.00565e-20,3.13271e-23,2.93284e-35,2.11775e-06
8407,0,0,0,0,0,0,0,0,0
8408,0,0,0,0,0,0,0,0,0
8409,1.34156e-06,1.07764e-06,9.05484e-08,9.43952e-11,5.83529e-15,4.54055e-20,1.7723e-23,1.64286e-35,2.50984e-06
8410,0,0,0,0,0,0,0,0,0
8411,0,0,0,0,0,0,0,0,0
8412,0,0,0,0,0,0,0,0,0
8413,0,0,0,0,0,0,0,0,0
8414,0,0,0,0,0,0,0,0,0
8415,0,0,0,0,0,0,0,0,0
8416,4.92499e-07,3.95539e-07,3.1505e-08,2.73685e-11,1.25085e-15,6.63191e-21,2.57297e-24,2.32885e-36,9.1957e-07
8417,0,0,0,0,0,0,0,0,0
8418,0,0,0,0,0,0,0,0,0
8419,1.12472e-06,9.03216e-07,8.07203e-08,1.0114e-10,8.00007e-15,8.08888e-20,3.12987e-23,2.80334e-35,2.10875e-06
8420,0,0,0,0,0,0,0,0,0
8421,0,0,0,0,0,0,0,0,0
8422,7.32618e-07,5.88295e-07,4.95851e-08,5.17976e-11,3.16556e-15,2.42633e-20,9.3666e-24,8.31327e-36,1.37055e-06
8423,7.94048e-07,6.37616e-07,5.43256e-08,5.8666e-11,3.75238e-15,3.00986e-20,1.16149e-23,1.02936e-35,1.48605e-06
8424,0,0,0,0,0,0,0,0,0
8425,0,0,0,0,0,0,0,0,0
8426,6.87135e-07,5.51716e-07,4.60855e-08,4.68283e-11,2.75131e-15,2.01985e-20,7.772e-24,6.80998e-36,1.28498e-06
8427,0,0,0,0,0,0,0,0,0
8428,0,0,0,0,0,0,0,0,0
8429,2.7856e-06,2.23647e-06,2.05779e-07,2.82912e-10,2.56432e-14,3.02052e-19,1.15968e-22,1.00736e-34,5.22813e-06
8430,0,0,0,0,0,0,0,0,0
8431,0,0,0,0,0,0,0,0,0
8432,5.2529e-07,4.21707e-07,3.39144e-08,3.05584e-11,1.49965e-15,8.91164e-21,3.41352e-24,2.9381e-36,9.80942e-07
8433,0,0,0,0,0,0,0,0,0
8434,6.75557e-07,5.42313e-07,4.51105e-08,4.51061e-11,2.55662e-15,1.76112e-20,6.73378e-24,5.75541e-36,1.26303e-06
8435,0,0,0,0,0,0,0,0,0
8436,3.9681e-06,3.18526e-06,3.08939e-07,5.30562e-10,7.19819e-14,1.36475e-18,5.20744e-22,4.41481e-34,7.46283e-06
8437,0,0,0,0,0,0,0,0,0
8438,3.61644e-06,2.90284e-06,2.75273e-07,4.1076e-10,4.00501e-14,4.75811e-19,1.81303e-22,1.5287e-34,6.79496e-06
8439,0,0,0,0,0,0,0,0,0
8440,0,0,0,0,0,0,0,0,0
8441,1.21268e-06,9.73333e-07,8.01021e-08,7.80903e-11,4.35635e-15,3.03291e-20,1.15335e-23,9.64869e-36,2.2662e-06
8442,0,0,0,0,0,0,0,0,0
8443,0,0,0,0,0,0,0,0,0
8444,0,0,0,0,0,0,0,0,0
8445,2.91887e-06,2.34248e-06,2.37607e-07,4.40467e-10,5.97725e-14,1.04224e-18,3.94778e-22,3.25157e-34,5.4994e-06
8446,1.2119e-06,9.72563e-07,8.76665e-08,1.13127e-10,9.34185e-15,9.88253e-20,3.74056e-23,3.07215e-35,2.27224e-06
8447,5.81049e-07,4.66297e-07,3.80172e-08,3.58785e-11,1.89608e-15,1.23642e-20,4.67906e-24,3.8403e-36,1.0854e-06
8448,0,0,0,0,0,0,0,0,0
8449,2.16755e-06,1.73935e-06,1.69673e-07,2.80003e-10,3.27767e-14,5.03976e-19,1.90291e-22,1.54792e-34,4.07685e-06
8450,0,0,0,0,0,0,0,0,0
8451,0,0,0,0,0,0,0,0,0
8452,1.8519e-05,1.48597e-05,1.84977e-06,6.83046e-09,2.60404e-12,1.40474e-16,5.29352e-20,4.27257e-32,3.52353e-05
8453,7.53225e-07,6.04369e-07,5.04218e-08,4.93074e-11,2.33859e-15,8.36559e-21,3.14904e-24,2.53098e-36,1.40806e-06
8454,5.08382e-07,4.07905e-07,3.26297e-08,2.90151e-11,1.4043e-15,8.27073e-21,3.11132e-24,2.49433e-36,9.48945e-07
8455,0,0,0,0,0,0,0,0,0
8456,1.52633e-06,1.2246e-06,1.13512e-07,1.58615e-10,1.42258e-14,1.54118e-19,5.78809e-23,4.61022e-35,2.8646e-06
8457,0,0,0,0,0,0,0,0,0
8458,0,0,0,0,0,0,0,0,0
8459,0,0,0,0,0,0,0,0,0
8460,9.04237e-07,7.25416e-07,6.12748e-08,5.94804e-11,2.06341e-15,1.13421e-23,4.24648e-27,3.34132e-39,1.69099e-06
8461,0,0,0,0,0,0,0,0,0
8462,1.88072e-06,1.5087e-06,1.19113e-07,1.01177e-10,4.4921e-15,2.30825e-20,8.62378e-24,6.72918e-36,3.50863e-06
8463,5.87724e-07,4.71451e-07,3.80983e-08,3.40717e-11,1.48958e-15,5.89385e-21,2.19978e-24,1.70974e-36,1.09731e-06
8464,0,0,0,0,0,0,0,0,0
8465,0,0,0,0,0,0,0,0,0
8466,0,0,0,0,0,0,0,0,0
8467,1.35675e-06,1.08823e-06,9.09167e-08,9.3427e-11,5.68109e-15,4.41225e-20,1.6415e-23,1.25976e-35,2.53599e-06
8468,6.48572e-07,5.20204e-07,4.29953e-08,4.24219e-11,2.3889e-15,1.66481e-20,6.19189e-24,4.74667e-36,1.21181e-06
8469,1.13119e-06,9.07267e-07,8.08725e-08,1.00922e-10,7.92439e-15,7.87761e-20,2.9261e-23,2.23171e-35,2.11943e-06
8470,0,0,0,0,0,0,0,0,0
8471,1.02558e-06,8.22513e-07,7.21717e-08,8.52265e-11,6.04162e-15,5.11909e-20,1.89814e-23,1.43777e-35,1.92035e-06
8472,0,0,0,0,0,0,0,0,0
8473,0,0,0,0,0,0,0,0,0
8474,5.04736e-07,4.04775e-07,3.22804e-08,2.8419e-11,1.34486e-15,7.58429e-21,2.80715e-24,2.11125e-36,9.4182e-07
8475,1.60336e-06,1.28579e-06,1.20207e-07,1.74269e-10,1.69997e-14,2.14796e-19,7.9441e-23,5.95681e-35,3.00953e-06
8476,0,0,0,0,0,0,0,0,0
8477,0,0,0,0,0,0,0,0,0
8478,4.29003e-06,3.44002e-06,3.37148e-07,5.71688e-10,7.0983e-14,1.17577e-18,4.3354e-22,3.21248e-34,8.06776e-06
8479,8.96084e-07,7.18517e-07,6.20525e-08,7.03772e-11,4.85744e-15,4.24921e-20,1.56552e-23,1.15626e-35,1.67672e-06
8480,0,0,0,0,0,0,0,0,0
8481,7.34051e-07,5.88567e-07,4.93744e-08,5.09195e-11,3.01797e-15,2.16786e-20,7.97618e-24,5.85987e-36,1.37204e-06
8482,0,0,0,0,0,0,0,0,0
8483,6.18605e-07,4.95979e-07,4.07052e-08,3.93822e-11,2.16394e-15,1.47461e-20,5.41737e-24,3.9566e-36,1.15533e-06
8484,0,0,0,0,0,0,0,0,0
8485,2.04236e-06,1.63738e-06,1.58128e-07,2.53985e-10,2.87084e-14,4.25777e-19,1.56063e-22,1.12959e-34,3.83812e-06
8486,9.63319e-07,7.72286e-07,6.72881e-08,7.83768e-11,5.58964e-15,5.01457e-20,1.83657e-23,1.32519e-35,1.80297e-06
8487,7.88674e-07,6.32265e-07,5.36213e-08,5.74763e-11,3.65268e-15,2.90854e-20,1.06476e-23,7.66904e-36,1.47462e-06
8488,0,0,0,0,0,0,0,0,0
8489,0,0,0,0,0,0,0,0,0
8490,0,0,0,0,0,0,0,0,0
8491,9.02722e-07,7.23628e-07,6.24295e-08,7.03997e-11,4.7586e-15,3.9665e-20,1.44767e-23,1.03036e-35,1.68885e-06
8492,2.23143e-06,1.78867e-06,1.49954e-07,1.53761e-10,8.8903e-15,6.0349e-20,2.20048e-23,1.56029e-35,4.17021e-06
8493,1.23999e-06,9.93936e-07,8.11688e-08,7.63932e-11,3.86683e-15,2.29564e-20,8.36558e-24,5.91802e-36,2.31518e-06
8494,1.62061e-06,1.299e-06,1.20095e-07,1.62865e-10,1.25946e-14,8.67191e-20,3.15736e-23,2.22587e-35,3.03987e-06
8495,0,0,0,0,0,0,0,0,0
8496,2.59266e-06,2.07803e-06,2.06895e-07,3.64343e-10,4.63255e-14,7.60479e-19,2.7646e-22,1.93728e-34,4.87795e-06
8497,0,0,0,0,0,0,0,0,0
8498,0,0,0,0,0,0,0,0,0
8499,1.45066e-06,1.16261e-06,1.07103e-07,1.48837e-10,1.37327e-14,1.64238e-19,5.954e-23,4.12671e-35,2.72052e-06
8500,0,0,0,0,0,0,0,0,0
8501,0,0,0,0,0,0,0,0,0
8502,0,0,0,0,0,0,0,0,0
8503,0,0,0,0,0,0,0,0,0
8504,0,0,0,0,0,0,0,0,0
8505,0,0,0,0,0,0,0,0,0
8506,0,0,0,0,0,0,0,0,0
8507,0,0,0,0,0,0,0,0,0
8508,0,0,0,0,0,0,0,0,0
8509,0,0,0,0,0,0,0,0,0
8510,0,0,0,0,0,0,0,0,0
8511,0,0,0,0,0,0,0,0,0
8512,0,0,0,0,0,0,0,0,0
8513,0,0,0,0,0,0,0,0,0
8514,5.21264e-07,4.17602e-07,3.33399e-08,2.94986e-11,1.39507e-15,7.69429e-21,2.7554e-24,1.81992e-36,9.72236e-07
8515,0,0,0,0,0,0,0,0,0
8516,0,0,0,0,0,0,0,0,0
8517,0,0,0,0,0,0,0,0,0
8518,0,0,0,0,0,0,0,0,0
8519,6.25214e-07,5.00817e-07,4.09974e-08,3.92967e-11,2.09571e-15,1.33313e-20,4.7546e-24,3.09034e-36,1.16707e-06
8520,7.28155e-07,5.83255e-07,4.88287e-08,5.04319e-11,3.04195e-15,2.28201e-20,8.12938e-24,5.25984e-36,1.36029e-06
8521,1.94719e-06,1.5597e-06,1.49311e-07,2.34105e-10,2.55646e-14,3.63516e-19,1.29461e-22,8.36681e-35,3.65643e-06
8522,9.90228e-07,7.93144e-07,6.92568e-08,8.16316e-11,5.9586e-15,5.51843e-20,1.9633e-23,1.26375e-35,1.85271e-06
8523,0,0,0,0,0,0,0,0,0
8524,0,0,0,0,0,0,0,0,0
8525,5.55314e-06,4.44757e-06,4.90849e-07,1.19748e-09,2.44355e-13,6.77111e-18,2.40314e-21,1.53221e-33,1.04928e-05
8526,0,0,0,0,0,0,0,0,0
8527,0,0,0,0,0,0,0,0,0
8528,0,0,0,0,0,0,0,0,0
8529,1.09408e-06,8.76166e-07,7.74572e-08,9.474e-11,7.23665e-15,6.94064e-20,2.45469e-23,1.54362e-35,2.0478e-06
8530,4.63481e-07,3.71155e-07,2.90693e-08,2.41211e-11,1.01751e-15,4.7029e-21,1.66166e-24,1.04097e-36,8.63729e-07
8531,0,0,0,0,0,0,0,0,0
8532,0,0,0,0,0,0,0,0,0
8533,0,0,0,0,0,0,0,0,0
8534,0,0,0,0,0,0,0,0,0
8535,0,0,0,0,0,0,0,0,0
8536,0,0,0,0,0,0,0,0,0
8537,1.85525e-06,1.48544e-06,1.38319e-07,1.8694e-10,1.22835e-14,2.95545e-20,1.03873e-23,6.37322e-36,3.4792e-06
8538,0,0,0,0,0,0,0,0,0
8539,0,0,0,0,0,0,0,0,0
8540,0,0,0,0,0,0,0,0,0
8541,0,0,0,0,0,0,0,0,0
8542,4.45265e-07,3.56458e-07,2.7873e-08,2.33388e-11,1.04682e-15,5.71352e-21,1.99874e-24,1.20402e-36,8.2962e-07
8543,0,0,0,0,0,0,0,0,0
8544,0,0,0,0,0,0,0,0,0
8545,0,0,0,0,0,0,0,0,0
8546,0,0,0,0,0,0,0,0,0
8547,0,0,0,0,0,0,0,0,0
8548,0,0,0,0,0,0,0,0,0
8549,0,0,0,0,0,0,0,0,0
8550,0,0,0,0,0,0,0,0,0
8551,0,0,0,0,0,0,0,0,0
8552,0,0,0,0,0,0,0,0,0
8553,0,0,0,0,0,0,0,0,0
8554,0,0,0,0,0,0,0,0,0
8555,0,0,0,0,0,0,0,0,0
8556,0,0,0,0,0,0,0,0,0
8557,0,0,0,0,0,0,0,0,0
8558,0,0,0,0,0,0,0,0,0
8559,0,0,0,0,0,0,0,0,0
8560,0,0,0,0,0,0,0,0,0
8561,4.80765e-07,3.847e-07,3.03574e-08,2.61839e-11,1.22315e-15,6.93927e-21,2.39161e-24,1.35856e-36,8.95848e-07
8562,0,0,0,0,0,0,0,0,0
8563,0,0,0,0,0,0,0,0,0
8564,7.48753e-07,5.99086e-07,5.01726e-08,5.19955e-11,3.1322e-15,2.30629e-20,7.92579e-24,4.45167e-36,1.39806e-06
8565,0,0,0,0,0,0,0,0,0
8566,1.99526e-06,1.59637e-06,1.4013e-07,1.70182e-10,1.32499e-14,1.33873e-19,4.59487e-23,2.56801e-35,3.73193e-06
8567,0,0,0,0,0,0,0,0,0
8568,0,0,0,0,0,0,0,0,0
8569,0,0,0,0,0,0,0,0,0
8570,0,0,0,0,0,0,0,0,0
8571,0,0,0,0,0,0,0,0,0
8572,4.34278e-07,3.47401e-07,2.70077e-08,2.22386e-11,9.69437e-16,5.06878e-21,1.73079e-24,9.47864e-37,8.08709e-07
8573,0,0,0,0,0,0,0,0,0
8574,0,0,0,0,0,0,0,0,0
8575,0,0,0,0,0,0,0,0,0
8576,0,0,0,0,0,0,0,0,0
8577,0,0,0,0,0,0,0,0,0
8578,0,0,0,0,0,0,0,0,0
8579,0,0,0,0,0,0,0,0,0
8580,0,0,0,0,0,0,0,0,0
8581,6.85848e-07,5.48517e-07,4.52476e-08,4.45522e-11,2.44681e-15,1.56904e-20,5.31734e-24,2.82675e-36,1.27966e-06
8582,0,0,0,0,0,0,0,0,0
8583,3.03116e-06,2.42411e-06,2.45558e-07,4.61856e-10,6.54347e-14,1.22564e-18,4.14798e-22,2.19343e-34,5.70129e-06
8584,2.19369e-06,1.75429e-06,1.69549e-07,2.73467e-10,3.03208e-14,4.14962e-19,1.40246e-22,7.37658e-35,4.1178e-06
8585,0,0,0,0,0,0,0,0,0
8586,7.38097e-07,5.90234e-07,4.90958e-08,4.94183e-11,2.75044e-15,1.70797e-20,5.76611e-24,3.01963e-36,1.37748e-06
8587,4.90677e-07,3.92368e-07,3.09072e-08,2.63578e-11,1.17547e-15,5.93657e-21,2.00237e-24,1.04488e-36,9.13979e-07
8588,5.92827e-07,4.74039e-07,3.84138e-08,3.60514e-11,1.89443e-15,1.21079e-20,4.08018e-24,2.12146e-36,1.10532e-06
8589,0,0,0,0,0,0,0,0,0
8590,1.04186e-06,8.33057e-07,7.27486e-08,8.57095e-11,6.09794e-15,5.18112e-20,1.74306e-23,9.0037e-36,1.94776e-06
8591,0,0,0,0,0,0,0,0,0
8592,0,0,0,0,0,0,0,0,0
8593,4.2784e-07,3.42069e-07,2.64626e-08,2.1406e-11,8.95502e-16,4.32583e-21,1.45202e-24,7.43379e-37,7.96393e-07
8594,7.06267e-07,5.64663e-07,4.68263e-08,4.71927e-11,2.73302e-15,1.92224e-20,6.44631e-24,3.28832e-36,1.3178e-06
8595,0,0,0,0,0,0,0,0,0
8596,0,0,0,0,0,0,0,0,0
8597,0,0,0,0,0,0,0,0,0
8598,1.07511e-06,8.59474e-07,7.49889e-08,8.70229e-11,5.77673e-15,4.13125e-20,1.38124e-23,6.96233e-36,2.00966e-06
8599,0,0,0,0,0,0,0,0,0
8600,0,0,0,0,0,0,0,0,0
8601,4.82686e-07,3.85839e-07,2.96145e-08,2.15473e-11,4.92129e-16,5.37749e-25,1.79277e-28,8.93545e-41,8.98162e-07
8602,0,0,0,0,0,0,0,0,0
8603,2.9188e-06,2.33306e-06,2.05127e-07,2.53435e-10,2.04996e-14,2.13976e-19,7.12318e-23,3.52987e-35,5.45724e-06
8604,0,0,0,0,0,0,0,0,0
8605,2.12487e-06,1.69836e-06,1.63557e-07,2.62844e-10,2.95753e-14,4.25664e-19,1.41459e-22,6.9628e-35,3.98704e-06
8606,0,0,0,0,0,0,0,0,0
8607,0,0,0,0,0,0,0,0,0
8608,0,0,0,0,0,0,0,0,0
8609,5.92618e-07,4.73624e-07,3.79721e-08,3.35827e-11,1.44491e-15,5.45206e-21,1.80657e-24,8.79037e-37,1.10425e-06
8610,4.93296e-06,3.9423e-06,4.23058e-07,9.36382e-10,1.56035e-13,3.03104e-18,1.00307e-21,4.85627e-34,9.29926e-06
8611,0,0,0,0,0,0,0,0,0
8612,0,0,0,0,0,0,0,0,0
8613,0,0,0,0,0,0,0,0,0
8614,0,0,0,0,0,0,0,0,0
8615,2.24896e-06,1.79707e-06,1.74244e-07,2.86064e-10,3.30933e-14,4.8765e-19,1.60683e-22,7.64818e-35,4.22056e-06
8616,0,0,0,0,0,0,0,0,0
8617,0,0,0,0,0,0,0,0,0
8618,2.94261e-06,2.35118e-06,2.15708e-07,2.99581e-10,2.76823e-14,3.26873e-19,1.07449e-22,5.06643e-35,5.50979e-06
8619,0,0,0,0,0,0,0,0,0
8620,0,0,0,0,0,0,0,0,0
8621,1.67245e-06,1.33622e-06,1.24432e-07,1.80407e-10,1.75448e-14,2.15538e-19,7.07143e-23,3.30897e-35,3.13328e-06
8622,0,0,0,0,0,0,0,0,0
8623,0,0,0,0,0,0,0,0,0
8624,0,0,0,0,0,0,0,0,0
8625,0,0,0,0,0,0,0,0,0
8626,7.64385e-07,6.10629e-07,5.10797e-08,5.3039e-11,3.20478e-15,2.35186e-20,7.68187e-24,3.53235e-36,1.42615e-06
8627,0,0,0,0,0,0,0,0,0
8628,1.34224e-06,1.07219e-06,9.67683e-08,1.27086e-10,1.06577e-14,1.1004e-19,3.58747e-23,1.63745e-35,2.51132e-06
8629,0,0,0,0,0,0,0,0,0
8630,0,0,0,0,0,0,0,0,0
8631,0,0,0,0,0,0,0,0,0
8632,4.218e-06,3.36905e-06,3.55844e-07,7.65433e-10,1.31122e-13,2.98954e-18,9.71752e-22,4.384e-34,7.94366e-06
8633,9.54936e-07,7.62711e-07,6.57708e-08,7.52216e-11,5.23839e-15,4.5108e-20,1.4647e-23,6.58055e-36,1.78349e-06
8634,0,0,0,0,0,0,0,0,0
8635,6.79401e-07,5.42618e-07,4.45114e-08,4.31527e-11,2.28677e-15,1.34685e-20,4.36755e-24,1.95204e-36,1.26657e-06
8636,0,0,0,0,0,0,0,0,0
8637,8.59523e-07,6.86444e-07,5.83611e-08,6.39563e-11,4.20754e-15,3.43054e-20,1.11077e-23,4.93502e-36,1.60439e-06
8638,0,0,0,0,0,0,0,0,0
8639,0,0,0,0,0,0,0,0,0
8640,0,0,0,0,0,0,0,0,0
8641,0,0,0,0,0,0,0,0,0
8642,5.63765e-07,4.50186e-07,3.60836e-08,3.28266e-11,1.63907e-15,9.71338e-21,3.13256e-24,1.37006e-36,1.05007e-06
8643,0,0,0,0,0,0,0,0,0
8644,0,0,0,0,0,0,0,0,0
8645,0,0,0,0,0,0,0,0,0
8646,0,0,0,0,0,0,0,0,0
8647,0,0,0,0,0,0,0,0,0
8648,0,0,0,0,0,0,0,0,0
8649,0,0,0,0,0,0,0,0,0
8650,0,0,0,0,0,0,0,0,0
8651,1.7451e-06,1.39319e-06,1.17915e-07,1.24742e-10,7.06076e-15,3.77455e-20,1.2079e-23,5.12433e-36,3.25633e-06
8652,0,0,0,0,0,0,0,0,0
8653,0,0,0,0,0,0,0,0,0
8654,0,0,0,0,0,0,0,0,0
8655,0,0,0,0,0,0,0,0,0
8656,1.9796e-06,1.58021e-06,1.5036e-07,2.34369e-10,2.54592e-14,3.55824e-19,1.13438e-22,4.74134e-35,3.7104e-06
8657,0,0,0,0,0,0,0,0,0
8658,6.8843e-07,5.49512e-07,4.50863e-08,4.38037e-11,2.3215e-15,1.34961e-20,4.29579e-24,1.78431e-36,1.28307e-06
8659,0,0,0,0,0,0,0,0,0
8660,0,0,0,0,0,0,0,0,0
8661,1.13547e-06,9.06274e-07,7.24902e-08,6.50806e-11,3.08751e-15,1.63466e-20,5.19008e-24,2.13459e-36,2.1143e-06
8662,0,0,0,0,0,0,0,0,0
8663,0,0,0,0,0,0,0,0,0
8664,0,0,0,0,0,0,0,0,0
8665,0,0,0,0,0,0,0,0,0
8666,2.60758e-06,2.08096e-06,1.93565e-07,2.90214e-10,3.12533e-14,4.41141e-19,1.39477e-22,5.64258e-35,4.88239e-06
8667,1.40404e-06,1.12046e-06,1.01259e-07,1.33042e-10,1.08456e-14,1.00722e-19,3.18243e-23,1.28406e-35,2.6259e-06
8668,0,0,0,0,0,0,0,0,0
8669,0,0,0,0,0,0,0,0,0
8670,0,0,0,0,0,0,0,0,0
8671,2.16801e-06,1.72994e-06,1.53665e-07,1.9638e-10,1.6399e-14,1.71002e-19,5.38427e-23,2.14296e-35,4.05181e-06
8672,0,0,0,0,0,0,0,0,0
8673,0,0,0,0,0,0,0,0,0
8674,0,0,0,0,0,0,0,0,0
8675,0,0,0,0,0,0,0,0,0
8676,4.46718e-07,3.56407e-07,2.76292e-08,2.27615e-11,9.92814e-16,5.12511e-21,1.60666e-24,6.28505e-37,8.30777e-07
8677,0,0,0,0,0,0,0,0,0
8678,0,0,0,0,0,0,0,0,0
8679,0,0,0,0,0,0,0,0,0
8680,0,0,0,0,0,0,0,0,0
8681,0,0,0,0,0,0,0,0,0
8682,0,0,0,0,0,0,0,0,0
8683,0,0,0,0,0,0,0,0,0
8684,8.14685e-07,6.49846e-07,5.45708e-08,5.74807e-11,3.50752e-15,2.53157e-20,7.88248e-24,3.00221e-36,1.51916e-06
8685,0,0,0,0,0,0,0,0,0
8686,0,0,0,0,0,0,0,0,0
8687,0,0,0,0,0,0,0,0,0
8688,0,0,0,0,0,0,0,0,0
8689,0,0,0,0,0,0,0,0,0
8690,0,0,0,0,0,0,0,0,0
8691,0,0,0,0,0,0,0,0,0
8692,0,0,0,0,0,0,0,0,0
8693,0,0,0,0,0,0,0,0,0
8694,0,0,0,0,0,0,0,0,0
8695,0,0,0,0,0,0,0,0,0
8696,0,0,0,0,0,0,0,0,0
8697,0,0,0,0,0,0,0,0,0
8698,0,0,0,0,0,0,0,0,0
8699,0,0,0,0,0,0,0,0,0
8700,0,0,0,0,0,0,0,0,0
8701,1.0317e-06,8.22607e-07,7.1402e-08,8.39322e-11,6.09758e-15,5.48178e-20,1.6837e-23,6.07703e-36,1.9258e-06
8702,1.22269e-06,9.74862e-07,7.86159e-08,7.30141e-11,3.70097e-15,2.14988e-20,6.59771e-24,2.3735e-36,2.27624e-06
8703,8.77385e-07,6.99529e-07,5.94012e-08,6.52756e-11,4.32006e-15,3.52826e-20,1.08196e-23,3.88077e-36,1.63638e-06
8704,0,0,0,0,0,0,0,0,0
8705,9.90792e-07,7.899e-07,6.81621e-08,7.86905e-11,5.56846e-15,4.85849e-20,1.48698e-23,5.29261e-36,1.84893e-06
8706,0,0,0,0,0,0,0,0,0
8707,0,0,0,0,0,0,0,0,0
8708,1.57504e-06,1.25559e-06,1.15149e-07,1.59792e-10,1.43915e-14,1.56588e-19,4.78063e-23,1.68506e-35,2.94593e-06
8709,2.57898e-06,2.05588e-06,1.84252e-07,2.40218e-10,2.0399e-14,2.19493e-19,6.69832e-23,2.35713e-35,4.81936e-06
8710,0,0,0,0,0,0,0,0,0
8711,0,0,0,0,0,0,0,0,0
8712,0,0,0,0,0,0,0,0,0
8713,0,0,0,0,0,0,0,0,0
8714,0,0,0,0,0,0,0,0,0
8715,0,0,0,0,0,0,0,0,0
8716,0,0,0,0,0,0,0,0,0
8717,0,0,0,0,0,0,0,0,0
8718,0,0,0,0,0,0,0,0,0
8719,0,0,0,0,0,0,0,0,0
8720,0,0,0,0,0,0,0,0,0
8721,0,0,0,0,0,0,0,0,0
8722,6.50419e-07,5.18328e-07,4.21401e-08,4.03414e-11,2.16244e-15,1.36554e-20,4.12436e-24,1.39342e-36,1.21093e-06
8723,0,0,0,0,0,0,0,0,0
8724,0,0,0,0,0,0,0,0,0
8725,0,0,0,0,0,0,0,0,0
8726,0,0,0,0,0,0,0,0,0
8727,0,0,0,0,0,0,0,0,0
8728,0,0,0,0,0,0,0,0,0
8729,0,0,0,0,0,0,0,0,0
8730,0,0,0,0,0,0,0,0,0
8731,0,0,0,0,0,0,0,0,0
8732,0,0,0,0,0,0,0,0,0
8733,0,0,0,0,0,0,0,0,0
8734,0,0,0,0,0,0,0,0,0
8735,0,0,0,0,0,0,0,0,0
8736,0,0,0,0,0,0,0,0,0
8737,0,0,0,0,0,0,0,0,0
8738,0,0,0,0,0,0,0,0,0
8739,7.81672e-07,6.22656e-07,5.16881e-08,5.24178e-11,2.95274e-15,1.83696e-20,5.47138e-24,1.74976e-36,1.45607e-06
8740,0,0,0,0,0,0,0,0,0
8741,0,0,0,0,0,0,0,0,0
8742,5.67274e-07,4.51834e-07,3.59013e-08,3.17976e-11,1.48156e-15,7.57186e-21,2.24906e-24,7.11479e-37,1.05504e-06
8743,0,0,0,0,0,0,0,0,0
8744,0,0,0,0,0,0,0,0,0
8745,0,0,0,0,0,0,0,0,0
8746,0,0,0,0,0,0,0,0,0
8747,0,0,0,0,0,0,0,0,0
8748,0,0,0,0,0,0,0,0,0
8749,8.62633e-07,6.86967e-07,5.80142e-08,6.28822e-11,4.07133e-15,3.21446e-20,9.49388e-24,2.93701e-36,1.60768e-06
8750,0,0,0,0,0,0,0,0,0
8751,0,0,0,0,0,0,0,0,0
8752,6.09776e-06,4.85566e-06,5.32638e-07,1.28496e-09,2.4547e-13,5.471e-18,1.61209e-21,4.94155e-34,1.14873e-05
8753,0,0,0,0,0,0,0,0,0
8754,0,0,0,0,0,0,0,0,0
8755,0,0,0,0,0,0,0,0,0
8756,0,0,0,0,0,0,0,0,0
8757,0,0,0,0,0,0,0,0,0
8758,0,0,0,0,0,0,0,0,0
8759,0,0,0,0,0,0,0,0,0
8760,0,0,0,0,0,0,0,0,0
8761,0,0,0,0,0,0,0,0,0
8762,0,0,0,0,0,0,0,0,0
8763,0,0,0,0,0,0,0,0,0
8764,0,0,0,0,0,0,0,0,0
8765,9.4142e-07,7.49407e-07,6.37553e-08,7.01135e-11,4.46788e-15,3.21042e-20,9.35885e-24,2.75e-36,1.75465e-06
8766,0,0,0,0,0,0,0,0,0
8767,0,0,0,0,0,0,0,0,0
8768,0,0,0,0,0,0,0,0,0
8769,0,0,0,0,0,0,0,0,0
8770,0,0,0,0,0,0,0,0,0
8771,1.77921e-06,1.41611e-06,1.31853e-07,1.94193e-10,1.94974e-14,2.47518e-19,7.18132e-23,2.07103e-35,3.32737e-06
8772,0,0,0,0,0,0,0,0,0
8773,1.16458e-06,9.26863e-07,8.13756e-08,9.96172e-11,7.6272e-15,7.11527e-20,2.06054e-23,5.89908e-36,2.17292e-06
8774,0,0,0,0,0,0,0,0,0
8775,0,0,0,0,0,0,0,0,0
8776,0,0,0,0,0,0,0,0,0
8777,0,0,0,0,0,0,0,0,0
8778,1.40448e-06,1.11764e-06,9.15464e-08,9.02885e-11,5.07364e-15,3.37778e-20,9.73972e-24,2.74137e-36,2.61375e-06
8779,2.13908e-06,1.70217e-06,1.49951e-07,1.89283e-10,1.58001e-14,1.68601e-19,4.85705e-23,1.36211e-35,3.99139e-06
8780,0,0,0,0,0,0,0,0,0
8781,0,0,0,0,0,0,0,0,0
8782,0,0,0,0,0,0,0,0,0
8783,0,0,0,0,0,0,0,0,0
8784,0,0,0,0,0,0,0,0,0
8785,0,0,0,0,0,0,0,0,0
8786,0,0,0,0,0,0,0,0,0
8787,0,0,0,0,0,0,0,0,0
8788,0,0,0,0,0,0,0,0,0
8789,4.70452e-07,3.74265e-07,2.89233e-08,2.36395e-11,9.87947e-16,4.49052e-21,1.28308e-24,3.48411e-37,8.73663e-07
8790,1.90907e-06,1.51872e-06,1.42435e-07,2.14295e-10,2.19461e-14,2.78521e-19,7.95315e-23,2.1542e-35,3.57043e-06
8791,0,0,0,0,0,0,0,0,0
8792,1.44192e-06,1.14702e-06,9.42139e-08,9.38487e-11,5.34827e-15,3.60418e-20,1.02742e-23,2.76423e-36,2.68325e-06
8793,0,0,0,0,0,0,0,0,0
8794,1.64906e-06,1.31175e-06,1.09526e-07,1.14222e-10,6.8199e-15,4.68164e-20,1.33286e-23,3.56803e-36,3.07045e-06
8795,0,0,0,0,0,0,0,0,0
8796,0,0,0,0,0,0,0,0,0
8797,0,0,0,0,0,0,0,0,0
8798,0,0,0,0,0,0,0,0,0
8799,0,0,0,0,0,0,0,0,0
8800,0,0,0,0,0,0,0,0,0
8801,0,0,0,0,0,0,0,0,0
8802,0,0,0,0,0,0,0,0,0
8803,0,0,0,0,0,0,0,0,0
8804,0,0,0,0,0,0,0,0,0
8805,1.15572e-06,9.19055e-07,8.04912e-08,9.82351e-11,7.53693e-15,7.10722e-20,2.00459e-23,5.17224e-36,2.15536e-06
8806,0,0,0,0,0,0,0,0,0
8807,0,0,0,0,0,0,0,0,0
8808,0,0,0,0,0,0,0,0,0
8809,0,0,0,0,0,0,0,0,0
8810,0,0,0,0,0,0,0,0,0
8811,6.1006e-07,4.85066e-07,3.88795e-08,3.59157e-11,1.83354e-15,1.08973e-20,3.05957e-24,7.75358e-37,1.13404e-06
8812,0,0,0,0,0,0,0,0,0
8813,0,0,0,0,0,0,0,0,0
8814,0,0,0,0,0,0,0,0,0
8815,0,0,0,0,0,0,0,0,0
8816,0,0,0,0,0,0,0,0,0
8817,0,0,0,0,0,0,0,0,0
8818,0,0,0,0,0,0,0,0,0
8819,0,0,0,0,0,0,0,0,0
8820,0,0,0,0,0,0,0,0,0
8821,0,0,0,0,0,0,0,0,0
8822,0,0,0,0,0,0,0,0,0
8823,0,0,0,0,0,0,0,0,0
8824,0,0,0,0,0,0,0,0,0
8825,1.46306e-06,1.16288e-06,9.5902e-08,9.76798e-11,5.856e-15,4.26995e-20,1.18516e-23,2.87058e-36,2.72194e-06
8826,0,0,0,0,0,0,0,0,0
8827,6.16417e-07,4.8992e-07,3.93308e-08,3.66864e-11,1.92151e-15,1.19863e-20,3.32111e-24,7.98895e-37,1.1457e-06
8828,0,0,0,0,0,0,0,0,0
8829,0,0,0,0,0,0,0,0,0
8830,0,0,0,0,0,0,0,0,0
8831,0,0,0,0,0,0,0,0,0
8832,0,0,0,0,0,0,0,0,0
8833,4.67479e-07,3.7149e-07,2.85664e-08,2.30018e-11,9.31446e-16,4.01647e-21,1.10746e-24,2.61347e-37,8.67558e-07
8834,0,0,0,0,0,0,0,0,0
8835,0,0,0,0,0,0,0,0,0
8836,0,0,0,0,0,0,0,0,0
8837,0,0,0,0,0,0,0,0,0
8838,5.25338e-07,4.17409e-07,3.26981e-08,2.81351e-11,1.28872e-15,6.69618e-21,1.8379e-24,4.25963e-37,9.75472e-07
8839,0,0,0,0,0,0,0,0,0
8840,0,0,0,0,0,0,0,0,0
8841,0,0,0,0,0,0,0,0,0
8842,0,0,0,0,0,0,0,0,0
8843,0,0,0,0,0,0,0,0,0
8844,0,0,0,0,0,0,0,0,0
8845,0,0,0,0,0,0,0,0,0
8846,0,0,0,0,0,0,0,0,0
8847,0,0,0,0,0,0,0,0,0
8848,0,0,0,0,0,0,0,0,0
8849,0,0,0,0,0,0,0,0,0
8850,0,0,0,0,0,0,0,0,0
8851,0,0,0,0,0,0,0,0,0
8852,0,0,0,0,0,0,0,0,0
8853,0,0,0,0,0,0,0,0,0
8854,0,0,0,0,0,0,0,0,0
8855,0,0,0,0,0,0,0,0,0
8856,1.38491e-06,1.09989e-06,9.82781e-08,1.27777e-10,1.05901e-14,1.05338e-19,2.84933e-23,6.23483e-36,2.5832e-06
8857,0,0,0,0,0,0,0,0,0
8858,0,0,0,0,0,0,0,0,0
8859,0,0,0,0,0,0,0,0,0
8860,0,0,0,0,0,0,0,0,0
8861,0,0,0,0,0,0,0,0,0
8862,6.89251e-07,5.47318e-07,4.44098e-08,4.26896e-11,2.28348e-15,1.39403e-20,3.75277e-24,8.05839e-37,1.28102e-06
8863,6.56086e-07,5.20968e-07,4.20936e-08,4.0215e-11,2.1843e-15,1.41633e-20,3.80956e-24,8.15303e-37,1.21919e-06
8864,0,0,0,0,0,0,0,0,0
8865,0,0,0,0,0,0,0,0,0
8866,0,0,0,0,0,0,0,0,0
8867,1.00384e-06,7.97017e-07,6.8195e-08,7.78099e-11,5.41822e-15,4.55529e-20,1.22101e-23,2.57766e-36,1.86913e-06
8868,5.63925e-07,4.47725e-07,3.52817e-08,3.08556e-11,1.42106e-15,7.15064e-21,1.91462e-24,4.02496e-37,1.04696e-06
8869,0,0,0,0,0,0,0,0,0
8870,2.9045e-06,2.3059e-06,2.27466e-07,4.01635e-10,5.08516e-14,7.79352e-19,2.08369e-22,4.35505e-35,5.43827e-06
8871,0,0,0,0,0,0,0,0,0
8872,9.31335e-07,7.39354e-07,6.25724e-08,6.89622e-11,4.55442e-15,3.59018e-20,9.58191e-24,1.98886e-36,1.73333e-06
8873,0,0,0,0,0,0,0,0,0
8874,4.90332e-07,3.89243e-07,3.01301e-08,2.50435e-11,1.08977e-15,5.31747e-21,1.41757e-24,2.92915e-37,9.0973e-07
8875,0,0,0,0,0,0,0,0,0
8876,0,0,0,0,0,0,0,0,0
8877,7.76516e-07,6.16383e-07,5.08991e-08,5.20532e-11,3.10481e-15,2.21011e-20,5.87855e-24,1.20391e-36,1.44385e-06
8878,0,0,0,0,0,0,0,0,0
8879,0,0,0,0,0,0,0,0,0
8880,0,0,0,0,0,0,0,0,0
8881,0,0,0,0,0,0,0,0,0
8882,2.78007e-06,2.20647e-06,2.1683e-07,3.81727e-10,4.9488e-14,8.18514e-19,2.16774e-22,4.36461e-35,5.20375e-06
8883,0,0,0,0,0,0,0,0,0
8884,0,0,0,0,0,0,0,0,0
8885,0,0,0,0,0,0,0,0,0
8886,3.53344e-06,2.8041e-06,2.62101e-07,4.0056e-10,4.36346e-14,6.08994e-19,1.60714e-22,3.19094e-35,6.60004e-06
8887,0,0,0,0,0,0,0,0,0
8888,0,0,0,0,0,0,0,0,0
8889,1.52684e-06,1.21159e-06,1.09616e-07,1.49098e-10,1.33325e-14,1.46412e-19,3.85442e-23,7.57979e-36,2.8482e-06
8890,0,0,0,0,0,0,0,0,0
8891,0,0,0,0,0,0,0,0,0
8892,0,0,0,0,0,0,0,0,0
8893,0,0,0,0,0,0,0,0,0
8894,6.73854e-07,5.34655e-07,4.32113e-08,4.12799e-11,2.21318e-15,1.37685e-20,3.61015e-24,6.98808e-37,1.25176e-06
8895,0,0,0,0,0,0,0,0,0
8896,0,0,0,0,0,0,0,0,0
8897,4.7647e-07,3.78018e-07,2.89927e-08,2.32055e-11,9.1676e-16,3.65223e-21,9.55426e-25,1.83267e-37,8.83504e-07
8898,0,0,0,0,0,0,0,0,0
8899,2.37503e-07,1.88417e-07,1.30836e-08,7.58132e-12,1.7764e-16,3.29482e-22,8.60229e-26,1.63729e-38,4.39011e-07
8900,5.87436e-07,4.66024e-07,3.69737e-08,3.34091e-11,1.66336e-15,9.63488e-21,2.515e-24,4.78291e-37,1.09047e-06
8901,0,0,0,0,0,0,0,0,0
8902,5.31586e-07,4.21693e-07,3.30218e-08,2.87062e-11,1.36152e-15,7.57278e-21,1.97312e-24,3.72547e-37,9.86329e-07
8903,0,0,0,0,0,0,0,0,0
8904,0,0,0,0,0,0,0,0,0
8905,1.84814e-06,1.46595e-06,1.2359e-07,1.34599e-10,8.63885e-15,6.425e-20,1.66943e-23,3.11786e-36,3.43782e-06
8906,0,0,0,0,0,0,0,0,0
8907,0,0,0,0,0,0,0,0,0
8908,0,0,0,0,0,0,0,0,0
8909,0,0,0,0,0,0,0,0,0
8910,0,0,0,0,0,0,0,0,0
8911,3.69224e-06,2.92828e-06,2.97873e-07,5.81784e-10,8.55369e-14,1.55065e-18,4.01053e-22,7.35512e-35,6.91898e-06
8912,7.56752e-07,6.00157e-07,4.92281e-08,4.93307e-11,2.83075e-15,1.88588e-20,4.87311e-24,8.90494e-37,1.40619e-06
8913,0,0,0,0,0,0,0,0,0
8914,7.52669e-07,5.96882e-07,4.8856e-08,4.84868e-11,2.71249e-15,1.71965e-20,4.43467e-24,8.0399e-37,1.39846e-06
8915,0,0,0,0,0,0,0,0,0
8916,0,0,0,0,0,0,0,0,0
8917,0,0,0,0,0,0,0,0,0
8918,0,0,0,0,0,0,0,0,0
8919,0,0,0,0,0,0,0,0,0
8920,0,0,0,0,0,0,0,0,0
8921,0,0,0,0,0,0,0,0,0
8922,0,0,0,0,0,0,0,0,0
8923,0,0,0,0,0,0,0,0,0
8924,0,0,0,0,0,0,0,0,0
8925,1.0222e-06,8.1041e-07,6.92037e-08,7.87132e-11,5.41666e-15,4.4037e-20,1.12607e-23,1.97461e-36,1.90189e-06
8926,0,0,0,0,0,0,0,0,0
8927,0,0,0,0,0,0,0,0,0
8928,0,0,0,0,0,0,0,0,0
8929,0,0,0,0,0,0,0,0,0
8930,0,0,0,0,0,0,0,0,0
8931,0,0,0,0,0,0,0,0,0
8932,0,0,0,0,0,0,0,0,0
8933,0,0,0,0,0,0,0,0,0
8934,8.09059e-07,6.41273e-07,5.30045e-08,5.45077e-11,3.24804e-15,2.25663e-20,5.72462e-24,9.72793e-37,1.50339e-06
8935,0,0,0,0,0,0,0,0,0
8936,0,0,0,0,0,0,0,0,0
8937,0,0,0,0,0,0,0,0,0
8938,0,0,0,0,0,0,0,0,0
8939,2.90235e-06,2.3002e-06,2.25906e-07,3.95939e-10,4.96406e-14,7.47362e-19,1.88927e-22,3.16641e-35,5.42885e-06
8940,0,0,0,0,0,0,0,0,0
8941,0,0,0,0,0,0,0,0,0
8942,0,0,0,0,0,0,0,0,0
8943,0,0,0,0,0,0,0,0,0
8944,0,0,0,0,0,0,0,0,0
8945,0,0,0,0,0,0,0,0,0
8946,0,0,0,0,0,0,0,0,0
8947,0,0,0,0,0,0,0,0,0
8948,0,0,0,0,0,0,0,0,0
8949,0,0,0,0,0,0,0,0,0
8950,0,0,0,0,0,0,0,0,0
8951,0,0,0,0,0,0,0,0,0
8952,0,0,0,0,0,0,0,0,0
8953,0,0,0,0,0,0,0,0,0
8954,5.64032e-07,4.46838e-07,3.45606e-08,2.75112e-11,8.96134e-16,1.24697e-21,3.11265e-25,4.96342e-38,1.04546e-06
8955,0,0,0,0,0,0,0,0,0
8956,0,0,0,0,0,0,0,0,0
8957,0,0,0,0,0,0,0,0,0
8958,0,0,0,0,0,0,0,0,0
8959,0,0,0,0,0,0,0,0,0
8960,0,0,0,0,0,0,0,0,0
8961,0,0,0,0,0,0,0,0,0
8962,5.76512e-07,4.56633e-07,3.576e-08,3.06221e-11,1.31257e-15,5.41284e-21,1.34241e-24,2.08664e-37,1.06894e-06
8963,0,0,0,0,0,0,0,0,0
8964,0,0,0,0,0,0,0,0,0
8965,0,0,0,0,0,0,0,0,0
8966,1.20437e-06,9.53837e-07,8.3123e-08,1.01255e-10,7.72439e-15,7.05099e-20,1.7427e-23,2.6725e-36,2.24144e-06
8967,0,0,0,0,0,0,0,0,0
8968,0,0,0,0,0,0,0,0,0
8969,0,0,0,0,0,0,0,0,0
8970,0,0,0,0,0,0,0,0,0
8971,0,0,0,0,0,0,0,0,0
8972,0,0,0,0,0,0,0,0,0
8973,0,0,0,0,0,0,0,0,0
8974,0,0,0,0,0,0,0,0,0
8975,2.37301e-06,1.87893e-06,1.79584e-07,2.92241e-10,3.38108e-14,4.87099e-19,1.19479e-22,1.77822e-35,4.43182e-06
8976,0,0,0,0,0,0,0,0,0
8977,0,0,0,0,0,0,0,0,0
8978,0,0,0,0,0,0,0,0,0
8979,0,0,0,0,0,0,0,0,0
8980,0,0,0,0,0,0,0,0,0
8981,0,0,0,0,0,0,0,0,0
8982,0,0,0,0,0,0,0,0,0
8983,0,0,0,0,0,0,0,0,0
8984,0,0,0,0,0,0,0,0,0
8985,0,0,0,0,0,0,0,0,0
8986,0,0,0,0,0,0,0,0,0
8987,0,0,0,0,0,0,0,0,0
8988,0,0,0,0,0,0,0,0,0
8989,0,0,0,0,0,0,0,0,0
8990,0,0,0,0,0,0,0,0,0
8991,0,0,0,0,0,0,0,0,0
8992,0,0,0,0,0,0,0,0,0
8993,0,0,0,0,0,0,0,0,0
8994,0,0,0,0,0,0,0,0,0
8995,0,0,0,0,0,0,0,0,0
8996,0,0,0,0,0,0,0,0,0
8997,0,0,0,0,0,0,0,0,0
8998,0,0,0,0,0,0,0,0,0
8999,0,0,0,0,0,0,0,0,0
9000,0,0,0,0,0,0,0,0,0
9001,4.86243e-06,3.84752e-06,4.0497e-07,8.92442e-10,1.59301e-13,3.66585e-18,8.80447e-22,1.20603e-34,9.11581e-06
9002,0,0,0,0,0,0,0,0,0
9003,0,0,0,0,0,0,0,0,0
9004,0,0,0,0,0,0,0,0,0
9005,0,0,0,0,0,0,0,0,0
9006,0,0,0,0,0,0,0,0,0
9007,0,0,0,0,0,0,0,0,0
9008,0,0,0,0,0,0,0,0,0
9009,0,0,0,0,0,0,0,0,0
9010,0,0,0,0,0,0,0,0,0
9011,0,0,0,0,0,0,0,0,0
9012,9.26979e-07,7.33295e-07,6.14973e-08,6.67891e-11,4.33773e-15,3.32454e-20,7.91472e-24,1.04718e-36,1.72184e-06
9013,0,0,0,0,0,0,0,0,0
9014,0,0,0,0,0,0,0,0,0
9015,4.1351e-07,3.27085e-07,2.45693e-08,1.89474e-11,7.56945e-16,3.44075e-21,8.17023e-25,1.07002e-37,7.65184e-07
9016,0,0,0,0,0,0,0,0,0
9017,7.99481e-07,6.32358e-07,5.19609e-08,5.29926e-11,3.14973e-15,2.19604e-20,5.20725e-24,6.78191e-37,1.48385e-06
9018,0,0,0,0,0,0,0,0,0
9019,0,0,0,0,0,0,0,0,0
9020,0,0,0,0,0,0,0,0,0
9021,4.97321e-07,3.93321e-07,3.03044e-08,2.53457e-11,1.14273e-15,5.97232e-21,1.41141e-24,1.81407e-37,9.20972e-07
9022,0,0,0,0,0,0,0,0,0
9023,0,0,0,0,0,0,0,0,0
9024,0,0,0,0,0,0,0,0,0
9025,0,0,0,0,0,0,0,0,0
9026,0,0,0,0,0,0,0,0,0
9027,0,0,0,0,0,0,0,0,0
9028,5.83418e-07,4.61326e-07,3.63081e-08,3.24648e-11,1.60913e-15,9.30048e-21,2.1846e-24,2.74122e-37,1.08108e-06
9029,0,0,0,0,0,0,0,0,0
9030,0,0,0,0,0,0,0,0,0
9031,0,0,0,0,0,0,0,0,0
9032,0,0,0,0,0,0,0,0,0
9033,0,0,0,0,0,0,0,0,0
9034,0,0,0,0,0,0,0,0,0
9035,0,0,0,0,0,0,0,0,0
9036,1.07059e-06,8.46391e-07,7.21959e-08,8.25741e-11,5.71016e-15,4.57742e-20,1.06878e-23,1.30982e-36,1.98926e-06
9037,0,0,0,0,0,0,0,0,0
9038,0,0,0,0,0,0,0,0,0
9039,0,0,0,0,0,0,0,0,0
9040,0,0,0,0,0,0,0,0,0
9041,0,0,0,0,0,0,0,0,0
9042,0,0,0,0,0,0,0,0,0
9043,0,0,0,0,0,0,0,0,0
9044,8.87013e-07,7.011e-07,5.82712e-08,6.15615e-11,3.80747e-15,2.70187e-20,6.2628e-24,7.45818e-37,1.64645e-06
9045,0,0,0,0,0,0,0,0,0
9046,0,0,0,0,0,0,0,0,0
9047,0,0,0,0,0,0,0,0,0
9048,0,0,0,0,0,0,0,0,0
9049,0,0,0,0,0,0,0,0,0
9050,0,0,0,0,0,0,0,0,0
9051,0,0,0,0,0,0,0,0,0
9052,0,0,0,0,0,0,0,0,0
9053,6.62809e-07,5.23777e-07,4.18787e-08,3.94109e-11,2.09983e-15,1.30693e-20,3.00874e-24,3.48766e-37,1.2285e-06
9054,0,0,0,0,0,0,0,0,0
9055,0,0,0,0,0,0,0,0,0
9056,0,0,0,0,0,0,0,0,0
9057,0,0,0,0,0,0,0,0,0
9058,0,0,0,0,0,0,0,0,0
9059,5.26094e-07,4.15678e-07,3.2156e-08,2.72335e-11,1.23513e-15,6.32277e-21,1.44871e-24,1.64824e-37,9.73955e-07
9060,0,0,0,0,0,0,0,0,0
9061,0,0,0,0,0,0,0,0,0
9062,0,0,0,0,0,0,0,0,0
9063,0,0,0,0,0,0,0,0,0
9064,0,0,0,0,0,0,0,0,0
9065,0,0,0,0,0,0,0,0,0
9066,0,0,0,0,0,0,0,0,0
9067,0,0,0,0,0,0,0,0,0
9068,0,0,0,0,0,0,0,0,0
9069,0,0,0,0,0,0,0,0,0
9070,0,0,0,0,0,0,0,0,0
9071,0,0,0,0,0,0,0,0,0
9072,0,0,0,0,0,0,0,0,0
9073,0,0,0,0,0,0,0,0,0
9074,6.63025e-07,5.23662e-07,4.18017e-08,3.9185e-11,2.07052e-15,1.26734e-20,2.86669e-24,3.10023e-37,1.22853e-06
9075,0,0,0,0,0,0,0,0,0
9076,0,0,0,0,0,0,0,0,0
9077,0,0,0,0,0,0,0,0,0
9078,6.98598e-07,5.51702e-07,4.4126e-08,4.10565e-11,2.0382e-15,1.04567e-20,2.3576e-24,2.5172e-37,1.29447e-06
9079,0,0,0,0,0,0,0,0,0
9080,0,0,0,0,0,0,0,0,0
9081,0,0,0,0,0,0,0,0,0
9082,0,0,0,0,0,0,0,0,0
9083,0,0,0,0,0,0,0,0,0
9084,0,0,0,0,0,0,0,0,0
9085,0,0,0,0,0,0,0,0,0
9086,0,0,0,0,0,0,0,0,0
9087,0,0,0,0,0,0,0,0,0
9088,0,0,0,0,0,0,0,0,0
9089,0,0,0,0,0,0,0,0,0
9090,0,0,0,0,0,0,0,0,0
9091,0,0,0,0,0,0,0,0,0
9092,0,0,0,0,0,0,0,0,0
9093,1.3889e-06,1.09645e-06,9.66474e-08,1.23378e-10,1.00636e-14,9.71982e-20,2.16587e-23,2.20787e-36,2.58213e-06
9094,0,0,0,0,0,0,0,0,0
9095,5.32243e-07,4.20145e-07,3.24708e-08,2.74951e-11,1.24453e-15,6.3087e-21,1.40263e-24,1.41725e-37,9.84886e-07
9096,0,0,0,0,0,0,0,0,0
9097,0,0,0,0,0,0,0,0,0
9098,0,0,0,0,0,0,0,0,0
9099,0,0,0,0,0,0,0,0,0
9100,0,0,0,0,0,0,0,0,0
9101,0,0,0,0,0,0,0,0,0
9102,0,0,0,0,0,0,0,0,0
9103,0,0,0,0,0,0,0,0,0
9104,0,0,0,0,0,0,0,0,0
9105,0,0,0,0,0,0,0,0,0
9106,2.11624e-06,1.67007e-06,1.44738e-07,1.79007e-10,1.43395e-14,1.35054e-19,2.97575e-23,2.9019e-36,3.93122e-06
9107,0,0,0,0,0,0,0,0,0
9108,0,0,0,0,0,0,0,0,0
9109,4.26259e-07,3.36368e-07,2.52043e-08,1.94162e-11,7.69394e-16,3.3791e-21,7.43007e-25,7.18685e-38,7.87851e-07
9110,5.32887e-07,4.20502e-07,3.2513e-08,2.76945e-11,1.27875e-15,6.75367e-21,1.48408e-24,1.43193e-37,9.8593e-07
9111,0,0,0,0,0,0,0,0,0
9112,0,0,0,0,0,0,0,0,0
9113,0,0,0,0,0,0,0,0,0
9114,8.8513e-07,6.98379e-07,5.78302e-08,6.09438e-11,3.79625e-15,2.7508e-20,6.02332e-24,5.73091e-37,1.6414e-06
9115,0,0,0,0,0,0,0,0,0
9116,0,0,0,0,0,0,0,0,0
9117,0,0,0,0,0,0,0,0,0
9118,0,0,0,0,0,0,0,0,0
9119,5.77394e-07,4.55518e-07,3.55266e-08,3.09641e-11,1.4511e-15,7.49917e-21,1.63581e-24,1.53315e-37,1.06847e-06
9120,0,0,0,0,0,0,0,0,0
9121,0,0,0,0,0,0,0,0,0
9122,0,0,0,0,0,0,0,0,0
9123,0,0,0,0,0,0,0,0,0
9124,0,0,0,0,0,0,0,0,0
9125,0,0,0,0,0,0,0,0,0
9126,0,0,0,0,0,0,0,0,0
9127,0,0,0,0,0,0,0,0,0
9128,8.14028e-07,6.42057e-07,5.24717e-08,5.3021e-11,3.08665e-15,2.04685e-20,4.43213e-24,4.03535e-37,1.50861e-06
9129,0,0,0,0,0,0,0,0,0
9130,0,0,0,0,0,0,0,0,0
9131,4.83918e-07,3.81652e-07,2.90925e-08,2.37721e-11,1.0375e-15,5.16858e-21,1.11598e-24,1.00467e-37,8.94686e-07
9132,0,0,0,0,0,0,0,0,0
9133,0,0,0,0,0,0,0,0,0
9134,0,0,0,0,0,0,0,0,0
9135,5.67052e-07,4.47168e-07,3.46224e-08,2.92272e-11,1.25548e-15,5.36481e-21,1.15422e-24,1.02457e-37,1.04887e-06
9136,0,0,0,0,0,0,0,0,0
9137,0,0,0,0,0,0,0,0,0
9138,0,0,0,0,0,0,0,0,0
9139,0,0,0,0,0,0,0,0,0
9140,0,0,0,0,0,0,0,0,0
9141,0,0,0,0,0,0,0,0,0
9142,0,0,0,0,0,0,0,0,0
9143,0,0,0,0,0,0,0,0,0
9144,0,0,0,0,0,0,0,0,0
9145,0,0,0,0,0,0,0,0,0
9146,0,0,0,0,0,0,0,0,0
9147,0,0,0,0,0,0,0,0,0
9148,0,0,0,0,0,0,0,0,0
9149,0,0,0,0,0,0,0,0,0
9150,0,0,0,0,0,0,0,0,0
9151,0,0,0,0,0,0,0,0,0
9152,0,0,0,0,0,0,0,0,0
9153,0,0,0,0,0,0,0,0,0
9154,0,0,0,0,0,0,0,0,0
9155,0,0,0,0,0,0,0,0,0
9156,0,0,0,0,0,0,0,0,0
9157,0,0,0,0,0,0,0,0,0
9158,0,0,0,0,0,0,0,0,0
9159,0,0,0,0,0,0,0,0,0
9160,0,0,0,0,0,0,0,0,0
9161,7.27105e-07,5.7301e-07,4.58828e-08,4.32786e-11,2.21232e-15,1.18253e-20,2.49109e-24,2.03487e-37,1.34604e-06
9162,0,0,0,0,0,0,0,0,0
9163,0,0,0,0,0,0,0,0,0
9164,0,0,0,0,0,0,0,0,0
9165,0,0,0,0,0,0,0,0,0
9166,0,0,0,0,0,0,0,0,0
9167,0,0,0,0,0,0,0,0,0
9168,0,0,0,0,0,0,0,0,0
9169,0,0,0,0,0,0,0,0,0
9170,0,0,0,0,0,0,0,0,0
9171,0,0,0,0,0,0,0,0,0
9172,0,0,0,0,0,0,0,0,0
9173,0,0,0,0,0,0,0,0,0
9174,0,0,0,0,0,0,0,0,0
9175,0,0,0,0,0,0,0,0,0
9176,0,0,0,0,0,0,0,0,0
9177,0,0,0,0,0,0,0,0,0
9178,0,0,0,0,0,0,0,0,0
9179,0,0,0,0,0,0,0,0,0
9180,0,0,0,0,0,0,0,0,0
9181,0,0,0,0,0,0,0,0,0
9182,0,0,0,0,0,0,0,0,0
9183,0,0,0,0,0,0,0,0,0
9184,0,0,0,0,0,0,0,0,0
9185,0,0,0,0,0,0,0,0,0
9186,0,0,0,0,0,0,0,0,0
9187,0,0,0,0,0,0,0,0,0
9188,0,0,0,0,0,0,0,0,0
9189,0,0,0,0,0,0,0,0,0
9190,0,0,0,0,0,0,0,0,0
9191,0,0,0,0,0,0,0,0,0
9192,0,0,0,0,0,0,0,0,0
9193,0,0,0,0,0,0,0,0,0
9194,0,0,0,0,0,0,0,0,0
9195,0,0,0,0,0,0,0,0,0
9196,0,0,0,0,0,0,0,0,0
9197,0,0,0,0,0,0,0,0,0
9198,9.22796e-07,7.26547e-07,5.97414e-08,6.0787e-11,3.33343e-15,1.76814e-20,3.61359e-24,2.61954e-37,1.70914e-06
9199,0,0,0,0,0,0,0,0,0
9200,0,0,0,0,0,0,0,0,0
9201,0,0,0,0,0,0,0,0,0
9202,0,0,0,0,0,0,0,0,0
9203,0,0,0,0,0,0,0,0,0
9204,0,0,0,0,0,0,0,0,0
9205,0,0,0,0,0,0,0,0,0
9206,0,0,0,0,0,0,0,0,0
9207,0,0,0,0,0,0,0,0,0
9208,5.80481e-07,4.5691e-07,3.54703e-08,3.07486e-11,1.43548e-15,7.36233e-21,1.49185e-24,1.04562e-37,1.07289e-06
9209,0,0,0,0,0,0,0,0,0
9210,0,0,0,0,0,0,0,0,0
9211,0,0,0,0,0,0,0,0,0
9212,0,0,0,0,0,0,0,0,0
9213,0,0,0,0,0,0,0,0,0
9214,0,0,0,0,0,0,0,0,0
9215,0,0,0,0,0,0,0,0,0
9216,0,0,0,0,0,0,0,0,0
9217,0,0,0,0,0,0,0,0,0
9218,0,0,0,0,0,0,0,0,0
9219,6.57792e-07,5.17622e-07,4.09063e-08,3.76754e-11,1.94636e-15,1.14657e-20,2.30284e-24,1.55863e-37,1.21636e-06
9220,5.19444e-07,4.08752e-07,3.11902e-08,2.55611e-11,1.08837e-15,4.94408e-21,9.92776e-25,6.71337e-38,9.59411e-07
9221,0,0,0,0,0,0,0,0,0
9222,0,0,0,0,0,0,0,0,0
9223,6.07422e-07,4.77939e-07,3.72383e-08,3.25495e-11,1.51384e-15,7.49385e-21,1.5004e-24,1.00303e-37,1.12263e-06
9224,0,0,0,0,0,0,0,0,0
9225,0,0,0,0,0,0,0,0,0
9226,0,0,0,0,0,0,0,0,0
9227,0,0,0,0,0,0,0,0,0
9228,0,0,0,0,0,0,0,0,0
9229,0,0,0,0,0,0,0,0,0
9230,0,0,0,0,0,0,0,0,0
9231,0,0,0,0,0,0,0,0,0
9232,0,0,0,0,0,0,0,0,0
9233,0,0,0,0,0,0,0,0,0
9234,0,0,0,0,0,0,0,0,0
9235,0,0,0,0,0,0,0,0,0
9236,1.24723e-06,9.81051e-07,8.44677e-08,1.01597e-10,7.63702e-15,6.67141e-20,1.32218e-23,8.49041e-37,2.31285e-06
9237,0,0,0,0,0,0,0,0,0
9238,0,0,0,0,0,0,0,0,0
9239,0,0,0,0,0,0,0,0,0
9240,0,0,0,0,0,0,0,0,0
9241,0,0,0,0,0,0,0,0,0
9242,0,0,0,0,0,0,0,0,0
9243,0,0,0,0,0,0,0,0,0
9244,0,0,0,0,0,0,0,0,0
9245,0,0,0,0,0,0,0,0,0
9246,0,0,0,0,0,0,0,0,0
9247,0,0,0,0,0,0,0,0,0
9248,0,0,0,0,0,0,0,0,0
9249,0,0,0,0,0,0,0,0,0
9250,0,0,0,0,0,0,0,0,0
9251,0,0,0,0,0,0,0,0,0
9252,0,0,0,0,0,0,0,0,0
9253,0,0,0,0,0,0,0,0,0
9254,0,0,0,0,0,0,0,0,0
9255,0,0,0,0,0,0,0,0,0
9256,0,0,0,0,0,0,0,0,0
9257,0,0,0,0,0,0,0,0,0
9258,0,0,0,0,0,0,0,0,0
9259,0,0,0,0,0,0,0,0,0
9260,0,0,0,0,0,0,0,0,0
9261,5.1778e-07,4.0701e-07,3.07968e-08,2.42736e-11,9.10678e-16,2.93816e-21,5.70084e-25,3.36712e-38,9.55611e-07
9262,0,0,0,0,0,0,0,0,0
9263,0,0,0,0,0,0,0,0,0
9264,5.56977e-07,4.37791e-07,3.37344e-08,2.8857e-11,1.34564e-15,7.09198e-21,1.37294e-24,8.03727e-38,1.02853e-06
9265,0,0,0,0,0,0,0,0,0
9266,0,0,0,0,0,0,0,0,0
9267,5.18744e-07,4.07714e-07,3.10523e-08,2.54961e-11,1.10277e-15,5.19566e-21,1.00379e-24,5.82929e-38,9.57536e-07
9268,0,0,0,0,0,0,0,0,0
9269,0,0,0,0,0,0,0,0,0
9270,0,0,0,0,0,0,0,0,0
9271,0,0,0,0,0,0,0,0,0
9272,0,0,0,0,0,0,0,0,0
9273,0,0,0,0,0,0,0,0,0
9274,0,0,0,0,0,0,0,0,0
9275,0,0,0,0,0,0,0,0,0
9276,0,0,0,0,0,0,0,0,0
9277,0,0,0,0,0,0,0,0,0
9278,0,0,0,0,0,0,0,0,0
9279,0,0,0,0,0,0,0,0,0
9280,0,0,0,0,0,0,0,0,0
9281,0,0,0,0,0,0,0,0,0
9282,0,0,0,0,0,0,0,0,0
9283,0,0,0,0,0,0,0,0,0
9284,0,0,0,0,0,0,0,0,0
9285,0,0,0,0,0,0,0,0,0
9286,0,0,0,0,0,0,0,0,0
9287,0,0,0,0,0,0,0,0,0
9288,4.602e-07,3.61501e-07,2.6844e-08,1.9935e-11,6.75439e-16,1.82145e-21,3.45682e-25,1.87122e-38,8.48565e-07
9289,0,0,0,0,0,0,0,0,0
9290,0,0,0,0,0,0,0,0,0
9291,0,0,0,0,0,0,0,0,0
9292,0,0,0,0,0,0,0,0,0
9293,0,0,0,0,0,0,0,0,0
9294,0,0,0,0,0,0,0,0,0
9295,0,0,0,0,0,0,0,0,0
9296,0,0,0,0,0,0,0,0,0
9297,0,0,0,0,0,0,0,0,0
9298,0,0,0,0,0,0,0,0,0
9299,0,0,0,0,0,0,0,0,0
9300,0,0,0,0,0,0,0,0,0
9301,1.89331e-06,1.48678e-06,1.3506e-07,1.93525e-10,1.88109e-14,2.18142e-19,4.09708e-23,2.12851e-36,3.51535e-06
9302,0,0,0,0,0,0,0,0,0
9303,0,0,0,0,0,0,0,0,0
9304,0,0,0,0,0,0,0,0,0
9305,0,0,0,0,0,0,0,0,0
9306,0,0,0,0,0,0,0,0,0
9307,0,0,0,0,0,0,0,0,0
9308,0,0,0,0,0,0,0,0,0
9309,0,0,0,0,0,0,0,0,0
9310,0,0,0,0,0,0,0,0,0
9311,0,0,0,0,0,0,0,0,0
9312,5.24927e-07,4.12099e-07,3.13702e-08,2.58732e-11,1.13427e-15,5.46029e-21,1.01636e-24,5.09632e-38,9.68423e-07
9313,0,0,0,0,0,0,0,0,0
9314,0,0,0,0,0,0,0,0,0
9315,0,0,0,0,0,0,0,0,0
9316,0,0,0,0,0,0,0,0,0
9317,0,0,0,0,0,0,0,0,0
9318,0,0,0,0,0,0,0,0,0
9319,0,0,0,0,0,0,0,0,0
9320,0,0,0,0,0,0,0,0,0
9321,0,0,0,0,0,0,0,0,0
9322,0,0,0,0,0,0,0,0,0
9323,0,0,0,0,0,0,0,0,0
9324,0,0,0,0,0,0,0,0,0
9325,0,0,0,0,0,0,0,0,0
9326,0,0,0,0,0,0,0,0,0
9327,0,0,0,0,0,0,0,0,0
9328,4.92502e-07,3.8649e-07,2.91381e-08,2.33552e-11,9.83391e-16,4.52518e-21,8.31565e-25,3.96389e-38,9.08153e-07
9329,0,0,0,0,0,0,0,0,0
9330,0,0,0,0,0,0,0,0,0
9331,0,0,0,0,0,0,0,0,0
9332,0,0,0,0,0,0,0,0,0
9333,0,0,0,0,0,0,0,0,0
9334,0,0,0,0,0,0,0,0,0
9335,0,0,0,0,0,0,0,0,0
9336,0,0,0,0,0,0,0,0,0
9337,0,0,0,0,0,0,0,0,0
9338,0,0,0,0,0,0,0,0,0
9339,0,0,0,0,0,0,0,0,0
9340,2.26255e-06,1.77497e-06,1.49944e-07,1.71942e-10,1.21637e-14,9.94684e-20,1.80936e-23,8.28544e-37,4.18764e-06
9341,0,0,0,0,0,0,0,0,0
9342,2.65033e-06,2.07907e-06,1.97066e-07,3.22871e-10,3.77167e-14,5.23929e-19,9.51286e-23,4.32452e-36,4.92679e-06
9343,0,0,0,0,0,0,0,0,0
9344,0,0,0,0,0,0,0,0,0
9345,0,0,0,0,0,0,0,0,0
9346,0,0,0,0,0,0,0,0,0
9347,0,0,0,0,0,0,0,0,0
9348,0,0,0,0,0,0,0,0,0
9349,0,0,0,0,0,0,0,0,0
9350,0,0,0,0,0,0,0,0,0
9351,0,0,0,0,0,0,0,0,0
9352,0,0,0,0,0,0,0,0,0
9353,0,0,0,0,0,0,0,0,0
9354,8.86777e-07,6.9543e-07,5.67332e-08,5.83306e-11,3.51306e-15,2.38717e-20,4.2926e-24,1.87834e-37,1.639e-06
9355,0,0,0,0,0,0,0,0,0
9356,0,0,0,0,0,0,0,0,0
9357,0,0,0,0,0,0,0,0,0
9358,0,0,0,0,0,0,0,0,0
9359,0,0,0,0,0,0,0,0,0
9360,0,0,0,0,0,0,0,0,0
9361,0,0,0,0,0,0,0,0,0
9362,0,0,0,0,0,0,0,0,0
9363,0,0,0,0,0,0,0,0,0
9364,0,0,0,0,0,0,0,0,0
9365,0,0,0,0,0,0,0,0,0
9366,0,0,0,0,0,0,0,0,0
9367,0,0,0,0,0,0,0,0,0
9368,0,0,0,0,0,0,0,0,0
9369,0,0,0,0,0,0,0,0,0
9370,0,0,0,0,0,0,0,0,0
9371,0,0,0,0,0,0,0,0,0
9372,0,0,0,0,0,0,0,0,0
9373,0,0,0,0,0,0,0,0,0
9374,0,0,0,0,0,0,0,0,0
9375,0,0,0,0,0,0,0,0,0
9376,0,0,0,0,0,0,0,0,0
9377,0,0,0,0,0,0,0,0,0
9378,0,0,0,0,0,0,0,0,0
9379,0,0,0,0,0,0,0,0,0
9380,0,0,0,0,0,0,0,0,0
9381,0,0,0,0,0,0,0,0,0
9382,0,0,0,0,0,0,0,0,0
9383,0,0,0,0,0,0,0,0,0
9384,0,0,0,0,0,0,0,0,0
9385,0,0,0,0,0,0,0,0,0
9386,0,0,0,0,0,0,0,0,0
9387,0,0,0,0,0,0,0,0,0
9388,0,0,0,0,0,0,0,0,0
9389,0,0,0,0,0,0,0,0,0
9390,0,0,0,0,0,0,0,0,0
9391,0,0,0,0,0,0,0,0,0
9392,0,0,0,0,0,0,0,0,0
9393,0,0,0,0,0,0,0,0,0
9394,0,0,0,0,0,0,0,0,0
9395,6.63057e-07,5.19449e-07,4.06584e-08,3.69642e-11,1.8833e-15,1.07775e-20,1.87457e-24,7.19346e-38,1.2232e-06
9396,0,0,0,0,0,0,0,0,0
9397,0,0,0,0,0,0,0,0,0
9398,0,0,0,0,0,0,0,0,0
9399,0,0,0,0,0,0,0,0,0
9400,0,0,0,0,0,0,0,0,0
9401,0,0,0,0,0,0,0,0,0
9402,0,0,0,0,0,0,0,0,0
9403,0,0,0,0,0,0,0,0,0
9404,0,0,0,0,0,0,0,0,0
9405,0,0,0,0,0,0,0,0,0
9406,0,0,0,0,0,0,0,0,0
9407,0,0,0,0,0,0,0,0,0
9408,0,0,0,0,0,0,0,0,0
9409,0,0,0,0,0,0,0,0,0
9410,0,0,0,0,0,0,0,0,0
9411,0,0,0,0,0,0,0,0,0
9412,0,0,0,0,0,0,0,0,0
9413,0,0,0,0,0,0,0,0,0
9414,0,0,0,0,0,0,0,0,0
9415,0,0,0,0,0,0,0,0,0
9416,0,0,0,0,0,0,0,0,0
9417,0,0,0,0,0,0,0,0,0
9418,0,0,0,0,0,0,0,0,0
9419,0,0,0,0,0,0,0,0,0
9420,0,0,0,0,0,0,0,0,0
9421,0,0,0,0,0,0,0,0,0
9422,0,0,0,0,0,0,0,0,0
9423,0,0,0,0,0,0,0,0,0
9424,0,0,0,0,0,0,0,0,0
9425,0,0,0,0,0,0,0,0,0
9426,0,0,0,0,0,0,0,0,0
9427,0,0,0,0,0,0,0,0,0
9428,0,0,0,0,0,0,0,0,0
9429,0,0,0,0,0,0,0,0,0
9430,0,0,0,0,0,0,0,0,0
9431,0,0,0,0,0,0,0,0,0
9432,0,0,0,0,0,0,0,0,0
9433,0,0,0,0,0,0,0,0,0
9434,0,0,0,0,0,0,0,0,0
9435,0,0,0,0,0,0,0,0,0
9436,0,0,0,0,0,0,0,0,0
9437,0,0,0,0,0,0,0,0,0
9438,0,0,0,0,0,0,0,0,0
9439,0,0,0,0,0,0,0,0,0
9440,0,0,0,0,0,0,0,0,0
9441,0,0,0,0,0,0,0,0,0
9442,0,0,0,0,0,0,0,0,0
9443,0,0,0,0,0,0,0,0,0
9444,0,0,0,0,0,0,0,0,0
9445,0,0,0,0,0,0,0,0,0
9446,0,0,0,0,0,0,0,0,0
9447,0,0,0,0,0,0,0,0,0
9448,0,0,0,0,0,0,0,0,0
9449,0,0,0,0,0,0,0,0,0
9450,0,0,0,0,0,0,0,0,0
9451,0,0,0,0,0,0,0,0,0
9452,0,0,0,0,0,0,0,0,0
9453,0,0,0,0,0,0,0,0,0
9454,0,0,0,0,0,0,0,0,0
9455,0,0,0,0,0,0,0,0,0
9456,0,0,0,0,0,0,0,0,0
9457,0,0,0,0,0,0,0,0,0
9458,0,0,0,0,0,0,0,0,0
9459,0,0,0,0,0,0,0,0,0
9460,0,0,0,0,0,0,0,0,0
9461,0,0,0,0,0,0,0,0,0
9462,0,0,0,0,0,0,0,0,0
9463,0,0,0,0,0,0,0,0,0
9464,0,0,0,0,0,0,0,0,0
9465,0,0,0,0,0,0,0,0,0
9466,0,0,0,0,0,0,0,0,0
9467,5.09828e-07,3.98679e-07,2.99633e-08,2.41462e-11,1.03431e-15,4.84606e-21,7.94515e-25,2.41464e-38,9.38495e-07
9468,0,0,0,0,0,0,0,0,0
9469,0,0,0,0,0,0,0,0,0
9470,0,0,0,0,0,0,0,0,0
9471,0,0,0,0,0,0,0,0,0
9472,0,0,0,0,0,0,0,0,0
9473,0,0,0,0,0,0,0,0,0
9474,0,0,0,0,0,0,0,0,0
9475,0,0,0,0,0,0,0,0,0
9476,0,0,0,0,0,0,0,0,0
9477,0,0,0,0,0,0,0,0,0
9478,0,0,0,0,0,0,0,0,0
9479,0,0,0,0,0,0,0,0,0
9480,0,0,0,0,0,0,0,0,0
9481,0,0,0,0,0,0,0,0,0
9482,0,0,0,0,0,0,0,0,0
9483,0,0,0,0,0,0,0,0,0
9484,0,0,0,0,0,0,0,0,0
9485,0,0,0,0,0,0,0,0,0
9486,0,0,0,0,0,0,0,0,0
9487,0,0,0,0,0,0,0,0,0
9488,0,0,0,0,0,0,0,0,0
9489,0,0,0,0,0,0,0,0,0
9490,0,0,0,0,0,0,0,0,0
9491,0,0,0,0,0,0,0,0,0
9492,0,0,0,0,0,0,0,0,0
9493,0,0,0,0,0,0,0,0,0
9494,0,0,0,0,0,0,0,0,0
9495,0,0,0,0,0,0,0,0,0
9496,0,0,0,0,0,0,0,0,0
9497,1.34739e-06,1.05285e-06,9.01863e-08,1.09542e-10,8.42451e-15,7.41512e-20,1.18654e-23,3.27652e-37,2.49054e-06
9498,0,0,0,0,0,0,0,0,0
9499,0,0,0,0,0,0,0,0,0
9500,0,0,0,0,0,0,0,0,0
9501,0,0,0,0,0,0,0,0,0
9502,0,0,0,0,0,0,0,0,0
9503,0,0,0,0,0,0,0,0,0
9504,0,0,0,0,0,0,0,0,0
9505,0,0,0,0,0,0,0,0,0
9506,0,0,0,0,0,0,0,0,0
9507,0,0,0,0,0,0,0,0,0
9508,0,0,0,0,0,0,0,0,0
9509,0,0,0,0,0,0,0,0,0
9510,0,0,0,0,0,0,0,0,0
9511,0,0,0,0,0,0,0,0,0
9512,1.2112e-06,9.46074e-07,7.98263e-08,9.27328e-11,6.71858e-15,5.57133e-20,8.80597e-24,2.31635e-37,2.2372e-06
9513,0,0,0,0,0,0,0,0,0
9514,0,0,0,0,0,0,0,0,0
9515,0,0,0,0,0,0,0,0,0
9516,0,0,0,0,0,0,0,0,0
9517,0,0,0,0,0,0,0,0,0
9518,0,0,0,0,0,0,0,0,0
9519,0,0,0,0,0,0,0,0,0
9520,0,0,0,0,0,0,0,0,0
9521,0,0,0,0,0,0,0,0,0
9522,0,0,0,0,0,0,0,0,0
9523,0,0,0,0,0,0,0,0,0
9524,0,0,0,0,0,0,0,0,0
9525,0,0,0,0,0,0,0,0,0
9526,0,0,0,0,0,0,0,0,0
9527,0,0,0,0,0,0,0,0,0
9528,0,0,0,0,0,0,0,0,0
9529,0,0,0,0,0,0,0,0,0
9530,0,0,0,0,0,0,0,0,0
9531,0,0,0,0,0,0,0,0,0
9532,0,0,0,0,0,0,0,0,0
9533,0,0,0,0,0,0,0,0,0
9534,0,0,0,0,0,0,0,0,0
9535,0,0,0,0,0,0,0,0,0
9536,0,0,0,0,0,0,0,0,0
9537,0,0,0,0,0,0,0,0,0
9538,0,0,0,0,0,0,0,0,0
9539,0,0,0,0,0,0,0,0,0
9540,0,0,0,0,0,0,0,0,0
9541,0,0,0,0,0,0,0,0,0
9542,0,0,0,0,0,0,0,0,0
9543,0,0,0,0,0,0,0,0,0
9544,0,0,0,0,0,0,0,0,0
9545,0,0,0,0,0,0,0,0,0
9546,0,0,0,0,0,0,0,0,0
9547,0,0,0,0,0,0,0,0,0
9548,0,0,0,0,0,0,0,0,0
9549,0,0,0,0,0,0,0,0,0
9550,0,0,0,0,0,0,0,0,0
9551,0,0,0,0,0,0,0,0,0
9552,0,0,0,0,0,0,0,0,0
9553,0,0,0,0,0,0,0,0,0
9554,0,0,0,0,0,0,0,0,0
9555,0,0,0,0,0,0,0,0,0
9556,0,0,0,0,0,0,0,0,0
9557,5.62429e-07,4.38807e-07,3.32176e-08,2.75634e-11,1.22564e-15,5.86258e-21,8.92523e-25,2.02474e-38,1.03448e-06
9558,0,0,0,0,0,0,0,0,0
9559,0,0,0,0,0,0,0,0,0
9560,0,0,0,0,0,0,0,0,0
9561,0,0,0,0,0,0,0,0,0
9562,0,0,0,0,0,0,0,0,0
9563,0,0,0,0,0,0,0,0,0
9564,0,0,0,0,0,0,0,0,0
9565,0,0,0,0,0,0,0,0,0
9566,0,0,0,0,0,0,0,0,0
9567,0,0,0,0,0,0,0,0,0
9568,0,0,0,0,0,0,0,0,0
9569,0,0,0,0,0,0,0,0,0
9570,0,0,0,0,0,0,0,0,0
9571,0,0,0,0,0,0,0,0,0
9572,0,0,0,0,0,0,0,0,0
9573,0,0,0,0,0,0,0,0,0
9574,0,0,0,0,0,0,0,0,0
9575,0,0,0,0,0,0,0,0,0
9576,6.92412e-07,5.39966e-07,4.18892e-08,3.73025e-11,1.78728e-15,8.80564e-21,1.32042e-24,2.8216e-38,1.2743e-06
9577,0,0,0,0,0,0,0,0,0
9578,0,0,0,0,0,0,0,0,0
9579,0,0,0,0,0,0,0,0,0
9580,0,0,0,0,0,0,0,0,0
9581,0,0,0,0,0,0,0,0,0
9582,0,0,0,0,0,0,0,0,0
9583,0,0,0,0,0,0,0,0,0
9584,0,0,0,0,0,0,0,0,0
9585,0,0,0,0,0,0,0,0,0
9586,0,0,0,0,0,0,0,0,0
9587,0,0,0,0,0,0,0,0,0
9588,0,0,0,0,0,0,0,0,0
9589,0,0,0,0,0,0,0,0,0
9590,0,0,0,0,0,0,0,0,0
9591,0,0,0,0,0,0,0,0,0
9592,0,0,0,0,0,0,0,0,0
9593,0,0,0,0,0,0,0,0,0
9594,0,0,0,0,0,0,0,0,0
9595,0,0,0,0,0,0,0,0,0
9596,0,0,0,0,0,0,0,0,0
9597,0,0,0,0,0,0,0,0,0
9598,0,0,0,0,0,0,0,0,0
9599,0,0,0,0,0,0,0,0,0
9600,0,0,0,0,0,0,0,0,0
9601,0,0,0,0,0,0,0,0,0
9602,6.82852e-07,5.32162e-07,4.1239e-08,3.69315e-11,1.82713e-15,9.72329e-21,1.42736e-24,2.80466e-38,1.25629e-06
9603,0,0,0,0,0,0,0,0,0
9604,0,0,0,0,0,0,0,0,0
9605,0,0,0,0,0,0,0,0,0
9606,0,0,0,0,0,0,0,0,0
9607,0,0,0,0,0,0,0,0,0
9608,0,0,0,0,0,0,0,0,0
9609,0,0,0,0,0,0,0,0,0
9610,0,0,0,0,0,0,0,0,0
9611,0,0,0,0,0,0,0,0,0
9612,0,0,0,0,0,0,0,0,0
9613,0,0,0,0,0,0,0,0,0
9614,0,0,0,0,0,0,0,0,0
9615,0,0,0,0,0,0,0,0,0
9616,0,0,0,0,0,0,0,0,0
9617,0,0,0,0,0,0,0,0,0
9618,0,0,0,0,0,0,0,0,0
9619,0,0,0,0,0,0,0,0,0
9620,0,0,0,0,0,0,0,0,0
9621,0,0,0,0,0,0,0,0,0
9622,0,0,0,0,0,0,0,0,0
9623,0,0,0,0,0,0,0,0,0
9624,0,0,0,0,0,0,0,0,0
9625,0,0,0,0,0,0,0,0,0
9626,0,0,0,0,0,0,0,0,0
9627,0,0,0,0,0,0,0,0,0
9628,0,0,0,0,0,0,0,0,0
9629,0,0,0,0,0,0,0,0,0
9630,0,0,0,0,0,0,0,0,0
9631,0,0,0,0,0,0,0,0,0
9632,0,0,0,0,0,0,0,0,0
9633,0,0,0,0,0,0,0,0,0
9634,0,0,0,0,0,0,0,0,0
9635,0,0,0,0,0,0,0,0,0
9636,0,0,0,0,0,0,0,0,0
9637,0,0,0,0,0,0,0,0,0
9638,0,0,0,0,0,0,0,0,0
9639,0,0,0,0,0,0,0,0,0
9640,0,0,0,0,0,0,0,0,0
9641,0,0,0,0,0,0,0,0,0
9642,0,0,0,0,0,0,0,0,0
9643,0,0,0,0,0,0,0,0,0
9644,0,0,0,0,0,0,0,0,0
9645,0,0,0,0,0,0,0,0,0
9646,0,0,0,0,0,0,0,0,0
9647,0,0,0,0,0,0,0,0,0
9648,0,0,0,0,0,0,0,0,0
9649,0,0,0,0,0,0,0,0,0
9650,0,0,0,0,0,0,0,0,0
9651,4.78022e-07,3.72072e-07,2.74141e-08,2.11449e-11,8.56115e-16,3.72847e-21,5.25784e-25,8.81654e-39,8.7753e-07
9652,0,0,0,0,0,0,0,0,0
9653,0,0,0,0,0,0,0,0,0
9654,0,0,0,0,0,0,0,0,0
9655,0,0,0,0,0,0,0,0,0
9656,0,0,0,0,0,0,0,0,0
9657,0,0,0,0,0,0,0,0,0
9658,5.78389e-07,4.50112e-07,3.40038e-08,2.83291e-11,1.27366e-15,6.15002e-21,8.62162e-25,1.41239e-38,1.06253e-06
9659,0,0,0,0,0,0,0,0,0
9660,0,0,0,0,0,0,0,0,0
9661,0,0,0,0,0,0,0,0,0
9662,0,0,0,0,0,0,0,0,0
9663,0,0,0,0,0,0,0,0,0
9664,0,0,0,0,0,0,0,0,0
9665,0,0,0,0,0,0,0,0,0
9666,0,0,0,0,0,0,0,0,0
9667,0,0,0,0,0,0,0,0,0
9668,0,0,0,0,0,0,0,0,0
9669,0,0,0,0,0,0,0,0,0
9670,0,0,0,0,0,0,0,0,0
9671,0,0,0,0,0,0,0,0,0
9672,0,0,0,0,0,0,0,0,0
9673,0,0,0,0,0,0,0,0,0
9674,0,0,0,0,0,0,0,0,0
9675,0,0,0,0,0,0,0,0,0
9676,0,0,0,0,0,0,0,0,0
9677,0,0,0,0,0,0,0,0,0
9678,0,0,0,0,0,0,0,0,0
9679,0,0,0,0,0,0,0,0,0
9680,0,0,0,0,0,0,0,0,0
9681,0,0,0,0,0,0,0,0,0
9682,0,0,0,0,0,0,0,0,0
9683,0,0,0,0,0,0,0,0,0
9684,0,0,0,0,0,0,0,0,0
9685,4.84048e-07,3.76433e-07,2.76357e-08,2.096e-11,8.02472e-16,3.06934e-21,4.20736e-25,6.30807e-39,8.88137e-07
9686,0,0,0,0,0,0,0,0,0
9687,0,0,0,0,0,0,0,0,0
9688,0,0,0,0,0,0,0,0,0
9689,0,0,0,0,0,0,0,0,0
9690,0,0,0,0,0,0,0,0,0
9691,0,0,0,0,0,0,0,0,0
9692,0,0,0,0,0,0,0,0,0
9693,4.29294e-07,3.33785e-07,2.41049e-08,1.74054e-11,6.25211e-16,2.26751e-21,3.08804e-25,4.51229e-39,7.87202e-07
9694,0,0,0,0,0,0,0,0,0
9695,0,0,0,0,0,0,0,0,0
9696,0,0,0,0,0,0,0,0,0
9697,0,0,0,0,0,0,0,0,0
9698,0,0,0,0,0,0,0,0,0
9699,0,0,0,0,0,0,0,0,0
9700,0,0,0,0,0,0,0,0,0
9701,0,0,0,0,0,0,0,0,0
9702,0,0,0,0,0,0,0,0,0
9703,0,0,0,0,0,0,0,0,0
9704,0,0,0,0,0,0,0,0,0
9705,0,0,0,0,0,0,0,0,0
9706,0,0,0,0,0,0,0,0,0
9707,0,0,0,0,0,0,0,0,0
9708,0,0,0,0,0,0,0,0,0
9709,0,0,0,0,0,0,0,0,0
9710,0,0,0,0,0,0,0,0,0
9711,0,0,0,0,0,0,0,0,0
9712,0,0,0,0,0,0,0,0,0
9713,0,0,0,0,0,0,0,0,0
9714,0,0,0,0,0,0,0,0,0
9715,0,0,0,0,0,0,0,0,0
9716,0,0,0,0,0,0,0,0,0
9717,0,0,0,0,0,0,0,0,0
9718,0,0,0,0,0,0,0,0,0
9719,0,0,0,0,0,0,0,0,0
9720,0,0,0,0,0,0,0,0,0
9721,0,0,0,0,0,0,0,0,0
9722,0,0,0,0,0,0,0,0,0
9723,0,0,0,0,0,0,0,0,0
9724,0,0,0,0,0,0,0,0,0
9725,0,0,0,0,0,0,0,0,0
9726,0,0,0,0,0,0,0,0,0
9727,0,0,0,0,0,0,0,0,0
9728,0,0,0,0,0,0,0,0,0
9729,0,0,0,0,0,0,0,0,0
9730,0,0,0,0,0,0,0,0,0
9731,0,0,0,0,0,0,0,0,0
9732,0,0,0,0,0,0,0,0,0
9733,0,0,0,0,0,0,0,0,0
9734,0,0,0,0,0,0,0,0,0
9735,0,0,0,0,0,0,0,0,0
9736,0,0,0,0,0,0,0,0,0
9737,0,0,0,0,0,0,0,0,0
9738,0,0,0,0,0,0,0,0,0
9739,0,0,0,0,0,0,0,0,0
9740,0,0,0,0,0,0,0,0,0
9741,0,0,0,0,0,0,0,0,0
9742,0,0,0,0,0,0,0,0,0
9743,0,0,0,0,0,0,0,0,0
9744,0,0,0,0,0,0,0,0,0
9745,0,0,0,0,0,0,0,0,0
9746,0,0,0,0,0,0,0,0,0
9747,0,0,0,0,0,0,0,0,0
9748,0,0,0,0,0,0,0,0,0
9749,0,0,0,0,0,0,0,0,0
9750,0,0,0,0,0,0,0,0,0
9751,0,0,0,0,0,0,0,0,0
9752,0,0,0,0,0,0,0,0,0
9753,0,0,0,0,0,0,0,0,0
9754,0,0,0,0,0,0,0,0,0
9755,0,0,0,0,0,0,0,0,0
9756,0,0,0,0,0,0,0,0,0
9757,0,0,0,0,0,0,0,0,0
9758,0,0,0,0,0,0,0,0,0
9759,0,0,0,0,0,0,0,0,0
9760,0,0,0,0,0,0,0,0,0
9761,0,0,0,0,0,0,0,0,0
9762,0,0,0,0,0,0,0,0,0
9763,0,0,0,0,0,0,0,0,0
9764,0,0,0,0,0,0,0,0,0
9765,0,0,0,0,0,0,0,0,0
9766,0,0,0,0,0,0,0,0,0
9767,0,0,0,0,0,0,0,0,0
9768,0,0,0,0,0,0,0,0,0
9769,0,0,0,0,0,0,0,0,0
9770,0,0,0,0,0,0,0,0,0
9771,0,0,0,0,0,0,0,0,0
9772,0,0,0,0,0,0,0,0,0
9773,0,0,0,0,0,0,0,0,0
9774,0,0,0,0,0,0,0,0,0
9775,9.10524e-07,7.06489e-07,5.62571e-08,5.55169e-11,3.12059e-15,1.82635e-20,2.32601e-24,2.60861e-38,1.67333e-06
9776,0,0,0,0,0,0,0,0,0
9777,0,0,0,0,0,0,0,0,0
9778,0,0,0,0,0,0,0,0,0
9779,0,0,0,0,0,0,0,0,0
9780,0,0,0,0,0,0,0,0,0
9781,0,0,0,0,0,0,0,0,0
9782,0,0,0,0,0,0,0,0,0
9783,0,0,0,0,0,0,0,0,0
9784,0,0,0,0,0,0,0,0,0
9785,0,0,0,0,0,0,0,0,0
9786,0,0,0,0,0,0,0,0,0
9787,0,0,0,0,0,0,0,0,0
9788,0,0,0,0,0,0,0,0,0
9789,0,0,0,0,0,0,0,0,0
9790,0,0,0,0,0,0,0,0,0
9791,0,0,0,0,0,0,0,0,0
9792,0,0,0,0,0,0,0,0,0
9793,0,0,0,0,0,0,0,0,0
9794,0,0,0,0,0,0,0,0,0
9795,0,0,0,0,0,0,0,0,0
9796,0,0,0,0,0,0,0,0,0
9797,0,0,0,0,0,0,0,0,0
9798,0,0,0,0,0,0,0,0,0
9799,0,0,0,0,0,0,0,0,0
9800,0,0,0,0,0,0,0,0,0
9801,0,0,0,0,0,0,0,0,0
9802,0,0,0,0,0,0,0,0,0
9803,0,0,0,0,0,0,0,0,0
9804,0,0,0,0,0,0,0,0,0
9805,0,0,0,0,0,0,0,0,0
9806,0,0,0,0,0,0,0,0,0
9807,0,0,0,0,0,0,0,0,0
9808,0,0,0,0,0,0,0,0,0
9809,0,0,0,0,0,0,0,0,0
9810,0,0,0,0,0,0,0,0,0
9811,0,0,0,0,0,0,0,0,0
9812,0,0,0,0,0,0,0,0,0
9813,0,0,0,0,0,0,0,0,0
9814,0,0,0,0,0,0,0,0,0
9815,0,0,0,0,0,0,0,0,0
9816,0,0,0,0,0,0,0,0,0
9817,0,0,0,0,0,0,0,0,0
9818,0,0,0,0,0,0,0,0,0
9819,0,0,0,0,0,0,0,0,0
9820,0,0,0,0,0,0,0,0,0
9821,0,0,0,0,0,0,0,0,0
9822,4.45325e-07,3.45125e-07,2.49066e-08,1.8274e-11,6.87863e-16,2.70177e-21,3.31121e-25,3.19061e-39,8.15375e-07
9823,0,0,0,0,0,0,0,0,0
9824,0,0,0,0,0,0,0,0,0
9825,0,0,0,0,0,0,0,0,0
9826,0,0,0,0,0,0,0,0,0
9827,0,0,0,0,0,0,0,0,0
9828,0,0,0,0,0,0,0,0,0
9829,0,0,0,0,0,0,0,0,0
9830,0,0,0,0,0,0,0,0,0
9831,8.40556e-07,6.51284e-07,6.11114e-08,9.24112e-11,8.65023e-15,8.44181e-20,1.02721e-23,9.62192e-38,1.55304e-06
9832,0,0,0,0,0,0,0,0,0
9833,0,0,0,0,0,0,0,0,0
9834,0,0,0,0,0,0,0,0,0
9835,0,0,0,0,0,0,0,0,0
9836,0,0,0,0,0,0,0,0,0
9837,0,0,0,0,0,0,0,0,0
9838,0,0,0,0,0,0,0,0,0
9839,0,0,0,0,0,0,0,0,0
9840,0,0,0,0,0,0,0,0,0
9841,0,0,0,0,0,0,0,0,0
9842,0,0,0,0,0,0,0,0,0
9843,0,0,0,0,0,0,0,0,0
9844,0,0,0,0,0,0,0,0,0
9845,0,0,0,0,0,0,0,0,0
9846,0,0,0,0,0,0,0,0,0
9847,0,0,0,0,0,0,0,0,0
9848,0,0,0,0,0,0,0,0,0
9849,0,0,0,0,0,0,0,0,0
9850,0,0,0,0,0,0,0,0,0
9851,0,0,0,0,0,0,0,0,0
9852,0,0,0,0,0,0,0,0,0
9853,0,0,0,0,0,0,0,0,0
9854,0,0,0,0,0,0,0,0,0
9855,0,0,0,0,0,0,0,0,0
9856,0,0,0,0,0,0,0,0,0
9857,0,0,0,0,0,0,0,0,0
9858,0,0,0,0,0,0,0,0,0
9859,0,0,0,0,0,0,0,0,0
9860,0,0,0,0,0,0,0,0,0
9861,0,0,0,0,0,0,0,0,0
9862,0,0,0,0,0,0,0,0,0
9863,0,0,0,0,0,0,0,0,0
9864,0,0,0,0,0,0,0,0,0
9865,0,0,0,0,0,0,0,0,0
9866,0,0,0,0,0,0,0,0,0
9867,0,0,0,0,0,0,0,0,0
9868,0,0,0,0,0,0,0,0,0
9869,0,0,0,0,0,0,0,0,0
9870,0,0,0,0,0,0,0,0,0
9871,0,0,0,0,0,0,0,0,0
9872,0,0,0,0,0,0,0,0,0
9873,0,0,0,0,0,0,0,0,0
9874,0,0,0,0,0,0,0,0,0
9875,0,0,0,0,0,0,0,0,0
9876,0,0,0,0,0,0,0,0,0
9877,0,0,0,0,0,0,0,0,0
9878,0,0,0,0,0,0,0,0,0
9879,0,0,0,0,0,0,0,0,0
9880,0,0,0,0,0,0,0,0,0
9881,0,0,0,0,0,0,0,0,0
9882,0,0,0,0,0,0,0,0,0
9883,0,0,0,0,0,0,0,0,0
9884,0,0,0,0,0,0,0,0,0
9885,0,0,0,0,0,0,0,0,0
9886,0,0,0,0,0,0,0,0,0
9887,0,0,0,0,0,0,0,0,0
9888,0,0,0,0,0,0,0,0,0
9889,0,0,0,0,0,0,0,0,0
9890,0,0,0,0,0,0,0,0,0
9891,0,0,0,0,0,0,0,0,0
9892,0,0,0,0,0,0,0,0,0
9893,0,0,0,0,0,0,0,0,0
9894,6.34446e-07,4.90805e-07,3.70067e-08,3.1325e-11,1.44608e-15,7.02029e-21,8.11384e-25,6.2022e-39,1.16229e-06
9895,0,0,0,0,0,0,0,0,0
9896,0,0,0,0,0,0,0,0,0
9897,0,0,0,0,0,0,0,0,0
9898,0,0,0,0,0,0,0,0,0
9899,0,0,0,0,0,0,0,0,0
9900,0,0,0,0,0,0,0,0,0
9901,0,0,0,0,0,0,0,0,0
9902,0,0,0,0,0,0,0,0,0
9903,0,0,0,0,0,0,0,0,0
9904,0,0,0,0,0,0,0,0,0
9905,0,0,0,0,0,0,0,0,0
9906,0,0,0,0,0,0,0,0,0
9907,0,0,0,0,0,0,0,0,0
9908,0,0,0,0,0,0,0,0,0
9909,0,0,0,0,0,0,0,0,0
9910,0,0,0,0,0,0,0,0,0
9911,0,0,0,0,0,0,0,0,0
9912,0,0,0,0,0,0,0,0,0
9913,0,0,0,0,0,0,0,0,0
9914,0,0,0,0,0,0,0,0,0
9915,0,0,0,0,0,0,0,0,0
9916,0,0,0,0,0,0,0,0,0
9917,0,0,0,0,0,0,0,0,0
9918,0,0,0,0,0,0,0,0,0
9919,0,0,0,0,0,0,0,0,0
9920,0,0,0,0,0,0,0,0,0
9921,0,0,0,0,0,0,0,0,0
9922,0,0,0,0,0,0,0,0,0
9923,0,0,0,0,0,0,0,0,0
9924,0,0,0,0,0,0,0,0,0
9925,0,0,0,0,0,0,0,0,0
9926,0,0,0,0,0,0,0,0,0
9927,0,0,0,0,0,0,0,0,0
9928,0,0,0,0,0,0,0,0,0
9929,0,0,0,0,0,0,0,0,0
9930,0,0,0,0,0,0,0,0,0
9931,0,0,0,0,0,0,0,0,0
9932,0,0,0,0,0,0,0,0,0
9933,0,0,0,0,0,0,0,0,0
9934,0,0,0,0,0,0,0,0,0
9935,0,0,0,0,0,0,0,0,0
9936,0,0,0,0,0,0,0,0,0
9937,0,0,0,0,0,0,0,0,0
9938,0,0,0,0,0,0,0,0,0
9939,0,0,0,0,0,0,0,0,0
9940,0,0,0,0,0,0,0,0,0
9941,0,0,0,0,0,0,0,0,0
9942,0,0,0,0,0,0,0,0,0
9943,0,0,0,0,0,0,0,0,0
9944,0,0,0,0,0,0,0,0,0
9945,0,0,0,0,0,0,0,0,0
9946,0,0,0,0,0,0,0,0,0
9947,0,0,0,0,0,0,0,0,0
9948,0,0,0,0,0,0,0,0,0
9949,0,0,0,0,0,0,0,0,0
9950,0,0,0,0,0,0,0,0,0
9951,0,0,0,0,0,0,0,0,0
9952,0,0,0,0,0,0,0,0,0
9953,0,0,0,0,0,0,0,0,0
9954,0,0,0,0,0,0,0,0,0
9955,0,0,0,0,0,0,0,0,0
9956,0,0,0,0,0,0,0,0,0
9957,0,0,0,0,0,0,0,0,0
9958,0,0,0,0,0,0,0,0,0
9959,0,0,0,0,0,0,0,0,0
9960,0,0,0,0,0,0,0,0,0
9961,0,0,0,0,0,0,0,0,0
9962,5.24645e-07,4.05161e-07,2.96524e-08,2.3045e-11,9.46474e-16,4.05048e-21,4.42544e-25,2.70906e-39,9.59481e-07
9963,0,0,0,0,0,0,0,0,0
9964,0,0,0,0,0,0,0,0,0
9965,0,0,0,0,0,0,0,0,0
9966,0,0,0,0,0,0,0,0,0
9967,0,0,0,0,0,0,0,0,0
9968,0,0,0,0,0,0,0,0,0
9969,0,0,0,0,0,0,0,0,0
9970,0,0,0,0,0,0,0,0,0
9971,0,0,0,0,0,0,0,0,0
9972,0,0,0,0,0,0,0,0,0
9973,0,0,0,0,0,0,0,0,0
9974,0,0,0,0,0,0,0,0,0
9975,4.99993e-07,3.85993e-07,2.80478e-08,2.1355e-11,8.53649e-16,3.55573e-21,3.84278e-25,2.25325e-39,9.14055e-07
9976,0,0,0,0,0,0,0,0,0
9977,0,0,0,0,0,0,0,0,0
9978,0,0,0,0,0,0,0,0,0
9979,0,0,0,0,0,0,0,0,0
9980,0,0,0,0,0,0,0,0,0
9981,0,0,0,0,0,0,0,0,0
9982,0,0,0,0,0,0,0,0,0
9983,0,0,0,0,0,0,0,0,0
9984,0,0,0,0,0,0,0,0,0
9985,0,0,0,0,0,0,0,0,0
9986,0,0,0,0,0,0,0,0,0
9987,0,0,0,0,0,0,0,0,0
9988,0,0,0,0,0,0,0,0,0
9989,0,0,0,0,0,0,0,0,0
9990,0,0,0,0,0,0,0,0,0
9991,0,0,0,0,0,0,0,0,0
9992,0,0,0,0,0,0,0,0,0
9993,0,0,0,0,0,0,0,0,0
9994,0,0,0,0,0,0,0,0,0
9995,0,0,0,0,0,0,0,0,0
9996,0,0,0,0,0,0,0,0,0
9997,0,0,0,0,0,0,0,0,0
9998,0,0,0,0,0,0,0,0,0
9999,0,0,0,0,0,0,0,0,0
10000,0,0,0,0,0,0,0,0,0
10001,0,0,0,0,0,0,0,0,0
10002,0,0,0,0,0,0,0,0,0
10003,0,0,0,0,0,0,0,0,0
10004,1.11425e-06,8.59577e-07,6.33146e-08,5.04417e-11,2.15177e-15,9.56901e-21,1.01033e-24,5.40321e-39,2.03719e-06
10005,0,0,0,0,0,0,0,0,0
10006,0,0,0,0,0,0,0,0,0
10007,0,0,0,0,0,0,0,0,0
10008,0,0,0,0,0,0,0,0,0
10009,0,0,0,0,0,0,0,0,0
10010,0,0,0,0,0,0,0,0,0
10011,0,0,0,0,0,0,0,0,0
10012,0,0,0,0,0,0,0,0,0
10013,0,0,0,0,0,0,0,0,0
10014,0,0,0,0,0,0,0,0,0
10015,0,0,0,0,0,0,0,0,0
10016,0,0,0,0,0,0,0,0,0
10017,0,0,0,0,0,0,0,0,0
10018,0,0,0,0,0,0,0,0,0
10019,0,0,0,0,0,0,0,0,0
10020,0,0,0,0,0,0,0,0,0
10021,0,0,0,0,0,0,0,0,0
10022,0,0,0,0,0,0,0,0,0
10023,0,0,0,0,0,0,0,0,0
10024,0,0,0,0,0,0,0,0,0
10025,0,0,0,0,0,0,0,0,0
10026,0,0,0,0,0,0,0,0,0
10027,0,0,0,0,0,0,0,0,0
10028,0,0,0,0,0,0,0,0,0
10029,0,0,0,0,0,0,0,0,0
10030,0,0,0,0,0,0,0,0,0
10031,0,0,0,0,0,0,0,0,0
10032,0,0,0,0,0,0,0,0,0
10033,0,0,0,0,0,0,0,0,0
10034,0,0,0,0,0,0,0,0,0
10035,0,0,0,0,0,0,0,0,0
10036,0,0,0,0,0,0,0,0,0
10037,0,0,0,0,0,0,0,0,0
10038,0,0,0,0,0,0,0,0,0
10039,0,0,0,0,0,0,0,0,0
10040,0,0,0,0,0,0,0,0,0
10041,0,0,0,0,0,0,0,0,0
10042,0,0,0,0,0,0,0,0,0
10043,0,0,0,0,0,0,0,0,0
10044,0,0,0,0,0,0,0,0,0
10045,0,0,0,0,0,0,0,0,0
10046,0,0,0,0,0,0,0,0,0
10047,0,0,0,0,0,0,0,0,0
10048,0,0,0,0,0,0,0,0,0
10049,0,0,0,0,0,0,0,0,0
10050,0,0,0,0,0,0,0,0,0
10051,4.99084e-07,3.84561e-07,2.77352e-08,2.06284e-11,7.78937e-16,2.89132e-21,2.93787e-25,1.35023e-39,9.11401e-07
10052,0,0,0,0,0,0,0,0,0
10053,0,0,0,0,0,0,0,0,0
10054,0,0,0,0,0,0,0,0,0
10055,0,0,0,0,0,0,0,0,0
10056,0,0,0,0,0,0,0,0,0
10057,0,0,0,0,0,0,0,0,0
10058,0,0,0,0,0,0,0,0,0
10059,0,0,0,0,0,0,0,0,0
10060,0,0,0,0,0,0,0,0,0
10061,0,0,0,0,0,0,0,0,0
10062,0,0,0,0,0,0,0,0,0
10063,0,0,0,0,0,0,0,0,0
10064,0,0,0,0,0,0,0,0,0
10065,0,0,0,0,0,0,0,0,0
10066,0,0,0,0,0,0,0,0,0
10067,0,0,0,0,0,0,0,0,0
10068,0,0,0,0,0,0,0,0,0
10069,0,0,0,0,0,0,0,0,0
10070,0,0,0,0,0,0,0,0,0
10071,0,0,0,0,0,0,0,0,0
10072,0,0,0,0,0,0,0,0,0
10073,0,0,0,0,0,0,0,0,0
10074,0,0,0,0,0,0,0,0,0
10075,0,0,0,0,0,0,0,0,0
10076,0,0,0,0,0,0,0,0,0
10077,0,0,0,0,0,0,0,0,0
10078,0,0,0,0,0,0,0,0,0
10079,0,0,0,0,0,0,0,0,0
10080,0,0,0,0,0,0,0,0,0
10081,0,0,0,0,0,0,0,0,0
10082,0,0,0,0,0,0,0,0,0
10083,0,0,0,0,0,0,0,0,0
10084,0,0,0,0,0,0,0,0,0
10085,0,0,0,0,0,0,0,0,0
10086,0,0,0,0,0,0,0,0,0
10087,0,0,0,0,0,0,0,0,0
10088,0,0,0,0,0,0,0,0,0
10089,0,0,0,0,0,0,0,0,0
10090,0,0,0,0,0,0,0,0,0
10091,0,0,0,0,0,0,0,0,0
10092,0,0,0,0,0,0,0,0,0
10093,0,0,0,0,0,0,0,0,0
10094,0,0,0,0,0,0,0,0,0
10095,0,0,0,0,0,0,0,0,0
10096,0,0,0,0,0,0,0,0,0
10097,0,0,0,0,0,0,0,0,0
10098,0,0,0,0,0,0,0,0,0
10099,0,0,0,0,0,0,0,0,0
10100,0,0,0,0,0,0,0,0,0
10101,0,0,0,0,0,0,0,0,0
10102,0,0,0,0,0,0,0,0,0
10103,0,0,0,0,0,0,0,0,0
10104,0,0,0,0,0,0,0,0,0
10105,0,0,0,0,0,0,0,0,0
10106,0,0,0,0,0,0,0,0,0
10107,0,0,0,0,0,0,0,0,0
10108,0,0,0,0,0,0,0,0,0
10109,0,0,0,0,0,0,0,0,0
10110,0,0,0,0,0,0,0,0,0
10111,0,0,0,0,0,0,0,0,0
10112,0,0,0,0,0,0,0,0,0
10113,0,0,0,0,0,0,0,0,0
10114,0,0,0,0,0,0,0,0,0
10115,0,0,0,0,0,0,0,0,0
10116,0,0,0,0,0,0,0,0,0
10117,0,0,0,0,0,0,0,0,0
10118,0,0,0,0,0,0,0,0,0
10119,0,0,0,0,0,0,0,0,0
10120,0,0,0,0,0,0,0,0,0
10121,0,0,0,0,0,0,0,0,0
10122,0,0,0,0,0,0,0,0,0
10123,0,0,0,0,0,0,0,0,0
10124,0,0,0,0,0,0,0,0,0
10125,0,0,0,0,0,0,0,0,0
10126,0,0,0,0,0,0,0,0,0
10127,0,0,0,0,0,0,0,0,0
10128,0,0,0,0,0,0,0,0,0
10129,0,0,0,0,0,0,0,0,0
10130,0,0,0,0,0,0,0,0,0
10131,0,0,0,0,0,0,0,0,0
10132,0,0,0,0,0,0,0,0,0
10133,0,0,0,0,0,0,0,0,0
10134,0,0,0,0,0,0,0,0,0
10135,0,0,0,0,0,0,0,0,0
10136,0,0,0,0,0,0,0,0,0
10137,0,0,0,0,0,0,0,0,0
10138,0,0,0,0,0,0,0,0,0
10139,0,0,0,0,0,0,0,0,0
10140,0,0,0,0,0,0,0,0,0
10141,0,0,0,0,0,0,0,0,0
10142,0,0,0,0,0,0,0,0,0
10143,0,0,0,0,0,0,0,0,0
10144,0,0,0,0,0,0,0,0,0
10145,0,0,0,0,0,0,0,0,0
10146,0,0,0,0,0,0,0,0,0
10147,0,0,0,0,0,0,0,0,0
10148,0,0,0,0,0,0,0,0,0
10149,0,0,0,0,0,0,0,0,0
10150,0,0,0,0,0,0,0,0,0
10151,0,0,0,0,0,0,0,0,0
10152,0,0,0,0,0,0,0,0,0
10153,0,0,0,0,0,0,0,0,0
10154,0,0,0,0,0,0,0,0,0
10155,0,0,0,0,0,0,0,0,0
10156,0,0,0,0,0,0,0,0,0
10157,0,0,0,0,0,0,0,0,0
10158,0,0,0,0,0,0,0,0,0
10159,0,0,0,0,0,0,0,0,0
10160,0,0,0,0,0,0,0,0,0
10161,0,0,0,0,0,0,0,0,0
10162,0,0,0,0,0,0,0,0,0
10163,0,0,0,0,0,0,0,0,0
10164,0,0,0,0,0,0,0,0,0
10165,0,0,0,0,0,0,0,0,0
10166,0,0,0,0,0,0,0,0,0
10167,0,0,0,0,0,0,0,0,0
10168,0,0,0,0,0,0,0,0,0
10169,0,0,0,0,0,0,0,0,0
10170,0,0,0,0,0,0,0,0,0
10171,0,0,0,0,0,0,0,0,0
10172,0,0,0,0,0,0,0,0,0
10173,0,0,0,0,0,0,0,0,0
10174,0,0,0,0,0,0,0,0,0
10175,0,0,0,0,0,0,0,0,0
10176,0,0,0,0,0,0,0,0,0
10177,0,0,0,0,0,0,0,0,0
10178,0,0,0,0,0,0,0,0,0
10179,0,0,0,0,0,0,0,0,0
10180,0,0,0,0,0,0,0,0,0
10181,0,0,0,0,0,0,0,0,0
10182,0,0,0,0,0,0,0,0,0
10183,0,0,0,0,0,0,0,0,0
10184,0,0,0,0,0,0,0,0,0
10185,0,0,0,0,0,0,0,0,0
10186,0,0,0,0,0,0,0,0,0
10187,0,0,0,0,0,0,0,0,0
10188,0,0,0,0,0,0,0,0,0
10189,0,0,0,0,0,0,0,0,0
10190,0,0,0,0,0,0,0,0,0
10191,0,0,0,0,0,0,0,0,0
10192,0,0,0,0,0,0,0,0,0
10193,0,0,0,0,0,0,0,0,0
10194,0,0,0,0,0,0,0,0,0
10195,0,0,0,0,0,0,0,0,0
10196,0,0,0,0,0,0,0,0,0
10197,0,0,0,0,0,0,0,0,0
10198,0,0,0,0,0,0,0,0,0
10199,0,0,0,0,0,0,0,0,0
10200,0,0,0,0,0,0,0,0,0
10201,0,0,0,0,0,0,0,0,0
10202,0,0,0,0,0,0,0,0,0
10203,0,0,0,0,0,0,0,0,0
10204,0,0,0,0,0,0,0,0,0
10205,0,0,0,0,0,0,0,0,0
10206,0,0,0,0,0,0,0,0,0
10207,0,0,0,0,0,0,0,0,0
10208,0,0,0,0,0,0,0,0,0
10209,0,0,0,0,0,0,0,0,0
10210,0,0,0,0,0,0,0,0,0
10211,0,0,0,0,0,0,0,0,0
10212,0,0,0,0,0,0,0,0,0
10213,0,0,0,0,0,0,0,0,0
10214,0,0,0,0,0,0,0,0,0
10215,0,0,0,0,0,0,0,0,0
10216,0,0,0,0,0,0,0,0,0
10217,0,0,0,0,0,0,0,0,0
10218,0,0,0,0,0,0,0,0,0
10219,0,0,0,0,0,0,0,0,0
10220,0,0,0,0,0,0,0,0,0
10221,0,0,0,0,0,0,0,0,0
10222,0,0,0,0,0,0,0,0,0
10223,0,0,0,0,0,0,0,0,0
10224,0,0,0,0,0,0,0,0,0
10225,0,0,0,0,0,0,0,0,0
10226,0,0,0,0,0,0,0,0,0
10227,0,0,0,0,0,0,0,0,0
10228,0,0,0,0,0,0,0,0,0
10229,0,0,0,0,0,0,0,0,0
10230,0,0,0,0,0,0,0,0,0
10231,0,0,0,0,0,0,0,0,0
10232,0,0,0,0,0,0,0,0,0
10233,0,0,0,0,0,0,0,0,0
10234,0,0,0,0,0,0,0,0,0
10235,0,0,0,0,0,0,0,0,0
10236,0,0,0,0,0,0,0,0,0
10237,0,0,0,0,0,0,0,0,0
10238,0,0,0,0,0,0,0,0,0
10239,0,0,0,0,0,0,0,0,0
10240,0,0,0,0,0,0,0,0,0
10241,0,0,0,0,0,0,0,0,0
10242,0,0,0,0,0,0,0,0,0
10243,0,0,0,0,0,0,0,0,0
10244,0,0,0,0,0,0,0,0,0
10245,0,0,0,0,0,0,0,0,0
10246,0,0,0,0,0,0,0,0,0
10247,0,0,0,0,0,0,0,0,0
10248,0,0,0,0,0,0,0,0,0
10249,0,0,0,0,0,0,0,0,0
10250,0,0,0,0,0,0,0,0,0
10251,0,0,0,0,0,0,0,0,0
10252,0,0,0,0,0,0,0,0,0
10253,0,0,0,0,0,0,0,0,0
10254,0,0,0,0,0,0,0,0,0
10255,0,0,0,0,0,0,0,0,0
10256,0,0,0,0,0,0,0,0,0
10257,0,0,0,0,0,0,0,0,0
10258,0,0,0,0,0,0,0,0,0
10259,0,0,0,0,0,0,0,0,0
10260,0,0,0,0,0,0,0,0,0
10261,0,0,0,0,0,0,0,0,0
10262,0,0,0,0,0,0,0,0,0
10263,0,0,0,0,0,0,0,0,0
10264,0,0,0,0,0,0,0,0,0
10265,0,0,0,0,0,0,0,0,0
10266,0,0,0,0,0,0,0,0,0
10267,0,0,0,0,0,0,0,0,0
10268,0,0,0,0,0,0,0,0,0
10269,0,0,0,0,0,0,0,0,0
10270,0,0,0,0,0,0,0,0,0
10271,0,0,0,0,0,0,0,0,0
10272,0,0,0,0,0,0,0,0,0
10273,0,0,0,0,0,0,0,0,0
10274,0,0,0,0,0,0,0,0,0
10275,0,0,0,0,0,0,0,0,0
10276,0,0,0,0,0,0,0,0,0
10277,0,0,0,0,0,0,0,0,0
10278,0,0,0,0,0,0,0,0,0
10279,6.9438e-07,5.31965e-07,3.96237e-08,3.3398e-11,1.53193e-15,7.03115e-21,5.92288e-25,1.29762e-39,1.266e-06
10280,0,0,0,0,0,0,0,0,0
10281,0,0,0,0,0,0,0,0,0
10282,0,0,0,0,0,0,0,0,0
10283,0,0,0,0,0,0,0,0,0
10284,0,0,0,0,0,0,0,0,0
10285,0,0,0,0,0,0,0,0,0
10286,0,0,0,0,0,0,0,0,0
10287,0,0,0,0,0,0,0,0,0
10288,0,0,0,0,0,0,0,0,0
10289,0,0,0,0,0,0,0,0,0
10290,0,0,0,0,0,0,0,0,0
10291,0,0,0,0,0,0,0,0,0
10292,0,0,0,0,0,0,0,0,0
10293,0,0,0,0,0,0,0,0,0
10294,0,0,0,0,0,0,0,0,0
10295,0,0,0,0,0,0,0,0,0
10296,0,0,0,0,0,0,0,0,0
10297,0,0,0,0,0,0,0,0,0
10298,0,0,0,0,0,0,0,0,0
10299,0,0,0,0,0,0,0,0,0
10300,0,0,0,0,0,0,0,0,0
10301,0,0,0,0,0,0,0,0,0
10302,0,0,0,0,0,0,0,0,0
10303,0,0,0,0,0,0,0,0,0
10304,0,0,0,0,0,0,0,0,0
10305,0,0,0,0,0,0,0,0,0
10306,0,0,0,0,0,0,0,0,0
10307,0,0,0,0,0,0,0,0,0
10308,0,0,0,0,0,0,0,0,0
10309,0,0,0,0,0,0,0,0,0
10310,0,0,0,0,0,0,0,0,0
10311,0,0,0,0,0,0,0,0,0
10312,0,0,0,0,0,0,0,0,0
10313,0,0,0,0,0,0,0,0,0
10314,0,0,0,0,0,0,0,0,0
10315,0,0,0,0,0,0,0,0,0
10316,0,0,0,0,0,0,0,0,0
10317,0,0,0,0,0,0,0,0,0
10318,0,0,0,0,0,0,0,0,0
10319,0,0,0,0,0,0,0,0,0
10320,0,0,0,0,0,0,0,0,0
10321,0,0,0,0,0,0,0,0,0
10322,0,0,0,0,0,0,0,0,0
10323,0,0,0,0,0,0,0,0,0
10324,0,0,0,0,0,0,0,0,0
10325,0,0,0,0,0,0,0,0,0
10326,0,0,0,0,0,0,0,0,0
10327,0,0,0,0,0,0,0,0,0
10328,0,0,0,0,0,0,0,0,0
10329,0,0,0,0,0,0,0,0,0
10330,0,0,0,0,0,0,0,0,0
10331,0,0,0,0,0,0,0,0,0
10332,0,0,0,0,0,0,0,0,0
10333,0,0,0,0,0,0,0,0,0
10334,0,0,0,0,0,0,0,0,0
10335,0,0,0,0,0,0,0,0,0
10336,0,0,0,0,0,0,0,0,0
10337,0,0,0,0,0,0,0,0,0
10338,0,0,0,0,0,0,0,0,0
10339,0,0,0,0,0,0,0,0,0
10340,0,0,0,0,0,0,0,0,0
10341,0,0,0,0,0,0,0,0,0
10342,0,0,0,0,0,0,0,0,0
10343,0,0,0,0,0,0,0,0,0
10344,0,0,0,0,0,0,0,0,0
10345,0,0,0,0,0,0,0,0,0
10346,0,0,0,0,0,0,0,0,0
10347,0,0,0,0,0,0,0,0,0
10348,0,0,0,0,0,0,0,0,0
10349,0,0,0,0,0,0,0,0,0
10350,0,0,0,0,0,0,0,0,0
10351,0,0,0,0,0,0,0,0,0
10352,0,0,0,0,0,0,0,0,0
10353,0,0,0,0,0,0,0,0,0
10354,0,0,0,0,0,0,0,0,0
10355,0,0,0,0,0,0,0,0,0
10356,0,0,0,0,0,0,0,0,0
10357,0,0,0,0,0,0,0,0,0
10358,0,0,0,0,0,0,0,0,0
10359,0,0,0,0,0,0,0,0,0
10360,0,0,0,0,0,0,0,0,0
10361,0,0,0,0,0,0,0,0,0
10362,0,0,0,0,0,0,0,0,0
10363,0,0,0,0,0,0,0,0,0
10364,0,0,0,0,0,0,0,0,0
10365,0,0,0,0,0,0,0,0,0
10366,0,0,0,0,0,0,0,0,0
10367,0,0,0,0,0,0,0,0,0
10368,0,0,0,0,0,0,0,0,0
10369,0,0,0,0,0,0,0,0,0
10370,0,0,0,0,0,0,0,0,0
10371,0,0,0,0,0,0,0,0,0
10372,0,0,0,0,0,0,0,0,0
10373,0,0,0,0,0,0,0,0,0
10374,0,0,0,0,0,0,0,0,0
10375,0,0,0,0,0,0,0,0,0
10376,0,0,0,0,0,0,0,0,0
10377,0,0,0,0,0,0,0,0,0
10378,0,0,0,0,0,0,0,0,0
10379,0,0,0,0,0,0,0,0,0
10380,0,0,0,0,0,0,0,0,0
10381,0,0,0,0,0,0,0,0,0
10382,0,0,0,0,0,0,0,0,0
10383,0,0,0,0,0,0,0,0,0
10384,0,0,0,0,0,0,0,0,0
10385,0,0,0,0,0,0,0,0,0
10386,0,0,0,0,0,0,0,0,0
10387,0,0,0,0,0,0,0,0,0
10388,0,0,0,0,0,0,0,0,0
10389,0,0,0,0,0,0,0,0,0
10390,0,0,0,0,0,0,0,0,0
10391,0,0,0,0,0,0,0,0,0
10392,0,0,0,0,0,0,0,0,0
10393,0,0,0,0,0,0,0,0,0
10394,0,0,0,0,0,0,0,0,0
10395,0,0,0,0,0,0,0,0,0
10396,0,0,0,0,0,0,0,0,0
10397,0,0,0,0,0,0,0,0,0
10398,0,0,0,0,0,0,0,0,0
10399,0,0,0,0,0,0,0,0,0
10400,0,0,0,0,0,0,0,0,0
10401,0,0,0,0,0,0,0,0,0
10402,0,0,0,0,0,0,0,0,0
10403,0,0,0,0,0,0,0,0,0
10404,0,0,0,0,0,0,0,0,0
10405,0,0,0,0,0,0,0,0,0
10406,0,0,0,0,0,0,0,0,0
10407,0,0,0,0,0,0,0,0,0
10408,0,0,0,0,0,0,0,0,0
10409,0,0,0,0,0,0,0,0,0
10410,0,0,0,0,0,0,0,0,0
10411,0,0,0,0,0,0,0,0,0
10412,0,0,0,0,0,0,0,0,0
10413,0,0,0,0,0,0,0,0,0
10414,5.54239e-07,4.23163e-07,3.02436e-08,2.25506e-11,8.50933e-16,2.9846e-21,2.2513e-25,3.18778e-40,1.00767e-06
