time_ms,band0,band1,band2,band3,band4,band5,band6,band7,total
0,0,0,0,0,0,0,0,0,0
1,0,0,0,0,0,0,0,0,0
2,0,0,0,0,0,0,0,0,0
3,0,0,0,0,0,0,0,0,0
4,0,0,0,0,0,0,0,0,0
5,0,0,0,0,0,0,0,0,0
6,492.966,492.879,492.654,492.292,491.769,490.333,484.968,465.321,3903.18
7,8.99934,8.99766,8.99329,8.98628,8.97614,8.94829,8.84433,8.46432,71.2096
8,0,0,0,0,0,0,0,0,0
9,0,0,0,0,0,0,0,0,0
10,267.725,230.49,155.619,147.183,146.94,146.273,143.792,118.929,1356.95
11,37.1456,29.1689,14.3091,13.5336,13.5089,13.4412,13.1897,10.8491,145.146
12,121.624,115.704,103.218,100.617,96.3217,89.7958,83.5166,75.5453,786.343
13,140.192,137.083,129.668,127.035,121.516,113.091,104.9,95.6711,969.156
14,119.733,111.329,97.8661,94.8337,90.5638,84.0492,77.6773,69.0045,745.056
15,178.961,152.649,114.568,106.238,100.791,92.5638,84.7384,68.3729,898.881
16,144.161,113.891,63.2192,57.812,54.8436,50.3735,46.0733,35.6341,566.008
17,155.484,143.447,119.694,112.932,101.985,86.844,74.7522,63.9366,859.074
18,142.616,128.086,93.5355,88.8181,79.2823,66.2276,56.0196,48.906,703.491
19,133.553,108.394,70.1774,61.9614,54.9839,45.5251,38.2079,28.5223,541.325
20,129.138,104.171,66.3484,59.4249,52.7577,43.7155,36.6689,28.1983,520.422
21,81.6662,57.7894,18.6054,17.052,15.3024,12.9336,11.0349,8.85528,223.239
22,110.141,89.8473,58.1299,54.5973,49.6737,42.709,36.7726,30.4766,472.347
23,86.3292,62.5487,29.3753,26.1608,23.4697,19.756,16.7127,12.2871,276.64
24,86.4396,66.3826,35.1344,32.2128,27.6363,21.731,17.4141,14.0014,300.952
25,98.6127,76.3479,40.503,37.4139,31.6238,24.2743,19.0554,15.7305,343.561
26,98.1179,76.5289,51.9303,46.2325,39.8961,31.7006,25.5918,19.6478,389.646
27,67.5549,47.0948,19.7804,17.171,15.1238,12.3922,10.2283,7.04107,196.387
28,52.7575,33.8677,10.6819,9.54952,8.31755,6.70086,5.45398,4.03889,131.368
29,66.1862,48.6024,24.7759,22.5953,18.7489,13.9755,10.6604,8.48324,214.028
30,77.2457,50.4346,19.7639,17.1092,13.8878,9.99721,7.40311,5.34833,201.19
31,43.7379,27.4765,11.2513,9.70279,8.15062,6.21176,4.81082,3.38983,114.732
32,46.2421,29.0037,8.69616,7.48153,6.13098,4.4924,3.37352,2.35459,107.775
33,46.4213,26.6454,5.48915,4.67866,3.91894,2.97878,2.30675,1.54195,93.9809
34,55.2055,38.0541,19.6595,18.0848,15.2776,11.7561,9.17296,7.22348,174.434
35,58.8894,43.6039,29.1905,26.687,23.437,19.0937,15.5308,11.7246,228.157
36,55.1201,36.8731,19.2742,17.2598,14.5815,11.2153,8.72511,6.31739,169.367
37,58.1635,42.4075,26.4077,23.5263,18.6917,12.9665,9.19541,6.90951,198.268
38,40.0851,23.065,10.1446,8.4739,6.69069,4.6156,3.27705,2.15976,98.5116
39,33.5649,18.2939,5.06121,4.23701,3.41075,2.42891,1.7683,1.1696,69.9345
40,37.7705,23.6901,11.1466,9.80716,7.67073,5.21058,3.64285,2.63739,101.576
41,31.5915,20.2239,9.64059,8.04912,6.16319,4.05236,2.75885,1.85813,84.3376
42,43.5803,27.3452,12.1882,10.8981,9.0736,6.84248,5.21318,3.81965,118.961
43,37.0313,24.436,12.6841,11.1751,9.22551,6.85033,5.13918,3.59255,110.134
44,50.5709,34.2525,22.8125,19.4076,15.2012,10.3867,7.28749,4.85421,164.773
45,41.4434,29.1175,18.0215,15.5965,11.7938,7.58613,5.04165,3.52694,132.127
46,28.2282,15.7003,7.98896,6.46259,4.96438,3.2941,2.25469,1.36067,70.2538
47,31.4918,16.755,5.44276,4.63025,3.56134,2.37942,1.64235,1.11615,67.0191
48,32.3657,19.5932,9.11402,7.75055,5.65325,3.45406,2.2056,1.50303,81.6394
49,30.0643,16.9172,7.45529,6.28932,4.77769,3.10431,2.07518,1.39479,72.0781
50,25.9394,13.9373,6.53444,5.62388,4.14196,2.577,1.66883,1.16766,61.5905
51,29.0942,18.254,10.5802,8.93856,6.8875,4.6047,3.15863,2.05697,83.5747
52,25.3395,15.2709,7.75429,6.41606,4.68526,2.87392,1.83612,1.14476,65.3209
53,23.4415,12.501,5.44975,4.39029,3.16781,1.89693,1.18148,0.727722,52.7565
54,25.0989,13.6379,5.95129,4.95257,3.56815,2.14222,1.34169,0.849196,57.5419
55,23.025,13.1921,7.48355,6.14082,4.34771,2.52476,1.52986,0.978688,59.2225
56,18.2438,8.97667,3.44161,2.63304,1.84703,1.05257,0.624726,0.344949,37.1644
57,19.6367,9.38784,3.38196,2.74293,1.91816,1.09932,0.661501,0.407514,39.2359
58,16.9064,8.02988,3.57979,2.88511,2.07494,1.24036,0.768986,0.471106,35.9566
59,21.3843,12.2019,6.47973,5.52121,3.91334,2.28587,1.39062,0.926368,54.1034
60,17.1659,9.76046,6.66729,5.53182,3.9212,2.28531,1.38348,0.880617,47.596
61,17.0377,8.15538,3.2731,2.60226,1.8091,1.02059,0.599621,0.346006,34.8437
62,17.0237,9.43822,5.21398,4.1122,2.71191,1.40666,0.771476,0.454572,41.1327
63,12.3086,5.3048,1.8107,1.40273,0.95371,0.520257,0.297522,0.160343,22.7586
64,15.8251,8.74669,4.48515,3.83768,3.05163,2.14586,1.50923,0.924463,40.5258
65,15.5218,8.08332,4.29577,3.46119,2.32964,1.23969,0.687535,0.399649,36.0186
66,12.108,5.90078,2.9294,2.39324,1.65534,0.933326,0.549359,0.325787,26.7953
67,11.846,5.46561,2.31745,1.73851,1.11233,0.546084,0.28249,0.154221,23.4627
68,11.736,5.10599,2.11766,1.5794,1.00742,0.494976,0.257538,0.136077,22.4351
69,9.42339,3.38086,0.895508,0.677757,0.450319,0.238037,0.132463,0.0681178,15.2665
70,9.99201,4.27111,1.57916,1.18444,0.743051,0.356358,0.181774,0.0977436,18.4057
71,13.6392,7.90686,4.66859,3.97656,2.876,1.76448,1.11428,0.705212,36.6512
72,12.8826,7.54761,4.08072,3.24466,2.15356,1.1408,0.636838,0.350487,32.0373
73,12.3238,7.30694,5.57197,4.39163,2.93238,1.57552,0.892328,0.492672,35.4872
74,11.7882,5.84217,2.9703,2.26743,1.43983,0.707856,0.369576,0.195496,25.5809
75,7.90016,3.77136,1.94491,1.52528,0.913467,0.408266,0.196299,0.11208,16.7718
76,7.07201,2.74493,1.26343,0.950078,0.606063,0.301197,0.158533,0.0807993,13.177
77,10.0318,5.09182,2.36721,1.79616,1.08646,0.491201,0.237052,0.126617,21.2283
78,7.10755,3.11472,1.44228,1.08392,0.65727,0.298212,0.143766,0.0759524,13.9237
79,9.55163,4.49627,1.53917,1.18737,0.710086,0.314492,0.148503,0.0831486,18.0307
80,5.64655,2.02994,1.03943,0.760826,0.479094,0.233193,0.120243,0.0563307,10.3656
81,6.86989,3.66419,2.32622,1.86625,1.18257,0.585809,0.308197,0.18255,16.9857
82,5.8871,2.55207,1.46993,1.08542,0.655319,0.299914,0.147547,0.0763104,12.1736
83,4.98368,1.87594,1.2206,0.916056,0.538329,0.234495,0.109989,0.0561346,9.93522
84,7.72744,4.14574,2.43188,1.87645,1.06171,0.427706,0.184372,0.10511,17.9604
85,4.4438,1.82258,0.873466,0.668983,0.394008,0.171503,0.0798126,0.045012,8.49917
86,5.91048,2.54518,1.14089,0.84001,0.491892,0.213132,0.0989537,0.0483222,11.2889
87,4.09892,1.3918,0.608065,0.467105,0.27639,0.121213,0.0566063,0.0293967,7.04949
88,3.7572,1.41534,0.631845,0.440179,0.234622,0.0883343,0.0368523,0.0172971,6.62168
89,4.56503,2.15425,0.880274,0.647488,0.356393,0.138308,0.057937,0.0297045,8.82939
90,4.11837,1.37474,0.63871,0.473249,0.286762,0.134631,0.0678476,0.0338883,7.1282
91,4.61789,2.06994,0.796394,0.60205,0.336389,0.136428,0.0606641,0.0294309,8.64919
92,4.13871,1.67847,0.721729,0.562985,0.320042,0.131176,0.0574112,0.0323197,7.64284
93,5.46689,3.10925,2.20713,1.79697,1.19029,0.643075,0.361237,0.198388,14.9732
94,3.51029,1.58892,1.17153,0.950809,0.638471,0.353043,0.20144,0.113371,8.52788
95,3.96069,1.99274,1.00728,0.739632,0.403285,0.155429,0.0651371,0.0305737,8.35476
96,4.18415,1.5875,0.408902,0.308042,0.180618,0.0788853,0.0367925,0.0168936,6.80179
97,2.86834,0.907647,0.437295,0.314856,0.191065,0.0892312,0.0441304,0.0222383,4.8748
98,3.39857,1.24773,0.471629,0.337165,0.185132,0.0744002,0.0329764,0.0147397,5.76235
99,2.45118,0.633968,0.107279,0.0567529,0.0301757,0.0111303,0.0044501,0.00127226,3.2962
100,3.08491,1.33633,0.655008,0.477219,0.243083,0.0831543,0.0310067,0.0157861,5.9265
101,3.70972,2.12743,1.38962,1.17152,0.813083,0.463236,0.26401,0.14354,10.0822
102,3.75657,2.11445,1.41271,1.16679,0.781765,0.428135,0.238601,0.129419,10.0284
103,2.94663,1.55127,0.888835,0.652306,0.342751,0.124537,0.0491437,0.0242255,6.5797
104,2.52192,1.08731,0.539105,0.392312,0.195814,0.0645812,0.0231425,0.0113791,4.83555
105,1.88573,0.686734,0.329902,0.21478,0.109707,0.0377611,0.0140652,0.00600912,3.28469
106,2.39845,0.945633,0.37356,0.266769,0.127591,0.0397759,0.0138783,0.00651448,4.17217
107,1.53383,0.373612,0.237437,0.166206,0.0847418,0.0290523,0.0107534,0.00503293,2.44066
108,1.91895,0.554996,0.192365,0.131544,0.0716902,0.027217,0.0108894,0.00483179,2.91248
109,1.48556,0.417755,0.193401,0.118908,0.0637147,0.0237684,0.00943063,0.0035396,2.31608
110,1.94996,0.922907,0.653488,0.471512,0.228178,0.071247,0.0242797,0.012302,4.33387
111,1.65285,0.621852,0.300909,0.204635,0.110075,0.0429287,0.0183281,0.00626966,2.95785
112,1.5313,0.52553,0.222417,0.141426,0.0674389,0.0206842,0.00691503,0.00269696,2.51841
113,1.3623,0.327462,0.161251,0.0971516,0.0497538,0.017702,0.00692322,0.00230577,2.02485
114,1.82519,0.749413,0.331847,0.259495,0.154207,0.0695928,0.0326206,0.0165185,3.43889
115,1.36351,0.484318,0.108265,0.060373,0.0282589,0.00862385,0.00296614,0.000943315,2.05726
116,1.3675,0.53617,0.162183,0.111026,0.050987,0.0147631,0.00470248,0.00211958,2.24945
117,1.21622,0.454719,0.353512,0.249362,0.140846,0.0611994,0.0288232,0.0127635,2.51745
118,1.42812,0.522767,0.337758,0.227171,0.106713,0.0321538,0.0105919,0.00442724,2.6697
119,0.955784,0.277768,0.290207,0.212292,0.122611,0.0544506,0.0257571,0.0110116,1.94988
120,1.27603,0.42588,0.121312,0.0701691,0.0311134,0.00826107,0.00235201,0.000685599,1.93581
121,0.993419,0.297373,0.107019,0.0688639,0.0319087,0.00944436,0.00307001,0.00113175,1.51223
122,1.12599,0.410152,0.163394,0.113029,0.0518484,0.0150655,0.00481416,0.00206319,1.88635
123,1.17125,0.497924,0.2863,0.198106,0.0880623,0.0241006,0.00731338,0.00317163,2.27623
124,1.65968,0.978393,0.774424,0.698638,0.585429,0.472512,0.31676,0.147382,5.63322
125,0.782812,0.273571,0.177324,0.117745,0.0524522,0.0149354,0.00499152,0.00171993,1.42555
126,0.800066,0.226359,0.0590412,0.0393535,0.0174563,0.00481891,0.00147372,0.000617574,1.14919
127,1.18175,0.680413,0.639177,0.503237,0.298312,0.131002,0.0582178,0.0272901,3.5194
128,0.801018,0.20182,0.0905142,0.0554301,0.022114,0.00522372,0.00142721,0.000496555,1.17804
129,0.66451,0.214897,0.119835,0.0801626,0.0352261,0.00956096,0.00286191,0.00116137,1.12822
130,0.864681,0.427515,0.299643,0.199048,0.0980564,0.0339314,0.0131263,0.00534292,1.94134
131,0.949669,0.497383,0.288872,0.194554,0.0954174,0.0329767,0.0130969,0.00450835,2.07648
132,0.692181,0.161627,0.0782025,0.0503151,0.0207801,0.0049658,0.00130106,0.000557549,1.00993
133,0.640449,0.187281,0.0766519,0.0528974,0.0224553,0.00569324,0.00159889,0.000639628,0.987667
134,0.878756,0.493154,0.351952,0.25743,0.143753,0.0616969,0.0280775,0.0107699,2.22559
135,0.484796,0.160381,0.107202,0.0730777,0.0286703,0.00644785,0.00163106,0.000726409,0.862932
136,0.866459,0.34394,0.116633,0.06765,0.0299263,0.00866749,0.00287083,0.000740259,1.43689
137,0.409858,0.0773414,0.0211332,0.0100236,0.00419697,0.00107544,0.000310877,6.21111e-05,0.524002
138,0.576245,0.19045,0.0963642,0.0644283,0.0291196,0.00831366,0.00257621,0.00103578,0.968533
139,0.617499,0.307958,0.13791,0.0866852,0.0326619,0.00725342,0.00211375,0.00117535,1.19326
140,0.511033,0.17893,0.0903521,0.0514398,0.0207964,0.00486931,0.00125201,0.000382332,0.859054
141,0.424617,0.201101,0.0948912,0.0637825,0.0254956,0.00601197,0.00161209,0.000649749,0.818161
142,0.403522,0.153614,0.0760315,0.0499908,0.0195498,0.00434477,0.00107668,0.000451597,0.708581
143,0.581826,0.383407,0.239264,0.161794,0.0617897,0.0133385,0.00325952,0.00141545,1.44609
144,0.379739,0.0963428,0.0184391,0.00857922,0.00323602,0.000733893,0.000203504,3.11806e-05,0.507304
145,0.314693,0.066043,0.0320625,0.0198581,0.00751124,0.00159875,0.000384948,0.000154605,0.442306
146,0.486986,0.201101,0.074919,0.0471575,0.0194081,0.00470374,0.00125101,0.000415155,0.835942
147,0.245995,0.0312976,0.024284,0.0124485,0.00539915,0.00156859,0.000528345,0.000106269,0.321627
148,0.403475,0.143637,0.0483949,0.0315575,0.0119389,0.00252303,0.000596677,0.00022929,0.642352
149,0.356356,0.157831,0.0543651,0.0326077,0.0122008,0.0025585,0.000604676,0.000205876,0.61673
150,0.492582,0.216355,0.116101,0.0787515,0.0297305,0.00630541,0.00150266,0.000644893,0.941972
151,0.315823,0.193051,0.203786,0.16329,0.0981919,0.0454005,0.0206826,0.00880369,1.04903
152,0.33802,0.18861,0.129369,0.0771913,0.0322732,0.00915377,0.00331173,0.000685004,0.778614
153,0.209701,0.045888,0.0690399,0.0500241,0.0240898,0.00748352,0.00238827,0.000988346,0.409603
154,0.290194,0.0594532,0.102912,0.0806683,0.058417,0.0411514,0.0225404,0.00731004,0.662646
155,0.188711,0.047041,0.0259686,0.0159328,0.00554963,0.0010307,0.000224953,8.85226e-05,0.284548
156,0.190518,0.0315178,0.00576036,0.00292975,0.0011777,0.000273009,6.81928e-05,1.29384e-05,0.232257
157,0.303414,0.202774,0.129967,0.0825538,0.0320323,0.00770682,0.00221784,0.000567089,0.761233
158,0.260597,0.108586,0.0383072,0.0244424,0.00885318,0.0017572,0.000393657,0.000151117,0.443087
159,0.253844,0.134455,0.0511967,0.0291338,0.0071757,0.000407748,0.000218816,6.65094e-05,0.476498
160,0.34274,0.203505,0.10922,0.0650488,0.0218868,0.00436988,0.00137582,0.000200935,0.748348
161,0.347403,0.200431,0.118866,0.0825679,0.0381254,0.0115626,0.00373867,0.001356,0.804051
162,0.130802,0.0504505,0.0712768,0.0514753,0.0247951,0.00786496,0.00256246,0.00100574,0.340233
163,0.124711,0.0250251,0.0203178,0.0127616,0.00446185,0.000831651,0.000174472,6.41309e-05,0.188347
164,0.243973,0.127756,0.0629407,0.0399213,0.0137318,0.00250222,0.000521685,0.000182426,0.491529
165,0.117702,0.0438813,0.0398779,0.0234094,0.00812714,0.00155905,0.000345457,9.37557e-05,0.234996
166,0.276685,0.149613,0.0633474,0.0343178,0.0116387,0.00211471,0.000450126,0.000184976,0.538352
167,0.357522,0.212468,0.0467474,0.029796,0.0118821,0.00409738,0.00170031,0.000428992,0.664643
168,0.272188,0.106497,0.0393978,0.0235027,0.0080809,0.00235697,0.0010408,0.000282129,0.453346
169,0.237122,0.118106,0.0614278,0.0408293,0.0156321,0.00318442,0.00065553,0.000242448,0.477199
170,0.178313,0.0798141,0.0256281,0.0154853,0.00502337,0.000828526,0.00015761,5.62458e-05,0.305306
171,0.132369,0.0681009,0.0273332,0.0175697,0.00592409,0.00101713,0.000192752,7.23315e-05,0.252579
172,0.144691,0.0693651,0.0358188,0.0222753,0.00730174,0.0012502,0.000251078,8.67274e-05,0.28104
173,0.144737,0.0571251,0.0184556,0.0111708,0.00335965,0.000491181,8.34138e-05,2.9801e-05,0.235453
174,0.219717,0.0874017,0.0051722,0.00226786,0.000840596,0.000199736,5.66508e-05,1.33591e-05,0.315669
175,0.0916429,0.0667028,0.0756055,0.0577503,0.029448,0.00995576,0.0033496,0.0012652,0.33572
176,0.107311,0.0202207,0.0135678,0.00700884,0.00199008,0.000290721,5.84208e-05,9.09697e-06,0.150456
177,0.132386,0.0598493,0.0221233,0.0144186,0.00472345,0.000795279,0.000151963,5.6881e-05,0.234504
178,0.0938388,0.0144443,6.64029e-05,3.75913e-05,1.37087e-05,2.74532e-06,6.05027e-07,1.46334e-07,0.108404
179,0.0653393,0.0169623,0.000767755,0.00025806,8.41479e-05,1.42597e-05,2.77831e-06,3.09518e-07,0.0834289
180,0.0682377,0.0307868,0.0187604,0.0103913,0.0031484,0.000475239,8.5605e-05,2.66651e-05,0.131912
181,0.101613,0.0497169,0.025496,0.0119398,0.00394609,0.00128514,0.000697771,8.5834e-05,0.19478
182,0.0659567,0.0135501,0.0209246,0.0130918,0.00448426,0.000858983,0.000197123,7.01641e-05,0.119134
183,0.0917093,0.0194474,0.00936954,0.00494412,0.00166792,0.000291036,5.62344e-05,1.91348e-05,0.127505
184,0.102776,0.0514027,0.024562,0.0130726,0.00442553,0.00081229,0.000168461,3.14472e-05,0.197251
185,0.0900284,0.0272908,0.0143618,0.00715548,0.00265922,0.000741086,0.000245347,4.61721e-05,0.142528
186,0.0687975,0.0357378,0.0139884,0.00858131,0.00244501,0.000329865,5.21687e-05,1.88039e-05,0.129951
187,0.0485528,0.0146688,0.0146247,0.00887936,0.00256143,0.000351564,5.60959e-05,1.92048e-05,0.089714
188,0.0784875,0.0435378,0.0183394,0.0104721,0.00358984,0.000638655,0.000123847,3.19578e-05,0.155221
189,0.0844481,0.0281844,0.00658108,0.0029077,0.000999501,0.000180417,3.57999e-05,4.16742e-06,0.123341
190,0.0652982,0.030093,0.0203755,0.0119117,0.00325561,0.000409859,6.07781e-05,2.0584e-05,0.131425
191,0.174871,0.0668148,0.00205272,0.00127108,0.000621211,0.000214151,7.49349e-05,2.25703e-05,0.245943
192,0.0432081,0.0104281,0.00117074,0.000532634,0.000171754,3.79339e-05,1.23161e-05,2.08019e-06,0.0555637
193,0.117142,0.0383521,0.011876,0.00691967,0.00188855,0.000238405,3.61854e-05,1.09782e-05,0.176464
194,0.053648,0.0300617,0.0102699,0.00619696,0.00162198,0.00019159,2.698e-05,1.03644e-05,0.102027
195,0.0213515,0.00151458,0.000580876,0.000236336,6.14882e-05,7.2344e-06,1.13011e-06,1.46453e-07,0.0237533
196,0.0483711,0.00869499,0.00083675,0.00028201,8.18425e-05,1.13762e-05,1.81904e-06,1.28169e-07,0.0582801
197,0.0217126,0.0021171,0.000840806,0.000275978,7.7854e-05,1.01715e-05,1.5222e-06,1.05251e-07,0.0250361
198,0.0281927,0.00347197,0.0013338,0.00071427,0.00015836,2.05149e-05,8.91941e-06,1.5323e-06,0.0339021
199,0.0573093,0.0266788,0.00961794,0.00544477,0.00148544,0.000189332,2.96091e-05,1.76567e-05,0.100773
200,0.245479,0.193142,0.111033,0.085258,0.0441558,0.0158241,0.00509864,0.00167143,0.701662
201,0.0371868,0.00504583,0.00103082,0.000538755,0.000167835,2.62644e-05,4.60014e-06,1.06128e-06,0.044002
202,0.124672,0.0574012,0.0239545,0.0151487,0.00705853,0.00333976,0.00142479,0.000264819,0.233264
203,0.0327992,0.00388011,0.000352405,0.000155421,3.6593e-05,3.71022e-06,5.41153e-07,8.74261e-08,0.0372281
204,0.0284353,0.00428288,0.00729567,0.00445112,0.00131952,0.00018902,3.0688e-05,9.98728e-06,0.0460142
205,0.41992,0.403377,0.285653,0.23709,0.153884,0.0824089,0.0359174,0.011423,1.62967
206,0.031922,0.0113617,0.00661764,0.00385647,0.00095181,0.000102342,1.31786e-05,4.25575e-06,0.0548294
207,0.0555359,0.0665812,0.0615289,0.0450439,0.0205443,0.0058001,0.00162501,0.000524423,0.257184
208,0.0889182,0.0237123,0.00117443,0.000412177,0.000115603,1.51583e-05,2.28013e-06,2.97768e-07,0.11435
209,0.0687071,0.0510912,0.0181834,0.0100333,0.00213841,0.000401386,0.000243607,7.75726e-05,0.150876
210,0.326207,0.314801,0.230395,0.18865,0.117045,0.056852,0.0239428,0.00763913,1.26553
211,0.0386465,0.0248354,0.00799251,0.00446985,0.00111652,0.000134409,2.34163e-05,4.85322e-06,0.0772234
212,0.0193444,0.00244096,0.000568317,0.000177441,3.91883e-05,3.52541e-06,3.88146e-07,2.17991e-08,0.0225742
213,0.0332825,0.0221073,0.00759027,0.00437784,0.00104395,0.000105559,1.27403e-05,4.00558e-06,0.0685241
214,0.0157222,0.00225001,0.000379368,0.000159956,4.56223e-05,8.2662e-06,1.95725e-06,3.95591e-07,0.0185678
215,0.0206987,0.00217492,0.000650347,0.000290311,8.87427e-05,1.29727e-05,2.01528e-06,3.7872e-07,0.0239184
216,0.0449433,0.0239928,0.000576656,0.000157592,3.97853e-05,4.40652e-06,5.72244e-07,2.51746e-08,0.0697152
217,0.204314,0.195984,0.116932,0.0881284,0.0443975,0.0152795,0.00505219,0.00155728,0.671644
218,0.0925554,0.0382776,0.0112609,0.00622589,0.00300883,0.00186767,0.000839075,0.000168848,0.154204
219,0.305365,0.26422,0.153127,0.117824,0.0673432,0.0256712,0.00638498,0.00137696,0.941313
220,0.00918767,0.00164994,0.000443757,0.00014338,2.85652e-05,2.36613e-06,2.86933e-07,2.63801e-08,0.011456
221,0.0279529,0.0199314,0.00701435,0.00226194,0.000735973,0.000131797,2.74653e-05,6.48195e-06,0.0580622
222,0.00823424,0.00124555,0.00211957,0.000864216,0.000379607,0.000101903,2.7021e-05,1.91626e-06,0.012974
223,0.00956453,0.000565067,4.43006e-06,1.59871e-06,5.00847e-07,7.91599e-08,1.37098e-08,9.36059e-10,0.0101362
224,0.031994,0.0137502,0.00163829,0.000839317,0.000181548,1.55348e-05,1.63073e-06,9.82628e-07,0.0484216
225,0.014295,0.00320422,0.00121583,0.000754967,0.000182543,1.7738e-05,1.88407e-06,7.43407e-07,0.019673
226,0.0244418,0.0134857,0.0433196,0.0343298,0.0202637,0.00897444,0.00308494,0.000826286,0.148726
227,0.0184235,0.00521234,0.000245776,0.000118435,3.73109e-05,5.42613e-06,7.666e-07,1.36903e-07,0.0240436
228,0.0380385,0.0347098,0.00751328,0.00403081,0.00100307,0.000127115,2.1601e-05,5.08579e-06,0.0854492
229,0.0173651,0.00774774,0.00410062,0.00208224,0.000445513,3.77436e-05,3.88108e-06,1.11124e-06,0.0317839
230,0.0311381,0.00599232,0.000160109,0.000160907,3.70278e-05,5.93705e-06,1.82216e-06,3.55125e-07,0.0374966
231,0.0313091,0.019976,0.00641646,0.00324715,0.000683314,5.69195e-05,5.78434e-06,1.44579e-06,0.0616962
232,0.00569788,0.00076283,0.000492623,0.00023555,5.12337e-05,4.47692e-06,4.71025e-07,2.93021e-07,0.00724536
233,0.0112379,0.00123651,0.000109839,2.85533e-05,4.42753e-06,1.92216e-07,1.72785e-07,8.18593e-09,0.0126176
234,0.00501716,0.0002596,8.4138e-05,2.38808e-05,5.10057e-06,4.35135e-07,4.51709e-08,2.7675e-09,0.00539037
235,0.0341573,0.00463767,0.000151652,4.61011e-05,1.04673e-05,9.81577e-07,1.09267e-07,6.89162e-09,0.0390043
236,0.00550389,0.000335805,9.50444e-05,2.99955e-05,6.57652e-06,5.83304e-07,6.19836e-08,4.19561e-09,0.00597196
237,0.0314968,0.00806657,0.00145265,0.000698224,0.000137981,9.74604e-06,8.16137e-07,2.20981e-07,0.041863
238,0.375578,0.219426,0.00520194,0.00272374,0.00160183,0.000987288,0.000447213,9.27018e-05,0.606059
239,0.00258377,0.000124456,5.99358e-07,2.07592e-07,4.51145e-08,3.94417e-09,4.12738e-10,3.17391e-11,0.00270908
240,0.0183574,0.0144579,0.0080715,0.00441725,0.000957821,8.63618e-05,9.66339e-06,2.43666e-06,0.0463603
241,0.185423,0.179072,0.112581,0.086816,0.0451652,0.0164335,0.00498339,0.00133505,0.63181
242,0.0231563,0.0490087,0.0585512,0.0432268,0.0199184,0.00566731,0.00153285,0.000422071,0.201484
243,0.00356952,0.000186499,3.91454e-05,7.68531e-06,8.91303e-07,1.8327e-08,5.92028e-10,4.68671e-11,0.00380376
244,0.0300684,0.0421266,0.0379694,0.0265599,0.0106565,0.00244192,0.000553899,0.000150919,0.150527
245,0.135678,0.0596941,0.00362212,0.0019436,0.000395346,4.08143e-05,6.14699e-06,1.20007e-06,0.201381
246,0.0113016,0.0130822,0.006758,0.00360358,0.000965906,0.00011343,1.43378e-05,2.89492e-06,0.0358419
247,0.0146744,0.00287128,0.00288788,0.00158501,0.000331778,2.73832e-05,2.72018e-06,7.31286e-07,0.0223812
248,0.224384,0.22101,0.125154,0.0905906,0.040284,0.0111568,0.00293406,0.000783721,0.716297
249,0.0107174,0.0167052,0.00929249,0.00492127,0.00093655,6.44989e-05,5.37097e-06,1.41736e-06,0.0426442
250,0.00987885,0.00664103,0.00336479,0.00180196,0.000347882,2.5104e-05,2.21606e-06,5.89294e-07,0.0220624
251,0.0192983,0.0128069,0.00431357,0.00224795,0.000482032,5.31542e-05,9.42395e-06,1.04637e-06,0.0392124
252,0.00332345,0.000261908,2.06814e-05,4.48765e-06,8.69905e-07,6.35458e-08,5.67933e-09,1.60685e-10,0.00361146
253,0.0176002,0.00452822,4.46571e-07,1.31526e-07,3.07988e-08,3.87974e-09,7.35447e-10,8.67406e-11,0.022129
254,0.00874775,0.00922622,0.000530429,0.000304167,0.000117988,2.88029e-05,6.04704e-06,1.03538e-06,0.0189624
255,0.0103886,0.0011348,6.98292e-05,0.000381147,0.000115992,1.59421e-05,2.11267e-06,2.30129e-06,0.0121107
256,0.00454839,0.00239721,0.000404379,4.67951e-05,0.000137102,0.00025693,0.000126839,3.28184e-05,0.00795046
257,0.0854264,0.0277994,0.00298856,0.000522908,0.000326069,0.000177358,7.17198e-05,2.74556e-05,0.11734
258,0.00165164,7.07596e-05,0.000123557,3.38023e-05,5.35382e-06,2.45545e-07,1.22255e-08,4.16828e-10,0.00188537
259,0.14219,0.0681346,0.00168484,0.00117894,0.000852523,0.000608709,0.000251346,3.58259e-05,0.214937
260,0.0015434,0.000213844,1.11135e-06,2.56529e-07,4.72127e-08,3.04405e-09,2.3242e-10,4.09477e-12,0.00175866
261,0.488402,0.435463,0.32521,0.258714,0.209939,0.186669,0.0891043,0.015205,2.00871
262,0.0015028,4.51155e-05,6.83503e-09,4.02216e-09,8.44813e-10,7.02039e-11,6.85015e-12,1.57656e-12,0.00154793
263,0.0172066,0.0128307,0.00365301,0.0018554,0.000378083,2.92639e-05,2.64978e-06,5.76045e-07,0.0359563
264,0.00663866,0.00111414,5.87602e-07,1.54577e-07,3.71498e-08,4.72947e-09,6.91624e-10,3.92248e-11,0.00775358
265,0.00121486,0.000114184,5.35082e-05,1.38964e-05,2.40565e-06,1.2925e-07,7.57499e-09,3.02827e-10,0.00139899
266,0.0105301,0.00131148,8.85044e-05,3.13441e-05,6.15187e-06,5.46557e-07,5.82071e-08,6.01546e-09,0.0119682
267,0.008398,0.00886375,0.000114033,6.77641e-05,2.58573e-05,5.45325e-06,1.12454e-06,1.99002e-07,0.0174762
268,0.00289867,0.00374,0.000951482,0.000316727,0.000240167,0.000306056,0.000140936,3.44772e-05,0.00862851
269,0.00067855,0.000134667,0.000108601,2.64035e-05,4.20541e-06,2.23698e-07,1.50857e-08,4.25556e-10,0.000952667
270,0.0138493,0.00125506,0.000729847,0.000479099,0.000249526,0.000103498,2.78804e-05,4.31337e-06,0.0166985
271,0.00179466,0.00155681,0.000386052,0.000107738,1.18326e-06,1.45138e-05,5.7721e-06,1.39199e-06,0.00386812
272,0.0015843,0.000958088,1.8815e-05,8.60911e-06,1.51057e-06,9.00756e-08,6.35021e-09,1.20801e-09,0.00257142
273,0.00563487,0.000821905,1.36443e-06,3.13566e-07,6.10645e-08,4.4692e-09,3.90113e-10,4.01417e-12,0.00645852
274,0.00169779,0.000299618,4.67324e-06,8.82282e-06,1.48361e-06,8.63048e-08,6.24744e-09,4.08876e-09,0.00201248
275,0.00758815,0.00342707,0.00149427,0.00073569,0.000206221,2.69927e-05,3.77051e-06,5.24969e-07,0.0134827
276,0.0172534,0.0163837,0.004987,0.00249873,0.000311716,4.6765e-07,1.1193e-05,2.63946e-06,0.0414488
277,0.00394359,0.00277518,0.00184396,0.0002932,0.000125785,3.22226e-05,7.71109e-06,1.65422e-06,0.00902331
278,0.000424156,1.61412e-05,4.13631e-07,8.77972e-08,1.76405e-08,1.35398e-09,1.215e-10,2.44587e-12,0.000440818
279,0.00292644,0.00311353,0.0013905,0.000663089,9.15217e-05,3.21136e-06,1.16252e-07,2.70962e-08,0.00818845
280,0.0232527,0.00161576,0.00034893,0.000211816,0.00011537,5.28313e-05,1.56105e-05,1.91485e-06,0.0256149
281,0.00113594,0.000456726,6.53908e-05,3.86471e-05,6.09045e-06,3.13242e-07,2.00591e-08,6.46929e-09,0.00170314
282,0.00177201,0.000221358,9.84966e-05,3.75417e-05,5.41743e-06,2.44118e-07,1.40369e-08,1.90465e-09,0.00213508
283,0.00458994,0.00266071,0.000241662,2.9723e-05,4.21921e-05,6.09778e-05,2.17349e-05,4.98122e-06,0.00765192
284,0.000622793,3.20711e-05,4.09676e-05,5.14984e-05,7.2953e-06,3.11921e-07,1.66974e-08,9.63553e-09,0.000754964
285,0.0036994,0.00524151,0.00240987,0.00122808,0.000207313,1.10655e-05,6.57192e-07,1.48979e-07,0.012798
286,0.0440283,0.042653,0.0185677,0.0117387,0.00361665,0.000565327,8.457e-05,1.87328e-05,0.121273
287,0.0372431,0.00371166,0.00112704,0.00078417,0.000460856,0.000239135,7.32081e-05,1.12005e-05,0.0436504
288,0.001232,0.00048314,7.42826e-05,1.75333e-05,2.74198e-06,1.43785e-07,9.5792e-09,1.50827e-10,0.00180985
289,0.0241599,0.00608176,2.74146e-05,8.3652e-06,7.86412e-07,2.36487e-08,4.80733e-09,5.11654e-10,0.0302783
290,0.000700243,8.2626e-05,4.77347e-07,1.81565e-07,6.60517e-08,1.42412e-08,2.99683e-09,2.58466e-10,0.000783611
291,0.0204333,0.0050354,0.000256773,0.000154396,2.49017e-05,1.92927e-06,2.84503e-07,4.0117e-08,0.025907
292,0.00157901,0.00217109,0.000891356,0.000411645,5.41205e-05,2.04816e-06,9.81038e-08,2.16465e-08,0.00510939
293,0.00033464,2.75391e-05,1.89603e-06,4.14972e-07,4.18065e-08,1.35542e-09,1.61633e-10,5.41059e-12,0.000364534
294,0.0139609,0.00209291,7.65941e-08,1.56096e-08,4.09214e-09,8.49161e-10,1.54272e-10,2.11045e-11,0.016054
295,0.320848,0.148115,0.0106921,0.00897068,0.00716927,0.00604561,0.00238346,0.000417917,0.504642
296,0.000573221,0.000120981,5.97821e-07,1.22415e-07,1.35198e-08,3.84361e-10,1.43098e-11,6.64736e-13,0.000694936
297,0.00283836,0.000158507,8.602e-09,1.62561e-08,2.2915e-09,9.92096e-11,5.43388e-12,1.17813e-11,0.0029969
298,0.000148971,1.23044e-05,5.61162e-11,2.20945e-11,3.38847e-12,1.65932e-13,9.93233e-15,1.30399e-15,0.000161276
299,0.000975632,0.000165995,1.01378e-06,3.94853e-07,4.81132e-08,1.58299e-09,6.67174e-11,9.85059e-12,0.00114309
300,0.000976579,4.98798e-05,2.4045e-05,3.56051e-06,4.2286e-07,9.4261e-09,2.40942e-10,3.03867e-13,0.0010545
301,0.00451767,0.000605516,9.83941e-06,4.9769e-06,1.3499e-06,2.21068e-07,3.59756e-08,4.50016e-09,0.00513961
302,0.000434933,1.44975e-05,1.69467e-12,4.67593e-13,6.68877e-14,3.39327e-15,2.45027e-16,2.08202e-17,0.000449431
303,0.000332892,4.46808e-05,9.11317e-07,1.99329e-07,4.38884e-08,3.76566e-09,3.48667e-10,2.20512e-12,0.000378731
304,0.0700978,0.0180594,0.000879619,0.000407607,7.5539e-05,2.06217e-05,6.53624e-06,3.24323e-06,0.0895504
305,0.000910193,3.11829e-06,0.000628843,0.000261056,5.45906e-05,4.45526e-06,4.10748e-07,4.32277e-08,0.00186271
306,0.000412464,0.000527585,2.20168e-05,8.81097e-06,1.20973e-06,5.04042e-08,2.66366e-09,4.26009e-10,0.000972139
307,0.000189199,2.93501e-06,2.0442e-06,4.13471e-07,5.42766e-08,2.12995e-09,1.08451e-10,2.91715e-12,0.000194648
308,0.00898624,0.00130826,2.69404e-05,2.93682e-05,3.14514e-06,8.98663e-08,7.44461e-09,1.06849e-09,0.010354
309,0.000688028,3.58787e-05,3.20824e-05,3.88801e-05,4.91451e-06,1.63975e-07,6.43434e-09,3.30468e-09,0.000799958
310,0.00056147,2.71686e-05,6.41954e-07,6.68808e-08,9.8527e-09,6.82493e-10,8.47896e-11,4.92179e-10,0.000589358
311,0.0246356,0.00982559,3.43649e-05,1.40613e-05,5.07137e-06,1.17218e-06,1.87494e-07,1.05575e-08,0.0345161
312,0.1006,0.0446384,0.000118967,7.6997e-05,5.23096e-05,3.80089e-05,1.34875e-05,1.3225e-06,0.145539
313,0.000346765,4.01962e-05,3.523e-05,7.31723e-06,9.39848e-07,3.56342e-08,1.75483e-09,7.10489e-12,0.000430486
314,0.000400679,0.000166094,1.84863e-06,3.43187e-07,4.34296e-08,1.59643e-09,7.5942e-11,1.6748e-12,0.000569009
315,0.0184916,0.0145834,0.00431034,0.00247228,0.000592083,5.01609e-05,2.61536e-06,2.97314e-07,0.0405029
316,0.00010275,1.17346e-05,7.8461e-08,5.35701e-07,6.25487e-08,2.02436e-09,8.66319e-11,3.61252e-11,0.000115163
317,0.000611252,7.46725e-05,1.27873e-07,3.70576e-08,3.71673e-09,1.40352e-10,1.01376e-11,5.94419e-13,0.000686093
318,0.291812,0.172041,0.000300187,0.000247788,0.000188739,0.000159177,6.71892e-05,1.06121e-05,0.464827
319,0.000455852,6.77049e-05,5.84872e-07,1.57321e-07,2.84445e-08,2.33606e-09,2.41325e-10,2.23031e-11,0.00052433
320,9.4823e-05,3.22634e-06,2.43047e-15,5.76011e-16,8.58865e-17,4.55766e-18,3.24403e-19,9.23404e-21,9.80494e-05
321,0.000533765,2.24761e-05,4.50529e-09,1.40349e-09,2.82355e-10,2.22341e-11,1.93105e-12,1.10551e-13,0.000556247
322,0.00211973,0.000743445,2.3195e-06,1.70107e-06,9.93432e-07,4.5103e-07,1.14038e-07,1.49525e-08,0.00286877
323,0.00287723,0.00248264,0.00054111,0.00021907,2.54718e-05,8.23697e-07,3.51959e-08,5.64425e-09,0.00614639
324,0.00138845,0.000441362,8.51983e-07,7.92167e-08,8.67391e-09,2.44773e-10,8.91265e-12,4.41879e-13,0.00183075
325,0.000110708,1.7707e-05,3.12182e-13,9.37479e-14,1.10791e-14,3.69274e-16,1.61003e-17,1.40027e-18,0.000128415
326,0.000228628,1.6995e-05,1.17293e-12,3.03833e-13,3.94021e-14,1.48152e-15,6.9629e-17,3.64237e-18,0.000245623
327,0.000999334,1.63929e-05,6.56545e-10,7.13783e-08,2.68009e-07,1.77364e-07,5.38413e-08,2.95905e-14,0.0010163
328,0.00377182,0.000367608,4.7294e-06,2.72307e-06,1.18093e-06,3.74949e-07,7.32068e-08,7.57595e-09,0.00414851
329,0.00335554,0.000297454,1.30919e-08,1.82937e-08,4.88959e-09,7.63955e-10,1.08375e-10,6.5074e-11,0.00365303
330,0.00244414,0.000323504,0.0029701,0.00137554,0.000460836,9.79436e-05,1.48424e-05,1.19531e-06,0.0076881
331,0.00139791,9.37624e-05,4.41965e-06,1.19372e-06,1.22031e-08,8.32195e-10,5.30577e-09,9.92597e-10,0.00149731
332,0.000188544,2.6715e-05,1.47814e-10,4.91044e-11,6.47588e-12,2.51896e-13,1.22307e-14,1.1641e-15,0.000215259
333,6.11322e-05,1.822e-06,1.11199e-11,1.52714e-12,1.43176e-14,6.64176e-15,4.63954e-16,1.9144e-17,6.29542e-05
334,0.00431749,0.000624291,9.89608e-07,1.74128e-07,2.09132e-08,7.70798e-10,3.96491e-11,1.86843e-11,0.00494296
335,0.074435,0.0363481,0.000205592,0.000131712,7.33562e-05,3.38914e-05,8.07324e-06,7.8012e-07,0.111237
336,0.00128979,6.0703e-05,1.09654e-05,1.20476e-05,1.31166e-06,3.46038e-08,1.3484e-09,4.22221e-10,0.00137485
337,0.000292894,4.12339e-05,4.6012e-07,1.48971e-07,1.4342e-08,3.33404e-10,1.03228e-11,1.08944e-12,0.000334752
338,0.0854896,0.0184869,1.30546e-05,9.78962e-06,7.20436e-06,5.25717e-06,1.91274e-06,2.1653e-07,0.104014
339,0.0509283,0.0135625,6.41709e-06,4.44057e-06,2.72188e-06,1.25666e-06,3.3789e-07,3.55944e-08,0.064506
340,4.74163e-05,2.11255e-06,6.3283e-13,1.42332e-13,1.30878e-14,7.27989e-17,8.33161e-18,3.39503e-19,4.95289e-05
341,0.0170436,0.00254854,1.81071e-05,0.000351373,0.000127769,2.46731e-05,4.37356e-06,4.16004e-06,0.0201226
342,0.000105216,6.79346e-06,4.43799e-11,2.28451e-11,8.78547e-12,2.28395e-12,4.21682e-13,3.84048e-14,0.00011201
343,5.25426e-05,1.29291e-06,1.19266e-13,1.17873e-14,1.75944e-15,8.34524e-17,4.72158e-18,9.07172e-21,5.38355e-05
344,0.461824,0.288171,0.00989865,0.00875439,0.00763326,0.00705198,0.00288056,0.000377875,0.786591
345,3.63772e-05,1.14012e-05,2.94649e-06,3.67798e-07,3.69143e-08,9.27633e-10,3.09627e-11,9.2432e-14,5.11305e-05
346,0.272188,0.15631,0.00101883,0.000789001,0.000627647,0.00056928,0.000218556,2.35603e-05,0.431745
347,0.0644734,0.0540696,0.0228691,0.0114153,0.00552567,0.00237205,0.000539056,3.30121e-05,0.161297
348,0.000146791,8.04953e-06,1.03946e-13,6.05305e-14,5.13215e-15,1.6193e-16,1.00593e-17,4.81307e-19,0.000154841
349,0.0120939,0.00184765,3.36195e-09,1.12696e-09,1.64642e-10,7.41244e-12,3.9109e-13,2.91238e-14,0.0139416
350,0.000274734,4.90103e-06,2.17573e-09,7.14283e-10,1.59955e-10,1.85243e-11,1.93593e-12,1.03327e-13,0.000279638
351,2.29646e-05,6.68424e-06,3.38936e-08,5.25029e-09,6.46224e-10,2.12691e-11,8.23559e-13,1.49037e-15,2.96886e-05
352,7.75547e-05,5.85769e-06,3.23775e-14,8.36715e-15,2.15137e-15,2.77215e-16,3.65071e-17,8.05802e-19,8.34124e-05
353,0.000684643,3.60802e-05,1.75947e-06,4.68572e-09,3.95044e-10,8.21842e-12,2.98849e-13,5.38291e-12,0.000722488
354,0.000330445,7.65926e-05,1.95097e-09,6.64146e-10,6.64139e-11,1.67033e-12,5.57365e-14,6.0208e-15,0.00040704
355,0.297236,0.280194,0.192695,0.15458,0.0928532,0.0527693,0.0150956,0.00228661,1.08771
356,5.66108e-05,2.57768e-06,1.96113e-07,6.3113e-09,5.41601e-10,1.04012e-11,2.69068e-13,3.75777e-16,5.93915e-05
357,0.000150725,1.84253e-06,5.20141e-14,1.80157e-14,4.57758e-15,5.49763e-16,5.45562e-17,2.55667e-18,0.000152568
358,5.34099e-06,1.80149e-08,1.03639e-17,2.65805e-18,3.47711e-19,1.32468e-20,6.10775e-22,2.65372e-23,5.35901e-06
359,0.000128843,1.62958e-05,2.97463e-10,7.01445e-11,7.80361e-12,2.28117e-13,8.38337e-15,4.81016e-16,0.000145139
360,0.000119909,4.26692e-06,1.0774e-10,2.88427e-11,2.54826e-12,5.33257e-14,1.54475e-15,1.41547e-16,0.000124176
361,1.8756e-06,1.02231e-09,4.37712e-16,9.65572e-17,8.89488e-18,1.96927e-19,5.90502e-21,2.35098e-22,1.87662e-06
362,0.00607483,0.000617927,1.73302e-08,5.99831e-09,7.35939e-10,3.57954e-11,3.3654e-12,2.82517e-13,0.00669278
363,0.000333941,9.23228e-06,3.82916e-08,4.43034e-08,1.45588e-08,2.48702e-09,3.77997e-10,9.77015e-11,0.000343274
364,0.719858,0.638377,0.525088,0.475661,0.397842,0.383103,0.13543,0.0171438,3.2925
365,0.000105358,2.8175e-05,1.27967e-06,3.22304e-08,2.25427e-09,2.89354e-11,7.58202e-13,3.21129e-13,0.000134847
366,6.18085e-06,5.25398e-06,4.69548e-11,9.88143e-12,7.57621e-13,1.21434e-14,2.67814e-16,1.10136e-17,1.14349e-05
367,0.00883292,0.00125143,6.47626e-08,1.62318e-08,4.3809e-09,6.37068e-10,6.99039e-11,2.64976e-12,0.0100844
368,0.0191777,0.00405105,1.01024e-05,5.46288e-06,2.76086e-06,1.27381e-06,3.00636e-07,2.07749e-08,0.0232487
369,0.000195584,2.97823e-05,6.35708e-14,2.08814e-14,5.36299e-15,5.96884e-16,6.57424e-17,2.66561e-18,0.000225366
370,1.85897e-05,1.46514e-06,8.45118e-10,1.15512e-09,1.18675e-10,2.24819e-12,2.38945e-14,3.12432e-14,2.00569e-05
371,0.00213201,0.00013855,3.38118e-05,8.55846e-06,1.00624e-06,3.29266e-08,1.35213e-09,3.7212e-11,0.00231397
372,0.0546034,0.0397652,0.0143969,0.00961915,0.00348702,0.00053356,2.83225e-05,1.61909e-06,0.122435
373,0.00332933,0.000109326,1.03926e-08,5.96122e-09,2.37619e-09,6.67345e-10,9.94411e-11,1.02549e-11,0.00343868
374,1.05714e-05,1.56124e-07,5.43515e-11,3.4895e-13,1.79743e-14,1.47112e-16,1.72769e-18,5.27922e-18,1.07275e-05
375,1.10866e-05,6.9292e-08,2.85394e-17,8.19587e-18,1.25974e-18,6.67944e-20,4.37527e-21,1.59714e-22,1.11559e-05
376,3.76085e-05,5.33575e-07,5.72494e-16,1.60762e-16,1.64823e-17,4.15141e-19,1.30032e-20,8.17571e-22,3.81421e-05
377,6.65852e-05,5.56729e-06,3.72256e-08,1.24815e-08,2.29392e-09,1.50312e-10,1.06684e-11,5.56086e-13,7.22046e-05
378,0.00652325,0.00040223,9.35614e-09,3.31171e-09,1.24021e-09,4.07483e-10,8.80586e-11,6.2095e-12,0.00692549
379,0.0020009,2.23083e-05,0.00301825,0.00164016,0.000736782,0.0002611,4.89302e-05,3.75377e-06,0.00773218
380,4.88169e-06,5.81114e-08,1.50814e-18,3.76546e-19,3.79933e-20,9.52739e-22,3.03939e-23,1.42741e-24,4.9398e-06
381,5.96217e-06,7.3816e-07,7.57701e-10,8.76296e-14,6.49117e-15,9.96614e-17,2.1251e-18,7.75584e-16,6.70109e-06
382,0.000758371,0.00083777,0.000167767,6.37708e-05,5.11177e-06,9.15921e-08,2.29012e-09,3.47327e-10,0.00183288
383,0.00031855,1.14427e-05,7.65262e-08,2.07927e-08,2.01375e-09,4.8166e-11,1.5044e-12,8.76685e-14,0.000330092
384,5.97212e-05,3.09586e-07,5.22354e-09,4.65699e-09,4.16432e-09,2.8771e-09,7.74463e-10,7.01424e-11,6.00486e-05
385,0,0,0,0,0,0,0,0,0
386,2.75113e-05,1.04689e-06,1.24449e-08,3.64999e-09,5.40056e-10,2.55271e-11,1.1363e-12,4.10739e-14,2.85749e-05
387,0.00394298,0.000382505,1.25185e-10,5.00952e-11,7.82282e-12,1.4269e-12,1.92178e-13,1.41707e-14,0.00432549
388,2.47902e-05,4.06743e-06,1.33251e-11,3.99753e-12,2.90079e-13,4.3744e-15,9.29556e-17,8.67566e-18,2.88577e-05
389,8.03522e-07,2.8285e-09,2.89768e-25,5.3755e-26,6.10193e-27,1.8574e-28,6.94669e-30,1.42824e-31,8.06351e-07
390,0.000266995,1.09082e-05,4.62588e-11,2.87571e-11,6.13803e-12,6.68766e-13,6.82745e-14,5.36922e-15,0.000277903
391,7.33323e-06,1.42763e-06,3.16761e-09,1.07197e-09,1.16724e-10,3.19404e-12,1.03884e-13,8.81065e-15,8.76522e-06
392,9.05987e-06,7.43999e-08,1.31434e-07,2.3604e-08,2.06647e-09,4.12309e-11,1.07532e-12,1.76761e-14,9.29142e-06
393,1.61367e-05,2.23445e-07,5.90061e-20,3.73216e-21,4.24689e-22,1.27251e-23,4.56974e-25,1.82466e-28,1.63601e-05
394,0.00611109,0.000724944,5.0111e-07,1.28622e-06,1.18251e-06,4.21395e-07,9.39404e-08,1.13165e-07,0.00683963
395,4.83608e-06,9.18777e-07,3.83027e-09,1.1784e-09,7.53508e-11,9.28804e-13,1.65963e-14,1.77573e-15,5.75994e-06
396,0.059298,0.0279144,5.46037e-05,2.61678e-05,1.69357e-05,1.15513e-05,3.50846e-06,1.08258e-07,0.0873252
397,1.8129e-06,1.12355e-08,5.74945e-22,1.02092e-22,1.24858e-23,4.29172e-25,1.76696e-26,2.97469e-28,1.82414e-06
398,0.0660974,0.0530622,0.0218231,0.0147319,0.00551134,0.000991682,8.20907e-05,6.73049e-06,0.162306
399,9.73367e-06,1.31766e-07,1.19161e-15,2.365e-16,1.80341e-17,2.86465e-19,6.09962e-21,2.01654e-22,9.86543e-06
400,0.00010237,7.11615e-06,1.1589e-05,2.71371e-06,1.83691e-07,2.56125e-09,5.86516e-11,2.41673e-12,0.000123976
401,5.36871e-05,6.98668e-07,4.29475e-17,4.24721e-19,2.71546e-17,1.5069e-17,2.28411e-18,9.647e-20,5.43857e-05
402,0.000747,0.000507554,1.10641e-07,7.50264e-08,3.74583e-08,1.21438e-08,2.10174e-09,1.83382e-10,0.00125479
403,0.00761968,0.0051784,0.00142415,0.000673225,0.000112872,1.18568e-05,1.38544e-06,9.55581e-08,0.0150217
404,3.32298e-05,3.8391e-06,3.10822e-06,6.63106e-07,4.12802e-08,4.80058e-10,7.97297e-12,3.35004e-13,4.0882e-05
405,0.000219138,4.02774e-05,2.14454e-05,7.78254e-06,5.45205e-07,7.46298e-09,1.37566e-10,1.90576e-11,0.000289196
406,1.12905e-06,2.80936e-08,8.97114e-25,1.80199e-25,1.71938e-26,3.89888e-28,1.10416e-29,2.95729e-31,1.15714e-06
407,6.99307e-06,1.53758e-07,2.38572e-21,5.56101e-22,3.96845e-23,7.82549e-25,3.27797e-26,8.65529e-28,7.14683e-06
408,0,0,0,0,0,0,0,0,0
409,5.42762e-05,1.05963e-06,1.2874e-25,3.90206e-26,6.38937e-27,2.20522e-28,8.62473e-34,3.26142e-35,5.53358e-05
410,0.357131,0.198358,2.59784e-05,2.2922e-05,1.79711e-05,1.55165e-05,4.93217e-06,5.32767e-07,0.555576
411,0.00338399,0.000361782,4.20939e-09,3.45957e-09,6.35728e-10,1.21459e-10,1.8893e-11,9.51365e-13,0.00374578
412,0.401801,0.344763,0.236107,0.19425,0.12377,0.0641176,0.0184701,0.00226592,1.38554
413,0.00278517,0.000485348,3.94228e-06,1.55975e-06,4.81686e-07,7.80072e-08,8.69361e-09,3.56612e-10,0.00327659
414,0.0552225,0.0131527,1.36929e-05,7.72094e-06,3.56295e-06,1.39471e-06,2.48948e-07,1.61689e-08,0.0684018
415,4.09764e-05,8.20571e-06,5.59643e-13,1.4982e-13,8.13967e-15,7.43055e-17,9.70839e-19,7.97996e-20,4.91821e-05
416,0.0152155,0.00207029,0.002269,0.00125376,0.000539715,0.000126763,1.07547e-05,4.06989e-07,0.0214861
417,0.00102652,8.09503e-05,3.69613e-07,1.48342e-07,4.03635e-08,5.18185e-09,5.40017e-10,2.66347e-11,0.00110804
418,0,0,0,0,0,0,0,0,0
419,6.98117e-07,3.16468e-09,1.32788e-21,2.48079e-22,2.05239e-23,3.7318e-25,8.77977e-27,2.11474e-28,7.01281e-07
420,0.000103622,1.44029e-05,6.86356e-07,1.95721e-07,1.20075e-08,1.40252e-10,2.38079e-12,2.02118e-13,0.000118919
421,0.000834553,0.000274861,1.67446e-10,8.05886e-11,1.87143e-11,1.59415e-12,7.78428e-14,4.41437e-15,0.00110941
422,0.00160081,5.97138e-05,8.65912e-08,8.48081e-07,7.59696e-07,2.1877e-07,3.7193e-08,5.05875e-08,0.00166253
423,0.186007,0.157635,0.0892079,0.0580156,0.0346164,0.0209102,0.00522135,0.000362783,0.551976
424,1.13622e-06,1.56357e-08,2.99066e-19,8.29863e-20,9.4953e-21,2.89982e-22,1.04362e-23,4.75546e-25,1.15186e-06
425,0,0,0,0,0,0,0,0,0
426,0,0,0,0,0,0,0,0,0
427,0.00264028,8.90348e-05,3.5883e-07,5.27889e-08,5.47862e-11,4.52548e-11,2.06657e-11,1.8924e-12,0.00272973
428,0.0589061,0.0217494,0.00416357,0.00279886,0.00142732,0.000664511,0.000127328,1.03673e-05,0.0898474
429,0.00612967,0.000512509,3.7019e-10,1.30947e-10,3.63055e-11,6.04147e-12,5.95852e-13,2.00673e-14,0.00664218
430,0.185361,0.108914,0.00285414,0.00196226,0.00138193,0.00109971,0.0003095,1.95057e-05,0.301902
431,0,0,0,0,0,0,0,0,0
432,0.0108926,0.00143206,7.87686e-11,3.94123e-11,2.16894e-11,9.32667e-12,2.14563e-12,8.6376e-14,0.0123247
433,0.0171186,0.00231149,1.84926e-08,9.7336e-09,4.49581e-09,1.95408e-09,3.51781e-10,1.8231e-11,0.0194301
434,3.49914e-05,5.37727e-07,7.11848e-19,2.06078e-19,3.85567e-20,2.80885e-21,1.50297e-22,4.23582e-24,3.55291e-05
435,0.00120608,7.86636e-05,3.95423e-09,1.52981e-09,4.89388e-10,1.04818e-10,1.20842e-11,4.21598e-13,0.00128475
436,0,0,0,0,0,0,0,0,0
437,0,0,0,0,0,0,0,0,0
438,0.00188172,0.000148914,0.000216308,6.60981e-05,1.60604e-05,2.05328e-06,1.5593e-07,3.68544e-09,0.00233131
439,0,0,0,0,0,0,0,0,0
440,0,0,0,0,0,0,0,0,0
441,5.60041e-05,1.29115e-06,8.73153e-16,2.22377e-16,1.51707e-17,1.74797e-19,2.23697e-21,1.19066e-22,5.72953e-05
442,0.00871847,0.00252419,4.38889e-06,1.73539e-06,6.96841e-07,1.90558e-07,2.72964e-08,6.70924e-10,0.0112497
443,0.00342027,0.000111006,6.16327e-24,3.71184e-24,2.15612e-24,1.02686e-24,2.34008e-25,1.26529e-26,0.00353127
444,0,0,0,0,0,0,0,0,0
445,1.24904e-06,2.54951e-08,6.16103e-18,3.38237e-19,3.07732e-20,6.54653e-22,1.72514e-23,2.23712e-25,1.27453e-06
446,0.206929,0.134597,0.131163,0.0879224,0.0583897,0.0420846,0.0106811,0.000653991,0.67242
447,0.00113473,0.000138405,1.10171e-10,5.27941e-11,9.75916e-12,4.40523e-13,6.05862e-15,2.01101e-16,0.00127314
448,3.74994e-06,3.01067e-07,3.72385e-12,7.39484e-13,2.57641e-14,5.49642e-17,2.15712e-20,1.04716e-21,4.05101e-06
449,2.39456e-06,2.01702e-07,4.01752e-11,1.79261e-12,4.70138e-12,3.12866e-12,4.57482e-13,2.22715e-14,2.59631e-06
450,1.16587e-06,8.01629e-07,6.16566e-10,2.67215e-07,7.89498e-07,2.71423e-07,4.17918e-08,2.02258e-08,3.35827e-06
451,0.115125,0.0931035,0.044029,0.0241565,0.0136085,0.00764561,0.00159533,6.10946e-05,0.299324
452,0.019944,0.00339244,3.43573e-08,1.11066e-07,9.76341e-09,4.41648e-09,1.07975e-09,5.28282e-11,0.0233366
453,0.000139265,3.76708e-06,9.92026e-17,3.90194e-17,6.62388e-18,4.3228e-19,1.71616e-20,8.60298e-22,0.000143032
454,0.000207412,0.000132981,0.000129877,5.9722e-05,1.63302e-05,2.83107e-06,2.56664e-07,1.43684e-08,0.000549425
455,0.427296,0.367497,0.259997,0.194521,0.149365,0.130996,0.043725,0.003031,1.57643
456,0.0208075,0.00325846,4.49873e-08,3.0203e-08,1.4803e-08,6.82746e-09,1.14402e-09,8.54794e-11,0.0240661
457,0,0,0,0,0,0,0,0,0
458,0.00331382,0.000476338,0.000215467,6.47653e-05,1.9531e-05,3.34287e-06,3.54999e-07,5.80962e-09,0.00409363
459,0,0,0,0,0,0,0,0,0
460,2.90052e-05,5.15506e-06,4.16805e-15,1.15815e-15,6.69139e-17,7.05887e-19,1.05698e-20,7.68542e-22,3.41602e-05
461,0.00807064,0.00220874,3.57265e-09,6.83999e-10,3.11411e-10,1.25395e-10,2.13437e-11,4.97034e-13,0.0102794
462,0.00299077,0.000253929,9.90973e-06,5.27649e-06,1.88813e-06,4.39116e-07,4.85509e-08,2.66441e-09,0.00326226
463,0.00387648,0.000322508,5.55634e-07,1.70559e-07,8.85192e-09,7.84802e-11,1.01259e-12,1.00411e-13,0.00419972
464,0.241229,0.203909,0.121953,0.0897571,0.0533006,0.0302553,0.00587327,0.000410402,0.746688
465,0.124805,0.0593145,0.00101796,0.000760651,0.000442288,0.00025216,4.79549e-05,3.54718e-06,0.186644
466,0.00769655,0.000864693,1.24035e-06,6.04015e-07,2.44513e-07,7.73408e-08,1.01337e-08,4.07882e-10,0.00856342
467,0.0783554,0.0363244,0.00170551,0.00124059,0.000583766,0.000226874,3.67452e-05,3.34785e-06,0.118477
468,0.0258186,0.00344881,0.000274229,0.000195386,0.000107886,4.42463e-05,9.83049e-06,7.83287e-07,0.0298998
469,2.83966e-05,1.47323e-07,8.93017e-21,3.04774e-21,8.26114e-22,7.70809e-23,2.4561e-24,2.50647e-26,2.85439e-05
470,0.0275441,0.00481939,8.77976e-06,2.38403e-06,4.47095e-07,8.5353e-08,1.62048e-08,7.57222e-10,0.0323752
471,0,0,0,0,0,0,0,0,0
472,0.0434863,0.00328588,0.0387807,0.026982,0.0179106,0.0129923,0.00346372,0.000213119,0.147115
473,3.83153e-05,7.78496e-06,3.50084e-10,1.08815e-10,7.81558e-12,1.14989e-13,2.20258e-15,1.63352e-16,4.61007e-05
474,0,0,0,0,0,0,0,0,0
475,0,0,0,0,0,0,0,0,0
476,1.81079e-06,3.74023e-09,1.06318e-22,2.4981e-23,3.92245e-24,2.16239e-25,8.0632e-27,1.45665e-28,1.81453e-06
477,0.00993464,4.18036e-05,0.0208868,0.0142233,0.00664269,0.0025653,0.000370498,2.57917e-05,0.0546908
478,0.00346249,4.70351e-05,9.49194e-11,5.44323e-11,3.05867e-11,1.89336e-11,4.20804e-12,1.93489e-13,0.00350953
479,0.0133168,0.00202859,4.81678e-08,2.73616e-08,1.35437e-08,6.01955e-09,1.0502e-09,4.93746e-11,0.0153455
480,0,0,0,0,0,0,0,0,0
481,0.0106891,0.000259018,0.00892069,0.00499762,0.00227796,0.000944889,0.000137999,6.17426e-06,0.0282334
482,0.000871753,8.11885e-05,1.58093e-18,5.20344e-19,1.49304e-19,2.65865e-20,2.36221e-21,4.36441e-23,0.000952942
483,0,0,0,0,0,0,0,0,0
484,0,0,0,0,0,0,0,0,0
485,0.654637,0.604756,0.497764,0.428791,0.325906,0.362698,0.116218,0.010176,3.00095
486,0.000261365,4.31432e-06,5.68514e-07,2.64739e-07,7.53275e-08,9.55661e-09,6.53701e-10,2.86507e-11,0.000266598
487,0.360933,0.291197,0.187762,0.139423,0.0965574,0.07621,0.0182416,0.00107652,1.1714
488,0.177507,0.0763879,0.000171473,0.000134227,9.79102e-05,6.02618e-05,1.53274e-05,9.67972e-07,0.254375
489,0.000109281,1.35068e-06,2.02962e-17,7.47257e-18,2.24395e-18,4.09023e-19,3.88448e-20,1.03876e-21,0.000110631
490,0.008725,0.00185327,0.000213972,8.84601e-05,9.04945e-06,2.06199e-07,3.38282e-09,2.07065e-10,0.01089
491,1.30471e-05,5.15113e-08,2.56916e-22,6.63482e-23,1.77421e-23,2.69154e-24,2.53027e-25,3.52617e-27,1.30986e-05
492,0.000309586,1.05702e-05,4.82721e-10,1.35081e-10,2.06212e-11,9.87447e-13,4.80617e-14,1.33475e-15,0.000320156
493,0,0,0,0,0,0,0,0,0
494,0.000179374,3.79727e-05,2.49978e-06,1.21452e-06,1.89793e-07,9.7914e-09,2.91217e-10,2.20368e-11,0.00022126
495,0.100693,0.0506455,7.24525e-05,4.65199e-05,2.65992e-05,1.81913e-05,3.7661e-06,1.96722e-07,0.151506
496,9.2753e-05,1.51191e-06,2.80224e-18,1.07911e-18,2.33401e-19,2.35867e-20,1.36983e-21,5.34205e-23,9.42649e-05
497,5.44963e-05,3.21945e-06,0.000238833,8.61287e-05,2.36305e-05,3.96361e-06,3.15076e-07,6.86934e-09,0.000410594
498,3.37412e-06,7.02122e-08,1.28926e-17,3.53481e-18,2.93794e-18,1.87014e-18,2.78319e-19,6.04498e-21,3.44434e-06
499,0.0700705,0.0200994,0.0108734,0.0076487,0.0044375,0.00252887,0.000466235,2.66494e-05,0.116151
500,0,0,0,0,0,0,0,0,0
501,0.000180899,8.10681e-06,4.42271e-18,1.37533e-18,8.72343e-20,1.85028e-20,1.44806e-20,5.63228e-22,0.000189006
502,0.000572314,2.1452e-05,1.30577e-12,5.02896e-13,1.66089e-13,3.60001e-14,3.93171e-15,1.03315e-16,0.000593766
503,1.32148e-06,6.98224e-09,6.60754e-15,1.01328e-15,7.23466e-17,8.34941e-19,2.94743e-21,3.02227e-23,1.32846e-06
504,7.87268e-05,1.13193e-06,2.83946e-23,9.02931e-24,2.44988e-24,3.81378e-25,3.09641e-26,6.06552e-28,7.98588e-05
505,0.000234288,1.06954e-05,8.9884e-11,2.92878e-11,4.09537e-12,2.29005e-13,9.65472e-15,2.64056e-16,0.000244984
506,0.0024572,4.61967e-05,0.0028652,0.00163117,0.000949082,0.000479507,9.98535e-05,3.6366e-06,0.00853184
507,0.0139015,0.00163281,5.87281e-06,3.47001e-06,1.63583e-06,6.96829e-07,1.05043e-07,4.905e-09,0.0155461
508,0.000227576,4.83475e-06,5.18248e-15,1.77154e-15,5.56336e-16,1.16702e-16,1.20558e-17,2.49358e-19,0.000232411
509,0.030902,0.00386983,5.4109e-12,2.70497e-12,1.34692e-12,5.98215e-13,9.87427e-14,3.04343e-15,0.0347719
510,0.0403114,0.0182295,0.000298121,0.00018822,7.59225e-05,2.17095e-05,2.2615e-06,1.24119e-07,0.0591272
511,0,0,0,0,0,0,0,0,0
512,0.000299983,0.0040615,0.00163128,0.00117604,0.000601481,0.00020158,2.64035e-05,1.50893e-06,0.00799979
513,0.0514546,0.0026008,0.0581428,0.0453988,0.0305864,0.020914,0.00454735,0.000275167,0.21392
514,0,0,0,0,0,0,0,0,0
515,0.000213693,4.07322e-06,1.67307e-13,6.29146e-14,1.44472e-14,1.36368e-15,2.2991e-17,6.94746e-19,0.000217766
516,0.00708524,0.00146028,0.00116002,0.000810742,0.000450207,0.000251198,4.85729e-05,2.91987e-06,0.0112692
517,0,0,0,0,0,0,0,0,0
518,0.296623,0.248103,0.154723,0.105628,0.073591,0.064894,0.0161849,0.000734688,0.960482
519,0.00167245,0.000115528,1.29212e-07,3.57933e-08,1.25786e-09,6.0696e-12,4.92361e-14,4.18153e-15,0.00178814
520,0.00175267,0.000272359,5.30947e-08,2.18654e-08,5.06704e-09,4.23683e-10,1.62912e-11,4.05918e-13,0.00202511
521,0,0,0,0,0,0,0,0,0
522,2.29642e-06,3.03106e-05,2.28787e-06,4.64588e-07,8.26999e-08,6.3714e-09,3.3223e-10,2.052e-12,3.54489e-05
523,0.000760729,0.000156714,1.06989e-08,3.12293e-09,6.16523e-10,5.3855e-11,2.70682e-12,4.7123e-14,0.000917457
524,2.19983e-06,1.77915e-08,1.93559e-14,3.27467e-15,3.21951e-16,8.67921e-18,1.96847e-19,2.01244e-21,2.21762e-06
525,0.0289368,0.00314873,6.87762e-06,4.92294e-06,3.25947e-06,1.73816e-06,2.89244e-07,1.17665e-08,0.0321026
526,0.0136984,0.00193944,1.26004e-11,7.7133e-12,3.74704e-12,1.47375e-12,2.39109e-13,1.15091e-14,0.0156379
527,0.00224186,0.000139623,2.30108e-15,1.11964e-15,4.20432e-16,1.17926e-16,1.18177e-17,3.95546e-19,0.00238148
528,0.0226071,0.00472643,8.58183e-06,4.95525e-06,2.39397e-06,8.27032e-07,1.11059e-07,4.12324e-09,0.0273504
529,0.019896,0.00224041,7.73187e-08,5.39812e-08,2.96702e-08,1.35939e-08,1.92666e-09,9.18922e-11,0.0221366
530,0.000358136,1.41749e-05,3.57268e-12,1.3377e-12,3.39774e-13,4.96706e-14,3.64699e-15,1.05008e-16,0.000372311
531,0,0,0,0,0,0,0,0,0
532,0,0,0,0,0,0,0,0,0
533,0.0472326,0.0101175,8.6957e-08,5.66578e-08,3.24006e-08,2.11234e-08,3.93514e-09,2.02116e-10,0.0573503
534,0,0,0,0,0,0,0,0,0
535,0,0,0,0,0,0,0,0,0
536,0.16203,0.150359,0.0867487,0.0634874,0.0302848,0.0101049,0.00166372,0.000121973,0.5048
537,0.0750565,0.0146497,0.028877,0.0218003,0.0134957,0.00919581,0.00180706,0.000102432,0.164985
538,0.302595,0.1691,0.00022713,0.000182832,0.000136567,0.000127135,3.44712e-05,2.03968e-06,0.472404
539,0.000586473,0.000114041,6.95443e-10,6.96092e-11,7.99468e-12,2.47688e-13,8.11683e-15,1.92218e-16,0.000700515
540,0.000266081,7.15588e-07,5.83045e-15,2.78542e-15,1.08211e-15,3.62612e-16,4.38015e-17,1.39982e-18,0.000266797
541,0.211923,0.099052,0.000474892,0.000361336,0.000266635,0.000251547,6.84573e-05,3.61432e-06,0.312401
542,4.15874e-05,1.07479e-06,8.78456e-14,3.81262e-12,1.73561e-11,2.56691e-11,5.85628e-12,1.94665e-13,4.26622e-05
543,1.98385e-06,2.85162e-09,3.44707e-28,7.79004e-29,1.81984e-29,2.04646e-30,1.50839e-31,1.41446e-33,1.98671e-06
544,0,0,0,0,0,0,0,0,0
545,0,0,0,0,0,0,0,0,0
546,0.00369475,2.02657e-05,3.97535e-07,2.47099e-07,1.12605e-07,4.38258e-08,5.65648e-09,2.57238e-10,0.00371582
547,8.31936e-07,2.41403e-07,9.06294e-18,1.68578e-18,3.73578e-20,7.24729e-23,2.02032e-25,9.36543e-27,1.07334e-06
548,0.00264796,0.00030045,3.4094e-07,1.39684e-07,4.491e-08,9.83984e-09,7.99037e-10,1.87219e-11,0.00294894
549,0.244186,0.216197,0.133526,0.0931897,0.0541491,0.0403485,0.00844365,0.000451193,0.790491
550,0.0215547,0.0035091,2.79166e-08,1.57117e-08,9.39942e-09,6.05269e-09,1.22757e-09,3.68962e-11,0.0250638
551,3.32802e-06,3.00925e-08,1.70195e-25,3.31387e-26,3.2521e-27,6.02209e-29,1.93781e-31,2.48019e-33,3.35812e-06
552,0,0,0,0,0,0,0,0,0
553,0,0,0,0,0,0,0,0,0
554,0.000120501,6.67079e-06,0.000228326,9.40233e-05,2.36811e-05,3.74488e-06,2.46284e-07,7.26632e-09,0.0004772
555,4.9186e-06,1.82913e-08,4.81561e-12,1.80176e-14,3.71491e-15,4.18756e-16,2.34633e-17,1.31882e-16,4.9369e-06
556,0,0,0,0,0,0,0,0,0
557,0,0,0,0,0,0,0,0,0
558,0,0,0,0,0,0,0,0,0
559,0.000129348,9.92465e-07,2.59118e-14,9.03335e-15,3.35959e-15,9.14653e-16,1.14593e-16,1.78811e-18,0.000130341
560,4.27981e-05,1.20022e-06,1.03897e-18,2.80714e-19,4.02006e-20,2.12444e-21,6.65619e-23,1.19634e-24,4.39983e-05
561,1.657e-05,7.59051e-07,1.69246e-17,5.64122e-18,9.23282e-19,4.63055e-20,1.70533e-21,4.59237e-23,1.73291e-05
562,0,0,0,0,0,0,0,0,0
563,0.00019296,1.13922e-06,2.63094e-11,1.02625e-11,3.15821e-12,6.14966e-13,5.25433e-14,1.11548e-15,0.000194099
564,0,0,0,0,0,0,0,0,0
565,0.000239572,7.08406e-06,4.60615e-08,1.37451e-08,2.88e-09,3.16928e-10,1.61041e-11,2.5925e-13,0.000246719
566,0.031551,0.00675878,1.72437e-11,1.04673e-11,5.59469e-12,3.10699e-12,4.80425e-13,1.73682e-14,0.0383098
567,0,0,0,0,0,0,0,0,0
568,0,0,0,0,0,0,0,0,0
569,0,0,0,0,0,0,0,0,0
570,0,0,0,0,0,0,0,0,0
571,5.44414e-05,9.67482e-07,4.22447e-23,1.33083e-23,2.67176e-24,2.84397e-25,1.38965e-26,2.64768e-28,5.54089e-05
572,3.61497e-06,2.91227e-07,3.84385e-19,1.95506e-18,2.62543e-18,7.34674e-19,6.00109e-20,1.76734e-21,3.90619e-06
573,2.55842e-05,1.24304e-07,1.98615e-17,6.51324e-18,1.60113e-18,2.49557e-19,1.66012e-20,2.94837e-22,2.57085e-05
574,0.0583502,0.0205791,9.82057e-05,5.77804e-05,2.06766e-05,6.8609e-06,6.91975e-07,3.23389e-08,0.0791135
575,2.97386e-06,3.24183e-09,3.67723e-10,4.80281e-11,3.8819e-12,6.68159e-14,5.33249e-16,2.45993e-18,2.97752e-06
576,0,0,0,0,0,0,0,0,0
577,0.446946,0.376341,0.218501,0.152084,0.0880913,0.061678,0.0113244,0.000467115,1.35543
578,0.000419734,7.11995e-06,1.99493e-15,8.61385e-16,3.30818e-16,1.07178e-16,1.22657e-17,2.68523e-19,0.000426854
579,0.00064028,1.87552e-05,4.51564e-08,1.86553e-08,5.38879e-09,1.80089e-09,1.56691e-10,4.2621e-12,0.000659107
580,0.0123984,0.00561402,1.38586e-05,6.44161e-06,2.04996e-06,3.57205e-07,3.11882e-08,9.33881e-10,0.0180351
581,0.0118428,0.00108172,8.32261e-08,4.03697e-08,1.59611e-08,5.30115e-09,5.57701e-10,1.39517e-11,0.0129246
582,0.00225214,4.87556e-05,0.00323999,0.00155974,0.000547344,9.78737e-05,8.32258e-06,2.07969e-07,0.00775438
583,0.17902,0.149247,0.0811748,0.0511295,0.0279741,0.022727,0.00386152,0.000143153,0.515277
584,3.78205e-06,1.30721e-06,6.10998e-14,1.45143e-14,1.36227e-15,2.90435e-17,4.58123e-19,6.95773e-21,5.08926e-06
585,0,0,0,0,0,0,0,0,0
586,0,0,0,0,0,0,0,0,0
587,0.000353981,1.38225e-05,4.77791e-16,1.41753e-16,2.67294e-17,2.28227e-18,9.18093e-20,1.46805e-21,0.000367803
588,1.63481e-05,1.72062e-07,2.55442e-21,6.02465e-22,1.18075e-22,1.14197e-23,5.57196e-25,5.15254e-27,1.65201e-05
589,2.58477e-05,6.58216e-05,2.45665e-12,1.34452e-12,5.26664e-13,1.09748e-13,8.38243e-15,2.28038e-16,9.16694e-05
590,0.0309867,0.00958133,2.68463e-05,1.6454e-05,7.28978e-06,1.17976e-06,5.77561e-09,2.96329e-10,0.0406198
591,0.00848718,0.00127056,1.97227e-12,1.00818e-12,4.21867e-13,1.83393e-13,2.34324e-14,6.87968e-16,0.00975774
592,0.00520239,0.000479941,1.0458e-12,5.37829e-13,2.31365e-13,1.03183e-13,1.21884e-14,3.28616e-16,0.00568233
593,0,0,0,0,0,0,0,0,0
594,0.0121402,0.00530771,1.57728e-06,8.90551e-07,2.10041e-07,1.52165e-08,2.62296e-10,5.52018e-12,0.0174506
595,0,0,0,0,0,0,0,0,0
596,0,0,0,0,0,0,0,0,0
597,0.0110004,0.00152474,0.00011235,5.91647e-05,2.66945e-05,1.22239e-05,1.67264e-06,4.72009e-08,0.0127372
598,1.60192e-05,1.15882e-07,9.36099e-20,3.00785e-20,4.99999e-21,3.36297e-22,1.04765e-23,1.93676e-25,1.61351e-05
599,7.70362e-06,1.80393e-08,1.07225e-35,2.84859e-36,8.9162e-37,1.61545e-37,1.41413e-38,1.14408e-40,7.72166e-06
600,0,0,0,0,0,0,0,0,0
601,3.41191e-06,3.23113e-10,2.32877e-22,6.94714e-23,1.09271e-23,7.05343e-25,2.1245e-26,3.66704e-28,3.41223e-06
602,0.000466356,1.35202e-05,9.42608e-21,3.95706e-21,1.32676e-21,2.82128e-22,2.66323e-23,5.75157e-25,0.000479877
603,0.0100771,0.00201112,1.10213e-15,5.67909e-16,2.2095e-16,6.46331e-17,5.73314e-18,1.45016e-19,0.0120882
604,0,0,0,0,0,0,0,0,0
605,0.0105021,0.00142968,8.4757e-11,3.50128e-11,1.28216e-11,4.40253e-12,4.223e-13,8.17037e-15,0.0119317
606,2.76274e-05,1.30079e-07,2.15009e-12,6.06416e-13,1.13251e-13,1.05276e-14,4.18419e-16,5.39825e-18,2.77575e-05
607,0.000775383,3.68936e-05,5.33519e-21,2.27406e-21,6.76049e-22,1.49785e-22,1.21342e-23,2.98471e-25,0.000812277
608,0.0688853,0.0158354,2.96171e-07,2.09716e-07,1.3718e-07,1.13054e-07,2.18659e-08,7.97512e-10,0.0847214
609,8.59298e-05,2.13715e-06,1.02179e-15,2.63922e-16,6.20945e-17,7.34389e-18,4.10675e-19,3.62835e-21,8.8067e-05
610,0,0,0,0,0,0,0,0,0
611,0.00015796,8.29607e-06,3.72917e-16,9.45576e-17,1.75422e-17,1.4095e-18,3.47307e-20,2.96535e-22,0.000166257
612,0,0,0,0,0,0,0,0,0
613,0,0,0,0,0,0,0,0,0
614,0.00102392,1.88112e-05,2.1969e-07,1.04673e-07,4.03086e-08,1.27763e-08,1.36072e-09,3.26994e-11,0.00104311
615,0,0,0,0,0,0,0,0,0
616,0.000143233,1.65261e-06,1.10508e-12,1.52301e-13,1.28313e-14,1.67101e-16,1.67629e-19,1.9887e-22,0.000144886
617,0.0232881,0.00894727,0.000993593,0.000543863,0.000177182,5.00413e-05,3.53726e-06,1.35079e-07,0.0340037
618,0.000407694,3.77112e-05,6.60793e-07,1.32421e-07,2.14093e-09,1.57799e-11,7.43754e-14,1.67162e-15,0.0004462
619,0.00447748,0.000437036,2.03184e-09,9.80311e-10,3.70404e-10,1.26958e-10,1.2466e-11,2.96126e-13,0.00491452
620,0.00829076,0.000461695,8.41807e-06,4.65243e-06,1.94106e-06,7.35747e-07,8.13877e-08,2.50506e-09,0.00876829
621,0,0,0,0,0,0,0,0,0
622,0.160514,0.0669759,0.00406874,0.00298998,0.00194507,0.00174655,0.00030549,1.09691e-05,0.238557
623,0,0,0,0,0,0,0,0,0
624,0.385286,0.31264,0.202224,0.15027,0.104104,0.0972357,0.0177114,0.0005967,1.27007
625,1.4467e-05,5.40649e-08,1.05764e-26,2.52997e-27,8.8705e-28,1.91172e-28,1.87428e-29,9.57167e-32,1.4521e-05
626,7.81784e-06,3.27383e-08,2.91823e-26,8.12117e-27,1.31988e-27,8.67104e-29,2.52665e-30,3.48032e-32,7.85058e-06
627,8.85075e-06,8.95466e-08,3.30362e-27,7.75686e-28,1.00127e-28,5.1323e-30,1.28797e-31,1.48564e-33,8.9403e-06
628,0,0,0,0,0,0,0,0,0
629,0.096331,0.0253651,1.90914e-07,1.38022e-07,8.90832e-08,7.52594e-08,1.35081e-08,4.7362e-10,0.121697
630,0.00124693,5.81572e-05,1.92326e-06,8.16435e-07,2.7051e-07,7.39155e-08,6.15738e-09,1.16932e-10,0.00130818
631,0.000139664,0.000435407,2.34792e-09,1.04369e-09,2.6524e-10,4.36182e-11,2.57954e-12,7.28945e-14,0.000575075
632,0.0704485,0.0369775,0.0332484,0.022544,0.00972438,0.00375339,0.000388074,1.43255e-05,0.177099
633,0,0,0,0,0,0,0,0,0
634,0,0,0,0,0,0,0,0,0
635,0,0,0,0,0,0,0,0,0
636,0.000174649,1.19935e-05,7.59679e-10,1.88349e-10,3.19519e-11,2.80123e-12,1.02042e-13,8.51917e-16,0.000186643
637,0,0,0,0,0,0,0,0,0
638,5.35626e-05,1.24497e-06,4.84377e-19,1.04007e-19,2.42266e-20,4.09971e-21,2.48223e-22,1.22203e-24,5.48075e-05
639,0.00214249,0.000214094,1.15438e-10,5.16718e-11,1.47837e-11,2.15447e-12,7.43833e-14,1.19341e-15,0.00235659
640,0.000556047,7.17008e-05,1.3727e-06,3.23386e-07,7.5823e-08,1.20336e-08,7.3995e-10,4.11436e-12,0.000629532
641,0.00304316,0.000130671,1.72377e-07,7.35363e-08,3.41092e-08,1.40862e-08,1.72662e-09,2.15058e-11,0.00317413
642,0,0,0,0,0,0,0,0,0
643,0.00271521,0.000165066,4.02392e-10,1.93659e-10,7.61923e-11,2.79825e-11,2.78644e-12,5.87728e-14,0.00288028
644,0.0122001,0.00228558,1.26444e-06,5.94064e-07,2.35853e-07,6.80729e-08,6.00571e-09,1.05865e-10,0.0144879
645,3.58187e-05,4.85968e-07,2.10455e-12,5.45332e-13,9.91307e-14,9.90882e-15,3.99732e-16,3.99689e-18,3.63047e-05
646,2.72806e-06,1.38059e-08,5.8049e-19,1.36469e-19,1.33086e-20,4.45466e-22,7.61296e-24,1.05456e-25,2.74186e-06
647,0,0,0,0,0,0,0,0,0
648,0,0,0,0,0,0,0,0,0
649,0.00191907,0.00798728,0.0093023,0.00549142,0.00176713,0.000302035,1.8432e-05,6.03202e-07,0.0267883
650,4.676e-05,7.96811e-07,5.00591e-13,1.29095e-13,7.15914e-15,8.71687e-16,3.85276e-16,5.83758e-18,4.75568e-05
651,0.00139811,6.63422e-05,1.96135e-12,6.07905e-13,1.47178e-13,2.077e-14,1.20625e-15,1.53854e-17,0.00146445
652,0,0,0,0,0,0,0,0,0
653,0,0,0,0,0,0,0,0,0
654,0,0,0,0,0,0,0,0,0
655,0,0,0,0,0,0,0,0,0
656,5.94431e-05,4.01091e-07,4.78115e-12,1.55753e-12,3.05643e-13,3.27511e-14,1.35037e-15,2.0145e-17,5.98442e-05
657,0.000937239,5.47279e-05,3.92403e-09,1.42328e-09,4.65839e-10,1.10837e-10,8.63061e-12,1.03416e-13,0.000991972
658,0,0,0,0,0,0,0,0,0
659,1.01425e-06,1.21509e-10,6.31294e-10,1.20543e-10,1.27775e-11,4.13516e-13,7.83232e-15,5.64449e-17,1.01513e-06
660,0,0,0,0,0,0,0,0,0
661,0,0,0,0,0,0,0,0,0
662,0.000899004,0.00648101,0.0343916,0.024311,0.0111831,0.00487266,0.000463813,1.63636e-05,0.0826185
663,0,0,0,0,0,0,0,0,0
664,0.000289893,8.33762e-06,3.37059e-10,1.28803e-10,2.51197e-11,2.586e-12,8.17663e-14,1.46223e-15,0.000298231
665,0,0,0,0,0,0,0,0,0
666,1.98261e-05,1.01504e-08,1.04077e-08,2.66901e-09,4.34353e-10,4.37912e-11,1.61745e-12,1.66975e-14,1.98498e-05
667,0.0176161,0.00810315,2.93389e-06,1.10115e-06,4.16157e-07,1.41685e-07,1.23268e-08,7.98948e-11,0.0257239
668,0,0,0,0,0,0,0,0,0
669,0,0,0,0,0,0,0,0,0
670,6.97285e-05,2.49974e-06,2.32911e-14,6.05892e-15,6.41275e-16,1.37587e-17,2.46982e-23,3.31069e-25,7.22282e-05
671,0.0249133,0.0104254,3.82385e-06,2.32793e-06,7.97689e-07,1.59414e-07,1.40947e-08,5.47944e-10,0.0353458
672,3.7529e-05,1.03752e-09,7.94955e-15,2.47656e-15,4.55249e-16,4.41204e-17,1.70726e-18,2.24427e-20,3.753e-05
673,0.00052464,2.78149e-05,1.94151e-15,5.92901e-16,1.7845e-16,5.90699e-17,4.162e-18,3.46861e-20,0.000552455
674,2.68599e-05,3.85684e-07,3.87835e-17,1.09294e-17,1.71167e-18,1.14174e-19,3.65147e-21,4.6378e-23,2.72456e-05
675,0.00144769,0.00014353,2.3137e-09,6.75078e-10,1.31533e-10,1.27366e-11,4.80769e-13,5.02199e-15,0.00159123
676,0.000306448,7.3471e-06,1.05067e-09,3.33693e-10,1.13047e-10,2.82897e-11,2.32005e-12,1.84982e-14,0.000313796
677,0.188357,0.143055,0.0729891,0.0501143,0.0272569,0.0144163,0.00144424,3.54232e-05,0.497669
678,0,0,0,0,0,0,0,0,0
679,0,0,0,0,0,0,0,0,0
680,0.233228,0.179715,0.0982058,0.0657065,0.0390449,0.0303447,0.00395565,9.37757e-05,0.650294
681,1.78761e-05,6.34222e-08,1.80307e-13,5.17823e-14,1.18682e-14,1.60044e-15,7.90156e-17,7.01306e-19,1.79395e-05
682,0,0,0,0,0,0,0,0,0
683,0,0,0,0,0,0,0,0,0
684,0,0,0,0,0,0,0,0,0
685,0.000202388,1.40964e-06,2.51215e-13,1.07821e-13,2.74152e-14,3.84566e-15,1.91922e-16,3.63192e-18,0.000203797
686,6.73245e-05,3.83514e-07,4.83409e-13,1.57499e-13,1.90202e-14,5.74619e-15,8.77571e-17,1.57676e-18,6.7708e-05
687,0.000293352,1.19459e-05,5.94737e-14,1.99957e-14,5.16531e-15,8.91216e-16,5.26367e-17,5.98709e-19,0.000305298
688,3.39677e-05,1.70411e-07,4.69728e-17,1.62176e-17,1.95684e-18,6.95469e-21,1.08258e-20,2.09233e-22,3.41381e-05
689,0.00514633,0.000325244,4.4281e-15,2.52678e-15,1.11524e-15,4.83839e-16,4.72085e-17,1.0389e-18,0.00547158
690,0,0,0,0,0,0,0,0,0
691,9.68791e-07,1.05936e-09,1.08831e-10,2.21673e-11,2.04666e-12,4.86011e-14,5.98388e-16,4.95658e-18,9.69983e-07
692,0,0,0,0,0,0,0,0,0
693,0.00807157,0.000836676,0.000224427,0.000119041,4.99595e-05,1.99975e-05,2.19981e-06,4.76287e-08,0.00932392
694,0.000948436,7.28466e-05,9.16487e-08,3.45173e-08,7.02484e-09,6.97173e-10,1.13614e-11,1.86199e-13,0.00102142
695,0.000171925,8.59897e-06,1.29247e-11,3.78896e-12,6.28234e-13,4.59041e-14,1.22021e-15,1.35507e-17,0.000180524
696,0.163809,0.0590009,0.0144955,0.011194,0.00682156,0.00791457,0.00123778,4.26546e-05,0.264516
697,0.187838,0.0772057,0.00494823,0.00370306,0.00248208,0.00234188,0.000386831,1.08661e-05,0.278917
698,5.70615e-05,1.03178e-06,9.69684e-17,2.61116e-17,5.13701e-18,5.36586e-19,1.99126e-20,1.65181e-22,5.80933e-05
699,3.81565e-06,4.76284e-09,6.29951e-26,1.72203e-26,3.24569e-27,3.44092e-28,1.26509e-29,1.1489e-31,3.82041e-06
700,1.25489e-05,9.06186e-06,7.59192e-11,2.45875e-11,6.10785e-12,1.10238e-12,5.78228e-14,4.41629e-16,2.16108e-05
701,0.000151363,2.72233e-05,5.06682e-05,2.04363e-05,5.74936e-06,1.20533e-06,7.29075e-08,1.08065e-09,0.000256719
702,0.000101853,1.09921e-07,1.59526e-11,5.35446e-12,1.14044e-12,1.4829e-13,5.8693e-15,7.09622e-17,0.000101963
703,0.00143066,0.000223705,6.19973e-09,2.08569e-09,4.996e-10,8.23281e-11,3.61936e-12,3.87066e-14,0.00165438
704,0.00332665,0.000159247,5.35578e-09,2.87627e-09,1.23911e-09,5.28136e-10,4.98071e-11,9.31755e-13,0.00348591
705,0,0,0,0,0,0,0,0,0
706,0.000148667,3.08489e-06,1.54557e-18,4.70568e-19,1.24284e-19,3.21966e-20,2.14076e-21,1.97295e-23,0.000151752
707,1.33212e-05,3.82723e-07,3.06681e-14,3.37122e-15,1.88988e-16,1.48536e-17,1.56884e-18,3.60738e-21,1.37039e-05
708,0.0240546,0.00422349,4.38204e-06,2.26912e-06,1.06502e-06,5.27065e-07,5.08221e-08,7.45549e-10,0.0282864
709,0,0,0,0,0,0,0,0,0
710,0.00117865,0.00367987,0.00579151,0.00328504,0.000840611,0.000132616,6.24678e-06,1.99633e-07,0.0149147
711,0.00917867,0.000342933,2.55465e-05,1.42478e-05,8.14493e-06,5.64881e-06,7.77825e-07,1.21732e-08,0.00957598
712,0.0628162,0.0186599,0.00701535,0.00458935,0.00242051,0.00147582,0.000179085,4.32249e-06,0.0971605
713,7.87812e-05,1.03845e-06,8.93418e-15,2.99272e-15,6.48598e-16,8.88139e-17,3.64098e-18,4.17825e-20,7.98196e-05
714,0.0146201,0.00120496,0.000208791,0.000106846,3.45187e-05,6.66926e-06,4.63268e-07,1.00983e-08,0.0161823
715,0.000150776,3.57155e-06,1.79121e-17,5.76546e-18,1.34514e-18,1.90497e-19,8.62308e-21,8.90828e-23,0.000154347
716,0,0,0,0,0,0,0,0,0
717,0.0204412,0.0053399,3.31051e-08,1.69587e-08,7.62108e-09,3.39039e-09,3.46134e-10,5.48896e-12,0.0257812
718,0,0,0,0,0,0,0,0,0
719,0,0,0,0,0,0,0,0,0
720,0.0264324,0.00423734,5.89792e-07,3.35837e-07,1.81095e-07,1.42379e-07,2.11419e-08,4.02905e-10,0.030671
721,0.144788,0.0698198,7.69655e-05,5.15656e-05,3.1174e-05,2.76458e-05,3.97807e-06,8.85095e-08,0.214799
722,0.000100619,1.10793e-06,2.48126e-10,1.26737e-10,4.59343e-11,1.07588e-11,7.80641e-13,1.39023e-14,0.000101728
723,0.000383882,1.39305e-05,4.00583e-16,1.4502e-16,3.87483e-17,8.0687e-18,4.39447e-19,4.99315e-21,0.000397813
724,0,0,0,0,0,0,0,0,0
725,0.000303707,9.10583e-06,1.04659e-08,3.6949e-09,7.96779e-10,1.32348e-10,5.33338e-12,6.77565e-14,0.000312828
726,0,0,0,0,0,0,0,0,0
727,0,0,0,0,0,0,0,0,0
728,0.00822496,0.000927858,5.40535e-07,2.80436e-07,1.10646e-07,4.24091e-08,3.23498e-09,5.27752e-11,0.0091538
729,3.92851e-05,1.01547e-06,1.39979e-14,4.7407e-15,1.17263e-15,1.74094e-16,5.81387e-18,4.88559e-20,4.03005e-05
730,0,0,0,0,0,0,0,0,0
731,1.24057e-06,1.02933e-08,2.36414e-26,3.5655e-27,2.74001e-28,4.28763e-30,9.05249e-33,3.78999e-35,1.25086e-06
732,0.00551303,0.000547452,2.43804e-12,1.30615e-12,4.83506e-13,1.20914e-13,5.06271e-15,6.43038e-17,0.00606048
733,0.000129977,2.10234e-06,2.53488e-20,9.32992e-21,1.97294e-21,2.88792e-22,1.0717e-23,1.4645e-25,0.000132079
734,8.42318e-05,2.03573e-06,1.10989e-12,2.47287e-13,4.24843e-14,3.92165e-15,1.21977e-16,5.02957e-19,8.62675e-05
735,0.000818922,2.94279e-05,1.4948e-13,7.50503e-14,2.99436e-14,1.16963e-14,1.08072e-15,1.81401e-17,0.00084835
736,9.06204e-05,1.36342e-06,6.29008e-15,1.71371e-15,4.25391e-16,5.6509e-17,2.65653e-18,1.57262e-20,9.19838e-05
737,0.00468623,0.00343525,0.000598682,0.000156052,2.56171e-05,1.75653e-06,1.61307e-08,5.48803e-11,0.0089036
738,0,0,0,0,0,0,0,0,0
739,0.0142139,0.00193413,2.94604e-10,4.00412e-12,1.12782e-12,4.91045e-13,4.99975e-14,1.04616e-15,0.016148
740,0,0,0,0,0,0,0,0,0
741,3.59667e-06,2.45041e-08,6.60768e-26,1.2175e-26,1.57256e-27,7.48509e-29,1.66058e-30,6.50014e-33,3.62118e-06
742,0,0,0,0,0,0,0,0,0
743,0,0,0,0,0,0,0,0,0
744,3.75049e-05,8.31834e-08,5.50487e-21,2.05367e-21,5.17685e-22,8.13534e-23,3.54744e-24,3.86503e-26,3.75881e-05
745,1.78501e-05,7.62245e-07,3.95629e-16,9.92766e-17,8.24216e-18,1.76471e-19,2.63462e-21,3.79588e-23,1.86123e-05
746,0.000428982,5.2314e-05,6.52818e-13,2.11921e-13,3.29787e-14,2.36208e-15,5.10026e-17,6.07802e-19,0.000481296
747,0.000234855,4.10712e-06,2.91529e-16,1.02117e-16,3.1527e-17,7.66267e-18,4.81787e-19,4.0424e-21,0.000238963
748,0.000368964,3.99118e-05,1.13351e-10,3.34491e-11,5.65771e-12,5.48321e-13,1.67804e-14,1.63361e-16,0.000408876
749,0.00829505,0.000567313,3.58107e-07,2.10934e-07,9.5166e-08,3.98823e-08,3.40535e-09,6.04319e-11,0.00886307
750,1.0502e-06,2.80041e-09,1.1485e-24,1.92032e-25,2.2937e-26,1.16141e-27,2.47955e-29,9.09e-32,1.053e-06
751,0,0,0,0,0,0,0,0,0
752,0.00167234,6.62637e-06,4.25116e-06,1.87487e-06,6.60111e-07,1.75795e-07,1.18053e-08,1.35105e-10,0.00168594
753,0,0,0,0,0,0,0,0,0
754,0.03165,0.00387809,1.39332e-05,6.11356e-06,1.5687e-06,2.88576e-07,1.19504e-08,1.8532e-10,0.03555
755,0,0,0,0,0,0,0,0,0
756,9.97286e-05,9.8547e-07,2.74298e-17,1.03973e-17,3.12328e-18,7.17008e-19,4.40655e-20,4.49214e-22,0.000100714
757,0.000194589,1.66203e-06,1.27208e-15,5.06718e-16,1.79738e-16,5.86484e-17,4.26182e-18,4.08204e-20,0.000196251
758,2.74932e-06,8.01025e-08,4.17912e-17,3.8254e-18,3.4814e-19,1.07116e-20,1.53197e-22,4.6547e-26,2.82942e-06
759,0.000228946,3.30368e-06,2.65812e-11,4.84151e-12,5.9136e-13,3.0594e-14,6.57469e-16,2.6044e-18,0.000232249
760,0,0,0,0,0,0,0,0,0
761,9.91216e-07,1.54235e-09,1.72229e-05,4.39955e-06,9.46934e-07,1.58408e-07,6.61076e-09,3.38112e-11,2.37272e-05
762,0.453775,0.368179,0.246596,0.188224,0.129764,0.128807,0.019661,0.00044031,1.53545
763,0,0,0,0,0,0,0,0,0
764,0,0,0,0,0,0,0,0,0
765,0.000117619,1.64381e-06,7.15832e-14,1.95998e-14,4.96442e-15,8.29972e-16,4.04648e-17,2.04617e-19,0.000119263
766,1.52912e-06,1.87783e-11,2.7413e-11,7.01998e-12,1.02606e-12,6.29232e-14,1.33308e-15,8.68286e-18,1.52917e-06
767,0,0,0,0,0,0,0,0,0
768,0,0,0,0,0,0,0,0,0
769,1.01373e-05,6.94774e-07,6.8018e-13,5.00435e-13,3.34212e-13,1.71131e-13,1.31653e-14,1.78699e-16,1.08321e-05
770,0,0,0,0,0,0,0,0,0
771,6.95992e-07,2.41619e-10,9.46385e-25,2.53261e-25,5.1217e-26,5.99426e-27,2.24078e-28,1.37759e-30,6.96234e-07
772,0.001004,2.65255e-05,1.26167e-09,5.85677e-10,1.52707e-10,4.75077e-11,2.30062e-12,3.98528e-14,0.00103053
773,5.03291e-06,1.48525e-08,2.38855e-17,5.46668e-18,6.1252e-19,2.80425e-20,4.15814e-22,2.78447e-24,5.04777e-06
774,0,0,0,0,0,0,0,0,0
775,0,0,0,0,0,0,0,0,0
776,2.18214e-05,2.54354e-08,1.11679e-07,3.96691e-08,9.20049e-09,1.48728e-09,5.44669e-11,4.93589e-13,2.20089e-05
777,1.22859e-05,3.03932e-08,5.33043e-18,1.61893e-18,2.63715e-19,1.79854e-20,2.57368e-22,2.37477e-24,1.23163e-05
778,0,0,0,0,0,0,0,0,0
779,0.000550729,6.79688e-06,1.08408e-07,4.74208e-08,1.59511e-08,4.6727e-09,3.16324e-10,3.68307e-12,0.000557702
780,0.031989,0.0085079,1.1652e-05,6.50522e-06,3.11171e-06,1.75875e-06,1.71296e-07,2.45756e-09,0.0405201
781,0.145046,0.0784082,0.00128013,0.000847107,0.000479062,0.000368019,4.25214e-05,7.60264e-07,0.226471
782,0.364075,0.297069,0.18822,0.142273,0.0829242,0.084668,0.00998532,0.000233688,1.16945
783,0.00892617,0.00095692,6.14414e-08,3.27857e-08,1.22391e-08,4.44452e-09,3.41746e-10,5.84779e-12,0.0098832
784,0.0311464,0.00584826,4.56576e-09,2.90434e-09,1.52483e-09,8.61026e-10,9.79026e-11,1.79056e-12,0.0369946
785,6.09761e-06,8.63944e-09,2.66636e-25,7.40488e-26,1.15858e-26,9.61895e-28,2.30539e-29,1.90242e-31,6.10624e-06
786,0.000699567,5.65717e-05,1.297e-08,7.85325e-08,3.50896e-08,1.72298e-08,1.61316e-09,1.47249e-10,0.000756284
787,0.0821601,0.0598794,0.0237709,0.0116071,0.00524974,0.00301218,0.000286026,2.89942e-06,0.185968
788,0.169727,0.12642,0.0615881,0.0373106,0.02042,0.0155957,0.00154725,2.10058e-05,0.43263
789,0,0,0,0,0,0,0,0,0
790,3.15261e-05,1.1236e-08,5.7237e-09,1.93087e-09,3.39856e-10,3.48146e-11,9.91984e-13,1.05921e-14,3.15454e-05
791,3.68208e-06,2.00808e-08,8.5668e-13,1.28949e-13,1.19113e-14,3.78215e-16,3.75955e-18,6.61962e-21,3.70217e-06
792,1.05464e-05,1.97089e-08,2.80731e-05,1.12488e-05,2.95133e-06,4.11851e-07,1.93213e-08,2.02286e-10,5.32708e-05
793,1.53473e-05,7.20311e-08,1.24485e-22,3.17855e-23,5.6054e-24,5.00192e-25,1.28812e-26,6.67761e-29,1.54194e-05
794,0.0123082,0.000905045,2.6111e-07,1.61881e-07,8.55359e-08,3.56078e-08,2.19392e-09,2.22817e-11,0.0132138
795,0,0,0,0,0,0,0,0,0
796,0.418206,0.333758,0.215586,0.170551,0.109035,0.0866972,0.0102325,0.000217514,1.34428
797,0.0218236,0.004097,2.04357e-10,1.13746e-10,5.46526e-11,3.01363e-11,2.31505e-12,2.64972e-14,0.0259206
798,0.00998989,0.000496732,0.00145635,0.000854141,0.000442245,0.000279462,3.28309e-05,4.96561e-07,0.0135521
799,0.000430414,1.41523e-06,1.54006e-06,6.93361e-07,2.07555e-07,5.55176e-08,2.88186e-09,3.34156e-11,0.000434329
800,0.00163624,0.000144187,4.3359e-09,1.93068e-09,4.8194e-10,7.25733e-11,3.29256e-12,5.02676e-14,0.00178044
801,0,0,0,0,0,0,0,0,0
802,0.00050519,1.59102e-07,1.13711e-07,3.74763e-08,8.50174e-09,1.32659e-09,5.0525e-11,3.76233e-13,0.00050551
803,0.017232,0.00142436,1.84678e-05,1.09392e-05,6.08369e-06,2.89107e-06,3.11008e-07,3.90943e-09,0.0186951
804,0,0,0,0,0,0,0,0,0
805,0.0206665,0.00544458,9.55461e-08,5.20102e-08,2.12038e-08,8.51608e-09,6.92695e-10,1.02947e-11,0.0261113
806,0,0,0,0,0,0,0,0,0
807,0.00321705,0.000254434,3.12352e-12,1.49201e-12,5.75884e-13,1.24621e-13,4.86372e-15,3.30586e-17,0.00347148
808,0,0,0,0,0,0,0,0,0
809,0.03204,0.0081091,6.23996e-05,3.32378e-05,1.653e-05,1.19809e-05,1.32064e-06,1.61251e-08,0.0402746
810,0,0,0,0,0,0,0,0,0
811,0.000231137,1.51318e-05,8.88391e-13,2.19687e-13,3.54835e-14,1.71377e-15,2.71937e-19,1.27076e-21,0.000246269
812,0,0,0,0,0,0,0,0,0
813,0.000672014,3.98889e-05,3.56742e-15,1.21326e-15,3.36005e-16,5.65983e-17,2.11727e-18,1.27051e-20,0.000711903
814,0.000101386,6.70969e-07,3.38731e-19,9.7165e-20,2.35236e-20,4.27527e-21,1.8745e-22,9.81104e-25,0.000102057
815,0.000509585,4.72274e-05,1.32467e-06,3.07289e-07,7.7462e-10,1.01514e-07,1.78436e-08,2.06692e-10,0.000558564
816,0,0,0,0,0,0,0,0,0
817,2.68399e-05,4.14693e-07,9.56764e-13,2.83765e-13,4.98981e-14,3.2905e-15,9.67606e-17,7.19018e-19,2.72546e-05
818,0,0,0,0,0,0,0,0,0
819,2.77128e-05,2.68898e-07,7.69483e-18,1.50192e-18,2.09477e-19,1.27482e-20,2.84395e-22,9.72166e-25,2.79817e-05
820,0.161359,0.0860711,0.0012182,0.000805753,0.000448854,0.000478931,5.19344e-05,8.28406e-07,0.250435
821,0.0119513,0.00128947,3.87357e-08,2.1872e-08,8.95992e-09,7.50805e-09,6.38655e-10,1.01647e-11,0.0132409
822,0,0,0,0,0,0,0,0,0
823,0.000351614,5.31998e-06,3.93365e-09,1.2736e-09,3.30917e-10,6.23387e-11,2.67733e-12,1.30933e-14,0.00035694
824,0.00525933,0.00173921,2.28488e-05,4.72598e-06,1.55946e-06,3.99922e-07,2.25621e-08,9.42014e-12,0.0070281
825,0.00211775,0.000161566,1.70407e-08,6.95043e-09,2.36022e-09,7.4383e-10,4.56446e-11,3.70227e-13,0.00227934
826,0,0,0,0,0,0,0,0,0
827,0.162123,0.0591244,4.49856e-05,3.18365e-05,1.9891e-05,1.66105e-05,2.0618e-06,3.37757e-08,0.221363
828,8.77982e-05,1.41219e-06,2.39213e-12,7.54188e-13,1.59898e-13,1.4529e-14,5.65628e-16,4.17958e-18,8.92104e-05
829,0,0,0,0,0,0,0,0,0
830,0.000147607,4.73641e-06,4.13116e-16,6.77425e-17,6.77682e-18,1.90851e-19,7.36599e-22,9.37629e-25,0.000152344
831,0.0259238,0.00506411,1.63593e-05,9.3937e-06,4.45836e-06,2.53963e-06,2.00137e-07,2.35343e-09,0.0310209
832,0.00430356,0.00017976,1.69373e-08,8.9082e-09,4.41733e-09,2.30721e-09,2.38345e-10,2.54151e-12,0.00448335
833,1.94144e-06,2.01594e-08,1.36229e-23,2.16353e-24,1.67783e-25,3.71524e-27,2.77562e-29,9.07224e-32,1.9616e-06
834,0,0,0,0,0,0,0,0,0
835,0,0,0,0,0,0,0,0,0
836,0.000460058,1.70374e-05,3.67528e-13,1.25824e-13,3.60914e-14,8.686e-15,4.06426e-16,2.39626e-18,0.000477096
837,0.0260132,0.0175781,0.00432088,0.001039,0.00043373,0.000156725,1.33029e-05,1.04928e-08,0.049555
838,2.23133e-06,1.29186e-08,1.23962e-16,1.53741e-17,2.09015e-18,1.19137e-19,2.01099e-21,1.024e-24,2.24425e-06
839,0,0,0,0,0,0,0,0,0
840,0,0,0,0,0,0,0,0,0
841,0,0,0,0,0,0,0,0,0
842,0,0,0,0,0,0,0,0,0
843,3.66291e-05,6.20843e-07,3.4542e-19,7.8408e-20,1.60266e-20,2.41669e-21,9.37072e-23,3.20507e-25,3.72499e-05
844,0,0,0,0,0,0,0,0,0
845,0.00134754,3.35222e-08,1.10953e-06,4.90173e-07,1.45952e-07,4.13574e-08,1.97122e-09,1.95272e-11,0.00134937
846,0,0,0,0,0,0,0,0,0
847,0,0,0,0,0,0,0,0,0
848,0.0156784,0.00204892,0.000106217,6.2918e-05,2.83772e-05,1.09032e-05,6.82853e-07,7.64889e-09,0.0179364
849,0,0,0,0,0,0,0,0,0
850,9.45683e-05,1.87592e-08,1.1849e-12,5.26561e-13,1.88075e-13,4.94133e-14,3.16507e-15,2.7079e-17,9.45871e-05
851,0,0,0,0,0,0,0,0,0
852,0,0,0,0,0,0,0,0,0
853,0.000795461,3.50649e-05,6.15729e-12,2.05544e-12,3.45378e-13,2.63709e-14,6.54661e-16,5.59722e-18,0.000830525
854,0,0,0,0,0,0,0,0,0
855,0,0,0,0,0,0,0,0,0
856,0.000138502,1.69979e-06,2.2504e-14,7.04779e-15,1.38425e-15,1.70154e-16,4.88059e-18,3.05253e-20,0.000140202
857,0,0,0,0,0,0,0,0,0
858,0.00652234,0.000746399,4.03476e-08,1.96502e-08,7.34692e-09,3.33253e-09,2.27704e-10,2.36239e-12,0.00726881
859,0,0,0,0,0,0,0,0,0
860,0,0,0,0,0,0,0,0,0
861,3.9545e-06,3.05556e-08,1.24323e-21,1.83212e-22,1.30961e-23,5.70843e-25,2.48554e-26,8.65698e-29,3.98506e-06
862,0.00112539,2.34817e-05,8.07071e-11,3.90492e-11,1.2941e-11,5.76436e-12,3.59674e-13,4.15612e-15,0.00114887
863,0.000452689,2.09838e-05,1.33051e-18,4.87709e-19,1.0875e-19,1.56611e-20,2.58208e-22,1.24912e-24,0.000473673
864,0.00542109,0.000577436,6.20171e-06,2.23658e-06,3.38543e-07,1.8173e-08,3.0202e-10,2.56487e-12,0.00600732
865,0,0,0,0,0,0,0,0,0
866,0,0,0,0,0,0,0,0,0
867,0.107454,0.0305586,2.80386e-05,2.03435e-05,1.22064e-05,1.09442e-05,1.09984e-06,1.60045e-08,0.138086
868,0,0,0,0,0,0,0,0,0
869,0.00228546,0.000165107,1.57308e-10,6.64175e-11,2.17383e-11,6.85206e-12,2.51555e-13,1.52113e-15,0.00245057
870,1.29825e-06,3.9247e-11,7.13491e-11,1.7427e-11,2.6653e-12,2.1205e-13,4.25185e-15,1.70835e-17,1.29838e-06
871,0,0,0,0,0,0,0,0,0
872,0.0168489,0.00224503,4.79412e-06,2.78083e-06,1.26607e-06,6.35884e-07,4.72085e-08,5.27665e-10,0.0191035
873,0.00185278,9.66596e-05,1.12765e-05,4.22803e-06,1.30003e-06,3.63398e-07,1.75987e-08,1.05805e-10,0.00196662
874,0.00151785,6.13303e-05,3.03904e-06,1.32033e-06,4.4842e-07,1.46601e-07,7.9536e-09,6.04663e-11,0.00158414
875,0,0,0,0,0,0,0,0,0
876,0,0,0,0,0,0,0,0,0
877,4.89271e-05,0.000390515,0.000234133,3.88615e-05,7.63671e-06,2.08168e-06,7.41164e-08,4.84464e-11,0.000722229
878,0.000880088,3.49422e-05,4.58809e-13,1.90844e-13,5.73509e-14,1.11938e-14,3.27574e-16,1.73609e-18,0.000915031
879,0,0,0,0,0,0,0,0,0
880,0,0,0,0,0,0,0,0,0
881,1.97896e-06,7.92831e-10,1.94757e-23,4.63494e-24,7.31689e-25,5.95706e-26,1.14348e-27,4.12661e-30,1.97975e-06
882,0.375832,0.290453,0.177225,0.135888,0.081961,0.0671107,0.0061965,9.18834e-05,1.13476
883,0.00125335,9.3817e-05,5.31354e-11,1.78904e-11,4.92047e-12,2.52688e-12,1.26998e-13,7.23068e-16,0.00134717
884,0.000357116,1.15094e-05,5.31774e-22,1.79142e-22,4.9593e-23,1.34439e-23,5.5224e-25,2.75744e-27,0.000368625
885,0.30457,0.142434,0.0051461,0.00388992,0.00226198,0.0015904,0.000101026,1.168e-06,0.459995
886,0.0127287,0.00270444,4.44656e-09,1.68062e-09,5.70375e-10,2.17296e-10,1.25592e-11,9.9269e-14,0.0154331
887,0.209214,0.115285,0.00376125,0.00269697,0.00158197,0.00132085,0.000126593,1.71793e-06,0.333989
888,0,0,0,0,0,0,0,0,0
889,0,0,0,0,0,0,0,0,0
890,0.12875,0.0493726,0.000107004,7.01698e-05,4.48754e-05,3.85277e-05,4.13317e-06,4.1844e-08,0.178387
891,5.28994e-05,1.06732e-06,3.50418e-21,9.51792e-22,1.63325e-22,1.96856e-23,4.1302e-25,1.78376e-27,5.39668e-05
892,0.000243965,3.39043e-06,5.15864e-10,1.87857e-10,3.36266e-11,2.1184e-12,5.2325e-15,3.60692e-17,0.000247356
893,0.345942,0.266798,0.160511,0.113376,0.0697574,0.0645457,0.00715741,9.39231e-05,1.02818
894,0,0,0,0,0,0,0,0,0
895,0,0,0,0,0,0,0,0,0
896,0.00874579,0.00217889,3.99894e-07,1.72725e-07,5.61942e-08,1.78456e-08,8.79776e-10,6.34827e-12,0.0109253
897,0,0,0,0,0,0,0,0,0
898,0,0,0,0,0,0,0,0,0
899,0.0536056,0.0265727,2.80204e-05,1.50441e-05,5.35099e-06,5.73185e-06,3.50419e-07,4.1536e-09,0.0802328
900,3.86482e-06,1.52064e-07,2.45926e-15,7.60114e-14,1.37612e-15,9.19845e-16,1.28798e-16,7.75927e-18,4.01688e-06
901,0,0,0,0,0,0,0,0,0
902,5.66601e-06,5.43088e-10,4.11805e-17,1.31391e-17,2.54234e-18,3.11411e-19,8.06436e-21,4.37323e-23,5.66656e-06
903,0.0007121,1.84163e-05,3.98771e-12,1.73332e-12,5.54252e-13,1.84988e-13,8.92662e-15,6.56951e-17,0.000730516
904,0.056773,0.0373502,0.0122706,0.00612108,0.00238702,0.000602785,2.14795e-05,1.27625e-07,0.115526
905,0,0,0,0,0,0,0,0,0
906,0.013489,0.00237633,9.94486e-10,5.28449e-10,2.04582e-10,8.87792e-11,4.38752e-12,3.68403e-14,0.0158654
907,0,0,0,0,0,0,0,0,0
908,7.61514e-05,7.01702e-08,6.89902e-17,2.97817e-17,7.82173e-18,1.40776e-18,4.84422e-20,3.84451e-22,7.62216e-05
909,2.65253e-05,1.25265e-07,7.12076e-17,1.99325e-17,4.05258e-18,5.6665e-19,1.56173e-20,6.04694e-23,2.66506e-05
910,0.00471701,0.000377185,2.81727e-08,1.20994e-08,2.41765e-09,2.52981e-10,4.7129e-12,3.83285e-14,0.00509424
911,0,0,0,0,0,0,0,0,0
912,0,0,0,0,0,0,0,0,0
913,0.00169536,9.25123e-05,1.73932e-07,8.65018e-08,2.47297e-08,4.42273e-09,1.58258e-10,1.55275e-12,0.00178816
914,0,0,0,0,0,0,0,0,0
915,3.27729e-06,1.22472e-10,2.86127e-20,8.386e-21,1.72027e-21,2.51263e-22,6.3182e-24,2.6053e-26,3.27741e-06
916,0,0,0,0,0,0,0,0,0
917,0,0,0,0,0,0,0,0,0
918,0.000455452,7.659e-06,5.05352e-09,1.05669e-09,1.54995e-10,1.14529e-11,1.97046e-13,4.15504e-16,0.000463118
919,0,0,0,0,0,0,0,0,0
920,0.0233968,0.00390785,0.00321871,0.0015459,0.000677581,0.000356662,2.67939e-05,1.81748e-07,0.0331304
921,0.0603682,0.0159378,1.5197e-05,8.99961e-06,3.48983e-06,1.77282e-06,1.12772e-07,1.40288e-09,0.0763355
922,0.0315548,0.00503249,2.76181e-09,1.66747e-09,9.2037e-10,7.5164e-10,6.6966e-11,5.92303e-13,0.0365873
923,0.0147501,0.00144635,4.21489e-09,2.63411e-09,1.24683e-09,7.44043e-10,5.92013e-11,6.8795e-13,0.0161964
924,0.0465353,0.0151194,0.00183239,0.00108987,0.000506726,0.000201134,1.27558e-05,1.14882e-07,0.0652977
925,1.82574e-05,1.10953e-07,3.85902e-32,8.13287e-33,1.26682e-33,7.85631e-35,1.01593e-36,2.55477e-39,1.83683e-05
926,4.70908e-05,5.99969e-07,2.25797e-07,6.09038e-08,6.63207e-09,2.37284e-10,4.81716e-13,2.58579e-15,4.79843e-05
927,0,0,0,0,0,0,0,0,0
928,0.00116507,8.11032e-05,2.64094e-07,1.06058e-07,2.49433e-08,3.64615e-09,1.27439e-10,1.02138e-12,0.00124657
929,4.90148e-05,6.32749e-07,3.27613e-11,1.30871e-11,3.44228e-12,7.1606e-13,2.78057e-14,1.88665e-16,4.96476e-05
930,0.00182713,0.000394999,0.000374895,0.00020888,7.80386e-05,3.38697e-05,1.9234e-06,1.98282e-08,0.00291976
931,0,0,0,0,0,0,0,0,0
932,0.079981,0.0584869,0.0228927,0.0106326,0.0049155,0.00358086,0.000294127,1.68142e-06,0.180785
933,0,0,0,0,0,0,0,0,0
934,0.000150701,2.53502e-05,8.76282e-11,3.41756e-11,8.69841e-12,1.69535e-12,4.86674e-14,2.47928e-16,0.000176051
935,2.48998e-05,0.00677464,0.021967,0.013471,0.00465538,0.00270188,0.000149673,2.15519e-06,0.0497466
936,2.03246e-07,1.78358e-09,7.00834e-23,7.90676e-24,8.80015e-25,4.14985e-26,5.57665e-28,1.25174e-31,2.05029e-07
937,0.000482311,2.79315e-05,2.17858e-11,6.80356e-12,1.38482e-12,2.16874e-13,5.50455e-15,2.08486e-17,0.000510242
938,8.5756e-06,0.000363436,3.91313e-08,1.70536e-08,5.12676e-09,1.42534e-09,6.10676e-11,4.16448e-13,0.000372075
939,5.53236e-06,2.47856e-08,1.09103e-17,1.26072e-18,1.3517e-19,6.58641e-21,7.87986e-23,3.12524e-26,5.55715e-06
940,8.29019e-05,1.21978e-06,2.17898e-20,6.43593e-21,1.56257e-21,2.98442e-22,1.06273e-23,3.80981e-26,8.41216e-05
941,0,0,0,0,0,0,0,0,0
942,0.000422212,2.03848e-05,3.46192e-10,1.31928e-10,2.57483e-11,3.26131e-12,8.1749e-14,6.10155e-16,0.000442598
943,0.00509606,0.000895405,6.1889e-06,2.3812e-06,7.64743e-07,2.16483e-07,1.06751e-08,4.88254e-11,0.00600103
944,0,0,0,0,0,0,0,0,0
945,0.013498,0.000644225,4.94611e-07,3.49516e-07,1.9031e-07,6.47699e-08,3.7382e-09,3.28717e-11,0.0141433
946,0.00234236,0.000160555,3.56261e-06,1.17322e-06,3.74927e-07,1.01018e-07,4.36265e-09,1.15827e-11,0.00250813
947,4.76119e-05,5.43345e-07,2.19109e-08,9.36201e-09,2.77693e-09,5.00812e-10,1.65707e-11,8.97977e-14,4.81898e-05
948,0.163846,0.128372,0.0637339,0.042775,0.0185165,0.0107365,0.00065275,8.06041e-06,0.428641
949,1.90865e-05,1.1419e-07,2.24596e-23,6.52054e-24,1.19147e-24,1.06514e-25,1.91553e-27,7.60664e-30,1.92007e-05
950,0.104037,0.0581693,0.00207101,0.0013005,0.00059817,0.000354017,2.41335e-05,2.47575e-07,0.166554
951,0.00848057,0.000677136,6.2855e-10,3.64094e-10,1.55429e-10,8.22335e-11,4.89806e-12,4.3526e-14,0.0091577
952,0.000127318,5.96973e-06,1.41164e-18,3.64727e-19,6.21681e-20,6.30696e-21,1.16559e-22,3.55679e-25,0.000133288
953,0,0,0,0,0,0,0,0,0
954,0,0,0,0,0,0,0,0,0
955,0.00314264,0.000262434,1.59451e-13,7.57305e-14,2.5136e-14,7.59191e-15,3.31226e-16,2.30852e-18,0.00340507
956,0.011654,0.0012933,6.41695e-05,3.89504e-05,1.28279e-05,4.40375e-06,1.84011e-07,2.19212e-09,0.0130678
957,0,0,0,0,0,0,0,0,0
958,1.00061e-06,3.59363e-09,9.97687e-30,1.69475e-30,1.39788e-31,1.95781e-33,2.10629e-37,4.43713e-40,1.00421e-06
959,0,0,0,0,0,0,0,0,0
960,2.61031e-05,3.73299e-07,1.09583e-22,2.81485e-23,4.22923e-24,3.57355e-25,3.49253e-27,8.28461e-30,2.64764e-05
961,0,0,0,0,0,0,0,0,0
962,0,0,0,0,0,0,0,0,0
963,0.00235609,0.000131643,3.23607e-15,1.42459e-15,4.39863e-16,2.07476e-16,8.31408e-18,5.06274e-20,0.00248773
964,0.148446,0.0754205,0.00237006,0.00148076,0.000872399,0.000672404,5.21642e-05,3.60001e-07,0.229315
965,0,0,0,0,0,0,0,0,0
966,3.17806e-06,2.5776e-09,7.15822e-20,1.70725e-20,3.46343e-21,4.90554e-22,1.26005e-23,2.77863e-26,3.18064e-06
967,6.62476e-06,5.42252e-08,6.98409e-14,1.38554e-14,1.49197e-15,6.9627e-17,6.26861e-19,1.6115e-21,6.67898e-06
968,1.46681e-05,1.95454e-08,2.604e-08,4.54617e-09,3.96018e-10,8.30156e-12,6.48791e-14,1.00058e-16,1.47186e-05
969,0.138293,0.10695,0.0503838,0.0294069,0.0138501,0.00899424,0.000688368,5.85486e-06,0.348572
970,0,0,0,0,0,0,0,0,0
971,0.000403562,1.21157e-05,2.38822e-12,7.14641e-13,1.05025e-13,8.61294e-15,1.4982e-16,7.55171e-19,0.000415677
972,0,0,0,0,0,0,0,0,0
973,0.0557357,0.0123864,0.00980907,0.00657967,0.00321838,0.00172757,0.000112463,1.1134e-06,0.0895704
974,0.0490096,0.0101962,2.0775e-07,1.26054e-07,7.56648e-08,5.85989e-08,5.34561e-09,3.66549e-11,0.0592063
975,6.93228e-06,3.33667e-08,2.87836e-15,4.63932e-16,4.60714e-17,2.05327e-18,2.24095e-20,3.66793e-23,6.96565e-06
976,0.00576155,0.000516201,7.43743e-08,3.55231e-08,1.36208e-08,5.9688e-09,3.30908e-10,2.09041e-12,0.00627788
977,0.00105064,3.28576e-05,2.41118e-08,7.7123e-09,2.26472e-09,5.52311e-10,2.27874e-11,6.83839e-14,0.00108353
978,0.031989,0.00466605,2.18376e-06,1.0023e-06,3.59344e-07,1.55063e-07,8.77959e-09,5.55005e-11,0.0366588
979,0,0,0,0,0,0,0,0,0
980,0,0,0,0,0,0,0,0,0
981,0,0,0,0,0,0,0,0,0
982,0.000355915,5.98697e-06,2.91738e-10,9.60602e-11,2.16153e-11,4.2068e-12,1.24395e-13,5.16375e-16,0.000361903
983,0.000972123,3.99495e-05,1.08647e-06,4.25255e-07,1.14039e-07,2.60472e-08,8.39018e-10,4.04341e-12,0.00101373
984,0.282135,0.208591,0.113486,0.0762781,0.0429504,0.0414592,0.00327314,2.8171e-05,0.768201
985,0.00401571,0.000548437,6.60418e-11,2.99086e-11,7.67509e-12,1.9529e-12,4.67711e-14,3.03639e-16,0.00456414
986,0.0140247,0.00476042,0.000504914,0.000129956,2.95988e-05,5.12466e-06,1.39866e-07,2.84203e-10,0.0194548
987,5.29463e-06,1.12345e-07,2.0412e-17,3.71247e-18,2.04973e-19,2.773e-21,1.6549e-24,5.06532e-27,5.40697e-06
988,1.90705e-05,6.31648e-08,1.19159e-16,3.64624e-17,5.42329e-18,5.04887e-19,8.38809e-21,3.92361e-23,1.91337e-05
989,7.25261e-06,1.03753e-07,3.17413e-16,3.2538e-17,4.53572e-18,3.974e-19,6.53867e-21,2.37786e-25,7.35636e-06
990,0.0112285,0.000332775,0.000109605,6.98197e-05,2.66888e-05,1.43061e-05,6.54222e-07,6.7553e-09,0.0117823
991,0,0,0,0,0,0,0,0,0
992,0.0377652,0.00951916,0.000423581,0.000191292,5.29744e-05,1.38132e-05,4.47945e-07,2.55254e-09,0.0479665
993,0.000359657,1.20056e-05,3.29298e-07,9.3095e-08,2.15078e-08,3.68373e-09,1.06815e-10,2.28271e-13,0.00037211
994,0.174541,0.146716,0.0783011,0.0506195,0.0248576,0.0112664,0.00103458,1.10897e-05,0.487348
995,0.0439352,0.0126842,0.00306605,0.0017703,0.000772772,0.000493099,2.91019e-05,2.17332e-07,0.062751
996,0,0,0,0,0,0,0,0,0
997,0.00809017,0.000982139,1.53545e-08,7.58132e-09,2.88032e-09,1.26419e-09,6.38506e-11,3.78347e-13,0.00907234
998,0,0,0,0,0,0,0,0,0
999,0.119281,0.0515326,3.95673e-05,2.60383e-05,1.39922e-05,7.38316e-06,4.35391e-07,3.00371e-09,0.170901
1000,0,0,0,0,0,0,0,0,0
1001,0.00377097,0.000525328,3.19055e-08,1.34745e-08,3.94173e-09,1.06063e-09,4.3386e-11,2.41484e-13,0.00429635
1002,0,0,0,0,0,0,0,0,0
1003,0.0219539,0.013065,0.00262935,0.000685551,0.000207095,7.24081e-05,3.66159e-06,5.90312e-10,0.0386169
1004,0,0,0,0,0,0,0,0,0
1005,0.00383299,0.000315829,1.26441e-11,5.71443e-12,1.61561e-12,4.08465e-13,1.44491e-14,1.00193e-16,0.00414882
1006,0.000166742,1.42869e-06,3.66719e-05,9.08275e-06,2.14661e-06,3.15664e-07,8.57717e-09,1.42486e-11,0.000216396
1007,0,0,0,0,0,0,0,0,0
1008,0.00127716,5.42514e-05,6.75987e-05,2.44713e-05,7.99815e-06,1.51855e-06,6.20831e-08,1.87242e-10,0.00143306
1009,0,0,0,0,0,0,0,0,0
1010,0.00248027,5.41472e-05,1.40311e-07,6.62538e-08,2.26508e-08,8.65458e-09,4.67699e-10,3.03556e-12,0.00253465
1011,0,0,0,0,0,0,0,0,0
1012,0,0,0,0,0,0,0,0,0
1013,0.00502173,0.000510577,1.93134e-09,9.86589e-10,2.77271e-10,9.17658e-11,3.26277e-12,2.83144e-14,0.00553231
1014,0.000818763,2.21786e-05,9.40622e-06,4.05077e-06,1.04936e-06,3.0229e-07,9.89523e-09,5.8975e-11,0.00085576
1015,0.000200614,1.76436e-06,5.5003e-11,1.48981e-11,1.99254e-12,1.52816e-13,1.65526e-15,5.84006e-18,0.000202378
1016,0.0175508,0.00187352,0.000366604,0.000207592,8.26461e-05,4.81906e-05,2.57947e-06,1.91932e-08,0.0201319
1017,1.40017e-05,1.68374e-08,2.44573e-16,7.93257e-17,1.70242e-17,2.77452e-18,5.31543e-20,1.90995e-22,1.40185e-05
1018,0.0140705,0.00376807,5.1826e-06,2.37355e-06,8.02546e-07,3.15249e-07,1.20853e-08,5.6433e-11,0.0178472
1019,0.010162,0.00108189,5.51836e-05,2.79212e-05,1.10152e-05,4.90669e-06,2.34965e-07,1.25645e-09,0.0113432
1020,0.004506,0.000450346,6.95952e-11,3.30388e-11,1.06675e-11,3.68411e-12,1.39059e-13,7.70654e-16,0.00495634
1021,3.41145e-06,1.69117e-07,3.83713e-17,1.32353e-17,3.14254e-18,6.78176e-19,1.9138e-20,7.08431e-23,3.58057e-06
1022,6.50186e-05,5.01554e-06,4.86573e-15,1.46586e-15,3.31727e-16,6.0752e-17,1.67127e-18,5.02229e-21,7.00341e-05
1023,0.161729,0.103213,0.0437372,0.0251548,0.0137896,0.00941,0.000508365,2.14185e-06,0.357544
1024,0.0078522,0.000919041,1.65787e-05,8.04322e-06,2.71612e-06,1.28859e-06,5.13029e-08,2.89258e-10,0.00879992
1025,0,0,0,0,0,0,0,0,0
1026,0,0,0,0,0,0,0,0,0
1027,0,0,0,0,0,0,0,0,0
1028,1.32041e-06,2.6893e-10,2.8665e-15,8.79164e-16,1.47627e-16,1.70713e-17,3.03995e-19,1.13113e-21,1.32068e-06
1029,0.0817455,0.0186093,7.62378e-06,5.56765e-06,3.05559e-06,2.41409e-06,1.53105e-07,1.27806e-09,0.100374
1030,3.05475e-05,4.25501e-07,1.70153e-21,4.34826e-22,7.43337e-23,7.56909e-24,1.40869e-25,3.56682e-28,3.0973e-05
1031,0.00925148,0.000630792,7.76513e-13,4.2759e-13,2.2833e-13,1.55554e-13,1.02887e-14,4.82038e-17,0.00988228
1032,0.00050932,4.72533e-07,2.03709e-08,8.56633e-09,2.00228e-09,8.46224e-10,2.51177e-11,1.54268e-13,0.000509825
1033,9.26823e-06,6.62499e-09,5.97723e-13,1.59988e-13,2.73872e-14,2.2937e-15,3.60067e-17,8.48279e-20,9.27485e-06
1034,0.00283487,0.00210469,0.000349035,0.000131635,1.35328e-05,5.87926e-07,4.12054e-09,3.15852e-11,0.00543435
1035,4.32178e-05,8.68156e-07,5.25265e-19,1.41116e-19,2.01409e-20,1.59158e-21,1.95407e-23,5.97234e-26,4.40859e-05
1036,9.36801e-07,2.37282e-09,1.98895e-20,1.84174e-21,1.83676e-22,7.94753e-24,9.20197e-26,2.10845e-29,9.39174e-07
1037,4.47717e-05,3.75717e-07,5.87957e-18,1.75966e-18,3.36022e-19,4.75782e-20,9.47931e-22,2.80396e-24,4.51475e-05
1038,0.00178777,5.20475e-05,1.2792e-12,3.8703e-13,6.40511e-14,1.39155e-14,5.71594e-16,2.36082e-18,0.00183982
1039,2.1597e-05,6.75665e-05,3.49316e-07,8.09547e-08,8.81131e-09,6.98133e-10,7.37717e-12,2.29376e-14,8.96033e-05
1040,1.71721e-05,1.0416e-07,1.73736e-18,4.32351e-19,8.62544e-20,1.29473e-20,3.08136e-22,6.14151e-25,1.72762e-05
1041,0.000420817,7.66536e-05,4.50481e-10,3.55976e-11,7.25315e-12,1.22321e-12,2.97029e-14,1.44218e-16,0.000497471
1042,0.000263853,2.91568e-06,1.32749e-17,5.77144e-18,1.43627e-18,3.40855e-19,8.72568e-21,4.51428e-23,0.000266769
1043,0,0,0,0,0,0,0,0,0
1044,0.0139753,0.00228363,0.00296484,0.00154159,0.0005278,0.000189757,8.50281e-06,5.53711e-08,0.0214914
1045,0,0,0,0,0,0,0,0,0
1046,6.22323e-05,8.41677e-07,1.22558e-25,3.51623e-26,8.22215e-27,1.51957e-27,3.65817e-29,7.73069e-32,6.3074e-05
1047,0.147499,0.060034,0.0022488,0.00160047,0.000836643,0.000796008,5.55288e-05,4.8616e-07,0.213071
1048,0.00165099,0.000220835,6.92042e-11,1.74614e-11,2.90667e-12,3.26149e-13,6.18114e-15,1.49823e-17,0.00187182
1049,7.7972e-07,8.78246e-10,5.08536e-37,1.08591e-37,1.48855e-38,1.10044e-39,1.61456e-41,3.14692e-44,7.80599e-07
1050,0.0469796,0.00844564,0.00716756,0.00458904,0.00240185,0.00111271,4.98801e-05,2.43437e-07,0.0707465
1051,0,0,0,0,0,0,0,0,0
1052,1.27716e-06,4.21963e-09,8.88589e-24,1.58199e-24,1.58193e-25,7.76762e-27,6.74971e-29,9.91791e-32,1.28138e-06
1053,1.73822e-06,1.17288e-08,4.31884e-34,8.26337e-35,6.61008e-36,1.7958e-37,9.412e-40,1.81676e-42,1.74995e-06
1054,0.111673,0.0576897,0.0018842,0.00113984,0.000554784,0.000403991,2.26196e-05,1.29916e-07,0.173368
1055,0.00275322,0.000187856,3.34391e-07,1.47366e-07,4.36777e-08,1.12925e-08,3.36888e-10,1.41283e-12,0.00294161
1056,0,0,0,0,0,0,0,0,0
1057,0.0742552,0.021078,0.00547002,0.00298263,0.00124136,0.000693418,3.41934e-05,1.801e-07,0.105755
1058,0,0,0,0,0,0,0,0,0
1059,0.000694349,3.81188e-05,2.34712e-15,7.40752e-16,1.58009e-16,2.88308e-17,6.9179e-19,2.05107e-21,0.000732468
1060,0,0,0,0,0,0,0,0,0
1061,0,0,0,0,0,0,0,0,0
1062,0.0545167,0.0118317,0.00830886,0.00530755,0.00249521,0.00171275,9.43528e-05,6.35893e-07,0.0842678
1063,3.99803e-06,5.99017e-09,1.01184e-27,2.50357e-28,5.63701e-29,9.07183e-30,2.48767e-31,4.17102e-34,4.00402e-06
1064,0.000476858,2.46375e-05,1.11579e-18,3.9154e-19,7.6846e-20,1.18502e-20,1.87014e-22,7.37869e-25,0.000501496
1065,0.00108282,3.77988e-05,7.23193e-06,1.34494e-05,2.04997e-06,2.39852e-07,4.04556e-09,7.86812e-11,0.00114359
1066,0.000848957,3.16746e-05,1.81874e-07,5.78955e-08,8.13719e-09,6.37865e-10,8.60907e-12,3.74105e-14,0.00088088
1067,0,0,0,0,0,0,0,0,0
1068,0.0634521,0.0375232,0.0114911,0.00464682,0.00217107,0.00111199,6.50378e-05,1.4139e-07,0.120461
1069,0.00382701,0.00012034,0.00177049,0.000787783,0.000214776,6.07305e-05,1.66064e-06,7.54925e-09,0.0067828
1070,0,0,0,0,0,0,0,0,0
1071,1.55523e-06,4.44532e-09,2.15037e-19,4.26118e-20,4.6863e-21,2.64451e-22,3.44874e-24,7.09769e-27,1.55968e-06
1072,0.000770378,1.75523e-05,2.70254e-13,1.22159e-13,3.8397e-14,1.49102e-14,6.28334e-16,3.11219e-18,0.00078793
1073,5.71043e-06,1.45641e-08,2.84976e-28,6.97634e-29,1.33575e-29,1.91079e-30,3.80848e-32,6.43868e-35,5.72499e-06
1074,0.0348028,0.00634381,4.12457e-08,2.43294e-08,1.25886e-08,8.85012e-09,5.28687e-10,2.55993e-12,0.0411467
1075,0,0,0,0,0,0,0,0,0
1076,0.000106977,1.74521e-06,1.1956e-18,3.78273e-19,7.55784e-20,1.10855e-20,2.43515e-22,7.36725e-25,0.000108722
1077,0.031098,0.00620282,3.03758e-07,1.78479e-07,8.13405e-08,5.51223e-08,3.27407e-09,1.93939e-11,0.0373015
1078,7.76397e-07,6.54325e-10,2.67171e-24,6.23117e-25,7.21335e-26,4.08585e-27,3.40149e-29,7.20238e-32,7.77052e-07
1079,0.000123745,1.59842e-06,2.33686e-11,7.54092e-12,1.41246e-12,2.73246e-13,5.05764e-15,1.6941e-17,0.000125343
1080,0.184378,0.0928475,0.000982625,0.00067549,0.000370653,0.00033513,2.28531e-05,1.5403e-07,0.279613
1081,4.21639e-06,2.6845e-08,1.96449e-30,4.42407e-31,4.85608e-32,2.62308e-33,2.53855e-35,5.90663e-38,4.24323e-06
1082,0.043441,0.0114578,0.00350192,0.00203807,0.000868689,0.000574149,2.69378e-05,1.47757e-07,0.0619087
1083,6.22122e-05,8.24287e-07,7.10944e-20,2.39031e-20,4.16586e-21,4.97375e-22,7.89769e-24,2.71746e-26,6.30365e-05
1084,0,0,0,0,0,0,0,0,0
1085,0,0,0,0,0,0,0,0,0
1086,0.0457855,0.0125374,9.77129e-12,5.61685e-12,2.55053e-12,2.04107e-12,1.11848e-13,5.89106e-16,0.0583229
1087,0.216322,0.151011,0.0733283,0.0492517,0.0257337,0.0153964,0.00076745,4.19404e-06,0.531815
1088,0,0,0,0,0,0,0,0,0
1089,0,0,0,0,0,0,0,0,0
1090,0,0,0,0,0,0,0,0,0
1091,0,0,0,0,0,0,0,0,0
1092,0.0146686,0.00376873,0.000705301,0.000309236,0.000104793,5.17516e-05,1.83493e-06,6.23538e-09,0.0196102
1093,0.0140758,0.00154618,2.6359e-06,1.5379e-06,6.05653e-07,3.1224e-07,1.33143e-08,7.71751e-11,0.0156271
1094,9.01565e-06,2.11652e-08,3.66908e-16,6.32023e-17,5.97116e-18,2.3859e-19,3.37475e-22,4.36402e-25,9.03681e-06
1095,0.000989684,6.60904e-05,4.58737e-14,1.62159e-14,4.13728e-15,1.26091e-15,3.40108e-17,9.50167e-20,0.00105577
1096,8.16974e-06,5.01087e-08,1.23813e-30,2.95987e-31,4.06278e-32,3.22571e-33,3.85709e-35,7.82965e-38,8.21985e-06
1097,0.00618888,0.000715286,6.36852e-09,2.92598e-09,9.98338e-10,5.56625e-10,2.39749e-11,1.02181e-13,0.00690417
1098,0.00348101,0.000278522,1.23517e-06,5.42116e-07,1.81861e-07,6.38169e-08,2.65661e-09,1.01429e-11,0.00376156
1099,0,0,0,0,0,0,0,0,0
1100,4.92063e-06,1.27671e-08,2.60427e-28,6.55909e-29,1.04256e-29,9.09487e-31,8.86528e-33,1.80441e-35,4.9334e-06
1101,0,0,0,0,0,0,0,0,0
1102,0,0,0,0,0,0,0,0,0
1103,0,0,0,0,0,0,0,0,0
1104,0.000802219,8.04302e-06,4.72971e-09,2.27966e-09,7.62977e-10,2.05321e-10,8.12891e-12,3.66299e-14,0.00081027
1105,0,0,0,0,0,0,0,0,0
1106,0.000137333,3.56461e-06,1.59963e-19,4.66993e-20,9.78083e-21,1.64899e-21,3.47273e-23,7.27714e-26,0.000140898
1107,0.00119596,8.69791e-05,1.81109e-11,7.21018e-12,1.66978e-12,2.84954e-13,3.71264e-15,9.09759e-18,0.00128294
1108,0.0183988,0.00408084,0.00154247,0.000734792,0.000268971,0.000145402,5.46121e-06,1.94269e-08,0.0251768
1109,0,0,0,0,0,0,0,0,0
1110,0.0203159,0.0042349,2.7124e-05,1.47538e-05,5.69596e-06,2.3583e-06,1.05957e-07,5.33418e-10,0.0246008
1111,0.02448,0.00395087,1.86505e-06,1.00095e-06,4.51758e-07,3.67762e-07,1.85935e-08,7.40485e-11,0.0284346
1112,0,0,0,0,0,0,0,0,0
1113,2.42954e-06,3.53739e-09,1.59991e-17,3.21645e-18,4.51514e-19,3.54879e-20,4.91883e-22,6.28864e-25,2.43307e-06
1114,1.57334e-05,8.18482e-08,4.58233e-09,7.14711e-10,1.24653e-10,2.21789e-11,4.69109e-13,1.94286e-16,1.58206e-05
1115,3.38048e-06,5.34502e-09,5.43225e-19,1.1397e-19,1.49761e-20,1.06444e-21,9.89258e-24,1.21373e-26,3.38582e-06
1116,0.0121469,0.00154407,2.14715e-10,1.14392e-10,4.61268e-11,2.47374e-11,1.0071e-12,4.19222e-15,0.013691
1117,0,0,0,0,0,0,0,0,0
1118,0.00034496,1.75426e-05,4.34143e-15,1.24347e-15,2.6813e-16,5.83841e-17,1.1778e-18,2.08395e-21,0.000362502
1119,0.000174728,5.16316e-06,4.37108e-08,1.17545e-08,1.97404e-09,3.09408e-10,4.95512e-12,9.88257e-15,0.000179949
1120,3.56107e-05,4.17576e-07,2.08828e-13,9.43223e-14,3.21753e-14,9.59884e-15,2.91887e-16,8.75259e-19,3.60283e-05
1121,0,0,0,0,0,0,0,0,0
1122,0,0,0,0,0,0,0,0,0
1123,0,0,0,0,0,0,0,0,0
1124,0,0,0,0,0,0,0,0,0
1125,2.25006e-05,9.04599e-08,2.25903e-23,7.45563e-24,1.44065e-24,2.02038e-25,3.46297e-27,9.33355e-30,2.25911e-05
1126,2.18604e-05,1.2939e-06,2.98762e-07,6.04809e-08,3.65098e-09,1.02989e-09,4.60226e-12,1.09878e-14,2.35182e-05
1127,0.072951,0.0123108,0.000524164,0.000374689,0.000219362,0.000165334,8.93193e-06,4.43111e-08,0.0865543
1128,1.76798e-06,5.66874e-09,2.98914e-24,6.10714e-25,6.72795e-26,2.39001e-27,1.73974e-29,2.63226e-32,1.77365e-06
1129,0,0,0,0,0,0,0,0,0
1130,0.000324026,6.80714e-06,1.79374e-18,6.35766e-19,1.6859e-19,7.60378e-20,2.387e-21,6.4359e-24,0.000330833
1131,0.00398722,0.000218734,8.70187e-11,4.57249e-11,1.61638e-11,5.57071e-12,1.5445e-13,5.60735e-16,0.00420596
1132,0,0,0,0,0,0,0,0,0
1133,0.147833,0.0769731,0.00278256,0.00178606,0.000891951,0.000750149,3.92235e-05,1.93853e-07,0.231056
1134,6.74673e-07,2.81618e-10,1.48627e-13,2.92701e-14,2.6328e-15,8.81866e-17,7.412e-19,1.27696e-21,6.74955e-07
1135,0.00987862,0.00135268,2.82333e-05,1.11502e-05,2.82267e-06,9.81524e-07,3.16062e-08,9.76801e-11,0.0112745
1136,0.0432952,0.00658559,0.0123674,0.00804823,0.00388698,0.00203701,0.000105866,5.6331e-07,0.0763269
1137,0.000536627,2.31046e-05,2.97812e-12,1.09713e-12,2.20298e-13,3.48846e-14,4.2739e-16,1.2447e-18,0.000559731
1138,0.00720204,0.0026232,2.75998e-06,1.10251e-06,2.45625e-07,5.67281e-08,1.17656e-09,4.16262e-12,0.00982941
1139,0,0,0,0,0,0,0,0,0
1140,0.000318896,4.48169e-06,4.6079e-16,1.78861e-16,5.46867e-17,2.01938e-17,6.53527e-19,1.67988e-21,0.000323378
1141,1.99301e-06,9.45283e-09,4.04993e-19,5.96349e-20,5.13835e-21,1.66864e-22,2.40019e-25,1.80016e-28,2.00247e-06
1142,0.00299722,0.000103863,1.34719e-09,6.18885e-10,2.20085e-10,8.52776e-11,3.54671e-12,1.20534e-14,0.00310109
1143,0.062402,0.0296679,0.00013968,7.37509e-05,3.13868e-05,2.05208e-05,1.02533e-06,4.01561e-09,0.0923363
1144,0.417364,0.321,0.198102,0.149443,0.0896722,0.0717762,0.00516788,3.25375e-05,1.25256
1145,1.26321e-05,1.33658e-07,1.76617e-23,3.61969e-24,5.47681e-25,4.03529e-26,4.25235e-28,3.63734e-31,1.27658e-05
1146,0.00103168,5.73186e-05,3.08832e-10,1.11391e-10,3.01951e-11,7.57182e-12,1.68728e-13,3.56397e-16,0.001089
1147,0.00205,5.58077e-05,5.77271e-08,2.53523e-08,8.8613e-09,4.70162e-09,1.5972e-10,4.38569e-13,0.0021059
1148,0.0702503,0.0350323,0.000410495,0.000250578,0.000104517,3.35366e-05,1.37675e-06,6.66945e-09,0.106083
1149,0.00457463,0.000338948,1.00373e-09,4.75213e-10,1.59895e-10,6.3246e-11,1.96951e-12,6.65862e-15,0.00491358
1150,0,0,0,0,0,0,0,0,0
1151,0,0,0,0,0,0,0,0,0
1152,1.4136e-06,2.56286e-09,2.58704e-37,5.17411e-38,7.51017e-39,6.88735e-40,8.70734e-42,9.68101e-45,1.41617e-06
1153,0,0,0,0,0,0,0,0,0
1154,0.0732597,0.0253232,2.08317e-05,1.27155e-05,5.85328e-06,4.53174e-06,2.08031e-07,9.17531e-10,0.0986271
1155,0,0,0,0,0,0,0,0,0
1156,0.000215882,5.53238e-06,6.28176e-14,1.09175e-14,1.2507e-15,7.58953e-17,8.61026e-19,8.67298e-22,0.000221414
1157,0.334296,0.275403,0.169486,0.126834,0.0717192,0.0348921,0.00277588,1.96726e-05,1.01543
1158,3.16526e-05,4.50437e-07,8.90217e-17,2.19821e-17,3.0233e-18,3.07927e-19,4.05867e-21,7.47086e-24,3.2103e-05
1159,0.00276959,0.000238862,9.87312e-08,4.22127e-08,1.18954e-08,4.11588e-09,1.13185e-10,3.57795e-13,0.00300861
1160,0.00817235,0.000896157,1.4511e-11,7.03037e-12,2.76106e-12,1.60446e-12,6.52734e-14,2.01573e-16,0.00906851
1161,0.0220303,0.00322832,1.11898e-09,6.46747e-10,3.00059e-10,1.89502e-10,1.0312e-11,4.37133e-14,0.0252586
1162,2.74269e-05,1.30525e-07,1.41436e-08,3.71984e-09,6.38529e-10,4.77033e-11,5.14381e-13,6.7506e-16,2.7576e-05
1163,0,0,0,0,0,0,0,0,0
1164,0,0,0,0,0,0,0,0,0
1165,0.0130887,0.00412523,1.85561e-06,6.30182e-07,1.73116e-07,6.96181e-08,1.97686e-09,3.35461e-12,0.0172167
1166,2.38536e-06,2.57214e-09,8.23293e-14,1.72213e-14,2.24584e-15,1.7109e-16,1.72373e-18,1.79237e-21,2.38793e-06
1167,0.000241561,5.45036e-05,2.05059e-08,1.04267e-08,2.52574e-09,3.5583e-10,4.36018e-12,1.49337e-14,0.000296098
1168,0,0,0,0,0,0,0,0,0
1169,0.0211304,0.00179158,0.000217178,0.000133161,4.8019e-05,2.35759e-05,5.62896e-07,2.32708e-09,0.0233445
1170,0,0,0,0,0,0,0,0,0
1171,0.000220158,0.000176781,5.39569e-05,1.84498e-05,3.62303e-06,4.23608e-07,5.76039e-09,1.16286e-11,0.000473398
1172,9.84704e-05,0.000226686,5.3388e-05,1.79356e-05,4.70926e-06,1.14844e-06,3.10988e-08,4.92129e-11,0.000402368
1173,9.1901e-05,1.80937e-06,3.01461e-17,7.92181e-18,1.79942e-18,2.41659e-19,4.13407e-21,4.25059e-24,9.37104e-05
1174,0,0,0,0,0,0,0,0,0
1175,0,0,0,0,0,0,0,0,0
1176,0.000679947,0.0013207,2.62181e-05,1.17055e-05,2.65955e-06,6.44529e-07,1.24095e-08,5.28133e-11,0.00204188
1177,0.000296753,1.02291e-05,5.83989e-15,1.32545e-15,1.93069e-16,2.23909e-17,2.97451e-19,4.06127e-22,0.000306982
1178,0.0746844,0.0291714,0.000186023,0.000102515,4.50743e-05,4.43747e-05,2.06593e-06,7.44625e-09,0.104236
1179,0,0,0,0,0,0,0,0,0
1180,0.0274762,0.00355724,2.03937e-05,1.15313e-05,4.81315e-06,3.1667e-06,1.35491e-07,5.4029e-10,0.0310735
1181,0.00136926,7.11553e-05,7.06512e-05,0.000168272,3.92316e-05,8.77393e-06,1.40652e-07,2.1924e-09,0.00172749
1182,0,0,0,0,0,0,0,0,0
1183,0,0,0,0,0,0,0,0,0
1184,0.00145877,6.13308e-05,3.58628e-15,1.52057e-15,4.79487e-16,2.19489e-16,7.28647e-18,1.98731e-20,0.0015201
1185,1.60169e-06,3.23058e-10,4.1536e-21,6.54783e-22,4.52279e-25,4.24814e-23,1.92673e-24,3.40524e-27,1.60202e-06
1186,0.000125447,5.64729e-06,1.54361e-22,4.0379e-23,6.20346e-24,6.9534e-25,8.34566e-27,1.29884e-29,0.000131094
1187,0,0,0,0,0,0,0,0,0
1188,0,0,0,0,0,0,0,0,0
1189,0,0,0,0,0,0,0,0,0
1190,0.0570896,0.0156372,2.39512e-06,1.41094e-06,6.64653e-07,6.45805e-07,3.43831e-08,1.36607e-10,0.0727319
1191,0,0,0,0,0,0,0,0,0
1192,0.000293616,4.46486e-06,1.73109e-17,3.63782e-18,7.28023e-19,1.09456e-19,1.67899e-21,1.13665e-24,0.000298081
1193,0.00625123,0.000737711,1.17493e-09,5.76986e-10,1.72599e-10,7.34168e-11,1.75775e-12,5.8308e-15,0.00698894
1194,0.095064,0.0302803,1.26007e-06,8.10132e-07,4.37482e-07,3.63272e-07,2.27853e-08,9.60949e-11,0.125347
1195,0.189047,0.142022,0.0700403,0.0468815,0.0208481,0.0116842,0.000519159,2.63928e-06,0.481045
1196,0.00689112,0.000739202,7.48255e-06,3.43878e-06,1.22581e-06,4.28517e-07,9.76346e-09,1.89321e-11,0.00764291
1197,0,0,0,0,0,0,0,0,0
1198,6.82553e-07,1.55016e-10,3.04496e-21,6.2519e-22,3.70957e-23,1.53121e-25,3.84096e-27,6.33347e-30,6.82708e-07
1199,0,0,0,0,0,0,0,0,0
1200,0.00461178,0.000356503,2.22458e-12,3.76269e-13,4.3168e-14,1.09798e-14,2.93893e-16,8.38696e-19,0.00496829
1201,0,0,0,0,0,0,0,0,0
1202,0.0153636,0.00253175,4.23512e-10,2.16038e-10,8.22434e-11,5.40776e-11,2.31774e-12,7.98973e-15,0.0178953
1203,0,0,0,0,0,0,0,0,0
1204,0.000898253,1.73527e-05,2.17459e-10,8.88325e-11,2.55295e-11,6.6606e-12,1.61166e-13,3.5943e-16,0.000915606
1205,0.117632,0.0567736,0.000172478,0.000108586,4.9493e-05,4.1375e-05,2.01977e-06,8.94869e-09,0.174779
1206,0.301068,0.219822,0.119412,0.0801486,0.0426455,0.0463736,0.00255593,1.08919e-05,0.812037
1207,6.99531e-05,1.53322e-06,2.45213e-19,6.58748e-20,5.65811e-21,2.09566e-22,1.12545e-24,2.78026e-27,7.14863e-05
1208,2.21702e-05,1.38468e-06,4.02487e-18,3.056e-18,2.72401e-18,3.12145e-18,1.59809e-19,3.52362e-22,2.35549e-05
1209,1.51734e-05,1.08536e-07,7.96901e-22,2.17866e-22,3.00399e-23,2.87704e-24,2.8395e-26,5.00984e-29,1.52819e-05
1210,0.0377294,0.0251583,0.00741329,0.00277707,0.00101194,0.00053362,2.15004e-05,3.19174e-08,0.0746452
1211,0,0,0,0,0,0,0,0,0
1212,0.0034089,0.00029516,2.55687e-09,5.5707e-10,1.13025e-10,2.344e-11,4.5061e-13,2.72567e-16,0.00370406
1213,0,0,0,0,0,0,0,0,0
1214,0.00188291,0.000280467,1.19925e-10,4.65839e-11,9.22952e-12,1.38012e-12,2.49026e-14,7.66717e-17,0.00216337
1215,0,0,0,0,0,0,0,0,0
1216,0.10964,0.0395864,0.00162756,0.00109948,0.00051649,0.000410086,1.6243e-05,6.74003e-08,0.152897
1217,0,0,0,0,0,0,0,0,0
1218,3.82632e-05,3.3495e-07,2.16258e-13,5.62738e-14,7.10635e-15,5.38748e-16,2.44964e-18,3.84623e-21,3.85981e-05
1219,0,0,0,0,0,0,0,0,0
1220,7.29285e-06,6.76714e-08,5.70373e-14,1.89609e-14,2.71614e-15,1.48703e-16,4.78549e-19,4.49045e-22,7.36052e-06
1221,0,0,0,0,0,0,0,0,0
1222,3.65655e-05,2.19735e-07,7.30434e-26,2.29986e-26,5.06868e-27,1.0492e-27,2.09832e-29,3.45894e-32,3.67852e-05
1223,7.00996e-06,2.88706e-08,1.91265e-18,4.541e-19,5.74698e-20,5.23533e-21,5.63004e-23,8.15954e-26,7.03883e-06
1224,0,0,0,0,0,0,0,0,0
1225,0.000199876,3.43138e-06,9.90309e-24,3.39549e-24,8.55359e-25,2.08504e-25,3.39757e-27,4.601e-30,0.000203307
1226,5.03891e-06,8.02137e-08,8.51706e-28,1.59521e-28,1.33443e-29,4.03251e-31,2.22608e-33,2.51745e-36,5.11912e-06
1227,0.000317362,1.26917e-05,9.4278e-17,2.89576e-17,6.39367e-18,1.48566e-18,2.81184e-20,4.20144e-23,0.000330054
1228,0,0,0,0,0,0,0,0,0
1229,0,0,0,0,0,0,0,0,0
1230,0.00494036,0.000396483,1.52803e-10,7.10448e-11,2.53058e-11,1.3238e-11,3.99421e-13,9.08913e-16,0.00533684
1231,0,0,0,0,0,0,0,0,0
1232,6.24465e-06,3.07425e-08,1.45847e-21,2.56378e-22,3.33906e-23,4.02955e-24,4.92718e-26,3.69762e-29,6.27539e-06
1233,0,0,0,0,0,0,0,0,0
1234,6.52059e-06,4.25076e-08,2.42324e-22,5.48601e-23,4.57702e-24,9.54245e-26,2.3569e-29,3.40983e-32,6.5631e-06
1235,0.0300435,0.00633019,8.79302e-06,5.04316e-06,1.9947e-06,1.18877e-06,4.94986e-08,1.9061e-10,0.0363908
1236,0.0287053,0.0179723,0.00469894,0.00183152,0.000566674,0.000211983,4.87472e-06,7.05054e-09,0.0539916
1237,5.98678e-05,9.38143e-07,7.49252e-14,1.95998e-14,2.82537e-15,3.1446e-16,2.98195e-18,3.99863e-21,6.08059e-05
1238,8.20339e-05,1.22458e-06,6.18648e-23,1.84528e-23,3.706e-24,5.98371e-25,6.69957e-27,7.28227e-30,8.32585e-05
1239,0.000189836,6.43976e-06,1.66635e-18,4.73927e-19,9.30103e-20,1.40823e-20,1.71198e-22,1.89829e-25,0.000196276
1240,3.41674e-05,5.79874e-07,3.55877e-14,9.34573e-15,1.02693e-15,7.92359e-17,5.88297e-19,1.09088e-21,3.47473e-05
1241,0.000145719,4.25341e-07,1.05201e-12,3.34143e-13,8.72799e-14,2.03964e-14,4.49302e-16,5.59173e-19,0.000146145
1242,0.000726296,3.59737e-05,9.7184e-19,3.55999e-19,8.57042e-20,2.20031e-20,4.16657e-22,7.6152e-25,0.00076227
1243,6.3685e-05,4.82908e-07,1.21244e-13,3.97606e-14,7.47695e-15,1.21803e-15,1.57833e-17,2.61048e-20,6.41679e-05
1244,0,0,0,0,0,0,0,0,0
1245,0.00140119,0.00010529,1.31938e-10,4.80152e-11,1.05677e-11,2.36401e-12,3.51147e-14,6.50842e-17,0.00150648
1246,0,0,0,0,0,0,0,0,0
1247,0,0,0,0,0,0,0,0,0
1248,0,0,0,0,0,0,0,0,0
1249,0,0,0,0,0,0,0,0,0
1250,0.00271004,0.000308544,0.000752565,0.000359274,6.07092e-05,3.9469e-06,5.48388e-08,3.01486e-10,0.00419514
1251,0,0,0,0,0,0,0,0,0
1252,0.0461818,0.0284095,0.0083152,0.00381972,0.00130096,0.000534798,1.14075e-05,1.92468e-08,0.0885734
1253,0,0,0,0,0,0,0,0,0
1254,0,0,0,0,0,0,0,0,0
1255,0.0628163,0.024266,4.57853e-05,2.76329e-05,1.10874e-05,4.52378e-06,8.33818e-08,1.79804e-10,0.0871714
1256,7.44816e-10,2.9187e-07,7.92916e-10,2.73788e-10,4.22166e-11,4.58271e-12,5.18851e-14,1.22396e-16,2.93728e-07
1257,0.000477655,3.09018e-05,1.50539e-09,2.7464e-10,6.59211e-11,2.51417e-11,5.39308e-13,1.5431e-17,0.000508559
1258,0.00970546,0.000826403,1.36891e-07,6.92834e-08,2.77295e-08,1.80693e-08,6.02187e-10,1.34946e-12,0.0105321
1259,0.000114416,2.86525e-06,1.05763e-21,3.38953e-22,4.00739e-23,1.3327e-24,1.15543e-27,2.40256e-30,0.000117281
1260,0.00118953,2.77833e-05,1.01166e-07,5.06751e-08,1.66236e-08,6.83019e-09,1.97517e-10,5.52063e-13,0.00121748
1261,0.000707482,0.000149457,4.70946e-06,8.28338e-07,1.40552e-07,1.42735e-08,1.01205e-10,3.16727e-15,0.000862631
1262,1.31722e-06,7.80457e-10,7.55743e-19,1.67462e-19,1.80454e-20,1.91968e-21,1.39545e-23,1.62788e-26,1.318e-06
1263,0,0,0,0,0,0,0,0,0
1264,0.0886477,0.0389854,0.000143519,8.69685e-05,3.72489e-05,2.76616e-05,1.24848e-06,4.59947e-09,0.12793
1265,5.11054e-05,3.80817e-07,1.91062e-17,6.16428e-18,1.28887e-18,2.03408e-19,3.26888e-21,4.79201e-24,5.14862e-05
1266,0.0598416,0.0433298,0.015313,0.00849619,0.00236685,0.000875808,1.81183e-05,6.66149e-08,0.130241
1267,6.10837e-05,8.53141e-07,7.01077e-20,1.96774e-20,3.48103e-21,4.52719e-22,5.86877e-24,7.34211e-27,6.19369e-05
1268,0,0,0,0,0,0,0,0,0
1269,0.0012151,7.43198e-05,1.09718e-07,3.75305e-08,8.8554e-09,1.39143e-09,1.94962e-11,2.73267e-14,0.00128958
1270,0.00012145,1.49173e-06,2.40666e-19,8.23118e-20,1.84603e-20,4.32272e-21,6.75524e-23,9.96686e-26,0.000122941
1271,3.66859e-05,9.23803e-08,2.0708e-13,6.1469e-14,1.34643e-14,2.57039e-15,3.78305e-17,3.8611e-20,3.67783e-05
1272,0.0220333,0.00583036,1.58795e-06,7.48825e-07,2.73016e-07,1.70545e-07,4.88244e-09,9.48357e-12,0.0278664
1273,0.0126798,0.00259761,6.99397e-09,3.33727e-09,1.03039e-09,5.44714e-10,1.23476e-11,2.84176e-14,0.0152774
1274,0.0148976,0.0015136,6.40933e-06,3.53012e-06,1.38392e-06,7.67262e-07,2.5647e-08,7.00723e-11,0.0164233
1275,0.0545263,0.0445254,0.0169767,0.0097908,0.00281698,0.000479094,1.43028e-05,6.82881e-08,0.12913
1276,0,0,0,0,0,0,0,0,0
1277,0,0,0,0,0,0,0,0,0
1278,0.0986627,0.0472444,0.000618242,0.000354365,0.000154029,0.000146165,5.64101e-06,1.55015e-08,0.147186
1279,1.75398e-05,4.58367e-08,2.60275e-17,7.95356e-18,1.49678e-18,2.21932e-19,3.51058e-21,5.15261e-24,1.75856e-05
1280,0.00225367,0.000431391,0.000240016,0.000945653,0.000418094,0.000224108,1.03498e-05,1.25182e-07,0.0045234
1281,0.00540628,0.000473265,3.21582e-08,1.48785e-08,5.16923e-09,2.38882e-09,6.70235e-11,1.31272e-13,0.0058796
1282,0,0,0,0,0,0,0,0,0
1283,0,0,0,0,0,0,0,0,0
1284,5.72522e-05,1.45097e-07,9.95809e-13,3.00277e-13,6.51566e-14,1.40675e-14,2.18597e-16,2.29349e-19,5.73973e-05
1285,0,0,0,0,0,0,0,0,0
1286,0.000427977,0.00021407,1.15804e-05,5.72198e-06,1.39606e-06,4.44923e-07,5.93181e-09,1.45756e-11,0.000661196
1287,0,0,0,0,0,0,0,0,0
1288,0,0,0,0,0,0,0,0,0
1289,0.00487097,0.000401007,4.0115e-07,2.00241e-07,5.54715e-08,1.94427e-08,3.63928e-10,9.46817e-13,0.00527266
1290,0,0,0,0,0,0,0,0,0
1291,3.85978e-05,2.25243e-07,1.52455e-13,4.23221e-14,8.08857e-15,1.65177e-15,2.44695e-17,2.69454e-20,3.8823e-05
1292,0.00289469,0.000431191,1.11925e-06,3.49313e-07,7.81949e-08,1.12381e-08,1.92526e-10,1.96188e-13,0.00332744
1293,6.2577e-05,1.55736e-06,4.0009e-26,8.7243e-27,7.62014e-28,4.04446e-29,2.40617e-31,2.97232e-34,6.41343e-05
1294,0,0,0,0,0,0,0,0,0
1295,0.0669868,0.0295969,0.000295287,0.000143923,6.69259e-05,5.36379e-05,2.11409e-06,3.39872e-09,0.0971456
1296,0.0238432,0.00555208,1.15971e-07,6.3541e-08,2.1197e-08,1.26561e-08,3.20225e-10,8.97208e-13,0.0293955
1297,0.000592621,2.59975e-05,1.11377e-18,4.15487e-19,8.26326e-20,1.71559e-20,2.26005e-22,4.60917e-25,0.000618618
1298,0,0,0,0,0,0,0,0,0
1299,0.0198061,0.00388879,3.09099e-06,1.61199e-06,5.94082e-07,3.18758e-07,9.10556e-09,2.06311e-11,0.0237005
1300,0,0,0,0,0,0,0,0,0
1301,0,0,0,0,0,0,0,0,0
1302,1.58395e-05,2.16506e-07,1.9979e-12,4.35533e-13,4.95506e-14,3.16237e-15,2.07476e-17,1.77817e-20,1.6056e-05
1303,0,0,0,0,0,0,0,0,0
1304,3.06542e-06,2.875e-08,8.87955e-21,9.41945e-22,1.04965e-22,8.82342e-24,7.59729e-26,1.8529e-30,3.09417e-06
1305,0.000102301,3.60205e-06,1.31734e-19,3.2682e-20,5.30279e-21,6.46095e-22,6.34e-24,4.79981e-27,0.000105903
1306,0.0113233,0.00381674,1.46493e-06,7.07152e-07,1.71768e-07,2.92355e-08,4.97741e-10,1.32728e-12,0.0151424
1307,0,0,0,0,0,0,0,0,0
1308,3.81067e-05,6.96233e-07,6.45526e-25,1.37253e-25,2.31368e-26,3.54626e-27,4.08101e-29,2.28377e-32,3.8803e-05
1309,7.19085e-06,1.12238e-07,5.70347e-19,7.71805e-20,8.79719e-21,4.62932e-22,3.26974e-24,4.74612e-28,7.30309e-06
1310,2.13758e-05,5.37856e-07,9.694e-19,1.135e-19,8.32673e-21,2.69434e-22,1.19522e-24,3.57416e-28,2.19137e-05
1311,1.10285e-05,1.63923e-08,4.10711e-23,1.20756e-23,2.73143e-24,5.94517e-25,1.00726e-26,9.60453e-30,1.10449e-05
1312,0,0,0,0,0,0,0,0,0
1313,0.000386203,9.52071e-06,3.64971e-09,1.08409e-09,1.91537e-10,3.27395e-11,3.05887e-13,3.42204e-16,0.000395729
1314,8.35251e-06,3.56911e-08,7.7535e-21,1.88772e-21,2.55824e-22,3.67073e-23,3.64547e-25,3.76863e-28,8.3882e-06
1315,4.08321e-06,4.71093e-09,7.04141e-18,1.84881e-18,1.32905e-19,3.95596e-22,6.42316e-23,9.92457e-26,4.08792e-06
1316,0.000234686,1.14185e-05,5.37712e-10,1.50518e-10,2.46849e-11,2.56393e-12,2.13286e-14,1.97111e-17,0.000246105
1317,6.46778e-05,5.89585e-07,1.13147e-15,2.58092e-16,3.6066e-17,3.24205e-18,2.91477e-20,2.15743e-23,6.52674e-05
1318,0,0,0,0,0,0,0,0,0
1319,0.0237872,0.00570327,4.69173e-06,2.27561e-06,9.22e-07,4.35349e-07,1.11116e-08,1.57119e-11,0.0294988
1320,0.00168324,5.63371e-05,8.34938e-19,3.84285e-19,1.29132e-19,6.33299e-20,1.56887e-21,2.68898e-24,0.00173958
1321,1.56768e-05,1.34927e-07,1.20717e-17,2.87295e-18,3.70318e-19,4.26838e-20,3.62716e-22,3.4256e-25,1.58117e-05
1322,0,0,0,0,0,0,0,0,0
1323,0,0,0,0,0,0,0,0,0
1324,0,0,0,0,0,0,0,0,0
1325,0,0,0,0,0,0,0,0,0
1326,0,0,0,0,0,0,0,0,0
1327,0.0941421,0.0326977,6.46593e-05,3.93063e-05,1.96737e-05,1.26011e-05,3.08579e-07,4.84531e-10,0.126976
1328,0.000166942,5.69757e-06,2.71042e-11,8.04359e-12,1.62285e-12,2.36467e-13,3.43428e-15,3.51043e-18,0.00017264
1329,0,0,0,0,0,0,0,0,0
1330,0,0,0,0,0,0,0,0,0
1331,0,0,0,0,0,0,0,0,0
1332,0.113977,0.0381989,2.39659e-05,1.55936e-05,7.7171e-06,8.34845e-06,3.16817e-07,8.06143e-10,0.152232
1333,0,0,0,0,0,0,0,0,0
1334,0.000297377,1.06839e-06,1.94023e-15,8.40298e-16,2.88816e-16,1.5255e-16,4.86579e-18,8.01993e-21,0.000298445
1335,3.30749e-06,3.43596e-09,1.10875e-23,2.94811e-24,5.27455e-25,7.43087e-26,8.20517e-28,6.53688e-31,3.31093e-06
1336,0.00365411,0.00067646,8.0782e-05,3.3324e-05,5.95214e-06,7.48435e-07,6.46413e-09,1.18523e-11,0.00445138
1337,0.0012839,5.52256e-05,8.81087e-17,3.48654e-17,1.07332e-17,4.65692e-18,1.11101e-19,1.46516e-22,0.00133913
1338,7.8775e-05,2.10439e-06,2.60365e-06,9.37043e-07,2.18245e-07,7.50987e-08,1.32091e-09,1.81158e-12,8.47147e-05
1339,0.0130863,0.0021955,5.6071e-10,2.34452e-10,5.2659e-11,1.16423e-11,1.45608e-13,2.29741e-16,0.0152818
1340,4.21932e-06,4.58843e-08,2.35208e-26,4.17289e-27,1.54424e-28,2.18438e-30,3.0848e-31,2.96272e-34,4.2652e-06
1341,2.48405e-06,7.48695e-09,3.09242e-22,5.60497e-23,5.60424e-24,3.72366e-25,2.07563e-27,1.28071e-30,2.49154e-06
1342,4.12019e-05,1.04142e-06,3.41748e-12,8.82272e-13,8.6534e-14,3.93103e-15,1.18993e-17,1.41998e-20,4.22433e-05
1343,0,0,0,0,0,0,0,0,0
1344,0,0,0,0,0,0,0,0,0
1345,0.0294484,0.00756166,1.19347e-12,6.45566e-13,2.41257e-13,1.21189e-13,3.1517e-15,6.3273e-18,0.03701
1346,0,0,0,0,0,0,0,0,0
1347,1.16614e-06,1.4482e-09,1.63294e-25,3.41805e-26,3.85263e-27,2.57762e-28,1.5138e-30,1.00402e-33,1.16759e-06
1348,0,0,0,0,0,0,0,0,0
1349,0.000204779,7.91754e-06,3.05664e-11,7.9575e-12,1.44722e-12,2.78562e-13,3.69471e-15,2.93037e-18,0.000212696
1350,3.82006e-06,5.46539e-08,1.85429e-21,2.2568e-22,1.53029e-23,1.55529e-25,6.65768e-28,9.69399e-32,3.87472e-06
1351,4.53657e-06,1.81052e-10,1.73208e-12,4.3696e-13,5.84189e-14,8.66882e-15,6.76297e-17,5.69187e-20,4.53675e-06
1352,0,0,0,0,0,0,0,0,0
1353,1.05953e-05,2.06851e-07,3.39588e-19,4.42586e-20,5.02555e-21,3.49375e-22,1.93952e-24,2.04263e-28,1.08021e-05
1354,0,0,0,0,0,0,0,0,0
1355,0,0,0,0,0,0,0,0,0
1356,0.000682956,1.25525e-05,4.51536e-07,3.60875e-07,4.02629e-08,3.49767e-09,2.44871e-11,1.06218e-12,0.000696365
1357,0,0,0,0,0,0,0,0,0
1358,5.35129e-06,4.47169e-08,1.6665e-16,5.7725e-17,9.1411e-18,1.30966e-18,1.16914e-20,1.78061e-23,5.39601e-06
1359,0,0,0,0,0,0,0,0,0
1360,7.0995e-06,6.30131e-08,8.76457e-27,1.99141e-27,2.21693e-28,6.7011e-30,2.2961e-32,1.16096e-35,7.16251e-06
1361,0,0,0,0,0,0,0,0,0
1362,0.000304082,1.17488e-05,5.23989e-14,1.66745e-14,3.04807e-15,6.58529e-16,7.84297e-18,9.30678e-21,0.000315831
1363,0.00023631,9.91043e-06,9.71664e-15,2.47537e-15,4.71776e-16,1.1023e-16,1.58721e-18,1.06092e-21,0.00024622
1364,0.275876,0.178065,0.0854085,0.0607245,0.0321243,0.0175507,0.000508027,1.05828e-06,0.650258
1365,4.49095e-05,1.37721e-07,1.69204e-11,4.81988e-12,9.81433e-13,2.34387e-13,3.12088e-15,2.44778e-18,4.50472e-05
1366,0.00639409,0.000727884,2.34532e-09,1.04506e-09,3.37488e-10,1.68134e-10,3.65419e-12,5.08379e-15,0.00712198
1367,0.0130546,0.000904554,0.0037492,0.0019097,0.00072228,0.000283419,6.44989e-06,9.28924e-09,0.0206302
1368,3.96171e-07,5.78357e-06,4.81266e-12,1.82627e-12,3.98036e-13,9.21235e-15,2.65345e-15,7.78081e-18,6.17974e-06
1369,0,0,0,0,0,0,0,0,0
1370,8.14726e-05,1.72249e-06,3.30521e-12,8.73654e-13,1.27143e-13,1.77211e-14,1.51959e-16,1.31429e-19,8.31951e-05
1371,0,0,0,0,0,0,0,0,0
1372,0.0327083,0.00852357,1.04871e-08,5.76827e-09,2.20455e-09,1.06563e-09,2.45491e-11,4.20634e-14,0.0412319
1373,0.000968364,0.000135454,2.99183e-10,8.34115e-11,1.7579e-11,3.97093e-12,5.1839e-14,3.44086e-17,0.00110382
1374,0,0,0,0,0,0,0,0,0
1375,0,0,0,0,0,0,0,0,0
1376,0.119389,0.0733091,0.0270815,0.0164648,0.00602299,0.00338888,5.34822e-05,9.31863e-08,0.24571
1377,0,0,0,0,0,0,0,0,0
1378,0.000105497,1.54329e-06,7.34809e-10,2.59536e-11,7.77232e-13,1.31516e-14,2.529e-17,2.08493e-19,0.000107041
1379,0.000197713,0.000130082,1.51708e-06,8.42942e-07,2.70953e-07,1.12397e-07,2.01681e-09,3.97981e-12,0.00033054
1380,0.000125804,4.84139e-06,9.32597e-14,2.6281e-14,3.3354e-15,3.22128e-16,2.1657e-18,2.34548e-21,0.000130646
1381,0.0123187,0.00187685,1.86294e-06,7.98029e-07,2.67282e-07,3.27703e-07,8.99305e-09,1.18975e-11,0.0141988
1382,0.0251033,0.00654587,0.00042871,0.000136697,3.36766e-05,1.18371e-05,2.28713e-07,1.9188e-10,0.0322603
1383,0.00237216,0.000205164,1.37254e-07,5.24969e-08,1.04311e-08,1.6748e-09,1.18464e-11,1.59829e-14,0.00257752
1384,0,0,0,0,0,0,0,0,0
1385,0.0454653,0.0210217,0.000555504,0.000296575,9.55695e-05,3.72261e-05,6.06694e-07,1.00791e-09,0.0674725
1386,0,0,0,0,0,0,0,0,0
1387,0,0,0,0,0,0,0,0,0
1388,0,0,0,0,0,0,0,0,0
1389,0,0,0,0,0,0,0,0,0
1390,0.00475591,0.000572006,4.76568e-11,1.49779e-11,3.32884e-12,9.24257e-13,1.31768e-14,1.36103e-17,0.00532792
1391,0.000571846,4.93251e-05,7.52819e-11,2.30878e-11,3.31389e-12,6.85135e-13,5.87947e-15,7.16807e-18,0.000621171
1392,0.00590498,0.000581005,4.65034e-09,2.14788e-09,7.07532e-10,2.97126e-10,6.59692e-12,9.12046e-15,0.00648599
1393,6.01501e-05,5.47955e-06,5.26001e-15,8.45251e-16,7.51127e-17,6.56637e-18,2.87106e-20,1.08903e-23,6.56296e-05
1394,0,0,0,0,0,0,0,0,0
1395,0,0,0,0,0,0,0,0,0
1396,0.000203708,3.84338e-06,2.13285e-16,6.84329e-17,1.53581e-17,3.87635e-18,5.47679e-20,4.63991e-23,0.000207552
1397,0,0,0,0,0,0,0,0,0
1398,1.1513e-06,4.59601e-09,1.17844e-21,1.91746e-22,1.13419e-23,1.79539e-25,6.62301e-29,3.77082e-32,1.1559e-06
1399,0.00322527,0.000590868,2.1794e-07,7.14793e-08,1.67318e-08,4.19502e-09,7.42343e-11,7.0374e-14,0.00381645
1400,0.00469395,0.000559535,4.60181e-10,2.05013e-10,5.46593e-11,1.96386e-11,3.12919e-13,4.48788e-16,0.00525349
1401,0,0,0,0,0,0,0,0,0
1402,0.000116379,5.13592e-06,8.08783e-14,1.40646e-15,3.35258e-16,1.43258e-16,2.33021e-18,2.686e-19,0.000121515
1403,0,0,0,0,0,0,0,0,0
1404,0.000255555,7.31313e-06,1.20786e-14,3.08963e-15,7.54123e-16,1.46973e-16,1.48104e-18,3.96366e-22,0.000262868
1405,0,0,0,0,0,0,0,0,0
1406,0,0,0,0,0,0,0,0,0
1407,0.000138323,5.03064e-06,5.87919e-17,1.49604e-17,2.40663e-18,2.84752e-19,1.60529e-21,7.71143e-25,0.000143354
1408,4.29148e-06,1.192e-08,1.39383e-07,5.98112e-08,2.46206e-08,7.855e-09,1.50605e-10,1.06237e-13,4.53522e-06
1409,6.89969e-06,3.26645e-08,5.58098e-21,1.28292e-21,1.46548e-22,1.25118e-23,7.20721e-26,4.97243e-29,6.93235e-06
1410,0.00192463,0.000438246,1.74137e-10,6.64158e-11,8.85082e-12,5.36828e-13,1.31004e-15,1.22907e-18,0.00236288
1411,5.90682e-05,5.42009e-07,2.5418e-17,7.44471e-18,1.38808e-18,2.66717e-19,2.94722e-21,2.26757e-24,5.96102e-05
1412,0.071146,0.0444262,0.0145645,0.00823622,0.00249428,0.00102387,1.32733e-05,2.15647e-08,0.141904
1413,7.36985e-05,0.000284181,8.55429e-08,3.74638e-08,7.61556e-09,1.42967e-09,1.25056e-11,1.77028e-14,0.000358011
1414,8.69972e-05,1.66808e-06,2.99335e-23,8.24151e-24,1.32938e-24,3.61529e-25,3.88293e-27,3.40918e-30,8.86653e-05
1415,0.0164392,0.00585043,0.000101964,3.20496e-05,1.84918e-06,5.03727e-05,4.63935e-07,8.4399e-10,0.0224763
1416,0,0,0,0,0,0,0,0,0
1417,0,0,0,0,0,0,0,0,0
1418,1.95002e-05,1.64422e-07,1.92076e-17,4.86133e-18,6.97194e-19,7.64259e-20,6.20716e-22,4.30396e-25,1.96646e-05
1419,0,0,0,0,0,0,0,0,0
1420,0,0,0,0,0,0,0,0,0
1421,0.000385311,8.10107e-06,2.17387e-13,7.43079e-14,1.42394e-14,2.95038e-15,2.92258e-17,2.73796e-20,0.000393412
1422,0,0,0,0,0,0,0,0,0
1423,0.000113784,4.10282e-06,6.80879e-25,1.50322e-25,2.52037e-26,5.10629e-27,4.83619e-29,1.8988e-32,0.000117887
1424,0.00324893,0.000524771,2.48117e-09,4.65891e-10,1.57357e-10,5.12159e-11,8.81048e-13,2.64438e-17,0.0037737
1425,0,0,0,0,0,0,0,0,0
1426,3.41048e-05,1.4234e-07,2.18e-15,3.94151e-16,6.56046e-17,1.16239e-17,1.05269e-19,1.91517e-23,3.42472e-05
1427,0.00080849,4.80701e-05,5.04334e-13,1.64549e-13,4.06105e-14,7.90275e-15,9.33961e-17,5.66101e-20,0.00085656
1428,0,0,0,0,0,0,0,0,0
1429,2.42457e-05,1.24707e-07,1.85103e-19,4.68206e-20,6.39172e-21,5.60862e-22,2.7303e-24,1.83012e-27,2.43704e-05
1430,0,0,0,0,0,0,0,0,0
1431,0,0,0,0,0,0,0,0,0
1432,0.019108,0.00302311,1.62194e-07,7.88798e-08,3.24859e-08,2.7047e-08,8.46209e-10,1.03129e-12,0.0221314
1433,9.62766e-07,1.63161e-08,8.01078e-17,5.20533e-18,2.88825e-19,4.48394e-21,9.00428e-24,6.18798e-28,9.79082e-07
1434,0,0,0,0,0,0,0,0,0
1435,0,0,0,0,0,0,0,0,0
1436,9.93899e-06,2.28872e-07,1.8413e-10,4.25913e-11,4.83745e-12,3.47007e-13,1.45262e-15,6.37244e-19,1.01681e-05
1437,0,0,0,0,0,0,0,0,0
1438,2.45791e-05,1.30062e-07,1.38807e-11,3.13329e-12,4.05191e-13,4.10891e-14,2.48929e-16,1.18893e-19,2.47092e-05
1439,0.000711883,5.78235e-05,1.92913e-09,5.87398e-10,1.02494e-10,1.55095e-11,1.11418e-13,7.88504e-17,0.00076971
1440,5.17991e-06,8.33177e-09,1.07052e-19,2.42311e-20,5.08727e-21,9.24689e-22,9.48805e-24,2.87556e-27,5.18824e-06
1441,0,0,0,0,0,0,0,0,0
1442,0.0862865,0.0365289,0.000245186,0.000143086,5.93995e-05,3.89674e-05,8.57166e-07,1.19044e-09,0.123303
1443,0.000686605,3.53499e-05,7.98626e-16,2.70436e-16,6.01563e-17,1.97259e-17,3.06205e-19,2.85773e-22,0.000721955
1444,0,0,0,0,0,0,0,0,0
1445,0.000611505,3.97744e-05,5.90348e-10,1.79141e-10,3.18217e-11,5.75367e-12,5.0221e-14,3.92541e-17,0.00065128
1446,0.000640337,0.000119151,8.03756e-11,1.84323e-11,2.59994e-12,4.89646e-13,4.96919e-15,2.91621e-18,0.000759488
1447,0.000203281,7.71393e-06,1.52481e-14,3.45786e-15,4.81868e-16,5.79495e-17,4.1883e-19,1.93523e-22,0.000210995
1448,0.000473649,2.11544e-05,1.09958e-09,9.03616e-11,1.44704e-11,1.42469e-12,1.39779e-14,3.12583e-20,0.000494805
1449,0,0,0,0,0,0,0,0,0
1450,0.00159029,0.000127169,3.49314e-09,1.5797e-09,3.89952e-10,1.25967e-10,1.66907e-12,2.20439e-15,0.00171746
1451,0.124181,0.0521214,4.49006e-05,2.70816e-05,1.35393e-05,1.05875e-05,3.51952e-07,4.98194e-10,0.176398
1452,0.00306272,0.0003582,4.40278e-09,1.70061e-09,4.23073e-10,1.18958e-10,1.47611e-12,1.26639e-15,0.00342093
1453,0.00675858,0.00144084,8.75484e-05,2.30048e-05,7.93294e-06,2.84771e-06,4.28093e-08,3.74466e-12,0.0083208
1454,0.00203914,0.000166471,4.34479e-15,1.6896e-15,4.46651e-16,1.19799e-16,1.56876e-18,1.27714e-21,0.00220561
1455,0,0,0,0,0,0,0,0,0
1456,2.01466e-06,1.41595e-08,2.24542e-32,3.0453e-33,2.56167e-34,3.52837e-35,1.6049e-37,3.91209e-41,2.02882e-06
1457,0.0063004,0.000524497,2.06683e-12,9.742e-13,3.58503e-13,1.62096e-13,3.0396e-15,2.73148e-18,0.00682489
1458,0,0,0,0,0,0,0,0,0
1459,0.000313999,9.5989e-06,6.7101e-14,2.30501e-14,3.78052e-15,6.287e-16,5.54324e-18,6.33951e-21,0.000323598
1460,0,0,0,0,0,0,0,0,0
1461,0.00802995,0.00122628,5.34903e-10,2.32632e-10,7.12196e-11,3.5798e-11,6.70118e-13,6.95245e-16,0.00925623
1462,0,0,0,0,0,0,0,0,0
1463,0,0,0,0,0,0,0,0,0
1464,0.0011262,6.92258e-05,5.29839e-16,1.79592e-16,4.55642e-17,1.5475e-17,2.295e-19,1.55255e-22,0.00119543
1465,0,0,0,0,0,0,0,0,0
1466,9.40283e-05,1.26295e-06,6.7155e-12,1.97691e-12,3.41318e-13,3.94231e-14,1.9605e-16,8.77009e-20,9.52913e-05
1467,0.0090808,0.00132965,1.72673e-05,8.21758e-06,2.12661e-06,1.14855e-06,1.58934e-08,2.16834e-11,0.0104392
1468,8.24419e-05,2.06422e-06,3.67793e-08,1.23832e-08,1.70211e-09,2.20462e-10,1.53349e-12,1.75265e-15,8.45572e-05
1469,0,0,0,0,0,0,0,0,0
1470,0.00321332,0.000346407,8.69485e-11,3.09412e-11,7.95497e-12,2.9955e-12,4.54886e-14,3.39994e-17,0.00355973
1471,0.000242137,2.39269e-06,1.13012e-13,4.58008e-14,1.12957e-14,2.19252e-15,2.4518e-17,2.10009e-20,0.000244529
1472,0.00746187,0.000687932,2.05619e-07,9.45723e-08,3.09128e-08,1.22792e-08,1.75118e-10,1.46179e-13,0.00815014
1473,0,0,0,0,0,0,0,0,0
1474,0.221564,0.153775,0.0730559,0.0452481,0.0186733,0.0259839,0.000718655,1.26597e-06,0.53902
1475,0,0,0,0,0,0,0,0,0
1476,0.00369795,0.000246653,5.27401e-07,1.98073e-07,4.50019e-08,1.20588e-08,1.30048e-10,7.40193e-14,0.00394539
1477,0,0,0,0,0,0,0,0,0
1478,0,0,0,0,0,0,0,0,0
1479,4.40605e-05,9.01529e-07,9.57607e-16,2.25695e-16,1.76963e-17,1.19862e-19,5.77535e-21,3.97394e-24,4.4962e-05
1480,0,0,0,0,0,0,0,0,0
1481,0,0,0,0,0,0,0,0,0
1482,0,0,0,0,0,0,0,0,0
1483,0.187018,0.103114,0.0393254,0.0241798,0.0110431,0.0100426,0.000149792,1.35434e-07,0.374873
1484,0,0,0,0,0,0,0,0,0
1485,0,0,0,0,0,0,0,0,0
1486,4.62887e-06,1.25422e-08,4.24735e-27,9.9281e-28,1.36536e-28,1.27916e-29,7.35558e-32,3.52585e-35,4.64142e-06
1487,4.11062e-05,5.48026e-07,4.44864e-14,9.48646e-15,1.11978e-15,6.79671e-17,3.90882e-19,1.70908e-22,4.16543e-05
1488,0.00183078,3.06826e-05,8.57527e-11,4.04088e-11,1.47383e-11,5.41856e-12,1.01559e-13,8.5714e-17,0.00186146
1489,0.00128843,7.59495e-07,2.10699e-07,9.32396e-08,2.7886e-08,1.36787e-08,2.50042e-10,2.54971e-13,0.00128954
1490,3.48817e-05,3.1841e-07,2.8378e-32,7.46464e-33,1.26914e-33,1.77614e-34,1.56244e-36,7.66809e-40,3.52001e-05
1491,0.0516017,0.0201554,0.000199963,0.000111842,4.0247e-05,1.8821e-05,4.50244e-07,6.83856e-10,0.0721284
1492,0,0,0,0,0,0,0,0,0
1493,0,0,0,0,0,0,0,0,0
1494,0,0,0,0,0,0,0,0,0
1495,0.0396671,0.0108836,4.28351e-07,2.37148e-07,8.8451e-08,5.0425e-08,9.18929e-10,1.05436e-12,0.0505515
1496,0,0,0,0,0,0,0,0,0
1497,0.020663,0.00795223,1.67992e-05,8.34792e-06,2.19774e-06,5.33593e-07,8.94295e-09,1.41647e-11,0.0286431
1498,0,0,0,0,0,0,0,0,0
1499,0.0389293,0.0068719,1.47639e-06,7.03373e-07,1.53048e-07,2.26501e-08,1.16274e-10,9.06927e-14,0.0458035
1500,3.31109e-05,7.29087e-08,9.80915e-10,2.03185e-10,2.16252e-11,2.02043e-12,1.01252e-14,4.40904e-18,3.3185e-05
1501,0.000287764,6.61545e-06,4.63585e-14,1.56919e-14,2.99732e-15,6.17509e-16,5.17397e-18,3.48642e-21,0.000294379
1502,0.00404279,0.000291688,6.91593e-10,2.66713e-10,6.97325e-11,2.85024e-11,4.16359e-13,3.3003e-16,0.00433448
1503,2.46196e-05,1.60107e-07,5.35856e-13,1.23644e-13,1.75507e-14,2.86267e-15,1.98727e-17,8.2144e-21,2.47797e-05
1504,0,0,0,0,0,0,0,0,0
1505,0.00326154,0.000286023,1.48164e-10,6.06881e-11,1.56037e-11,5.8748e-12,4.03805e-14,2.00589e-17,0.00354756
1506,0.000243264,1.44718e-05,1.75968e-14,4.11172e-15,6.68612e-16,1.54618e-16,1.40072e-18,5.01305e-22,0.000257736
1507,6.42452e-05,3.66842e-06,1.65711e-13,8.13551e-14,7.09508e-13,1.7871e-12,5.80522e-14,5.80523e-17,6.79136e-05
1508,6.08923e-05,7.82725e-06,1.32577e-09,1.80112e-07,1.83858e-08,1.46727e-09,4.70176e-12,4.15478e-14,6.89209e-05
1509,0.000410622,9.6296e-06,1.97952e-09,5.87914e-10,9.54151e-11,2.10204e-11,2.17542e-13,1.65452e-16,0.000420255
1510,3.14369e-07,1.29682e-09,4.14298e-19,7.0562e-20,7.62044e-21,3.95374e-22,2.19446e-24,5.59674e-28,3.15666e-07
1511,2.26458e-06,5.54337e-09,4.06371e-31,8.16517e-32,9.75411e-33,1.02797e-33,5.75701e-36,2.02024e-39,2.27013e-06
1512,0.00407571,0.000162199,8.95594e-06,4.49853e-06,1.24354e-06,3.41285e-07,1.72972e-09,7.91242e-13,0.00425295
1513,0.00054463,1.48105e-05,4.04307e-13,1.47078e-13,3.56796e-14,1.12749e-14,1.24567e-16,7.77843e-20,0.00055944
1514,0.00781704,0.00202065,6.8574e-08,2.3078e-08,6.60748e-09,3.00341e-09,4.9858e-11,2.4954e-14,0.00983779
1515,0.00276558,0.000125424,2.25643e-11,5.21151e-12,4.51497e-13,2.90293e-14,1.03179e-16,6.39468e-20,0.002891
1516,0,0,0,0,0,0,0,0,0
1517,4.69266e-07,8.32732e-11,1.83379e-35,3.70395e-36,4.77804e-37,5.2442e-38,3.33883e-40,1.09844e-43,4.69349e-07
1518,0,0,0,0,0,0,0,0,0
1519,0.000439395,2.90986e-06,1.48201e-15,5.69422e-16,1.64255e-16,6.11011e-17,8.77662e-19,5.68567e-22,0.000442305
1520,0.0109141,0.00124572,1.69149e-10,8.44602e-11,3.04719e-11,1.85317e-11,3.54801e-13,3.30738e-16,0.0121598
1521,0,0,0,0,0,0,0,0,0
1522,0,0,0,0,0,0,0,0,0
1523,0,0,0,0,0,0,0,0,0
1524,0,0,0,0,0,0,0,0,0
1525,0,0,0,0,0,0,0,0,0
1526,0.000113335,2.40616e-06,1.69802e-16,4.62004e-17,7.76889e-18,1.47119e-18,1.10684e-20,5.00202e-24,0.000115741
1527,0.0693459,0.0382009,0.011269,0.00559886,0.00195331,0.00112128,1.28954e-05,8.40389e-09,0.127502
1528,1.17677e-06,8.71707e-09,1.52498e-20,1.93057e-21,1.35023e-22,6.49591e-24,1.94864e-26,3.6251e-30,1.18548e-06
1529,0,0,0,0,0,0,0,0,0
1530,1.83731e-05,3.41777e-07,3.96063e-14,9.74295e-15,6.10143e-16,1.60533e-17,1.13976e-20,1.26064e-23,1.87149e-05
1531,0,0,0,0,0,0,0,0,0
1532,0,0,0,0,0,0,0,0,0
1533,0.000638015,4.51316e-05,1.03063e-08,3.57088e-09,5.35112e-10,9.18141e-11,6.61686e-13,5.9976e-16,0.000683161
1534,8.42084e-06,3.3332e-09,1.05374e-15,2.21119e-16,2.21345e-17,1.39316e-18,5.52157e-21,1.82396e-24,8.42417e-06
1535,0,0,0,0,0,0,0,0,0
1536,0.00227564,7.0469e-05,2.77897e-09,1.29897e-09,4.14737e-10,2.18175e-10,3.98374e-12,3.66769e-15,0.00234612
1537,0,0,0,0,0,0,0,0,0
1538,0,0,0,0,0,0,0,0,0
1539,0.127142,0.0523136,0.000150643,9.54267e-05,4.10273e-05,4.30956e-05,1.19622e-06,1.75772e-09,0.179787
1540,0,0,0,0,0,0,0,0,0
1541,8.88006e-07,6.39191e-07,1.29858e-12,2.26e-13,2.39247e-14,1.77478e-15,5.95868e-18,8.50677e-22,1.5272e-06
1542,0.0623864,0.0186495,0.00106029,0.000619318,0.000269127,0.000133283,2.63995e-06,2.45076e-09,0.0831206
1543,1.97816e-05,1.8493e-07,2.16039e-13,4.8044e-14,5.86214e-15,6.59876e-16,3.82899e-18,1.51087e-21,1.99666e-05
1544,0,0,0,0,0,0,0,0,0
1545,0.000554266,2.72953e-05,5.96774e-09,9.16794e-10,9.72661e-11,8.12514e-12,4.68819e-14,1.23771e-17,0.000581568
1546,0,0,0,0,0,0,0,0,0
1547,0.000661287,1.71693e-05,3.54816e-10,1.31382e-10,3.04478e-11,1.72863e-11,2.0205e-13,1.35258e-16,0.000678457
1548,0.0794394,0.048596,0.0160974,0.00724273,0.00276825,0.00256544,5.46501e-05,3.57432e-08,0.156764
1549,0.024935,0.00828246,1.58542e-05,7.04959e-06,2.29091e-06,1.21517e-06,2.0654e-08,1.5116e-11,0.0332439
1550,6.81652e-05,5.08102e-06,1.55034e-14,2.01571e-13,5.8785e-13,1.07399e-12,3.27104e-14,2.38754e-17,7.32463e-05
1551,0,0,0,0,0,0,0,0,0
1552,0.0144853,0.00170081,7.42423e-09,3.53132e-09,1.57613e-09,1.08198e-09,3.13782e-11,2.21406e-14,0.0161861
1553,0.0121315,0.00354213,1.85042e-08,6.89095e-09,1.50053e-09,2.20066e-09,3.42976e-11,3.03344e-14,0.0156736
1554,1.15363e-05,7.98047e-09,7.69833e-15,1.72224e-15,2.54549e-16,5.80002e-17,3.85239e-19,1.15105e-22,1.15443e-05
1555,0.000289275,7.02308e-06,9.67685e-10,2.76534e-10,4.1499e-11,6.91668e-12,4.5447e-14,2.33385e-17,0.0002963
1556,1.19778e-06,4.20066e-09,3.76399e-17,5.76097e-18,4.63861e-19,2.57798e-20,7.86775e-23,1.74698e-26,1.20198e-06
1557,0.0855274,0.0425186,0.0038959,0.00146812,0.000462099,0.000213935,3.27628e-06,2.05837e-09,0.134089
1558,4.08859e-06,1.8817e-07,1.97078e-15,4.30544e-16,3.89238e-17,2.191e-18,7.50962e-21,3.21345e-24,4.27677e-06
1559,0,0,0,0,0,0,0,0,0
1560,0.000362341,1.63949e-05,2.81358e-11,5.44763e-12,4.50555e-13,3.8825e-14,1.28984e-16,4.65198e-20,0.000378736
1561,0,0,0,0,0,0,0,0,0
1562,5.96428e-06,3.25046e-07,9.37949e-18,5.89216e-19,3.08421e-20,2.05964e-21,4.29519e-24,9.57735e-28,6.28933e-06
1563,0.000798757,2.94647e-05,8.63049e-15,3.57326e-15,8.24349e-16,1.45876e-16,1.2311e-18,8.3114e-22,0.000828222
1564,0.00635984,0.000944223,5.67916e-07,2.46516e-07,6.19925e-08,2.09083e-08,2.71978e-10,2.34406e-13,0.00730496
1565,0.000130463,0.000216841,1.56288e-07,7.61289e-08,2.34607e-08,1.30025e-08,2.13448e-10,1.98662e-13,0.000347573
1566,0.00141987,2.4597e-05,9.40432e-12,3.63789e-12,1.10572e-12,4.31734e-13,5.52468e-15,2.50901e-18,0.00144446
1567,0.0184028,0.00300485,1.45859e-08,6.66585e-09,2.64004e-09,2.1985e-09,5.36433e-11,3.65526e-14,0.0214077
1568,0.15896,0.0990251,0.0397531,0.0226908,0.0100268,0.00747438,0.000160086,1.35953e-07,0.33809
1569,0.00147531,0.000119185,3.07838e-08,1.28962e-08,1.77769e-09,1.95539e-10,7.29217e-13,7.53992e-16,0.00159454
1570,0.146713,0.0707002,0.00215788,0.00131601,0.000592641,0.000554258,1.44683e-05,1.58963e-08,0.222048
1571,0,0,0,0,0,0,0,0,0
1572,0,0,0,0,0,0,0,0,0
1573,0,0,0,0,0,0,0,0,0
1574,3.73633e-05,8.84731e-07,8.66305e-19,1.63306e-19,2.02415e-20,2.8007e-21,1.18482e-23,1.7915e-27,3.82481e-05
1575,0,0,0,0,0,0,0,0,0
1576,0,0,0,0,0,0,0,0,0
1577,0.0274629,0.00844484,5.23672e-06,2.68579e-06,7.60027e-07,4.19832e-07,5.19511e-09,5.04725e-12,0.0359169
1578,2.693e-07,4.48487e-08,6.34417e-10,2.99206e-10,7.95196e-11,8.98162e-12,8.24812e-14,5.33709e-17,3.15171e-07
1579,0.000485479,3.13883e-05,6.15334e-13,1.27315e-13,9.46636e-15,4.85505e-15,3.31421e-17,2.42473e-20,0.000516868
1580,0.000336982,3.21858e-05,9.78352e-07,4.17923e-07,1.02228e-07,5.15935e-08,5.54626e-10,4.09704e-13,0.000370718
1581,0,0,0,0,0,0,0,0,0
1582,2.85779e-06,1.37154e-06,2.64613e-12,8.52642e-13,1.2315e-13,2.93804e-14,2.00811e-16,1.42789e-19,4.22934e-06
1583,2.33423e-06,3.90989e-09,2.63268e-24,5.00027e-25,7.83297e-26,1.09605e-26,7.88545e-29,1.4883e-32,2.33814e-06
1584,0.00737603,0.00136638,1.67252e-07,6.59371e-08,1.78857e-08,9.04004e-09,1.44072e-10,9.62652e-14,0.00874267
1585,0.0034532,0.000443603,1.63567e-09,5.91654e-10,1.23935e-10,7.27396e-11,7.68978e-13,4.92992e-16,0.00389681
1586,0,0,0,0,0,0,0,0,0
1587,0,0,0,0,0,0,0,0,0
1588,0.0168682,0.00275888,2.08791e-05,9.84136e-06,3.52509e-06,2.03156e-06,3.06368e-08,1.79366e-11,0.0196634
1589,0,0,0,0,0,0,0,0,0
1590,0.000397836,1.06597e-05,2.07122e-12,6.5958e-13,1.37736e-13,3.85571e-14,3.8237e-16,1.7372e-19,0.000408496
1591,0.000112686,4.86048e-06,3.65885e-07,4.91444e-08,6.52454e-09,1.12037e-09,7.76222e-12,9.34354e-18,0.000117969
1592,0.000944764,0.000117341,2.7532e-11,6.56074e-12,1.29764e-12,4.33069e-13,4.34202e-15,1.02993e-18,0.00106211
1593,0,0,0,0,0,0,0,0,0
1594,0.00065207,3.40301e-05,1.66019e-12,4.64793e-13,9.9241e-14,2.86979e-14,2.96171e-16,7.59721e-20,0.0006861
1595,3.2461e-05,5.61068e-07,1.70035e-14,3.92675e-15,4.42746e-16,3.79565e-17,1.34639e-19,4.53899e-23,3.30221e-05
1596,6.7633e-05,1.07855e-06,5.27143e-19,1.22395e-19,9.18734e-21,4.04957e-22,6.01563e-25,3.09646e-28,6.87115e-05
1597,0.00024597,1.00604e-05,1.49936e-18,4.52362e-19,6.91981e-20,6.32581e-21,2.38759e-23,1.21738e-26,0.00025603
1598,0,0,0,0,0,0,0,0,0
1599,0,0,0,0,0,0,0,0,0
1600,0.168689,0.110015,0.0462141,0.0275133,0.0103696,0.01107,0.000202377,2.09205e-07,0.374073
1601,0.00535694,0.000931958,1.01332e-06,4.35212e-07,8.81612e-08,2.29586e-08,1.89777e-10,1.55055e-13,0.00629045
1602,1.10902e-05,1.68827e-07,1.17995e-20,2.1193e-21,1.50749e-22,7.42913e-24,1.14065e-27,3.19442e-31,1.1259e-05
1603,0,0,0,0,0,0,0,0,0
1604,0.0976177,0.0631127,0.0228866,0.011695,0.00384218,0.00405335,6.8399e-05,5.88719e-08,0.203276
1605,0.00124994,3.75048e-05,1.87656e-10,7.97638e-11,2.0136e-11,6.44831e-12,6.4254e-14,3.95901e-17,0.00128745
1606,5.73822e-05,9.9852e-08,4.60973e-15,1.58823e-15,2.3008e-16,2.1938e-17,4.53446e-20,1.38808e-23,5.74821e-05
1607,0.00092797,4.03949e-05,2.63459e-15,9.80244e-16,1.97707e-16,5.64846e-17,5.60205e-19,3.71336e-22,0.000968364
1608,9.15969e-05,5.09117e-07,8.4939e-13,2.31014e-13,3.60321e-14,4.32468e-15,2.5322e-17,9.35947e-21,9.2106e-05
1609,0.00729258,0.00220601,1.36617e-05,5.79397e-06,9.98048e-07,1.76288e-07,4.93649e-10,4.22653e-13,0.00951921
1610,0,0,0,0,0,0,0,0,0
1611,0,0,0,0,0,0,0,0,0
1612,0.00441531,0.00122534,6.36893e-06,1.84966e-06,2.80254e-07,7.18808e-08,4.41221e-10,1.87883e-13,0.00564922
1613,0,0,0,0,0,0,0,0,0
1614,0.000653936,0.000135673,9.31441e-11,1.6845e-11,2.43209e-12,5.03923e-13,2.78122e-15,2.68252e-19,0.000789609
1615,0,0,0,0,0,0,0,0,0
1616,0.000344822,1.32529e-05,5.11023e-16,1.35487e-16,1.94573e-17,3.60158e-18,2.37574e-20,9.70106e-24,0.000358075
1617,0.000111591,4.11907e-07,1.40582e-09,4.51299e-10,9.50725e-11,2.66733e-11,2.59614e-13,1.08832e-16,0.000112005
1618,0,0,0,0,0,0,0,0,0
1619,0.0118407,0.00241346,2.80628e-07,1.07638e-07,3.57081e-08,2.0652e-08,3.51834e-10,1.42781e-13,0.0142546
1620,0.0428287,0.021351,0.000636849,0.000313689,8.92935e-05,4.43043e-05,6.51285e-07,5.91884e-10,0.0652645
1621,2.48406e-06,7.43096e-10,4.86452e-23,9.97379e-24,1.62717e-24,2.86524e-25,2.18108e-27,4.19207e-31,2.4848e-06
1622,0.0488722,0.0165989,0.000101273,4.57422e-05,1.92096e-05,1.61192e-05,3.47095e-07,1.56934e-10,0.0656538
1623,0.0209092,0.00901426,0.000201542,9.47043e-05,2.07978e-05,6.40307e-06,3.9766e-08,2.71948e-11,0.0302469
1624,0.0885542,0.0470528,0.0141464,0.00622219,0.00223092,0.00198402,3.53504e-05,1.72634e-08,0.160226
1625,0,0,0,0,0,0,0,0,0
1626,0.000226809,6.67984e-06,7.22583e-13,2.24977e-13,3.01285e-14,7.21124e-15,3.91654e-17,2.32143e-20,0.000233489
1627,4.33695e-05,3.4717e-09,9.73963e-10,2.63606e-10,3.07498e-11,3.02817e-12,1.53251e-14,7.81054e-18,4.33743e-05
1628,0,0,0,0,0,0,0,0,0
1629,0,0,0,0,0,0,0,0,0
1630,0,0,0,0,0,0,0,0,0
1631,0.0139203,0.00289701,1.15366e-07,4.88141e-08,1.57929e-08,8.66039e-09,1.20752e-10,5.5594e-14,0.0168175
1632,0.00966202,0.000780374,3.83587e-11,1.91502e-11,6.5229e-12,4.41484e-12,6.70905e-14,4.45782e-17,0.0104424
1633,1.28024e-05,6.48739e-08,2.29154e-26,5.19342e-27,8.1375e-28,1.38682e-28,9.94955e-31,2.44386e-34,1.28673e-05
1634,0,0,0,0,0,0,0,0,0
1635,3.06666e-06,1.37752e-08,1.03213e-11,1.7919e-12,1.19743e-13,2.28297e-15,3.77561e-20,7.89369e-24,3.08045e-06
1636,0.000111568,1.22028e-06,4.97434e-16,1.59206e-16,3.59238e-17,4.69789e-18,2.448e-20,5.17259e-24,0.000112788
1637,3.04038e-06,4.67854e-10,1.03645e-27,2.66285e-28,4.15899e-29,7.53653e-30,6.0198e-32,2.11596e-35,3.04085e-06
1638,0.00132458,0.000118273,4.34121e-10,1.53215e-10,2.57984e-11,3.21831e-12,8.2861e-15,4.49553e-18,0.00144286
1639,0.0593236,0.0180226,2.98726e-05,1.57057e-05,6.7948e-06,5.10142e-06,8.839e-08,4.68103e-11,0.0774037
1640,0,0,0,0,0,0,0,0,0
1641,0.0190699,0.00528422,1.54205e-06,6.29101e-07,1.67569e-07,2.19141e-07,2.27474e-09,1.09295e-12,0.0243567
1642,0.0167963,0.00926826,0.00184622,0.000547639,0.000149834,5.82189e-05,6.89905e-07,1.16328e-10,0.0286672
1643,0.00214703,0.000166349,6.10777e-08,2.55962e-08,5.0877e-09,1.7663e-09,1.35546e-11,9.27491e-15,0.00231347
1644,1.14825e-05,7.72517e-08,3.37305e-15,7.1434e-16,8.25402e-17,8.22476e-18,3.34828e-20,7.29801e-24,1.15597e-05
1645,0,0,0,0,0,0,0,0,0
1646,1.12643e-06,1.61578e-08,1.87112e-25,1.87137e-26,1.15804e-27,3.74775e-29,7.96792e-32,5.876e-36,1.14259e-06
1647,0.000280059,0.000118709,2.1859e-09,1.27657e-09,2.1468e-10,2.93456e-11,2.18855e-13,2.72713e-16,0.000398771
1648,0,0,0,0,0,0,0,0,0
1649,0.0996595,0.0409747,9.53446e-05,5.45763e-05,2.16403e-05,2.21277e-05,4.12229e-07,3.19374e-10,0.140828
1650,0,0,0,0,0,0,0,0,0
1651,0,0,0,0,0,0,0,0,0
1652,0.142958,0.060678,0.00408985,0.00169922,0.00042397,0.00011315,1.24115e-06,6.81727e-10,0.209963
1653,0,0,0,0,0,0,0,0,0
1654,0.000334683,7.50192e-06,6.79954e-18,1.13926e-18,8.84872e-20,4.73965e-21,1.19077e-23,4.53105e-27,0.000342185
1655,0.000390842,1.32471e-05,4.58187e-16,1.63544e-16,2.76031e-17,6.42514e-18,3.13154e-20,1.39505e-23,0.00040409
1656,0.00362266,0.000141175,0.00583374,0.0028332,0.000729001,0.000557598,8.29992e-06,7.7841e-09,0.0137257
1657,0.0044855,0.000388779,2.53987e-11,1.06507e-11,3.1071e-12,1.69931e-12,2.18704e-14,1.06724e-17,0.00487428
1658,0,0,0,0,0,0,0,0,0
1659,0.000867958,0.000268434,9.45144e-06,4.6074e-06,1.61037e-06,7.78845e-07,1.63298e-08,1.13378e-11,0.00115286
1660,0,0,0,0,0,0,0,0,0
1661,0,0,0,0,0,0,0,0,0
1662,0.00503507,0.000468226,1.60411e-05,7.64286e-06,1.75096e-06,4.69893e-07,3.69847e-09,2.57881e-12,0.0055292
1663,0,0,0,0,0,0,0,0,0
1664,0,0,0,0,0,0,0,0,0
1665,3.04048e-05,2.96702e-07,3.98583e-19,8.60013e-20,1.32953e-20,2.12387e-21,1.23934e-23,2.03383e-27,3.07015e-05
1666,0.0539094,0.0280358,0.00725734,0.00274297,0.000877105,0.00057079,9.42912e-06,3.04892e-09,0.0934028
1667,0.00457211,0.000557538,0.000656434,0.000265116,5.62271e-05,1.56614e-05,1.5628e-07,9.79743e-11,0.00612324
1668,0.00635621,0.000163235,0.000138819,6.8408e-05,1.9806e-05,1.31362e-05,1.55297e-07,1.0316e-10,0.00675977
1669,5.23698e-05,4.48319e-07,8.7953e-15,2.52614e-15,3.98126e-16,8.36699e-17,4.59192e-19,1.47201e-22,5.28181e-05
1670,1.07307e-06,6.38493e-09,6.72696e-19,9.1586e-20,2.20924e-21,3.46697e-24,5.04247e-25,1.49416e-28,1.07946e-06
1671,0,0,0,0,0,0,0,0,0
1672,0,0,0,0,0,0,0,0,0
1673,0,0,0,0,0,0,0,0,0
1674,7.03756e-05,5.25575e-07,7.6872e-18,1.59438e-18,2.76873e-19,1.08436e-19,9.04511e-22,1.51183e-25,7.09012e-05
1675,0,0,0,0,0,0,0,0,0
1676,2.12567e-05,2.16659e-07,1.37163e-25,2.99794e-26,4.19814e-27,6.79818e-28,3.75119e-30,7.715e-34,2.14734e-05
1677,3.29235e-06,1.94107e-08,5.78385e-14,7.27689e-15,5.84196e-16,3.96236e-17,1.00149e-19,7.96937e-24,3.31176e-06
1678,0.127901,0.0590049,0.00218962,0.00124359,0.00053815,0.000557028,1.10192e-05,6.96659e-09,0.191445
1679,2.84412e-06,1.22771e-07,3.12124e-19,1.69776e-20,1.31869e-21,2.63325e-21,2.53834e-23,3.45832e-27,2.96689e-06
1680,0.00388121,0.000241038,4.56583e-08,2.06498e-08,5.08583e-09,2.85175e-09,3.36912e-11,2.34439e-14,0.00412232
1681,0,0,0,0,0,0,0,0,0
1682,1.6832e-06,3.28779e-09,1.31784e-27,2.27351e-28,1.34236e-29,3.81799e-31,1.0737e-34,2.45833e-38,1.68649e-06
1683,0,0,0,0,0,0,0,0,0
1684,0.0140138,0.00337319,5.38259e-08,2.15312e-08,6.17432e-09,3.92892e-09,5.13426e-11,2.12096e-14,0.0173871
1685,0.0260985,0.00510836,9.61614e-08,4.82136e-08,1.78574e-08,1.10128e-08,1.40405e-10,6.23909e-14,0.031207
1686,0,0,0,0,0,0,0,0,0
1687,0,0,0,0,0,0,0,0,0
1688,0.000655833,4.1139e-05,5.29436e-11,1.36353e-11,2.70404e-12,9.24455e-13,8.6765e-15,1.95336e-18,0.000696972
1689,0.00735362,0.000891513,5.33677e-11,2.49843e-11,6.8644e-12,1.9948e-12,1.81507e-14,9.80396e-18,0.00824514
1690,0.00566108,0.000665548,2.19773e-08,9.23881e-09,2.45342e-09,1.23712e-09,1.47129e-11,7.39675e-15,0.00632666
1691,0.0405635,0.0106836,7.12264e-08,3.81826e-08,1.40997e-08,9.20179e-09,1.4968e-10,9.19667e-14,0.0512473
1692,0.000696714,2.19746e-05,2.81291e-12,9.87008e-13,2.23938e-13,8.53924e-14,7.51123e-16,2.66668e-19,0.000718689
1693,3.63807e-06,6.59021e-09,2.68514e-23,6.509e-24,6.05327e-25,3.97758e-26,1.66739e-29,4.47169e-33,3.64466e-06
1694,0,0,0,0,0,0,0,0,0
1695,0,0,0,0,0,0,0,0,0
1696,0,0,0,0,0,0,0,0,0
1697,0,0,0,0,0,0,0,0,0
1698,0,0,0,0,0,0,0,0,0
1699,2.93661e-06,1.77209e-08,3.0676e-17,5.05756e-18,3.97016e-19,3.79994e-20,1.07851e-22,1.90991e-26,2.95433e-06
1700,0.107875,0.0422371,0.00117123,0.000687865,0.000280252,0.000229109,2.2915e-06,9.91404e-10,0.152483
1701,1.41169e-05,1.0815e-07,4.85608e-19,8.75159e-20,1.21864e-20,1.70344e-21,7.65501e-24,6.61436e-28,1.42251e-05
1702,0.000475591,1.78849e-05,1.65279e-14,4.30988e-15,1.05021e-15,4.55092e-16,5.7088e-18,9.85409e-22,0.000493476
1703,0.0125717,0.00204721,4.67732e-06,2.07798e-06,5.0209e-07,2.2826e-07,2.22189e-09,1.25303e-12,0.0146264
1704,0.000982811,3.81284e-05,6.34364e-18,2.23401e-18,5.13519e-19,2.17312e-19,2.03709e-21,7.20529e-25,0.00102094
1705,0,0,0,0,0,0,0,0,0
1706,0.000376643,5.7658e-05,1.5548e-09,3.17824e-10,3.97225e-11,4.19551e-12,2.10573e-14,2.73533e-18,0.000434303
1707,0,0,0,0,0,0,0,0,0
1708,0.193499,0.107191,0.0409619,0.0256952,0.0109705,0.00831875,9.35119e-05,4.73446e-08,0.38673
1709,1.5e-05,5.55864e-08,9.17736e-15,2.42225e-15,3.49794e-16,5.61258e-17,3.00173e-19,8.21669e-23,1.50556e-05
1710,0.0149006,0.00268214,1.2858e-09,5.52977e-10,1.82124e-10,1.13941e-10,1.77222e-12,7.38684e-16,0.0175827
1711,5.45057e-06,2.51504e-07,1.96762e-18,1.21619e-21,8.00037e-23,5.02745e-24,9.89675e-27,5.49535e-27,5.70207e-06
1712,0,0,0,0,0,0,0,0,0
1713,0,0,0,0,0,0,0,0,0
1714,0.028055,0.0112522,1.33564e-05,6.66671e-06,1.56492e-06,6.30972e-07,4.76029e-09,3.14032e-12,0.0393294
1715,0,0,0,0,0,0,0,0,0
1716,0,0,0,0,0,0,0,0,0
1717,0,0,0,0,0,0,0,0,0
1718,3.48702e-05,3.10604e-05,2.20845e-09,9.23445e-10,2.28983e-10,8.10529e-11,6.58304e-13,2.63556e-16,6.59341e-05
1719,0,0,0,0,0,0,0,0,0
1720,3.09526e-06,1.4474e-08,2.77416e-18,3.52161e-19,3.93544e-20,2.59339e-21,5.58667e-24,7.62717e-29,3.10973e-06
1721,0.0307959,0.00573364,1.58223e-07,7.7899e-08,3.41277e-08,2.97198e-08,6.69209e-10,2.92015e-13,0.0365299
1722,0.0214909,0.0130646,0.00302264,0.000971823,0.000253101,0.000140325,1.90796e-06,4.78255e-10,0.0389452
1723,0,0,0,0,0,0,0,0,0
1724,0.0011997,9.63434e-05,1.90054e-13,6.52007e-14,1.36195e-14,2.79072e-15,1.77959e-17,5.01936e-21,0.00129604
1725,0.00261345,0.000163825,1.46213e-08,6.09671e-09,1.4641e-09,6.57108e-10,5.86733e-12,2.59491e-15,0.00277729
1726,0.00517698,0.000708078,8.61149e-09,3.42512e-09,8.33753e-10,4.02158e-10,4.20649e-12,1.8173e-15,0.00588507
1727,0.00102867,2.97923e-05,3.04643e-10,1.17091e-10,3.19977e-11,1.23949e-11,1.12052e-13,3.67091e-17,0.00105846
1728,0,0,0,0,0,0,0,0,0
1729,0.00171801,0.000118942,1.79535e-14,6.22179e-15,1.25407e-15,2.81034e-16,1.52604e-18,4.18402e-22,0.00183695
1730,0,0,0,0,0,0,0,0,0
1731,0,0,0,0,0,0,0,0,0
1732,0,0,0,0,0,0,0,0,0
1733,0,0,0,0,0,0,0,0,0
1734,0,0,0,0,0,0,0,0,0
1735,5.14811e-05,2.13915e-06,9.62549e-17,1.97929e-17,1.49558e-18,4.83084e-20,3.29029e-24,6.48004e-28,5.36202e-05
1736,1.18929e-06,6.25566e-09,3.9701e-33,6.28692e-34,4.42568e-35,1.85626e-36,3.33809e-39,4.32498e-43,1.19555e-06
1737,5.95633e-06,9.06895e-09,3.2939e-23,7.7303e-24,1.11871e-24,2.00312e-25,1.03154e-27,1.95039e-31,5.9654e-06
1738,0,0,0,0,0,0,0,0,0
1739,0.0373285,0.00991817,6.05215e-08,3.14691e-08,1.10761e-08,7.77896e-09,1.2606e-10,6.95321e-14,0.0472468
1740,0.0354388,0.00605202,9.86279e-06,5.02589e-06,1.8859e-06,1.52382e-06,2.42108e-08,1.11907e-11,0.0415092
1741,0,0,0,0,0,0,0,0,0
1742,3.19837e-05,4.00729e-07,2.75604e-16,6.28647e-17,8.34002e-18,1.13443e-18,4.78986e-21,8.40277e-25,3.23845e-05
1743,0.170415,0.108827,0.0448776,0.0273545,0.01072,0.00697978,0.000107881,6.78548e-08,0.369282
1744,0.000483497,1.61262e-06,5.26039e-08,2.22608e-08,4.3578e-09,1.07395e-09,6.18964e-12,2.95909e-15,0.00048519
1745,0.0191135,0.00156028,2.356e-05,1.32001e-05,4.70731e-06,2.83577e-06,3.24308e-08,1.60125e-11,0.0207181
1746,0.000233454,1.52686e-05,1.33152e-13,2.81959e-14,4.08478e-15,1.07312e-15,5.51474e-18,7.67993e-22,0.000248723
1747,0.00882776,0.00141238,2.18679e-05,9.95465e-06,2.61473e-06,6.60364e-07,5.26301e-09,2.16368e-12,0.0102752
1748,0.000801126,3.32825e-05,1.81343e-14,5.32099e-15,1.43802e-15,6.96791e-16,6.95716e-18,1.11715e-21,0.000834409
1749,1.49492e-05,2.13989e-07,8.17694e-21,1.55946e-21,1.36687e-22,2.05571e-23,5.48963e-26,1.03402e-29,1.51632e-05
1750,0,0,0,0,0,0,0,0,0
1751,0,0,0,0,0,0,0,0,0
1752,0.000924858,3.96713e-05,2.60907e-06,7.86932e-07,1.41998e-07,3.75797e-08,2.08696e-10,4.73542e-14,0.000968105
1753,0.000158631,4.43764e-06,7.71833e-22,2.25286e-22,3.52352e-23,5.81013e-24,3.01547e-26,8.04204e-30,0.000163068
1754,0.00573342,0.000576925,1.43063e-08,4.75344e-09,8.45476e-10,7.27285e-10,5.36991e-12,1.92686e-15,0.00631036
1755,3.34164e-06,3.26164e-08,2.47748e-18,5.09973e-19,8.20228e-20,1.52449e-20,8.42232e-23,8.62759e-27,3.37425e-06
1756,0.000733655,3.29871e-05,5.22527e-15,1.68336e-15,3.8211e-16,9.23944e-17,6.3554e-19,1.28206e-22,0.000766642
1757,0.145704,0.0892251,0.0342484,0.0180748,0.00703221,0.0084014,0.000135282,6.20858e-08,0.302821
1758,2.32079e-05,1.32951e-07,2.86553e-18,6.992e-19,9.66274e-20,1.70393e-20,8.04536e-23,1.62815e-26,2.33409e-05
1759,0,0,0,0,0,0,0,0,0
1760,0.000428948,1.25817e-05,1.19511e-11,2.95226e-12,3.99873e-13,7.50683e-14,3.37182e-16,6.68606e-20,0.00044153
1761,0,0,0,0,0,0,0,0,0
1762,0.00507041,0.000363431,9.71691e-10,4.12197e-10,1.20631e-10,6.99841e-11,7.83331e-13,2.72191e-16,0.00543384
1763,0,0,0,0,0,0,0,0,0
1764,0,0,0,0,0,0,0,0,0
1765,0.00126965,4.77045e-05,5.78282e-13,1.95043e-13,3.6195e-14,1.28561e-16,1.45891e-16,1.14388e-19,0.00131736
1766,0,0,0,0,0,0,0,0,0
1767,1.54364e-06,5.4243e-09,1.28526e-29,2.08609e-30,2.01072e-31,1.76213e-32,5.79003e-35,6.47101e-39,1.54907e-06
1768,0,0,0,0,0,0,0,0,0
1769,0,0,0,0,0,0,0,0,0
1770,0.00175225,0.000227119,1.32132e-10,4.13781e-11,7.5087e-12,2.76316e-12,1.92289e-14,5.40667e-18,0.00197937
1771,0,0,0,0,0,0,0,0,0
1772,7.37211e-06,1.63183e-09,1.49674e-13,4.43387e-14,7.33106e-15,1.50314e-15,9.63273e-18,2.60411e-21,7.37374e-06
1773,0.182207,0.109085,0.043481,0.025049,0.0103983,0.0103294,0.000151067,6.77352e-08,0.380702
1774,0.0327003,0.00911441,1.24899e-05,6.2285e-06,1.89499e-06,1.15657e-06,8.60651e-09,2.96068e-12,0.0418365
1775,0,0,0,0,0,0,0,0,0
1776,0,0,0,0,0,0,0,0,0
1777,0.000448423,1.88037e-05,6.65316e-20,1.98856e-20,3.56218e-21,1.30187e-21,9.19406e-24,2.42084e-27,0.000467226
1778,0,0,0,0,0,0,0,0,0
1779,0,0,0,0,0,0,0,0,0
1780,0.000457055,1.3046e-05,1.13717e-17,3.76647e-18,7.89939e-19,2.66731e-19,1.84998e-21,4.476e-25,0.000470101
1781,0,0,0,0,0,0,0,0,0
1782,4.3844e-05,8.0275e-07,7.99965e-17,1.44418e-17,1.22875e-18,9.57971e-20,2.08403e-22,2.47842e-26,4.46467e-05
1783,0,0,0,0,0,0,0,0,0
1784,0,0,0,0,0,0,0,0,0
1785,0,0,0,0,0,0,0,0,0
1786,0,0,0,0,0,0,0,0,0
1787,0,0,0,0,0,0,0,0,0
1788,0.0210273,0.00555978,7.97307e-06,3.48163e-06,1.13037e-06,4.23087e-07,2.78449e-09,5.19885e-13,0.0266001
1789,0,0,0,0,0,0,0,0,0
1790,0.000378388,6.89403e-05,6.24464e-12,1.33567e-12,1.44284e-13,7.93722e-15,1.18937e-17,1.12558e-21,0.000447329
1791,0,0,0,0,0,0,0,0,0
1792,1.72516e-05,1.4686e-07,5.70939e-17,9.36073e-18,1.04436e-18,9.25419e-20,2.76207e-22,1.75496e-26,1.73984e-05
1793,0.00445336,0.000448857,7.53773e-08,3.20831e-08,8.17437e-09,2.76134e-09,2.14087e-11,6.81402e-15,0.00490233
1794,0,0,0,0,0,0,0,0,0
1795,0,0,0,0,0,0,0,0,0
1796,0,0,0,0,0,0,0,0,0
1797,4.86633e-07,4.24444e-08,5.18236e-18,1.04434e-18,6.04441e-20,2.43862e-21,2.47077e-24,5.88107e-28,5.29077e-07
1798,0.00116751,5.85166e-05,4.12027e-13,1.43955e-13,2.59802e-14,4.20638e-15,2.00299e-17,5.1674e-21,0.00122603
1799,0.000116961,1.87398e-06,2.62863e-08,5.39501e-09,3.1961e-10,1.7756e-11,8.7491e-14,2.07502e-17,0.000118867
1800,0,0,0,0,0,0,0,0,0
1801,0,0,0,0,0,0,0,0,0
1802,0,0,0,0,0,0,0,0,0
1803,0.00261366,0.000138624,1.33755e-14,5.37573e-15,1.65658e-15,7.43582e-16,8.75699e-18,2.28385e-21,0.00275228
1804,0.00184886,0.000212428,0.000131606,4.01285e-05,7.20452e-06,1.44761e-06,7.24751e-09,1.44142e-12,0.00224169
1805,0.0044964,0.000780413,0.000149218,3.72993e-05,9.08703e-06,4.49377e-06,3.89674e-08,1.29813e-12,0.00547695
1806,0.104107,0.0575068,0.0186697,0.00991235,0.00360022,0.00223501,2.13399e-05,6.78811e-09,0.196052
1807,6.59218e-07,2.31599e-09,1.26098e-26,1.31792e-27,1.21894e-28,7.98063e-30,2.24473e-32,7.27265e-37,6.61534e-07
1808,0,0,0,0,0,0,0,0,0
1809,0.00229363,0.000118689,1.54796e-14,6.45903e-15,1.73431e-15,8.61763e-16,9.64459e-18,3.34306e-21,0.00241232
1810,3.88869e-05,3.50219e-07,1.32492e-11,2.28582e-12,2.57968e-13,3.12459e-14,9.01331e-17,4.8692e-21,3.92372e-05
1811,0,0,0,0,0,0,0,0,0
1812,0.0249539,0.00559425,0.0012557,0.000579341,0.000183838,0.00013939,1.73278e-06,6.03606e-10,0.0327082
1813,0.000109727,1.82024e-06,1.78258e-05,2.59643e-06,3.48029e-07,5.51405e-08,1.95407e-10,2.49556e-15,0.000132373
1814,0,0,0,0,0,0,0,0,0
1815,0,0,0,0,0,0,0,0,0
1816,0,0,0,0,0,0,0,0,0
1817,0,0,0,0,0,0,0,0,0
1818,0.000181495,5.31392e-06,2.91649e-18,6.57981e-19,1.36228e-19,3.14049e-20,2.20669e-22,1.80738e-26,0.000186808
1819,0.00168554,8.92874e-05,2.71557e-07,9.71276e-08,1.95389e-08,8.17504e-09,5.92769e-11,1.7134e-14,0.00177522
1820,0.0276479,0.0158139,0.00377603,0.00143682,0.000381669,0.000131702,1.25397e-06,3.04389e-10,0.0491893
1821,0.000102301,1.18469e-06,6.96053e-14,2.12825e-14,4.0316e-15,8.33377e-16,6.51525e-18,1.5216e-21,0.000103485
1822,5.34437e-06,1.34871e-07,1.13436e-20,1.59156e-21,8.71962e-23,1.41701e-24,5.62299e-28,2.98829e-32,5.47924e-06
1823,0.00282361,0.000307216,5.24289e-06,1.56759e-06,3.79202e-07,2.50494e-07,2.47221e-09,3.95916e-13,0.00313827
1824,0,0,0,0,0,0,0,0,0
1825,1.7342e-06,9.09045e-09,1.54608e-21,2.39217e-22,1.66537e-23,9.95875e-25,1.47626e-27,1.45379e-31,1.74329e-06
1826,0.00367294,0.000467284,0.00034434,0.000114362,2.31437e-05,1.12035e-05,8.60109e-08,2.08521e-11,0.00463336
1827,0,0,0,0,0,0,0,0,0
1828,1.36247e-05,1.13406e-07,1.04974e-18,2.36153e-19,2.63353e-20,2.34501e-21,8.03328e-24,1.2881e-27,1.37381e-05
1829,0.00213431,0.000277041,9.89566e-09,2.29295e-09,4.5474e-10,1.43191e-10,8.35609e-13,8.86869e-17,0.00241136
1830,0,0,0,0,0,0,0,0,0
1831,0.00159846,0.000274014,1.3898e-09,4.54355e-10,6.87322e-11,9.70502e-12,3.45003e-14,7.81878e-18,0.00187248
1832,0,0,0,0,0,0,0,0,0
1833,0.0117391,0.00250093,1.22957e-09,4.63847e-10,1.20486e-10,7.37135e-11,5.73287e-13,1.26353e-16,0.01424
1834,6.73574e-05,7.35862e-07,2.01751e-09,5.45207e-10,7.34687e-11,9.667e-12,2.27405e-14,3.01134e-18,6.80959e-05
1835,0,0,0,0,0,0,0,0,0
1836,9.30791e-05,4.96449e-05,4.05259e-07,1.00805e-07,4.7792e-09,7.60314e-11,5.29859e-14,1.43244e-17,0.000143235
1837,0.000485036,2.77837e-05,1.8856e-12,5.37118e-13,9.15563e-14,2.14149e-14,1.14081e-16,2.01069e-20,0.00051282
1838,0,0,0,0,0,0,0,0,0
1839,1.7228e-05,2.64303e-08,2.06539e-13,5.88958e-14,7.99917e-15,8.59591e-16,1.31671e-18,1.33169e-22,1.72545e-05
1840,0.00467749,0.000476405,7.7564e-06,2.73222e-06,6.86638e-07,5.12216e-07,5.19105e-09,1.16886e-12,0.00516559
1841,0,0,0,0,0,0,0,0,0
1842,8.80399e-05,3.69079e-06,7.10316e-18,1.64098e-18,1.81965e-19,1.76366e-20,5.16805e-23,8.18259e-27,9.17307e-05
1843,1.39548e-06,4.12e-09,1.12314e-32,1.87018e-33,1.695e-34,1.26467e-35,3.04969e-38,2.99346e-42,1.3996e-06
1844,0.00022106,6.58791e-06,1.73212e-14,4.80502e-15,7.74993e-16,2.14909e-16,1.27566e-18,2.49218e-22,0.000227648
1845,0,0,0,0,0,0,0,0,0
1846,0,0,0,0,0,0,0,0,0
1847,3.913e-05,4.59912e-07,1.23237e-11,2.75028e-12,3.67453e-13,6.52351e-14,2.35233e-16,2.58287e-20,3.959e-05
1848,0,0,0,0,0,0,0,0,0
1849,0,0,0,0,0,0,0,0,0
1850,0,0,0,0,0,0,0,0,0
1851,0,0,0,0,0,0,0,0,0
1852,0.067882,0.024785,0.00011463,5.89013e-05,2.03205e-05,2.51213e-05,3.59319e-07,1.39188e-10,0.0928863
1853,4.39257e-06,3.93434e-07,3.15744e-15,5.72626e-16,2.9796e-17,7.68982e-19,2.10598e-22,3.07721e-26,4.78601e-06
1854,0.000612975,3.4358e-05,1.61486e-11,5.00212e-12,8.74218e-13,1.66653e-13,6.7464e-16,1.11968e-19,0.000647333
1855,0,0,0,0,0,0,0,0,0
1856,0,0,0,0,0,0,0,0,0
1857,0,0,0,0,0,0,0,0,0
1858,0.00448745,1.43701e-05,0.00430023,0.00199243,0.000431994,0.00057897,4.7522e-06,2.15162e-09,0.0118102
1859,5.0377e-07,4.93697e-11,1.65849e-19,3.17e-20,3.04496e-21,2.79932e-22,6.74924e-25,7.09467e-29,5.03819e-07
1860,1.58086e-06,2.19081e-09,1.47158e-20,2.26338e-21,9.21264e-23,5.13483e-24,2.0238e-27,3.45845e-31,1.58305e-06
1861,4.49681e-05,7.46571e-07,6.11797e-21,1.11686e-21,1.15439e-22,1.1537e-23,2.98342e-26,2.58716e-30,4.57147e-05
1862,0,0,0,0,0,0,0,0,0
1863,5.87136e-06,2.85774e-08,1.54331e-24,3.16803e-25,3.28024e-26,3.1232e-27,8.3506e-30,9.68507e-34,5.89993e-06
1864,0,0,0,0,0,0,0,0,0
1865,0,0,0,0,0,0,0,0,0
1866,0.0103766,0.00440458,4.186e-05,1.59621e-05,2.73118e-06,9.69529e-07,4.97405e-09,1.55746e-12,0.0148427
1867,0,0,0,0,0,0,0,0,0
1868,0.00180946,0.00017251,3.80334e-07,1.53827e-07,2.36324e-08,4.62411e-09,1.8745e-11,6.80792e-15,0.00198253
1869,0,0,0,0,0,0,0,0,0
1870,0.0131526,0.00174162,1.42986e-08,4.33102e-09,8.4291e-10,3.3605e-10,2.21722e-12,4.48056e-16,0.0148943
1871,5.56924e-05,7.64885e-07,2.56427e-18,6.16587e-19,9.5958e-20,2.20633e-20,9.54143e-23,1.06568e-26,5.64573e-05
1872,0,0,0,0,0,0,0,0,0
1873,0,0,0,0,0,0,0,0,0
1874,0,0,0,0,0,0,0,0,0
1875,0,0,0,0,0,0,0,0,0
1876,0,0,0,0,0,0,0,0,0
1877,0.0503885,0.0276841,0.00747838,0.00326332,0.000855378,0.000567317,4.4665e-06,1.17636e-09,0.0902415
1878,0,0,0,0,0,0,0,0,0
1879,0,0,0,0,0,0,0,0,0
1880,4.17277e-05,1.8166e-06,5.58561e-14,1.5525e-14,2.27376e-15,3.52401e-16,1.42573e-18,2.28408e-22,4.35443e-05
1881,0,0,0,0,0,0,0,0,0
1882,4.25058e-06,1.09931e-08,2.32215e-13,8.2111e-14,1.51291e-14,2.75991e-15,1.2588e-17,2.52923e-21,4.26157e-06
1883,1.2855e-05,1.70164e-07,2.42575e-16,2.66096e-17,2.84466e-18,3.86034e-19,1.41045e-21,1.01033e-27,1.30252e-05
1884,0,0,0,0,0,0,0,0,0
1885,0,0,0,0,0,0,0,0,0
1886,0.000575015,1.45005e-05,4.57965e-08,1.6959e-08,3.08858e-09,5.83602e-10,8.48076e-13,6.51363e-17,0.000589582
1887,0,0,0,0,0,0,0,0,0
1888,0,0,0,0,0,0,0,0,0
1889,0,0,0,0,0,0,0,0,0
1890,0,0,0,0,0,0,0,0,0
1891,0.00559586,0.000540133,9.00567e-14,3.96961e-14,1.09287e-14,4.64834e-15,3.42929e-17,7.81345e-21,0.006136
1892,0,0,0,0,0,0,0,0,0
1893,0,0,0,0,0,0,0,0,0
1894,9.47246e-05,2.18899e-06,3.95087e-11,1.31545e-11,2.49272e-12,5.33473e-13,2.65752e-15,4.63184e-19,9.69136e-05
1895,0.00610999,0.00159913,4.58319e-05,1.10905e-05,1.94448e-06,7.92301e-07,5.69324e-09,1.7546e-13,0.00776878
1896,7.98929e-07,1.7056e-09,2.79786e-32,4.80601e-33,4.01341e-34,1.86783e-35,4.07794e-38,3.60408e-42,8.00634e-07
1897,0,0,0,0,0,0,0,0,0
1898,0,0,0,0,0,0,0,0,0
1899,0,0,0,0,0,0,0,0,0
1900,0.0004271,2.15823e-05,2.4026e-08,6.32388e-09,1.04569e-09,2.57604e-10,1.29103e-12,1.72701e-16,0.000448714
1901,0,0,0,0,0,0,0,0,0
1902,1.38791e-06,4.9809e-10,7.83223e-19,1.78549e-19,2.04735e-20,2.78183e-21,9.20085e-24,1.18933e-27,1.3884e-06
1903,1.26026e-06,1.4154e-09,2.33671e-26,4.3395e-27,4.71102e-28,4.97622e-29,1.14372e-31,8.87115e-36,1.26168e-06
1904,0.00159592,0.000330619,3.0195e-05,8.33855e-06,9.65335e-07,4.01684e-07,1.15885e-09,2.05403e-13,0.00196644
1905,1.15064e-05,9.22501e-08,5.68803e-11,1.02905e-11,8.11955e-13,7.67665e-14,1.15315e-16,9.82822e-21,1.15988e-05
1906,0,0,0,0,0,0,0,0,0
1907,0,0,0,0,0,0,0,0,0
1908,0,0,0,0,0,0,0,0,0
1909,0.00216693,0.000155445,2.0532e-13,7.60678e-14,1.63889e-14,7.71487e-15,3.598e-17,5.90428e-21,0.00232238
1910,3.10068e-05,6.70497e-05,8.97604e-05,1.93413e-05,3.18282e-06,7.56347e-07,2.33715e-09,9.60181e-14,0.0002111
1911,0.0403922,0.0200591,0.00466847,0.00164582,0.000527919,0.000331238,3.19591e-06,3.49668e-10,0.067628
1912,0,0,0,0,0,0,0,0,0
1913,0.00161539,0.000121484,7.43396e-12,2.36687e-12,5.20538e-13,1.85362e-13,9.3437e-16,1.08489e-19,0.00173687
1914,0.0001414,2.62029e-07,6.92091e-08,2.09457e-08,3.60407e-09,8.62749e-10,3.72605e-12,4.964e-16,0.000141757
1915,0,0,0,0,0,0,0,0,0
1916,0.036874,0.023569,0.0064303,0.00238955,0.00055159,0.000524096,5.56855e-06,1.3033e-09,0.0703441
1917,0.00283232,0.000212406,5.54621e-12,2.28856e-12,5.19519e-13,2.10229e-13,1.34499e-15,3.1443e-19,0.00304473
1918,0,0,0,0,0,0,0,0,0
1919,2.79098e-05,1.09277e-07,2.63835e-14,7.38055e-15,1.01472e-15,2.07365e-16,6.17532e-19,8.44978e-23,2.8019e-05
1920,0,0,0,0,0,0,0,0,0
1921,0,0,0,0,0,0,0,0,0
1922,0.0227412,0.0138728,0.00323686,0.00117575,0.000188822,0.000230392,1.28156e-06,3.51296e-10,0.0414471
1923,0,0,0,0,0,0,0,0,0
1924,0.000226109,0.000302495,0.000963923,0.000347331,6.39689e-05,1.8898e-05,1.09757e-07,2.51446e-11,0.00192284
1925,0.0089184,0.00105359,2.21946e-09,9.81252e-10,2.96959e-10,7.63223e-11,6.62272e-14,3.66309e-19,0.00997199
1926,0.219074,0.13272,0.0556057,0.0347919,0.014891,0.00951579,0.000120782,3.812e-08,0.466719
1927,0,0,0,0,0,0,0,0,0
1928,0,0,0,0,0,0,0,0,0
1929,0.0384781,0.0112635,0.000390707,0.000183424,5.66033e-05,5.68226e-05,5.49111e-07,1.30718e-10,0.0504297
1930,2.05668e-05,1.65721e-07,5.85526e-14,1.02476e-14,1.4635e-15,2.76882e-16,1.15689e-18,5.76242e-23,2.07325e-05
1931,0,0,0,0,0,0,0,0,0
1932,0.00318385,0.000331189,7.2826e-06,2.36438e-06,4.39746e-07,2.24211e-07,1.50769e-09,2.87298e-13,0.00352535
1933,1.16036e-05,1.04783e-07,2.87318e-25,6.15983e-26,5.92159e-27,7.3952e-28,1.55832e-30,1.61761e-34,1.17084e-05
1934,0.00961644,0.00243674,3.97525e-07,1.54637e-07,2.98164e-08,2.23587e-08,1.35666e-10,3.4203e-14,0.0120538
1935,0.0458642,0.0170708,0.000127411,5.81276e-05,2.01185e-05,1.21318e-05,1.11551e-07,1.92527e-11,0.0631529
1936,1.02737e-05,1.17639e-07,8.2159e-20,1.35572e-20,1.42813e-21,1.78039e-22,4.0319e-25,1.95718e-29,1.03913e-05
1937,3.43219e-05,8.45984e-07,5.13871e-12,2.8988e-13,4.1349e-14,1.18746e-14,4.36907e-17,5.29992e-21,3.51679e-05
1938,0,0,0,0,0,0,0,0,0
1939,1.58041e-05,1.96438e-06,3.70088e-15,6.79286e-18,4.64623e-16,4.00855e-16,2.9974e-18,1.21229e-22,1.77684e-05
1940,5.68141e-05,2.56055e-06,1.84956e-17,3.05761e-18,3.07216e-19,4.30863e-20,1.28503e-22,6.72628e-27,5.93747e-05
1941,0.000304406,7.66828e-06,2.46284e-12,6.65639e-13,1.15532e-13,5.23483e-14,3.24104e-16,4.2033e-20,0.000312075
1942,0,0,0,0,0,0,0,0,0
1943,6.47536e-05,9.45854e-07,3.38726e-10,1.06253e-10,1.51463e-11,4.24755e-12,1.64891e-14,3.03308e-18,6.56999e-05
1944,0.025232,0.00942038,2.16202e-06,9.66743e-07,2.17685e-07,1.40818e-07,8.45246e-10,2.20033e-13,0.0346558
1945,0,0,0,0,0,0,0,0,0
1946,1.93752e-06,2.99961e-09,1.257e-16,1.95293e-17,2.41519e-18,3.15941e-19,8.81775e-22,2.87658e-26,1.94052e-06
1947,0,0,0,0,0,0,0,0,0
1948,5.74472e-07,1.65957e-08,4.30042e-26,9.72746e-28,7.26045e-28,2.68032e-28,7.96193e-31,1.19408e-34,5.91068e-07
1949,7.10159e-05,2.0373e-06,4.24121e-16,7.17604e-17,4.77914e-19,4.40065e-18,8.2395e-20,1.1118e-23,7.30532e-05
1950,4.31404e-05,3.27246e-07,1.82567e-09,4.40605e-10,5.19454e-11,1.33977e-11,4.35117e-14,5.20865e-18,4.347e-05
1951,1.74307e-06,2.16164e-09,1.08774e-28,2.41294e-29,2.41865e-30,2.17854e-31,4.6668e-34,4.76227e-38,1.74523e-06
1952,0.00199372,0.000178853,6.85263e-05,2.00993e-05,2.7074e-06,1.01105e-06,3.1242e-09,4.58323e-13,0.00226492
1953,4.22926e-07,3.79414e-10,3.39245e-22,4.42437e-23,3.71636e-24,3.42198e-25,6.55196e-28,2.22705e-32,4.23305e-07
1954,0,0,0,0,0,0,0,0,0
1955,0.153905,0.0884471,0.0324693,0.0173816,0.00691107,0.00647201,7.32548e-05,1.58681e-08,0.30566
1956,0.000110717,7.33047e-06,1.74911e-09,3.7021e-10,3.12321e-11,2.55046e-12,3.76185e-15,3.4639e-19,0.000118049
1957,6.91441e-06,3.68655e-08,1.15976e-15,2.00609e-16,1.48836e-17,8.33929e-19,1.60112e-21,1.42373e-25,6.95127e-06
1958,2.76631e-05,2.82305e-07,3.08188e-18,6.61777e-19,8.52305e-20,1.89816e-20,7.37579e-23,6.60946e-27,2.79454e-05
1959,0,0,0,0,0,0,0,0,0
1960,0.0461324,0.0120726,0.00156159,0.000763086,0.000192393,0.000116416,4.08182e-07,7.10209e-11,0.0608389
1961,0,0,0,0,0,0,0,0,0
1962,0,0,0,0,0,0,0,0,0
1963,1.28038e-05,6.42459e-08,7.05444e-15,1.52158e-15,1.55598e-16,1.48201e-17,2.76531e-20,2.16915e-24,1.28681e-05
1964,0,0,0,0,0,0,0,0,0
1965,0.00406545,0.000112772,8.61771e-07,4.02318e-07,1.06647e-07,5.154e-08,3.70718e-10,8.46293e-14,0.00417964
1966,0.000393222,2.75572e-06,5.78732e-08,1.84332e-08,2.30074e-09,3.57236e-10,4.35978e-13,7.6217e-17,0.000396057
1967,3.12141e-05,3.44819e-07,4.50641e-10,6.03008e-11,9.12307e-12,1.87082e-12,6.13165e-15,6.95951e-20,3.15594e-05
1968,1.3828e-06,2.4105e-09,6.75818e-21,1.1821e-21,1.22282e-22,8.05046e-24,1.44992e-26,6.87191e-31,1.38521e-06
1969,0.0101835,0.00159702,7.33499e-08,3.34424e-08,8.89605e-09,3.00977e-09,1.53718e-11,2.53949e-15,0.0117806
1970,0.00164764,0.000115422,9.06199e-12,2.71035e-12,7.53989e-13,2.62164e-13,2.60392e-15,2.26996e-19,0.00176306
1971,5.53509e-06,2.02031e-11,2.7156e-17,6.64244e-18,7.62731e-19,6.38977e-20,1.56686e-22,1.60119e-26,5.53511e-06
1972,0,0,0,0,0,0,0,0,0
1973,3.36389e-06,9.60452e-09,5.78505e-31,9.18042e-32,1.29594e-32,2.6065e-33,9.59343e-36,3.26259e-40,3.37349e-06
1974,0.138306,0.0903711,0.0355539,0.01983,0.0065823,0.00524323,6.3111e-05,2.04863e-08,0.29595
1975,6.49271e-08,4.0415e-07,3.04131e-11,2.48169e-12,1.52906e-13,1.03285e-14,1.38216e-17,8.20318e-23,4.69111e-07
1976,0,0,0,0,0,0,0,0,0
1977,0.00010925,3.84588e-06,1.12169e-12,1.5668e-13,2.07188e-15,7.2714e-16,9.699e-18,8.55819e-22,0.000113096
1978,0.00128569,0.000119947,6.41096e-13,1.99825e-13,3.65813e-14,9.86538e-15,4.26288e-17,4.99874e-21,0.00140564
1979,0.00109687,3.21433e-05,9.99101e-19,3.54618e-19,1.06725e-19,6.62362e-20,7.09002e-22,8.7638e-26,0.00112901
1980,5.04077e-05,1.35846e-06,6.3025e-19,1.39966e-19,1.36997e-20,2.18517e-21,3.83745e-24,3.28086e-28,5.17662e-05
1981,0,0,0,0,0,0,0,0,0
1982,0.000100198,2.3054e-06,2.28831e-10,4.94429e-11,7.39533e-12,1.35154e-12,4.5608e-15,2.54939e-19,0.000102503
1983,0,0,0,0,0,0,0,0,0
1984,0,0,0,0,0,0,0,0,0
1985,1.28569e-05,1.34004e-07,9.8984e-15,9.84922e-16,4.0166e-19,3.59721e-17,3.09568e-19,2.14022e-23,1.29909e-05
1986,0.018008,0.00502429,1.30025e-05,4.63051e-06,1.20118e-06,7.89562e-07,5.41687e-09,6.0193e-13,0.0230519
1987,7.39102e-05,1.01081e-06,5.72651e-18,1.35923e-18,2.22918e-19,5.42988e-20,2.28085e-22,1.59655e-26,7.4921e-05
1988,0,0,0,0,0,0,0,0,0
1989,0,0,0,0,0,0,0,0,0
1990,0,0,0,0,0,0,0,0,0
1991,8.12029e-06,3.49439e-08,1.30192e-16,2.97033e-17,3.52613e-18,5.49276e-19,1.39977e-21,1.09891e-25,8.15523e-06
1992,0.000354096,5.13576e-05,8.59973e-05,3.75866e-05,6.61192e-06,2.30586e-06,1.33332e-08,4.28187e-12,0.000537968
1993,0.000416586,1.49002e-05,2.10909e-14,6.4069e-15,1.12134e-15,3.31309e-16,1.70456e-18,2.20325e-22,0.000431486
1994,0.00176687,7.6371e-05,1.35163e-09,1.93663e-10,1.94904e-11,2.99227e-12,1.00958e-14,3.45984e-19,0.00184324
1995,0.00036331,1.39813e-05,1.96345e-14,6.16449e-15,1.02764e-15,1.7118e-16,5.87457e-19,6.69127e-23,0.000377291
1996,0.0103832,0.00152188,0.000986059,0.000391692,0.000100527,6.73911e-05,5.5209e-07,9.22595e-11,0.0134513
1997,0.000325184,1.37076e-05,4.42297e-13,1.25261e-13,1.69593e-14,4.96166e-15,1.7126e-17,2.38387e-21,0.000338892
1998,0.00488442,0.000391389,3.34629e-05,1.4513e-05,3.2778e-06,1.41857e-06,7.09464e-09,1.11678e-12,0.00532848
1999,7.16635e-05,7.5376e-07,6.23925e-19,1.68629e-19,2.54365e-20,7.15026e-21,2.49323e-23,2.44659e-27,7.24173e-05
2000,0.00100869,0.00010361,2.21732e-12,6.16624e-13,1.02175e-13,2.82066e-14,9.61268e-17,8.05884e-21,0.0011123
2001,5.23823e-06,4.12906e-08,1.03692e-24,1.82543e-25,1.58855e-26,1.16507e-27,1.94937e-30,1.07726e-34,5.27953e-06
2002,0.0235241,0.00280817,0.000113718,6.00745e-05,1.95556e-05,1.17708e-05,1.25654e-07,3.2018e-11,0.0265376
2003,0,0,0,0,0,0,0,0,0
2004,0,0,0,0,0,0,0,0,0
2005,0,0,0,0,0,0,0,0,0
2006,0,0,0,0,0,0,0,0,0
2007,0.146738,0.084783,0.0308413,0.0163729,0.00567933,0.0067544,6.54459e-05,1.39831e-08,0.291235
2008,0,0,0,0,0,0,0,0,0
2009,0.0896094,0.0323237,0.00571951,0.00304621,0.000914036,0.000361536,4.93502e-07,1.83105e-11,0.131975
2010,1.81699e-05,1.53064e-07,1.60156e-18,3.69221e-19,3.88618e-20,1.24767e-21,2.17024e-25,2.11032e-29,1.83229e-05
2011,0,0,0,0,0,0,0,0,0
2012,0.00151133,0.000202886,9.84662e-08,2.09672e-08,4.09674e-09,1.18075e-09,5.47762e-12,7.81529e-17,0.00171434
2013,0,0,0,0,0,0,0,0,0
2014,0,0,0,0,0,0,0,0,0
2015,7.45427e-06,9.17225e-08,2.32214e-14,3.22297e-15,4.12358e-16,9.21314e-17,2.81436e-19,2.50072e-24,7.54599e-06
2016,6.19787e-05,9.12559e-07,1.25223e-18,3.07675e-19,3.98786e-20,7.4373e-21,2.3969e-23,2.19362e-27,6.28913e-05
2017,0,0,0,0,0,0,0,0,0
2018,0.000153831,2.75281e-05,1.19282e-08,7.6071e-10,7.25481e-11,1.48703e-11,4.57905e-14,5.62662e-18,0.000181372
2019,0.00017774,6.39306e-06,3.5068e-12,8.44128e-13,1.2625e-13,2.15156e-14,7.51392e-17,5.24732e-21,0.000184133
2020,3.30624e-06,1.46847e-08,2.90158e-25,5.05569e-26,4.5678e-27,4.18882e-28,7.90051e-31,4.17708e-35,3.32092e-06
2021,0,0,0,0,0,0,0,0,0
2022,6.74235e-06,3.46332e-08,4.8622e-27,1.05697e-27,1.02344e-28,1.34056e-29,2.68665e-32,2.20557e-36,6.77698e-06
2023,0.000188259,8.0552e-06,5.33301e-13,1.07958e-13,1.42209e-14,6.22816e-15,1.94803e-17,8.96335e-22,0.000196315
2024,3.27407e-05,4.06019e-07,5.90709e-16,1.51096e-16,1.37728e-17,1.20422e-18,1.77077e-21,1.85267e-25,3.31467e-05
2025,0,0,0,0,0,0,0,0,0
2026,0.000733067,1.95051e-05,9.13055e-13,1.77038e-13,1.28729e-14,1.86092e-15,2.25034e-18,2.1113e-22,0.000752572
2027,0,0,0,0,0,0,0,0,0
2028,0,0,0,0,0,0,0,0,0
2029,0,0,0,0,0,0,0,0,0
2030,3.90827e-05,1.75586e-06,1.2958e-16,9.56933e-18,1.04722e-18,1.34761e-19,2.68527e-22,1.46102e-26,4.08386e-05
2031,0.00531639,0.000653112,3.1341e-10,1.24752e-10,2.85141e-11,1.40256e-11,7.80029e-14,1.13462e-17,0.0059695
2032,0,0,0,0,0,0,0,0,0
2033,9.46444e-07,6.96564e-10,1.50914e-20,2.27666e-21,1.57151e-22,8.91646e-24,9.9579e-27,4.50131e-31,9.47141e-07
2034,0,0,0,0,0,0,0,0,0
2035,0.00141207,0.000214455,4.36211e-11,1.26158e-11,1.68414e-12,3.99433e-13,8.74382e-16,8.98207e-20,0.00162652
2036,4.88478e-05,2.51811e-07,1.13084e-07,3.65499e-08,4.90033e-09,9.07836e-10,2.47151e-12,3.4774e-16,4.9255e-05
2037,0,0,0,0,0,0,0,0,0
2038,1.25805e-05,4.96241e-10,3.63401e-09,1.05048e-09,1.61054e-10,3.56621e-11,7.46483e-14,4.9606e-18,1.25859e-05
2039,0,0,0,0,0,0,0,0,0
2040,9.25143e-05,4.12932e-06,7.87485e-14,8.07129e-15,2.46633e-16,3.69041e-15,2.29642e-18,2.81524e-22,9.66436e-05
2041,2.54768e-06,9.25604e-09,1.15903e-12,1.94767e-13,1.20901e-14,7.30468e-16,7.87813e-19,4.79805e-23,2.55693e-06
2042,0.0356739,0.00767887,1.57173e-10,7.9557e-11,3.01343e-11,1.73505e-11,2.18524e-13,3.85932e-17,0.0433527
2043,0.000745923,0.00024673,2.65244e-06,1.00689e-06,1.96052e-07,2.42927e-08,7.32574e-11,7.65961e-15,0.000996532
2044,0,0,0,0,0,0,0,0,0
2045,0.000378474,9.57323e-06,8.56452e-13,2.0413e-13,2.43312e-14,6.98277e-15,1.5502e-17,1.10729e-21,0.000388047
2046,0,0,0,0,0,0,0,0,0
2047,0.000134179,3.45296e-06,6.44944e-18,1.67676e-18,2.17721e-19,7.32985e-20,2.5003e-22,2.55878e-26,0.000137632
2048,0.0845834,0.0432129,0.0124071,0.00591399,0.00184825,0.00131139,8.64317e-06,1.18149e-09,0.149286
2049,0.0114308,0.00132054,4.79774e-07,1.86383e-07,4.91233e-08,3.40223e-08,2.85959e-10,3.299e-14,0.0127521
2050,2.10984e-06,2.93287e-08,5.99071e-24,6.09821e-25,3.68982e-26,2.43163e-27,3.70289e-30,4.38263e-35,2.13917e-06
2051,0,0,0,0,0,0,0,0,0
2052,0.00234387,0.000536486,5.5488e-09,1.76741e-09,2.36261e-10,3.7083e-11,8.31876e-14,9.78006e-18,0.00288037
2053,9.43153e-05,5.39904e-07,5.10567e-08,1.02465e-08,1.29841e-09,8.48533e-10,2.9754e-12,1.57149e-16,9.49186e-05
2054,0.0727147,0.0400488,0.0116705,0.00508869,0.00157676,0.00162462,1.26121e-05,1.57597e-09,0.132737
2055,0,0,0,0,0,0,0,0,0
2056,1.50873e-06,8.98655e-07,1.61869e-17,3.84679e-18,3.20808e-19,2.84142e-20,3.78322e-23,3.53237e-27,2.40738e-06
2057,1.96807e-05,7.29342e-08,1.92956e-15,4.84692e-16,6.40685e-17,6.47159e-18,1.31278e-20,7.82077e-25,1.97536e-05
2058,0.00254931,0.000124222,6.0907e-15,2.38664e-15,7.05915e-16,3.09417e-16,1.46038e-18,1.03802e-22,0.00267353
2059,0,0,0,0,0,0,0,0,0
2060,0.000537706,2.80153e-05,4.50439e-08,1.10452e-08,1.11789e-09,9.04484e-10,2.17467e-12,2.07629e-16,0.00056578
2061,0.00177092,0.000115209,2.25851e-15,8.06676e-16,1.675e-16,5.36581e-17,2.21124e-19,2.28976e-23,0.00188613
2062,0.000365454,1.2104e-05,1.33972e-10,4.00608e-11,6.02935e-12,1.48787e-12,5.05085e-15,5.21316e-19,0.000377558
2063,0.0138187,0.00543563,8.42656e-05,3.46374e-05,4.91136e-06,7.26731e-07,5.67824e-10,1.01282e-13,0.0193789
2064,0,0,0,0,0,0,0,0,0
2065,5.91783e-06,2.1989e-08,2.2924e-15,5.78801e-16,6.58607e-17,8.76437e-18,2.04243e-20,1.70719e-24,5.93982e-06
2066,0,0,0,0,0,0,0,0,0
2067,0,0,0,0,0,0,0,0,0
2068,0,0,0,0,0,0,0,0,0
2069,9.00434e-05,3.4789e-07,2.16454e-16,5.96465e-17,7.94121e-18,1.16405e-18,1.97455e-21,1.2225e-25,9.03913e-05
2070,0,0,0,0,0,0,0,0,0
2071,0,0,0,0,0,0,0,0,0
2072,9.24868e-05,6.5971e-07,3.74755e-11,9.30956e-12,1.44231e-12,3.61821e-13,1.17724e-15,6.87255e-20,9.31465e-05
2073,0,0,0,0,0,0,0,0,0
2074,0.0413645,0.0117833,0.000345302,0.000165069,5.17547e-05,4.48331e-05,3.33311e-07,4.68261e-11,0.0537552
2075,0,0,0,0,0,0,0,0,0
2076,0,0,0,0,0,0,0,0,0
2077,0,0,0,0,0,0,0,0,0
2078,0.000460215,4.27044e-05,2.49877e-06,4.19032e-07,4.19503e-08,5.62215e-09,8.82096e-12,7.60115e-16,0.000505885
2079,6.92118e-06,3.47871e-08,5.69366e-19,1.06011e-19,1.01707e-20,9.92799e-22,1.92854e-24,9.40025e-29,6.95597e-06
2080,0.00161517,0.000199046,4.46243e-05,4.58098e-06,9.31839e-07,4.37612e-07,2.34973e-09,4.12734e-13,0.00186479
2081,0.0065206,0.00106373,4.24025e-09,1.51069e-09,3.18648e-10,2.92914e-10,1.65339e-12,1.91786e-16,0.00758434
2082,0,0,0,0,0,0,0,0,0
2083,0.0668214,0.0226573,8.96725e-05,4.08542e-05,1.24341e-05,9.71176e-06,7.68639e-08,1.03774e-11,0.0896315
2084,0,0,0,0,0,0,0,0,0
2085,0,0,0,0,0,0,0,0,0
2086,0.0023183,0.000166679,8.20881e-09,2.22071e-09,2.77401e-10,5.0796e-11,1.18965e-13,9.54811e-18,0.00248499
2087,0,0,0,0,0,0,0,0,0
2088,0,0,0,0,0,0,0,0,0
2089,0.0090828,0.00276048,3.61918e-06,1.13608e-06,1.88007e-07,6.46087e-08,2.47471e-10,1.61922e-14,0.0118483
2090,0.0116098,0.00137052,1.72193e-05,8.01545e-06,1.97392e-06,1.51296e-06,8.4163e-09,1.33731e-12,0.0130091
2091,0,0,0,0,0,0,0,0,0
2092,0,0,0,0,0,0,0,0,0
2093,1.31819e-05,1.13663e-05,2.64715e-07,5.31108e-08,2.15428e-09,5.99793e-11,3.33649e-14,3.83469e-18,2.48682e-05
2094,0,0,0,0,0,0,0,0,0
2095,0.00111256,1.55183e-05,1.0704e-06,4.10928e-07,1.09077e-07,3.58599e-08,7.05703e-11,1.91497e-15,0.00112971
2096,0,0,0,0,0,0,0,0,0
2097,7.77976e-06,1.35813e-08,1.5492e-17,3.29314e-18,3.1396e-19,3.2937e-20,4.3276e-23,2.04848e-27,7.79334e-06
2098,0.0413326,0.0151985,3.44505e-05,1.56955e-05,4.22367e-06,4.03415e-06,2.50227e-08,3.40409e-12,0.0565895
2099,0,0,0,0,0,0,0,0,0
2100,1.05685e-06,2.11674e-09,1.99372e-24,3.32528e-25,2.79243e-26,1.4879e-27,1.13421e-30,2.7852e-35,1.05897e-06
2101,0.132179,0.0693416,0.0225919,0.0124935,0.00421449,0.00348628,1.94699e-05,2.56396e-09,0.244326
2102,7.06373e-05,4.15495e-07,5.21967e-21,1.66916e-21,2.9186e-22,6.79141e-23,1.89909e-25,1.3321e-29,7.10528e-05
2103,0,0,0,0,0,0,0,0,0
2104,0.0065889,0.000661092,1.017e-09,3.12285e-10,4.97342e-11,1.32125e-11,3.95727e-14,3.2828e-18,0.00725
2105,2.41287e-05,3.52749e-08,2.43644e-13,5.01556e-14,6.59913e-15,9.78256e-16,2.71638e-18,1.11445e-22,2.4164e-05
2106,1.0893e-05,8.64103e-10,2.08921e-08,6.62122e-09,1.08017e-09,2.43135e-10,8.777e-13,8.19659e-17,1.09227e-05
2107,1.2738e-05,1.74584e-08,1.96028e-17,5.40213e-18,6.04998e-19,9.33542e-20,1.58046e-22,1.31886e-26,1.27555e-05
2108,0,0,0,0,0,0,0,0,0
2109,0,0,0,0,0,0,0,0,0
2110,0.0462604,0.027515,0.00754354,0.00354185,0.00077697,0.000394061,1.93598e-06,3.3286e-10,0.0860337
2111,0,0,0,0,0,0,0,0,0
2112,0,0,0,0,0,0,0,0,0
2113,4.47093e-05,8.30788e-07,1.52458e-15,3.38261e-16,3.82973e-17,5.0535e-18,9.90482e-21,5.00475e-25,4.554e-05
2114,8.11028e-05,8.12436e-07,7.09735e-15,1.83235e-15,2.56068e-16,4.85063e-17,1.30521e-19,7.97673e-24,8.19153e-05
2115,4.70689e-05,9.5714e-07,3.43318e-17,7.092e-18,8.34139e-19,1.50308e-19,3.58686e-22,1.62792e-26,4.80261e-05
2116,0,0,0,0,0,0,0,0,0
2117,0.000416863,3.74162e-06,7.62262e-16,2.85599e-16,6.2164e-17,3.14259e-17,1.20263e-19,1.02867e-23,0.000420604
2118,0,0,0,0,0,0,0,0,0
2119,0.00113045,6.54105e-05,1.1921e-10,3.51033e-11,4.60371e-12,7.27676e-13,1.57329e-15,1.31656e-19,0.00119586
2120,3.8865e-06,1.55625e-08,1.41675e-21,2.57791e-22,2.37721e-23,2.12493e-24,3.38201e-27,1.30522e-31,3.90206e-06
2121,0.000292431,6.38717e-06,5.92991e-06,1.52593e-06,1.71691e-07,4.43969e-08,1.00523e-10,7.82129e-15,0.000306491
2122,0.000742778,6.91461e-05,1.58419e-09,3.81815e-10,5.66719e-11,1.94914e-11,4.88825e-14,2.04368e-18,0.000811927
2123,0,0,0,0,0,0,0,0,0
2124,2.75618e-06,6.42624e-09,2.67444e-16,4.81867e-17,3.54438e-18,4.11074e-19,4.09913e-22,1.64101e-26,2.76261e-06
2125,9.46495e-06,2.08449e-07,4.60671e-15,7.08207e-16,2.59282e-17,4.69638e-20,1.97542e-21,1.00623e-25,9.6734e-06
2126,0.000837013,1.37563e-05,8.70943e-05,2.8489e-05,5.69338e-06,1.98731e-06,8.57903e-09,6.47006e-13,0.000974042
2127,0.0197273,0.00430041,2.71948e-09,1.22895e-09,3.43651e-10,2.09063e-10,1.62779e-12,2.20441e-16,0.0240277
2128,1.58119e-05,1.34286e-08,6.03125e-12,1.04814e-12,1.08153e-13,1.83469e-14,4.12772e-17,1.09482e-21,1.58254e-05
2129,0,0,0,0,0,0,0,0,0
2130,0,0,0,0,0,0,0,0,0
2131,0.000200415,4.65522e-06,3.76129e-17,1.04345e-17,1.16691e-18,2.20274e-19,4.34046e-22,3.82091e-26,0.00020507
2132,4.85951e-05,5.19583e-07,5.68917e-24,1.32245e-24,1.99157e-25,5.49002e-26,1.66799e-28,7.38944e-33,4.91147e-05
2133,0,0,0,0,0,0,0,0,0
2134,0,0,0,0,0,0,0,0,0
2135,2.53455e-05,8.19414e-08,1.38405e-15,3.91397e-16,5.88808e-17,1.44032e-17,3.53311e-20,2.11108e-24,2.54274e-05
2136,2.51792e-06,3.43321e-06,8.34576e-06,1.70979e-06,1.31427e-07,6.76415e-09,2.14473e-15,1.04028e-19,1.61449e-05
2137,2.62489e-06,1.91789e-08,3.50089e-15,5.16766e-16,3.78456e-17,1.00185e-18,7.05225e-22,1.34574e-26,2.64407e-06
2138,9.72949e-07,2.26274e-09,2.32556e-25,3.56648e-26,1.58275e-27,1.33064e-29,7.46208e-32,3.21477e-36,9.75212e-07
2139,0.00964377,0.00134338,5.04874e-06,2.09067e-06,4.76586e-07,3.56249e-07,1.98529e-09,2.43493e-13,0.0109951
2140,0,0,0,0,0,0,0,0,0
2141,0,0,0,0,0,0,0,0,0
2142,1.62179e-05,3.56468e-08,1.00645e-05,3.05704e-06,5.06298e-07,1.4004e-07,3.56104e-10,2.05542e-14,3.00218e-05
2143,0,0,0,0,0,0,0,0,0
2144,8.87525e-05,1.70848e-06,1.09372e-18,2.20541e-19,2.51468e-20,3.71648e-21,7.12968e-24,2.63183e-28,9.04609e-05
2145,3.54789e-05,5.48406e-07,7.27191e-21,1.42369e-21,1.47261e-22,1.9053e-23,1.44238e-26,6.95521e-31,3.60273e-05
2146,0.00185119,0.000157249,9.94161e-11,3.20857e-11,4.40595e-12,4.58238e-13,3.60124e-16,1.50107e-20,0.00200844
2147,1.26377e-05,3.76552e-10,6.19131e-29,1.6001e-29,1.93211e-30,3.80584e-31,8.559e-34,5.70219e-38,1.26381e-05
2148,0,0,0,0,0,0,0,0,0
2149,1.62e-05,1.02802e-07,5.46889e-21,1.11316e-21,1.50332e-22,3.02881e-23,7.57458e-26,2.44117e-30,1.63028e-05
2150,0.0017745,0.0025109,0.0111398,0.00609291,0.00196783,0.00126667,7.90673e-06,1.04405e-09,0.0247605
2151,1.42142e-05,6.79261e-08,2.75479e-10,7.91954e-11,7.68792e-12,1.1699e-12,1.90511e-15,1.81349e-19,1.42825e-05
2152,0,0,0,0,0,0,0,0,0
2153,0,0,0,0,0,0,0,0,0
2154,0,0,0,0,0,0,0,0,0
2155,0.0277313,0.00787021,9.82115e-05,3.69669e-05,5.0488e-06,1.67711e-06,8.02895e-09,7.33136e-13,0.0357434
2156,0.000105423,3.78872e-06,6.09648e-09,6.29201e-11,8.76677e-12,2.30416e-12,7.64611e-15,5.49939e-17,0.000109218
2157,0,0,0,0,0,0,0,0,0
2158,0.00042932,8.58842e-06,7.52392e-16,2.43181e-16,5.18294e-17,2.52059e-17,1.11376e-19,7.03872e-24,0.000437908
2159,7.1097e-06,2.38906e-08,3.8953e-11,7.80612e-12,5.90316e-13,6.35998e-14,7.14079e-17,3.67064e-21,7.13364e-06
2160,0,0,0,0,0,0,0,0,0
2161,0.000457037,2.09591e-05,7.72888e-18,2.24364e-18,3.43514e-19,1.00527e-19,2.72259e-22,1.70099e-26,0.000477996
2162,0,0,0,0,0,0,0,0,0
2163,0,0,0,0,0,0,0,0,0
2164,0.00478048,0.00054214,0.00028192,0.000109242,2.15583e-05,6.02645e-06,1.45525e-08,1.00751e-12,0.00574138
2165,4.70133e-05,5.25993e-07,1.00377e-17,2.32689e-18,3.41763e-19,3.9666e-20,2.16967e-23,1.72174e-28,4.75393e-05
2166,7.43915e-06,4.07435e-08,5.33699e-17,1.07239e-17,8.8164e-19,7.42835e-20,9.99311e-23,4.85984e-27,7.47989e-06
2167,0.0306931,0.0167886,0.0038815,0.00127891,0.00027141,0.000430024,2.43656e-06,1.76267e-10,0.053346
2168,0,0,0,0,0,0,0,0,0
2169,0.00066782,5.60608e-05,1.2572e-11,3.37004e-12,5.30267e-13,1.53753e-13,5.24894e-16,3.05614e-20,0.000723881
2170,0.000825496,4.55471e-05,1.19497e-13,3.614e-14,6.68668e-15,2.03414e-15,6.93861e-18,3.90745e-22,0.000871043
2171,2.23048e-05,2.83047e-07,1.72634e-17,2.21102e-18,1.39317e-19,7.31207e-20,1.24651e-22,3.28709e-27,2.25879e-05
2172,0.213304,0.124524,0.0497374,0.029485,0.0116968,0.00936006,8.4006e-05,1.13487e-08,0.438191
2173,0.0205191,0.00419943,1.36335e-10,3.13913e-11,4.59618e-12,2.36222e-12,1.14433e-14,1.1679e-18,0.0247185
2174,0,0,0,0,0,0,0,0,0
2175,0.0027566,8.51559e-05,7.17537e-08,3.1657e-08,8.05945e-09,3.87013e-09,1.59686e-11,1.37402e-15,0.00284188
2176,0,0,0,0,0,0,0,0,0
2177,3.9598e-06,3.50295e-08,3.26642e-29,5.06477e-30,3.67915e-31,2.93908e-32,2.50264e-35,5.90428e-40,3.99483e-06
2178,0.000148697,4.67193e-06,9.64019e-13,2.26581e-13,2.76031e-14,5.35366e-15,1.18913e-17,5.73062e-22,0.000153369
2179,0,0,0,0,0,0,0,0,0
2180,0.00342941,0.000342215,1.87532e-13,7.0552e-14,1.5094e-14,4.8938e-15,2.21535e-17,1.87406e-21,0.00377163
2181,0.00843241,0.00314607,0.000376889,0.000110513,2.07844e-05,4.76262e-06,4.15659e-09,3.25744e-14,0.0120914
2182,1.16747e-06,2.82506e-09,6.12497e-26,9.87797e-27,8.07879e-28,5.37297e-29,7.46268e-32,2.10228e-36,1.1703e-06
2183,0.000316816,4.61435e-06,1.17633e-15,4.02509e-16,7.84816e-17,2.50935e-17,6.48501e-20,3.49116e-24,0.00032143
2184,0,0,0,0,0,0,0,0,0
2185,1.96897e-06,8.46525e-09,1.48858e-28,2.52332e-29,1.8575e-30,1.34077e-31,1.57282e-34,5.26322e-39,1.97744e-06
2186,0.0458184,0.0272477,0.00742394,0.0029762,0.000790813,0.000449583,3.35093e-06,3.05491e-10,0.0847099
2187,0,0,0,0,0,0,0,0,0
2188,0.0113715,0.00276443,1.98669e-07,7.15199e-08,1.70429e-08,9.95003e-09,5.27297e-11,3.62782e-15,0.0141363
2189,7.05409e-05,9.9593e-07,1.27677e-12,3.06295e-13,4.16932e-14,9.27815e-15,2.4285e-17,1.06485e-21,7.15368e-05
2190,0,0,0,0,0,0,0,0,0
2191,0,0,0,0,0,0,0,0,0
2192,0.000101563,7.13061e-07,1.54288e-10,4.89087e-11,7.21828e-12,1.61725e-12,5.81605e-15,5.31469e-19,0.000102276
2193,0.000395668,1.7561e-06,7.20133e-05,2.35113e-05,3.99195e-06,1.67431e-06,5.52282e-09,3.91394e-13,0.000498621
2194,1.49594e-05,3.92743e-08,9.29517e-17,1.9147e-17,2.42987e-18,8.95287e-19,2.15511e-21,6.98627e-26,1.49987e-05
2195,4.96429e-06,2.21709e-08,1.2237e-20,2.30056e-21,1.87379e-22,2.16006e-23,2.40419e-26,8.49392e-31,4.98646e-06
2196,0,0,0,0,0,0,0,0,0
2197,0,0,0,0,0,0,0,0,0
2198,0,0,0,0,0,0,0,0,0
2199,0.0466846,0.0158195,1.8326e-05,8.87921e-06,2.52072e-06,1.69431e-06,8.17101e-09,7.60413e-13,0.0625355
2200,0,0,0,0,0,0,0,0,0
2201,0,0,0,0,0,0,0,0,0
2202,3.69017e-05,4.69459e-07,2.5685e-25,5.74811e-26,5.51532e-27,7.51892e-28,2.99463e-31,1.27314e-35,3.73712e-05
2203,8.11671e-06,6.15051e-08,2.04248e-24,2.70753e-25,3.88044e-26,6.94143e-27,1.30198e-29,9.36358e-35,8.17822e-06
2204,0.00533562,0.000927229,1.19039e-12,3.97118e-13,6.38001e-14,8.04891e-14,2.39586e-16,1.77033e-20,0.00626285
2205,0.0103577,0.00134671,7.56985e-06,3.05601e-06,7.57912e-07,7.26247e-07,3.25267e-09,2.35654e-13,0.0117166
2206,0,0,0,0,0,0,0,0,0
2207,0,0,0,0,0,0,0,0,0
2208,0,0,0,0,0,0,0,0,0
2209,0,0,0,0,0,0,0,0,0
2210,0,0,0,0,0,0,0,0,0
2211,0,0,0,0,0,0,0,0,0
2212,0,0,0,0,0,0,0,0,0
2213,0.00576346,0.000714555,5.24491e-10,1.59981e-10,2.78309e-11,1.62425e-11,6.91194e-14,5.14597e-18,0.00647801
2214,0.00671235,0.00138651,1.84985e-07,6.89489e-08,1.26257e-08,5.63741e-09,1.76964e-11,1.38377e-15,0.00809913
2215,1.04505e-05,7.00589e-08,1.65407e-18,3.33071e-19,2.8998e-20,5.07827e-21,7.24975e-24,2.93741e-28,1.05205e-05
2216,5.70156e-05,1.95946e-05,1.06704e-09,2.21925e-10,1.11643e-11,4.58372e-13,2.86981e-16,1.82971e-20,7.66115e-05
2217,5.76644e-07,4.33997e-14,3.32738e-12,6.12283e-13,4.54179e-14,3.82147e-15,3.98303e-18,1.28978e-22,5.76648e-07
2218,0,0,0,0,0,0,0,0,0
2219,0,0,0,0,0,0,0,0,0
2220,8.23645e-05,1.32077e-06,1.28713e-13,2.92595e-14,4.06016e-15,7.78064e-16,1.36293e-18,3.75256e-23,8.36853e-05
2221,8.61971e-08,2.93875e-11,2.55888e-06,4.06641e-07,2.65142e-08,3.04582e-09,2.65064e-12,6.42528e-17,3.08131e-06
2222,0.000390727,1.18112e-05,9.68571e-12,2.49445e-12,3.91968e-13,1.89724e-13,5.33058e-16,2.10997e-20,0.000402538
2223,4.91073e-05,5.42897e-07,2.98125e-20,6.97579e-21,8.23481e-22,1.64954e-22,2.98378e-25,1.12592e-29,4.96501e-05
2224,0,0,0,0,0,0,0,0,0
2225,0.0301935,0.015584,0.00339819,0.00120428,0.000281039,0.000209954,9.0965e-07,4.75948e-11,0.0508718
2226,1.13889e-05,1.23669e-07,4.25213e-19,8.6995e-20,5.73283e-21,3.70095e-22,2.7079e-25,1.28998e-29,1.15126e-05
2227,2.81715e-06,1.22175e-08,8.50516e-22,1.44936e-22,9.78966e-24,9.46757e-25,8.80253e-28,2.70736e-32,2.82937e-06
2228,9.94996e-07,9.6096e-09,1.40118e-17,1.8726e-18,4.05531e-20,1.18369e-23,6.68037e-25,2.77674e-29,1.00461e-06
2229,0.000107901,4.27117e-07,2.99197e-19,8.78382e-20,1.46825e-20,4.4182e-21,1.01767e-23,4.16222e-28,0.000108328
2230,0.0835853,0.0474644,0.0145125,0.00725312,0.00193254,0.00144941,7.26599e-06,7.70408e-10,0.156205
2231,0,0,0,0,0,0,0,0,0
2232,0.000691848,3.29358e-05,1.02983e-11,2.88002e-12,5.18221e-13,2.37733e-13,8.19455e-16,3.41507e-20,0.000724784
2233,1.44033e-05,1.63991e-07,1.19528e-27,2.12577e-28,2.08415e-29,2.7344e-30,4.90582e-33,1.24415e-37,1.45673e-05
2234,0.00490296,0.000453369,0.000440735,0.000155164,3.1892e-05,1.87304e-05,6.18572e-08,3.37283e-12,0.00600291
2235,0.0306021,0.00835028,7.72014e-05,3.34119e-05,9.6046e-06,6.66539e-06,3.00707e-08,1.81155e-12,0.0390793
2236,0,0,0,0,0,0,0,0,0
2237,2.44106e-07,3.05555e-10,8.25235e-17,1.44345e-17,1.07329e-18,1.11965e-19,1.43879e-22,4.70223e-27,2.44411e-07
2238,0,0,0,0,0,0,0,0,0
2239,0,0,0,0,0,0,0,0,0
2240,0,0,0,0,0,0,0,0,0
2241,0.000260356,1.45974e-05,9.15597e-14,2.52797e-14,2.71703e-15,4.25992e-16,8.3513e-19,5.69614e-23,0.000274953
2242,3.98988e-05,2.32063e-05,0.00254964,0.00128714,0.000341595,0.000163208,6.79903e-07,6.28992e-11,0.00440537
2243,0,0,0,0,0,0,0,0,0
2244,0,0,0,0,0,0,0,0,0
2245,0,0,0,0,0,0,0,0,0
2246,0,0,0,0,0,0,0,0,0
2247,0.0107682,0.00148167,2.29732e-08,9.88515e-09,2.58096e-09,1.55501e-09,7.10235e-12,4.95735e-16,0.0122499
2248,0.000665028,3.3989e-05,4.85691e-08,1.55245e-08,2.01589e-09,5.2564e-10,8.84744e-13,5.53348e-17,0.000699084
2249,0,0,0,0,0,0,0,0,0
2250,0.000446998,1.24094e-05,2.41398e-17,7.68605e-18,1.35125e-18,3.68911e-19,5.88822e-22,1.86041e-26,0.000459407
2251,5.17698e-06,1.34335e-07,1.03679e-13,1.93669e-14,1.29955e-15,3.82667e-16,3.33097e-19,1.15517e-23,5.31132e-06
2252,2.26985e-05,6.25589e-07,6.29198e-19,9.13049e-20,9.15231e-21,1.0657e-21,1.70096e-24,2.30104e-29,2.33241e-05
2253,0,0,0,0,0,0,0,0,0
2254,0.000306316,1.18376e-05,4.05347e-06,9.47484e-07,1.27079e-07,3.43582e-08,7.62174e-11,2.36335e-15,0.000323316
2255,0,0,0,0,0,0,0,0,0
2256,0.00860691,0.00104843,4.49039e-07,1.79044e-07,4.44615e-08,3.63175e-08,1.52046e-10,8.96012e-15,0.00965605
2257,0,0,0,0,0,0,0,0,0
2258,0,0,0,0,0,0,0,0,0
2259,0.0110331,0.00111859,2.71345e-06,1.22394e-06,3.49346e-07,1.84859e-07,4.40339e-10,1.66553e-14,0.0121562
2260,7.84023e-05,2.5358e-06,2.81883e-16,5.86166e-17,4.50811e-18,2.00119e-18,2.17985e-21,8.37013e-26,8.09381e-05
2261,0,0,0,0,0,0,0,0,0
2262,1.2937e-05,4.29531e-07,7.49221e-12,9.36296e-13,5.21405e-14,2.271e-15,1.12216e-18,1.15397e-23,1.33665e-05
2263,0.0197466,0.0108868,0.00224897,0.000835203,0.000158196,4.85664e-05,1.65704e-07,1.12298e-11,0.0339245
2264,1.43694e-05,1.63908e-07,1.07267e-22,1.88338e-23,2.11285e-24,2.5392e-25,5.5555e-28,1.20059e-32,1.45334e-05
2265,0.000843399,7.6234e-05,2.06285e-13,5.17147e-14,7.76467e-15,1.32741e-15,5.62074e-19,3.22478e-24,0.000919633
2266,0,0,0,0,0,0,0,0,0
2267,2.30827e-06,2.15568e-09,7.13452e-23,1.43432e-23,1.40471e-24,7.76502e-26,3.90408e-29,5.23933e-34,2.31043e-06
2268,0.0513793,0.0155837,3.85481e-05,1.79309e-05,5.62324e-06,5.1835e-06,2.71327e-08,1.7164e-12,0.0670303
2269,0.132557,0.0697939,0.0226786,0.0117364,0.00401585,0.00370833,2.06467e-05,1.48708e-09,0.244511
2270,2.52226e-05,5.84497e-08,4.76918e-13,1.38235e-13,1.80081e-14,4.73981e-15,8.99904e-18,4.37711e-22,2.5281e-05
2271,0.00042089,1.3766e-05,1.62838e-16,4.68869e-17,8.18505e-18,3.43734e-18,1.16152e-20,4.95863e-25,0.000434656
2272,4.6361e-06,2.01944e-08,1.44344e-18,2.51951e-19,2.3744e-20,2.60753e-21,2.77434e-24,4.82453e-29,4.65629e-06
2273,0,0,0,0,0,0,0,0,0
2274,0,0,0,0,0,0,0,0,0
2275,0,0,0,0,0,0,0,0,0
2276,0,0,0,0,0,0,0,0,0
2277,0,0,0,0,0,0,0,0,0
2278,0,0,0,0,0,0,0,0,0
2279,0.000227828,3.2081e-06,3.90583e-18,1.11962e-18,2.27381e-19,8.01553e-20,1.81939e-22,4.29472e-27,0.000231036
2280,0.00119391,0.000896859,6.20675e-08,2.33386e-08,2.8705e-09,4.99756e-10,9.93852e-13,9.65839e-17,0.00209085
2281,0,0,0,0,0,0,0,0,0
2282,0,0,0,0,0,0,0,0,0
2283,0.00297106,0.000157644,1.56786e-14,6.10397e-15,1.51274e-15,1.17515e-15,6.15001e-18,3.68546e-22,0.0031287
2284,0,0,0,0,0,0,0,0,0
2285,0.0909471,0.0334074,0.000670679,0.000292334,7.90012e-05,6.37227e-05,2.84865e-07,1.79792e-11,0.125461
2286,0.0510116,0.0264354,0.00663789,0.00284537,0.000719799,0.000496195,1.9447e-06,1.15893e-10,0.0881482
2287,0,0,0,0,0,0,0,0,0
2288,0.0193774,0.00346884,6.81244e-07,3.08748e-07,9.25811e-08,5.23227e-08,3.52226e-10,2.55167e-14,0.0228474
2289,0.000121476,7.81462e-07,5.92578e-13,1.51221e-13,2.58436e-14,5.01562e-15,6.33435e-18,9.18646e-23,0.000122258
2290,0.0799176,0.0393105,0.0106118,0.00553901,0.00159855,0.000676919,2.07021e-06,1.21308e-10,0.137657
2291,0.0212968,0.00442586,8.54379e-09,3.64241e-09,1.01651e-09,8.2518e-10,3.76658e-12,2.04867e-16,0.0257227
2292,0.0116141,0.00254837,2.4496e-09,9.76747e-10,2.01136e-10,1.3493e-10,5.10753e-13,3.55978e-17,0.0141625
2293,0,0,0,0,0,0,0,0,0
2294,0.00131865,6.12841e-05,2.10902e-11,7.21908e-12,1.37e-12,7.92069e-13,2.48663e-15,1.22103e-19,0.00137994
2295,0.0021403,0.00100079,0.00192672,0.000881322,0.000180332,5.20931e-05,1.15231e-07,7.64242e-12,0.00618168
2296,0,0,0,0,0,0,0,0,0
2297,0,0,0,0,0,0,0,0,0
2298,0,0,0,0,0,0,0,0,0
2299,0,0,0,0,0,0,0,0,0
2300,0,0,0,0,0,0,0,0,0
2301,3.91715e-05,4.1246e-07,1.26411e-20,3.03361e-21,3.69634e-22,5.71163e-23,8.07022e-26,2.26983e-30,3.9584e-05
2302,0,0,0,0,0,0,0,0,0
2303,0,0,0,0,0,0,0,0,0
2304,0,0,0,0,0,0,0,0,0
2305,7.48687e-06,2.23271e-09,3.62683e-15,7.54091e-16,9.87432e-17,1.35465e-17,2.13903e-20,3.60557e-25,7.48911e-06
2306,0.00466053,0.000569093,9.27709e-10,3.36005e-10,6.99872e-11,3.66988e-11,9.74281e-14,4.01093e-18,0.00522963
2307,3.26187e-05,6.18526e-06,1.1366e-05,3.54853e-06,3.69076e-07,4.40144e-08,4.98925e-11,2.69943e-15,5.41316e-05
2308,5.21269e-05,1.02131e-07,9.32841e-14,2.62125e-14,3.69519e-15,8.3429e-16,1.36586e-18,4.49459e-23,5.2229e-05
2309,8.77402e-05,1.52655e-06,4.38647e-19,1.03639e-19,1.24219e-20,3.40885e-21,7.30773e-24,2.5516e-28,8.92667e-05
2310,0.00523106,0.000643044,1.46432e-05,5.09034e-06,9.33462e-07,6.47848e-07,2.47965e-09,1.47832e-13,0.00589542
2311,0,0,0,0,0,0,0,0,0
2312,0,0,0,0,0,0,0,0,0
2313,0,0,0,0,0,0,0,0,0
2314,0,0,0,0,0,0,0,0,0
2315,6.92222e-07,3.74445e-09,3.90067e-29,4.84193e-30,2.3883e-31,8.87605e-33,5.1883e-36,7.96919e-41,6.95967e-07
2316,0,0,0,0,0,0,0,0,0
2317,2.54844e-05,1.1937e-07,7.5314e-14,1.55345e-14,1.74649e-15,3.95238e-16,7.33413e-19,1.80422e-23,2.56038e-05
2318,0,0,0,0,0,0,0,0,0
2319,3.14766e-05,1.68715e-06,1.34229e-15,1.78244e-16,1.14506e-17,1.02706e-18,4.96654e-22,4.72117e-27,3.31637e-05
2320,0,0,0,0,0,0,0,0,0
2321,0,0,0,0,0,0,0,0,0
2322,0.000320494,3.69829e-06,6.06025e-09,1.79928e-09,2.61758e-10,6.18602e-11,1.06068e-13,3.79656e-18,0.0003242
2323,0,0,0,0,0,0,0,0,0
2324,0,0,0,0,0,0,0,0,0
2325,0.00270196,0.000116681,0.000169982,6.08502e-05,1.14863e-05,3.37538e-06,2.073e-09,1.5824e-14,0.00306433
2326,0.0349407,0.00577792,0.00142091,0.000651494,0.00017456,0.000183987,7.62746e-07,4.53289e-11,0.0431504
2327,0,0,0,0,0,0,0,0,0
2328,0.000188221,2.38698e-06,1.75249e-11,4.5505e-12,6.84168e-13,1.98308e-13,4.01315e-16,1.03787e-20,0.000190608
2329,0,0,0,0,0,0,0,0,0
2330,0,0,0,0,0,0,0,0,0
2331,0.00506302,0.000428701,1.37081e-11,5.36473e-12,1.26556e-12,1.0197e-12,3.73462e-15,1.73911e-19,0.00549173
2332,0,0,0,0,0,0,0,0,0
2333,0,0,0,0,0,0,0,0,0
2334,2.0345e-05,3.94127e-07,6.78216e-14,1.10557e-14,9.22907e-16,1.11774e-16,1.13557e-19,1.6336e-24,2.07392e-05
2335,6.94282e-06,2.32085e-08,1.51934e-30,3.2752e-31,3.54716e-32,3.74863e-33,4.0378e-36,8.63206e-41,6.96603e-06
2336,0,0,0,0,0,0,0,0,0
2337,0,0,0,0,0,0,0,0,0
2338,0.0257224,0.0138257,0.00294211,0.00124331,0.000209749,6.0181e-05,1.10849e-07,7.43415e-12,0.0440035
2339,2.24236e-05,2.20967e-07,1.28103e-21,2.04831e-22,2.1152e-23,4.37818e-24,6.58572e-27,7.59232e-32,2.26445e-05
2340,0.0330748,0.0165723,0.00361767,0.00156608,0.000294537,0.000149767,3.19097e-07,1.83683e-11,0.0552754
2341,0.0318783,0.00743928,1.02043e-05,3.11956e-06,5.5749e-07,3.34129e-07,1.10426e-09,4.3424e-14,0.0393317
2342,9.18733e-06,1.32684e-08,1.72233e-19,3.83228e-20,4.71832e-21,7.97531e-22,1.36215e-24,3.05526e-29,9.20059e-06
2343,0,0,0,0,0,0,0,0,0
2344,0.000687495,5.12389e-05,9.1812e-10,2.28481e-10,3.79393e-11,6.3817e-12,1.19285e-14,2.17006e-19,0.000738735
2345,0,0,0,0,0,0,0,0,0
2346,0,0,0,0,0,0,0,0,0
2347,0.000391944,1.60872e-07,6.81594e-08,2.34961e-08,4.10467e-09,1.00096e-09,2.31919e-12,9.46111e-17,0.000392202
2348,9.96256e-05,1.23317e-06,2.41601e-11,6.18868e-12,7.97038e-13,1.55657e-13,3.26484e-16,1.06112e-20,0.000100859
2349,4.53388e-06,3.72742e-09,3.85708e-15,7.19392e-16,6.11189e-17,6.79798e-18,7.76065e-21,1.59656e-25,4.5376e-06
2350,0,0,0,0,0,0,0,0,0
2351,0.000409304,1.38193e-05,1.25729e-11,3.47942e-12,4.80944e-13,1.0884e-13,1.99057e-16,6.08336e-21,0.000423123
2352,0.00557729,0.000806593,5.88742e-10,1.97434e-10,4.31549e-11,2.6729e-11,8.50447e-14,2.72997e-18,0.00638389
2353,0,0,0,0,0,0,0,0,0
2354,2.17227e-05,1.07283e-06,1.30681e-16,1.7628e-17,6.85025e-19,1.34227e-20,4.26129e-24,2.57567e-29,2.27955e-05
2355,0.0258588,0.00830102,1.01e-05,3.91403e-06,1.04212e-06,6.1578e-07,2.40578e-09,8.33743e-14,0.0341755
2356,0.00591144,0.000812162,1.40146e-10,5.50073e-11,1.02306e-11,4.05135e-12,6.72049e-15,2.74281e-19,0.0067236
2357,5.83702e-06,1.35597e-08,8.79633e-16,1.75069e-16,1.43856e-17,1.17354e-18,8.77745e-22,1.74877e-26,5.85058e-06
2358,0,0,0,0,0,0,0,0,0
2359,0,0,0,0,0,0,0,0,0
2360,0,0,0,0,0,0,0,0,0
2361,0.00083353,6.00103e-05,2.95909e-09,3.88917e-10,1.5845e-11,4.56391e-13,1.76861e-16,2.63103e-21,0.000893543
2362,0.00723961,0.00308424,0.000399519,0.000132259,1.74483e-05,3.72026e-06,2.91915e-09,7.03148e-14,0.0108768
2363,0.00044805,1.30813e-05,1.74783e-10,4.5225e-11,6.3814e-12,2.62421e-12,4.38235e-15,1.01638e-19,0.000461131
2364,0,0,0,0,0,0,0,0,0
2365,0,0,0,0,0,0,0,0,0
2366,0.00428155,4.03663e-05,1.53731e-05,5.36653e-06,9.21086e-07,6.90919e-07,2.07321e-09,1.02466e-13,0.00434427
2367,0.000523347,4.46782e-05,5.51099e-07,1.3823e-07,1.31183e-08,2.95428e-09,2.96351e-12,9.66915e-17,0.000568731
2368,0.00751266,0.0014493,3.36698e-05,1.51778e-05,3.45969e-06,1.25184e-06,2.70811e-09,1.22351e-13,0.00901551
2369,0,0,0,0,0,0,0,0,0
2370,0.000253772,2.40669e-05,3.23071e-14,5.43569e-15,5.87757e-16,1.66422e-16,2.42392e-19,2.37497e-24,0.000277839
2371,0.000340199,1.41129e-05,3.8113e-14,1.00448e-14,1.35005e-15,4.30899e-16,6.32759e-19,1.51811e-23,0.000354312
2372,0.00338848,0.000274742,5.22953e-10,1.8508e-10,4.06266e-11,2.23922e-11,5.44712e-14,1.52033e-18,0.00366323
2373,6.37089e-06,2.98528e-08,5.60097e-27,1.0884e-27,9.83659e-29,1.63812e-29,1.73639e-32,3.27089e-37,6.40075e-06
2374,0.000110693,1.51474e-06,1.22514e-16,3.40717e-17,4.31718e-18,8.79559e-19,1.44164e-21,4.68138e-26,0.000112208
2375,0.000109032,2.06553e-06,2.9534e-10,7.70054e-11,5.56143e-12,8.58635e-13,8.05616e-16,4.29712e-20,0.000111098
2376,0.0476447,0.015598,0.00261148,0.00116002,0.000347779,0.000137962,4.04506e-08,4.25503e-13,0.0675
2377,0.0100433,0.00229923,9.3216e-06,3.01177e-06,6.15095e-07,4.87685e-07,7.83942e-10,1.41247e-14,0.012356
2378,0.00176412,8.36709e-05,6.72096e-11,2.26526e-11,4.99493e-12,2.59089e-12,5.70257e-15,1.27382e-19,0.00184779
2379,0.000357426,5.7304e-06,3.06353e-11,9.34731e-12,1.12862e-12,4.7328e-13,8.42075e-16,3.87265e-20,0.000363157
2380,0,0,0,0,0,0,0,0,0
2381,0.0019217,0.000149152,8.70852e-12,2.67736e-12,5.30027e-13,2.79587e-13,6.72636e-16,1.59651e-20,0.00207085
2382,0.0149613,0.0050028,2.69186e-07,1.13188e-07,1.94475e-08,7.18276e-09,1.64453e-11,1.00339e-15,0.0199646
2383,0,0,0,0,0,0,0,0,0
2384,4.72566e-06,5.95125e-08,9.66112e-21,1.52428e-21,6.92555e-23,9.42847e-24,5.77892e-27,1.4724e-31,4.78518e-06
2385,0.0523205,0.0263755,0.00647716,0.0025531,0.000680576,0.00060744,2.44183e-06,8.44781e-11,0.0890167
2386,0,0,0,0,0,0,0,0,0
2387,3.30975e-05,4.62387e-07,3.79186e-18,7.3516e-19,4.56769e-20,1.6977e-21,1.89895e-25,3.16525e-31,3.35599e-05
2388,0,0,0,0,0,0,0,0,0
2389,8.6018e-06,1.83791e-07,2.75959e-14,3.56693e-15,7.44622e-17,9.3123e-17,4.11292e-20,1.20894e-24,8.78559e-06
2390,0,0,0,0,0,0,0,0,0
2391,0.0028809,1.4835e-05,0.00101967,0.000415189,8.29223e-05,2.57113e-05,6.90503e-08,3.17538e-12,0.00443929
2392,0.000445486,3.46209e-05,5.35207e-13,1.36438e-13,1.89768e-14,2.1988e-15,3.41721e-18,6.93922e-23,0.000480107
2393,0,0,0,0,0,0,0,0,0
2394,3.96498e-06,5.65236e-09,3.67975e-21,7.11614e-22,9.55501e-23,5.91294e-24,3.87513e-29,1.90796e-32,3.97063e-06
2395,3.63382e-05,1.19517e-06,9.96391e-19,1.64957e-19,1.36654e-20,2.10326e-21,2.35147e-24,3.22246e-29,3.75334e-05
2396,1.64738e-05,6.05734e-07,4.99237e-15,7.80972e-16,2.74219e-17,4.43998e-19,2.79371e-22,6.29385e-27,1.70795e-05
2397,0,0,0,0,0,0,0,0,0
2398,0.000864524,0.000201931,3.92743e-08,8.26785e-09,8.93985e-10,1.27276e-10,1.72007e-13,2.87881e-18,0.0010665
2399,2.41483e-06,9.00157e-09,3.03751e-17,6.13479e-18,3.2848e-19,1.4765e-20,3.99546e-24,7.21299e-29,2.42383e-06
2400,0.000360397,2.01195e-05,1.07266e-19,2.61762e-20,3.1998e-21,1.86651e-22,3.98971e-25,1.26881e-29,0.000380517
2401,0.000283815,1.89932e-05,2.57992e-13,4.45432e-14,6.66263e-15,2.03359e-15,3.33418e-18,2.09007e-23,0.000302808
2402,1.55065e-05,4.87222e-07,7.3422e-18,1.04233e-18,5.36907e-20,1.08983e-21,8.91749e-27,9.96347e-32,1.59937e-05
2403,0,0,0,0,0,0,0,0,0
2404,0.010356,0.00213986,0.00024391,9.17082e-05,1.90952e-05,9.5872e-06,3.04106e-08,1.19863e-12,0.0128602
2405,1.64676e-05,4.10896e-06,4.24904e-15,1.00967e-15,8.02564e-17,1.41599e-17,5.87077e-21,1.92803e-25,2.05765e-05
2406,0,0,0,0,0,0,0,0,0
2407,0,0,0,0,0,0,0,0,0
2408,0,0,0,0,0,0,0,0,0
2409,3.9978e-06,2.31958e-07,1.08282e-10,2.91729e-11,3.07225e-12,6.59337e-13,8.6646e-16,2.88973e-20,4.2299e-06
2410,0.000623862,3.24654e-05,4.84257e-14,1.44536e-14,2.02503e-15,8.0677e-16,1.76798e-18,6.23817e-23,0.000656328
2411,0,0,0,0,0,0,0,0,0
2412,0.00012399,2.40502e-06,6.72584e-14,1.71685e-14,2.02306e-15,4.29283e-16,5.40674e-19,1.25774e-23,0.000126395
2413,1.50264e-05,4.91716e-07,2.60734e-12,3.46318e-13,2.35313e-14,1.81583e-15,1.59624e-18,1.41693e-23,1.55181e-05
2414,0,0,0,0,0,0,0,0,0
2415,0.000237621,2.71596e-05,5.2054e-12,1.61546e-12,2.25904e-13,4.87601e-14,7.68845e-17,2.38132e-21,0.000264781
2416,0.00425921,0.000317375,4.11215e-06,1.50012e-06,3.27631e-07,2.19378e-07,4.87848e-10,1.2379e-14,0.00458274
2417,1.57172e-05,1.10871e-07,9.8327e-14,1.96455e-14,5.46567e-16,8.0952e-17,7.29145e-19,1.61917e-23,1.58281e-05
2418,0,0,0,0,0,0,0,0,0
2419,0.0249476,0.00605419,6.41404e-09,2.9192e-09,7.63816e-10,3.49714e-10,1.54134e-12,7.75078e-17,0.0310018
2420,0,0,0,0,0,0,0,0,0
2421,0.00172181,0.000216405,1.44141e-08,3.89762e-09,6.04644e-10,2.41021e-10,4.853e-13,1.04131e-17,0.00193823
2422,0.00239803,0.000352202,3.62612e-10,1.09548e-10,1.62624e-11,6.78859e-12,1.38114e-14,4.08598e-19,0.00275024
2423,0.024903,0.00575793,1.89298e-05,6.28692e-06,1.19321e-06,4.49809e-07,1.33555e-09,4.48918e-14,0.0306878
2424,9.36298e-05,1.07781e-06,1.18793e-08,3.4734e-09,4.33654e-10,6.76148e-11,1.10178e-13,3.51475e-18,9.47234e-05
2425,1.15108e-06,2.65752e-09,2.60208e-29,4.22701e-30,2.75199e-31,3.05487e-32,1.637e-35,2.05753e-40,1.15374e-06
2426,0,0,0,0,0,0,0,0,0
2427,0.00489082,0.00044807,1.6227e-10,5.91814e-11,1.34475e-11,1.17117e-11,3.81405e-14,1.16826e-18,0.00533889
2428,0.00039886,1.21044e-05,7.65175e-13,2.18803e-13,3.28505e-14,1.57043e-14,3.71838e-17,1.06603e-21,0.000410964
2429,0,0,0,0,0,0,0,0,0
2430,0,0,0,0,0,0,0,0,0
2431,0,0,0,0,0,0,0,0,0
2432,0,0,0,0,0,0,0,0,0
2433,4.66814e-05,4.38209e-07,3.54229e-12,7.90547e-13,8.55989e-14,1.44029e-14,1.07617e-17,1.28252e-22,4.71196e-05
2434,2.48367e-05,1.3621e-07,7.3607e-13,1.6484e-13,1.40515e-14,1.67305e-15,1.09971e-18,1.88992e-23,2.49729e-05
2435,0.00941931,0.00218665,9.05832e-05,3.09966e-05,5.61026e-06,4.63828e-06,1.13098e-08,3.56813e-13,0.0117378
2436,1.73135e-06,3.23071e-10,2.41042e-15,3.58393e-16,3.56088e-17,3.79291e-18,2.4553e-21,1.16875e-26,1.73167e-06
2437,0,0,0,0,0,0,0,0,0
2438,0.0732409,0.0399476,0.0113566,0.00523917,0.00135731,0.00103174,4.1236e-06,1.92514e-10,0.132177
2439,0,0,0,0,0,0,0,0,0
2440,5.97744e-05,1.69934e-06,2.15403e-13,4.1428e-14,3.65948e-15,8.65816e-16,8.76905e-19,1.34535e-23,6.14738e-05
2441,0,0,0,0,0,0,0,0,0
2442,0.00041957,2.13639e-05,2.3016e-06,7.68445e-07,1.15514e-07,4.34615e-08,9.03801e-11,3.45255e-15,0.000444163
2443,2.63606e-05,2.9054e-07,8.90997e-17,1.87907e-17,1.84182e-18,3.32642e-19,4.8501e-22,9.89819e-27,2.66511e-05
2444,0.000195187,7.22464e-06,6.61578e-16,1.13879e-16,9.32207e-18,1.3234e-18,9.2527e-22,7.92196e-27,0.000202412
2445,0.000187049,2.11915e-10,1.21664e-14,3.84035e-15,7.16312e-16,4.31935e-16,1.344e-18,3.857e-23,0.000187049
2446,3.59099e-06,3.43132e-08,4.67901e-28,7.41051e-29,3.6563e-30,1.57828e-31,2.99375e-35,4.56787e-40,3.6253e-06
2447,4.85536e-06,4.21181e-08,1.21238e-18,9.8386e-20,9.71481e-21,1.41259e-21,1.68483e-24,1.51882e-31,4.89748e-06
2448,0,0,0,0,0,0,0,0,0
2449,0,0,0,0,0,0,0,0,0
2450,1.00953e-05,1.85215e-07,1.23929e-19,1.67973e-20,3.85643e-22,1.96416e-24,3.14523e-26,4.10675e-31,1.02805e-05
2451,1.34855e-06,4.31977e-08,6.98636e-08,9.52314e-09,7.71383e-10,2.0186e-10,2.06116e-13,1.33256e-18,1.47211e-06
2452,0,0,0,0,0,0,0,0,0
2453,0,0,0,0,0,0,0,0,0
2454,0.000101755,4.87621e-07,1.4017e-10,3.52941e-11,4.68952e-12,8.24111e-13,1.45659e-15,2.93088e-20,0.000102243
2455,7.75725e-06,4.69177e-08,2.94952e-25,4.44402e-26,4.62385e-27,7.22016e-28,7.84418e-31,5.1496e-36,7.80417e-06
2456,1.39934e-06,1.07855e-08,8.43646e-14,1.25147e-14,3.90838e-16,3.42207e-18,1.15665e-22,1.73902e-27,1.41013e-06
2457,3.28158e-06,1.58924e-08,1.88926e-12,4.72949e-13,7.36081e-14,7.11482e-15,7.7527e-18,7.71307e-23,3.29747e-06
2458,9.81804e-05,8.47749e-06,6.80367e-09,5.32628e-08,5.62894e-09,2.61151e-10,3.08716e-14,4.38396e-18,0.000106724
2459,0,0,0,0,0,0,0,0,0
2460,0,0,0,0,0,0,0,0,0
2461,0.000339234,1.21017e-05,9.25043e-09,2.68769e-09,3.26963e-10,5.24857e-11,5.05521e-14,1.09614e-18,0.000351348
2462,0,0,0,0,0,0,0,0,0
2463,3.98232e-05,1.25776e-06,2.43006e-14,4.95868e-15,3.96608e-16,2.56896e-17,2.88182e-20,6.09302e-25,4.1081e-05
2464,0,0,0,0,0,0,0,0,0
2465,8.9589e-05,2.02161e-06,1.0834e-10,2.61544e-11,2.30162e-12,3.29035e-13,2.75053e-16,5.90816e-21,9.16108e-05
2466,0,0,0,0,0,0,0,0,0
2467,4.45834e-06,5.62255e-08,1.2575e-15,1.64274e-16,8.74211e-18,7.53432e-19,4.86076e-22,5.08898e-27,4.51457e-06
2468,0.00081909,8.11344e-05,3.42807e-14,8.63361e-15,9.15667e-16,1.39882e-16,2.68364e-20,5.46602e-25,0.000900224
2469,1.49778e-06,3.72345e-09,1.42789e-26,2.48802e-27,1.69209e-28,1.23453e-29,7.89985e-33,1.15693e-37,1.50151e-06
2470,9.89534e-06,1.29501e-07,2.17425e-15,5.92413e-16,6.41843e-17,1.3128e-17,1.29581e-20,2.8387e-25,1.00248e-05
2471,9.67916e-06,1.28733e-07,3.90567e-23,7.19785e-24,4.73371e-25,1.86102e-26,4.32305e-30,3.34624e-35,9.8079e-06
2472,0,0,0,0,0,0,0,0,0
2473,0,0,0,0,0,0,0,0,0
2474,7.96722e-06,2.56815e-08,4.16087e-32,9.22127e-33,1.0423e-33,1.11652e-34,2.41518e-38,1.60674e-44,7.9929e-06
2475,0.000123541,2.12861e-06,4.00786e-21,9.64816e-22,1.4048e-22,3.45359e-23,4.63742e-26,6.7837e-31,0.000125669
2476,0.000142077,7.55683e-06,1.99969e-15,4.49952e-16,4.10773e-17,5.64744e-18,4.80919e-21,8.30636e-26,0.000149634
2477,5.73288e-05,6.35686e-09,8.23238e-17,1.41869e-17,1.14097e-18,2.3436e-19,2.0127e-22,2.42584e-27,5.73352e-05
2478,0.0821571,0.0442348,0.0129132,0.00599802,0.00160387,0.0012101,5.11314e-06,2.15824e-10,0.148122
2479,0.00199404,3.21838e-05,0.000424353,0.000149137,2.46737e-05,9.26416e-06,1.63893e-08,4.51318e-13,0.00263367
2480,6.34244e-05,4.16959e-07,1.71018e-08,4.54504e-09,5.13486e-10,1.57532e-10,2.07164e-13,4.80453e-18,6.38637e-05
2481,4.99903e-05,7.21013e-07,3.30704e-25,7.74149e-26,8.68487e-27,1.52759e-27,1.42462e-30,1.95542e-35,5.07113e-05
2482,0,0,0,0,0,0,0,0,0
2483,0.000401262,1.57998e-05,6.14285e-06,1.57346e-06,8.87026e-08,3.57301e-09,9.89771e-13,2.37667e-17,0.000424871
2484,0.000306221,1.05521e-05,4.11051e-06,1.02887e-06,1.258e-07,2.06727e-08,3.29622e-11,5.98729e-16,0.000322059
2485,0.00484813,0.000791616,2.40296e-07,7.69896e-08,1.486e-08,4.53499e-09,8.81469e-12,1.5119e-16,0.00564009
2486,0,0,0,0,0,0,0,0,0
2487,0.00595238,0.000471254,1.22508e-09,3.26823e-10,4.17613e-11,9.42933e-12,1.12234e-14,2.01368e-19,0.00642363
2488,0.00107705,9.68819e-05,5.14384e-12,1.30488e-12,1.7513e-13,1.49844e-13,2.90405e-16,5.6518e-21,0.00117393
2489,0,0,0,0,0,0,0,0,0
2490,0.00419018,0.000375181,1.54681e-09,5.89607e-10,1.17798e-10,6.61966e-11,1.40627e-13,3.74798e-18,0.00456536
2491,0,0,0,0,0,0,0,0,0
2492,1.2608e-06,5.94407e-09,9.19421e-17,1.3851e-17,5.89208e-19,1.67461e-20,6.36587e-24,8.72345e-29,1.26675e-06
2493,0.0455745,0.0205277,0.00444468,0.00179988,0.000444803,0.000314802,6.9652e-07,1.49225e-11,0.073107
2494,6.50471e-06,2.72217e-07,3.72935e-11,5.71163e-12,2.64448e-13,9.15794e-15,3.85851e-19,4.04415e-24,6.77697e-06
2495,0,0,0,0,0,0,0,0,0
2496,0.0176845,0.00618132,6.92497e-05,2.43258e-05,5.06833e-06,3.18826e-06,8.29758e-09,1.90763e-13,0.0239677
2497,0,0,0,0,0,0,0,0,0
2498,0.000371265,2.47303e-06,3.36863e-06,1.31063e-06,2.26039e-07,1.74663e-07,3.8444e-10,1.40367e-14,0.000378818
2499,0.00106598,0.000109817,1.28109e-11,3.21666e-12,3.59308e-13,1.98678e-13,1.5493e-16,2.5524e-21,0.0011758
2500,0.00183506,0.000180711,7.26478e-11,2.28676e-11,3.46213e-12,1.16617e-12,1.30924e-15,2.25227e-20,0.00201578
2501,0,0,0,0,0,0,0,0,0
2502,2.82201e-06,6.17428e-09,1.58168e-26,2.9702e-27,2.70208e-28,3.18761e-29,2.33697e-32,2.25159e-37,2.82818e-06
2503,0,0,0,0,0,0,0,0,0
2504,0,0,0,0,0,0,0,0,0
2505,0.000254411,1.21891e-05,5.68721e-15,2.34788e-16,8.65967e-18,2.68768e-18,1.41364e-23,5.23423e-29,0.000266601
2506,0.00126947,4.92805e-05,1.88636e-05,6.05645e-06,1.10562e-06,4.07875e-07,7.95512e-10,1.50861e-14,0.00134519
2507,0.000532483,3.12074e-05,6.94263e-16,1.74733e-16,2.47855e-17,1.01788e-17,2.07883e-20,3.56117e-25,0.00056369
2508,1.66039e-05,3.60237e-07,6.67057e-12,5.22659e-13,4.16407e-14,8.35002e-15,7.35442e-18,1.89896e-23,1.69641e-05
2509,1.1589e-05,4.03308e-08,7.02807e-24,1.46039e-24,1.42603e-25,4.16572e-26,4.74656e-29,6.81252e-34,1.16293e-05
2510,1.2321e-06,5.64776e-09,4.77835e-19,6.5716e-20,3.4054e-21,2.83401e-22,1.52338e-25,1.4915e-30,1.23775e-06
2511,8.20051e-06,9.05807e-08,1.75944e-19,2.75757e-20,2.06396e-21,2.04915e-22,1.27191e-25,1.01131e-30,8.29109e-06
2512,0,0,0,0,0,0,0,0,0
2513,0.000430866,5.69217e-05,2.26439e-12,4.66786e-13,4.10914e-14,7.68885e-15,5.53901e-18,7.54876e-23,0.000487788
2514,0.0416554,0.00937561,0.000500143,0.000246306,6.76474e-05,6.24137e-05,1.64672e-07,5.00071e-12,0.0519077
2515,1.03154e-05,4.13357e-08,5.05195e-22,8.44658e-23,5.5746e-24,8.96985e-25,6.73708e-28,8.55404e-33,1.03567e-05
2516,8.22672e-07,2.9046e-09,6.92327e-24,8.83447e-25,4.28505e-26,2.90635e-27,9.43231e-31,7.39787e-36,8.25576e-07
2517,0,0,0,0,0,0,0,0,0
2518,0,0,0,0,0,0,0,0,0
2519,0,0,0,0,0,0,0,0,0
2520,0,0,0,0,0,0,0,0,0
2521,0,0,0,0,0,0,0,0,0
2522,0,0,0,0,0,0,0,0,0
2523,9.43015e-05,1.58572e-07,4.65786e-07,1.29528e-07,1.79841e-08,2.29947e-09,4.51978e-12,9.11525e-17,9.50757e-05
2524,0,0,0,0,0,0,0,0,0
2525,0,0,0,0,0,0,0,0,0
2526,6.26056e-05,1.74962e-06,9.50361e-11,1.85204e-11,1.33509e-12,4.72319e-13,5.11731e-16,9.99751e-21,6.43553e-05
2527,2.00003e-06,1.61691e-08,7.74892e-24,1.03369e-24,5.62127e-26,2.97223e-27,1.28518e-30,9.5908e-36,2.0162e-06
2528,0,0,0,0,0,0,0,0,0
2529,0,0,0,0,0,0,0,0,0
2530,0.000302225,7.20671e-06,7.31468e-19,2.00942e-19,3.18496e-20,1.48827e-20,2.89825e-23,4.70492e-28,0.000309432
2531,1.27844e-05,1.97854e-07,5.30417e-19,9.63833e-20,6.19532e-21,5.3374e-22,2.85179e-25,3.5364e-30,1.29822e-05
2532,0.000645869,0.000140186,3.73917e-09,8.61627e-10,7.25549e-11,8.16478e-12,6.2978e-15,1.03758e-19,0.00078606
2533,0.00190761,0.000270111,7.28177e-09,2.48623e-09,3.25252e-10,4.69157e-11,8.92055e-14,3.17094e-18,0.00217773
2534,0,0,0,0,0,0,0,0,0
2535,0,0,0,0,0,0,0,0,0
2536,0,0,0,0,0,0,0,0,0
2537,0,0,0,0,0,0,0,0,0
2538,0,0,0,0,0,0,0,0,0
2539,0,0,0,0,0,0,0,0,0
2540,0,0,0,0,0,0,0,0,0
2541,1.23011e-06,1.15812e-07,3.04422e-10,4.67404e-11,1.45807e-12,2.28848e-14,1.94583e-19,2.45261e-24,1.34627e-06
2542,0.000273151,5.9426e-06,3.1819e-05,6.85705e-06,6.91179e-07,9.59873e-08,1.19822e-10,1.64499e-15,0.000318557
2543,0,0,0,0,0,0,0,0,0
2544,0.00121706,5.73702e-05,7.75271e-12,2.25082e-12,3.39745e-13,1.67694e-13,3.39008e-16,6.69496e-21,0.00127443
2545,0,0,0,0,0,0,0,0,0
2546,1.42341e-05,3.50537e-08,4.42911e-21,9.77208e-22,9.75094e-23,2.28523e-23,2.53837e-26,3.63214e-31,1.42691e-05
2547,0.00108767,5.4889e-05,8.97491e-13,2.55486e-13,4.2898e-14,4.48635e-14,9.52157e-17,1.53619e-21,0.00114256
2548,0.0299746,0.00926768,4.86037e-05,1.98631e-05,4.56534e-06,4.02149e-06,8.01748e-09,1.63449e-13,0.0393194
2549,4.66744e-06,5.03343e-10,5.66586e-14,9.18187e-15,6.04799e-16,4.52635e-17,1.67144e-20,1.05944e-25,4.66795e-06
2550,0,0,0,0,0,0,0,0,0
2551,0.00120885,0.000210408,7.97555e-13,1.94122e-13,1.96254e-14,5.36262e-15,4.06352e-18,6.14461e-23,0.00141926
2552,0,0,0,0,0,0,0,0,0
2553,0,0,0,0,0,0,0,0,0
2554,0,0,0,0,0,0,0,0,0
2555,0,0,0,0,0,0,0,0,0
2556,1.66781e-05,5.00282e-07,3.36058e-22,5.19022e-23,2.96883e-24,2.25978e-25,9.3951e-29,7.8866e-34,1.71784e-05
2557,5.74255e-06,2.11873e-08,4.83243e-23,8.22961e-24,8.23431e-25,1.54057e-25,1.52285e-28,1.03673e-33,5.76374e-06
2558,0,0,0,0,0,0,0,0,0
2559,0,0,0,0,0,0,0,0,0
2560,0,0,0,0,0,0,0,0,0
2561,0.000795025,7.41658e-05,2.29061e-12,5.90521e-13,6.37105e-14,3.39997e-14,4.87941e-17,9.87947e-22,0.000869191
2562,9.72321e-05,1.54201e-06,1.72627e-08,4.22151e-09,4.80135e-10,1.14436e-10,2.37797e-13,4.97901e-18,9.87962e-05
2563,0,0,0,0,0,0,0,0,0
2564,0,0,0,0,0,0,0,0,0
2565,8.73106e-05,5.10109e-06,3.60953e-11,8.0505e-12,4.68604e-13,4.5412e-14,1.53984e-17,2.34505e-22,9.24117e-05
2566,0,0,0,0,0,0,0,0,0
2567,0.12483,0.0544943,0.0148152,0.00798876,0.00265196,0.00143424,2.82123e-06,4.64383e-11,0.206217
2568,0,0,0,0,0,0,0,0,0
2569,0,0,0,0,0,0,0,0,0
2570,0,0,0,0,0,0,0,0,0
2571,0,0,0,0,0,0,0,0,0
2572,2.13278e-06,2.33577e-07,2.61068e-13,3.99923e-14,2.08314e-15,2.50408e-16,1.18815e-19,1.13699e-24,2.36636e-06
2573,0,0,0,0,0,0,0,0,0
2574,0,0,0,0,0,0,0,0,0
2575,6.69561e-05,8.47795e-07,3.35869e-23,7.45631e-24,9.57711e-25,4.12003e-25,5.34563e-28,5.11569e-33,6.78039e-05
2576,1.62301e-05,1.48282e-07,1.05312e-09,1.6773e-10,1.51758e-11,2.07949e-12,1.89951e-15,1.11028e-20,1.63796e-05
2577,2.12133e-05,1.85821e-06,2.36346e-13,1.64114e-13,1.13429e-14,9.52032e-16,5.21331e-19,1.38024e-22,2.30715e-05
2578,0.0174454,0.00238415,3.80022e-06,1.75859e-06,4.92694e-07,2.68352e-07,8.76326e-10,2.18019e-14,0.0198359
2579,0,0,0,0,0,0,0,0,0
2580,0.0001505,7.91487e-07,7.58001e-11,2.11755e-11,3.33131e-12,8.18185e-13,1.56004e-15,2.21286e-20,0.000151292
2581,0,0,0,0,0,0,0,0,0
2582,0,0,0,0,0,0,0,0,0
2583,0.000258443,6.0903e-05,1.67538e-05,2.14742e-06,1.98603e-07,2.70541e-08,1.94647e-11,2.01569e-18,0.000338473
2584,0,0,0,0,0,0,0,0,0
2585,0,0,0,0,0,0,0,0,0
2586,0.00147433,0.000166828,2.55685e-11,6.04597e-12,4.79318e-13,1.60175e-12,1.85283e-15,3.21197e-20,0.00164116
2587,0.000163424,6.47557e-06,1.24696e-14,2.69958e-15,2.85637e-16,4.86523e-17,1.32e-20,5.02981e-26,0.000169899
2588,0,0,0,0,0,0,0,0,0
2589,1.90304e-06,1.23646e-08,4.61974e-24,5.49923e-25,2.53791e-26,2.17414e-27,9.88283e-31,6.10078e-36,1.9154e-06
2590,6.04859e-06,1.45603e-08,2.04048e-12,2.13224e-13,9.94864e-15,1.89552e-15,9.1801e-19,2.11619e-24,6.06315e-06
2591,0,0,0,0,0,0,0,0,0
2592,0,0,0,0,0,0,0,0,0
2593,0.0105417,0.00252848,4.86965e-07,1.52219e-07,2.89775e-08,4.07803e-08,1.10286e-10,1.86469e-15,0.0130709
2594,0.000341399,7.19691e-06,1.2904e-18,3.43033e-19,5.50529e-20,2.74436e-20,4.32605e-23,4.5975e-28,0.000348596
2595,0.00085908,0.000196096,2.48486e-06,6.00187e-07,4.25768e-08,3.36822e-09,8.19645e-13,1.22781e-17,0.00105831
2596,0.0107278,0.00141401,4.80491e-08,1.95193e-08,3.94444e-09,5.43661e-09,1.50012e-11,4.22183e-16,0.0121419
2597,0,0,0,0,0,0,0,0,0
2598,0,0,0,0,0,0,0,0,0
2599,0,0,0,0,0,0,0,0,0
2600,0.000903622,5.08828e-05,1.23779e-07,3.23587e-08,3.94093e-09,1.39436e-09,1.55291e-12,2.01033e-17,0.000954666
2601,0,0,0,0,0,0,0,0,0
2602,6.13038e-06,5.59885e-08,1.13066e-19,1.64944e-20,8.20154e-22,9.63043e-23,2.93671e-26,2.42321e-31,6.18637e-06
2603,0,0,0,0,0,0,0,0,0
2604,0,0,0,0,0,0,0,0,0
2605,0,0,0,0,0,0,0,0,0
2606,0,0,0,0,0,0,0,0,0
2607,0.00276151,0.000440855,5.0592e-05,1.32973e-05,1.97404e-06,7.75203e-07,1.20908e-09,1.40444e-14,0.00326901
2608,0.0483076,0.0190957,0.00377797,0.00155019,0.00046035,0.000170868,2.91555e-07,2.80617e-12,0.0733629
2609,0.000388833,4.59791e-06,6.16174e-17,1.94188e-17,3.09995e-18,1.67642e-18,2.85897e-21,4.68975e-26,0.000393431
2610,0.00182459,9.07886e-05,9.95687e-19,3.21176e-19,6.15922e-20,7.06212e-20,1.78469e-22,2.92102e-27,0.00191538
2611,6.41025e-06,2.42426e-08,5.80058e-19,1.19486e-19,8.81391e-21,1.41356e-21,7.53775e-25,8.00153e-30,6.43449e-06
2612,0,0,0,0,0,0,0,0,0
2613,0.00178568,2.48644e-05,0.000750388,0.000285123,4.82464e-05,2.7598e-05,3.32422e-08,5.85813e-13,0.00292194
2614,0,0,0,0,0,0,0,0,0
2615,0,0,0,0,0,0,0,0,0
2616,0.00912419,0.00361219,0.000467632,0.000170772,2.01686e-05,2.21886e-06,1.46928e-09,2.83128e-14,0.0133972
2617,0.000159034,6.91201e-05,1.32057e-08,3.9202e-09,4.35799e-10,1.97217e-10,1.2782e-13,1.61878e-18,0.000228172
2618,0,0,0,0,0,0,0,0,0
2619,0.00147668,0.000117121,1.06591e-11,2.2327e-12,3.47208e-13,1.9817e-13,2.80194e-16,1.06027e-21,0.0015938
2620,0,0,0,0,0,0,0,0,0
2621,0,0,0,0,0,0,0,0,0
2622,0.00368469,0.000658358,5.5485e-05,1.63152e-05,2.27548e-06,8.1013e-07,1.10171e-09,1.56785e-14,0.00441794
2623,0.0128951,0.00195082,1.16234e-06,4.02956e-07,7.78731e-08,5.40767e-08,9.1719e-11,1.18358e-15,0.0148476
2624,0,0,0,0,0,0,0,0,0
2625,0.0126617,0.00395613,1.08821e-05,3.40417e-06,6.30817e-07,5.11199e-07,9.91188e-10,1.21204e-14,0.0166333
2626,0,0,0,0,0,0,0,0,0
2627,0.000275627,6.66966e-05,4.91751e-08,5.67668e-09,6.01208e-11,1.59709e-10,9.09734e-13,2.94293e-18,0.000342379
2628,0.00304194,0.000314665,1.04004e-10,3.16427e-11,5.98775e-12,3.54214e-12,5.75615e-15,5.77982e-20,0.00335661
2629,0,0,0,0,0,0,0,0,0
2630,4.42638e-06,1.3197e-08,2.84072e-18,4.55714e-19,3.91565e-20,6.2783e-21,4.35818e-24,2.18739e-29,4.43958e-06
2631,0,0,0,0,0,0,0,0,0
2632,0.00555449,0.000847933,1.02476e-08,3.63018e-09,5.20205e-10,1.52971e-10,1.8282e-13,3.40688e-18,0.00640244
2633,0.000137269,1.82396e-06,5.47227e-14,1.25326e-14,2.15791e-15,6.46648e-16,5.10814e-19,1.70464e-24,0.000139093
2634,5.74389e-05,1.09636e-06,7.83114e-15,1.50726e-15,1.61551e-16,3.48991e-17,3.05856e-20,1.84371e-25,5.85352e-05
2635,0,0,0,0,0,0,0,0,0
2636,0,0,0,0,0,0,0,0,0
2637,0.000824719,3.19379e-05,4.16629e-05,1.55692e-05,2.48173e-06,1.33e-06,2.06479e-09,4.41057e-14,0.000917702
2638,0,0,0,0,0,0,0,0,0
2639,3.15318e-05,8.24306e-07,6.22426e-13,9.74551e-14,6.81924e-15,6.25591e-16,2.24001e-19,1.21131e-24,3.23561e-05
2640,0.00107987,4.94797e-05,7.28002e-16,2.34565e-16,4.17326e-17,1.75761e-17,2.81347e-20,3.4185e-25,0.00112935
2641,0,0,0,0,0,0,0,0,0
2642,0.000727038,3.25905e-05,8.51502e-11,2.49888e-11,3.56022e-12,1.79437e-12,2.38579e-15,3.08341e-20,0.000759629
2643,0.00265175,0.000255053,6.24059e-10,1.9808e-10,3.44863e-11,1.56705e-11,2.51837e-14,3.17616e-19,0.00290681
2644,0,0,0,0,0,0,0,0,0
2645,0.000326728,5.99107e-05,1.70446e-09,2.6401e-10,1.59491e-11,1.17369e-12,9.11938e-17,5.16405e-22,0.000386641
2646,0.000130915,7.78761e-06,6.88569e-16,1.3237e-16,6.46936e-18,4.14947e-18,1.85275e-21,2.35877e-26,0.000138703
2647,0,0,0,0,0,0,0,0,0
2648,0.000166432,1.36495e-06,3.91761e-09,9.88114e-10,4.57213e-11,4.61124e-13,2.98945e-14,4.72636e-19,0.000167802
2649,0.000512457,2.5322e-05,1.62973e-16,4.07401e-17,5.97491e-18,1.99519e-18,2.50039e-21,1.94554e-26,0.000537779
2650,0,0,0,0,0,0,0,0,0
2651,0,0,0,0,0,0,0,0,0
2652,0.0442376,0.0218057,0.00494992,0.00198529,0.000354395,0.000527926,8.77391e-07,1.81552e-11,0.0738617
2653,0,0,0,0,0,0,0,0,0
2654,0.00710423,0.00148692,4.4356e-05,1.287e-05,2.3662e-06,1.87046e-06,3.21506e-09,2.89242e-14,0.00865261
2655,3.61671e-10,1.49184e-05,1.0308e-11,3.38387e-12,4.74953e-13,2.78024e-13,4.90318e-16,9.99427e-21,1.49187e-05
2656,0.00213727,4.17867e-05,9.66587e-05,3.86869e-05,6.42636e-06,3.54531e-06,5.32047e-09,1.14608e-13,0.00232438
2657,0.00416422,0.000631512,1.22869e-09,3.69419e-10,6.06916e-11,5.23435e-11,9.4406e-14,1.20429e-18,0.00479573
2658,0.000154581,1.02389e-05,1.06148e-07,2.72456e-08,4.19149e-09,2.74066e-09,3.79158e-12,2.76332e-17,0.00016496
2659,0,0,0,0,0,0,0,0,0
2660,4.69478e-05,3.55762e-07,1.74099e-16,2.85249e-17,2.30008e-18,2.5654e-19,1.52277e-22,7.63102e-28,4.73036e-05
2661,1.00191e-06,1.79082e-09,2.34983e-15,3.40602e-16,1.55368e-17,1.58017e-18,5.25929e-22,3.84455e-27,1.00371e-06
2662,0.000255577,6.32415e-06,1.83522e-07,4.41448e-08,5.30531e-09,2.04709e-09,2.42301e-12,2.32766e-17,0.000262136
2663,0.0453679,0.0137641,9.49666e-06,4.18506e-06,1.13934e-06,9.53909e-07,2.42608e-09,3.85398e-14,0.0591478
2664,0,0,0,0,0,0,0,0,0
2665,3.42533e-05,3.89136e-07,2.1192e-15,4.56482e-16,4.51146e-17,8.29432e-18,7.6393e-21,6.70514e-26,3.46424e-05
2666,0,0,0,0,0,0,0,0,0
2667,0.000547306,0.000112057,3.35368e-09,9.12765e-10,5.69362e-11,3.0914e-12,7.66937e-16,1.00929e-20,0.000659367
2668,0.00211146,5.56778e-05,2.2865e-07,7.81908e-08,1.54831e-08,7.52456e-09,1.21237e-11,1.34218e-16,0.00216747
2669,0.0060411,0.000856224,3.55304e-09,1.17608e-09,2.13816e-10,1.37383e-10,2.34674e-13,2.92415e-18,0.00689732
2670,0,0,0,0,0,0,0,0,0
2671,1.68398e-05,4.71008e-06,1.99014e-05,4.63279e-06,3.75349e-07,6.6633e-08,2.24645e-11,1.5689e-16,4.6526e-05
2672,0.000416912,7.39298e-06,2.9586e-15,9.12584e-16,1.62069e-16,6.91655e-17,4.8681e-20,2.72657e-25,0.000424305
2673,5.98594e-06,5.83044e-09,6.49082e-11,1.87241e-11,2.0677e-12,8.94093e-13,8.07228e-16,1.11341e-20,5.99186e-06
2674,0,0,0,0,0,0,0,0,0
2675,0,0,0,0,0,0,0,0,0
2676,0.000126861,9.37401e-06,3.03854e-07,5.12927e-08,7.73646e-10,3.33866e-12,2.25234e-16,4.53939e-21,0.000136591
2677,0,0,0,0,0,0,0,0,0
2678,0,0,0,0,0,0,0,0,0
2679,0,0,0,0,0,0,0,0,0
2680,0,0,0,0,0,0,0,0,0
2681,0,0,0,0,0,0,0,0,0
2682,0.000482588,1.24362e-05,2.2059e-14,6.91909e-15,1.02581e-15,3.47563e-16,3.46749e-19,3.72867e-24,0.000495025
2683,0,0,0,0,0,0,0,0,0
2684,0.00114958,3.6744e-05,1.14736e-09,3.75302e-10,7.2479e-11,4.10281e-11,6.07202e-14,5.74742e-19,0.00118633
2685,0,0,0,0,0,0,0,0,0
2686,1.88477e-05,2.18595e-07,7.80367e-20,1.48982e-20,1.18595e-21,2.29707e-22,1.49697e-25,1.10025e-30,1.90663e-05
2687,0.151979,0.0769916,0.0208728,0.00924366,0.00226305,0.00269976,7.83979e-06,1.54969e-10,0.264058
2688,4.22716e-06,3.15726e-08,4.98471e-20,7.63098e-21,4.22424e-22,3.26155e-23,1.16505e-26,6.35932e-32,4.25873e-06
2689,0,0,0,0,0,0,0,0,0
2690,0.0762632,0.0387044,0.0103978,0.00440535,0.00118774,0.00113502,3.58975e-06,5.74075e-11,0.132097
2691,5.8357e-06,1.40177e-07,3.01845e-14,5.36232e-15,3.77742e-16,2.91882e-17,1.51864e-20,1.01025e-25,5.97588e-06
2692,0.000364191,5.45399e-05,1.85572e-09,2.03125e-10,2.3808e-11,6.15284e-12,6.12069e-15,2.49849e-21,0.000418733
2693,1.66947e-05,2.35613e-07,8.94116e-16,1.15016e-16,5.8139e-18,7.84088e-19,1.12191e-22,3.80209e-28,1.69303e-05
2694,0,0,0,0,0,0,0,0,0
2695,0,0,0,0,0,0,0,0,0
2696,0,0,0,0,0,0,0,0,0
2697,0.000132247,2.85351e-06,6.58078e-11,1.73095e-11,1.99274e-12,1.58034e-13,8.52796e-17,5.6589e-22,0.000135101
2698,0.00133381,0.000120282,1.22518e-09,3.35596e-10,4.89368e-11,2.06008e-11,2.98666e-14,2.93715e-19,0.00145409
2699,0.00180515,5.62591e-05,0.000691186,0.000241713,4.2471e-05,3.16459e-05,3.52991e-08,3.45002e-13,0.00286847
2700,4.49129e-06,1.44122e-08,1.06561e-26,1.696e-27,1.75434e-28,5.05396e-29,4.23123e-32,1.5274e-37,4.50571e-06
2701,6.4403e-06,1.38813e-09,5.5865e-09,1.32621e-09,1.30402e-10,3.15794e-11,1.9846e-14,1.49766e-19,6.44876e-06
2702,0.00043127,1.17829e-05,2.26833e-09,6.44811e-10,9.03736e-11,2.84065e-11,2.96191e-14,2.6612e-19,0.000443056
2703,0.00171137,8.16437e-05,4.30039e-08,1.52354e-08,2.94305e-09,8.57809e-10,1.15438e-12,1.16611e-17,0.00179308
2704,0,0,0,0,0,0,0,0,0
2705,0,0,0,0,0,0,0,0,0
2706,4.91514e-05,8.11189e-07,1.06464e-17,2.07029e-18,2.13727e-19,5.15526e-20,4.1853e-23,2.22201e-28,4.99626e-05
2707,0.000308621,6.70013e-06,6.74078e-06,1.63669e-06,2.05785e-07,8.17624e-08,7.42659e-11,4.99212e-16,0.000323987
2708,0.000333577,1.16794e-05,4.69918e-18,1.23616e-18,1.6196e-19,4.8836e-20,5.13806e-23,4.60944e-28,0.000345257
2709,0,0,0,0,0,0,0,0,0
2710,5.414e-06,6.06272e-08,9.27487e-22,1.45929e-22,7.6197e-24,5.06698e-25,1.3266e-28,7.55821e-34,5.47463e-06
2711,0,0,0,0,0,0,0,0,0
2712,1.59874e-06,5.61415e-08,2.07827e-12,4.87754e-12,2.80847e-12,3.26381e-14,2.78723e-16,3.19326e-21,1.65489e-06
2713,0.00155255,0.000317629,1.91561e-10,5.00947e-11,5.8032e-12,1.02565e-12,1.29907e-15,1.48094e-20,0.00187018
2714,0.000219143,3.92456e-07,4.64401e-09,1.39503e-09,1.81154e-10,8.90493e-11,8.82638e-14,9.68416e-19,0.000219542
2715,0,0,0,0,0,0,0,0,0
2716,1.18103e-06,5.8624e-09,5.71316e-28,8.50197e-29,3.76753e-30,1.84784e-31,5.81923e-35,3.79695e-40,1.1869e-06
2717,0,0,0,0,0,0,0,0,0
2718,0.00186293,5.80296e-05,6.45073e-07,2.49957e-07,4.96949e-08,2.82191e-08,3.61406e-11,3.95422e-16,0.00192193
2719,1.30193e-05,2.36782e-07,1.67405e-15,2.1917e-16,1.49211e-17,1.17732e-18,6.96703e-22,2.31225e-27,1.32561e-05
2720,1.43393e-05,1.06681e-07,2.70184e-19,5.40934e-20,4.59429e-21,7.30439e-22,4.5498e-25,2.91055e-30,1.4446e-05
2721,0.00145845,0.000146479,6.17079e-10,1.73094e-10,2.67789e-11,7.38763e-12,1.31514e-14,1.32624e-19,0.00160493
2722,0.0001278,2.01398e-06,9.70129e-13,2.42768e-13,2.70602e-14,9.71379e-15,7.43981e-18,6.03746e-23,0.000129814
2723,0,0,0,0,0,0,0,0,0
2724,1.19834e-05,2.12783e-07,3.38104e-12,2.14093e-13,1.68494e-14,2.02816e-15,1.12803e-18,1.72695e-24,1.21961e-05
2725,0.00137812,4.5025e-05,7.40144e-05,1.90949e-05,2.4141e-06,6.44297e-07,4.93488e-10,3.08002e-15,0.00151931
2726,0,0,0,0,0,0,0,0,0
2727,2.52933e-05,2.49056e-06,4.19598e-10,8.41181e-11,7.24547e-12,1.66814e-12,9.76549e-16,4.94368e-21,2.77844e-05
2728,0.00281156,0.000274018,2.45564e-06,7.75063e-07,1.17292e-07,6.25619e-08,5.90433e-11,5.0899e-16,0.00308899
2729,0,0,0,0,0,0,0,0,0
2730,0.000506378,1.74696e-05,1.37676e-14,4.12092e-15,5.65293e-16,1.8638e-16,1.79256e-19,1.6785e-24,0.000523847
2731,0.00049194,4.10806e-05,4.80026e-12,1.17718e-12,1.00527e-13,5.10316e-14,3.36417e-17,3.52361e-22,0.000533021
2732,1.65018e-06,1.36647e-10,2.41848e-29,4.38846e-30,2.70886e-31,5.10134e-32,2.23688e-35,1.50568e-40,1.65032e-06
2733,5.24911e-05,8.33267e-07,2.27441e-19,4.92586e-20,5.962e-21,6.81066e-22,8.23586e-25,5.1752e-30,5.33244e-05
2734,0.00055241,2.1826e-05,8.88802e-11,1.65921e-11,1.45927e-12,2.83646e-13,1.6484e-16,8.13444e-22,0.000574236
2735,0,0,0,0,0,0,0,0,0
2736,0,0,0,0,0,0,0,0,0
2737,1.30758e-05,1.70878e-07,1.20805e-24,2.09125e-25,1.39981e-26,1.93968e-27,8.21281e-31,4.3671e-36,1.32466e-05
2738,0,0,0,0,0,0,0,0,0
2739,0,0,0,0,0,0,0,0,0
2740,0,0,0,0,0,0,0,0,0
2741,0,0,0,0,0,0,0,0,0
2742,0,0,0,0,0,0,0,0,0
2743,0,0,0,0,0,0,0,0,0
2744,0,0,0,0,0,0,0,0,0
2745,1.9566e-05,4.01977e-07,1.02752e-14,1.30776e-15,1.19874e-16,1.32186e-17,7.44361e-21,1.05132e-26,1.9968e-05
2746,1.10913e-05,1.18922e-07,2.7653e-20,4.00543e-21,2.12743e-22,1.53865e-23,5.77876e-27,2.84674e-32,1.12103e-05
2747,0.000464623,0.00119781,0.00057969,0.000171019,1.91899e-05,1.58602e-05,1.59293e-08,2.09222e-13,0.00244821
2748,0.000359223,1.11653e-05,5.24755e-13,7.2697e-14,7.30651e-15,2.14581e-15,2.01724e-18,3.26942e-24,0.000370388
2749,2.52639e-05,4.0019e-07,3.63769e-15,6.99945e-16,5.39242e-17,5.59712e-18,2.92427e-21,1.6824e-26,2.56641e-05
2750,7.57654e-06,9.211e-07,9.95186e-09,3.66076e-09,8.00655e-10,1.05281e-09,1.73107e-12,1.65362e-17,8.51311e-06
2751,0,0,0,0,0,0,0,0,0
2752,0.000109868,4.7583e-06,8.46375e-07,1.61624e-07,1.01703e-08,3.62149e-09,2.00512e-12,1.67213e-17,0.000115648
2753,0,0,0,0,0,0,0,0,0
2754,0,0,0,0,0,0,0,0,0
2755,0.000100051,1.02786e-06,9.19142e-06,2.24504e-06,2.44471e-07,1.08443e-07,9.31958e-11,6.49424e-16,0.000112869
2756,0,0,0,0,0,0,0,0,0
2757,0,0,0,0,0,0,0,0,0
2758,0.00011698,1.21624e-06,3.78516e-12,1.00714e-12,1.18284e-13,3.74716e-14,3.23755e-17,2.6103e-22,0.000118196
2759,0,0,0,0,0,0,0,0,0
2760,8.26055e-06,6.14075e-08,1.09041e-20,1.78255e-21,1.40933e-22,2.49415e-23,1.50037e-26,6.11084e-32,8.32195e-06
2761,0,0,0,0,0,0,0,0,0
2762,0.00976376,0.00166671,1.13434e-09,3.99901e-10,7.0212e-11,6.24311e-11,1.09077e-13,1.31979e-18,0.0114305
2763,0.000245866,6.60088e-06,7.40066e-21,1.83979e-21,2.65677e-22,6.92525e-23,6.34667e-26,3.20541e-31,0.000252467
2764,0.00220299,7.6473e-05,1.5205e-06,5.49056e-07,1.06655e-07,8.27193e-08,1.35894e-10,1.41076e-15,0.00228172
2765,0.000597756,2.13594e-05,4.42828e-14,1.20492e-14,2.07101e-15,8.10025e-16,7.82866e-19,3.58561e-24,0.000619115
2766,0.000123258,6.60497e-06,4.27555e-16,9.17331e-17,6.17393e-18,1.31763e-18,5.24079e-22,4.02984e-27,0.000129863
2767,7.23386e-06,1.6439e-08,2.42827e-11,3.12778e-12,2.21831e-13,2.93578e-14,1.4534e-17,3.294e-23,7.25033e-06
2768,0,0,0,0,0,0,0,0,0
2769,0,0,0,0,0,0,0,0,0
2770,0.000134998,1.64929e-05,1.28848e-11,3.14413e-13,2.67315e-14,7.21801e-15,6.60956e-18,9.57895e-22,0.000151491
2771,0.000282456,9.84342e-06,5.95201e-11,1.458e-11,1.92186e-12,3.41423e-13,2.70534e-16,1.35163e-21,0.0002923
2772,0,0,0,0,0,0,0,0,0
2773,4.68325e-05,1.36687e-08,7.43565e-15,2.14389e-15,2.56702e-16,4.68641e-17,3.21152e-20,2.42846e-25,4.68462e-05
2774,0,0,0,0,0,0,0,0,0
2775,7.08622e-05,2.25316e-06,9.27357e-17,1.47726e-17,1.51445e-18,3.24777e-19,2.38776e-22,5.64049e-28,7.31153e-05
2776,0.0162507,0.0049722,5.87796e-05,1.8584e-05,3.39953e-06,3.6521e-06,5.05387e-09,3.63408e-14,0.0213073
2777,0,0,0,0,0,0,0,0,0
2778,0.00244183,0.000203678,6.32563e-13,1.94061e-13,3.08956e-14,2.90201e-14,3.43696e-17,2.67329e-22,0.0026455
2779,0.0290313,0.00561739,1.67442e-06,5.03539e-07,9.70673e-08,7.62264e-08,1.17421e-10,1.04544e-15,0.0346511
2780,0,0,0,0,0,0,0,0,0
2781,0.00104998,4.65252e-05,1.32481e-09,4.21455e-10,5.87136e-11,3.76784e-11,3.58418e-14,3.26911e-19,0.00109651
2782,1.62408e-05,4.20534e-07,1.32311e-19,1.44729e-20,9.15073e-22,6.50816e-23,1.59628e-26,8.50928e-33,1.66613e-05
2783,0,0,0,0,0,0,0,0,0
2784,0.00618523,0.000790079,7.09608e-06,2.44249e-06,4.32307e-07,3.40255e-07,4.58561e-10,4.16428e-15,0.00698563
2785,0,0,0,0,0,0,0,0,0
2786,0,0,0,0,0,0,0,0,0
2787,0.00347449,0.000681256,1.80116e-07,5.13099e-08,5.19884e-09,5.83519e-09,6.05581e-12,7.22427e-17,0.00415599
2788,0,0,0,0,0,0,0,0,0
2789,0,0,0,0,0,0,0,0,0
2790,8.3895e-06,5.52854e-08,4.20097e-27,7.75261e-28,5.85292e-29,6.56295e-30,2.1602e-33,8.36651e-39,8.44478e-06
2791,7.71341e-06,3.87082e-08,1.03189e-14,1.7876e-15,1.40703e-16,2.30444e-17,1.05433e-20,3.67902e-26,7.75212e-06
2792,6.58572e-06,5.24227e-08,5.86538e-22,9.15381e-23,5.1031e-24,1.76529e-24,5.62288e-28,2.22365e-33,6.63814e-06
2793,0,0,0,0,0,0,0,0,0
2794,0.000288277,6.78063e-07,5.00505e-05,1.56708e-05,2.55474e-06,7.65428e-07,6.81623e-10,4.05274e-15,0.000357997
2795,1.38203e-07,1.44061e-08,4.0375e-17,2.88243e-18,2.2785e-19,2.68933e-20,1.40411e-23,7.65882e-30,1.52609e-07
2796,0.00150898,8.41191e-05,1.42163e-09,5.01283e-10,8.40335e-11,2.15034e-11,3.30313e-14,3.68295e-19,0.0015931
2797,1.56437e-05,2.02109e-07,2.12913e-19,3.63632e-20,2.68482e-21,2.47438e-22,5.65066e-26,1.44268e-31,1.58458e-05
2798,0,0,0,0,0,0,0,0,0
2799,0,0,0,0,0,0,0,0,0
2800,0,0,0,0,0,0,0,0,0
2801,0.000987889,6.13056e-05,2.54933e-06,7.09626e-07,1.05748e-07,2.60601e-08,2.23434e-11,1.15002e-16,0.00105259
2802,8.11827e-06,1.45687e-07,6.21146e-21,9.31895e-22,4.95722e-23,2.50462e-24,4.33073e-28,1.00693e-33,8.26396e-06
2803,2.91073e-06,1.76441e-08,1.00848e-17,1.30597e-18,8.05713e-20,6.26478e-21,2.8257e-24,7.007e-30,2.92837e-06
2804,0,0,0,0,0,0,0,0,0
2805,0,0,0,0,0,0,0,0,0
2806,0.00238701,0.00027341,6.48292e-05,1.62459e-05,2.47491e-06,1.43278e-06,1.51539e-09,6.45854e-15,0.00274541
2807,0,0,0,0,0,0,0,0,0
2808,0,0,0,0,0,0,0,0,0
2809,0,0,0,0,0,0,0,0,0
2810,0.0569095,0.0238674,0.00511022,0.00205313,0.000533958,0.00041811,6.56311e-07,4.47401e-12,0.0888929
2811,0.000194426,2.54532e-06,4.90037e-13,1.28436e-13,1.67905e-14,8.05486e-15,6.95756e-18,3.90205e-23,0.000196971
2812,0,0,0,0,0,0,0,0,0
2813,0.0329271,0.0108484,0.00161175,0.000705658,0.000145377,4.24158e-05,3.3423e-09,5.86457e-14,0.0462807
2814,9.07994e-06,6.39808e-07,3.16456e-15,4.86627e-17,2.32664e-18,9.84611e-20,2.93877e-23,3.15346e-27,9.71974e-06
2815,1.97885e-05,1.35741e-08,4.5188e-11,8.94128e-12,6.11185e-13,6.95576e-14,1.99039e-17,9.70123e-23,1.98022e-05
2816,0,0,0,0,0,0,0,0,0
2817,0.00181962,0.000125298,4.82333e-14,1.48957e-14,2.49481e-15,1.39073e-15,1.57479e-18,9.87679e-24,0.00194492
2818,0,0,0,0,0,0,0,0,0
2819,1.72081e-05,2.34466e-07,2.09302e-24,3.94088e-25,3.19024e-26,2.12562e-27,6.98527e-31,2.00132e-36,1.74425e-05
2820,0,0,0,0,0,0,0,0,0
2821,3.45247e-05,3.28567e-07,1.22716e-15,2.58228e-16,2.41157e-17,3.78942e-18,2.02508e-21,8.60054e-27,3.48533e-05
2822,0,0,0,0,0,0,0,0,0
2823,0.000167177,6.81207e-06,3.69777e-13,7.4037e-14,6.93954e-15,2.33515e-15,1.31816e-18,5.36576e-24,0.000173989
2824,0.0010276,7.43759e-05,1.82794e-11,4.83106e-12,6.63308e-13,2.58419e-13,2.39998e-16,1.27234e-21,0.00110198
2825,0,0,0,0,0,0,0,0,0
2826,0,0,0,0,0,0,0,0,0
2827,0,0,0,0,0,0,0,0,0
2828,0.000159452,3.61263e-06,1.51844e-10,3.66187e-11,4.06667e-12,1.23847e-12,7.7479e-16,3.65939e-21,0.000163065
2829,0.0187587,0.00596672,3.67276e-05,1.4534e-05,2.37807e-06,1.23783e-06,1.36771e-09,1.51054e-14,0.0247803
2830,0,0,0,0,0,0,0,0,0
2831,8.24018e-05,8.51139e-07,1.02318e-15,2.87279e-16,3.68815e-17,1.96247e-17,2.10487e-20,1.59715e-25,8.3253e-05
2832,2.39932e-06,6.66211e-08,3.40271e-16,1.55783e-17,5.4646e-19,5.37753e-20,8.22076e-24,5.04213e-30,2.46594e-06
2833,0,0,0,0,0,0,0,0,0
2834,0,0,0,0,0,0,0,0,0
2835,3.52493e-06,5.10837e-06,2.84478e-07,3.67755e-08,1.09717e-09,1.01221e-10,9.34703e-13,1.80846e-18,8.95575e-06
2836,0,0,0,0,0,0,0,0,0
2837,0,0,0,0,0,0,0,0,0
2838,0,0,0,0,0,0,0,0,0
2839,0,0,0,0,0,0,0,0,0
2840,0,0,0,0,0,0,0,0,0
2841,0,0,0,0,0,0,0,0,0
2842,0,0,0,0,0,0,0,0,0
2843,0.0019047,9.2308e-05,3.08814e-08,1.03233e-08,1.52959e-09,7.65869e-10,6.44544e-13,4.60109e-18,0.00199705
2844,4.75634e-06,8.81066e-09,5.8817e-11,7.12321e-12,3.74531e-13,2.23264e-14,4.26342e-18,5.77599e-24,4.76522e-06
2845,9.31541e-07,9.4777e-09,1.44312e-20,1.30727e-21,4.11653e-23,3.23229e-24,4.27258e-28,6.66087e-34,9.41019e-07
2846,8.24033e-06,5.25346e-08,1.40037e-19,1.92158e-20,9.30035e-22,1.03351e-22,2.30284e-26,6.40122e-32,8.29286e-06
2847,6.85754e-07,5.47445e-07,2.56862e-12,1.43554e-13,7.70111e-15,4.82762e-16,1.44298e-19,5.59248e-23,1.2332e-06
2848,0.000334355,6.09185e-06,4.92201e-13,1.46634e-13,2.02929e-14,1.10289e-14,1.30117e-17,1.01025e-22,0.000340447
2849,0,0,0,0,0,0,0,0,0
2850,0.000106727,1.55455e-06,6.23792e-13,1.45686e-13,1.7841e-14,4.31528e-15,2.4135e-18,7.50681e-24,0.000108281
2851,0,0,0,0,0,0,0,0,0
2852,1.64347e-06,4.02481e-09,1.21733e-20,1.74506e-21,1.13845e-22,1.85343e-23,1.10015e-26,3.54253e-32,1.6475e-06
2853,3.31067e-05,3.07928e-07,5.35717e-15,3.39942e-16,1.25701e-17,1.07662e-18,2.37981e-22,1.69547e-29,3.34147e-05
2854,1.58518e-05,6.36085e-08,6.95557e-11,1.2294e-11,6.28911e-13,5.37052e-14,1.20072e-17,4.89822e-23,1.59154e-05
2855,0,0,0,0,0,0,0,0,0
2856,0.00542262,0.000735275,3.94213e-11,1.30629e-11,2.26515e-12,1.69007e-12,2.45683e-15,1.86056e-20,0.0061579
2857,0,0,0,0,0,0,0,0,0
2858,8.33443e-06,7.1424e-08,1.57322e-16,2.51087e-17,1.22042e-18,8.52445e-20,8.97583e-24,3.12021e-29,8.40586e-06
2859,1.33679e-05,1.82155e-07,1.01844e-11,1.42748e-12,4.54189e-14,7.00337e-15,1.45546e-18,7.51927e-24,1.35501e-05
2860,0.00813319,0.00153115,8.35555e-05,2.50171e-05,4.46046e-06,3.64351e-06,5.3911e-09,3.05248e-14,0.00978103
2861,0,0,0,0,0,0,0,0,0
2862,0.0131095,0.00541262,0.000784164,0.000208209,3.83524e-05,2.52295e-05,3.25785e-08,1.18078e-13,0.0195781
2863,0,0,0,0,0,0,0,0,0
2864,0.0520979,0.0218138,0.00453282,0.00184916,0.000392347,0.000421096,4.61734e-07,3.18216e-12,0.0811076
2865,0,0,0,0,0,0,0,0,0
2866,0.000855207,8.93114e-05,3.67834e-13,9.49028e-14,9.53046e-15,3.56791e-15,2.4974e-18,1.61859e-23,0.000944518
2867,0.00536316,0.000830971,2.48316e-09,7.74445e-10,1.23602e-10,8.29031e-11,9.43127e-14,5.95939e-19,0.00619413
2868,0,0,0,0,0,0,0,0,0
2869,0,0,0,0,0,0,0,0,0
2870,0,0,0,0,0,0,0,0,0
2871,2.30876e-05,2.53992e-07,2.74884e-20,5.29811e-21,4.95721e-22,4.69297e-23,9.0322e-27,9.51691e-33,2.33416e-05
2872,1.27727e-05,1.4168e-08,6.33358e-16,1.61054e-16,2.02422e-17,5.80786e-18,3.9693e-21,1.60283e-26,1.27869e-05
2873,0.00431281,0.000527863,2.4603e-07,7.72347e-08,1.25888e-08,8.18244e-09,9.24558e-12,5.51751e-17,0.00484102
2874,0,0,0,0,0,0,0,0,0
2875,0.00105468,4.28945e-05,1.7876e-12,5.26788e-13,9.10614e-14,5.83576e-14,8.39992e-17,4.56683e-22,0.00109757
2876,0,0,0,0,0,0,0,0,0
2877,0,0,0,0,0,0,0,0,0
2878,0.000534614,2.78592e-05,9.36507e-09,2.28862e-09,2.60998e-10,1.6003e-10,1.06695e-13,4.29863e-19,0.000562485
2879,0.000288246,4.4204e-06,1.55869e-15,4.41214e-16,5.30992e-17,3.77624e-17,3.89959e-20,2.90515e-25,0.000292667
2880,0.000705664,1.32168e-05,8.5283e-12,2.95906e-12,5.69387e-13,2.64834e-13,3.58361e-16,2.22113e-21,0.00071888
2881,0,0,0,0,0,0,0,0,0
2882,0,0,0,0,0,0,0,0,0
2883,0,0,0,0,0,0,0,0,0
2884,0,0,0,0,0,0,0,0,0
2885,6.61575e-07,4.51459e-08,3.20994e-23,4.74202e-24,1.53074e-25,7.47306e-27,7.92603e-31,2.58354e-36,7.06721e-07
2886,0,0,0,0,0,0,0,0,0
2887,4.10989e-05,3.94603e-07,3.43054e-16,7.75141e-17,7.79727e-18,1.72221e-18,9.60271e-22,3.64753e-27,4.14935e-05
2888,2.34192e-05,1.19366e-05,1.19605e-08,3.49151e-09,3.55524e-10,7.56925e-11,3.57525e-14,2.24886e-19,3.53716e-05
2889,0,0,0,0,0,0,0,0,0
2890,0.00027644,1.56175e-05,1.86468e-13,3.49407e-14,3.3044e-15,1.24869e-15,8.86503e-19,2.88287e-24,0.000292057
2891,0.000658557,1.18487e-05,3.71666e-05,6.85082e-06,7.27328e-07,1.59949e-07,1.44539e-10,3.41965e-16,0.000715311
2892,1.51381e-05,3.73931e-08,3.22704e-11,4.76335e-12,1.40116e-13,4.50843e-13,1.48663e-16,6.73809e-22,1.51756e-05
2893,0.000230235,3.57953e-05,4.18309e-10,9.0384e-11,4.48278e-12,4.49474e-13,1.18474e-16,8.32555e-22,0.000266031
2894,0.000312901,8.79531e-06,8.31773e-13,2.08886e-13,2.43973e-14,1.55376e-14,1.05436e-17,4.46991e-23,0.000321696
2895,0.0047073,0.000731325,8.54073e-09,2.75381e-09,4.46744e-10,2.09464e-10,3.20679e-13,2.3857e-18,0.00543864
2896,0,0,0,0,0,0,0,0,0
2897,5.39996e-07,1.53239e-09,1.11134e-22,1.64554e-23,9.17715e-25,7.49894e-26,2.39911e-29,6.38693e-35,5.41529e-07
2898,0,0,0,0,0,0,0,0,0
2899,0,0,0,0,0,0,0,0,0
2900,1.25468e-06,2.998e-06,2.4488e-11,5.76838e-12,3.90529e-13,2.84119e-14,5.48925e-18,2.57251e-23,4.25271e-06
2901,0,0,0,0,0,0,0,0,0
2902,0.00669939,0.00159952,3.72142e-06,1.11674e-06,1.4508e-07,5.01586e-08,4.20273e-11,2.51558e-16,0.00830394
2903,0,0,0,0,0,0,0,0,0
2904,8.33955e-05,5.22594e-05,0.000102037,2.16776e-05,2.45038e-06,1.08271e-06,8.85342e-10,2.2909e-15,0.000262904
2905,0,0,0,0,0,0,0,0,0
2906,0,0,0,0,0,0,0,0,0
2907,0,0,0,0,0,0,0,0,0
2908,0.00150425,2.46624e-05,1.77068e-09,6.14196e-10,1.103e-10,6.97925e-11,6.40231e-14,3.20508e-19,0.00152891
2909,0.0217423,0.00479907,0.000169943,6.73644e-05,1.45057e-05,1.1966e-05,1.79849e-08,1.25269e-13,0.0268052
2910,0.000151397,2.23808e-06,5.87624e-19,1.62233e-19,2.01935e-20,5.32609e-21,2.35199e-24,7.87746e-30,0.000153635
2911,0,0,0,0,0,0,0,0,0
2912,0.000150173,3.26471e-06,9.91394e-17,2.41983e-17,2.59531e-18,5.72869e-19,2.72399e-22,9.78826e-28,0.000153438
2913,0.0309798,0.00927716,6.37269e-05,2.4968e-05,5.36955e-06,4.7333e-06,6.11641e-09,3.71514e-14,0.0403557
2914,0,0,0,0,0,0,0,0,0
2915,0,0,0,0,0,0,0,0,0
2916,0.000340205,1.22021e-05,3.90376e-16,9.60461e-17,9.31377e-18,2.1203e-18,1.72472e-22,3.7066e-28,0.000352407
2917,0,0,0,0,0,0,0,0,0
2918,1.77197e-05,2.46002e-07,2.90255e-21,4.8049e-22,3.65515e-23,6.79179e-24,2.64677e-27,5.83279e-33,1.79657e-05
2919,4.86032e-05,9.81534e-07,9.40059e-07,2.41016e-07,2.59962e-08,7.09714e-09,2.20181e-12,5.57172e-18,5.07989e-05
2920,0.0197258,0.00414724,9.60613e-08,3.71185e-08,7.61954e-09,8.50558e-09,1.28961e-11,9.07153e-17,0.0238732
2921,0,0,0,0,0,0,0,0,0
2922,0.00353781,0.000491691,6.41275e-11,2.15041e-11,2.74433e-12,1.41577e-12,1.43018e-15,1.26479e-20,0.0040295
2923,0,0,0,0,0,0,0,0,0
2924,0,0,0,0,0,0,0,0,0
2925,0.000314042,6.20994e-06,4.11697e-07,1.09191e-07,1.3026e-08,5.34639e-09,4.6803e-12,2.37612e-17,0.000320791
2926,0,0,0,0,0,0,0,0,0
2927,0,0,0,0,0,0,0,0,0
2928,0.0690821,0.0268517,0.00564679,0.0025627,0.000613526,0.000465646,4.03877e-07,2.05915e-12,0.105223
2929,4.59016e-06,9.24717e-09,7.8011e-16,1.35502e-16,8.70202e-18,4.33593e-19,9.41662e-23,2.33622e-28,4.59941e-06
2930,0.00520299,0.000648151,4.37723e-07,1.47666e-07,2.37289e-08,1.74829e-08,1.8981e-11,1.15445e-16,0.00585176
2931,6.0469e-05,1.11113e-06,4.57794e-07,7.32788e-08,3.00616e-09,1.66158e-09,1.39079e-13,2.72085e-19,6.21158e-05
2932,0,0,0,0,0,0,0,0,0
2933,0,0,0,0,0,0,0,0,0
2934,0.00027356,1.51117e-05,9.12768e-12,6.75043e-13,3.65822e-14,2.55324e-15,4.39204e-19,2.43223e-26,0.000288672
2935,1.81161e-06,6.62682e-09,1.12519e-24,1.59258e-25,9.98454e-27,7.14419e-28,1.43815e-31,1.80776e-37,1.81824e-06
2936,0,0,0,0,0,0,0,0,0
2937,0,0,0,0,0,0,0,0,0
2938,6.3671e-07,3.28725e-09,8.88717e-31,7.65985e-32,3.62872e-33,3.0357e-34,6.37578e-38,3.46712e-44,6.39997e-07
2939,0.00804394,0.00143384,2.74207e-05,7.88543e-06,1.12358e-06,1.02152e-06,9.55743e-10,4.24525e-15,0.00951524
2940,0.0198753,0.0063789,0.000826997,0.000315353,4.91782e-05,2.24545e-05,3.83847e-09,2.47208e-15,0.0274682
2941,0,0,0,0,0,0,0,0,0
2942,0,0,0,0,0,0,0,0,0
2943,9.9784e-07,7.17522e-09,4.19903e-21,4.49092e-22,1.33311e-23,7.22191e-25,5.07663e-29,8.65316e-35,1.00501e-06
2944,0,0,0,0,0,0,0,0,0
2945,9.70586e-06,1.59965e-07,2.59911e-22,3.67595e-23,1.85723e-24,1.22314e-25,1.75646e-29,3.09383e-35,9.86583e-06
2946,0.00485888,0.000680733,6.82291e-05,2.24832e-05,3.17936e-06,1.11242e-06,6.039e-10,2.57056e-15,0.00563462
2947,0,0,0,0,0,0,0,0,0
2948,0.000125918,1.07448e-06,1.93851e-10,3.70136e-11,3.25967e-12,9.11581e-13,5.16021e-16,1.88803e-21,0.000126993
2949,6.31797e-06,6.83868e-08,3.19975e-22,4.69753e-23,2.64526e-24,2.65926e-25,5.95792e-29,1.09738e-34,6.38636e-06
2950,5.21816e-05,9.30006e-07,4.1161e-15,5.15079e-16,2.40737e-17,2.71382e-18,5.93129e-22,1.11083e-27,5.31116e-05
2951,1.17819e-05,1.25808e-07,7.44512e-25,1.19373e-25,8.54489e-27,1.50431e-27,4.78474e-31,8.67339e-37,1.19077e-05
2952,0,0,0,0,0,0,0,0,0
2953,0,0,0,0,0,0,0,0,0
2954,4.33929e-05,5.94731e-07,6.66266e-19,1.33226e-19,1.10936e-20,2.59571e-21,9.78322e-25,2.51374e-30,4.39876e-05
2955,5.34849e-05,6.44566e-07,1.82787e-11,2.5746e-12,2.40671e-13,9.19291e-14,4.95967e-17,5.56167e-23,5.41294e-05
2956,0.0018821,0.000237025,4.47687e-10,1.17966e-10,1.43941e-11,7.42543e-12,4.55621e-15,1.59918e-20,0.00211912
2957,0,0,0,0,0,0,0,0,0
2958,0.00180277,0.000189994,2.78671e-05,6.54773e-06,8.07909e-07,2.73666e-07,1.47698e-10,3.67147e-16,0.00202826
2959,0,0,0,0,0,0,0,0,0
2960,0,0,0,0,0,0,0,0,0
2961,0,0,0,0,0,0,0,0,0
2962,1.96561e-06,1.09149e-07,1.30237e-17,1.43423e-18,4.69522e-20,2.83511e-21,4.96846e-25,9.36076e-31,2.07476e-06
2963,0,0,0,0,0,0,0,0,0
2964,0.00726101,0.000497075,0.000349227,0.000139195,2.70812e-05,1.33418e-05,5.38599e-09,1.11003e-14,0.00828693
2965,1.57339e-05,8.66379e-06,1.84538e-09,4.13293e-10,2.28416e-11,1.93112e-12,3.96952e-16,1.7998e-21,2.44e-05
2966,0,0,0,0,0,0,0,0,0
2967,0.000440876,2.59735e-05,2.46068e-13,5.62267e-14,6.28272e-15,1.57844e-15,8.5236e-19,2.33491e-24,0.00046685
2968,0,0,0,0,0,0,0,0,0
2969,0,0,0,0,0,0,0,0,0
2970,0,0,0,0,0,0,0,0,0
2971,8.0004e-05,4.98226e-06,3.34887e-09,5.62854e-10,3.24859e-11,5.81371e-12,2.27381e-15,7.38771e-21,8.49902e-05
2972,0,0,0,0,0,0,0,0,0
2973,0,0,0,0,0,0,0,0,0
2974,4.42284e-06,3.54915e-08,6.37733e-21,7.85096e-22,4.22576e-23,9.84314e-24,2.79786e-27,3.92523e-33,4.45834e-06
2975,9.9789e-07,2.34878e-09,9.03003e-23,1.22105e-23,6.80614e-25,7.70891e-26,2.28876e-29,4.01164e-35,1.00024e-06
2976,1.04173e-06,5.70171e-11,1.22043e-19,1.91215e-20,1.28196e-21,1.85953e-22,5.17436e-26,8.53629e-32,1.04179e-06
2977,0,0,0,0,0,0,0,0,0
2978,8.90284e-07,1.13464e-09,1.6212e-17,3.08796e-18,2.92234e-19,5.40094e-20,1.52446e-23,2.09389e-29,8.91418e-07
2979,0,0,0,0,0,0,0,0,0
2980,0.0136195,0.00358812,3.9696e-07,1.33687e-07,2.59433e-08,1.17178e-08,1.22013e-11,4.47815e-17,0.0172082
2981,0.000320726,2.12229e-05,6.56943e-13,1.45599e-13,1.47328e-14,2.54555e-15,1.29898e-18,3.48783e-24,0.000341949
2982,0.000120401,2.95117e-06,4.88693e-10,1.04278e-10,7.15356e-12,4.32611e-12,1.58224e-15,6.43396e-21,0.000123353
2983,0,0,0,0,0,0,0,0,0
2984,0.00549586,0.000955446,1.35256e-08,4.09775e-09,5.03118e-10,5.05852e-10,3.24274e-13,1.49167e-18,0.00645133
2985,0,0,0,0,0,0,0,0,0
2986,0,0,0,0,0,0,0,0,0
2987,0,0,0,0,0,0,0,0,0
2988,8.63369e-07,7.41334e-12,1.32875e-14,1.26771e-15,5.18767e-17,3.18827e-18,4.14068e-22,2.93676e-28,8.63376e-07
2989,0,0,0,0,0,0,0,0,0
2990,0,0,0,0,0,0,0,0,0
2991,0,0,0,0,0,0,0,0,0
2992,0.000890501,6.02314e-05,1.80992e-15,4.54012e-16,5.87178e-17,4.13626e-17,4.37007e-20,1.65163e-25,0.000950732
2993,0,0,0,0,0,0,0,0,0
2994,0.000337273,1.51325e-05,5.55344e-16,1.28723e-16,1.37017e-17,6.61425e-18,3.38107e-21,8.99954e-27,0.000352405
2995,0.0146583,0.00483038,2.21411e-05,7.38312e-06,8.96661e-07,1.73965e-06,1.50856e-09,1.04827e-14,0.0195208
2996,7.87523e-06,4.14979e-08,1.18951e-13,1.9127e-14,1.40749e-15,2.38371e-16,7.06389e-20,1.02866e-25,7.91673e-06
2997,0,0,0,0,0,0,0,0,0
2998,0,0,0,0,0,0,0,0,0
2999,0.0498019,0.0101816,6.75447e-05,2.94509e-05,7.24183e-06,5.29263e-06,3.83449e-09,1.06615e-14,0.060093
3000,1.29009e-05,2.3408e-07,7.38502e-26,1.07795e-26,5.69288e-28,1.18554e-28,2.54581e-32,4.06981e-38,1.31349e-05
3001,0,0,0,0,0,0,0,0,0
3002,0,0,0,0,0,0,0,0,0
3003,0.000942498,0.00027494,1.47148e-05,2.68209e-06,2.07023e-07,1.74349e-08,1.49277e-12,4.87589e-19,0.00123506
3004,0,0,0,0,0,0,0,0,0
3005,0.0105189,0.00105706,0.000545095,0.000207982,4.10171e-05,3.59783e-05,3.37666e-08,1.4085e-13,0.012406
3006,0,0,0,0,0,0,0,0,0
3007,0.0466054,0.0147277,0.000254884,0.000107523,2.79826e-05,1.74119e-05,2.51503e-08,1.09109e-13,0.0617409
3008,0,0,0,0,0,0,0,0,0
3009,0,0,0,0,0,0,0,0,0
3010,0,0,0,0,0,0,0,0,0
3011,2.70053e-05,4.0294e-07,9.43819e-11,1.59862e-11,6.12756e-13,5.39924e-14,9.49461e-18,3.36045e-23,2.74084e-05
3012,5.03742e-05,1.247e-06,6.29165e-12,1.1152e-12,7.43579e-14,2.06821e-14,4.9361e-18,9.07825e-24,5.16212e-05
3013,0,0,0,0,0,0,0,0,0
3014,0.00626531,0.00057657,8.17964e-13,3.05606e-13,6.20067e-14,4.25731e-14,5.10912e-17,2.27017e-22,0.00684188
3015,0,0,0,0,0,0,0,0,0
3016,6.89937e-07,1.94046e-09,4.83776e-34,5.78461e-35,2.90107e-36,2.32332e-37,3.88196e-41,3.72549e-47,6.91878e-07
3017,6.30486e-05,5.93878e-07,1.55014e-09,3.49717e-10,3.35836e-11,9.30711e-12,3.85278e-15,9.25265e-21,6.36444e-05
3018,0.00397049,0.00036699,2.30407e-10,7.95339e-11,1.30846e-11,8.56308e-12,7.9132e-15,3.46742e-20,0.00433748
3019,2.35878e-06,2.84968e-09,4.57826e-21,8.33598e-22,6.27224e-23,8.6034e-24,2.95066e-27,5.87179e-33,2.36163e-06
3020,0,0,0,0,0,0,0,0,0
3021,0.000483851,1.8328e-05,2.1284e-16,5.28692e-17,7.54128e-18,2.22318e-18,1.53471e-21,3.24978e-27,0.000502179
3022,0,0,0,0,0,0,0,0,0
3023,2.2755e-05,9.3826e-07,1.89569e-16,1.64418e-17,9.99431e-19,3.54974e-19,1.15704e-22,1.31314e-29,2.36933e-05
3024,5.28021e-05,1.18e-06,8.38704e-18,1.53758e-18,1.25794e-19,2.69732e-20,7.4733e-24,1.12763e-29,5.39821e-05
3025,8.35638e-05,1.08878e-05,3.67887e-11,5.01009e-12,2.23001e-13,1.53436e-14,2.81596e-18,4.6987e-24,9.44517e-05
3026,0.00117181,8.2314e-05,4.69311e-11,1.29899e-11,1.95638e-12,3.1339e-13,5.94789e-17,4.17876e-23,0.00125412
3027,8.60202e-06,7.24506e-08,8.83628e-24,1.57151e-24,9.55976e-26,1.11995e-26,3.12237e-30,7.3884e-36,8.67447e-06
3028,0.000644854,8.75217e-05,1.34367e-09,2.35154e-10,2.4568e-11,1.0451e-11,5.53331e-15,7.01758e-21,0.000732377
3029,2.11621e-05,1.53789e-07,4.00914e-19,7.55513e-20,6.6429e-21,2.61559e-21,1.29062e-24,2.63499e-30,2.13158e-05
3030,4.3165e-06,2.23525e-08,2.30216e-20,3.47854e-21,2.01555e-22,3.06848e-23,8.62767e-27,1.47699e-32,4.33885e-06
3031,1.11687e-05,6.08252e-08,1.44702e-20,2.41886e-21,2.06875e-22,4.51221e-23,1.696e-26,2.25472e-32,1.12296e-05
3032,1.19541e-06,2.15307e-09,2.52667e-23,2.94671e-24,1.35876e-25,1.01806e-26,7.80487e-31,6.84012e-37,1.19757e-06
3033,0,0,0,0,0,0,0,0,0
3034,0.0464598,0.0134315,0.00011777,5.24414e-05,1.21255e-05,9.5743e-06,9.32019e-09,4.00606e-14,0.0600832
3035,0,0,0,0,0,0,0,0,0
3036,4.32536e-06,8.06721e-08,2.83632e-21,2.69198e-22,1.46586e-23,1.86698e-24,5.39285e-28,3.27772e-34,4.40603e-06
3037,0,0,0,0,0,0,0,0,0
3038,4.42227e-05,4.65878e-07,4.89502e-21,9.42233e-22,8.46047e-23,2.61449e-23,9.56596e-27,1.55974e-32,4.46886e-05
3039,1.78642e-05,1.95571e-09,2.26957e-13,3.72695e-14,2.42974e-15,7.70706e-16,1.51637e-19,1.87277e-25,1.78661e-05
3040,2.15392e-05,2.60554e-07,4.66972e-18,9.32269e-19,6.27979e-20,9.15818e-21,2.99925e-24,8.15492e-30,2.17998e-05
3041,3.16459e-06,3.97507e-08,7.55359e-23,9.61723e-24,3.38943e-25,3.72527e-26,4.46144e-30,7.39637e-36,3.20434e-06
3042,0,0,0,0,0,0,0,0,0
3043,3.13936e-05,1.75782e-07,8.05213e-10,1.70808e-10,1.33097e-11,4.68137e-12,1.38012e-15,3.06522e-21,3.15703e-05
3044,0,0,0,0,0,0,0,0,0
3045,4.81231e-05,6.44574e-07,8.72313e-21,1.89943e-21,1.54746e-22,4.23275e-23,1.96847e-26,5.9095e-32,4.87677e-05
3046,0.00442877,0.00191177,0.000212957,6.62419e-05,5.67857e-06,6.39897e-07,1.77839e-10,7.6283e-16,0.00662606
3047,0,0,0,0,0,0,0,0,0
3048,0,0,0,0,0,0,0,0,0
3049,0.00121288,8.91444e-05,1.0054e-08,2.59432e-09,2.88883e-10,3.20916e-10,1.69688e-13,4.73362e-19,0.00130204
3050,0,0,0,0,0,0,0,0,0
3051,0.00707029,0.00197975,9.00993e-06,2.54914e-06,3.54397e-07,2.04424e-07,1.31583e-10,3.48419e-16,0.00906216
3052,0,0,0,0,0,0,0,0,0
3053,0,0,0,0,0,0,0,0,0
3054,0,0,0,0,0,0,0,0,0
3055,0,0,0,0,0,0,0,0,0
3056,0,0,0,0,0,0,0,0,0
3057,0,0,0,0,0,0,0,0,0
3058,0.0565763,0.0238049,0.00429545,0.0015608,0.000270895,0.000272698,2.30201e-07,8.12207e-13,0.0867813
3059,1.00346e-06,2.4096e-09,1.6799e-18,2.03895e-19,8.14579e-21,2.37982e-21,3.96291e-25,5.16409e-31,1.00587e-06
3060,0.0336674,0.00837198,5.52086e-05,2.23231e-05,4.63626e-06,2.99842e-06,2.05577e-09,6.19022e-15,0.0421246
3061,0,0,0,0,0,0,0,0,0
3062,0,0,0,0,0,0,0,0,0
3063,0.000389831,2.17021e-05,1.206e-12,2.78621e-13,2.94062e-14,7.27457e-15,2.15126e-18,3.1929e-24,0.000411533
3064,7.96898e-05,6.41313e-06,2.23412e-08,4.785e-09,3.06017e-10,4.46783e-11,9.51657e-15,2.28069e-20,8.61304e-05
3065,0.0234695,0.00992335,0.00166915,0.000498873,8.9383e-05,9.81482e-05,1.02512e-07,2.54923e-13,0.0357486
3066,0.000140366,1.77027e-05,6.43882e-11,1.1301e-11,5.82282e-13,6.83955e-14,1.59836e-17,3.86232e-23,0.000158069
3067,0,0,0,0,0,0,0,0,0
3068,1.08047e-05,8.79427e-08,2.20062e-20,3.62923e-21,2.53045e-22,3.65447e-23,7.87032e-27,9.39483e-33,1.08926e-05
3069,0,0,0,0,0,0,0,0,0
3070,1.00226e-06,1.45501e-06,7.76156e-07,9.32005e-08,2.36812e-09,1.44411e-10,1.70023e-14,2.78493e-20,3.32914e-06
3071,2.77841e-05,4.34947e-07,3.02744e-13,5.33802e-14,3.87669e-15,7.01672e-16,2.57824e-19,4.6161e-25,2.8219e-05
3072,0,0,0,0,0,0,0,0,0
3073,0.00405602,0.000252042,5.2323e-09,1.95596e-09,3.46584e-10,3.09753e-10,2.8814e-13,1.16813e-18,0.00430807
3074,4.08197e-06,1.22423e-07,1.6094e-19,1.71771e-20,5.76492e-22,2.061e-23,2.34031e-27,2.26559e-33,4.20439e-06
3075,0,0,0,0,0,0,0,0,0
3076,0,0,0,0,0,0,0,0,0
3077,0,0,0,0,0,0,0,0,0
3078,0,0,0,0,0,0,0,0,0
3079,0,0,0,0,0,0,0,0,0
3080,0.000526939,3.52539e-05,7.95215e-09,2.3286e-09,2.93382e-10,1.9892e-10,1.7028e-13,6.09483e-19,0.000562203
3081,0,0,0,0,0,0,0,0,0
3082,1.08793e-05,8.67512e-08,9.0619e-23,1.4297e-23,9.59811e-25,3.40323e-25,1.1156e-28,1.65776e-34,1.0966e-05
3083,0,0,0,0,0,0,0,0,0
3084,7.56575e-06,4.26738e-06,2.00281e-08,6.85009e-09,9.53717e-10,2.83999e-10,1.79325e-13,6.62542e-19,1.18613e-05
3085,0.000939319,7.18904e-05,3.79207e-11,9.6966e-12,1.19157e-12,3.93884e-13,1.82457e-16,3.51681e-22,0.00101121
3086,0.000205753,2.23475e-06,9.70221e-07,2.05139e-07,1.56686e-08,5.79863e-09,1.81454e-12,3.79185e-18,0.000209184
3087,6.00552e-05,6.96485e-08,8.52339e-15,2.05246e-15,2.29412e-16,5.91766e-17,2.18009e-20,3.79668e-26,6.01249e-05
3088,0,0,0,0,0,0,0,0,0
3089,1.47048e-06,8.34336e-08,6.0414e-08,6.27761e-09,3.33371e-10,2.92936e-11,5.8277e-15,2.38764e-21,1.62097e-06
3090,0,0,0,0,0,0,0,0,0
3091,0.00167312,0.000115134,4.30812e-10,1.09561e-10,1.11506e-11,2.12871e-12,1.16356e-16,5.80153e-22,0.00178826
3092,0,0,0,0,0,0,0,0,0
3093,0,0,0,0,0,0,0,0,0
3094,0,0,0,0,0,0,0,0,0
3095,0,0,0,0,0,0,0,0,0
3096,0,0,0,0,0,0,0,0,0
3097,0,0,0,0,0,0,0,0,0
3098,0,0,0,0,0,0,0,0,0
3099,3.44615e-06,7.5924e-08,1.01249e-13,9.21638e-15,2.68011e-16,1.48628e-17,5.51407e-22,3.48557e-28,3.52207e-06
3100,0.0128358,0.00229377,3.29804e-08,1.12962e-08,2.26111e-09,2.01924e-09,1.9871e-12,5.07761e-18,0.0151296
3101,0,0,0,0,0,0,0,0,0
3102,0,0,0,0,0,0,0,0,0
3103,1.40756e-05,1.65867e-07,4.23619e-14,5.32064e-15,3.04772e-16,4.19888e-17,1.1433e-20,1.78227e-26,1.42415e-05
3104,0,0,0,0,0,0,0,0,0
3105,4.2693e-05,0.000349104,0.0005141,0.000174113,1.97704e-05,6.58929e-06,4.36302e-09,2.21728e-14,0.00110637
3106,0.00655489,0.00116514,3.19262e-09,9.45422e-10,1.35923e-10,1.3318e-10,8.61899e-14,2.11183e-19,0.00772004
3107,0,0,0,0,0,0,0,0,0
3108,0.00399562,0.000655172,7.4422e-09,2.18166e-09,2.91805e-10,1.41829e-10,6.4934e-14,1.36427e-19,0.0046508
3109,0,0,0,0,0,0,0,0,0
3110,4.74371e-06,3.66581e-08,7.13437e-25,1.03447e-25,5.88992e-27,9.48399e-28,2.1995e-31,2.54954e-37,4.78037e-06
3111,0,0,0,0,0,0,0,0,0
3112,0.000200212,7.56588e-06,1.11862e-16,2.5269e-17,2.33583e-18,6.43234e-19,1.74155e-22,2.47318e-28,0.000207778
3113,0.00901713,0.00102413,0.000420351,0.000147591,2.58245e-05,2.71429e-05,2.49813e-08,7.95629e-14,0.0106622
3114,0,0,0,0,0,0,0,0,0
3115,0,0,0,0,0,0,0,0,0
3116,0,0,0,0,0,0,0,0,0
3117,0.000281054,1.36353e-05,2.73135e-13,5.87598e-14,3.61108e-15,5.23923e-17,1.17409e-19,1.2425e-25,0.000294689
3118,0,0,0,0,0,0,0,0,0
3119,0,0,0,0,0,0,0,0,0
3120,0,0,0,0,0,0,0,0,0
3121,0,0,0,0,0,0,0,0,0
3122,0,0,0,0,0,0,0,0,0
3123,0,0,0,0,0,0,0,0,0
3124,0,0,0,0,0,0,0,0,0
3125,2.55212e-05,2.25707e-07,6.25138e-18,1.00531e-18,8.01805e-20,2.14311e-20,8.26756e-24,8.75057e-30,2.57469e-05
3126,0.000112823,5.62678e-06,6.12201e-07,1.50235e-07,1.34184e-08,3.89916e-09,1.23914e-12,2.62224e-18,0.00011923
3127,8.29713e-05,1.91311e-06,8.20027e-17,1.39451e-17,1.49991e-18,2.66567e-19,9.73784e-23,5.79869e-29,8.48844e-05
3128,0,0,0,0,0,0,0,0,0
3129,0,0,0,0,0,0,0,0,0
3130,0.00176695,0.000117431,1.59156e-08,4.53225e-09,6.95986e-10,3.77495e-10,2.25547e-13,3.96998e-19,0.00188441
3131,0.0155868,0.00622083,0.000899926,0.000273833,3.61282e-05,3.79313e-05,1.90249e-08,4.54526e-14,0.0230555
3132,0.00511071,0.00081985,2.04881e-08,4.3858e-09,4.18908e-10,3.32384e-10,2.4203e-13,5.26089e-19,0.00593059
3133,0,0,0,0,0,0,0,0,0
3134,0,0,0,0,0,0,0,0,0
3135,0,0,0,0,0,0,0,0,0
3136,0,0,0,0,0,0,0,0,0
3137,0.000232451,4.30433e-06,1.50608e-13,4.15708e-14,5.41336e-15,1.2272e-15,4.69929e-19,7.21826e-25,0.000236755
3138,0.000469704,6.15765e-06,2.97719e-08,8.39821e-09,9.69865e-10,8.67103e-10,5.91378e-13,1.80346e-18,0.000475902
3139,0,0,0,0,0,0,0,0,0
3140,5.2047e-06,4.43506e-08,9.3569e-25,1.38923e-25,8.07034e-27,7.29776e-28,1.229e-31,1.0785e-37,5.24905e-06
3141,0.00440917,0.000709438,2.26635e-10,6.54206e-11,9.6335e-12,4.79018e-12,2.78803e-15,5.17031e-21,0.00511861
3142,0,0,0,0,0,0,0,0,0
3143,0.00108527,7.42674e-05,2.35129e-08,6.57269e-09,8.13356e-10,2.27565e-10,1.25004e-13,2.77888e-19,0.00115957
3144,4.65717e-06,3.57228e-08,7.02578e-25,1.12384e-25,5.79108e-27,3.56719e-28,5.23132e-32,6.19916e-38,4.69289e-06
3145,2.53168e-06,8.32143e-10,2.95975e-16,3.95877e-17,2.1109e-18,2.14158e-19,3.6422e-23,2.7306e-29,2.53252e-06
3146,0.0375144,0.0140274,0.00243572,0.000821979,0.000150364,0.000187894,1.53204e-07,3.49032e-13,0.0551379
3147,0,0,0,0,0,0,0,0,0
3148,4.50714e-06,1.98436e-08,3.15647e-19,4.06843e-20,8.43507e-22,6.50255e-23,2.43491e-25,2.89133e-31,4.52698e-06
3149,0,0,0,0,0,0,0,0,0
3150,4.88293e-05,4.8114e-07,2.60182e-19,4.88522e-20,4.89783e-21,6.52085e-22,6.08292e-26,2.06429e-32,4.93105e-05
3151,3.86505e-06,1.14214e-08,1.4626e-20,2.31441e-21,1.64728e-22,3.15525e-23,6.01178e-27,4.36607e-33,3.87647e-06
3152,0.000147588,1.55959e-05,1.97805e-12,2.9564e-13,2.37299e-14,3.14786e-15,8.20825e-19,5.07316e-25,0.000163184
3153,0,0,0,0,0,0,0,0,0
3154,0,0,0,0,0,0,0,0,0
3155,4.20129e-05,3.72744e-07,1.40704e-16,2.96764e-17,2.87752e-18,8.34353e-19,2.79971e-22,3.37963e-28,4.23856e-05
3156,0.0138699,0.00214056,6.41204e-06,2.28537e-06,4.47616e-07,1.7594e-07,7.9012e-12,2.57184e-16,0.0160198
3157,2.84957e-05,1.50581e-06,3.49122e-15,7.01873e-16,5.89555e-17,1.50941e-17,3.96675e-21,4.8495e-27,3.00015e-05
3158,1.74291e-05,4.69794e-07,1.59253e-17,1.13497e-18,7.39335e-20,9.97587e-21,2.25279e-24,5.20946e-31,1.78989e-05
3159,0.00145567,0.000150931,3.20437e-09,7.85665e-10,1.01717e-10,4.7781e-11,3.2126e-14,5.36427e-20,0.0016066
3160,0,0,0,0,0,0,0,0,0
3161,0,0,0,0,0,0,0,0,0
3162,0.000353463,1.68434e-05,7.31206e-11,9.32374e-12,5.26048e-13,9.74831e-14,1.91992e-17,1.67851e-23,0.000370307
3163,1.0389e-06,8.27832e-09,2.57222e-28,2.71247e-29,4.12751e-31,3.49002e-33,8.27562e-36,5.80733e-42,1.04718e-06
3164,0.000132201,2.75589e-06,5.64842e-19,1.25184e-19,1.40361e-20,4.69756e-21,2.32319e-24,3.20525e-30,0.000134957
3165,0,0,0,0,0,0,0,0,0
3166,0,0,0,0,0,0,0,0,0
3167,0.00238188,0.000304188,5.24102e-11,1.41744e-11,1.83969e-12,8.99488e-13,4.63859e-16,7.99038e-22,0.00268607
3168,0.000960338,5.28162e-05,1.60188e-14,4.12192e-15,4.82755e-16,3.73338e-16,1.98806e-19,3.66822e-25,0.00101315
3169,0,0,0,0,0,0,0,0,0
3170,0.000432451,1.82439e-05,5.07589e-08,1.15385e-08,1.25847e-09,6.38657e-10,2.69051e-13,3.62319e-19,0.000450759
3171,2.89593e-06,2.42121e-08,6.99877e-17,9.59714e-18,4.58335e-19,1.08196e-20,6.01626e-25,2.27529e-31,2.92015e-06
3172,0,0,0,0,0,0,0,0,0
3173,0,0,0,0,0,0,0,0,0
3174,0.000124119,5.20333e-06,3.72691e-13,6.33e-14,5.4718e-15,1.62481e-15,4.6645e-19,3.54501e-25,0.000129323
3175,0,0,0,0,0,0,0,0,0
3176,0,0,0,0,0,0,0,0,0
3177,0.00016394,8.49344e-06,4.2911e-11,9.46705e-12,6.034e-13,1.11158e-13,2.61813e-17,5.58463e-23,0.000172433
3178,2.79387e-07,6.70332e-11,3.07465e-16,3.08285e-17,1.17474e-18,6.16716e-20,5.98389e-24,2.77662e-30,2.79454e-07
3179,0.000623697,3.16583e-05,1.01722e-13,2.57239e-14,3.00683e-15,1.1922e-15,3.6648e-19,4.25685e-25,0.000655355
3180,1.736e-05,8.42098e-08,9.52759e-11,1.83351e-11,1.23832e-12,2.72438e-13,7.09912e-17,1.05637e-22,1.74443e-05
3181,0,0,0,0,0,0,0,0,0
3182,0,0,0,0,0,0,0,0,0
3183,0.0212722,0.0048939,4.05244e-05,1.56756e-05,2.71419e-06,2.9521e-06,2.09726e-09,5.998e-15,0.026228
3184,0,0,0,0,0,0,0,0,0
3185,0.0200293,0.00895141,0.00150262,0.000508452,6.96341e-05,4.50386e-05,2.839e-08,8.3116e-14,0.0311065
3186,0,0,0,0,0,0,0,0,0
3187,6.02358e-05,6.82024e-07,6.71634e-16,1.38709e-16,1.39472e-17,7.39089e-18,4.33344e-21,6.50216e-27,6.09179e-05
3188,0.00728696,0.00101042,0.00012047,3.982e-05,6.23937e-06,4.59235e-06,2.40326e-09,4.51045e-15,0.0084685
3189,0.000213844,1.09082e-05,2.58284e-13,5.74083e-14,4.04104e-15,1.13071e-15,2.63683e-19,4.60873e-25,0.000224753
3190,0,0,0,0,0,0,0,0,0
3191,0.011459,0.00193962,3.90291e-08,1.32568e-08,2.2403e-09,2.78867e-09,1.68953e-12,3.28042e-18,0.0133987
3192,0,0,0,0,0,0,0,0,0
3193,0,0,0,0,0,0,0,0,0
3194,0.00113505,0.000106708,1.24915e-09,3.44877e-10,3.36646e-11,1.05309e-11,2.59295e-15,4.33391e-21,0.00124176
3195,0.0397634,0.016531,0.00313329,0.00122641,0.00021424,0.000173991,1.12352e-07,2.92781e-13,0.0610424
3196,0.0017976,0.000102004,1.37871e-07,4.58018e-08,5.94093e-09,1.0012e-09,9.75808e-14,3.71058e-20,0.00189979
3197,0.000202364,1.23453e-05,3.9626e-14,7.63189e-15,5.66613e-16,1.73322e-16,4.99136e-20,6.66509e-26,0.000214709
3198,0.031921,0.0133535,0.00243902,0.000828605,0.000146075,0.000118023,1.05806e-07,2.41852e-13,0.0488063
3199,0.009204,0.0016574,2.03259e-09,6.82226e-10,1.0777e-10,8.63842e-11,5.37191e-14,1.13765e-19,0.0108614
3200,3.96488e-06,2.51362e-08,1.3364e-25,1.97414e-26,1.10029e-27,1.34469e-28,2.40134e-32,1.99269e-38,3.99001e-06
3201,0,0,0,0,0,0,0,0,0
3202,1.72651e-05,7.66366e-08,7.05018e-15,1.45843e-15,1.13793e-16,2.07824e-17,3.25253e-21,3.15924e-27,1.73417e-05
3203,2.93464e-05,3.68175e-07,5.52126e-20,9.70056e-21,7.6338e-22,2.09823e-22,6.08321e-26,5.64485e-32,2.97146e-05
3204,0,0,0,0,0,0,0,0,0
3205,5.64419e-07,1.0896e-07,5.6068e-17,1.1939e-17,1.13769e-18,2.87138e-19,1.13734e-22,1.47169e-28,6.73379e-07
3206,0.000446308,2.8221e-05,3.09384e-07,4.41379e-08,5.25433e-09,2.68391e-09,1.46025e-12,2.3983e-19,0.000474891
3207,0.000501284,1.99379e-05,3.14064e-16,7.62575e-17,9.76998e-18,4.03706e-18,1.2681e-21,1.11064e-27,0.000521222
3208,0,0,0,0,0,0,0,0,0
3209,0,0,0,0,0,0,0,0,0
3210,0.00148729,0.000215138,6.79307e-08,1.91122e-08,1.87883e-09,3.02984e-10,9.21715e-14,1.73281e-19,0.00170252
3211,8.27198e-05,9.27557e-06,1.25815e-11,5.91092e-13,3.61802e-14,4.94023e-15,1.30017e-18,5.80357e-24,9.19954e-05
3212,9.87932e-06,2.30744e-08,2.53533e-17,4.16937e-18,3.50395e-19,5.02674e-20,1.37098e-23,1.05567e-29,9.90239e-06
3213,0,0,0,0,0,0,0,0,0
3214,0,0,0,0,0,0,0,0,0
3215,5.50962e-05,4.92038e-07,1.30022e-23,2.8237e-24,2.6419e-25,8.08673e-26,2.9554e-30,2.06313e-37,5.55882e-05
3216,0,0,0,0,0,0,0,0,0
3217,3.16562e-05,2.99734e-08,4.59432e-06,1.38089e-06,1.36998e-07,5.53964e-08,1.76349e-11,3.91014e-17,3.78538e-05
3218,0.011145,0.00199666,3.46847e-07,1.2766e-07,2.33115e-08,8.62592e-09,4.33761e-12,7.02391e-18,0.0131422
3219,0,0,0,0,0,0,0,0,0
3220,1.07296e-06,3.19147e-09,3.03161e-24,3.80163e-25,1.25319e-26,2.01255e-28,8.9585e-32,7.78924e-38,1.07615e-06
3221,0.000724843,2.26387e-05,2.14241e-12,5.36311e-13,6.86737e-14,5.5334e-14,2.82249e-17,3.47912e-23,0.000747482
3222,4.05475e-05,4.40599e-07,1.37939e-24,2.55837e-25,2.47917e-26,1.2114e-26,5.81074e-30,5.80843e-36,4.09881e-05
3223,3.76441e-05,8.63328e-07,6.37024e-18,1.0324e-18,4.59628e-20,7.21754e-21,2.98411e-26,4.46428e-32,3.85074e-05
3224,0,0,0,0,0,0,0,0,0
3225,6.4914e-05,9.64329e-07,2.24823e-13,4.64063e-14,3.34225e-15,5.94285e-16,1.00844e-19,1.0526e-25,6.58784e-05
3226,0.000570112,3.57953e-05,5.02028e-12,1.24238e-12,1.26037e-13,4.2978e-14,1.92142e-17,3.26535e-23,0.000605907
3227,0,0,0,0,0,0,0,0,0
3228,0.000193638,1.78472e-05,2.25546e-06,2.67816e-07,2.00882e-08,6.61881e-09,2.07907e-12,4.67212e-19,0.000214035
3229,0,0,0,0,0,0,0,0,0
3230,7.80232e-05,5.84104e-07,7.55412e-10,1.6818e-10,1.64047e-11,4.18645e-12,1.79314e-15,2.37741e-21,7.86083e-05
3231,0,0,0,0,0,0,0,0,0
3232,0,0,0,0,0,0,0,0,0
3233,0,0,0,0,0,0,0,0,0
3234,1.83038e-05,6.16762e-07,7.0237e-06,1.60762e-06,1.3789e-07,3.31159e-08,6.60744e-12,6.88772e-18,2.77229e-05
3235,0.0012021,0.000129539,1.08944e-08,2.5118e-09,2.96879e-10,1.67066e-10,9.20201e-14,1.13573e-19,0.00133166
3236,0,0,0,0,0,0,0,0,0
3237,0,0,0,0,0,0,0,0,0
3238,7.27002e-05,1.15576e-06,1.33724e-07,1.65571e-08,9.26514e-10,1.22246e-10,9.86523e-15,3.13731e-21,7.40073e-05
3239,0,0,0,0,0,0,0,0,0
3240,0,0,0,0,0,0,0,0,0
3241,0,0,0,0,0,0,0,0,0
3242,0,0,0,0,0,0,0,0,0
3243,0.000182851,5.34426e-06,4.17598e-14,7.56256e-15,7.84391e-16,9.35439e-16,5.79432e-19,5.4365e-25,0.000188196
3244,0,0,0,0,0,0,0,0,0
3245,0.00432347,0.000239025,2.872e-07,9.93745e-08,1.69793e-08,1.17166e-08,6.10742e-12,9.40452e-18,0.00456291
3246,0,0,0,0,0,0,0,0,0
3247,0,0,0,0,0,0,0,0,0
3248,0.0118123,0.00258169,1.03436e-06,3.58724e-07,5.79294e-08,3.58382e-08,2.79239e-11,6.33177e-17,0.0143955
3249,0,0,0,0,0,0,0,0,0
3250,0,0,0,0,0,0,0,0,0
3251,0,0,0,0,0,0,0,0,0
3252,0,0,0,0,0,0,0,0,0
3253,0,0,0,0,0,0,0,0,0
3254,0.000463252,1.79177e-05,1.32483e-12,3.11479e-13,3.02892e-14,8.82774e-15,3.00301e-18,3.69665e-24,0.000481169
3255,4.08867e-06,2.14715e-08,1.01679e-21,1.37129e-22,8.16047e-24,2.08404e-24,6.03825e-28,4.33361e-34,4.11015e-06
3256,0,0,0,0,0,0,0,0,0
3257,1.1273e-06,2.40715e-11,6.46587e-11,1.13582e-11,4.79638e-13,2.60078e-14,1.91586e-18,1.93067e-24,1.1274e-06
3258,0.000920405,4.22055e-05,6.583e-12,1.8021e-12,2.45022e-13,1.00691e-13,3.10299e-17,2.75418e-23,0.000962611
3259,5.09288e-05,5.11307e-07,1.18719e-08,2.26935e-09,1.74591e-10,4.69877e-11,8.18271e-15,5.74839e-21,5.14544e-05
3260,0,0,0,0,0,0,0,0,0
3261,0.00884405,0.00185579,3.26664e-05,1.05736e-05,1.46466e-06,1.13706e-06,6.19129e-10,1.18061e-15,0.0107457
3262,0.000627258,5.96895e-05,3.69934e-07,7.18579e-08,5.19934e-09,5.18472e-09,1.23123e-12,1.12818e-18,0.0006874
3263,0.00325606,0.000301564,9.17752e-08,3.0413e-08,4.2085e-09,1.46652e-09,2.49617e-13,1.48473e-19,0.00355775
3264,0,0,0,0,0,0,0,0,0
3265,0,0,0,0,0,0,0,0,0
3266,0,0,0,0,0,0,0,0,0
3267,0.00038572,0.000603089,2.63133e-06,9.25414e-07,1.56417e-07,4.91017e-08,2.07264e-11,2.73674e-17,0.000992572
3268,2.62863e-05,9.29067e-08,7.71139e-14,1.3236e-14,9.4404e-16,3.77404e-16,1.52996e-19,1.6571e-25,2.63792e-05
3269,0.000535225,0.000659049,2.03694e-06,7.58562e-07,1.33903e-07,1.29356e-07,5.33514e-11,7.28258e-17,0.00119733
3270,0,0,0,0,0,0,0,0,0
3271,0,0,0,0,0,0,0,0,0
3272,0,0,0,0,0,0,0,0,0
3273,0,0,0,0,0,0,0,0,0
3274,0,0,0,0,0,0,0,0,0
3275,0,0,0,0,0,0,0,0,0
3276,0.0189817,0.00574794,7.39581e-05,2.54681e-05,3.84364e-06,3.98602e-06,2.27708e-09,4.31508e-15,0.0248368
3277,0.000121213,7.5339e-06,5.50678e-14,7.57806e-15,5.63054e-16,1.57763e-16,3.06687e-20,9.91654e-27,0.000128747
3278,0.000376885,8.94108e-06,1.40161e-09,3.68398e-10,4.05298e-11,9.86804e-12,3.87909e-15,5.18232e-21,0.000385828
3279,1.46519e-05,1.70496e-07,7.57472e-19,1.14676e-19,6.30702e-21,1.93251e-21,3.38215e-25,2.4679e-31,1.48224e-05
3280,0.000693652,1.53637e-05,4.88825e-09,1.28667e-09,1.40118e-10,6.84625e-11,1.47031e-14,1.28183e-20,0.000709022
3281,0.00651457,0.00121461,3.36758e-07,1.00418e-07,1.36763e-08,1.38494e-08,9.75941e-12,1.80527e-17,0.00772964
3282,5.32907e-06,4.36375e-08,7.37534e-20,1.03293e-20,4.60073e-22,1.08574e-22,1.49577e-26,1.08198e-32,5.3727e-06
3283,0,0,0,0,0,0,0,0,0
3284,0.00378391,0.000552969,1.21742e-09,3.74538e-10,4.31476e-11,2.7022e-11,1.14747e-14,2.15417e-20,0.00433688
3285,8.66035e-07,1.23826e-08,1.69933e-21,2.21324e-23,8.57267e-25,7.54384e-26,6.82177e-30,4.25208e-34,8.78418e-07
3286,1.13703e-06,1.90763e-09,6.41566e-19,8.78346e-20,3.47705e-21,7.18743e-23,1.23384e-27,1.28999e-34,1.13894e-06
3287,0,0,0,0,0,0,0,0,0
3288,0,0,0,0,0,0,0,0,0
3289,0,0,0,0,0,0,0,0,0
3290,0,0,0,0,0,0,0,0,0
3291,0,0,0,0,0,0,0,0,0
3292,0,0,0,0,0,0,0,0,0
3293,1.31979e-06,1.50924e-09,3.01455e-24,4.18023e-25,2.58281e-26,4.05194e-27,5.41317e-31,2.0849e-37,1.3213e-06
3294,8.65431e-05,1.41488e-05,1.02056e-07,2.42603e-08,2.67657e-09,1.09707e-09,3.06452e-13,2.36736e-19,0.000100822
3295,3.29133e-05,6.22705e-07,2.40048e-16,3.39651e-17,2.66761e-18,6.55572e-19,2.39222e-22,9.88853e-29,3.3536e-05
3296,0.00127562,6.27299e-05,2.69206e-06,8.8288e-07,9.65194e-08,3.17637e-08,9.80625e-12,1.79174e-17,0.00134205
3297,0.00479443,0.00189422,0.000196313,4.2248e-05,4.78289e-06,1.68369e-06,7.63051e-10,5.17641e-16,0.00693367
3298,0,0,0,0,0,0,0,0,0
3299,0,0,0,0,0,0,0,0,0
3300,0,0,0,0,0,0,0,0,0
3301,0,0,0,0,0,0,0,0,0
3302,0.000109331,2.51996e-06,3.60041e-15,7.33073e-16,6.29502e-17,2.45444e-17,7.52104e-21,6.69573e-27,0.000111851
3303,0.00462076,5.38403e-05,0.000991312,0.00038295,6.47696e-05,4.46548e-05,2.94103e-08,6.08284e-14,0.00615831
3304,1.12208e-05,4.73759e-08,1.13979e-24,2.00445e-25,1.97642e-26,5.65459e-27,2.05649e-30,1.16417e-36,1.12682e-05
3305,0.0184906,0.00325707,1.07637e-07,4.15739e-08,9.06216e-09,5.26463e-09,3.94261e-12,5.62939e-18,0.0217478
3306,2.50404e-05,1.58083e-07,3.57625e-15,6.16077e-16,4.78915e-17,1.29676e-17,2.91292e-21,1.68938e-27,2.51985e-05
3307,0.000958232,9.64217e-05,5.23169e-11,1.30249e-11,1.17378e-12,3.43798e-13,8.7295e-17,1.00778e-22,0.00105465
3308,0.00975361,0.00188017,1.06694e-06,3.30038e-07,5.23945e-08,4.96265e-08,2.40414e-11,2.64719e-17,0.0116353
3309,0.00105916,1.26423e-07,6.90314e-07,2.31501e-07,3.59862e-08,3.82053e-08,2.18293e-11,3.38015e-17,0.00106028
3310,0,0,0,0,0,0,0,0,0
3311,0.000116567,1.48241e-06,6.49598e-15,1.51936e-15,1.48238e-16,6.81893e-17,2.60454e-20,2.96732e-26,0.00011805
3312,0,0,0,0,0,0,0,0,0
3313,3.19293e-05,2.81945e-07,4.86319e-17,9.14939e-18,7.32811e-19,1.77385e-19,2.97352e-23,1.61056e-29,3.22113e-05
3314,3.25561e-06,1.85487e-12,1.09463e-06,1.39339e-07,8.43149e-09,2.27884e-09,4.07391e-13,1.32231e-19,4.50029e-06
3315,5.38739e-06,7.41386e-08,5.89222e-20,7.45981e-21,2.98439e-22,1.44659e-23,5.6831e-28,2.23403e-34,5.46153e-06
3316,0.00109575,6.74673e-05,5.45611e-10,1.31347e-10,1.58245e-11,1.16803e-11,5.68109e-15,5.58784e-21,0.00116322
3317,0,0,0,0,0,0,0,0,0
3318,0,0,0,0,0,0,0,0,0
3319,0,0,0,0,0,0,0,0,0
3320,0.000382977,9.75547e-06,1.40694e-26,3.81711e-27,5.33505e-28,1.55642e-28,7.50805e-32,7.32002e-38,0.000392733
3321,4.26995e-06,2.82198e-08,2.82994e-22,4.2012e-23,1.71121e-24,3.71931e-25,4.02864e-29,3.07198e-35,4.29817e-06
3322,0,0,0,0,0,0,0,0,0
3323,0.0322048,0.0101298,0.0014605,0.000538934,0.000105045,6.04048e-05,1.78346e-08,1.35541e-14,0.0444994
3324,0.000175429,0.000176154,2.64677e-05,5.80801e-06,2.80998e-07,3.188e-08,4.60285e-12,7.61944e-18,0.000384172
3325,0,0,0,0,0,0,0,0,0
3326,0,0,0,0,0,0,0,0,0
3327,0,0,0,0,0,0,0,0,0
3328,0,0,0,0,0,0,0,0,0
3329,0,0,0,0,0,0,0,0,0
3330,1.02304e-05,4.8241e-08,1.23955e-31,2.17144e-32,2.03159e-33,4.42211e-34,1.71498e-37,1.04184e-43,1.02787e-05
3331,2.39833e-05,3.50225e-07,1.84316e-22,3.25012e-23,1.93645e-24,3.95144e-25,7.0862e-29,5.74593e-35,2.43335e-05
3332,0,0,0,0,0,0,0,0,0
3333,0,0,0,0,0,0,0,0,0
3334,9.22825e-05,2.73869e-06,4.09008e-09,7.43299e-10,5.11371e-11,1.57561e-11,3.0409e-15,2.03361e-21,9.50261e-05
3335,0,0,0,0,0,0,0,0,0
3336,0,0,0,0,0,0,0,0,0
3337,0,0,0,0,0,0,0,0,0
3338,0.000256342,6.67442e-06,5.82022e-13,1.31647e-13,1.39919e-14,9.2982e-15,3.53007e-18,2.98238e-24,0.000263017
3339,4.1855e-06,2.95266e-09,1.28937e-14,1.57281e-15,1.13838e-16,1.69628e-17,5.48869e-21,1.69832e-27,4.18845e-06
3340,0,0,0,0,0,0,0,0,0
3341,0,0,0,0,0,0,0,0,0
3342,0,0,0,0,0,0,0,0,0
3343,0,0,0,0,0,0,0,0,0
3344,4.08863e-05,6.88259e-07,8.2869e-15,1.47435e-15,1.0573e-16,3.05741e-17,6.68066e-21,4.31266e-27,4.15746e-05
3345,0,0,0,0,0,0,0,0,0
3346,0,0,0,0,0,0,0,0,0
3347,0.000367105,1.09679e-05,1.35897e-14,3.10777e-15,3.48809e-16,1.14394e-16,2.7243e-20,1.74846e-26,0.000378073
3348,0.000374879,1.23619e-05,1.36927e-16,3.39076e-17,4.07316e-18,1.40947e-18,4.90113e-22,3.76686e-28,0.000387241
3349,0.00499893,0.000670348,7.58868e-07,2.17449e-07,3.37176e-08,1.65838e-08,8.27135e-12,7.46028e-18,0.0056703
3350,0,0,0,0,0,0,0,0,0
3351,1.17808e-05,2.26933e-07,4.66877e-13,4.1771e-14,2.4425e-15,2.10573e-16,2.10764e-20,1.45459e-30,1.20077e-05
3352,0,0,0,0,0,0,0,0,0
3353,0,0,0,0,0,0,0,0,0
3354,0.00889776,0.00216359,4.9633e-09,1.42465e-09,1.94168e-10,1.84487e-10,9.05419e-14,9.86256e-20,0.0110614
3355,2.49897e-05,3.81363e-07,9.05708e-16,4.92603e-17,2.24914e-18,2.71777e-19,2.56451e-23,7.02929e-30,2.53711e-05
3356,0.00148585,0.000313267,3.69242e-06,8.95951e-07,7.21018e-08,1.64711e-08,4.73688e-12,5.97712e-18,0.00180379
3357,0.000941117,2.67445e-05,1.04229e-05,2.91736e-06,3.39393e-07,3.48966e-07,1.01597e-10,9.46147e-17,0.00098189
3358,0.0315615,0.0120286,0.00199121,0.000721387,0.000110111,0.000116517,4.57717e-08,5.93851e-14,0.0465293
3359,6.31034e-06,4.75048e-08,1.45776e-18,2.18112e-19,1.04402e-20,1.9945e-21,1.69426e-25,7.7957e-32,6.35785e-06
3360,0.000653058,0.000214006,9.72782e-06,5.99337e-07,4.98296e-08,2.02612e-08,7.03396e-12,3.75461e-18,0.000877461
3361,0.000993866,7.76331e-05,2.94714e-13,7.8141e-14,7.45242e-15,3.36875e-15,7.68946e-19,7.48145e-25,0.0010715
3362,7.75048e-06,4.67444e-08,8.09069e-15,1.09093e-15,6.22469e-17,6.03972e-18,9.59925e-22,3.78434e-28,7.79723e-06
3363,9.02302e-05,6.36569e-08,1.07481e-10,2.19545e-11,1.93808e-12,5.49151e-13,1.21249e-16,6.92732e-23,9.0294e-05
3364,0,0,0,0,0,0,0,0,0
3365,0,0,0,0,0,0,0,0,0
3366,0.00142068,0.000101785,2.71132e-13,7.52324e-14,9.64558e-15,3.9998e-15,1.37279e-18,1.15979e-24,0.00152246
3367,0,0,0,0,0,0,0,0,0
3368,6.41327e-05,1.28064e-06,4.03744e-11,8.13471e-12,4.18321e-13,1.59568e-13,2.20949e-17,2.32518e-23,6.54134e-05
3369,0,0,0,0,0,0,0,0,0
3370,0,0,0,0,0,0,0,0,0
3371,0,0,0,0,0,0,0,0,0
3372,0,0,0,0,0,0,0,0,0
3373,0.0021702,0.000287544,1.55465e-09,3.93575e-10,4.15813e-11,3.12103e-11,9.68369e-15,8.64187e-21,0.00245775
3374,0,0,0,0,0,0,0,0,0
3375,0,0,0,0,0,0,0,0,0
3376,0,0,0,0,0,0,0,0,0
3377,0,0,0,0,0,0,0,0,0
3378,0,0,0,0,0,0,0,0,0
3379,6.59782e-07,1.02744e-08,8.67593e-24,1.10315e-25,1.15089e-25,2.89701e-25,6.34459e-29,2.23745e-35,6.70056e-07
3380,0,0,0,0,0,0,0,0,0
3381,0.0107228,0.00301821,2.03617e-05,5.92953e-06,5.67255e-07,1.66438e-06,5.0135e-10,6.77083e-16,0.0137695
3382,3.19562e-06,9.40272e-09,3.88023e-21,6.07876e-22,2.42782e-23,1.83181e-24,2.00805e-28,1.68068e-34,3.20502e-06
3383,0,0,0,0,0,0,0,0,0
3384,2.6538e-06,1.87014e-08,9.7574e-23,1.34204e-23,4.66135e-25,2.69826e-26,9.20455e-31,3.78958e-37,2.6725e-06
3385,0.000344413,3.89046e-05,2.93343e-11,5.49711e-12,3.84318e-13,5.78597e-14,9.09987e-18,5.37261e-24,0.000383318
3386,5.99384e-05,9.68535e-07,1.57989e-16,3.21878e-17,1.87871e-18,7.20336e-19,1.13732e-22,1.03799e-28,6.09069e-05
3387,0,0,0,0,0,0,0,0,0
3388,0,0,0,0,0,0,0,0,0
3389,0,0,0,0,0,0,0,0,0
3390,0.000531785,3.02994e-05,2.36238e-13,4.75026e-14,5.54216e-15,3.30462e-15,1.00294e-18,4.08787e-25,0.000562084
3391,0,0,0,0,0,0,0,0,0
3392,1.32946e-06,2.17295e-09,2.8521e-18,4.15726e-19,2.37884e-20,9.38064e-22,1.42286e-26,4.48039e-32,1.33164e-06
3393,1.06223e-06,2.33571e-10,2.61474e-19,2.44115e-20,1.02354e-21,5.66577e-23,3.39476e-27,2.82536e-34,1.06246e-06
3394,0,0,0,0,0,0,0,0,0
3395,1.16869e-06,3.23077e-09,1.36619e-11,1.35184e-12,5.46715e-14,4.21676e-15,3.90056e-19,8.06979e-26,1.17193e-06
3396,0.000144356,5.29486e-06,2.91752e-18,5.71528e-19,4.69192e-20,1.31762e-20,2.9002e-24,1.61269e-30,0.000149651
3397,0,0,0,0,0,0,0,0,0
3398,0,0,0,0,0,0,0,0,0
3399,0,0,0,0,0,0,0,0,0
3400,0,0,0,0,0,0,0,0,0
3401,2.15629e-05,2.50001e-07,3.9287e-22,6.70979e-23,4.24547e-24,1.36991e-24,1.84406e-28,8.686e-35,2.18129e-05
3402,0,0,0,0,0,0,0,0,0
3403,0.000521563,8.13426e-05,3.34361e-08,7.76773e-09,3.9559e-10,5.84325e-11,7.10248e-15,9.73157e-21,0.000602947
3404,0,0,0,0,0,0,0,0,0
3405,0.000498096,2.1799e-05,6.34111e-11,1.5108e-11,1.56423e-12,6.19472e-13,9.22076e-17,4.00884e-23,0.000519896
3406,0.000416465,1.67373e-05,1.3892e-15,3.2329e-16,3.18067e-17,1.68917e-17,2.82349e-21,1.37972e-27,0.000433202
3407,2.12174e-06,1.26593e-08,3.0993e-22,2.68953e-23,1.44121e-24,2.21634e-25,3.27032e-29,3.85076e-36,2.13439e-06
3408,0,0,0,0,0,0,0,0,0
3409,2.62173e-06,6.56391e-10,1.57697e-18,2.87674e-19,2.01021e-20,4.5787e-21,9.905e-25,5.95024e-31,2.62238e-06
3410,0.0149884,0.00665351,0.00102054,0.000321492,3.44555e-05,2.92886e-05,1.20241e-08,1.88498e-14,0.0230477
3411,0,0,0,0,0,0,0,0,0
3412,0,0,0,0,0,0,0,0,0
3413,0,0,0,0,0,0,0,0,0
3414,0.00191184,0.000131904,6.90898e-10,1.98846e-10,2.55154e-11,1.63264e-11,4.12091e-15,2.70705e-21,0.00204375
3415,7.78297e-06,3.2602e-08,1.88321e-13,1.88398e-14,5.55086e-16,3.07199e-17,1.85538e-21,4.41083e-28,7.81557e-06
3416,0,0,0,0,0,0,0,0,0
3417,0,0,0,0,0,0,0,0,0
3418,0.000102453,2.45117e-06,4.55709e-11,8.97773e-12,7.17202e-13,2.81238e-13,8.54187e-17,5.99132e-23,0.000104904
3419,0,0,0,0,0,0,0,0,0
3420,0.0185973,0.0065416,0.000878207,0.000236979,4.43248e-05,2.67048e-05,1.39555e-08,5.63779e-15,0.0263251
3421,0.00392831,0.000756964,1.16975e-05,2.73936e-06,3.31546e-07,2.67215e-07,1.17851e-10,7.01025e-17,0.00470031
3422,0,0,0,0,0,0,0,0,0
3423,0,0,0,0,0,0,0,0,0
3424,0.000199673,5.67116e-07,1.31558e-08,3.39558e-09,3.62725e-10,2.04393e-10,5.6784e-14,4.12499e-20,0.000200257
3425,0,0,0,0,0,0,0,0,0
3426,0,0,0,0,0,0,0,0,0
3427,1.07104e-06,3.89734e-09,1.22023e-20,1.30556e-21,5.59656e-23,7.83977e-24,7.56927e-28,1.7009e-34,1.07494e-06
3428,0,0,0,0,0,0,0,0,0
3429,0,0,0,0,0,0,0,0,0
3430,0,0,0,0,0,0,0,0,0
3431,4.02203e-05,9.65615e-07,5.0777e-19,8.58828e-20,5.07971e-21,1.24553e-21,1.47809e-25,6.25665e-32,4.11859e-05
3432,7.67755e-07,3.97665e-09,3.04333e-28,3.44973e-29,1.13208e-30,6.29665e-32,3.59773e-36,1.01801e-42,7.71732e-07
3433,9.22905e-05,4.61018e-07,2.283e-10,4.9682e-11,3.50857e-12,1.34518e-12,2.4089e-16,1.77105e-22,9.27518e-05
3434,0,0,0,0,0,0,0,0,0
3435,0,0,0,0,0,0,0,0,0
3436,1.31928e-05,8.4987e-08,8.30642e-19,1.39787e-19,1.06521e-20,1.97464e-21,2.04706e-25,4.86895e-32,1.32777e-05
3437,0,0,0,0,0,0,0,0,0
3438,0,0,0,0,0,0,0,0,0
3439,0,0,0,0,0,0,0,0,0
3440,0.00292676,0.000238336,2.24828e-08,6.98947e-09,8.57096e-10,6.70317e-10,2.3881e-13,2.42265e-19,0.00316512
3441,3.24963e-05,7.02321e-07,2.15227e-23,3.49153e-24,1.9837e-25,3.60083e-26,4.73793e-30,2.58635e-36,3.31986e-05
3442,0.0230088,0.0094371,0.00149346,0.000447919,4.91642e-05,0.000125168,5.0266e-08,5.56147e-14,0.0345616
3443,0,0,0,0,0,0,0,0,0
3444,0,0,0,0,0,0,0,0,0
3445,0,0,0,0,0,0,0,0,0
3446,0,0,0,0,0,0,0,0,0
3447,0,0,0,0,0,0,0,0,0
3448,8.01542e-06,2.29308e-08,5.56958e-15,7.82831e-16,4.24336e-17,1.40873e-17,1.55516e-21,4.4166e-28,8.03835e-06
3449,0,0,0,0,0,0,0,0,0
3450,0,0,0,0,0,0,0,0,0
3451,4.40494e-06,1.11954e-07,1.48361e-12,2.68319e-13,1.45613e-14,4.03287e-15,5.26135e-19,3.13558e-25,4.5169e-06
3452,0.00382101,0.000673451,1.56978e-05,4.83472e-06,4.73464e-07,1.85342e-07,3.725e-11,3.51368e-17,0.00451565
3453,0,0,0,0,0,0,0,0,0
3454,0,0,0,0,0,0,0,0,0
3455,0.000109266,3.49135e-06,1.15298e-14,1.94621e-15,1.00932e-16,3.15624e-17,4.74463e-21,2.71131e-27,0.000112758
3456,0,0,0,0,0,0,0,0,0
3457,0,0,0,0,0,0,0,0,0
3458,0,0,0,0,0,0,0,0,0
3459,0,0,0,0,0,0,0,0,0
3460,8.15334e-05,4.58994e-07,1.54913e-10,3.88478e-11,4.16967e-12,9.21044e-13,1.37393e-16,5.29917e-23,8.19926e-05
3461,0,0,0,0,0,0,0,0,0
3462,2.69141e-05,2.97815e-07,2.5893e-14,4.29556e-15,2.54186e-16,7.62532e-17,1.11149e-20,4.79469e-27,2.72119e-05
3463,0,0,0,0,0,0,0,0,0
3464,0,0,0,0,0,0,0,0,0
3465,0,0,0,0,0,0,0,0,0
3466,8.47401e-06,8.98137e-08,1.65509e-18,2.25442e-19,1.28748e-20,1.63091e-21,1.74643e-25,3.91417e-32,8.56383e-06
3467,0,0,0,0,0,0,0,0,0
3468,0,0,0,0,0,0,0,0,0
3469,0.00048907,3.06821e-05,8.81653e-08,1.37408e-08,4.54161e-10,1.26223e-10,1.50333e-14,1.24095e-20,0.000519854
3470,0,0,0,0,0,0,0,0,0
3471,0,0,0,0,0,0,0,0,0
3472,0,0,0,0,0,0,0,0,0
3473,2.99355e-05,2.00693e-07,3.2939e-16,6.31539e-17,5.67049e-18,1.78111e-18,3.42513e-22,1.17081e-28,3.01362e-05
3474,6.79312e-06,3.88497e-08,9.36678e-38,1.41613e-38,9.71866e-40,1.26496e-40,1.19576e-44,2.40244e-51,6.83197e-06
3475,0.00454549,0.00056549,1.9942e-09,6.19341e-10,8.22101e-11,5.33316e-11,1.62631e-14,1.16522e-20,0.00511098
3476,1.60811e-05,1.1645e-07,1.47877e-14,2.68892e-15,1.49108e-16,2.59653e-17,2.36505e-21,1.11446e-27,1.61976e-05
3477,2.88343e-05,4.24125e-05,6.1176e-06,1.15523e-06,3.67143e-08,3.75895e-09,2.11018e-13,1.71539e-19,7.856e-05
3478,0,0,0,0,0,0,0,0,0
3479,0,0,0,0,0,0,0,0,0
3480,2.5732e-06,3.88492e-10,2.70347e-18,4.56887e-19,2.40368e-20,4.51526e-21,7.88556e-25,4.7699e-31,2.57358e-06
3481,8.39394e-06,1.01357e-06,4.65474e-10,8.78546e-11,6.0737e-12,2.62226e-12,4.60073e-16,2.17319e-22,9.40807e-06
3482,1.25059e-05,4.92473e-08,1.34903e-16,1.48092e-17,6.06413e-19,7.32129e-20,8.08978e-24,1.93517e-30,1.25551e-05
3483,0.00116271,0.000330024,9.57165e-07,1.81738e-07,1.15693e-08,5.26651e-09,1.17571e-12,7.63011e-19,0.00149389
3484,0,0,0,0,0,0,0,0,0
3485,0,0,0,0,0,0,0,0,0
3486,0.0036495,0.000629,1.45664e-05,3.98746e-06,4.12312e-07,1.20452e-07,1.81805e-11,1.12315e-17,0.00429759
3487,0.00613907,0.00173958,1.58466e-05,3.83324e-06,4.11578e-07,5.21101e-07,1.83493e-10,1.14155e-16,0.00789927
3488,0.00213696,0.000109707,5.98145e-10,9.90676e-11,6.50666e-12,1.42518e-12,1.53789e-16,4.34525e-23,0.00224667
3489,0.00110493,0.000112897,3.73741e-13,8.63787e-14,8.40856e-15,4.30568e-15,1.07787e-18,5.67441e-25,0.00121783
3490,0,0,0,0,0,0,0,0,0
3491,0,0,0,0,0,0,0,0,0
3492,1.01804e-05,6.26219e-09,6.07689e-15,1.98846e-15,2.6235e-16,9.96117e-17,3.0178e-20,2.33517e-26,1.01867e-05
3493,1.77422e-05,3.34692e-08,5.38963e-13,1.22687e-13,1.18903e-14,1.677e-15,3.15345e-19,1.28897e-25,1.77757e-05
3494,0,0,0,0,0,0,0,0,0
3495,0,0,0,0,0,0,0,0,0
3496,0,0,0,0,0,0,0,0,0
3497,0.0231263,0.00814074,0.0011653,0.000411887,5.82208e-05,3.50753e-05,8.66685e-09,6.10307e-15,0.0329375
3498,0.043555,0.0156838,0.00268349,0.00101317,0.000174785,0.000192263,6.69203e-08,4.9336e-14,0.0633026
3499,0,0,0,0,0,0,0,0,0
3500,0,0,0,0,0,0,0,0,0
3501,0,0,0,0,0,0,0,0,0
3502,0,0,0,0,0,0,0,0,0
3503,0,0,0,0,0,0,0,0,0
3504,1.0719e-05,1.74154e-08,7.18045e-12,1.09131e-12,7.16768e-14,1.83079e-14,2.89046e-18,7.71367e-25,1.07364e-05
3505,9.17735e-05,2.51566e-06,3.80158e-10,6.36251e-11,4.28462e-12,1.71444e-12,3.3751e-16,1.2368e-22,9.42896e-05
3506,0.00447783,0.000566917,4.39974e-09,1.27122e-09,1.61189e-10,1.66992e-10,5.24428e-14,3.27048e-20,0.00504475
3507,7.73867e-06,1.0266e-07,1.69541e-23,2.03968e-24,9.54768e-26,2.29411e-26,1.714e-30,2.87308e-37,7.84133e-06
3508,4.30665e-05,1.57372e-06,3.44584e-16,5.36346e-17,2.77299e-18,3.69371e-19,3.69637e-23,1.32542e-29,4.46402e-05
3509,0.000106894,2.21487e-06,8.72468e-19,1.75418e-19,1.52448e-20,4.30984e-21,4.40913e-25,9.14595e-32,0.000109109
3510,0,0,0,0,0,0,0,0,0
3511,3.00784e-06,7.1824e-09,3.08306e-21,4.41575e-22,2.84146e-23,4.59649e-24,4.61506e-28,7.97758e-35,3.01503e-06
3512,6.44809e-05,1.55766e-06,2.03024e-11,3.61241e-12,2.38202e-13,6.52048e-14,1.09472e-17,4.47879e-24,6.60385e-05
3513,0,0,0,0,0,0,0,0,0
3514,0.000405951,3.33118e-05,2.95486e-14,6.90501e-15,4.62277e-16,7.71956e-17,5.31161e-21,1.96704e-27,0.000439263
3515,0.000415824,0.000111094,4.15421e-06,4.46258e-07,2.67547e-08,2.71273e-09,1.76867e-13,4.04325e-23,0.000531548
3516,0.00181592,0.000110863,1.94937e-08,4.57025e-09,3.64756e-10,5.40819e-11,8.10333e-15,4.22546e-21,0.0019268
3517,0.00312296,0.000383411,1.10055e-09,2.70731e-10,3.16504e-11,4.87988e-11,1.89118e-14,1.03639e-20,0.00350637
3518,8.72313e-07,5.53541e-09,1.17596e-24,1.0729e-25,2.95179e-27,7.30876e-28,5.09186e-32,1.03101e-38,8.77849e-07
3519,0,0,0,0,0,0,0,0,0
3520,0.0131368,0.00256277,1.18351e-06,3.78868e-07,6.19538e-08,7.06026e-08,3.41438e-11,2.2507e-17,0.0157012
3521,3.41163e-06,8.18014e-09,2.98898e-17,3.54833e-18,2.64944e-19,6.2945e-20,1.20604e-23,1.47696e-30,3.41981e-06
3522,0,0,0,0,0,0,0,0,0
3523,0,0,0,0,0,0,0,0,0
3524,0,0,0,0,0,0,0,0,0
3525,0.00027782,1.24537e-05,1.34337e-15,2.91152e-16,2.48339e-17,7.28713e-18,1.67127e-21,8.47408e-28,0.000290274
3526,0,0,0,0,0,0,0,0,0
3527,0.000307689,1.72264e-06,2.86637e-09,7.92188e-10,8.83703e-11,3.74506e-11,8.94276e-15,4.89662e-21,0.000309416
3528,0,0,0,0,0,0,0,0,0
3529,0.000191481,5.39845e-06,2.34279e-15,5.05166e-16,4.43215e-17,1.33497e-17,9.98992e-22,1.82131e-28,0.000196879
3530,0,0,0,0,0,0,0,0,0
3531,5.63375e-05,1.57862e-07,3.78541e-13,9.49403e-14,1.15622e-14,3.04173e-15,8.46717e-19,3.45745e-25,5.64953e-05
3532,0,0,0,0,0,0,0,0,0
3533,2.46743e-05,1.46309e-07,3.81774e-20,7.72385e-21,6.78327e-22,1.54345e-22,1.98622e-26,4.98235e-33,2.48206e-05
3534,0.0174771,0.00427502,2.92869e-05,9.62008e-06,1.58244e-06,1.28364e-06,4.163e-10,2.08618e-16,0.0217939
3535,8.48639e-06,3.84718e-07,2.36216e-16,1.36421e-17,7.08242e-20,1.12193e-19,1.34537e-22,3.97177e-35,8.8711e-06
3536,0.0295995,0.0109263,0.00172285,0.000613149,9.08556e-05,8.00811e-05,2.43015e-08,1.67798e-14,0.0430328
3537,7.33592e-06,4.26192e-08,2.38044e-15,3.24735e-16,2.20281e-17,3.76835e-18,4.35347e-22,6.42687e-29,7.37853e-06
3538,0.0304097,0.0115579,0.00187135,0.000629655,8.59365e-05,0.000154647,5.00044e-08,3.68849e-14,0.0447093
3539,0,0,0,0,0,0,0,0,0
3540,3.12229e-06,4.46752e-09,6.8443e-17,8.98308e-18,3.75753e-19,6.55713e-20,6.28517e-24,1.79484e-30,3.12675e-06
3541,0,0,0,0,0,0,0,0,0
3542,0,0,0,0,0,0,0,0,0
3543,0.000192667,1.10736e-05,4.70263e-18,8.46325e-19,4.94632e-20,3.69894e-20,4.84911e-24,1.95401e-30,0.000203741
3544,0,0,0,0,0,0,0,0,0
3545,0.00151077,0.00020373,2.40794e-09,6.32642e-10,5.35292e-11,1.77543e-11,3.18965e-15,1.98213e-21,0.0017145
3546,0.000111005,3.39682e-06,1.26247e-11,2.18163e-12,1.47149e-13,4.56688e-14,7.24211e-18,2.43438e-24,0.000114402
3547,0.00239984,0.000212287,1.16045e-10,3.21313e-11,3.84796e-12,2.69639e-12,4.14604e-16,1.28012e-22,0.00261212
3548,0.00178108,9.73482e-05,1.21849e-14,3.35092e-15,4.74316e-16,3.89793e-16,1.31842e-19,5.67918e-26,0.00187843
3549,0,0,0,0,0,0,0,0,0
3550,0,0,0,0,0,0,0,0,0
3551,1.02227e-05,1.82596e-07,3.59822e-22,4.45665e-23,2.28082e-24,2.68126e-25,1.95468e-29,2.62255e-36,1.04053e-05
3552,0.00552928,0.000590204,1.50821e-07,4.90717e-08,6.99758e-09,5.76618e-09,1.84444e-12,1.10484e-18,0.0061197
3553,0.000296951,1.4029e-05,1.3806e-13,2.77856e-14,2.06016e-15,6.58665e-16,4.12883e-20,1.26105e-26,0.00031098
3554,0,0,0,0,0,0,0,0,0
3555,0,0,0,0,0,0,0,0,0
3556,0,0,0,0,0,0,0,0,0
3557,0,0,0,0,0,0,0,0,0
3558,0,0,0,0,0,0,0,0,0
3559,9.81075e-05,4.37922e-06,1.14094e-13,1.39225e-14,1.31081e-15,4.65497e-16,1.5265e-19,1.76642e-26,0.000102487
3560,0,0,0,0,0,0,0,0,0
3561,0,0,0,0,0,0,0,0,0
3562,0,0,0,0,0,0,0,0,0
3563,0,0,0,0,0,0,0,0,0
3564,0.000153266,5.24385e-06,1.33278e-13,2.51915e-14,1.86015e-15,8.91489e-16,1.35884e-19,4.33783e-26,0.000158509
3565,0.00174922,0.000554467,3.53174e-05,4.75831e-06,4.97531e-07,1.09564e-07,2.63709e-11,5.71644e-19,0.00234436
3566,1.99577e-05,1.27998e-07,9.08465e-18,1.58192e-18,1.00333e-19,1.7608e-20,2.32742e-24,7.11485e-31,2.00857e-05
3567,0,0,0,0,0,0,0,0,0
3568,0,0,0,0,0,0,0,0,0
3569,0,0,0,0,0,0,0,0,0
3570,0.000152628,6.35399e-06,1.06156e-13,1.78043e-14,1.21969e-15,6.71789e-16,1.42852e-19,4.75693e-26,0.000158982
3571,0.0010992,5.43276e-05,4.51315e-10,1.24956e-10,1.48928e-11,5.33121e-12,5.21397e-16,1.04022e-22,0.00115353
3572,0,0,0,0,0,0,0,0,0
3573,8.43089e-06,1.52423e-07,5.85194e-21,6.83499e-22,2.97797e-23,5.48593e-24,4.66486e-28,7.71528e-35,8.58331e-06
3574,3.317e-05,5.17523e-07,1.21897e-20,2.09878e-21,1.39031e-22,3.92199e-23,5.96491e-27,1.78187e-33,3.36875e-05
3575,0.000114985,5.83286e-06,1.04408e-14,1.85014e-15,8.601e-17,2.22899e-17,1.21126e-21,5.05644e-28,0.000120818
3576,0,0,0,0,0,0,0,0,0
3577,0,0,0,0,0,0,0,0,0
3578,2.48852e-05,2.70226e-07,3.5041e-10,5.52626e-11,3.94325e-12,7.894e-13,1.30429e-16,2.84324e-23,2.51558e-05
3579,0,0,0,0,0,0,0,0,0
3580,0,0,0,0,0,0,0,0,0
3581,0.000642293,3.49045e-05,9.44884e-13,2.03835e-13,2.54333e-14,1.1741e-14,5.14283e-18,1.74623e-24,0.000677198
3582,0.00231939,6.38656e-05,2.25068e-06,6.6155e-07,8.19592e-08,8.88078e-08,3.21805e-11,1.972e-17,0.00238634
3583,0,0,0,0,0,0,0,0,0
3584,0,0,0,0,0,0,0,0,0
3585,0,0,0,0,0,0,0,0,0
3586,0.000355582,2.00358e-07,2.43314e-06,6.05662e-07,5.52775e-08,2.68871e-08,4.01895e-12,1.5277e-18,0.000358903
3587,0.00601176,0.00195409,0.000184255,5.29996e-05,4.48005e-06,1.56017e-06,1.47896e-10,6.32502e-17,0.00820915
3588,0.000456169,1.66639e-05,4.56457e-14,1.17636e-14,1.21996e-15,3.30577e-16,3.8931e-20,1.05516e-26,0.000472833
3589,0,0,0,0,0,0,0,0,0
3590,1.51774e-05,6.89381e-08,1.26912e-18,2.16958e-19,1.80212e-20,7.77137e-21,1.28451e-24,2.55284e-31,1.52464e-05
3591,7.9058e-05,3.07007e-06,1.58042e-08,1.9477e-09,6.23296e-11,1.94711e-10,2.26935e-14,7.22216e-21,8.2146e-05
3592,0,0,0,0,0,0,0,0,0
3593,4.13933e-06,2.34442e-08,1.68473e-25,2.13247e-26,1.47452e-27,1.39488e-28,9.63954e-33,6.58809e-40,4.16278e-06
3594,0.00271261,0.000243431,1.82392e-07,5.07018e-08,5.64453e-09,4.92963e-09,9.10628e-13,3.23003e-19,0.00295628
3595,2.57719e-06,2.18717e-08,3.22648e-21,4.11335e-22,1.45056e-23,1.36431e-24,9.01198e-29,2.16126e-35,2.59906e-06
3596,0,0,0,0,0,0,0,0,0
3597,0,0,0,0,0,0,0,0,0
3598,0.00742192,0.00315279,0.000387667,0.00011434,1.00444e-05,3.10645e-06,7.18279e-10,5.63767e-16,0.0110899
3599,8.57066e-07,3.76982e-09,6.95595e-19,6.42708e-20,2.72923e-21,2.17028e-22,1.80544e-26,1.57032e-33,8.60836e-07
3600,0.00176706,0.000182547,1.24874e-07,3.17013e-08,3.2417e-09,1.52768e-09,1.90979e-13,5.20504e-20,0.00194977
3601,0.000451712,1.06979e-05,4.19252e-12,1.07414e-12,1.27009e-13,3.14628e-14,6.88665e-19,2.31682e-27,0.00046241
3602,1.0917e-05,4.29961e-08,3.13569e-10,4.83763e-11,3.57057e-12,5.30005e-13,7.67207e-17,1.21981e-23,1.09604e-05
3603,1.62868e-05,1.93619e-06,7.07558e-13,2.41362e-12,1.638e-12,3.65906e-12,1.01993e-15,3.27488e-22,1.8223e-05
3604,3.36832e-06,1.41413e-09,5.9418e-17,1.15465e-17,7.99324e-19,2.03812e-19,2.73899e-23,8.53539e-30,3.36973e-06
3605,1.6287e-05,1.30565e-08,1.84925e-16,4.03066e-17,3.4264e-18,1.25418e-18,2.48242e-22,9.11915e-29,1.63001e-05
3606,0,0,0,0,0,0,0,0,0
3607,0,0,0,0,0,0,0,0,0
3608,0,0,0,0,0,0,0,0,0
3609,0.000277276,6.7593e-06,3.28341e-09,6.93693e-10,5.95074e-11,2.59441e-11,3.5386e-15,9.3161e-22,0.00028404
3610,1.60583e-05,2.1451e-08,1.0756e-17,2.26598e-18,1.08643e-19,1.21263e-20,1.14669e-24,6.2014e-31,1.60798e-05
3611,0,0,0,0,0,0,0,0,0
3612,0.000277608,5.35252e-06,1.84832e-14,4.39094e-15,4.74486e-16,2.41229e-16,3.54219e-20,8.10394e-27,0.000282961
3613,8.17042e-06,1.02174e-07,2.08078e-21,3.08385e-22,1.43068e-23,1.35838e-24,6.19541e-29,7.81534e-36,8.2726e-06
3614,3.38902e-06,9.20377e-08,1.41524e-17,1.22063e-18,1.3809e-21,1.22124e-20,3.06857e-24,9.0253e-31,3.48106e-06
3615,0.000426383,2.1166e-05,5.2715e-13,1.21059e-13,1.07237e-14,3.24891e-15,3.46294e-19,8.48739e-26,0.000447549
3616,0.000433045,3.17593e-06,3.39069e-05,7.51515e-06,6.3048e-07,3.00528e-07,4.24665e-11,1.22886e-17,0.000478574
3617,0,0,0,0,0,0,0,0,0
3618,3.63407e-06,3.70832e-07,1.56963e-11,2.34735e-12,1.41563e-13,1.57768e-14,1.07328e-18,1.4096e-25,4.00492e-06
3619,0,0,0,0,0,0,0,0,0
3620,0.000302189,2.05571e-05,1.2639e-11,1.61578e-12,2.93659e-14,3.77293e-14,1.49188e-18,5.52376e-25,0.000322746
3621,0,0,0,0,0,0,0,0,0
3622,0,0,0,0,0,0,0,0,0
3623,0,0,0,0,0,0,0,0,0
3624,0.00014638,4.38437e-06,1.24279e-12,2.36176e-13,1.49555e-14,1.37202e-14,1.75669e-18,5.529e-25,0.000150764
3625,0.0190679,0.00401892,1.1325e-05,3.60818e-06,5.64508e-07,4.21265e-07,1.38276e-10,5.65471e-17,0.0231027
3626,0.00475474,0.000545842,7.22361e-11,2.2345e-11,3.04601e-12,2.31374e-12,8.09537e-16,4.12228e-22,0.00530059
3627,0.000747917,0.000135305,4.4624e-07,6.8713e-08,4.76429e-09,2.27671e-09,3.3051e-13,3.86845e-20,0.000883743
3628,5.61621e-06,8.07393e-08,1.36804e-15,1.44792e-16,6.32958e-18,4.60128e-19,2.19214e-23,1.78024e-30,5.69695e-06
3629,1.46232e-05,1.64816e-07,3.26063e-21,5.61258e-22,2.36141e-23,3.60448e-25,1.71341e-30,1.86992e-37,1.4788e-05
3630,0,0,0,0,0,0,0,0,0
3631,0,0,0,0,0,0,0,0,0
3632,0.0380719,0.0132002,0.00210925,0.00076255,0.000121583,0.000139331,3.70154e-08,1.66633e-14,0.0544048
3633,0.00107545,0.000141351,2.07958e-08,4.3244e-09,3.972e-10,1.34678e-10,2.41743e-14,5.97764e-21,0.00121683
3634,8.74565e-05,2.9989e-06,6.18375e-15,1.10724e-15,6.0419e-17,5.01767e-18,4.7256e-23,1.30869e-29,9.04554e-05
3635,3.88469e-05,9.92667e-07,3.0747e-16,5.59636e-17,2.59784e-18,2.03047e-19,5.00623e-24,7.89929e-31,3.98396e-05
3636,0,0,0,0,0,0,0,0,0
3637,0,0,0,0,0,0,0,0,0
3638,0,0,0,0,0,0,0,0,0
3639,0.000724538,4.6013e-05,2.20012e-08,4.50483e-09,3.33397e-10,1.5786e-10,3.20558e-14,1.20299e-20,0.000770578
3640,0,0,0,0,0,0,0,0,0
3641,0,0,0,0,0,0,0,0,0
3642,0,0,0,0,0,0,0,0,0
3643,0,0,0,0,0,0,0,0,0
3644,0,0,0,0,0,0,0,0,0
3645,2.73217e-05,2.84241e-07,1.08679e-19,1.93288e-20,1.09762e-21,7.24452e-22,9.12713e-26,2.77648e-32,2.7606e-05
3646,6.86258e-06,6.62978e-08,1.13492e-26,1.48771e-27,5.61286e-29,3.44498e-29,2.47997e-33,5.34903e-40,6.92888e-06
3647,0,0,0,0,0,0,0,0,0
3648,2.2008e-05,2.93018e-07,8.69176e-20,1.36809e-20,8.22708e-22,2.1805e-22,2.28303e-26,4.15178e-33,2.2301e-05
3649,0.000366494,1.84145e-05,8.12801e-18,7.01144e-19,7.25224e-21,2.09203e-21,7.11332e-25,1.26084e-31,0.000384908
3650,0,0,0,0,0,0,0,0,0
3651,8.97854e-05,4.623e-11,2.09141e-07,3.93885e-08,2.97593e-09,1.01153e-09,1.50855e-13,3.36277e-20,9.0038e-05
3652,1.6339e-06,1.54713e-09,9.41514e-16,1.19874e-16,5.8648e-18,1.17911e-18,1.28521e-22,2.04497e-29,1.63544e-06
3653,0,0,0,0,0,0,0,0,0
3654,0,0,0,0,0,0,0,0,0
3655,0,0,0,0,0,0,0,0,0
3656,0,0,0,0,0,0,0,0,0
3657,8.96246e-07,8.14102e-09,4.31176e-18,3.53248e-19,9.61032e-21,1.06204e-21,5.00512e-26,4.29822e-33,9.04387e-07
3658,0,0,0,0,0,0,0,0,0
3659,0.000286474,1.6315e-05,4.90981e-14,9.66198e-15,6.99624e-16,3.00285e-16,4.54782e-20,1.30229e-26,0.000302789
3660,0,0,0,0,0,0,0,0,0
3661,9.86123e-06,8.0817e-08,9.45957e-11,1.3278e-11,6.25119e-13,1.25277e-13,7.14393e-18,9.87968e-25,9.94216e-06
3662,7.97541e-06,7.11502e-08,7.30118e-29,1.09761e-29,5.17417e-31,7.08898e-32,4.09796e-36,7.43451e-43,8.04656e-06
3663,9.09975e-06,4.633e-08,8.3642e-17,1.27093e-17,7.4183e-19,1.19168e-19,1.41493e-23,2.60748e-30,9.14608e-06
3664,2.27163e-05,4.14609e-07,1.33139e-19,2.02856e-20,1.2061e-21,1.85552e-22,2.53397e-26,5.19153e-33,2.31309e-05
3665,2.1416e-05,2.36121e-07,2.30528e-20,3.49698e-21,2.04388e-22,1.37985e-22,2.052e-26,4.38972e-33,2.16522e-05
3666,0,0,0,0,0,0,0,0,0
3667,0.000224429,4.72006e-06,5.92039e-06,1.06375e-06,5.6948e-08,7.38318e-09,3.26729e-15,3.95711e-22,0.000236198
3668,0,0,0,0,0,0,0,0,0
3669,6.52845e-05,2.22805e-06,1.23314e-13,2.16191e-14,1.10006e-15,2.22556e-16,1.50303e-20,3.40337e-27,6.75126e-05
3670,0,0,0,0,0,0,0,0,0
3671,0,0,0,0,0,0,0,0,0
3672,0,0,0,0,0,0,0,0,0
3673,0,0,0,0,0,0,0,0,0
3674,0,0,0,0,0,0,0,0,0
3675,0,0,0,0,0,0,0,0,0
3676,0,0,0,0,0,0,0,0,0
3677,0.000765751,5.86715e-05,8.63286e-08,1.93015e-08,1.39543e-09,9.8429e-10,1.09821e-13,3.19107e-20,0.000824531
3678,2.20425e-06,1.05162e-08,2.11744e-17,2.382e-18,9.75126e-20,1.57607e-20,1.04621e-24,1.1648e-31,2.21477e-06
3679,0.00146169,0.00018441,5.43633e-07,1.47614e-07,1.19373e-08,1.28234e-09,1.15932e-14,7.57858e-22,0.0016468
3680,0.000128239,7.331e-07,3.75217e-13,9.14436e-14,8.53186e-15,4.2495e-15,6.84766e-19,1.9821e-25,0.000128972
3681,5.62507e-05,7.5567e-07,8.07284e-11,1.5094e-11,9.60099e-13,3.44785e-13,6.0327e-17,2.01568e-23,5.70064e-05
3682,0,0,0,0,0,0,0,0,0
3683,0,0,0,0,0,0,0,0,0
3684,0,0,0,0,0,0,0,0,0
3685,0,0,0,0,0,0,0,0,0
3686,0,0,0,0,0,0,0,0,0
3687,0.0167628,0.00319853,5.04584e-06,1.78856e-06,3.09404e-07,1.70901e-07,4.16702e-11,1.2544e-17,0.0199686
3688,0.00344012,0.000567369,8.42366e-08,2.3157e-08,2.3143e-09,1.12948e-09,1.67544e-13,5.16154e-20,0.0040076
3689,5.66484e-05,8.43925e-07,6.72465e-24,1.31789e-24,1.01721e-25,2.6355e-26,3.91045e-30,8.8562e-37,5.74923e-05
3690,1.16396e-06,7.36735e-09,9.02381e-18,1.03004e-18,2.87213e-20,1.78353e-21,4.58573e-26,4.75272e-33,1.17133e-06
3691,0.000356631,1.08739e-05,5.63027e-19,1.3555e-19,1.33709e-20,6.4927e-21,1.16835e-24,3.12457e-31,0.000367505
3692,0,0,0,0,0,0,0,0,0
3693,0,0,0,0,0,0,0,0,0
3694,1.79856e-06,6.6724e-09,2.48841e-19,2.80353e-20,1.39804e-21,2.02742e-22,2.3443e-26,2.56047e-33,1.80523e-06
3695,0.0167496,0.00403565,6.02612e-06,1.73307e-06,2.0874e-07,3.65478e-07,9.51946e-11,3.74837e-17,0.0207936
3696,9.80732e-05,0.000734049,0.000468837,0.000145126,1.72601e-05,8.78358e-06,2.18482e-09,9.22353e-16,0.00147213
3697,0.000590714,2.27623e-05,0.00011772,3.37783e-05,3.39614e-06,1.59136e-06,2.05902e-10,6.19755e-17,0.000769963
3698,2.68687e-05,2.38851e-07,1.80876e-06,3.53194e-07,1.79831e-08,3.13515e-09,2.02635e-13,4.99576e-20,2.92907e-05
3699,0.00364158,0.000431279,1.40842e-07,3.30465e-08,3.02262e-09,1.59455e-09,2.75781e-13,7.70651e-20,0.00407304
3700,0.000121617,1.54855e-06,9.46976e-14,1.92203e-14,1.34159e-15,1.05857e-15,1.71747e-19,5.19991e-26,0.000123165
3701,0,0,0,0,0,0,0,0,0
3702,1.85948e-06,1.52275e-08,1.87505e-28,2.09401e-29,7.15859e-31,7.02919e-32,3.57761e-36,4.24358e-43,1.87471e-06
3703,0,0,0,0,0,0,0,0,0
3704,1.10192e-06,2.48026e-09,7.38518e-18,9.90557e-19,4.15269e-20,3.50792e-21,2.20391e-25,3.14112e-32,1.1044e-06
3705,0,0,0,0,0,0,0,0,0
3706,6.1452e-06,6.47268e-08,6.14898e-25,7.47416e-26,3.69598e-27,5.55258e-28,4.02504e-32,3.79618e-39,6.20993e-06
3707,2.8259e-05,3.34562e-11,9.53037e-10,2.21472e-10,2.44322e-11,7.41767e-12,1.71447e-15,3.8872e-22,2.82602e-05
3708,0.000467368,1.7702e-05,2.16749e-08,4.94182e-09,4.57155e-10,2.32445e-10,2.75821e-14,5.15095e-21,0.000485098
3709,0.00389894,0.000301248,3.29079e-07,1.03125e-07,1.51728e-08,3.99025e-09,1.5312e-13,5.2096e-21,0.00420064
3710,0,0,0,0,0,0,0,0,0
3711,0,0,0,0,0,0,0,0,0
3712,0,0,0,0,0,0,0,0,0
3713,1.12939e-05,1.40228e-07,2.679e-10,3.17271e-11,1.54687e-12,1.60133e-13,1.50169e-17,1.49257e-24,1.14344e-05
3714,0,0,0,0,0,0,0,0,0
3715,0.000873912,4.3052e-05,2.96249e-11,7.68319e-12,7.72102e-13,4.51441e-13,7.02161e-17,1.85639e-23,0.000916964
3716,0.000130354,4.11073e-06,1.65627e-14,2.83694e-15,1.48114e-16,5.2595e-17,6.82992e-21,1.7972e-27,0.000134464
3717,0,0,0,0,0,0,0,0,0
3718,0.000125936,2.72949e-06,1.96172e-16,4.00201e-17,3.4564e-18,1.11707e-18,1.73656e-22,3.34888e-29,0.000128666
3719,0,0,0,0,0,0,0,0,0
3720,0.0136869,0.00266607,7.48644e-07,2.46006e-07,3.43603e-08,2.84268e-08,4.52566e-12,1.13581e-18,0.016354
3721,0,0,0,0,0,0,0,0,0
3722,1.59747e-05,2.13213e-09,1.77592e-12,3.47377e-13,2.56212e-14,6.70096e-15,4.39391e-19,5.25371e-26,1.59768e-05
3723,0,0,0,0,0,0,0,0,0
3724,0.000169108,5.46824e-06,1.7188e-09,2.93179e-10,2.12053e-11,7.41445e-12,8.04999e-16,1.08247e-22,0.000174578
3725,1.17799e-05,1.08613e-07,3.75053e-26,6.01536e-27,3.43613e-28,5.34415e-29,3.90481e-33,5.11828e-40,1.18885e-05
3726,0.000247616,1.06421e-05,1.60695e-09,3.1274e-10,2.23141e-11,1.4192e-11,2.06141e-15,4.68327e-22,0.00025826
3727,0,0,0,0,0,0,0,0,0
3728,0,0,0,0,0,0,0,0,0
3729,0,0,0,0,0,0,0,0,0
3730,0,0,0,0,0,0,0,0,0
3731,0.00156789,0.000203035,3.21432e-14,7.27908e-15,5.97598e-16,4.75671e-16,6.15453e-20,1.40365e-26,0.00177092
3732,2.99689e-06,8.37752e-09,8.14634e-31,1.16081e-31,8.11431e-33,1.36456e-33,1.62485e-37,1.58144e-44,3.00527e-06
3733,4.17186e-06,4.81228e-05,1.53476e-05,2.92237e-06,1.62036e-07,3.36124e-08,2.62137e-12,5.48081e-19,7.07604e-05
3734,0.00357442,0.000662419,1.1432e-05,3.29437e-06,2.86528e-07,1.17336e-07,1.97319e-11,8.47169e-18,0.00425197
3735,0,0,0,0,0,0,0,0,0
3736,0,0,0,0,0,0,0,0,0
3737,1.61808e-06,8.72046e-09,6.48918e-30,7.06723e-31,2.47264e-32,6.19592e-33,3.76175e-37,4.11821e-44,1.6268e-06
3738,0,0,0,0,0,0,0,0,0
3739,0,0,0,0,0,0,0,0,0
3740,1.75232e-05,2.54028e-07,7.58173e-13,1.00507e-13,4.0143e-15,9.29019e-16,3.69238e-20,4.11332e-27,1.77773e-05
3741,0,0,0,0,0,0,0,0,0
3742,0,0,0,0,0,0,0,0,0
3743,0,0,0,0,0,0,0,0,0
3744,0,0,0,0,0,0,0,0,0
3745,0.0114423,0.00381126,0.000428144,0.000132574,1.38009e-05,5.75278e-06,6.55647e-10,1.78784e-16,0.0158338
3746,4.81721e-05,9.57404e-07,2.81785e-18,3.91373e-19,2.29986e-20,6.73289e-21,5.4075e-25,4.96702e-32,4.91296e-05
3747,0.00846111,0.00125893,7.87912e-08,2.33924e-08,3.33562e-09,5.26031e-09,1.98229e-12,6.57155e-19,0.00972016
3748,0,0,0,0,0,0,0,0,0
3749,9.60213e-05,3.83696e-06,4.31256e-11,7.61138e-12,3.14784e-13,1.66629e-13,8.65291e-18,1.82011e-24,9.98583e-05
3750,4.80123e-05,3.65692e-07,2.49633e-10,5.3607e-11,3.71547e-12,7.64311e-13,6.60235e-17,1.27746e-23,4.83783e-05
3751,0,0,0,0,0,0,0,0,0
3752,0.0012019,0.000120481,1.35181e-09,1.06523e-10,5.23418e-12,2.54739e-12,3.88781e-16,5.2186e-23,0.00132238
3753,0,0,0,0,0,0,0,0,0
3754,0,0,0,0,0,0,0,0,0
3755,0,0,0,0,0,0,0,0,0
3756,0.0158992,0.00374037,1.05422e-05,3.54679e-06,4.7627e-07,4.31284e-07,8.78623e-11,2.73465e-17,0.0196546
3757,8.13039e-05,1.18045e-06,5.37651e-10,9.01768e-11,6.14328e-12,3.20542e-12,4.62594e-16,7.41603e-23,8.2485e-05
3758,0,0,0,0,0,0,0,0,0
3759,6.23812e-05,1.68133e-06,3.77865e-15,5.73987e-16,3.61968e-17,5.4166e-18,3.77242e-22,3.26527e-29,6.40625e-05
3760,0,0,0,0,0,0,0,0,0
3761,8.84571e-05,3.9968e-06,1.63032e-09,4.37752e-09,4.815e-10,2.86553e-10,5.99365e-14,8.75773e-20,9.24607e-05
3762,0.000826291,0.000145419,8.9778e-09,1.74437e-09,9.04848e-11,7.1018e-11,7.30182e-15,2.06688e-21,0.00097172
3763,0,0,0,0,0,0,0,0,0
3764,0.0081796,0.00165006,2.13389e-05,5.7079e-06,6.41084e-07,1.37378e-06,4.23105e-10,1.37216e-16,0.00985872
3765,0,0,0,0,0,0,0,0,0
3766,0,0,0,0,0,0,0,0,0
3767,2.03327e-05,3.9409e-07,2.87485e-18,3.74622e-19,1.5981e-20,3.15171e-21,1.8847e-25,2.27302e-32,2.07268e-05
3768,3.30311e-05,6.5321e-07,2.24599e-16,3.48908e-17,2.00961e-18,4.73974e-19,4.5056e-23,5.90745e-30,3.36843e-05
3769,0,0,0,0,0,0,0,0,0
3770,2.32373e-05,2.4814e-07,3.3708e-16,5.48761e-17,3.42718e-18,7.87172e-19,5.02906e-23,4.74817e-30,2.34855e-05
3771,0,0,0,0,0,0,0,0,0
3772,0,0,0,0,0,0,0,0,0
3773,3.01172e-06,2.34077e-08,4.21515e-22,5.28517e-23,1.64746e-24,2.41488e-25,1.1116e-29,1.71405e-36,3.03513e-06
3774,0,0,0,0,0,0,0,0,0
3775,0,0,0,0,0,0,0,0,0
3776,8.46897e-06,1.97506e-08,1.06955e-15,1.91544e-16,1.24488e-17,4.39247e-18,3.62461e-22,4.76347e-29,8.48872e-06
3777,0.000241604,1.58553e-05,7.98353e-11,1.13405e-11,9.09869e-13,3.41897e-13,2.11682e-17,6.4684e-25,0.000257459
3778,0.00184068,0.000170404,1.75057e-10,4.096e-11,3.6553e-12,7.45336e-12,1.34778e-15,3.18491e-22,0.00201108
3779,4.97046e-06,4.17073e-08,1.79879e-12,4.15473e-13,3.3974e-14,4.06708e-15,6.3705e-19,1.60374e-25,5.01217e-06
3780,0.00549093,0.00190509,0.000185684,4.92195e-05,3.55303e-06,1.47869e-06,1.66789e-10,5.51909e-17,0.00763596
3781,2.73591e-06,2.06228e-08,3.82335e-32,3.67062e-33,1.6599e-34,1.24674e-35,4.5946e-40,1.62686e-47,2.75653e-06
3782,0.000951321,1.9521e-05,7.20531e-05,1.43037e-05,4.80993e-07,3.53136e-06,4.34638e-10,1.45792e-16,0.00106121
3783,0,0,0,0,0,0,0,0,0
3784,0,0,0,0,0,0,0,0,0
3785,0,0,0,0,0,0,0,0,0
3786,0.000411928,0.000643857,0.000194576,5.69597e-05,5.06654e-06,1.42854e-06,1.74954e-10,5.21213e-17,0.00131382
3787,0,0,0,0,0,0,0,0,0
3788,0,0,0,0,0,0,0,0,0
3789,6.11332e-06,3.3411e-08,2.49038e-15,3.1852e-16,1.04282e-17,9.8781e-19,6.36847e-24,7.1002e-31,6.14673e-06
3790,0,0,0,0,0,0,0,0,0
3791,0,0,0,0,0,0,0,0,0
3792,0,0,0,0,0,0,0,0,0
3793,0.000637075,3.80523e-05,5.45519e-09,1.13375e-09,1.02607e-10,6.53213e-11,8.91669e-15,1.25754e-21,0.000675134
3794,0,0,0,0,0,0,0,0,0
3795,0,0,0,0,0,0,0,0,0
3796,0.000169481,9.79173e-06,3.06869e-15,5.52831e-16,2.67851e-17,2.70232e-18,1.62645e-23,2.15057e-30,0.000179273
3797,9.65336e-07,4.46968e-09,9.84939e-19,1.02311e-19,3.14933e-21,3.42485e-22,1.46687e-26,1.23927e-33,9.69806e-07
3798,0,0,0,0,0,0,0,0,0
3799,4.80541e-07,1.63745e-09,4.9948e-20,4.69566e-21,9.57337e-23,8.6523e-24,1.31849e-28,1.47831e-35,4.82179e-07
3800,0,0,0,0,0,0,0,0,0
3801,0,0,0,0,0,0,0,0,0
3802,0.00155378,8.13115e-05,3.92127e-12,5.18301e-13,1.58552e-14,2.23538e-15,9.63282e-20,1.45383e-26,0.0016351
3803,4.09654e-05,1.21222e-06,1.34325e-13,1.73485e-14,5.36165e-16,1.51329e-15,9.2964e-20,1.47895e-26,4.21776e-05
3804,0.00337348,0.000659198,9.35983e-07,2.46075e-07,2.1217e-08,1.05484e-08,1.20972e-12,2.73433e-19,0.00403389
3805,1.92471e-05,4.00462e-07,2.28188e-15,3.34342e-16,1.30484e-17,2.30069e-18,1.01249e-22,1.29268e-29,1.96476e-05
3806,0.00033123,2.45377e-08,5.10088e-08,1.65121e-08,2.41878e-09,1.35872e-09,2.73093e-13,5.72129e-20,0.000331326
3807,0,0,0,0,0,0,0,0,0
3808,0.00104767,1.52188e-05,0.000152919,4.81896e-05,5.20369e-06,1.73518e-06,1.90093e-10,4.237e-17,0.00127094
3809,0.000270811,1.31496e-05,1.41343e-10,2.63991e-11,1.53858e-12,7.37292e-13,9.38821e-17,2.03572e-23,0.000283961
3810,0,0,0,0,0,0,0,0,0
3811,6.30328e-05,1.01606e-06,3.63885e-17,6.39989e-18,4.21534e-19,2.17867e-19,2.44813e-23,3.39658e-30,6.40489e-05
3812,0.0164416,0.00551718,0.000687063,0.000190198,2.3996e-05,3.02361e-05,5.91307e-09,1.10633e-15,0.0228903
3813,0,0,0,0,0,0,0,0,0
3814,0,0,0,0,0,0,0,0,0
3815,0.0010883,5.23902e-05,6.68503e-12,1.68856e-12,2.24304e-13,6.90919e-14,1.73955e-18,3.46244e-27,0.00114069
3816,0,0,0,0,0,0,0,0,0
3817,0.000531465,3.24342e-06,1.65756e-05,4.67877e-06,4.36463e-07,5.83845e-08,8.97666e-14,1.10297e-18,0.000556457
3818,0,0,0,0,0,0,0,0,0
3819,0,0,0,0,0,0,0,0,0
3820,0,0,0,0,0,0,0,0,0
3821,0,0,0,0,0,0,0,0,0
3822,0,0,0,0,0,0,0,0,0
3823,0,0,0,0,0,0,0,0,0
3824,0,0,0,0,0,0,0,0,0
3825,0,0,0,0,0,0,0,0,0
3826,1.45325e-05,6.89494e-08,1.46197e-19,2.79057e-20,1.78162e-21,3.11997e-22,3.39067e-26,5.69245e-33,1.46015e-05
3827,0.0170561,0.00376749,1.28903e-06,4.19013e-07,5.37658e-08,7.49669e-08,1.95783e-11,6.08354e-18,0.0208254
3828,0.00062699,2.77455e-05,7.02065e-09,1.49638e-09,1.29832e-10,5.79279e-11,3.90841e-15,3.47817e-22,0.000654744
3829,5.47076e-05,1.4927e-06,7.78885e-12,9.6781e-13,5.15551e-14,2.0738e-14,1.87307e-18,1.37992e-25,5.62003e-05
3830,0,0,0,0,0,0,0,0,0
3831,0,0,0,0,0,0,0,0,0
3832,0,0,0,0,0,0,0,0,0
3833,5.28944e-05,9.83677e-07,6.47745e-06,1.93184e-06,1.93855e-07,1.35169e-07,1.68946e-11,3.85682e-18,6.26164e-05
3834,0,0,0,0,0,0,0,0,0
3835,0,0,0,0,0,0,0,0,0
3836,0,0,0,0,0,0,0,0,0
3837,0.00021137,3.36379e-06,1.09369e-09,2.2143e-10,1.68239e-11,1.4538e-11,1.64142e-15,2.30155e-22,0.000214735
3838,0.0152396,0.00435486,0.000466559,0.000134366,1.54465e-05,2.12634e-05,1.92527e-09,2.40607e-16,0.0202321
3839,5.62353e-05,1.08279e-06,4.17518e-16,6.83487e-17,3.62218e-18,3.7862e-18,3.64037e-22,5.25092e-29,5.7318e-05
3840,0.00484286,0.000589799,8.34368e-05,2.41739e-05,2.65495e-06,2.63041e-06,5.2864e-10,1.32658e-16,0.00554556
3841,0,0,0,0,0,0,0,0,0
3842,1.64735e-06,1.73751e-09,2.18046e-16,3.27976e-17,1.79111e-18,3.90986e-19,3.13658e-23,3.08046e-30,1.64909e-06
3843,0,0,0,0,0,0,0,0,0
3844,0,0,0,0,0,0,0,0,0
3845,0,0,0,0,0,0,0,0,0
3846,0,0,0,0,0,0,0,0,0
3847,7.18865e-06,6.90431e-08,6.88235e-19,9.91577e-20,4.05212e-21,4.42446e-22,1.41596e-26,1.16302e-33,7.25769e-06
3848,0,0,0,0,0,0,0,0,0
3849,0,0,0,0,0,0,0,0,0
3850,0,0,0,0,0,0,0,0,0
3851,0.00307831,0.000159814,2.73683e-08,7.42345e-09,6.61159e-10,3.48008e-08,5.93947e-11,2.47193e-17,0.00323819
3852,0,0,0,0,0,0,0,0,0
3853,0.00146187,3.29648e-05,1.70525e-06,4.84587e-07,5.53985e-08,4.65422e-08,7.34328e-12,1.33863e-18,0.00149712
3854,0,0,0,0,0,0,0,0,0
3855,0,0,0,0,0,0,0,0,0
3856,0,0,0,0,0,0,0,0,0
3857,0,0,0,0,0,0,0,0,0
3858,0.00349969,0.000707509,3.29404e-07,7.40961e-08,7.86993e-09,3.96902e-09,5.21615e-13,5.05604e-20,0.00420762
3859,0,0,0,0,0,0,0,0,0
3860,6.5691e-06,5.79167e-08,7.32535e-17,9.46264e-18,3.6505e-19,7.8708e-20,3.88301e-24,3.34317e-31,6.62701e-06
3861,0,0,0,0,0,0,0,0,0
3862,0,0,0,0,0,0,0,0,0
3863,0,0,0,0,0,0,0,0,0
3864,0,0,0,0,0,0,0,0,0
3865,0,0,0,0,0,0,0,0,0
3866,0,0,0,0,0,0,0,0,0
3867,0,0,0,0,0,0,0,0,0
3868,7.70082e-06,8.47854e-08,1.33223e-22,1.74412e-23,7.92023e-25,1.42992e-25,9.26999e-30,7.41382e-37,7.7856e-06
3869,0.000271932,8.94602e-06,2.99067e-12,6.39865e-13,5.44297e-14,1.46854e-14,1.39082e-18,1.46077e-25,0.000280878
3870,1.96971e-05,2.30992e-07,5.70152e-08,1.45355e-08,1.61529e-09,4.60499e-10,8.05393e-14,1.22511e-20,2.00018e-05
3871,0,0,0,0,0,0,0,0,0
3872,0.000370079,1.58906e-05,5.77255e-13,1.21012e-13,9.08613e-15,8.26673e-15,1.39486e-18,2.61855e-25,0.00038597
3873,0.00473237,0.00114159,4.52684e-06,9.76822e-07,9.72346e-08,1.15429e-07,2.15667e-11,2.76587e-18,0.00587968
3874,0,0,0,0,0,0,0,0,0
3875,0,0,0,0,0,0,0,0,0
3876,0,0,0,0,0,0,0,0,0
3877,0.000953318,4.5401e-05,4.56615e-11,8.6158e-12,4.44758e-13,5.38743e-14,3.14927e-18,3.95136e-25,0.000998719
3878,1.58297e-06,2.04019e-07,6.45496e-07,1.00002e-07,3.21096e-09,2.31307e-10,2.28793e-15,2.82249e-22,2.53592e-06
3879,4.42866e-06,9.00598e-08,9.14692e-13,5.72802e-14,2.55604e-15,4.55603e-16,3.08995e-20,2.99816e-28,4.51872e-06
3880,0.000544544,4.82999e-05,7.8104e-09,1.45792e-09,1.14165e-10,2.92874e-11,1.16433e-15,5.3577e-23,0.000592854
3881,2.05948e-06,8.64206e-09,7.42082e-24,8.94819e-25,3.42652e-26,9.23191e-27,5.12274e-31,4.05044e-38,2.06812e-06
3882,0.00610841,0.00133103,6.23562e-07,1.37493e-07,1.66737e-08,2.12743e-08,5.00883e-12,5.27077e-19,0.00744023
3883,1.25337e-05,2.22583e-07,2.32543e-18,2.79282e-19,1.25825e-20,2.25161e-21,1.03361e-25,4.77562e-33,1.27563e-05
3884,6.67685e-06,2.02838e-07,8.92865e-17,1.03753e-17,2.72124e-19,1.62821e-20,4.26241e-25,3.35236e-32,6.87969e-06
3885,0,0,0,0,0,0,0,0,0
3886,3.63398e-05,1.4068e-06,2.32556e-18,3.18889e-19,9.54043e-21,5.59108e-21,1.85855e-25,1.95056e-32,3.77466e-05
3887,0,0,0,0,0,0,0,0,0
3888,0.0012267,7.93268e-05,3.70614e-10,7.42737e-11,9.1485e-12,8.96818e-12,1.65489e-15,1.08391e-22,0.00130603
3889,5.99227e-05,2.04002e-06,4.67019e-14,6.50453e-15,3.54448e-16,1.47747e-16,1.1873e-20,8.58097e-28,6.19627e-05
3890,0.0187829,0.00642287,0.000836969,0.000231283,3.36241e-05,2.71703e-05,6.7531e-09,9.10919e-16,0.0263348
3891,2.74425e-06,2.03051e-08,1.07725e-16,1.0876e-17,3.97834e-19,5.15139e-20,2.46753e-24,1.17468e-31,2.76456e-06
3892,1.98498e-05,1.33481e-07,1.60128e-17,2.76265e-18,1.66151e-19,3.38131e-20,2.72311e-24,2.84353e-31,1.99833e-05
3893,1.02287e-05,5.59184e-08,6.55274e-16,8.8028e-17,4.00269e-18,1.24874e-18,6.38457e-23,4.14209e-30,1.02847e-05
3894,0,0,0,0,0,0,0,0,0
3895,0,0,0,0,0,0,0,0,0
3896,9.9697e-06,9.73838e-08,1.9557e-19,2.87023e-20,1.12825e-21,3.11589e-22,1.37074e-26,1.33064e-33,1.00671e-05
3897,0,0,0,0,0,0,0,0,0
3898,0,0,0,0,0,0,0,0,0
3899,0,0,0,0,0,0,0,0,0
3900,2.89928e-06,9.60237e-09,4.35469e-12,6.18429e-13,2.41082e-14,4.13082e-15,1.56065e-19,1.19154e-26,2.90889e-06
3901,0.00818161,0.00289043,0.000304133,6.5918e-05,4.24416e-06,2.40408e-05,2.81661e-09,4.94024e-16,0.0114704
3902,0,0,0,0,0,0,0,0,0
3903,0,0,0,0,0,0,0,0,0
3904,0,0,0,0,0,0,0,0,0
3905,0,0,0,0,0,0,0,0,0
3906,8.67538e-07,5.42135e-08,2.44248e-11,4.35292e-12,2.45017e-13,2.89215e-14,1.90615e-18,1.97515e-25,9.21781e-07
3907,0,0,0,0,0,0,0,0,0
3908,0,0,0,0,0,0,0,0,0
3909,7.98645e-05,5.18652e-07,3.70623e-10,7.20705e-11,4.41107e-12,1.57954e-12,1.15881e-16,1.32427e-23,8.03836e-05
3910,0,0,0,0,0,0,0,0,0
3911,0.000553622,2.9792e-05,1.17696e-05,2.35931e-06,1.85415e-07,6.00251e-08,5.11994e-12,4.35751e-19,0.000597788
3912,0.012279,0.00199613,7.66412e-05,2.0147e-05,1.80509e-06,1.73252e-06,2.17927e-10,3.34499e-17,0.0143755
3913,0,0,0,0,0,0,0,0,0
3914,0.000278732,6.03277e-06,3.53772e-13,6.22743e-14,4.35066e-15,7.8454e-16,6.48619e-22,2.55499e-27,0.000284764
3915,0,0,0,0,0,0,0,0,0
3916,0,0,0,0,0,0,0,0,0
3917,0,0,0,0,0,0,0,0,0
3918,9.45686e-05,2.99426e-06,2.46739e-14,4.66418e-15,2.22778e-16,5.92366e-17,2.44151e-21,2.77645e-28,9.75628e-05
3919,0,0,0,0,0,0,0,0,0
3920,0,0,0,0,0,0,0,0,0
3921,0,0,0,0,0,0,0,0,0
3922,0,0,0,0,0,0,0,0,0
3923,0,0,0,0,0,0,0,0,0
3924,1.00868e-06,4.59847e-09,7.17893e-27,7.69552e-28,2.30803e-29,2.55704e-30,8.14284e-35,5.1254e-42,1.01328e-06
3925,5.96114e-06,7.93708e-08,2.07011e-14,2.50015e-15,7.80639e-17,5.21498e-18,7.02697e-23,4.22539e-30,6.04051e-06
3926,6.18559e-06,5.10378e-08,5.39577e-26,7.67764e-27,2.99764e-28,5.50554e-29,1.80276e-33,1.20397e-40,6.23663e-06
3927,0,0,0,0,0,0,0,0,0
3928,0,0,0,0,0,0,0,0,0
3929,3.02268e-06,3.2994e-08,5.50715e-15,5.73395e-16,1.39017e-17,8.01296e-19,4.24028e-24,2.34264e-31,3.05568e-06
3930,0,0,0,0,0,0,0,0,0
3931,0.000917949,6.99326e-05,6.60777e-09,1.46071e-09,1.26266e-10,6.90914e-11,6.37392e-15,5.9574e-22,0.00098789
3932,0,0,0,0,0,0,0,0,0
3933,0.0453791,0.0165398,0.00283391,0.00102554,0.00016748,0.00016144,4.26052e-08,8.41477e-15,0.0661073
3934,0,0,0,0,0,0,0,0,0
3935,0,0,0,0,0,0,0,0,0
3936,0,0,0,0,0,0,0,0,0
3937,0,0,0,0,0,0,0,0,0
3938,0.000311294,1.40119e-06,1.77175e-05,4.66933e-06,4.34366e-07,3.41439e-07,4.35315e-11,6.61448e-18,0.000335858
3939,0,0,0,0,0,0,0,0,0
3940,0.00136368,4.65091e-05,5.57727e-08,1.57629e-08,2.02425e-09,1.32004e-09,1.24064e-13,8.17774e-21,0.00141026
3941,0,0,0,0,0,0,0,0,0
3942,5.0647e-05,2.55837e-06,1.0656e-14,1.16788e-15,6.19834e-17,2.08383e-17,1.65622e-21,5.65707e-29,5.32054e-05
3943,0.000270267,6.10387e-06,3.54871e-08,7.52319e-09,6.81213e-10,4.27378e-10,6.79128e-14,7.47828e-21,0.000276415
3944,0.000205968,5.88726e-06,2.90826e-15,6.12151e-16,4.75308e-17,1.70165e-17,8.68015e-22,5.5283e-29,0.000211855
3945,0.0204398,0.00723676,0.000988058,0.000286395,3.90784e-05,3.58108e-05,8.09853e-09,1.13972e-15,0.0290259
3946,0.00125141,8.83819e-06,0.000267504,8.09162e-05,8.46227e-06,5.96503e-06,9.64916e-10,1.89651e-16,0.0016231
3947,7.07829e-06,4.96954e-08,3.60299e-24,4.15863e-25,2.56018e-26,9.20483e-27,7.15622e-31,2.26265e-38,7.12799e-06
3948,0,0,0,0,0,0,0,0,0
3949,0,0,0,0,0,0,0,0,0
3950,0,0,0,0,0,0,0,0,0
3951,7.57341e-05,8.62366e-07,8.77727e-12,1.14919e-12,4.14892e-14,2.55478e-14,1.20788e-18,8.85621e-26,7.65965e-05
3952,4.0979e-05,2.36814e-06,5.62879e-13,4.95891e-14,1.90105e-15,8.54564e-16,4.43679e-20,7.36069e-28,4.33472e-05
3953,0,0,0,0,0,0,0,0,0
3954,0,0,0,0,0,0,0,0,0
3955,5.77719e-06,7.63163e-08,6.28896e-16,7.83302e-17,2.20457e-18,3.82782e-20,1.00696e-25,4.67042e-32,5.85351e-06
3956,0,0,0,0,0,0,0,0,0
3957,0.000515786,2.32292e-05,7.84969e-09,1.74598e-09,1.2181e-10,5.56896e-11,4.8207e-15,5.95038e-22,0.000539025
3958,0,0,0,0,0,0,0,0,0
3959,0,0,0,0,0,0,0,0,0
3960,0,0,0,0,0,0,0,0,0
3961,1.4543e-05,1.74066e-07,2.53828e-19,3.34586e-20,1.84553e-21,6.03318e-22,4.11945e-26,1.93494e-33,1.47171e-05
3962,5.36619e-05,4.96577e-06,1.14131e-12,1.51542e-13,4.41892e-15,5.03698e-16,6.44003e-21,2.10877e-28,5.86277e-05
3963,5.24214e-05,5.35339e-07,5.13221e-12,9.85058e-13,6.44959e-14,3.82709e-14,5.37419e-18,7.27814e-25,5.29568e-05
3964,0,0,0,0,0,0,0,0,0
3965,0.000533856,2.07821e-05,5.85177e-10,1.11173e-10,8.0368e-12,1.62841e-12,1.33853e-16,1.0033e-23,0.000554639
3966,0,0,0,0,0,0,0,0,0
3967,0.000561964,4.57686e-05,2.55936e-10,4.46418e-11,3.41027e-12,3.07287e-12,3.54319e-16,2.49415e-23,0.000607733
3968,0.000394498,9.84755e-06,2.93726e-07,4.3835e-08,2.44855e-09,5.31305e-10,1.82977e-14,6.45515e-22,0.000404686
3969,9.32572e-06,6.04159e-08,1.2777e-13,1.63526e-14,5.81528e-16,3.67394e-16,2.07862e-20,1.62619e-27,9.38614e-06
3970,0,0,0,0,0,0,0,0,0
3971,0,0,0,0,0,0,0,0,0
3972,5.91875e-07,2.49956e-09,2.85227e-25,2.06654e-26,7.20855e-28,1.06778e-28,4.38268e-33,6.73273e-41,5.94375e-07
3973,0.0154704,0.00366405,1.46413e-05,4.3845e-06,6.77954e-07,4.96454e-07,1.20201e-10,1.42796e-17,0.0191546
3974,0,0,0,0,0,0,0,0,0
3975,0.000104983,3.58499e-06,2.31996e-09,3.47294e-10,2.48645e-11,7.17745e-12,6.65057e-16,3.09558e-23,0.00010857
3976,0,0,0,0,0,0,0,0,0
3977,0,0,0,0,0,0,0,0,0
3978,0.0030002,0.000527705,4.91266e-07,1.10159e-07,1.05501e-08,6.59281e-09,6.64953e-13,5.02659e-20,0.00352852
3979,0.0011245,0.000129134,9.74336e-12,1.70316e-12,8.09933e-14,3.73429e-13,9.50866e-18,3.52856e-25,0.00125363
3980,0.00571018,0.000680219,1.08851e-05,2.68458e-06,2.61682e-07,1.53292e-07,1.37898e-11,1.1635e-18,0.00640439
3981,0.000157955,5.45475e-06,4.63442e-09,7.68136e-10,5.0817e-11,1.91021e-11,1.60446e-15,1.00421e-22,0.000163415
3982,0,0,0,0,0,0,0,0,0
3983,0,0,0,0,0,0,0,0,0
3984,3.21425e-06,1.43521e-08,9.19399e-24,1.22361e-24,4.21407e-26,6.03427e-27,1.188e-31,5.02768e-39,3.2286e-06
3985,0.000105342,2.82352e-06,3.91728e-16,6.9005e-17,4.96758e-18,1.47613e-18,8.69257e-23,4.21212e-30,0.000108166
3986,0,0,0,0,0,0,0,0,0
3987,0,0,0,0,0,0,0,0,0
3988,0,0,0,0,0,0,0,0,0
3989,0.00287637,0.000386112,4.3365e-09,1.10639e-09,9.41991e-11,8.20981e-11,5.88739e-15,5.6893e-22,0.00326249
3990,0,0,0,0,0,0,0,0,0
3991,0,0,0,0,0,0,0,0,0
3992,0,0,0,0,0,0,0,0,0
3993,8.37394e-06,7.30628e-08,1.46799e-09,1.9391e-10,9.60481e-12,1.47447e-12,5.98858e-19,7.61041e-25,8.44868e-06
3994,0.00252349,0.000195281,8.78076e-05,2.04007e-05,2.02393e-06,3.46538e-06,7.15821e-10,8.64669e-17,0.00283247
3995,0,0,0,0,0,0,0,0,0
3996,0,0,0,0,0,0,0,0,0
3997,0,0,0,0,0,0,0,0,0
3998,4.55898e-06,1.02421e-08,1.62126e-09,2.57915e-10,1.23871e-11,2.37455e-12,1.39264e-16,1.03382e-23,4.57112e-06
3999,0,0,0,0,0,0,0,0,0
4000,0,0,0,0,0,0,0,0,0
4001,0,0,0,0,0,0,0,0,0
4002,0,0,0,0,0,0,0,0,0
4003,1.2515e-05,3.27055e-07,6.80776e-10,1.22289e-10,5.7919e-12,1.43066e-12,9.7317e-17,1.09253e-23,1.28429e-05
4004,0,0,0,0,0,0,0,0,0
4005,1.64033e-05,1.06954e-07,6.80741e-14,1.00558e-14,5.56655e-16,1.39527e-16,7.50199e-21,3.348e-28,1.65103e-05
4006,0.00128529,8.10966e-05,4.11358e-12,1.00006e-12,1.05146e-13,8.32008e-14,1.57022e-17,1.76105e-24,0.00136639
4007,0.00470369,0.000881609,4.50516e-07,1.09745e-07,1.02412e-08,1.07244e-08,8.18223e-13,6.02404e-20,0.00558588
4008,0,0,0,0,0,0,0,0,0
4009,0,0,0,0,0,0,0,0,0
4010,0,0,0,0,0,0,0,0,0
4011,0,0,0,0,0,0,0,0,0
4012,0,0,0,0,0,0,0,0,0
4013,0,0,0,0,0,0,0,0,0
4014,0.000234193,8.14508e-06,7.17405e-11,1.4933e-11,9.11943e-13,4.55222e-13,1.36349e-17,6.51201e-25,0.000242338
4015,0.0156905,0.00290883,2.35952e-06,7.862e-07,1.07871e-07,9.22246e-08,8.84153e-12,7.78621e-19,0.0186026
4016,1.01284e-05,2.22443e-07,4.5936e-13,5.57701e-14,1.26778e-15,2.39314e-17,3.55801e-24,2.20994e-31,1.03508e-05
4017,7.35834e-05,1.61808e-06,1.97181e-16,3.09897e-17,1.94101e-18,1.26362e-18,8.40206e-23,3.99955e-30,7.52014e-05
4018,6.03956e-06,1.08707e-08,9.97822e-19,1.25076e-19,7.10093e-21,1.42311e-21,9.74671e-26,3.22465e-33,6.05043e-06
4019,5.34014e-05,9.73886e-07,1.41187e-07,2.32309e-08,9.63888e-10,5.26e-11,2.16337e-17,7.23137e-25,5.45407e-05
4020,0,0,0,0,0,0,0,0,0
4021,0,0,0,0,0,0,0,0,0
4022,0,0,0,0,0,0,0,0,0
4023,0,0,0,0,0,0,0,0,0
4024,0,0,0,0,0,0,0,0,0
4025,0,0,0,0,0,0,0,0,0
4026,0.00498264,0.0010405,2.69339e-07,6.76837e-08,6.47407e-09,5.241e-09,7.1338e-13,7.73603e-20,0.00602348
4027,0,0,0,0,0,0,0,0,0
4028,0,0,0,0,0,0,0,0,0
4029,0,0,0,0,0,0,0,0,0
4030,7.40306e-05,4.27426e-06,4.39881e-14,6.54519e-15,2.46733e-16,7.20307e-17,2.44771e-21,1.56227e-28,7.83049e-05
4031,0,0,0,0,0,0,0,0,0
4032,0.00209776,0.000162432,2.74674e-11,6.86932e-12,6.51895e-13,4.81838e-13,7.70608e-17,9.33044e-24,0.00226019
4033,0,0,0,0,0,0,0,0,0
4034,1.98135e-06,1.8968e-08,5.71084e-24,6.405e-25,1.49772e-26,8.51008e-28,1.20558e-32,6.9559e-40,2.00031e-06
4035,0.000128189,2.32745e-05,9.38543e-08,1.40155e-08,1.75692e-10,1.13853e-12,2.30853e-15,3.19013e-22,0.000151572
4036,0.000982434,7.82866e-05,3.55911e-08,6.3965e-09,6.17852e-10,6.56849e-10,7.57095e-14,3.17444e-21,0.00106076
4037,0,0,0,0,0,0,0,0,0
4038,0,0,0,0,0,0,0,0,0
4039,0.000377081,1.59716e-05,7.61424e-13,1.45895e-13,9.66764e-15,3.08184e-15,1.99948e-19,1.28651e-26,0.000393053
4040,0.00056361,4.04505e-05,8.46293e-09,1.57241e-09,1.09701e-10,1.12596e-10,9.89264e-15,6.59819e-22,0.00060407
4041,0.00181033,0.000148116,6.46865e-10,1.69666e-10,1.79691e-11,8.885e-12,1.46452e-15,1.59484e-22,0.00195845
4042,0,0,0,0,0,0,0,0,0
4043,1.02242e-05,7.85717e-08,1.28595e-14,1.89709e-15,9.37234e-17,1.27607e-17,8.03711e-22,4.48349e-29,1.03028e-05
4044,0.0236972,0.00553222,1.86979e-05,6.45461e-06,1.04278e-06,7.73745e-07,1.62933e-10,1.87513e-17,0.0292564
4045,0,0,0,0,0,0,0,0,0
4046,1.03931e-06,3.16069e-09,4.75173e-22,4.90411e-23,1.85815e-24,4.20635e-25,2.59887e-29,9.8389e-37,1.04247e-06
4047,0,0,0,0,0,0,0,0,0
4048,8.23278e-05,8.55033e-07,3.13576e-11,5.05095e-12,3.18526e-13,1.53437e-13,9.21699e-18,3.94225e-25,8.31829e-05
4049,0.0059249,0.000572333,1.36714e-05,3.48025e-06,4.83696e-07,1.0748e-08,1.27181e-10,1.37745e-17,0.00651488
4050,0.000200605,5.07698e-06,1.84195e-12,3.4378e-13,2.43424e-14,8.16584e-15,6.48879e-19,4.01623e-26,0.000205682
4051,0,0,0,0,0,0,0,0,0
4052,0.00402785,0.000773401,5.71148e-07,1.48357e-07,1.29106e-08,7.30823e-09,6.55011e-13,6.30428e-20,0.00480199
4053,0,0,0,0,0,0,0,0,0
4054,0.000553675,3.55215e-05,1.14838e-12,2.29075e-13,1.84191e-14,9.82306e-15,7.81597e-19,4.29711e-26,0.000589197
4055,0,0,0,0,0,0,0,0,0
4056,0,0,0,0,0,0,0,0,0
4057,0.000112639,1.00358e-06,6.37614e-08,1.3247e-08,8.90861e-10,4.73588e-10,3.08767e-14,2.19992e-21,0.000113721
4058,1.92384e-05,2.35145e-07,7.2988e-16,9.68564e-17,4.10039e-18,7.92276e-19,2.90364e-23,1.09533e-30,1.94736e-05
4059,0.0017302,0.000269003,6.30215e-08,1.42246e-08,8.66536e-10,7.71419e-10,3.84002e-14,3.20184e-21,0.00199929
4060,0,0,0,0,0,0,0,0,0
4061,0.000162811,4.37354e-06,3.06977e-10,5.12151e-11,3.50916e-12,6.79549e-13,5.06703e-17,2.14295e-24,0.000167185
4062,2.39036e-06,2.24556e-06,3.65369e-10,7.70366e-11,5.079e-12,1.5777e-12,9.55582e-17,6.92422e-24,4.63636e-06
4063,0,0,0,0,0,0,0,0,0
4064,0.000766275,5.71222e-05,4.21702e-13,9.3625e-14,7.56426e-15,3.19236e-15,3.0552e-19,2.33455e-26,0.000823397
4065,0,0,0,0,0,0,0,0,0
4066,0.000218335,3.05438e-06,9.42393e-07,2.3494e-07,1.51925e-08,4.1665e-09,8.30952e-14,3.80591e-21,0.000222586
4067,0.000378584,3.90982e-05,9.99029e-09,1.45474e-09,9.8564e-11,4.98125e-11,4.50175e-15,1.61314e-22,0.000417694
4068,8.19998e-06,8.96077e-08,6.99259e-20,8.76948e-21,3.49869e-22,9.47071e-23,4.09926e-27,1.71069e-34,8.28959e-06
4069,0,0,0,0,0,0,0,0,0
4070,0,0,0,0,0,0,0,0,0
4071,0,0,0,0,0,0,0,0,0
4072,0,0,0,0,0,0,0,0,0
4073,4.48345e-06,1.55344e-08,1.86084e-21,2.80369e-22,1.44587e-23,2.37268e-24,8.1499e-29,2.63561e-36,4.49898e-06
4074,0.000243535,1.13186e-05,1.64008e-11,8.71491e-13,1.44066e-14,9.72754e-16,5.97001e-21,5.58549e-29,0.000254853
4075,8.7959e-05,8.02124e-06,3.42375e-12,3.78916e-13,1.33992e-14,6.4657e-15,1.55938e-19,3.14555e-27,9.59803e-05
4076,1.53945e-06,1.33979e-08,1.11498e-25,6.09435e-27,2.33745e-28,2.64936e-29,4.98197e-34,2.55789e-44,1.55285e-06
4077,0,0,0,0,0,0,0,0,0
4078,5.2135e-06,2.88233e-08,1.78805e-23,2.52157e-24,1.11463e-25,2.32827e-26,1.56941e-30,8.8112e-38,5.24232e-06
4079,1.46104e-05,2.73167e-07,5.41957e-16,5.89674e-17,2.37732e-18,9.84871e-19,4.90487e-23,1.44602e-30,1.48835e-05
4080,4.08083e-05,1.74251e-06,6.57514e-14,8.07352e-15,3.60826e-16,6.40004e-17,2.36578e-21,6.59929e-29,4.25509e-05
4081,0,0,0,0,0,0,0,0,0
4082,0,0,0,0,0,0,0,0,0
4083,0.000276976,1.48373e-05,8.61181e-08,1.44592e-08,9.99237e-10,3.62399e-10,2.08148e-14,6.94476e-22,0.000291915
4084,0,0,0,0,0,0,0,0,0
4085,0.00239522,0.000377363,2.2864e-08,5.7352e-09,4.35276e-10,2.18787e-10,1.74348e-14,1.70027e-21,0.00277262
4086,0,0,0,0,0,0,0,0,0
4087,7.97368e-06,8.3433e-08,1.46408e-18,1.73482e-19,7.50158e-21,2.60463e-21,1.41045e-25,4.84909e-33,8.05711e-06
4088,1.22664e-05,7.37746e-05,2.15465e-05,4.71103e-06,2.23239e-07,7.03248e-08,2.11352e-12,1.69579e-19,0.000112592
4089,0,0,0,0,0,0,0,0,0
4090,0,0,0,0,0,0,0,0,0
4091,1.60551e-05,9.01308e-08,6.10897e-22,9.53783e-23,7.0179e-24,2.21832e-24,1.39782e-28,3.9303e-36,1.61452e-05
4092,0,0,0,0,0,0,0,0,0
4093,0.000567524,2.23155e-05,1.85234e-12,3.99805e-13,3.5978e-14,3.6952e-14,3.31374e-18,1.77643e-25,0.00058984
4094,0.0148676,0.00443414,0.000494168,0.000133704,1.27373e-05,1.41412e-05,1.64266e-09,1.60488e-16,0.0199565
4095,0.00364188,0.000504473,7.11006e-06,1.68469e-06,1.73028e-07,1.43664e-07,1.23508e-11,6.23687e-19,0.00415547
4096,0.00377564,0.00106629,7.5097e-05,1.16854e-05,1.13409e-06,9.42675e-07,9.64932e-11,1.12545e-18,0.00493079
4097,0,0,0,0,0,0,0,0,0
4098,9.17461e-07,7.49391e-09,3.22645e-24,2.68017e-25,7.39373e-27,8.18458e-28,2.44885e-32,5.28737e-40,9.24955e-07
4099,0.000121017,6.59761e-06,2.05636e-08,2.21536e-09,1.50682e-10,7.77729e-11,6.15898e-15,7.05404e-23,0.000127637
4100,2.03808e-06,1.55382e-08,7.77271e-23,6.91643e-24,1.8569e-25,2.26672e-26,5.21083e-32,2.22972e-40,2.05361e-06
4101,0,0,0,0,0,0,0,0,0
4102,0,0,0,0,0,0,0,0,0
4103,2.82794e-05,4.21944e-07,2.16457e-14,2.97738e-15,1.68695e-16,7.03765e-17,5.84981e-21,2.27842e-28,2.87014e-05
4104,0.000351687,3.04265e-05,1.04783e-10,2.04496e-11,9.94299e-13,3.43936e-13,1.49117e-17,1.04042e-24,0.000382114
4105,9.53566e-05,2.41859e-06,2.91468e-14,5.0004e-15,3.16883e-16,9.57771e-17,4.62663e-21,1.63753e-28,9.77752e-05
4106,0.0103407,0.00189672,9.01278e-06,2.62638e-06,3.05993e-07,3.02063e-07,1.72623e-11,7.97118e-19,0.0122497
4107,0,0,0,0,0,0,0,0,0
4108,0,0,0,0,0,0,0,0,0
4109,1.28399e-05,1.03078e-07,6.32198e-18,9.09861e-19,4.38449e-20,1.20935e-20,4.75135e-25,1.60367e-32,1.2943e-05
4110,0,0,0,0,0,0,0,0,0
4111,0,0,0,0,0,0,0,0,0
4112,0,0,0,0,0,0,0,0,0
4113,0.00480484,0.000878779,1.96514e-06,4.73682e-07,3.92002e-08,4.50588e-08,1.93024e-12,6.64776e-20,0.00568615
4114,3.4866e-05,5.64904e-08,6.58873e-12,1.32182e-12,6.85318e-14,4.98656e-14,2.56742e-18,1.96406e-25,3.49224e-05
4115,1.12688e-05,2.41401e-09,1.91799e-09,3.32013e-10,1.65216e-11,7.17452e-12,2.42818e-16,1.02174e-23,1.12735e-05
4116,0,0,0,0,0,0,0,0,0
4117,4.39115e-06,1.57891e-08,1.72267e-10,2.17935e-11,8.45866e-13,1.42683e-13,3.95677e-18,1.04518e-25,4.40713e-06
4118,1.83399e-06,3.22289e-09,6.23491e-21,7.43547e-22,3.42116e-23,6.75395e-24,1.71929e-28,2.74375e-36,1.83721e-06
4119,0.000420781,8.26608e-06,2.853e-06,7.15476e-07,5.44378e-08,2.88767e-08,1.56029e-12,1.00114e-19,0.000432699
4120,0,0,0,0,0,0,0,0,0
4121,1.10484e-06,2.77124e-08,8.26565e-19,1.24801e-19,5.32544e-21,1.02851e-21,2.87105e-26,1.0784e-33,1.13255e-06
4122,0,0,0,0,0,0,0,0,0
4123,0.00331889,0.000437824,2.16872e-09,4.93581e-10,3.95758e-11,2.66566e-11,2.64112e-15,1.91283e-22,0.00375671
4124,0.000111081,5.01102e-06,1.70977e-14,2.61248e-15,1.32564e-16,5.68654e-17,3.62586e-21,1.87789e-28,0.000116092
4125,0,0,0,0,0,0,0,0,0
4126,0.000107837,1.59808e-06,3.70377e-16,7.36674e-17,5.49665e-18,2.58298e-18,1.7338e-22,7.94768e-30,0.000109435
4127,0,0,0,0,0,0,0,0,0
4128,1.04891e-05,6.52603e-08,1.81544e-10,2.09205e-11,7.86945e-13,9.32593e-14,1.46585e-18,2.1743e-26,1.05545e-05
4129,2.12132e-06,3.87634e-08,4.67957e-20,1.33419e-22,4.01876e-21,6.63661e-21,6.76666e-25,3.22534e-32,2.16008e-06
4130,0,0,0,0,0,0,0,0,0
4131,0,0,0,0,0,0,0,0,0
4132,0.0058193,0.00190722,0.000175396,4.03434e-05,3.15986e-06,2.55303e-06,2.09023e-10,1.407e-17,0.00794797
4133,0,0,0,0,0,0,0,0,0
4134,0.00055816,3.54389e-05,2.36007e-10,4.6013e-11,3.46165e-12,2.6034e-12,2.23109e-16,1.12463e-23,0.000593599
4135,0,0,0,0,0,0,0,0,0
4136,0,0,0,0,0,0,0,0,0
4137,0,0,0,0,0,0,0,0,0
4138,0,0,0,0,0,0,0,0,0
4139,0,0,0,0,0,0,0,0,0
4140,0,0,0,0,0,0,0,0,0
4141,0,0,0,0,0,0,0,0,0
4142,0.00171613,0.000160844,6.59862e-08,1.52821e-08,1.26272e-09,1.48881e-09,1.51651e-13,1.06887e-20,0.00187706
4143,0.000403323,2.22339e-05,5.12418e-12,9.7588e-13,8.27831e-14,3.04865e-14,3.09003e-18,1.29885e-25,0.000425557
4144,0,0,0,0,0,0,0,0,0
4145,0.00634967,0.000954477,5.28782e-08,1.46449e-08,1.7107e-09,1.42956e-09,1.66035e-13,1.04261e-20,0.00730422
4146,1.36473e-05,2.26915e-07,8.84035e-19,1.22978e-19,4.22688e-21,4.84659e-22,5.02754e-27,6.9209e-35,1.38742e-05
4147,0,0,0,0,0,0,0,0,0
4148,0,0,0,0,0,0,0,0,0
4149,8.68002e-05,2.36212e-06,3.50596e-09,7.97157e-10,4.20509e-11,1.44995e-11,5.00476e-16,3.36298e-23,8.91667e-05
4150,0.0160666,0.00494464,0.000491167,0.000124706,1.24242e-05,1.90025e-05,2.25659e-09,1.54514e-16,0.0216585
4151,0.000495728,4.6027e-05,8.19924e-10,1.43248e-10,9.28689e-12,5.92453e-12,5.157e-16,2.52353e-23,0.000541756
4152,0,0,0,0,0,0,0,0,0
4153,0,0,0,0,0,0,0,0,0
4154,0,0,0,0,0,0,0,0,0
4155,2.27239e-06,9.42374e-09,5.11918e-18,5.96928e-19,2.0686e-20,1.83412e-21,3.45518e-26,9.11798e-34,2.28181e-06
4156,0,0,0,0,0,0,0,0,0
4157,1.19015e-05,7.84121e-08,3.46667e-12,4.79697e-13,2.38284e-14,5.1234e-15,1.82698e-19,4.32656e-27,1.19799e-05
4158,0,0,0,0,0,0,0,0,0
4159,0,0,0,0,0,0,0,0,0
4160,0.000191479,6.51843e-06,2.24017e-14,2.6862e-15,1.07628e-16,4.20882e-17,1.66689e-21,4.50022e-29,0.000197998
4161,0.0114131,0.00365949,0.000393912,0.000106968,1.07202e-05,7.88449e-06,7.35445e-10,4.76458e-17,0.0155921
4162,0,0,0,0,0,0,0,0,0
4163,0.000548849,4.37187e-05,3.79225e-12,7.40186e-13,3.86758e-14,1.76063e-14,1.04887e-18,7.55352e-26,0.000592568
4164,0.000677017,3.91487e-05,2.90708e-09,6.73348e-10,5.59181e-11,1.93559e-11,1.63693e-15,9.33839e-23,0.00071617
4165,3.01786e-05,5.97314e-07,1.69777e-14,2.33543e-15,1.10869e-16,3.3502e-17,1.8439e-21,6.21194e-29,3.0776e-05
4166,3.19343e-05,6.40645e-07,2.72171e-13,3.94201e-14,1.83301e-15,4.33807e-16,1.06074e-20,2.36089e-28,3.2575e-05
4167,0,0,0,0,0,0,0,0,0
4168,0,0,0,0,0,0,0,0,0
4169,0,0,0,0,0,0,0,0,0
4170,0,0,0,0,0,0,0,0,0
4171,0,0,0,0,0,0,0,0,0
4172,0,0,0,0,0,0,0,0,0
4173,0.000867326,3.98187e-05,1.99524e-13,4.77988e-14,4.43708e-15,3.15203e-15,2.05323e-19,8.60101e-27,0.000907145
4174,0,0,0,0,0,0,0,0,0
4175,9.98693e-06,1.63096e-10,9.36824e-13,1.82125e-13,1.03246e-14,1.58723e-15,5.74604e-20,2.31742e-27,9.98709e-06
4176,0.000129542,1.3273e-05,3.65306e-11,5.05874e-12,2.09942e-13,2.90491e-14,5.61002e-19,1.01345e-26,0.000142815
4177,0.000704267,2.56889e-05,3.17131e-09,5.73641e-10,3.10373e-11,5.84362e-12,2.36101e-16,1.03446e-23,0.00072996
4178,0.000123749,3.33883e-06,8.68073e-10,1.42727e-10,8.71391e-12,2.78675e-12,1.50397e-16,4.66308e-24,0.000127089
4179,2.52424e-06,1.03528e-08,7.60111e-14,9.19677e-15,3.44082e-16,4.11666e-17,6.99552e-22,1.09974e-29,2.5346e-06
4180,0,0,0,0,0,0,0,0,0
4181,2.12103e-06,2.14507e-08,4.72195e-20,5.68626e-21,1.30076e-22,7.64044e-24,1.29852e-28,5.2138e-36,2.14249e-06
4182,3.18012e-05,4.04178e-07,7.693e-15,1.2749e-15,6.62311e-17,1.05531e-17,4.5471e-22,1.63284e-29,3.22054e-05
4183,0,0,0,0,0,0,0,0,0
4184,8.77836e-05,6.58218e-07,2.70779e-11,5.83996e-12,5.31047e-13,9.93863e-14,1.52426e-19,2.82318e-26,8.84418e-05
4185,0,0,0,0,0,0,0,0,0
4186,0.000523153,2.64876e-05,5.33657e-14,1.0795e-14,9.59087e-16,5.54121e-16,5.84881e-20,2.41829e-27,0.00054964
4187,2.33372e-06,2.25059e-08,5.70008e-24,6.10262e-25,1.75844e-26,1.81613e-27,3.57879e-32,7.40072e-40,2.35623e-06
4188,1.50559e-06,2.2482e-09,9.22024e-24,1.19286e-24,4.80035e-26,8.03529e-27,1.41407e-31,2.28447e-39,1.50784e-06
4189,0.000991952,0.000127558,5.13137e-09,9.81641e-10,7.25672e-11,2.61882e-11,1.32866e-15,3.91023e-23,0.00111952
4190,0,0,0,0,0,0,0,0,0
4191,0,0,0,0,0,0,0,0,0
4192,0,0,0,0,0,0,0,0,0
4193,0,0,0,0,0,0,0,0,0
4194,0,0,0,0,0,0,0,0,0
4195,0,0,0,0,0,0,0,0,0
4196,0.00134199,8.84905e-05,4.15446e-08,1.08121e-08,9.08052e-10,3.81201e-10,1.58508e-14,6.46035e-22,0.00143053
4197,1.84886e-06,2.0212e-08,7.50492e-21,6.55756e-22,1.81291e-23,1.75223e-24,3.73282e-29,4.99818e-37,1.86908e-06
4198,0.000205321,8.47726e-06,3.0087e-13,6.38482e-14,3.94613e-15,5.60596e-16,1.63358e-20,5.3915e-28,0.000213798
4199,0.000148745,4.63558e-06,9.89848e-13,1.8209e-13,9.5754e-15,6.15783e-15,2.06776e-19,7.79099e-27,0.000153381
4200,1.86512e-05,6.70016e-07,1.66058e-12,2.42183e-13,6.85298e-15,3.17182e-16,2.99851e-21,6.03599e-29,1.93213e-05
4201,0.000118182,1.24963e-05,6.79855e-09,9.93273e-11,4.12436e-12,4.08921e-12,9.16242e-17,5.61183e-23,0.000130685
4202,0,0,0,0,0,0,0,0,0
4203,0,0,0,0,0,0,0,0,0
4204,9.61871e-07,1.25653e-08,6.605e-22,4.6542e-23,4.85227e-28,2.95279e-25,1.99824e-29,4.53893e-37,9.74436e-07
4205,0,0,0,0,0,0,0,0,0
4206,0.000470605,1.87112e-05,1.44919e-05,2.4891e-06,1.57888e-07,1.04135e-07,9.45129e-12,3.73813e-19,0.000506559
4207,0,0,0,0,0,0,0,0,0
4208,1.89331e-06,2.04117e-08,3.63955e-16,3.48161e-17,5.45049e-19,1.39669e-20,1.31749e-25,3.19355e-33,1.91373e-06
4209,0,0,0,0,0,0,0,0,0
4210,0,0,0,0,0,0,0,0,0
4211,7.42792e-06,1.05173e-08,3.01533e-13,4.54389e-14,2.45665e-15,5.29759e-16,1.25279e-20,1.9856e-28,7.43844e-06
4212,0.00926322,0.00234777,0.000198449,4.67433e-05,5.72638e-06,3.41337e-06,2.24372e-10,4.62305e-18,0.0118653
4213,0,0,0,0,0,0,0,0,0
4214,1.77071e-06,1.4839e-08,2.13952e-17,1.96473e-18,4.77925e-20,5.15677e-21,8.19914e-26,1.31869e-33,1.78555e-06
4215,0,0,0,0,0,0,0,0,0
4216,9.11621e-07,4.41328e-09,2.25702e-29,1.59429e-30,4.99483e-32,6.7352e-33,1.11452e-37,3.66443e-46,9.16034e-07
4217,0.00142387,0.000214737,3.90678e-09,7.23817e-10,3.61331e-11,1.46673e-10,9.10057e-15,5.39879e-22,0.00163861
4218,0,0,0,0,0,0,0,0,0
4219,0,0,0,0,0,0,0,0,0
4220,0,0,0,0,0,0,0,0,0
4221,0,0,0,0,0,0,0,0,0
4222,0,0,0,0,0,0,0,0,0
4223,0.000401201,3.65963e-05,4.55474e-12,8.62428e-13,4.21329e-14,1.50143e-14,5.20603e-19,2.2941e-26,0.000437797
4224,0,0,0,0,0,0,0,0,0
4225,0,0,0,0,0,0,0,0,0
4226,0,0,0,0,0,0,0,0,0
4227,5.15921e-06,3.29864e-08,1.91843e-17,2.62247e-18,1.02827e-19,1.46344e-20,5.01453e-25,1.50348e-32,5.19219e-06
4228,0,0,0,0,0,0,0,0,0
4229,0.0108038,0.0024981,0.000208877,5.49911e-05,4.45834e-06,3.9452e-06,1.76775e-10,7.72952e-18,0.0135742
4230,0,0,0,0,0,0,0,0,0
4231,0,0,0,0,0,0,0,0,0
4232,0,0,0,0,0,0,0,0,0
4233,0,0,0,0,0,0,0,0,0
4234,3.80733e-06,1.40102e-08,2.9723e-11,4.50959e-12,1.3678e-13,1.0897e-14,3.58819e-22,4.52214e-27,3.82137e-06
4235,0,0,0,0,0,0,0,0,0
4236,7.52503e-06,9.4665e-08,1.77927e-23,1.914e-24,9.0362e-26,1.34872e-26,5.18131e-31,6.01519e-39,7.61969e-06
4237,0,0,0,0,0,0,0,0,0
4238,0.000220071,1.08673e-05,1.69185e-15,3.05428e-16,1.73528e-17,5.32495e-18,1.58463e-22,4.34951e-30,0.000230938
4239,0,0,0,0,0,0,0,0,0
4240,3.98942e-06,5.24611e-08,2.11266e-16,1.60901e-17,5.35002e-19,1.65793e-19,3.78283e-24,2.2272e-32,4.04188e-06
4241,0,0,0,0,0,0,0,0,0
4242,2.92251e-05,3.19822e-07,3.3777e-17,5.79644e-18,3.37576e-19,7.02811e-20,4.44435e-24,1.64534e-31,2.95449e-05
4243,0,0,0,0,0,0,0,0,0
4244,3.12061e-06,4.41522e-08,1.17916e-12,9.40811e-14,2.46414e-15,2.05087e-16,1.6589e-21,1.61635e-29,3.16477e-06
4245,0.000150563,1.42185e-06,2.60824e-06,5.16044e-07,3.57794e-08,1.3935e-08,8.28798e-13,3.0228e-20,0.000155159
4246,0.000615078,4.23922e-05,1.04452e-10,2.17885e-11,1.52682e-12,7.13883e-13,3.52957e-17,1.19917e-24,0.000657471
4247,0,0,0,0,0,0,0,0,0
4248,0,0,0,0,0,0,0,0,0
4249,0,0,0,0,0,0,0,0,0
4250,0.0038319,0.000389846,7.17354e-07,1.91756e-07,2.02029e-08,2.09384e-08,2.29047e-12,1.16485e-19,0.0042227
4251,0.000134494,6.68683e-06,2.30198e-17,3.78555e-18,1.5168e-19,1.02534e-19,3.16662e-24,1.27752e-31,0.000141181
4252,0,0,0,0,0,0,0,0,0
4253,0,0,0,0,0,0,0,0,0
4254,0.00103094,0.000214346,4.12363e-08,7.70841e-09,3.94072e-10,1.79008e-10,8.32979e-15,3.58613e-22,0.00124533
4255,0,0,0,0,0,0,0,0,0
4256,0,0,0,0,0,0,0,0,0
4257,0,0,0,0,0,0,0,0,0
4258,0,0,0,0,0,0,0,0,0
4259,0.000385341,5.06913e-05,3.12195e-07,3.24586e-08,1.97714e-09,8.53525e-10,4.44033e-14,4.41296e-23,0.00043638
4260,0,0,0,0,0,0,0,0,0
4261,0,0,0,0,0,0,0,0,0
4262,0,0,0,0,0,0,0,0,0
4263,0,0,0,0,0,0,0,0,0
4264,0.000116665,1.50681e-06,2.47411e-10,4.72334e-11,2.95242e-12,1.22547e-13,5.22531e-16,5.68267e-23,0.000118172
4265,4.73952e-05,1.29757e-06,1.76117e-10,2.46886e-11,1.21987e-12,2.30772e-13,6.13377e-18,9.19435e-26,4.8693e-05
4266,2.70933e-05,4.39338e-07,1.27515e-17,1.62661e-18,6.62348e-20,8.85501e-20,2.69141e-24,5.1304e-32,2.75326e-05
4267,0,0,0,0,0,0,0,0,0
4268,1.97809e-05,6.09902e-07,6.91644e-11,6.63012e-12,1.87707e-13,8.55954e-14,1.51029e-18,1.82345e-26,2.03909e-05
4269,0,0,0,0,0,0,0,0,0
4270,4.59099e-05,1.53731e-06,1.18587e-12,8.59714e-14,1.5878e-15,6.83969e-17,3.842e-22,1.62774e-30,4.74472e-05
4271,0,0,0,0,0,0,0,0,0
4272,0,0,0,0,0,0,0,0,0
4273,0.00162764,0.000108303,4.1075e-05,8.83815e-06,7.2192e-07,1.09236e-06,9.80138e-11,3.84231e-18,0.00178767
4274,0.000163155,7.08029e-06,4.41064e-13,7.37396e-14,3.91108e-15,1.68235e-15,5.95663e-20,1.6438e-27,0.000170236
4275,0,0,0,0,0,0,0,0,0
4276,1.07935e-06,3.56191e-09,2.45324e-26,2.34849e-27,9.2719e-29,1.41288e-29,3.51862e-34,3.13435e-42,1.08291e-06
4277,1.15074e-06,5.55112e-08,9.52374e-16,2.02856e-16,1.9387e-17,3.07387e-17,1.71334e-21,3.5512e-29,1.20625e-06
4278,0.000824231,6.04129e-05,8.6797e-12,1.71427e-12,1.38855e-13,1.14574e-13,8.61106e-18,2.47558e-25,0.000884644
4279,0.000150287,6.3385e-06,3.89312e-16,6.01873e-17,3.45366e-18,2.39739e-18,1.14158e-22,2.47549e-30,0.000156626
4280,0,0,0,0,0,0,0,0,0
4281,4.08028e-06,1.51528e-08,1.4204e-33,1.93822e-34,8.14524e-36,2.48057e-36,6.11983e-41,1.06567e-48,4.09543e-06
4282,0,0,0,0,0,0,0,0,0
4283,0,0,0,0,0,0,0,0,0
4284,0,0,0,0,0,0,0,0,0
4285,2.05323e-05,7.96049e-08,5.11184e-10,8.10279e-11,4.12435e-12,2.29211e-12,9.70309e-17,2.48998e-24,2.06125e-05
4286,0.000802068,6.25809e-05,4.03319e-07,6.5844e-08,5.78911e-09,5.02848e-09,7.77525e-13,1.81118e-20,0.000865128
4287,0,0,0,0,0,0,0,0,0
4288,0,0,0,0,0,0,0,0,0
4289,0,0,0,0,0,0,0,0,0
4290,0,0,0,0,0,0,0,0,0
4291,0,0,0,0,0,0,0,0,0
4292,1.62886e-06,1.07029e-08,2.283e-22,1.75911e-23,6.05914e-25,1.40925e-25,3.91372e-30,2.21548e-38,1.63956e-06
4293,0.000832303,3.7289e-05,1.64043e-08,3.08225e-09,1.80705e-10,8.92022e-11,2.77686e-15,6.42372e-23,0.000869612
4294,1.20429e-05,4.8969e-07,3.92163e-09,6.47383e-10,2.65092e-11,5.51378e-12,9.63953e-17,2.00642e-24,1.25372e-05
4295,4.08158e-06,2.94964e-08,1.0026e-15,1.23244e-16,4.08209e-18,5.40616e-19,1.20782e-23,2.37935e-31,4.11107e-06
4296,0,0,0,0,0,0,0,0,0
4297,0,0,0,0,0,0,0,0,0
4298,0,0,0,0,0,0,0,0,0
4299,0,0,0,0,0,0,0,0,0
4300,0,0,0,0,0,0,0,0,0
4301,4.01797e-07,4.09688e-08,4.79639e-07,5.59061e-08,2.22605e-09,4.99795e-10,1.08786e-14,9.49479e-23,9.81037e-07
4302,0,0,0,0,0,0,0,0,0
4303,0,0,0,0,0,0,0,0,0
4304,0.00017399,7.46501e-06,4.99582e-14,8.14015e-15,4.48181e-16,3.09358e-16,1.07289e-20,2.04928e-28,0.000181455
4305,0,0,0,0,0,0,0,0,0
4306,0,0,0,0,0,0,0,0,0
4307,0.00392026,0.000648629,1.13548e-06,2.64212e-07,2.24018e-08,2.49169e-08,1.47506e-12,4.49638e-20,0.00457034
4308,0,0,0,0,0,0,0,0,0
4309,0,0,0,0,0,0,0,0,0
4310,0.00042844,2.48137e-05,7.09213e-12,1.35594e-12,8.97437e-14,4.11083e-14,1.27695e-18,2.31256e-26,0.000453254
4311,0,0,0,0,0,0,0,0,0
4312,0,0,0,0,0,0,0,0,0
4313,0.00582795,0.000853059,1.61823e-05,4.22482e-06,4.32229e-07,4.95333e-07,4.14227e-11,1.47554e-18,0.00670234
4314,0,0,0,0,0,0,0,0,0
4315,0,0,0,0,0,0,0,0,0
4316,0,0,0,0,0,0,0,0,0
4317,0.000523715,3.10202e-05,1.37345e-05,2.87098e-06,1.44863e-07,7.31505e-08,3.53278e-12,1.75356e-19,0.000571559
4318,0,0,0,0,0,0,0,0,0
4319,0.000443811,1.51462e-05,1.7668e-08,3.51454e-09,2.30192e-10,1.94262e-10,1.17425e-14,3.83685e-22,0.000458978
4320,1.3662e-05,7.47318e-08,3.4967e-16,5.45521e-17,2.04674e-18,9.70439e-19,2.49841e-23,7.16029e-31,1.37368e-05
4321,0,0,0,0,0,0,0,0,0
4322,0,0,0,0,0,0,0,0,0
4323,2.47378e-06,7.01633e-09,4.58876e-26,5.22215e-27,2.08587e-28,2.48167e-29,2.52196e-34,1.53152e-42,2.4808e-06
4324,0.000322867,1.12654e-05,4.55285e-14,9.32367e-15,6.90474e-16,3.6159e-16,1.92219e-20,4.88555e-28,0.000334132
4325,0,0,0,0,0,0,0,0,0
4326,3.10182e-05,9.45492e-07,8.01712e-14,9.88546e-15,3.54715e-16,1.92744e-16,8.71076e-21,2.17124e-28,3.19637e-05
4327,0.000687916,6.0768e-05,2.16803e-08,3.45775e-09,7.62013e-11,6.36495e-10,2.22833e-14,8.69738e-22,0.00074871
4328,4.66984e-06,1.44406e-08,1.80916e-16,2.39747e-17,8.09502e-19,5.49774e-19,1.64379e-23,4.01842e-31,4.68428e-06
4329,0,0,0,0,0,0,0,0,0
4330,0,0,0,0,0,0,0,0,0
4331,0,0,0,0,0,0,0,0,0
4332,0.000317875,2.71774e-05,1.04657e-09,1.05259e-10,4.74678e-12,3.26351e-12,1.50814e-16,1.40909e-24,0.000345053
4333,0.00161963,0.000163215,4.05302e-10,8.68504e-11,8.20262e-12,4.29597e-12,3.60901e-16,8.82949e-24,0.00178285
4334,0,0,0,0,0,0,0,0,0
4335,0.000173464,2.64229e-06,3.69762e-10,7.27599e-11,5.31179e-12,1.99481e-12,1.10327e-16,2.58307e-24,0.000176107
4336,0.000165333,2.89444e-06,1.7128e-07,3.16664e-08,1.57741e-09,6.84131e-10,9.07958e-15,1.2061e-22,0.000168433
4337,4.54985e-07,4.50043e-10,1.97301e-17,2.40382e-18,7.70091e-20,7.17338e-21,1.03865e-25,1.36156e-33,4.55435e-07
4338,0,0,0,0,0,0,0,0,0
4339,0,0,0,0,0,0,0,0,0
4340,0,0,0,0,0,0,0,0,0
4341,8.45848e-06,2.73371e-07,4.31328e-16,1.89785e-17,6.34156e-19,4.13975e-19,1.41684e-23,1.71571e-32,8.73185e-06
4342,0,0,0,0,0,0,0,0,0
4343,0.000178153,6.4178e-06,3.32369e-11,5.77698e-12,3.53165e-13,2.56987e-13,8.23779e-18,1.34208e-25,0.000184571
4344,1.46517e-05,2.73245e-07,2.14832e-21,3.16501e-22,1.09486e-23,5.10485e-25,4.90498e-30,5.99708e-38,1.49249e-05
4345,0.0190613,0.00577555,0.000672685,0.000188173,2.16016e-05,2.77033e-05,2.37708e-09,7.62552e-17,0.025747
4346,0.000158369,8.93681e-06,4.60193e-17,8.29689e-18,3.81935e-19,8.45583e-20,2.45877e-24,6.63749e-32,0.000167306
4347,1.3169e-05,7.19512e-09,1.20538e-09,1.83625e-10,6.91914e-12,1.58142e-12,2.6581e-17,4.64965e-25,1.31776e-05
4348,0,0,0,0,0,0,0,0,0
4349,0,0,0,0,0,0,0,0,0
4350,0,0,0,0,0,0,0,0,0
4351,0,0,0,0,0,0,0,0,0
4352,0,0,0,0,0,0,0,0,0
4353,0.00574671,0.000959689,9.83128e-07,2.46287e-07,2.45127e-08,2.38084e-08,1.54817e-12,3.98897e-20,0.00670767
4354,7.31804e-05,1.15933e-06,1.6e-08,2.63343e-09,1.65944e-10,6.46421e-11,3.33239e-15,6.07997e-23,7.43586e-05
4355,0,0,0,0,0,0,0,0,0
4356,0.0012389,0.000198166,4.38605e-07,7.27827e-08,4.84842e-09,4.42926e-09,2.42463e-13,4.09118e-21,0.00143759
4357,0.0100651,0.00197799,0.000142446,3.96364e-05,3.61185e-06,2.01838e-06,1.64514e-10,6.7578e-18,0.0122308
4358,0,0,0,0,0,0,0,0,0
4359,2.18807e-05,2.80536e-07,5.4314e-15,5.0641e-16,1.89444e-17,2.48925e-18,5.94793e-23,2.92434e-31,2.21612e-05
4360,0,0,0,0,0,0,0,0,0
4361,1.9293e-06,1.93772e-09,1.83191e-22,1.91875e-23,6.48951e-25,4.49919e-25,1.03474e-29,1.09814e-37,1.93124e-06
4362,0,0,0,0,0,0,0,0,0
4363,0,0,0,0,0,0,0,0,0
4364,0,0,0,0,0,0,0,0,0
4365,6.30282e-05,2.4263e-06,5.30169e-16,4.03074e-17,1.52477e-19,1.0868e-17,1.42937e-22,3.90861e-30,6.54545e-05
4366,7.32462e-05,4.73489e-07,1.82411e-06,2.28776e-07,1.08369e-08,3.82927e-09,7.74718e-14,6.53568e-22,7.57872e-05
4367,0,0,0,0,0,0,0,0,0
4368,7.21654e-05,1.22812e-06,1.03338e-11,1.61198e-12,9.08134e-14,2.74357e-14,6.53555e-19,7.58571e-27,7.33935e-05
4369,3.59305e-06,1.36602e-08,3.28044e-27,4.09073e-28,2.05683e-29,4.33736e-30,1.40453e-34,1.4291e-42,3.60671e-06
4370,2.86286e-06,7.01175e-08,4.48877e-18,3.65051e-19,5.63252e-21,1.15373e-22,5.63441e-29,3.11535e-37,2.93298e-06
4371,0,0,0,0,0,0,0,0,0
4372,8.77446e-07,2.90971e-09,2.3144e-33,2.38559e-34,7.06598e-36,1.15233e-36,2.36682e-41,2.78433e-49,8.80356e-07
4373,0.00108636,6.74439e-05,2.41408e-10,4.69244e-11,3.35928e-12,2.00956e-12,9.31655e-17,1.84991e-24,0.00115381
4374,0,0,0,0,0,0,0,0,0
4375,0.000417501,2.69214e-05,5.76113e-13,1.21405e-13,8.50261e-15,1.3269e-15,6.04114e-20,1.39373e-27,0.000444423
4376,0.000428785,2.1669e-05,5.08991e-09,1.05e-09,6.31694e-11,3.51337e-11,1.99583e-15,6.75888e-23,0.000450461
4377,2.37585e-05,2.37623e-08,1.79733e-08,1.91847e-09,9.60011e-11,2.6343e-11,7.25552e-16,1.84878e-24,2.38023e-05
4378,0.000638961,2.7039e-05,2.81346e-08,5.91507e-09,4.42318e-10,3.27244e-10,1.66373e-14,3.68603e-22,0.000666035
4379,0,0,0,0,0,0,0,0,0
4380,3.28913e-05,2.27506e-07,2.78484e-08,4.98515e-09,2.53921e-10,5.82028e-11,1.472e-15,2.67976e-23,3.31519e-05
4381,0,0,0,0,0,0,0,0,0
4382,0.00291118,0.000379878,4.132e-09,9.10912e-10,7.74402e-11,1.02635e-10,6.80107e-15,1.58501e-22,0.00329107
4383,0,0,0,0,0,0,0,0,0
4384,9.8388e-05,9.64282e-06,1.12711e-10,1.22175e-11,4.37375e-13,1.36839e-13,2.32093e-18,1.87939e-26,0.000108031
4385,2.16789e-05,3.84805e-07,2.65953e-14,3.91023e-15,1.74563e-16,2.09598e-17,7.56841e-22,1.40138e-29,2.20637e-05
4386,5.7037e-06,1.61845e-08,3.63214e-09,5.17118e-10,2.06221e-11,3.29181e-12,8.59646e-17,1.39787e-24,5.72406e-06
4387,1.48995e-05,8.54023e-08,7.6218e-19,1.14518e-19,5.24942e-21,1.13256e-21,1.51516e-26,1.22934e-34,1.49849e-05
4388,0,0,0,0,0,0,0,0,0
4389,5.03822e-05,1.36618e-07,2.6856e-06,5.17873e-07,2.90457e-08,2.86208e-08,8.63795e-13,1.75101e-20,5.37799e-05
4390,0.000376638,1.64581e-05,3.5713e-08,7.25777e-09,4.4854e-10,1.35982e-10,3.37029e-15,5.72324e-23,0.00039314
4391,0,0,0,0,0,0,0,0,0
4392,8.39373e-05,1.60019e-06,1.56968e-13,2.5686e-14,1.46701e-15,7.44821e-16,2.71157e-20,4.16377e-28,8.55375e-05
4393,0.000126192,8.88427e-06,8.24184e-13,1.02224e-13,2.20012e-15,1.02868e-14,1.80288e-19,3.96624e-27,0.000135076
4394,0.000772658,5.8962e-05,7.75168e-09,1.32424e-09,8.32389e-11,4.08531e-11,1.09026e-15,1.32572e-23,0.000831629
4395,0,0,0,0,0,0,0,0,0
4396,0,0,0,0,0,0,0,0,0
4397,0.00101148,6.64063e-05,1.65374e-12,3.35364e-13,3.37004e-14,2.29074e-14,2.36457e-18,4.47945e-26,0.00107788
4398,0,0,0,0,0,0,0,0,0
4399,0,0,0,0,0,0,0,0,0
4400,0,0,0,0,0,0,0,0,0
4401,2.3523e-05,1.81763e-07,1.49708e-14,1.44838e-15,4.43051e-17,6.51864e-18,1.22511e-22,1.0793e-30,2.37048e-05
4402,0,0,0,0,0,0,0,0,0
4403,0,0,0,0,0,0,0,0,0
4404,0.000209072,1.96698e-05,9.65275e-09,1.37225e-09,5.07849e-11,2.25507e-11,4.92059e-16,8.18303e-24,0.000228752
4405,0,0,0,0,0,0,0,0,0
4406,0,0,0,0,0,0,0,0,0
4407,0,0,0,0,0,0,0,0,0
4408,0.000675202,3.78886e-05,1.44798e-10,2.98586e-11,2.25327e-12,1.40255e-12,6.29708e-17,1.12326e-24,0.000713091
4409,0,0,0,0,0,0,0,0,0
4410,0.00239309,0.000210184,3.78429e-08,7.20165e-09,5.03412e-10,2.18861e-10,8.52488e-15,1.32009e-22,0.00260332
4411,0.000441319,3.36563e-05,2.92942e-14,5.33843e-15,2.8364e-16,2.21712e-16,8.22097e-21,1.79074e-28,0.000474976
4412,0,0,0,0,0,0,0,0,0
4413,0,0,0,0,0,0,0,0,0
4414,1.99215e-05,2.60369e-07,1.64995e-11,1.80635e-12,8.33919e-14,1.52661e-14,4.18258e-19,2.48588e-27,2.01819e-05
4415,0.0064251,0.00103908,8.78003e-07,2.23554e-07,2.30066e-08,2.70505e-08,1.94456e-12,4.48461e-20,0.00746533
4416,2.01858e-06,9.41441e-09,7.50774e-22,7.73277e-23,2.78625e-24,4.04871e-25,7.15719e-30,4.90078e-38,2.028e-06
4417,2.94809e-05,3.7313e-07,8.46596e-19,1.21163e-19,7.11453e-21,1.98174e-21,6.32434e-26,5.77053e-34,2.98541e-05
4418,0,0,0,0,0,0,0,0,0
4419,5.48862e-05,6.17646e-07,7.86128e-14,1.31121e-14,8.08802e-16,3.31384e-16,7.51268e-21,6.96175e-29,5.55038e-05
4420,0,0,0,0,0,0,0,0,0
4421,0,0,0,0,0,0,0,0,0
4422,0,0,0,0,0,0,0,0,0
4423,0.000576817,6.19972e-05,9.58358e-09,1.59015e-09,1.02692e-10,3.79488e-11,1.6219e-15,2.06378e-23,0.000638825
4424,5.19742e-06,1.34967e-08,7.81384e-12,6.40873e-13,2.78609e-14,6.89127e-15,1.41012e-19,3.63785e-29,5.21093e-06
4425,0,0,0,0,0,0,0,0,0
4426,0,0,0,0,0,0,0,0,0
4427,0.00240502,0.000342732,1.91267e-06,4.31076e-07,3.03101e-08,2.46071e-08,8.21685e-13,1.58588e-20,0.00275015
4428,0,0,0,0,0,0,0,0,0
4429,0,0,0,0,0,0,0,0,0
4430,0,0,0,0,0,0,0,0,0
4431,0,0,0,0,0,0,0,0,0
4432,0,0,0,0,0,0,0,0,0
4433,0,0,0,0,0,0,0,0,0
4434,7.316e-07,7.17055e-09,6.652e-16,3.45814e-17,1.55754e-19,6.32182e-20,4.30567e-24,1.30794e-32,7.38771e-07
4435,0,0,0,0,0,0,0,0,0
4436,0.00483845,0.000500263,3.50062e-09,9.73809e-10,1.14597e-10,8.14942e-11,6.01272e-15,1.28238e-22,0.00533872
4437,0,0,0,0,0,0,0,0,0
4438,0,0,0,0,0,0,0,0,0
4439,0.00482958,0.00130776,9.7514e-05,1.90607e-05,1.58608e-06,1.49228e-06,7.27902e-11,9.13039e-19,0.006257
4440,6.76024e-05,6.2113e-06,5.01995e-09,4.2955e-10,1.42613e-11,3.84093e-12,8.21191e-17,3.30245e-25,7.38191e-05
4441,0,0,0,0,0,0,0,0,0
4442,0,0,0,0,0,0,0,0,0
4443,0.008114,0.00163133,1.74682e-06,4.45172e-07,3.67974e-08,8.22294e-08,4.62523e-12,1.23488e-19,0.00974764
4444,4.97778e-06,7.40441e-08,1.80692e-10,2.04389e-11,5.04645e-13,3.32447e-14,3.07418e-19,2.8575e-27,5.05203e-06
4445,0,0,0,0,0,0,0,0,0
4446,0,0,0,0,0,0,0,0,0
4447,0,0,0,0,0,0,0,0,0
4448,0,0,0,0,0,0,0,0,0
4449,0,0,0,0,0,0,0,0,0
4450,0,0,0,0,0,0,0,0,0
4451,0,0,0,0,0,0,0,0,0
4452,0,0,0,0,0,0,0,0,0
4453,0.000145552,6.4113e-06,5.15408e-16,8.40268e-17,4.1138e-18,2.31746e-18,8.35491e-23,1.4313e-30,0.000151964
4454,0.00330881,0.000371863,9.03168e-08,2.21348e-08,2.14618e-09,1.94205e-09,1.55628e-13,3.54302e-21,0.00368079
4455,0,0,0,0,0,0,0,0,0
4456,0,0,0,0,0,0,0,0,0
4457,0,0,0,0,0,0,0,0,0
4458,1.99726e-06,6.33573e-08,5.44899e-13,4.14213e-14,1.52767e-16,1.6092e-17,4.75505e-22,3.53877e-30,2.06062e-06
4459,0,0,0,0,0,0,0,0,0
4460,3.63828e-06,1.25471e-08,1.12566e-13,1.63731e-14,6.48295e-16,1.90287e-16,3.31544e-21,3.72723e-29,3.65082e-06
4461,0.00131535,9.0046e-05,1.55387e-10,3.45815e-11,2.76075e-12,2.37855e-12,1.07439e-16,1.82358e-24,0.0014054
4462,4.6e-06,3.84898e-09,4.3972e-16,6.37373e-17,3.02392e-18,2.35408e-18,6.89673e-23,8.00586e-31,4.60385e-06
4463,4.58985e-09,5.76314e-07,2.94302e-06,5.13613e-07,1.77887e-08,3.402e-09,6.0521e-14,1.30004e-21,4.05872e-06
4464,0,0,0,0,0,0,0,0,0
4465,0,0,0,0,0,0,0,0,0
4466,0,0,0,0,0,0,0,0,0
4467,0,0,0,0,0,0,0,0,0
4468,0,0,0,0,0,0,0,0,0
4469,0.00210637,0.000157147,4.0657e-10,9.99692e-11,9.66411e-12,7.69648e-12,3.52829e-16,5.29983e-24,0.00226351
4470,0.00687933,0.00165129,1.4329e-05,3.13283e-06,2.41116e-07,6.79887e-07,5.21341e-11,1.23736e-18,0.008549
4471,0,0,0,0,0,0,0,0,0
4472,0,0,0,0,0,0,0,0,0
4473,1.93106e-05,2.81567e-07,3.49349e-20,4.70515e-21,1.99116e-22,8.77831e-23,4.37436e-27,7.25649e-35,1.95922e-05
4474,1.42237e-06,2.56836e-09,1.18442e-20,1.29606e-21,5.05814e-23,1.61462e-23,4.83225e-28,4.15801e-36,1.42494e-06
4475,0,0,0,0,0,0,0,0,0
4476,4.65134e-05,7.07363e-07,1.53046e-23,2.65705e-24,1.27656e-25,3.34284e-26,5.02252e-31,5.26177e-39,4.72208e-05
4477,0,0,0,0,0,0,0,0,0
4478,0,0,0,0,0,0,0,0,0
4479,0,0,0,0,0,0,0,0,0
4480,0,0,0,0,0,0,0,0,0
4481,2.44565e-05,1.32125e-11,7.90537e-15,1.45089e-15,7.26653e-17,2.22686e-17,5.90127e-22,9.55166e-30,2.44566e-05
4482,0.000252456,9.54816e-06,1.75056e-14,3.29765e-15,1.83374e-16,1.21501e-16,3.76568e-21,5.97967e-29,0.000262004
4483,0,0,0,0,0,0,0,0,0
4484,0,0,0,0,0,0,0,0,0
4485,0.00131052,0.000133014,1.33979e-09,2.51445e-10,1.72101e-11,1.05758e-11,4.95158e-16,7.70539e-24,0.00144354
4486,0.00100117,8.4744e-05,2.3405e-09,2.87071e-10,1.00669e-11,4.27533e-12,7.25368e-17,5.89353e-25,0.00108591
4487,0,0,0,0,0,0,0,0,0
4488,0,0,0,0,0,0,0,0,0
4489,0,0,0,0,0,0,0,0,0
4490,5.80545e-07,1.44038e-09,6.27095e-17,4.92988e-18,1.41285e-19,1.12312e-20,4.06173e-26,2.11221e-35,5.81986e-07
4491,0,0,0,0,0,0,0,0,0
4492,0.00379561,0.000672303,4.20544e-07,8.93433e-08,6.6864e-09,1.24478e-08,6.82625e-13,1.22999e-20,0.00446845
4493,0,0,0,0,0,0,0,0,0
4494,2.07505e-05,1.37284e-06,3.9361e-16,1.94053e-17,5.1232e-21,1.45799e-18,9.55556e-24,3.88384e-32,2.21233e-05
4495,0,0,0,0,0,0,0,0,0
4496,0.00983924,0.00129269,1.98491e-05,6.13549e-06,7.44648e-07,5.45988e-07,2.77057e-11,4.65142e-19,0.0111592
4497,0,0,0,0,0,0,0,0,0
4498,6.44926e-05,2.66484e-07,3.99015e-12,8.0434e-13,6.5134e-14,3.55408e-14,1.44513e-18,1.58376e-26,6.4759e-05
4499,0,0,0,0,0,0,0,0,0
4500,0.00402591,0.000660567,2.73005e-07,5.73133e-08,3.46274e-09,8.62563e-09,2.80105e-13,4.81542e-21,0.00468682
4501,0,0,0,0,0,0,0,0,0
4502,4.83298e-06,2.84036e-07,1.96915e-15,2.15711e-14,5.29428e-16,2.85531e-16,4.97745e-21,6.30936e-28,5.11701e-06
4503,1.72272e-05,1.82252e-07,2.08552e-19,2.72262e-20,1.24439e-21,6.24411e-22,2.33621e-26,2.40946e-34,1.74094e-05
4504,0.00756633,0.00205714,0.00017302,4.13395e-05,3.48052e-06,2.67998e-06,1.04769e-10,1.52714e-18,0.00984398
4505,0.00904575,0.00277536,0.000266521,5.9824e-05,4.72647e-06,9.81003e-06,5.71946e-10,1.07319e-17,0.012162
4506,0.000382012,1.26883e-05,1.07444e-20,2.22162e-21,1.59188e-22,1.25484e-22,5.3644e-27,7.96434e-35,0.0003947
4507,0.00399017,0.000491653,9.7384e-09,2.37853e-09,2.41947e-10,1.98627e-10,1.29838e-14,2.01964e-22,0.00448184
4508,0,0,0,0,0,0,0,0,0
4509,0,0,0,0,0,0,0,0,0
4510,0,0,0,0,0,0,0,0,0
4511,0,0,0,0,0,0,0,0,0
4512,0,0,0,0,0,0,0,0,0
4513,0.0018391,0.000367855,1.55228e-08,3.18898e-09,1.93512e-10,9.38308e-11,4.54864e-15,9.50434e-23,0.00220698
4514,0,0,0,0,0,0,0,0,0
4515,0.00555175,0.000880554,3.41643e-07,8.4174e-08,8.36011e-09,8.90987e-09,6.63919e-13,1.19437e-20,0.00643275
4516,0,0,0,0,0,0,0,0,0
4517,0,0,0,0,0,0,0,0,0
4518,0,0,0,0,0,0,0,0,0
4519,0,0,0,0,0,0,0,0,0
4520,0,0,0,0,0,0,0,0,0
4521,0.000185553,1.04657e-05,1.67311e-10,2.20504e-11,9.45446e-13,1.93878e-12,5.60876e-17,5.05215e-25,0.000196019
4522,0.0022271,0.000216158,2.78258e-07,6.14676e-08,4.90626e-09,5.95497e-09,4.22314e-13,8.25441e-21,0.00244361
4523,0.000797169,4.36274e-05,8.45307e-08,1.771e-08,1.33942e-09,7.43387e-10,3.07845e-14,3.94769e-22,0.000840901
4524,0,0,0,0,0,0,0,0,0
4525,1.61121e-05,2.86286e-08,2.72198e-07,4.41019e-08,1.88982e-09,5.28055e-10,1.13129e-15,1.78633e-25,1.64595e-05
4526,0.000295545,6.38081e-06,9.49647e-08,1.18315e-08,5.58126e-10,2.22808e-10,4.09513e-15,2.77205e-23,0.000302033
4527,0,0,0,0,0,0,0,0,0
4528,0,0,0,0,0,0,0,0,0
4529,4.99399e-07,7.19524e-11,2.3562e-23,3.23213e-24,1.29693e-25,2.52317e-26,3.84123e-31,2.78224e-39,4.99471e-07
4530,0,0,0,0,0,0,0,0,0
4531,0,0,0,0,0,0,0,0,0
4532,0,0,0,0,0,0,0,0,0
4533,0.000540891,3.96866e-05,4.03447e-11,7.52609e-12,4.24621e-13,2.78167e-13,7.1205e-18,8.68602e-26,0.000580578
4534,0,0,0,0,0,0,0,0,0
4535,0.000598805,2.85022e-05,8.67323e-06,1.6413e-06,9.48362e-08,6.90309e-08,1.52723e-12,1.56412e-20,0.000637786
4536,0,0,0,0,0,0,0,0,0
4537,0.00690823,0.00177652,0.000138906,2.96905e-05,2.63519e-06,2.80665e-06,1.10663e-10,1.02923e-18,0.00885879
4538,0,0,0,0,0,0,0,0,0
4539,3.53968e-05,7.46519e-07,9.42921e-16,1.22781e-17,1.60937e-18,3.33909e-18,7.24122e-23,3.35473e-31,3.61434e-05
4540,0.00992642,0.00207504,0.000311636,7.81064e-05,6.77928e-06,7.98536e-06,3.96275e-10,7.46897e-18,0.012406
4541,1.3167e-05,1.25317e-07,4.77663e-24,6.37662e-25,2.773e-26,9.59397e-27,2.37557e-31,1.92941e-39,1.32923e-05
4542,0.00334122,0.000336512,1.64406e-05,3.44588e-06,2.13219e-07,1.25753e-07,4.80011e-12,8.6983e-20,0.00369796
4543,0,0,0,0,0,0,0,0,0
4544,3.40368e-06,7.68003e-08,5.39656e-16,4.32213e-17,5.65383e-19,1.89051e-19,1.18229e-24,8.49192e-33,3.48048e-06
4545,0,0,0,0,0,0,0,0,0
4546,0,0,0,0,0,0,0,0,0
4547,7.93509e-06,9.80138e-09,1.14269e-11,1.79943e-12,9.4477e-14,1.67606e-14,3.02628e-19,1.94014e-27,7.9449e-06
4548,3.88222e-06,1.60018e-08,1.58348e-17,1.97197e-18,8.25383e-20,1.30655e-20,1.70451e-25,7.3882e-34,3.89822e-06
4549,0,0,0,0,0,0,0,0,0
4550,0,0,0,0,0,0,0,0,0
4551,0,0,0,0,0,0,0,0,0
4552,0,0,0,0,0,0,0,0,0
4553,1.57522e-05,9.04806e-08,1.59894e-22,2.60407e-23,1.23222e-24,2.5214e-25,3.61301e-30,2.5612e-38,1.58427e-05
4554,0.000206644,8.7237e-06,2.55669e-10,4.61129e-11,2.1954e-12,1.23185e-12,2.45869e-17,2.82583e-25,0.000215368
4555,0,0,0,0,0,0,0,0,0
4556,0,0,0,0,0,0,0,0,0
4557,0,0,0,0,0,0,0,0,0
4558,0,0,0,0,0,0,0,0,0
4559,0,0,0,0,0,0,0,0,0
4560,0.0108512,0.00317905,0.00030859,7.20142e-05,6.24551e-06,1.20336e-05,6.46479e-10,9.3169e-18,0.0144292
4561,0,0,0,0,0,0,0,0,0
4562,0,0,0,0,0,0,0,0,0
4563,0,0,0,0,0,0,0,0,0
4564,0,0,0,0,0,0,0,0,0
4565,0,0,0,0,0,0,0,0,0
4566,0,0,0,0,0,0,0,0,0
4567,0.000267357,1.63179e-05,2.16264e-09,3.71395e-10,1.92643e-11,5.38903e-12,1.46498e-16,1.56886e-24,0.000283677
4568,0,0,0,0,0,0,0,0,0
4569,7.5175e-07,1.47033e-09,2.67415e-09,2.45455e-10,5.01429e-12,5.89606e-13,4.86128e-18,2.59776e-26,7.56146e-07
4570,0.000849077,4.15543e-05,3.12935e-10,7.04363e-11,4.7899e-12,5.75592e-12,2.37844e-16,3.8789e-24,0.000890631
4571,0,0,0,0,0,0,0,0,0
4572,1.16506e-06,6.57405e-11,4.99596e-24,5.79451e-25,1.72304e-26,2.72067e-27,3.1334e-32,1.92121e-40,1.16512e-06
4573,0,0,0,0,0,0,0,0,0
4574,1.77975e-05,5.62361e-07,1.00498e-16,9.07967e-18,2.47297e-20,3.86629e-19,4.96309e-23,4.48229e-31,1.83599e-05
4575,0,0,0,0,0,0,0,0,0
4576,0,0,0,0,0,0,0,0,0
4577,0,0,0,0,0,0,0,0,0
4578,0,0,0,0,0,0,0,0,0
4579,3.06651e-06,8.80232e-09,4.38976e-19,5.71575e-20,2.44633e-21,2.08878e-22,3.51177e-27,1.88808e-35,3.07532e-06
4580,6.16626e-06,4.89263e-08,2.2132e-15,2.44215e-16,9.21609e-18,2.43602e-18,4.73215e-23,2.3617e-31,6.21518e-06
4581,0,0,0,0,0,0,0,0,0
4582,0,0,0,0,0,0,0,0,0
4583,0,0,0,0,0,0,0,0,0
4584,0.00262111,0.000643136,3.77403e-05,8.49109e-06,4.66494e-07,1.4473e-07,1.96455e-12,2.0078e-20,0.00331109
4585,0,0,0,0,0,0,0,0,0
4586,0,0,0,0,0,0,0,0,0
4587,0,0,0,0,0,0,0,0,0
4588,0,0,0,0,0,0,0,0,0
4589,0,0,0,0,0,0,0,0,0
4590,0,0,0,0,0,0,0,0,0
4591,0,0,0,0,0,0,0,0,0
4592,0,0,0,0,0,0,0,0,0
4593,0.000202705,7.24595e-06,2.39447e-12,4.43827e-13,2.73534e-14,5.94676e-15,1.74808e-19,1.57722e-27,0.000209951
4594,0,0,0,0,0,0,0,0,0
4595,0,0,0,0,0,0,0,0,0
4596,0,0,0,0,0,0,0,0,0
4597,0.000428516,1.84036e-05,5.80486e-10,1.20461e-10,7.32326e-12,4.12431e-12,1.48566e-16,2.07281e-24,0.000446921
4598,0.000136116,1.58848e-06,4.21755e-12,8.0818e-13,6.47041e-14,3.13784e-14,9.1587e-19,5.58889e-27,0.000137705
4599,0.000441064,3.07119e-05,3.76357e-08,6.97018e-09,3.66701e-10,2.10245e-10,6.03159e-15,7.03636e-23,0.000471821
4600,0,0,0,0,0,0,0,0,0
4601,0,0,0,0,0,0,0,0,0
4602,0.00204447,0.000246493,3.20486e-09,6.82689e-10,4.8415e-11,4.95209e-11,1.64736e-15,1.74086e-23,0.00229097
4603,0,0,0,0,0,0,0,0,0
4604,0,0,0,0,0,0,0,0,0
4605,5.29233e-06,6.11553e-08,7.83015e-15,8.85975e-16,2.73154e-17,2.20195e-18,2.05436e-23,7.48314e-32,5.35349e-06
4606,0,0,0,0,0,0,0,0,0
4607,0.000348071,2.42503e-05,3.26034e-11,5.59277e-12,2.78879e-13,1.63783e-13,3.46343e-18,2.95344e-26,0.000372321
4608,0,0,0,0,0,0,0,0,0
4609,1.31067e-06,2.30093e-10,2.40499e-11,2.11895e-12,2.42408e-14,1.33354e-13,1.53438e-18,1.02795e-26,1.31093e-06
4610,0,0,0,0,0,0,0,0,0
4611,0,0,0,0,0,0,0,0,0
4612,9.7181e-05,3.67391e-06,1.45511e-12,2.0109e-13,9.02892e-15,6.52524e-15,1.82877e-19,1.37496e-27,0.000100855
4613,2.12536e-06,4.64757e-09,3.34832e-12,3.62567e-13,1.36253e-14,2.0898e-15,3.58474e-20,1.45695e-28,2.13001e-06
4614,0.0106351,0.0020345,8.11214e-06,2.30352e-06,2.35193e-07,2.05723e-07,8.77082e-12,1.08626e-19,0.0126805
4615,0,0,0,0,0,0,0,0,0
4616,0,0,0,0,0,0,0,0,0
4617,0,0,0,0,0,0,0,0,0
4618,0,0,0,0,0,0,0,0,0
4619,0,0,0,0,0,0,0,0,0
4620,0,0,0,0,0,0,0,0,0
4621,0,0,0,0,0,0,0,0,0
4622,0,0,0,0,0,0,0,0,0
4623,0,0,0,0,0,0,0,0,0
4624,0.00052954,6.60335e-05,1.09089e-07,1.32009e-08,8.28513e-10,4.65005e-10,1.1462e-14,2.14597e-23,0.000595697
4625,0,0,0,0,0,0,0,0,0
4626,0,0,0,0,0,0,0,0,0
4627,0,0,0,0,0,0,0,0,0
4628,0,0,0,0,0,0,0,0,0
4629,0,0,0,0,0,0,0,0,0
4630,0.00510744,0.000892024,9.63503e-08,2.26441e-08,2.02576e-09,1.78197e-09,8.76807e-14,9.27808e-22,0.00599959
4631,0,0,0,0,0,0,0,0,0
4632,0,0,0,0,0,0,0,0,0
4633,0,0,0,0,0,0,0,0,0
4634,3.27813e-05,1.22031e-07,6.12157e-17,1.02775e-17,6.54095e-19,6.65317e-19,2.41405e-23,1.74761e-31,3.29034e-05
4635,3.06838e-05,5.09139e-07,1.17239e-06,1.85404e-07,6.77421e-09,3.95422e-09,6.64382e-14,6.22153e-22,3.25615e-05
4636,0,0,0,0,0,0,0,0,0
4637,5.18983e-06,2.39109e-08,4.99439e-09,6.20541e-10,2.53326e-11,8.02021e-12,8.06331e-17,2.49264e-25,5.21939e-06
4638,2.32405e-06,1.25676e-08,1.21582e-18,9.01026e-20,1.73793e-21,1.74912e-22,1.37724e-27,4.20336e-36,2.33662e-06
4639,0.0131105,0.00357457,0.000345311,8.5525e-05,7.82706e-06,1.22065e-05,5.42985e-10,5.80261e-18,0.0171359
4640,0,0,0,0,0,0,0,0,0
4641,0.00060789,2.50825e-05,6.96663e-13,1.37997e-13,1.13819e-14,8.32313e-15,2.75728e-19,1.67665e-27,0.000632973
4642,0,0,0,0,0,0,0,0,0
4643,0,0,0,0,0,0,0,0,0
4644,2.63995e-05,2.42649e-07,3.01153e-12,3.33805e-13,6.92941e-15,5.48966e-16,2.72493e-21,1.22183e-29,2.66421e-05
4645,0,0,0,0,0,0,0,0,0
4646,0,0,0,0,0,0,0,0,0
4647,0,0,0,0,0,0,0,0,0
4648,0.0156054,0.00454015,0.000479778,0.000127416,1.16143e-05,1.85248e-05,8.69499e-10,1.11531e-17,0.0207829
4649,0,0,0,0,0,0,0,0,0
4650,0,0,0,0,0,0,0,0,0
4651,0,0,0,0,0,0,0,0,0
4652,3.8182e-06,1.11593e-08,2.85643e-13,3.39884e-14,1.1721e-15,2.53148e-16,1.95467e-21,5.88575e-30,3.82936e-06
4653,0,0,0,0,0,0,0,0,0
4654,0,0,0,0,0,0,0,0,0
4655,0,0,0,0,0,0,0,0,0
4656,0,0,0,0,0,0,0,0,0
4657,0,0,0,0,0,0,0,0,0
4658,0.00883838,0.00196731,1.45965e-05,3.57082e-06,3.01187e-07,5.95938e-07,3.20955e-11,4.19016e-19,0.0108248
4659,2.54927e-05,9.73531e-07,1.44755e-12,3.50586e-15,1.97381e-16,2.30616e-17,2.94998e-22,5.23741e-28,2.64663e-05
4660,0,0,0,0,0,0,0,0,0
4661,0.000275979,1.63257e-05,2.44688e-11,2.85703e-12,7.62684e-14,1.4839e-13,2.19772e-18,1.66699e-26,0.000292305
4662,0.001202,0.000107462,9.91143e-13,1.9893e-13,1.42802e-14,9.26485e-15,2.23398e-19,1.36359e-27,0.00130946
4663,0,0,0,0,0,0,0,0,0
4664,0,0,0,0,0,0,0,0,0
4665,0,0,0,0,0,0,0,0,0
4666,2.2637e-05,7.94918e-07,7.7673e-15,9.83804e-16,2.07894e-17,3.86727e-18,1.28715e-23,5.96784e-32,2.34319e-05
4667,0.000186605,8.16902e-06,1.21725e-11,1.8661e-12,1.02849e-13,5.0139e-14,1.19146e-18,6.02962e-27,0.000194774
4668,0.000162117,4.69488e-06,3.13528e-15,5.31036e-16,3.43361e-17,1.84832e-17,7.02682e-22,4.7411e-30,0.000166812
4669,0,0,0,0,0,0,0,0,0
4670,0,0,0,0,0,0,0,0,0
4671,0.000743971,6.37811e-05,9.07303e-12,1.57966e-12,7.87972e-14,1.40529e-13,4.47241e-18,4.48408e-26,0.000807752
4672,0.00060711,4.63313e-05,4.26335e-08,6.68592e-09,2.63785e-10,8.94263e-10,1.80328e-14,1.28727e-22,0.000653492
4673,0,0,0,0,0,0,0,0,0
4674,0,0,0,0,0,0,0,0,0
4675,0,0,0,0,0,0,0,0,0
4676,0.000949545,0.000100955,9.95413e-09,2.06569e-09,1.19026e-10,3.2329e-11,3.21064e-16,1.61531e-24,0.00105051
4677,0,0,0,0,0,0,0,0,0
4678,0,0,0,0,0,0,0,0,0
4679,9.23287e-07,3.21976e-10,5.78244e-15,4.67039e-16,8.55278e-18,1.35226e-18,6.54827e-24,2.03851e-32,9.23609e-07
4680,0,0,0,0,0,0,0,0,0
4681,4.62135e-06,9.29137e-08,2.409e-15,1.68618e-16,3.70584e-18,1.19363e-18,1.0442e-23,1.69831e-32,4.71426e-06
4682,2.12168e-05,2.85152e-07,3.20413e-19,3.41148e-20,1.69056e-21,1.78941e-21,6.46641e-26,2.16449e-34,2.15019e-05
4683,0.000353266,1.61026e-05,2.77371e-14,4.77011e-15,2.54791e-16,1.15995e-16,1.91093e-21,1.0051e-29,0.000369369
4684,0.000762509,0.000113495,5.24188e-08,1.06452e-08,4.5222e-10,8.56048e-11,4.89151e-16,1.83558e-24,0.000876068
4685,0,0,0,0,0,0,0,0,0
4686,0,0,0,0,0,0,0,0,0
4687,1.62546e-05,4.44373e-07,4.0689e-13,7.41485e-15,6.83337e-15,1.6962e-15,9.0807e-22,4.51911e-31,1.6699e-05
4688,0,0,0,0,0,0,0,0,0
4689,0,0,0,0,0,0,0,0,0
4690,0,0,0,0,0,0,0,0,0
4691,0,0,0,0,0,0,0,0,0
4692,0,0,0,0,0,0,0,0,0
4693,0.00968241,0.00153297,8.89181e-06,2.48098e-06,2.88398e-07,1.43771e-07,2.23246e-12,3.423e-21,0.0112272
4694,2.41732e-05,2.15332e-07,8.91013e-14,1.44838e-14,5.51153e-16,1.19313e-16,8.8865e-22,3.99726e-30,2.43885e-05
4695,2.53604e-05,5.83897e-07,8.54162e-11,1.10986e-11,2.10328e-13,7.92041e-15,8.48516e-20,5.63544e-28,2.59444e-05
4696,0,0,0,0,0,0,0,0,0
4697,0.00114322,8.57303e-05,5.16833e-09,1.08488e-09,7.80817e-11,4.98953e-11,1.10451e-15,6.39942e-24,0.00122895
4698,0.000128266,4.2381e-06,3.07817e-12,4.56058e-13,2.77855e-14,7.32283e-15,2.06333e-19,8.29311e-28,0.000132504
4699,0,0,0,0,0,0,0,0,0
4700,0,0,0,0,0,0,0,0,0
4701,0.00390513,0.00096173,6.19959e-05,1.13654e-05,7.09579e-07,1.27886e-06,2.68816e-11,1.32508e-19,0.00494221
4702,1.04826e-05,5.43664e-08,6.25215e-10,8.64788e-11,4.21322e-12,1.67823e-12,3.59845e-17,1.49181e-25,1.05377e-05
4703,0,0,0,0,0,0,0,0,0
4704,0,0,0,0,0,0,0,0,0
4705,7.20694e-06,2.85046e-08,1.16782e-08,1.55814e-09,4.7744e-11,1.50923e-11,1.3485e-16,6.25023e-25,7.24874e-06
4706,0,0,0,0,0,0,0,0,0
4707,0.0143854,0.00404563,0.000406418,0.000104095,9.78547e-06,1.38902e-05,6.02207e-10,5.44583e-18,0.0189652
4708,0.000116762,8.11112e-07,6.7505e-08,1.22508e-08,6.10117e-10,2.58104e-10,4.00216e-15,2.41239e-23,0.000117654
4709,7.5521e-05,1.37177e-06,5.21145e-11,8.40978e-12,4.04978e-13,2.59488e-13,5.90461e-18,3.79727e-26,7.68928e-05
4710,0,0,0,0,0,0,0,0,0
4711,0,0,0,0,0,0,0,0,0
4712,9.04552e-06,5.45145e-08,3.58697e-21,5.11403e-22,2.05819e-23,6.26536e-24,8.9555e-29,4.25778e-37,9.10003e-06
4713,1.12876e-05,7.46192e-08,1.08114e-13,1.34349e-14,5.01259e-16,1.23351e-16,1.57163e-21,6.15346e-30,1.13622e-05
4714,0,0,0,0,0,0,0,0,0
4715,0.000425447,9.12792e-06,1.21139e-10,2.43759e-11,1.71547e-12,1.05031e-12,2.11004e-17,1.0156e-25,0.000434575
4716,8.48206e-05,2.61627e-06,2.65537e-17,4.02468e-18,1.89874e-19,6.75485e-20,1.3932e-24,7.63242e-33,8.74369e-05
4717,0,0,0,0,0,0,0,0,0
4718,0,0,0,0,0,0,0,0,0
4719,1.93668e-06,3.51537e-09,8.2496e-14,7.49799e-15,1.82168e-16,8.82028e-17,7.76547e-22,2.12569e-30,1.9402e-06
4720,0,0,0,0,0,0,0,0,0
4721,0,0,0,0,0,0,0,0,0
4722,0,0,0,0,0,0,0,0,0
4723,0,0,0,0,0,0,0,0,0
4724,2.40239e-05,6.98009e-07,6.64735e-20,5.77373e-21,1.39978e-22,4.74399e-22,5.0701e-27,1.33705e-35,2.47219e-05
4725,0,0,0,0,0,0,0,0,0
4726,0,0,0,0,0,0,0,0,0
4727,0,0,0,0,0,0,0,0,0
4728,0,0,0,0,0,0,0,0,0
4729,0,0,0,0,0,0,0,0,0
4730,0,0,0,0,0,0,0,0,0
4731,0,0,0,0,0,0,0,0,0
4732,0,0,0,0,0,0,0,0,0
4733,0,0,0,0,0,0,0,0,0
4734,1.12562e-05,9.33171e-08,4.00406e-08,3.49686e-09,1.30714e-10,3.39764e-11,4.46204e-16,5.6664e-25,1.13932e-05
4735,0,0,0,0,0,0,0,0,0
4736,0,0,0,0,0,0,0,0,0
4737,1.91076e-06,1.25044e-08,7.30345e-17,6.65743e-18,1.37907e-19,1.24335e-20,6.30772e-26,1.74711e-34,1.92326e-06
4738,0,0,0,0,0,0,0,0,0
4739,0,0,0,0,0,0,0,0,0
4740,0,0,0,0,0,0,0,0,0
4741,0,0,0,0,0,0,0,0,0
4742,0,0,0,0,0,0,0,0,0
4743,0,0,0,0,0,0,0,0,0
4744,0,0,0,0,0,0,0,0,0
4745,0,0,0,0,0,0,0,0,0
4746,0,0,0,0,0,0,0,0,0
4747,0,0,0,0,0,0,0,0,0
4748,0,0,0,0,0,0,0,0,0
4749,0,0,0,0,0,0,0,0,0
4750,1.84961e-05,6.50222e-07,1.16039e-10,4.97931e-11,2.44618e-12,1.3802e-12,3.59527e-17,3.40046e-24,1.91465e-05
4751,0,0,0,0,0,0,0,0,0
4752,0,0,0,0,0,0,0,0,0
4753,0,0,0,0,0,0,0,0,0
4754,0,0,0,0,0,0,0,0,0
4755,0,0,0,0,0,0,0,0,0
4756,0.00542882,0.00144106,0.000107409,2.2112e-05,1.57668e-06,1.63948e-06,4.68155e-11,2.6621e-19,0.00700261
4757,0,0,0,0,0,0,0,0,0
4758,0,0,0,0,0,0,0,0,0
4759,0,0,0,0,0,0,0,0,0
4760,1.98301e-06,1.21378e-08,7.69723e-21,6.82153e-22,1.74237e-23,4.8877e-24,3.39706e-29,6.23113e-38,1.99515e-06
4761,0.00680971,0.0010346,3.48567e-06,8.6846e-07,7.73602e-08,8.97263e-08,1.45405e-12,5.62135e-21,0.00784883
4762,0,0,0,0,0,0,0,0,0
4763,3.4511e-06,5.53948e-08,5.24967e-17,4.68505e-18,9.22312e-20,1.96326e-20,8.51258e-26,1.80786e-34,3.50649e-06
4764,3.17919e-06,1.45817e-06,8.22038e-09,1.02432e-09,4.0103e-11,1.32339e-11,1.14918e-16,2.42344e-25,4.64666e-06
4765,0.000399795,9.06907e-06,4.58979e-11,1.03103e-11,8.11437e-13,2.07345e-13,3.88458e-19,4.09791e-28,0.000408864
4766,2.98031e-05,3.17634e-06,3.79793e-09,7.04831e-10,3.49047e-11,4.05351e-11,9.39014e-16,6.95696e-24,3.2984e-05
4767,4.23006e-06,5.68597e-08,3.20111e-21,2.62768e-22,1.05702e-25,4.79823e-24,2.26183e-28,6.44991e-37,4.28692e-06
4768,3.51043e-05,2.17903e-07,8.10706e-13,1.29133e-13,5.9457e-15,2.21037e-15,4.25201e-20,2.1258e-28,3.53222e-05
4769,0.000537671,2.24564e-05,5.6013e-06,1.02002e-06,5.68885e-08,4.86021e-08,5.90049e-13,2.10399e-21,0.000566855
4770,0,0,0,0,0,0,0,0,0
4771,0.00239027,0.000325294,1.58909e-07,2.75003e-08,9.52744e-10,2.39639e-09,4.64697e-14,3.72601e-22,0.00271575
4772,1.18553e-06,1.04184e-07,2.56981e-10,3.17573e-11,5.15304e-13,9.90709e-14,3.36874e-19,2.18971e-27,1.29001e-06
4773,1.64306e-06,1.59536e-08,6.0905e-29,4.51048e-30,1.20438e-31,1.89504e-32,1.76625e-37,2.21321e-46,1.65902e-06
4774,0,0,0,0,0,0,0,0,0
4775,8.9424e-06,1.27779e-07,7.73563e-16,7.75819e-17,2.67174e-18,4.90796e-19,4.75855e-24,8.33186e-33,9.07018e-06
4776,1.26894e-06,7.23553e-11,3.80444e-20,5.10261e-21,2.102e-22,3.22303e-21,4.20314e-25,2.13696e-33,1.26901e-06
4777,2.25036e-06,1.6482e-08,7.34584e-23,7.22753e-24,1.83847e-25,3.68726e-26,3.41884e-31,9.59435e-40,2.26684e-06
4778,0.00624364,0.0017612,0.000142579,2.95196e-05,2.13947e-06,2.75458e-06,9.58223e-11,5.90448e-19,0.00818184
4779,0.000879161,5.43889e-05,1.1635e-08,2.15444e-09,1.87242e-10,7.81587e-11,1.4713e-15,3.26394e-24,0.000933564
4780,0,0,0,0,0,0,0,0,0
4781,0,0,0,0,0,0,0,0,0
4782,0,0,0,0,0,0,0,0,0
4783,6.42156e-06,1.95522e-10,4.15524e-17,6.18861e-18,2.7618e-19,2.25155e-19,3.97308e-24,1.60428e-32,6.42175e-06
4784,0,0,0,0,0,0,0,0,0
4785,0,0,0,0,0,0,0,0,0
4786,0,0,0,0,0,0,0,0,0
4787,3.52061e-06,6.98691e-08,1.10879e-07,8.48345e-09,2.19571e-10,2.35378e-11,1.39254e-16,1.1907e-25,3.71009e-06
4788,0,0,0,0,0,0,0,0,0
4789,0,0,0,0,0,0,0,0,0
4790,0,0,0,0,0,0,0,0,0
4791,0,0,0,0,0,0,0,0,0
4792,0.000364114,2.36875e-05,8.00493e-12,1.42745e-12,6.42822e-14,4.34539e-14,6.31192e-19,3.3933e-27,0.000387801
4793,0,0,0,0,0,0,0,0,0
4794,3.91917e-05,6.40223e-09,8.79617e-14,1.6134e-14,9.232e-16,6.58532e-16,1.13028e-20,4.70877e-29,3.91981e-05
4795,0,0,0,0,0,0,0,0,0
4796,0,0,0,0,0,0,0,0,0
4797,0,0,0,0,0,0,0,0,0
4798,0.00101827,0.00013012,1.79212e-06,2.76034e-07,9.25013e-09,4.38633e-08,9.98579e-13,9.2573e-21,0.00115051
4799,9.69734e-07,6.41375e-10,1.44343e-11,1.39008e-12,4.71283e-14,9.27016e-15,9.42199e-20,1.44216e-28,9.70391e-07
4800,4.11306e-06,6.25536e-08,1.36293e-12,1.09893e-13,1.78922e-15,8.09781e-16,2.88084e-21,4.37196e-30,4.17562e-06
4801,0,0,0,0,0,0,0,0,0
4802,0,0,0,0,0,0,0,0,0
4803,6.2373e-05,1.68408e-06,2.51879e-08,3.33445e-09,1.38287e-10,2.73354e-11,2.64822e-16,5.42307e-25,6.40858e-05
4804,4.53258e-06,1.9579e-08,5.43912e-23,6.72241e-24,2.22258e-25,6.298e-26,4.90971e-31,1.18853e-39,4.55215e-06
4805,0,0,0,0,0,0,0,0,0
4806,0,0,0,0,0,0,0,0,0
4807,0,0,0,0,0,0,0,0,0
4808,3.70513e-07,1.9922e-09,1.35209e-17,5.87222e-19,1.47124e-20,1.10062e-21,7.05782e-27,5.87359e-37,3.72505e-07
4809,2.638e-06,1.05352e-08,3.17303e-21,3.33646e-22,1.20427e-23,2.55867e-24,2.66582e-29,4.656e-38,2.64854e-06
4810,9.66037e-07,2.78431e-09,8.75836e-21,8.43684e-22,2.00868e-23,5.00178e-24,4.75128e-29,1.34618e-37,9.68821e-07
4811,0,0,0,0,0,0,0,0,0
4812,0,0,0,0,0,0,0,0,0
4813,0.00018389,3.86429e-06,2.59363e-05,5.34599e-06,2.58309e-07,1.9816e-07,3.35938e-12,2.4295e-20,0.000219493
4814,0,0,0,0,0,0,0,0,0
4815,0,0,0,0,0,0,0,0,0
4816,0,0,0,0,0,0,0,0,0
4817,0,0,0,0,0,0,0,0,0
4818,2.46192e-05,6.6682e-07,5.94151e-11,6.02307e-12,1.64614e-13,7.81513e-14,3.30305e-19,4.50001e-28,2.52861e-05
4819,0,0,0,0,0,0,0,0,0
4820,0,0,0,0,0,0,0,0,0
4821,0,0,0,0,0,0,0,0,0
4822,0,0,0,0,0,0,0,0,0
4823,0,0,0,0,0,0,0,0,0
4824,0,0,0,0,0,0,0,0,0
4825,2.08372e-06,2.62877e-08,3.03656e-28,2.50497e-29,5.29529e-31,8.55425e-32,5.90469e-37,1.09756e-45,2.11e-06
4826,0,0,0,0,0,0,0,0,0
4827,0,0,0,0,0,0,0,0,0
4828,0.000195221,6.20013e-06,7.19347e-12,1.16096e-12,6.97379e-14,2.50356e-14,3.7234e-19,8.63315e-28,0.000201421
4829,0.000613608,3.95324e-05,4.04766e-06,6.69994e-07,3.65912e-08,3.27696e-08,4.7545e-13,1.3894e-21,0.000657927
4830,0,0,0,0,0,0,0,0,0
4831,0,0,0,0,0,0,0,0,0
4832,0,0,0,0,0,0,0,0,0
4833,7.44527e-06,6.61162e-07,1.39412e-11,1.42354e-12,1.75306e-14,3.63447e-16,1.37882e-21,6.85587e-30,8.10645e-06
4834,1.007e-05,1.21325e-07,4.6134e-19,5.02959e-20,1.19362e-21,1.15097e-21,1.07987e-26,3.56338e-35,1.01913e-05
4835,0,0,0,0,0,0,0,0,0
4836,0,0,0,0,0,0,0,0,0
4837,3.73996e-06,2.84374e-08,3.55341e-21,4.06417e-22,1.12916e-23,1.65218e-24,1.05954e-29,2.34347e-38,3.7684e-06
4838,1.27074e-06,5.03757e-09,3.01369e-18,2.45968e-19,5.00674e-21,4.55118e-21,2.86046e-26,4.87502e-35,1.27578e-06
4839,0.000140441,4.53977e-06,7.10226e-15,1.1025e-15,6.77709e-17,1.74258e-17,2.11374e-22,3.56319e-31,0.000144981
4840,0,0,0,0,0,0,0,0,0
4841,5.11826e-06,5.13367e-08,5.6084e-23,5.42345e-24,1.45635e-25,7.43043e-26,6.57393e-31,1.28827e-39,5.1696e-06
4842,0,0,0,0,0,0,0,0,0
4843,1.22201e-06,1.86569e-09,1.62684e-08,1.40833e-09,2.16381e-11,1.11186e-12,1.17298e-18,2.26484e-27,1.24157e-06
4844,0,0,0,0,0,0,0,0,0
4845,0,0,0,0,0,0,0,0,0
4846,0,0,0,0,0,0,0,0,0
4847,0.000379744,2.41206e-05,2.75667e-12,4.06465e-13,2.54366e-14,1.3674e-14,2.08772e-19,3.54282e-28,0.000403865
4848,2.78052e-05,3.83245e-07,1.22147e-19,1.46889e-20,7.1775e-22,3.38674e-22,3.38544e-27,4.12585e-36,2.81884e-05
4849,7.39323e-06,2.2239e-07,1.66579e-15,9.30376e-17,2.28682e-18,4.44965e-19,8.90097e-25,3.77666e-36,7.61562e-06
4850,2.86205e-06,3.66756e-08,7.55257e-18,6.5415e-19,1.54753e-20,2.28173e-21,1.50246e-26,2.31116e-35,2.89873e-06
4851,3.60557e-05,2.906e-07,5.5907e-08,7.41744e-09,2.64153e-10,1.26624e-10,9.45874e-16,2.01313e-24,3.641e-05
4852,0,0,0,0,0,0,0,0,0
4853,3.21153e-05,1.44201e-06,7.40734e-09,1.69618e-09,1.55079e-10,9.4741e-11,1.75867e-15,4.81984e-24,3.35666e-05
4854,0,0,0,0,0,0,0,0,0
4855,5.30125e-06,1.88196e-07,8.44932e-17,8.36997e-18,1.24385e-19,1.42348e-20,7.70284e-26,3.11945e-34,5.48945e-06
4856,0,0,0,0,0,0,0,0,0
4857,0,0,0,0,0,0,0,0,0
4858,2.65337e-05,3.71163e-07,1.07213e-18,1.33453e-19,3.71071e-21,1.04924e-21,6.63429e-27,1.93312e-35,2.69049e-05
4859,0,0,0,0,0,0,0,0,0
4860,0,0,0,0,0,0,0,0,0
4861,0,0,0,0,0,0,0,0,0
4862,0,0,0,0,0,0,0,0,0
4863,1.13363e-06,2.39125e-09,2.84091e-25,2.96272e-26,1.06256e-27,1.93866e-28,1.8378e-33,2.56401e-42,1.13602e-06
4864,0.000271152,6.52099e-06,5.28836e-07,7.4983e-08,3.21682e-09,2.06192e-09,2.26593e-14,6.01773e-23,0.000278282
4865,0,0,0,0,0,0,0,0,0
4866,0.00333373,0.000503762,4.94868e-07,1.05544e-07,7.48507e-09,7.02339e-09,1.06045e-13,3.23366e-22,0.0038381
4867,6.30747e-06,3.13533e-08,3.56223e-14,3.66445e-15,1.01236e-16,2.15169e-17,1.11448e-22,1.46398e-31,6.33883e-06
4868,1.1976e-06,5.47385e-09,2.92961e-21,2.62315e-22,6.8057e-24,1.23918e-24,9.05658e-30,1.2966e-38,1.20307e-06
4869,0,0,0,0,0,0,0,0,0
4870,0,0,0,0,0,0,0,0,0
4871,0.00103111,6.75549e-05,3.12962e-08,6.24621e-09,4.20687e-10,4.20015e-10,8.50344e-15,2.97727e-23,0.0010987
4872,7.18839e-07,1.15142e-08,1.59358e-22,1.30744e-23,1.30081e-25,8.37351e-27,1.84096e-32,4.98921e-41,7.30354e-07
4873,5.21519e-06,2.62553e-09,7.31513e-11,5.99798e-12,1.54584e-18,8.08499e-13,2.75835e-18,1.37112e-26,5.21789e-06
4874,0.000483678,3.46101e-05,6.92179e-11,1.14918e-11,6.13123e-13,5.08262e-13,8.89138e-18,2.80164e-26,0.000518288
4875,0,0,0,0,0,0,0,0,0
4876,0,0,0,0,0,0,0,0,0
4877,1.48269e-06,1.06517e-08,1.56554e-18,1.16997e-19,2.11446e-21,1.21302e-21,6.49913e-27,8.8882e-36,1.49334e-06
4878,0.000107232,7.74779e-06,8.58942e-14,1.0873e-14,1.92554e-16,1.25229e-18,1.45096e-21,6.08077e-30,0.00011498
4879,0,0,0,0,0,0,0,0,0
4880,0,0,0,0,0,0,0,0,0
4881,0,0,0,0,0,0,0,0,0
4882,0,0,0,0,0,0,0,0,0
4883,0.00203911,0.00019694,3.1818e-08,6.81022e-09,4.63601e-10,6.11859e-10,1.3119e-14,5.34038e-23,0.00223609
4884,2.47183e-05,5.04836e-07,1.92849e-17,2.21802e-18,8.51441e-20,2.59886e-20,2.74955e-25,4.25583e-34,2.52232e-05
4885,0,0,0,0,0,0,0,0,0
4886,0,0,0,0,0,0,0,0,0
4887,0.000920887,0.000122901,4.68035e-09,5.65888e-10,1.52124e-11,2.99542e-11,3.26047e-16,1.02992e-24,0.00104379
4888,0,0,0,0,0,0,0,0,0
4889,0,0,0,0,0,0,0,0,0
4890,1.23949e-05,3.45747e-07,4.28132e-17,4.08816e-18,1.03347e-19,3.43131e-20,2.66646e-25,4.64259e-34,1.27406e-05
4891,1.22204e-05,1.03278e-07,6.16488e-22,7.13295e-23,3.31925e-24,8.61061e-25,6.36628e-30,5.41386e-39,1.23237e-05
4892,0,0,0,0,0,0,0,0,0
4893,0.00117121,0.000142575,2.88341e-08,5.01755e-09,2.96843e-10,2.36535e-10,3.81967e-15,9.78264e-24,0.00131382
4894,0,0,0,0,0,0,0,0,0
4895,0,0,0,0,0,0,0,0,0
4896,8.16259e-07,1.78436e-09,2.10494e-26,1.85401e-27,6.11328e-29,2.62227e-29,3.94201e-34,5.56893e-43,8.18043e-07
4897,0.00150969,0.000328721,1.49364e-05,2.25546e-06,1.12943e-07,9.99504e-08,1.04785e-12,1.75514e-21,0.00185582
4898,0,0,0,0,0,0,0,0,0
4899,7.7352e-06,3.3628e-08,1.25411e-26,1.37688e-27,4.50186e-29,1.7143e-29,1.80108e-34,3.26988e-43,7.76882e-06
4900,0,0,0,0,0,0,0,0,0
4901,0,0,0,0,0,0,0,0,0
4902,0,0,0,0,0,0,0,0,0
4903,0,0,0,0,0,0,0,0,0
4904,0,0,0,0,0,0,0,0,0
4905,0.000137739,5.77145e-06,1.08651e-11,1.23449e-12,6.5968e-14,4.46338e-14,6.84776e-19,5.28064e-28,0.000143511
4906,0.000671319,5.56845e-05,2.20261e-13,4.18585e-14,2.25614e-15,8.91562e-16,1.23017e-20,4.03426e-29,0.000727004
4907,0.00110827,4.4041e-05,4.77465e-07,1.11577e-07,7.6707e-09,9.79666e-09,2.44882e-13,1.25684e-21,0.00115292
4908,0,0,0,0,0,0,0,0,0
4909,0,0,0,0,0,0,0,0,0
4910,8.73114e-06,2.61072e-06,1.31686e-16,2.16786e-17,8.12414e-19,2.74219e-19,2.42549e-24,7.63292e-33,1.13419e-05
4911,0.00314011,0.000870974,5.45804e-05,8.36898e-06,2.13736e-07,1.81678e-06,2.69852e-11,1.19692e-19,0.00407606
4912,0,0,0,0,0,0,0,0,0
4913,1.29224e-05,1.25275e-07,6.35289e-20,8.13638e-21,2.71099e-22,1.20529e-22,1.3654e-27,3.57139e-36,1.30476e-05
4914,0,0,0,0,0,0,0,0,0
4915,2.66027e-06,6.6458e-09,2.59928e-22,3.40347e-23,7.84355e-25,1.11702e-25,6.22649e-31,1.98157e-39,2.66692e-06
4916,0,0,0,0,0,0,0,0,0
4917,0,0,0,0,0,0,0,0,0
4918,0.00142039,0.000111346,8.03055e-10,1.67728e-10,1.21962e-11,1.23207e-11,4.45079e-16,2.00403e-24,0.00153173
4919,0,0,0,0,0,0,0,0,0
4920,0,0,0,0,0,0,0,0,0
4921,0.000114406,2.46874e-06,3.54877e-10,5.6454e-11,2.9875e-12,1.0544e-12,1.28308e-17,2.45196e-26,0.000116875
4922,0.00364761,0.000577997,1.27241e-07,2.64332e-08,1.81411e-09,2.64094e-09,5.26819e-14,1.70648e-22,0.00422576
4923,3.57612e-05,1.28481e-06,1.65906e-13,1.29947e-14,4.03168e-16,1.26854e-16,1.42653e-21,1.49359e-30,3.7046e-05
4924,0,0,0,0,0,0,0,0,0
4925,0,0,0,0,0,0,0,0,0
4926,0,0,0,0,0,0,0,0,0
4927,0,0,0,0,0,0,0,0,0
4928,0,0,0,0,0,0,0,0,0
4929,7.49765e-06,1.07576e-07,5.12265e-18,4.4871e-19,1.5018e-20,3.98474e-21,4.51929e-26,3.58346e-35,7.60522e-06
4930,1.20587e-05,3.96097e-07,9.98005e-15,3.09816e-16,1.03883e-17,3.0421e-18,5.27445e-23,2.34026e-31,1.24548e-05
4931,0,0,0,0,0,0,0,0,0
4932,0,0,0,0,0,0,0,0,0
4933,0,0,0,0,0,0,0,0,0
4934,0,0,0,0,0,0,0,0,0
4935,0,0,0,0,0,0,0,0,0
4936,0.00293615,0.000422478,1.42652e-08,2.88405e-09,2.01386e-10,2.24543e-10,3.87522e-15,9.90094e-24,0.00335865
4937,0.000112647,8.35765e-06,1.22792e-12,6.76817e-14,1.18419e-14,1.02909e-13,4.0056e-18,1.00615e-26,0.000121004
4938,0,0,0,0,0,0,0,0,0
4939,0.0112655,0.00315571,0.000294245,6.78287e-05,6.05493e-06,7.30254e-06,2.78133e-10,1.07127e-18,0.0147966
4940,3.6444e-05,2.27783e-06,8.06327e-10,4.14084e-11,1.29205e-12,7.68398e-13,6.80166e-18,6.4782e-28,3.87227e-05
4941,0,0,0,0,0,0,0,0,0
4942,0,0,0,0,0,0,0,0,0
4943,0,0,0,0,0,0,0,0,0
4944,0,0,0,0,0,0,0,0,0
4945,0,0,0,0,0,0,0,0,0
4946,0.00340511,0.000936415,6.33667e-05,1.1652e-05,7.61609e-07,4.59103e-07,1.23322e-11,3.67629e-20,0.00441776
4947,0,0,0,0,0,0,0,0,0
4948,0.00392091,0.00111389,7.8566e-05,1.46728e-05,6.70541e-07,1.41048e-06,2.68427e-11,1.14725e-19,0.00513012
4949,0,0,0,0,0,0,0,0,0
4950,0,0,0,0,0,0,0,0,0
4951,0,0,0,0,0,0,0,0,0
4952,1.21383e-05,3.75568e-09,2.76798e-13,3.6004e-14,1.52197e-15,8.61525e-16,1.40042e-20,2.82771e-29,1.21421e-05
4953,0,0,0,0,0,0,0,0,0
4954,0,0,0,0,0,0,0,0,0
4955,0,0,0,0,0,0,0,0,0
4956,0,0,0,0,0,0,0,0,0
4957,0,0,0,0,0,0,0,0,0
4958,3.89423e-05,8.06378e-07,2.58321e-19,3.39924e-20,1.44928e-21,4.52252e-22,5.01168e-27,7.73288e-36,3.97487e-05
4959,0.00248072,0.000339094,6.25769e-07,1.27727e-07,8.70509e-09,5.33395e-09,4.48038e-14,6.59933e-23,0.00282058
4960,0.00184565,0.000114351,1.64277e-12,3.7121e-13,3.57846e-14,2.00032e-14,3.50024e-19,6.05561e-28,0.00196
4961,0,0,0,0,0,0,0,0,0
4962,0.000997299,6.5458e-06,1.8138e-06,4.63169e-07,4.24762e-08,2.86723e-08,8.50915e-13,3.12231e-21,0.00100619
4963,6.08537e-06,5.69781e-08,1.72511e-13,1.68582e-14,4.73415e-16,9.95674e-17,6.6763e-22,7.36809e-31,6.14235e-06
4964,8.71139e-05,2.4784e-06,7.29376e-13,9.78949e-14,4.60949e-15,2.23332e-15,1.81825e-20,1.96433e-29,8.95923e-05
4965,5.6714e-06,3.83748e-08,9.75283e-25,8.85425e-26,2.77539e-27,8.56569e-28,1.10113e-32,1.12945e-41,5.70977e-06
4966,0.000295119,3.60416e-05,5.72222e-09,3.95813e-10,2.01081e-11,1.77774e-11,4.04899e-16,4.66564e-26,0.000331166
4967,0,0,0,0,0,0,0,0,0
4968,0,0,0,0,0,0,0,0,0
4969,0,0,0,0,0,0,0,0,0
4970,0.000771447,6.44003e-05,2.68009e-11,4.67847e-12,3.10224e-13,1.76523e-13,4.59911e-18,1.11498e-26,0.000835847
4971,0,0,0,0,0,0,0,0,0
4972,0,0,0,0,0,0,0,0,0
4973,0.0059211,0.000950621,1.20732e-07,2.87513e-08,2.40195e-09,2.48234e-09,6.83771e-14,2.29777e-22,0.00687188
4974,0,0,0,0,0,0,0,0,0
4975,7.02332e-05,1.16056e-06,3.36781e-11,5.45924e-12,2.2388e-13,8.84393e-14,6.48582e-19,1.27953e-27,7.13938e-05
4976,0.0039378,0.000412276,4.49127e-07,1.11106e-07,8.71436e-09,4.95941e-09,1.4083e-14,6.48589e-24,0.00435065
4977,0,0,0,0,0,0,0,0,0
4978,0,0,0,0,0,0,0,0,0
4979,0,0,0,0,0,0,0,0,0
4980,0.00157286,5.06436e-05,3.47141e-05,8.16463e-06,5.82603e-07,7.46368e-07,1.13511e-11,3.21691e-20,0.00166771
4981,0,0,0,0,0,0,0,0,0
4982,0,0,0,0,0,0,0,0,0
4983,0,0,0,0,0,0,0,0,0
4984,0.00604806,0.000911696,1.73576e-08,4.16677e-09,3.93409e-10,4.6854e-10,3.0775e-14,1.53817e-22,0.00695978
4985,2.25311e-06,1.08825e-07,9.28462e-15,1.06652e-15,3.04434e-17,2.73906e-17,2.22907e-22,3.81032e-31,2.36193e-06
4986,2.3546e-05,1.34148e-06,6.35334e-15,5.05677e-16,1.34797e-17,4.21213e-18,2.46476e-23,1.42551e-32,2.48875e-05
4987,0,0,0,0,0,0,0,0,0
4988,0,0,0,0,0,0,0,0,0
4989,0.000487112,3.72569e-05,3.49302e-08,5.45402e-09,3.31449e-10,1.11539e-10,3.40701e-15,7.7532e-24,0.00052441
4990,0,0,0,0,0,0,0,0,0
4991,0.00373679,0.000420878,1.62111e-05,3.73683e-06,3.01292e-07,3.39848e-07,1.01446e-11,3.4626e-20,0.00417826
4992,5.26212e-07,1.21031e-09,1.88149e-25,1.67821e-26,4.03497e-28,6.08507e-29,2.1187e-34,1.46781e-43,5.27423e-07
4993,0,0,0,0,0,0,0,0,0
4994,0,0,0,0,0,0,0,0,0
4995,0,0,0,0,0,0,0,0,0
4996,0.00111873,5.36742e-05,1.03292e-08,1.95609e-09,1.16911e-10,8.98746e-11,1.39019e-15,3.14165e-24,0.00117241
4997,0,0,0,0,0,0,0,0,0
4998,0,0,0,0,0,0,0,0,0
4999,0.000699283,4.33633e-05,3.06699e-11,5.65692e-12,3.44624e-13,3.17533e-13,4.81318e-18,9.76715e-27,0.000742647
5000,2.0315e-05,5.00095e-07,1.78199e-14,2.17441e-15,5.0463e-17,1.53432e-17,7.87388e-23,1.7533e-31,2.08151e-05
5001,0,0,0,0,0,0,0,0,0
5002,0,0,0,0,0,0,0,0,0
5003,0,0,0,0,0,0,0,0,0
5004,1.85306e-05,3.49887e-07,1.36018e-18,1.42068e-19,5.19948e-21,2.105e-21,1.95692e-26,1.82465e-35,1.88805e-05
5005,0,0,0,0,0,0,0,0,0
5006,3.85617e-05,5.75768e-07,1.44454e-09,2.7646e-10,2.0974e-11,4.49081e-12,7.72177e-17,1.12387e-25,3.91392e-05
5007,0.000696974,2.8917e-05,3.41731e-10,7.02293e-11,4.17126e-12,5.51645e-12,6.97763e-17,1.65081e-25,0.000725891
5008,0.00115247,0.000183105,1.7789e-08,2.93376e-09,1.26482e-10,1.8403e-10,2.55199e-15,6.77597e-24,0.00133559
5009,0.000122245,2.82226e-06,5.7245e-08,9.27666e-09,3.95391e-10,1.27801e-10,2.94208e-15,1.06891e-23,0.000125135
5010,9.64693e-05,2.74335e-06,8.1898e-14,1.21708e-14,5.5257e-16,2.30967e-16,1.89301e-21,2.46057e-30,9.92127e-05
5011,0.000224766,1.07522e-05,2.77773e-08,4.40758e-09,2.02248e-10,6.10923e-11,3.36885e-16,3.70511e-25,0.00023555
5012,0,0,0,0,0,0,0,0,0
5013,0,0,0,0,0,0,0,0,0
5014,0,0,0,0,0,0,0,0,0
5015,1.3132e-06,2.77181e-09,9.13399e-18,8.8448e-19,2.81875e-20,8.37369e-21,9.009e-26,9.57435e-35,1.31597e-06
5016,0,0,0,0,0,0,0,0,0
5017,0,0,0,0,0,0,0,0,0
5018,0,0,0,0,0,0,0,0,0
5019,0,0,0,0,0,0,0,0,0
5020,2.12954e-06,7.96789e-09,7.05948e-29,7.71139e-30,2.60065e-31,2.92683e-32,1.94779e-37,2.08561e-46,2.13751e-06
5021,0,0,0,0,0,0,0,0,0
5022,0,0,0,0,0,0,0,0,0
5023,1.14915e-05,1.90088e-07,8.73714e-19,9.84528e-20,2.57002e-21,7.15928e-22,3.42452e-27,4.19522e-36,1.16815e-05
5024,0,0,0,0,0,0,0,0,0
5025,0,0,0,0,0,0,0,0,0
5026,0.000481842,2.09673e-05,5.71905e-13,1.06054e-13,7.82416e-15,2.7385e-15,3.95658e-20,5.0934e-29,0.000502809
5027,0,0,0,0,0,0,0,0,0
5028,0,0,0,0,0,0,0,0,0
5029,0,0,0,0,0,0,0,0,0
5030,0,0,0,0,0,0,0,0,0
5031,0,0,0,0,0,0,0,0,0
5032,8.6051e-07,3.63571e-09,2.93229e-19,2.42725e-20,4.22889e-22,2.79596e-23,3.41361e-29,1.57755e-38,8.64146e-07
5033,0,0,0,0,0,0,0,0,0
5034,0,0,0,0,0,0,0,0,0
5035,4.76791e-07,1.09781e-10,1.41412e-23,1.37615e-24,3.64744e-26,1.18575e-26,5.99566e-32,4.85318e-41,4.76901e-07
5036,0.000506859,2.83609e-05,2.90125e-08,4.53807e-09,2.43165e-10,1.33384e-10,1.14662e-15,1.27857e-24,0.000535253
5037,0,0,0,0,0,0,0,0,0
5038,0,0,0,0,0,0,0,0,0
5039,0,0,0,0,0,0,0,0,0
5040,0.000421687,1.67352e-05,1.01898e-18,1.77126e-19,1.22689e-20,9.68543e-21,1.9892e-25,3.11846e-34,0.000438422
5041,2.94601e-06,2.17116e-07,2.94854e-14,3.28771e-15,6.17976e-17,1.91618e-18,4.63508e-24,5.23245e-33,3.16312e-06
5042,0,0,0,0,0,0,0,0,0
5043,0.00291318,0.000612963,3.17291e-05,6.43478e-06,3.51168e-07,1.44778e-07,7.50109e-13,6.64265e-22,0.0035648
5044,0,0,0,0,0,0,0,0,0
5045,0,0,0,0,0,0,0,0,0
5046,9.08345e-07,2.04149e-09,7.81532e-21,6.4361e-22,1.65861e-23,1.87753e-24,6.72649e-30,2.85428e-39,9.10387e-07
5047,0,0,0,0,0,0,0,0,0
5048,0,0,0,0,0,0,0,0,0
5049,0,0,0,0,0,0,0,0,0
5050,0,0,0,0,0,0,0,0,0
5051,1.24449e-06,2.09082e-08,3.29957e-11,1.32869e-12,1.12492e-14,1.47905e-16,6.97713e-21,1.00167e-30,1.26543e-06
5052,0,0,0,0,0,0,0,0,0
5053,0,0,0,0,0,0,0,0,0
5054,0.000133544,9.2042e-06,1.57318e-08,3.86573e-10,1.22675e-13,8.93993e-10,4.93589e-16,1.48574e-24,0.000142766
5055,0,0,0,0,0,0,0,0,0
5056,2.3783e-06,6.56266e-09,1.48935e-10,1.21214e-11,3.55638e-13,6.76811e-14,2.57843e-19,8.77166e-29,2.38502e-06
5057,0.000786901,4.73244e-05,2.30532e-08,4.26781e-09,1.84464e-10,4.83535e-10,2.52255e-15,3.63861e-24,0.000834254
5058,0,0,0,0,0,0,0,0,0
5059,0,0,0,0,0,0,0,0,0
5060,0,0,0,0,0,0,0,0,0
5061,0,0,0,0,0,0,0,0,0
5062,0,0,0,0,0,0,0,0,0
5063,0,0,0,0,0,0,0,0,0
5064,4.58231e-06,2.30586e-07,7.48643e-15,4.92871e-16,7.02835e-18,1.01556e-18,2.56457e-24,1.41233e-33,4.8129e-06
5065,0,0,0,0,0,0,0,0,0
5066,2.17175e-06,1.07469e-08,5.55834e-17,5.58174e-18,1.18338e-19,4.34805e-20,1.86692e-25,2.09196e-34,2.18249e-06
5067,0,0,0,0,0,0,0,0,0
5068,7.9282e-06,1.53272e-07,4.92345e-22,4.71027e-23,1.07589e-24,3.26651e-25,1.4375e-30,1.26691e-39,8.08148e-06
5069,9.77019e-07,2.47444e-09,5.15198e-17,4.51762e-18,9.8033e-20,1.66501e-20,5.16687e-26,3.4327e-35,9.79493e-07
5070,0,0,0,0,0,0,0,0,0
5071,0,0,0,0,0,0,0,0,0
5072,0,0,0,0,0,0,0,0,0
5073,0,0,0,0,0,0,0,0,0
5074,0,0,0,0,0,0,0,0,0
5075,0.000918656,0.000100937,8.79519e-10,1.6419e-10,7.45459e-12,5.23959e-12,5.34215e-17,1.18376e-25,0.00101959
5076,0,0,0,0,0,0,0,0,0
5077,0,0,0,0,0,0,0,0,0
5078,0,0,0,0,0,0,0,0,0
5079,1.39309e-05,1.72351e-07,6.07192e-19,7.29139e-20,2.58711e-21,7.7713e-22,7.8559e-27,9.34418e-36,1.41033e-05
5080,0,0,0,0,0,0,0,0,0
5081,0,0,0,0,0,0,0,0,0
5082,0,0,0,0,0,0,0,0,0
5083,0,0,0,0,0,0,0,0,0
5084,2.09564e-06,5.57124e-09,1.17495e-20,1.25208e-21,3.49113e-23,9.07121e-24,6.13731e-29,6.35556e-38,2.10121e-06
5085,0.000110559,4.06955e-06,3.77691e-14,4.42992e-15,1.47894e-16,4.89505e-17,3.64605e-22,3.48656e-31,0.000114628
5086,9.29803e-06,2.21036e-07,5.15029e-12,4.72268e-13,1.11737e-14,2.0292e-15,1.49434e-20,1.5633e-29,9.51907e-06
5087,1.62065e-06,5.74362e-09,1.05945e-12,8.19884e-14,2.3032e-15,4.2482e-16,4.68337e-21,2.22621e-30,1.6264e-06
5088,0.000673984,6.77183e-05,7.24983e-09,1.19061e-09,6.29625e-11,2.46028e-11,1.69079e-16,1.48575e-25,0.00074171
5089,0.00011808,3.78684e-07,3.43365e-06,5.24412e-07,2.27421e-08,8.79508e-09,7.40534e-14,8.86048e-23,0.000122448
5090,1.05739e-06,2.13898e-09,1.69553e-20,1.61776e-21,5.98227e-23,6.84525e-24,3.37503e-29,1.31104e-38,1.05953e-06
5091,1.73202e-05,3.98837e-07,1.8115e-16,2.0435e-17,4.77079e-19,2.07132e-19,1.53903e-24,2.68926e-33,1.7719e-05
5092,1.26708e-05,4.57386e-08,2.64344e-21,4.15568e-22,2.09507e-23,6.92881e-24,5.48802e-29,5.2438e-38,1.27165e-05
5093,0,0,0,0,0,0,0,0,0
5094,5.20902e-07,1.70699e-10,3.86051e-13,3.17862e-14,6.63041e-16,5.14301e-17,9.56983e-23,3.18483e-32,5.21073e-07
5095,0,0,0,0,0,0,0,0,0
5096,0,0,0,0,0,0,0,0,0
5097,0.00150603,0.000154525,9.7765e-09,1.90382e-09,1.09144e-10,9.76912e-11,8.08575e-16,9.9875e-25,0.00166056
5098,0,0,0,0,0,0,0,0,0
5099,2.76788e-05,4.10457e-07,1.20506e-13,1.49326e-14,4.86837e-16,3.42338e-16,3.09455e-21,4.00374e-30,2.80892e-05
5100,0,0,0,0,0,0,0,0,0
5101,0,0,0,0,0,0,0,0,0
5102,0,0,0,0,0,0,0,0,0
5103,0.000553399,3.06357e-05,1.94435e-08,3.58086e-09,1.71285e-10,1.48404e-10,1.86167e-15,3.88758e-24,0.000584058
5104,0,0,0,0,0,0,0,0,0
5105,9.34326e-05,6.08263e-06,2.0619e-13,1.93934e-15,9.49275e-17,6.07267e-17,7.57162e-22,3.84754e-29,9.95152e-05
5106,0,0,0,0,0,0,0,0,0
5107,0,0,0,0,0,0,0,0,0
5108,3.99861e-06,2.07145e-08,2.52847e-18,2.46353e-19,7.64523e-21,4.63876e-21,3.30342e-26,2.23894e-35,4.01932e-06
5109,0.0083068,0.00177927,0.000122719,2.82423e-05,1.96858e-06,2.93411e-06,2.87842e-11,4.15151e-20,0.0102419
5110,0.000322191,1.24831e-05,1.84904e-11,3.26764e-12,1.65187e-13,1.51958e-13,1.91594e-18,3.22601e-27,0.000334674
5111,0,0,0,0,0,0,0,0,0
5112,0.00372276,0.000690697,7.87919e-07,1.49178e-07,7.96047e-09,1.31537e-08,3.03751e-13,6.57577e-22,0.00441442
5113,0,0,0,0,0,0,0,0,0
5114,0.00293997,0.000462244,3.32828e-07,5.97174e-08,3.57072e-09,3.88722e-09,5.67759e-14,1.02355e-22,0.00340261
5115,0,0,0,0,0,0,0,0,0
5116,0.000689724,4.70055e-05,7.97869e-11,1.45086e-11,8.72003e-13,3.94094e-13,2.93323e-18,2.6357e-27,0.000736729
5117,0,0,0,0,0,0,0,0,0
5118,0,0,0,0,0,0,0,0,0
5119,0,0,0,0,0,0,0,0,0
5120,0,0,0,0,0,0,0,0,0
5121,0.0143941,0.00358085,0.000276022,6.09918e-05,4.52771e-06,5.81599e-06,1.05286e-10,1.91196e-19,0.0183223
5122,9.83478e-07,3.29088e-09,1.01043e-25,9.30261e-27,2.29356e-28,4.56006e-29,1.60602e-34,8.42848e-44,9.86769e-07
5123,0,0,0,0,0,0,0,0,0
5124,0,0,0,0,0,0,0,0,0
5125,0,0,0,0,0,0,0,0,0
5126,0,0,0,0,0,0,0,0,0
5127,0,0,0,0,0,0,0,0,0
5128,0,0,0,0,0,0,0,0,0
5129,9.16645e-07,6.77665e-11,1.27526e-11,1.16658e-12,2.93161e-14,5.08315e-15,2.21381e-20,1.18945e-29,9.16726e-07
5130,6.05377e-06,1.216e-07,2.82236e-19,2.42811e-20,4.84803e-22,1.76351e-22,7.9456e-28,6.13803e-37,6.17537e-06
5131,0.00195186,0.000165949,2.68997e-10,5.58248e-11,4.13737e-12,5.31939e-12,1.50854e-16,3.15066e-25,0.00211781
5132,0,0,0,0,0,0,0,0,0
5133,0,0,0,0,0,0,0,0,0
5134,0,0,0,0,0,0,0,0,0
5135,0.00231008,0.000445767,1.95031e-05,2.85e-06,1.72914e-07,1.88227e-07,1.86175e-12,1.07599e-21,0.00277856
5136,0,0,0,0,0,0,0,0,0
5137,0,0,0,0,0,0,0,0,0
5138,0,0,0,0,0,0,0,0,0
5139,0,0,0,0,0,0,0,0,0
5140,0,0,0,0,0,0,0,0,0
5141,0,0,0,0,0,0,0,0,0
5142,0,0,0,0,0,0,0,0,0
5143,0,0,0,0,0,0,0,0,0
5144,0,0,0,0,0,0,0,0,0
5145,4.56119e-05,5.26403e-07,1.86419e-13,2.93592e-14,1.09464e-15,7.6932e-16,5.67977e-21,7.83093e-30,4.61383e-05
5146,2.8519e-05,6.03271e-07,1.89865e-21,2.13132e-22,7.29939e-24,3.43809e-24,1.8591e-29,1.04279e-38,2.91223e-05
5147,0,0,0,0,0,0,0,0,0
5148,2.57242e-06,8.23178e-09,2.81216e-23,3.2525e-24,1.08664e-25,2.26918e-26,1.03393e-31,5.92852e-41,2.58065e-06
5149,0,0,0,0,0,0,0,0,0
5150,0.000677163,3.12075e-05,8.79628e-10,1.59726e-10,1.08259e-11,8.93123e-12,7.70219e-17,5.68898e-26,0.000708371
5151,0.00255467,0.000305661,7.51028e-09,1.51043e-09,1.19929e-10,8.67251e-11,2.05793e-15,2.93597e-24,0.00286034
5152,0,0,0,0,0,0,0,0,0
5153,0,0,0,0,0,0,0,0,0
5154,0,0,0,0,0,0,0,0,0
5155,0.000434849,3.02133e-05,6.14904e-12,1.02584e-12,4.57296e-14,3.45801e-14,3.24671e-19,4.2944e-28,0.000465062
5156,0,0,0,0,0,0,0,0,0
5157,4.76702e-05,2.99001e-06,2.39175e-15,2.25319e-16,5.40189e-21,8.9855e-18,1.56216e-22,1.73077e-31,5.06602e-05
5158,0,0,0,0,0,0,0,0,0
5159,0,0,0,0,0,0,0,0,0
5160,0,0,0,0,0,0,0,0,0
5161,0,0,0,0,0,0,0,0,0
5162,0,0,0,0,0,0,0,0,0
5163,1.74821e-05,9.0859e-07,8.11387e-12,4.43653e-13,1.35111e-14,3.57538e-15,1.91287e-20,7.74577e-31,1.83907e-05
5164,0,0,0,0,0,0,0,0,0
5165,1.55509e-06,2.28384e-08,7.57621e-20,5.367e-21,7.88816e-23,6.79997e-24,1.06716e-29,5.15931e-39,1.57793e-06
5166,0.00138796,0.000190588,2.79168e-07,5.59293e-08,2.60433e-09,1.04097e-09,4.38292e-15,4.39944e-24,0.00157888
5167,0.00472916,0.00063292,9.09867e-07,2.0703e-07,1.41235e-08,2.35911e-08,3.11069e-13,4.8716e-22,0.00536324
5168,6.85978e-05,6.68677e-09,5.62452e-12,9.89811e-13,5.43509e-14,3.25727e-14,3.04651e-19,3.03269e-28,6.86045e-05
5169,0,0,0,0,0,0,0,0,0
5170,0,0,0,0,0,0,0,0,0
5171,7.82489e-06,1.7491e-08,4.75461e-17,6.34291e-18,2.15668e-19,1.58132e-19,1.16998e-24,1.21802e-33,7.84238e-06
5172,0,0,0,0,0,0,0,0,0
5173,0,0,0,0,0,0,0,0,0
5174,5.28751e-05,3.26528e-06,8.80461e-12,6.29936e-13,1.95229e-14,1.69553e-14,1.07962e-19,1.35807e-29,5.61404e-05
5175,0,0,0,0,0,0,0,0,0
5176,0,0,0,0,0,0,0,0,0
5177,2.28948e-05,1.28469e-06,1.80056e-13,1.57441e-14,3.40263e-16,1.16271e-16,5.26478e-22,3.07798e-31,2.41795e-05
5178,0,0,0,0,0,0,0,0,0
5179,0.000103221,6.19326e-06,2.15989e-13,2.38477e-14,8.84611e-16,4.84813e-16,4.60688e-21,2.98921e-30,0.000109414
5180,2.02162e-06,8.72986e-10,1.20328e-16,1.17689e-17,3.32663e-19,8.38499e-20,4.28429e-25,2.22356e-34,2.02249e-06
5181,0,0,0,0,0,0,0,0,0
5182,0,0,0,0,0,0,0,0,0
5183,0,0,0,0,0,0,0,0,0
5184,1.13924e-05,3.30111e-05,6.07741e-07,1.0832e-07,4.31009e-09,2.9388e-09,2.72567e-14,4.68795e-23,4.51268e-05
5185,3.87765e-06,2.80765e-08,5.58217e-18,6.01376e-19,1.779e-20,2.26987e-21,1.73662e-26,1.38064e-35,3.90572e-06
5186,0,0,0,0,0,0,0,0,0
5187,0,0,0,0,0,0,0,0,0
5188,0,0,0,0,0,0,0,0,0
5189,0,0,0,0,0,0,0,0,0
5190,9.26172e-07,9.90261e-09,5.40136e-16,2.38127e-17,4.42683e-19,5.567e-20,5.73593e-26,6.90948e-37,9.36075e-07
5191,0.00742596,0.00146067,1.09549e-05,2.45697e-06,2.11092e-07,2.21445e-07,6.03114e-12,9.57461e-21,0.00890048
5192,0,0,0,0,0,0,0,0,0
5193,0,0,0,0,0,0,0,0,0
5194,0,0,0,0,0,0,0,0,0
5195,0,0,0,0,0,0,0,0,0
5196,0,0,0,0,0,0,0,0,0
5197,0.000247334,6.18137e-06,3.94373e-12,3.6976e-13,6.42988e-15,5.07807e-15,3.8255e-20,5.08627e-29,0.000253516
5198,2.40649e-06,3.92333e-08,3.22911e-17,1.98134e-18,3.83326e-20,7.07841e-21,2.02525e-26,3.00813e-36,2.44572e-06
5199,0,0,0,0,0,0,0,0,0
5200,0,0,0,0,0,0,0,0,0
5201,0,0,0,0,0,0,0,0,0
5202,0,0,0,0,0,0,0,0,0
5203,8.7527e-06,1.08854e-07,8.31251e-19,8.21074e-20,2.94335e-21,4.94967e-22,3.11889e-27,1.10623e-36,8.86155e-06
5204,0,0,0,0,0,0,0,0,0
5205,9.19334e-05,2.13873e-06,1.26516e-16,1.69875e-17,8.09511e-19,8.06857e-19,8.40656e-24,5.74134e-33,9.40721e-05
5206,0,0,0,0,0,0,0,0,0
5207,0,0,0,0,0,0,0,0,0
5208,0,0,0,0,0,0,0,0,0
5209,4.1747e-05,3.10711e-06,3.32015e-12,2.82783e-13,6.76232e-15,3.55133e-15,1.81187e-20,8.50226e-30,4.48541e-05
5210,3.09084e-05,6.19386e-07,2.78659e-06,5.47805e-07,2.58834e-08,2.48307e-08,1.82783e-13,2.3518e-22,3.49129e-05
5211,0.000226005,1.23511e-05,2.41487e-12,3.74964e-13,1.4887e-14,8.4218e-15,5.38198e-20,4.95883e-29,0.000238356
5212,1.55642e-05,3.27168e-07,7.66484e-16,7.68406e-17,1.59309e-18,1.85072e-18,7.54525e-24,5.57647e-33,1.58913e-05
5213,2.15753e-05,5.40663e-06,1.12578e-07,1.47267e-08,3.41353e-10,1.76916e-10,5.82904e-16,5.70595e-25,2.71098e-05
5214,0,0,0,0,0,0,0,0,0
5215,5.9122e-06,2.16857e-07,1.4232e-12,6.09805e-12,2.00679e-13,8.59084e-14,5.43811e-19,2.63751e-27,6.12906e-06
5216,0,0,0,0,0,0,0,0,0
5217,0,0,0,0,0,0,0,0,0
5218,0,0,0,0,0,0,0,0,0
5219,0,0,0,0,0,0,0,0,0
5220,0.00550594,0.00080656,8.90082e-08,2.08209e-08,1.67156e-09,1.53465e-09,2.5515e-14,3.30302e-23,0.00631261
5221,0.00260719,0.000227485,5.22754e-07,1.16821e-07,7.56391e-09,3.06205e-09,1.10772e-14,8.49685e-23,0.00283533
5222,0,0,0,0,0,0,0,0,0
5223,0,0,0,0,0,0,0,0,0
5224,0.00896032,0.00182569,0.00010732,2.25983e-05,1.32063e-06,2.5382e-06,2.76823e-11,3.66743e-20,0.0109198
5225,0,0,0,0,0,0,0,0,0
5226,0,0,0,0,0,0,0,0,0
5227,2.71164e-06,5.32059e-08,2.75916e-21,1.76114e-22,3.23943e-24,7.55148e-25,2.95387e-30,7.74566e-40,2.76484e-06
5228,0,0,0,0,0,0,0,0,0
5229,0,0,0,0,0,0,0,0,0
5230,0,0,0,0,0,0,0,0,0
5231,0,0,0,0,0,0,0,0,0
5232,0,0,0,0,0,0,0,0,0
5233,1.54954e-06,9.30049e-10,2.30011e-18,3.00301e-19,7.00285e-21,5.51032e-22,2.44255e-27,2.77705e-36,1.55047e-06
5234,0.000471705,2.19309e-05,6.91063e-09,1.08567e-09,7.45709e-11,3.38853e-11,2.12694e-16,5.90205e-26,0.000493644
5235,0,0,0,0,0,0,0,0,0
5236,2.06107e-08,3.63931e-07,6.17463e-07,7.36392e-08,1.73264e-09,3.1978e-10,1.44391e-15,1.29768e-24,1.0777e-06
5237,0,0,0,0,0,0,0,0,0
5238,0,0,0,0,0,0,0,0,0
5239,0,0,0,0,0,0,0,0,0
5240,0,0,0,0,0,0,0,0,0
5241,0,0,0,0,0,0,0,0,0
5242,0.00163198,0.000122427,2.48544e-07,5.11493e-08,3.33779e-09,3.7414e-09,5.14068e-14,5.80428e-23,0.00175472
5243,0,0,0,0,0,0,0,0,0
5244,0,0,0,0,0,0,0,0,0
5245,0,0,0,0,0,0,0,0,0
5246,0,0,0,0,0,0,0,0,0
5247,9.88103e-05,3.92087e-06,7.97389e-16,1.04025e-16,3.56846e-18,3.09828e-18,2.4177e-23,1.99338e-32,0.000102731
5248,0,0,0,0,0,0,0,0,0
5249,0,0,0,0,0,0,0,0,0
5250,1.98215e-06,3.89259e-08,7.74472e-18,1.55402e-19,3.21691e-21,9.58156e-22,4.54846e-27,7.0282e-36,2.02108e-06
5251,0,0,0,0,0,0,0,0,0
5252,0,0,0,0,0,0,0,0,0
5253,1.20421e-05,1.45741e-07,5.82346e-21,6.55641e-22,2.00068e-23,7.66253e-24,4.34972e-29,2.51876e-38,1.21878e-05
5254,0,0,0,0,0,0,0,0,0
5255,0,0,0,0,0,0,0,0,0
5256,0,0,0,0,0,0,0,0,0
5257,0.000327123,1.86241e-05,1.48957e-06,2.16023e-07,8.68907e-09,6.84355e-09,3.81358e-14,2.29428e-23,0.000347468
5258,0,0,0,0,0,0,0,0,0
5259,0,0,0,0,0,0,0,0,0
5260,0.000830974,8.3035e-05,1.35439e-07,2.44653e-08,1.16394e-09,3.63491e-10,1.17111e-15,5.59834e-25,0.000914171
5261,1.41881e-06,2.25016e-08,2.70141e-20,1.84271e-21,3.07968e-23,2.55638e-24,6.84379e-30,1.87206e-39,1.44131e-06
5262,6.29297e-06,9.8389e-08,1.10935e-20,1.13481e-21,2.07529e-23,4.48277e-24,8.05906e-30,4.06059e-39,6.39136e-06
5263,0,0,0,0,0,0,0,0,0
5264,0,0,0,0,0,0,0,0,0
5265,0,0,0,0,0,0,0,0,0
5266,0,0,0,0,0,0,0,0,0
5267,0,0,0,0,0,0,0,0,0
5268,1.08682e-06,2.48942e-09,6.36234e-09,6.2329e-10,1.81384e-11,4.28821e-12,2.37483e-17,9.20728e-27,1.09631e-06
5269,0.00263944,0.000343585,7.89348e-08,1.27105e-08,4.7335e-10,5.09113e-10,3.12701e-15,2.88303e-24,0.00298312
5270,0,0,0,0,0,0,0,0,0
5271,2.01032e-07,1.2175e-10,8.9327e-15,6.61055e-16,5.73063e-18,1.55503e-19,2.04405e-26,3.48481e-36,2.01154e-07
5272,1.70951e-05,1.10468e-07,9.48414e-14,1.26309e-14,4.91085e-16,1.3274e-16,2.84924e-22,6.56983e-32,1.72056e-05
5273,0,0,0,0,0,0,0,0,0
5274,0,0,0,0,0,0,0,0,0
5275,0,0,0,0,0,0,0,0,0
5276,0.000845834,4.29471e-05,1.49311e-10,2.89512e-11,1.8624e-12,9.16525e-13,2.04714e-18,3.02099e-28,0.000888782
5277,0,0,0,0,0,0,0,0,0
5278,0,0,0,0,0,0,0,0,0
5279,0,0,0,0,0,0,0,0,0
5280,0.000312706,1.52218e-05,1.51497e-08,2.32755e-09,1.0863e-10,7.8782e-11,5.23083e-16,2.90476e-25,0.000327946
5281,0.00542116,0.000753959,4.93706e-07,1.13549e-07,8.81097e-09,1.20576e-08,2.28727e-13,2.84961e-22,0.00617575
5282,0,0,0,0,0,0,0,0,0
5283,0,0,0,0,0,0,0,0,0
5284,0.00111867,7.95303e-05,6.99784e-06,1.40375e-06,6.99492e-08,6.57759e-08,5.43929e-13,5.96689e-22,0.00120673
5285,0.00733764,0.00176735,0.00012158,2.5706e-05,1.49362e-06,2.24686e-06,2.91636e-11,3.77367e-20,0.00925601
5286,3.18942e-07,5.08818e-08,3.47622e-13,3.99766e-14,1.02288e-15,3.47829e-16,1.67997e-21,1.1136e-30,3.69824e-07
5287,0,0,0,0,0,0,0,0,0
5288,0,0,0,0,0,0,0,0,0
5289,0,0,0,0,0,0,0,0,0
5290,0,0,0,0,0,0,0,0,0
5291,0,0,0,0,0,0,0,0,0
5292,0,0,0,0,0,0,0,0,0
5293,0,0,0,0,0,0,0,0,0
5294,0,0,0,0,0,0,0,0,0
5295,2.4733e-06,9.36179e-07,2.289e-07,1.89661e-08,3.97282e-10,1.01537e-10,3.17363e-16,7.5005e-26,3.65785e-06
5296,0,0,0,0,0,0,0,0,0
5297,0,0,0,0,0,0,0,0,0
5298,0,0,0,0,0,0,0,0,0
5299,0,0,0,0,0,0,0,0,0
5300,0,0,0,0,0,0,0,0,0
5301,0,0,0,0,0,0,0,0,0
5302,0.00828261,0.00206832,0.000159847,3.46379e-05,2.3609e-06,3.42828e-06,5.08358e-11,5.51638e-20,0.0105512
5303,0.000179833,6.95637e-06,8.4694e-08,1.19419e-08,4.08479e-10,7.10813e-10,5.64844e-15,4.96029e-24,0.000186887
5304,0,0,0,0,0,0,0,0,0
5305,0,0,0,0,0,0,0,0,0
5306,0,0,0,0,0,0,0,0,0
5307,0,0,0,0,0,0,0,0,0
5308,0,0,0,0,0,0,0,0,0
5309,0,0,0,0,0,0,0,0,0
5310,0,0,0,0,0,0,0,0,0
5311,8.90345e-06,2.0822e-07,1.78657e-17,1.44433e-18,2.27321e-20,4.71528e-20,1.83092e-25,1.03685e-34,9.11167e-06
5312,0.00135282,0.000205366,6.29508e-07,7.55239e-08,5.1779e-09,3.55207e-09,5.03058e-14,6.31162e-24,0.0015589
5313,0,0,0,0,0,0,0,0,0
5314,5.55562e-06,1.28527e-08,1.00354e-12,1.12849e-13,3.30857e-15,1.72102e-15,6.07275e-21,2.22317e-30,5.56848e-06
5315,0,0,0,0,0,0,0,0,0
5316,2.38123e-06,2.35589e-08,3.15277e-22,2.87014e-23,5.73107e-25,9.86996e-26,4.21566e-31,2.19479e-40,2.40479e-06
5317,0,0,0,0,0,0,0,0,0
5318,0,0,0,0,0,0,0,0,0
5319,3.68377e-06,1.0621e-08,3.80375e-19,4.18911e-20,1.1861e-21,1.03196e-21,3.66745e-27,1.35852e-36,3.69439e-06
5320,4.16169e-06,4.01094e-08,1.92689e-19,1.80192e-20,4.29115e-22,1.243e-22,5.83732e-28,2.46502e-37,4.2018e-06
5321,0,0,0,0,0,0,0,0,0
5322,2.79722e-06,1.72724e-08,4.63948e-16,3.47827e-17,8.80655e-19,3.10171e-19,9.91446e-25,1.38914e-34,2.8145e-06
5323,1.89545e-05,9.53285e-07,1.33488e-06,2.31331e-07,9.8842e-09,7.89019e-09,5.98678e-14,5.21509e-23,2.14917e-05
5324,9.89446e-05,2.76973e-06,3.17648e-13,4.11939e-14,1.5282e-15,1.91676e-15,8.76913e-21,3.37095e-30,0.000101714
5325,0,0,0,0,0,0,0,0,0
5326,0.00179187,0.000337447,1.41638e-05,2.13016e-06,1.09797e-07,1.08111e-07,5.90657e-13,2.0687e-22,0.00214583
5327,0.000485193,3.78868e-05,8.70666e-11,1.51585e-11,5.88e-13,4.28058e-13,2.90103e-18,2.78102e-27,0.00052308
5328,0,0,0,0,0,0,0,0,0
5329,5.65396e-05,2.01927e-06,2.26685e-16,2.89127e-17,8.45679e-19,2.92062e-19,8.78335e-25,3.75257e-34,5.85588e-05
5330,0.000300675,1.29202e-05,1.84276e-06,2.39243e-07,1.06453e-08,9.82035e-09,7.37382e-14,2.89215e-23,0.000315698
5331,0,0,0,0,0,0,0,0,0
5332,2.75894e-06,1.07492e-08,1.09062e-20,1.11727e-21,3.32574e-23,6.52404e-24,1.21163e-29,2.07738e-39,2.76969e-06
5333,4.98618e-06,4.17471e-08,3.72469e-16,3.96206e-17,9.06403e-19,2.88848e-19,1.32761e-24,7.80588e-34,5.02793e-06
5334,0,0,0,0,0,0,0,0,0
5335,2.94259e-05,3.5821e-07,9.01963e-13,1.04185e-13,4.12983e-15,2.65845e-15,1.79738e-20,6.19821e-30,2.97841e-05
5336,7.88704e-06,8.54545e-08,3.34588e-21,3.57342e-22,1.1051e-23,2.47342e-24,1.78564e-29,8.28811e-39,7.9725e-06
5337,0.00205004,0.00018304,4.41765e-06,8.30666e-07,5.58632e-08,7.19538e-08,7.26666e-13,3.95883e-22,0.00223846
5338,0,0,0,0,0,0,0,0,0
5339,0.000189347,4.59301e-05,1.31053e-06,1.46881e-07,2.82888e-09,8.52496e-10,2.84715e-15,1.9261e-24,0.000236739
5340,0.000103046,3.9453e-06,6.29733e-07,7.33061e-08,2.28599e-09,1.50995e-09,6.68743e-15,2.59938e-24,0.000107699
5341,0,0,0,0,0,0,0,0,0
5342,3.03033e-05,2.19685e-09,2.45272e-13,4.13927e-14,1.67423e-15,7.18471e-16,3.01091e-21,1.70585e-30,3.03055e-05
5343,0,0,0,0,0,0,0,0,0
5344,9.51532e-07,2.53828e-08,2.03334e-23,1.08871e-24,1.30928e-26,7.54134e-28,1.86664e-33,3.38056e-43,9.76915e-07
5345,2.70411e-06,4.5492e-08,8.87594e-23,7.27453e-24,1.03663e-25,4.80647e-27,1.33961e-33,5.0559e-43,2.7496e-06
5346,0.00284278,0.000593004,3.02177e-05,5.11809e-06,3.10111e-07,2.02064e-07,1.67406e-12,7.20714e-22,0.00347163
5347,0.000716757,0.000104634,2.35072e-07,3.44073e-08,1.02097e-09,1.70491e-09,4.3878e-15,1.59113e-24,0.000821662
5348,0,0,0,0,0,0,0,0,0
5349,0.000226739,8.09786e-06,4.15116e-09,5.86364e-10,2.47491e-11,3.03129e-11,3.36719e-16,2.2444e-25,0.000234842
5350,0,0,0,0,0,0,0,0,0
5351,0,0,0,0,0,0,0,0,0
5352,0.00304363,0.000718705,4.08152e-05,6.94628e-06,2.94342e-07,7.64365e-07,5.80187e-12,4.57783e-21,0.00381116
5353,0,0,0,0,0,0,0,0,0
5354,3.03124e-05,1.24013e-06,8.11023e-13,6.90416e-14,1.2317e-15,3.35563e-16,8.26229e-22,2.5034e-31,3.15525e-05
5355,0,0,0,0,0,0,0,0,0
5356,1.5542e-06,4.12237e-09,1.9534e-22,2.01822e-23,4.99422e-25,1.15954e-25,3.2121e-31,9.99657e-41,1.55832e-06
5357,0,0,0,0,0,0,0,0,0
5358,0.000256676,2.57083e-05,1.26426e-07,1.72291e-08,4.99794e-10,1.1002e-10,5.71053e-16,3.81883e-25,0.000282528
5359,0,0,0,0,0,0,0,0,0
5360,0,0,0,0,0,0,0,0,0
5361,0,0,0,0,0,0,0,0,0
5362,0,0,0,0,0,0,0,0,0
5363,0,0,0,0,0,0,0,0,0
5364,6.14468e-06,7.50261e-08,1.78986e-17,1.43111e-18,2.16103e-20,3.08732e-20,9.59342e-26,3.23107e-35,6.21971e-06
5365,6.73491e-05,1.77587e-06,1.34158e-16,1.89645e-17,7.02188e-19,2.59181e-19,1.67311e-24,9.62924e-34,6.9125e-05
5366,5.82496e-06,3.97085e-08,1.09239e-17,1.09525e-18,3.17461e-20,7.96482e-21,1.31332e-26,1.89493e-36,5.86467e-06
5367,0,0,0,0,0,0,0,0,0
5368,0,0,0,0,0,0,0,0,0
5369,0,0,0,0,0,0,0,0,0
5370,0,0,0,0,0,0,0,0,0
5371,9.76242e-07,2.82219e-09,4.42431e-33,3.83984e-34,1.00296e-35,3.03939e-36,1.76934e-41,5.37812e-51,9.79064e-07
5372,0,0,0,0,0,0,0,0,0
5373,0.00246394,0.000375674,6.55807e-07,1.25173e-07,6.60366e-09,7.23226e-09,5.31262e-14,3.44884e-23,0.00284041
5374,8.72864e-07,4.00947e-08,3.52682e-16,2.44974e-17,1.80684e-19,4.13095e-20,5.19458e-26,2.7684e-35,9.12959e-07
5375,0,0,0,0,0,0,0,0,0
5376,0.000397308,7.6949e-05,1.36096e-06,1.15004e-07,1.53191e-09,3.38097e-08,4.30065e-13,2.17638e-22,0.000475768
5377,0,0,0,0,0,0,0,0,0
5378,3.7474e-06,5.64148e-08,9.5512e-12,6.27068e-13,1.51055e-14,2.03271e-15,5.86455e-21,5.78326e-31,3.80382e-06
5379,0,0,0,0,0,0,0,0,0
5380,0,0,0,0,0,0,0,0,0
5381,3.59823e-05,1.34818e-06,2.82131e-15,2.5793e-16,7.73325e-18,4.10603e-18,2.27187e-23,4.94294e-33,3.73305e-05
5382,1.84362e-05,4.46697e-07,7.53026e-15,8.05919e-16,1.82375e-17,6.29548e-18,1.60806e-23,5.67377e-33,1.88829e-05
5383,0,0,0,0,0,0,0,0,0
5384,0,0,0,0,0,0,0,0,0
5385,0,0,0,0,0,0,0,0,0
5386,0.000140686,3.19855e-06,9.07046e-11,1.32843e-11,6.89809e-13,2.79256e-13,1.3543e-18,3.4407e-28,0.000143885
5387,0.000767913,0.000128089,4.62558e-07,6.67574e-08,2.05964e-09,2.97753e-09,1.37671e-14,8.25287e-24,0.000896536
5388,8.12516e-06,9.17444e-10,9.1424e-08,9.30271e-09,2.48439e-10,1.82694e-10,7.19394e-16,2.11697e-25,8.22724e-06
5389,6.45963e-07,2.49465e-09,2.20153e-19,1.43177e-20,2.39147e-22,3.3822e-23,7.94603e-29,1.30763e-38,6.48457e-07
5390,0,0,0,0,0,0,0,0,0
5391,9.65625e-06,1.50763e-07,1.33054e-16,1.23803e-17,3.71124e-19,7.9884e-20,4.03346e-25,9.47402e-35,9.80702e-06
5392,2.92784e-05,6.37258e-07,7.5901e-14,8.62448e-15,2.38794e-16,1.53649e-16,6.77127e-22,2.67737e-31,2.99156e-05
5393,0,0,0,0,0,0,0,0,0
5394,0,0,0,0,0,0,0,0,0
5395,9.6147e-05,3.48104e-06,2.23895e-10,2.95707e-11,1.05814e-12,5.20038e-13,3.23933e-18,1.48274e-27,9.96283e-05
5396,0.00193057,0.000157456,8.73643e-09,1.78196e-09,1.06802e-10,8.75424e-11,3.52459e-16,1.27094e-25,0.00208804
5397,0,0,0,0,0,0,0,0,0
5398,0,0,0,0,0,0,0,0,0
5399,0,0,0,0,0,0,0,0,0
5400,0.000351138,2.51493e-05,4.01779e-11,4.96875e-12,2.45483e-13,1.60308e-13,7.62866e-19,1.24317e-28,0.000376288
5401,8.1352e-05,1.80373e-06,5.24042e-10,6.80374e-11,2.22846e-12,2.08375e-12,8.25354e-18,2.95886e-27,8.31563e-05
5402,0,0,0,0,0,0,0,0,0
5403,1.70343e-05,4.60915e-07,1.65498e-11,6.67871e-12,2.87428e-13,2.03657e-13,9.33641e-19,4.78016e-27,1.74952e-05
5404,0,0,0,0,0,0,0,0,0
5405,0,0,0,0,0,0,0,0,0
5406,6.69798e-05,1.13283e-07,7.87379e-07,1.41019e-07,6.03858e-09,5.73973e-09,3.83654e-14,2.65872e-23,6.80332e-05
5407,0,0,0,0,0,0,0,0,0
5408,9.0538e-07,5.67896e-09,1.51705e-21,1.08591e-22,1.88894e-24,2.83825e-25,5.71992e-31,1.04455e-40,9.11059e-07
5409,0,0,0,0,0,0,0,0,0
5410,0,0,0,0,0,0,0,0,0
5411,0,0,0,0,0,0,0,0,0
5412,0,0,0,0,0,0,0,0,0
5413,0,0,0,0,0,0,0,0,0
5414,0,0,0,0,0,0,0,0,0
5415,1.35219e-05,2.89179e-07,1.00701e-16,5.79747e-18,1.25276e-19,5.10677e-20,8.63629e-26,3.03746e-36,1.38111e-05
5416,1.18356e-06,8.89567e-09,2.40981e-23,2.00833e-24,3.4209e-26,3.24709e-27,4.09805e-33,7.22602e-43,1.19245e-06
5417,4.02846e-05,7.87656e-07,2.23349e-08,8.57071e-10,1.79701e-11,5.58904e-12,1.65349e-17,1.10151e-27,4.10955e-05
5418,0,0,0,0,0,0,0,0,0
5419,1.15527e-05,9.01549e-08,3.42238e-22,4.30415e-23,1.65288e-24,2.05797e-25,4.73469e-31,7.46305e-41,1.16429e-05
5420,0,0,0,0,0,0,0,0,0
5421,1.06344e-06,6.66762e-09,1.53417e-20,1.15695e-21,2.00093e-23,3.95361e-24,7.3334e-30,1.35785e-39,1.07011e-06
5422,0.00065804,5.93354e-05,7.51953e-13,1.11683e-13,5.1426e-15,6.58587e-15,5.69492e-20,2.58621e-29,0.000717375
5423,9.78128e-06,8.12292e-08,2.29291e-22,2.45792e-23,8.30265e-25,1.95485e-25,1.61651e-31,6.44452e-42,9.86251e-06
5424,0,0,0,0,0,0,0,0,0
5425,0,0,0,0,0,0,0,0,0
5426,6.21647e-06,1.30485e-07,4.98342e-15,3.37457e-16,8.06525e-18,1.9148e-18,5.49964e-24,4.40636e-34,6.34696e-06
5427,0,0,0,0,0,0,0,0,0
5428,0,0,0,0,0,0,0,0,0
5429,0,0,0,0,0,0,0,0,0
5430,0.000127617,4.24247e-06,7.09299e-16,1.01458e-16,4.43933e-18,1.82414e-18,9.56384e-24,2.88833e-33,0.00013186
5431,0,0,0,0,0,0,0,0,0
5432,0,0,0,0,0,0,0,0,0
5433,0,0,0,0,0,0,0,0,0
5434,0.000177915,5.42012e-06,1.09492e-09,1.56862e-10,6.21113e-12,5.00593e-12,1.80335e-17,4.92379e-27,0.000183337
5435,0,0,0,0,0,0,0,0,0
5436,0,0,0,0,0,0,0,0,0
5437,7.19683e-06,5.47613e-06,3.86839e-07,6.49889e-08,2.58165e-09,2.97225e-09,2.03647e-14,1.30804e-23,1.31303e-05
5438,6.01464e-05,1.69369e-06,1.35703e-15,1.85943e-16,6.14989e-18,2.4276e-18,1.59705e-23,8.44552e-33,6.18401e-05
5439,0,0,0,0,0,0,0,0,0
5440,0,0,0,0,0,0,0,0,0
5441,0.000167935,1.26369e-05,1.86838e-13,2.01419e-14,6.78764e-16,7.05298e-16,4.77524e-21,1.35727e-30,0.000180572
5442,0,0,0,0,0,0,0,0,0
5443,0,0,0,0,0,0,0,0,0
5444,0,0,0,0,0,0,0,0,0
5445,0,0,0,0,0,0,0,0,0
5446,0,0,0,0,0,0,0,0,0
5447,0,0,0,0,0,0,0,0,0
5448,0.00209376,0.000302166,1.09273e-06,1.97539e-07,9.10093e-09,1.30674e-08,5.33557e-14,2.04698e-23,0.00239724
5449,0,0,0,0,0,0,0,0,0
5450,0,0,0,0,0,0,0,0,0
5451,0,0,0,0,0,0,0,0,0
5452,0,0,0,0,0,0,0,0,0
5453,1.35509e-05,3.87249e-07,2.97356e-18,3.00515e-19,6.0751e-21,1.02578e-21,2.17494e-27,6.10583e-37,1.39381e-05
5454,0,0,0,0,0,0,0,0,0
5455,0,0,0,0,0,0,0,0,0
5456,0.00039376,1.81365e-05,6.95507e-12,9.10029e-13,3.62753e-14,1.10089e-14,6.86203e-20,2.28808e-29,0.000411897
5457,0,0,0,0,0,0,0,0,0
5458,6.29303e-06,5.08857e-08,3.93328e-15,3.7553e-16,9.52942e-18,4.94782e-18,1.38669e-23,2.67587e-33,6.34392e-06
5459,0,0,0,0,0,0,0,0,0
5460,0,0,0,0,0,0,0,0,0
5461,0,0,0,0,0,0,0,0,0
5462,0,0,0,0,0,0,0,0,0
5463,0,0,0,0,0,0,0,0,0
5464,0,0,0,0,0,0,0,0,0
5465,0,0,0,0,0,0,0,0,0
5466,0.000119126,4.95066e-06,6.4218e-11,7.99455e-12,2.46303e-13,3.5495e-13,1.93835e-18,7.57548e-28,0.000124077
5467,0.000883601,7.95038e-05,4.48803e-09,7.71939e-10,3.88763e-11,2.7429e-11,2.03718e-16,8.83219e-26,0.00096311
5468,1.28767e-05,1.1695e-07,5.29652e-19,6.19984e-20,1.8947e-21,9.23916e-22,3.60667e-27,1.00254e-36,1.29936e-05
5469,0.000274575,6.24072e-06,4.24002e-08,6.11328e-09,2.58439e-10,2.98972e-10,1.5023e-15,4.43547e-25,0.000280865
5470,0,0,0,0,0,0,0,0,0
5471,0,0,0,0,0,0,0,0,0
5472,3.52107e-05,1.09015e-06,9.56523e-19,9.91168e-20,2.25871e-21,2.60845e-21,1.40103e-26,5.52398e-36,3.63009e-05
5473,0,0,0,0,0,0,0,0,0
5474,0.00108361,6.84311e-05,5.37045e-09,1.03793e-09,5.91952e-11,5.63291e-11,3.6661e-16,1.49123e-25,0.00115205
5475,0,0,0,0,0,0,0,0,0
5476,0,0,0,0,0,0,0,0,0
5477,0,0,0,0,0,0,0,0,0
5478,0,0,0,0,0,0,0,0,0
5479,0,0,0,0,0,0,0,0,0
5480,0.000104971,2.35272e-06,3.18084e-12,4.62013e-13,1.96029e-14,1.43754e-14,1.01853e-19,3.84189e-29,0.000107324
5481,0,0,0,0,0,0,0,0,0
5482,2.22318e-05,3.87113e-07,2.09938e-13,2.31231e-14,4.97995e-16,3.50985e-16,4.45448e-22,7.69117e-32,2.26189e-05
5483,0.000310376,9.60718e-06,5.16496e-10,8.50869e-11,3.49884e-12,7.69248e-12,4.2256e-17,1.79434e-26,0.000319984
5484,0.000244973,9.41551e-06,4.08947e-13,5.92302e-14,2.82699e-15,2.91472e-15,1.89441e-20,5.29992e-30,0.000254389
5485,0.00180146,0.000382592,1.74641e-05,2.6431e-06,1.16996e-07,1.18968e-07,6.78265e-13,2.13552e-22,0.00220439
5486,0,0,0,0,0,0,0,0,0
5487,1.91656e-06,8.97477e-09,1.55526e-14,1.00861e-15,2.33865e-17,5.74969e-18,1.07757e-23,6.48373e-34,1.92554e-06
5488,0,0,0,0,0,0,0,0,0
5489,0,0,0,0,0,0,0,0,0
5490,3.36021e-06,2.51054e-08,3.16467e-13,2.67894e-14,6.28745e-16,1.75194e-16,5.10058e-22,7.92038e-32,3.38531e-06
5491,2.21081e-05,3.86393e-07,3.06401e-18,3.52758e-19,1.04348e-20,4.70391e-21,1.8282e-26,4.82518e-36,2.24945e-05
5492,4.04911e-06,2.45159e-08,3.68095e-19,3.46822e-20,8.34739e-22,4.89553e-22,1.33843e-27,2.48925e-37,4.07363e-06
5493,0,0,0,0,0,0,0,0,0
5494,9.43459e-06,1.10948e-07,1.51181e-25,1.59594e-26,4.30481e-28,1.54445e-28,5.44994e-34,1.26937e-43,9.54553e-06
5495,0,0,0,0,0,0,0,0,0
5496,1.87087e-06,4.96655e-09,1.9282e-13,1.85631e-14,3.77235e-16,4.41462e-17,8.23035e-23,1.68263e-32,1.87583e-06
5497,0.000270424,9.19172e-06,1.81423e-06,2.81363e-07,1.07295e-08,6.24851e-09,1.95776e-14,5.48274e-24,0.000281728
5498,2.16112e-06,1.43506e-08,1.10813e-30,1.03937e-31,2.36647e-33,3.62742e-34,1.63941e-39,4.70338e-49,2.17547e-06
5499,0,0,0,0,0,0,0,0,0
5500,0,0,0,0,0,0,0,0,0
5501,0,0,0,0,0,0,0,0,0
5502,0.000136458,9.92178e-07,8.27341e-07,1.44574e-07,6.74479e-09,6.16076e-09,3.17181e-14,1.14981e-23,0.000138435
5503,0.000760498,5.57719e-05,3.13894e-06,5.35448e-07,2.70926e-08,1.34752e-08,3.41082e-14,3.49181e-24,0.000819985
5504,7.08362e-05,2.24423e-06,4.65001e-13,5.7151e-14,1.49332e-15,2.148e-15,9.04494e-21,3.51256e-30,7.30805e-05
5505,1.01578e-05,1.31673e-07,4.43514e-20,4.54088e-21,1.15e-22,5.15336e-23,1.73289e-28,3.87453e-38,1.02895e-05
5506,0,0,0,0,0,0,0,0,0
5507,9.30941e-06,2.25893e-08,8.85007e-15,1.26001e-15,4.72986e-17,2.1188e-17,6.25639e-23,1.36609e-32,9.33199e-06
5508,0,0,0,0,0,0,0,0,0
5509,0,0,0,0,0,0,0,0,0
5510,9.39068e-07,2.7703e-08,3.25203e-20,2.19383e-21,1.41339e-23,3.90835e-25,1.0544e-31,2.55526e-41,9.66771e-07
5511,5.27791e-06,8.36848e-08,1.22666e-20,1.02816e-21,1.84567e-23,7.89487e-24,1.47546e-29,2.50084e-39,5.3616e-06
5512,0,0,0,0,0,0,0,0,0
5513,0,0,0,0,0,0,0,0,0
5514,0,0,0,0,0,0,0,0,0
5515,1.40586e-05,2.46794e-09,1.45676e-09,2.1059e-10,5.10961e-12,7.19727e-13,6.82881e-19,1.18916e-28,1.40627e-05
5516,0.000198304,6.43701e-06,1.13603e-07,1.23035e-08,2.88164e-10,3.77329e-10,1.38565e-15,4.37589e-25,0.000204868
5517,3.76705e-05,9.64981e-06,2.53196e-07,7.87931e-08,4.10771e-09,1.8981e-09,2.60437e-14,3.06648e-23,4.76583e-05
5518,0.000105832,4.45549e-06,1.78787e-13,2.27411e-14,5.47172e-16,5.33421e-16,9.11149e-22,1.94657e-31,0.000110287
5519,0,0,0,0,0,0,0,0,0
5520,0.000708593,0.000108309,3.19881e-07,3.72829e-08,1.69232e-09,1.60152e-09,1.18025e-14,1.97635e-24,0.000817262
5521,0,0,0,0,0,0,0,0,0
5522,0,0,0,0,0,0,0,0,0
5523,9.61352e-06,1.14865e-07,1.15032e-13,1.08204e-14,2.42822e-16,4.35906e-17,6.70262e-23,8.20596e-33,9.72839e-06
5524,0,0,0,0,0,0,0,0,0
5525,0.00177932,0.000189876,1.26592e-06,2.24106e-07,1.08606e-08,1.12427e-08,7.15003e-14,2.74344e-23,0.00197071
5526,1.74611e-05,3.61479e-07,2.28896e-18,2.196e-19,5.32784e-21,3.34949e-21,8.86481e-27,1.4784e-36,1.78226e-05
5527,1.63126e-06,7.74492e-09,1.63151e-13,1.0355e-14,1.61963e-16,3.649e-17,5.0539e-23,4.256e-33,1.63901e-06
5528,0,0,0,0,0,0,0,0,0
5529,0.00173802,0.000182316,1.56153e-07,2.85463e-08,1.45506e-09,1.71237e-09,6.22815e-15,1.54513e-24,0.00192052
5530,0,0,0,0,0,0,0,0,0
5531,4.79288e-06,1.05746e-07,2.93314e-09,1.67265e-10,1.95572e-12,3.53673e-12,8.8126e-18,1.22999e-27,4.90174e-06
5532,0,0,0,0,0,0,0,0,0
5533,1.831e-06,1.98481e-09,3.18334e-24,3.91996e-25,1.76913e-26,4.38588e-27,2.6102e-32,4.46693e-42,1.83299e-06
5534,0,0,0,0,0,0,0,0,0
5535,0,0,0,0,0,0,0,0,0
5536,0.00139354,0.000196128,2.89008e-07,4.2084e-08,2.04479e-09,2.04231e-09,1.18203e-14,2.76319e-24,0.00159
5537,0,0,0,0,0,0,0,0,0
5538,0,0,0,0,0,0,0,0,0
5539,0.00365133,0.00043534,1.15842e-06,2.37504e-07,1.39194e-08,2.23919e-08,1.62081e-13,6.70468e-23,0.0040881
5540,0,0,0,0,0,0,0,0,0
5541,0,0,0,0,0,0,0,0,0
5542,0,0,0,0,0,0,0,0,0
5543,0,0,0,0,0,0,0,0,0
5544,0,0,0,0,0,0,0,0,0
5545,1.19102e-06,2.36777e-09,1.96667e-22,1.62697e-23,4.87627e-25,1.56383e-25,4.02272e-31,3.05894e-41,1.19339e-06
5546,6.99415e-06,1.19335e-07,5.38328e-20,4.29562e-21,6.0857e-23,1.18746e-22,3.86827e-28,1.11715e-37,7.11349e-06
5547,0.00324089,0.000211904,3.81493e-08,9.1174e-09,7.8874e-10,4.92633e-10,2.12639e-15,3.53776e-25,0.00345284
5548,2.26412e-05,1.58671e-07,4.99505e-18,7.03061e-19,2.7088e-20,1.29298e-20,5.16799e-26,1.19695e-35,2.27999e-05
5549,0,0,0,0,0,0,0,0,0
5550,0,0,0,0,0,0,0,0,0
5551,0.00189603,0.000227616,1.79989e-07,3.26205e-08,1.56504e-09,1.82822e-09,1.07105e-14,3.91721e-24,0.00212387
5552,0.00134375,0.000117935,5.32252e-09,9.35584e-10,4.87447e-11,6.29913e-11,2.52604e-16,5.62326e-26,0.00146169
5553,0,0,0,0,0,0,0,0,0
5554,0,0,0,0,0,0,0,0,0
5555,0,0,0,0,0,0,0,0,0
5556,0,0,0,0,0,0,0,0,0
5557,0.000244508,2.43284e-05,2.46343e-08,2.66635e-09,9.93674e-11,3.71368e-11,1.22613e-16,1.12926e-26,0.000268864
5558,2.02499e-05,3.00318e-07,6.35965e-19,7.38763e-20,2.43622e-21,7.23795e-22,3.35985e-27,7.08304e-37,2.05503e-05
5559,0.00111821,6.32933e-05,1.91233e-11,3.7377e-12,2.27742e-13,2.00211e-13,1.0017e-18,2.46132e-28,0.0011815
5560,6.95984e-06,1.68063e-07,7.98461e-18,6.08663e-19,1.21623e-20,3.88154e-21,1.23559e-26,1.637e-36,7.1279e-06
5561,0,0,0,0,0,0,0,0,0
5562,0,0,0,0,0,0,0,0,0
5563,0,0,0,0,0,0,0,0,0
5564,0,0,0,0,0,0,0,0,0
5565,0,0,0,0,0,0,0,0,0
5566,0,0,0,0,0,0,0,0,0
5567,0,0,0,0,0,0,0,0,0
5568,8.55034e-06,5.17572e-08,5.22705e-16,6.01282e-17,2.09409e-18,6.83742e-19,3.42823e-24,6.53192e-34,8.60209e-06
5569,0,0,0,0,0,0,0,0,0
5570,0,0,0,0,0,0,0,0,0
5571,0,0,0,0,0,0,0,0,0
5572,0,0,0,0,0,0,0,0,0
5573,9.61137e-07,1.17044e-09,1.37662e-18,1.21216e-19,2.37161e-21,5.13685e-22,1.01187e-27,1.44376e-37,9.62307e-07
5574,6.95429e-06,3.13155e-08,3.24588e-14,3.26009e-15,7.44618e-17,3.87021e-17,9.65753e-23,1.72162e-32,6.98561e-06
5575,0,0,0,0,0,0,0,0,0
5576,5.44983e-07,4.34663e-09,7.90623e-19,5.03635e-20,5.14488e-22,8.16916e-23,6.63699e-29,8.90941e-39,5.49329e-07
5577,0,0,0,0,0,0,0,0,0
5578,6.37692e-05,1.58464e-06,1.70409e-15,1.77615e-16,4.73279e-18,3.94185e-18,1.26304e-23,2.69208e-33,6.53539e-05
5579,0,0,0,0,0,0,0,0,0
5580,0.00304054,0.00054427,2.89907e-06,4.97729e-07,2.10907e-08,7.26449e-08,5.65055e-13,2.39725e-22,0.0035883
5581,0,0,0,0,0,0,0,0,0
5582,4.95161e-06,3.15011e-08,3.60445e-20,3.90777e-21,1.04312e-22,2.83295e-23,9.11898e-29,1.73548e-38,4.98311e-06
5583,0.00044333,1.78015e-05,3.67737e-06,6.13526e-07,2.48929e-08,2.235e-08,8.92724e-14,2.5392e-23,0.00046547
5584,9.90738e-07,1.21596e-08,3.10278e-20,2.05357e-21,1.86702e-23,7.97412e-24,9.60292e-30,1.78511e-39,1.0029e-06
5585,0,0,0,0,0,0,0,0,0
5586,0,0,0,0,0,0,0,0,0
5587,0,0,0,0,0,0,0,0,0
5588,0,0,0,0,0,0,0,0,0
5589,0,0,0,0,0,0,0,0,0
5590,0,0,0,0,0,0,0,0,0
5591,0,0,0,0,0,0,0,0,0
5592,4.74192e-05,1.63083e-06,4.5841e-13,5.11965e-14,1.30863e-15,8.84606e-16,2.89741e-21,6.30356e-31,4.905e-05
5593,0.000905278,0.000101742,8.40643e-07,1.24602e-07,4.84981e-09,1.02925e-08,6.64695e-14,2.12695e-23,0.001008
5594,0.00176283,0.000233317,4.94667e-08,8.50311e-09,3.96843e-10,5.28759e-10,2.48322e-15,6.37209e-25,0.00199621
5595,0,0,0,0,0,0,0,0,0
5596,0,0,0,0,0,0,0,0,0
5597,0,0,0,0,0,0,0,0,0
5598,0,0,0,0,0,0,0,0,0
5599,0,0,0,0,0,0,0,0,0
5600,0,0,0,0,0,0,0,0,0
5601,0,0,0,0,0,0,0,0,0
5602,1.53657e-06,8.12871e-09,2.57249e-21,2.1213e-22,4.39141e-24,8.72633e-25,1.15907e-30,9.35361e-41,1.5447e-06
5603,5.44167e-05,7.0351e-07,6.09581e-13,8.47383e-14,3.01755e-15,3.42142e-15,1.29516e-20,2.75897e-30,5.51202e-05
5604,0,0,0,0,0,0,0,0,0
5605,0,0,0,0,0,0,0,0,0
5606,0,0,0,0,0,0,0,0,0
5607,0,0,0,0,0,0,0,0,0
5608,0,0,0,0,0,0,0,0,0
5609,0,0,0,0,0,0,0,0,0
5610,4.5677e-05,1.32931e-08,5.35937e-07,7.63624e-08,2.18627e-09,7.88847e-10,1.25729e-15,2.8249e-24,4.63056e-05
5611,0.000350114,3.43978e-05,2.01011e-09,2.70305e-10,9.08537e-12,4.40526e-12,1.34636e-17,2.48728e-27,0.000384514
5612,5.08963e-06,4.2732e-08,1.76952e-18,1.75227e-19,3.67423e-21,1.07994e-21,1.1694e-27,1.13345e-37,5.13237e-06
5613,0.00095999,0.000111728,1.12584e-07,1.60714e-08,8.08435e-10,5.48882e-10,1.83915e-15,1.98084e-25,0.00107185
5614,0,0,0,0,0,0,0,0,0
5615,0,0,0,0,0,0,0,0,0
5616,1.27698e-06,9.34089e-09,8.75779e-25,6.48872e-26,5.50432e-28,4.79442e-28,7.57965e-34,1.93405e-43,1.28632e-06
5617,0,0,0,0,0,0,0,0,0
5618,1.85949e-05,4.46947e-07,8.72641e-10,7.20649e-11,1.40965e-12,1.09381e-12,2.74737e-18,3.586e-28,1.90428e-05
5619,0,0,0,0,0,0,0,0,0
5620,2.79828e-06,1.64678e-08,1.16794e-18,1.05019e-19,1.74794e-21,3.65525e-22,5.70608e-28,9.22048e-38,2.81475e-06
5621,0,0,0,0,0,0,0,0,0
5622,2.295e-05,3.99661e-07,2.9215e-18,3.63885e-19,1.03864e-20,1.99522e-21,3.30564e-27,4.30963e-37,2.33497e-05
5623,5.59832e-06,1.42469e-08,8.95035e-12,8.05592e-13,2.40783e-14,1.20204e-14,4.14545e-20,3.72325e-30,5.61258e-06
5624,8.2229e-06,1.87048e-07,5.84033e-17,4.197e-18,1.02786e-19,2.75569e-20,5.84324e-26,3.04305e-36,8.40995e-06
5625,4.35222e-06,1.34045e-07,9.69114e-16,3.40404e-17,6.75959e-19,8.54116e-20,1.46841e-25,4.49628e-36,4.48626e-06
5626,0,0,0,0,0,0,0,0,0
5627,0,0,0,0,0,0,0,0,0
5628,0,0,0,0,0,0,0,0,0
5629,4.4843e-05,1.1008e-06,2.08635e-18,2.38772e-19,7.42155e-21,4.90674e-21,1.56853e-26,2.26697e-36,4.59438e-05
5630,0,0,0,0,0,0,0,0,0
5631,0,0,0,0,0,0,0,0,0
5632,0,0,0,0,0,0,0,0,0
5633,6.8777e-05,2.24137e-06,2.38846e-12,3.06654e-13,8.27102e-15,4.0918e-15,6.64682e-21,9.70803e-31,7.10183e-05
5634,3.32026e-06,2.46021e-08,4.71146e-23,4.07913e-24,8.61529e-26,3.20524e-26,4.1756e-32,3.47596e-42,3.34486e-06
5635,0.000777442,6.61673e-05,5.69047e-07,7.98252e-08,3.11003e-09,5.61482e-09,2.14729e-14,3.69282e-24,0.000844267
5636,0,0,0,0,0,0,0,0,0
5637,6.54353e-07,2.39624e-09,3.03257e-31,2.37591e-32,4.24615e-34,7.61671e-35,1.09207e-40,9.90677e-51,6.56749e-07
5638,0,0,0,0,0,0,0,0,0
5639,0,0,0,0,0,0,0,0,0
5640,0,0,0,0,0,0,0,0,0
5641,0,0,0,0,0,0,0,0,0
5642,0,0,0,0,0,0,0,0,0
5643,0,0,0,0,0,0,0,0,0
5644,0,0,0,0,0,0,0,0,0
5645,0,0,0,0,0,0,0,0,0
5646,0,0,0,0,0,0,0,0,0
5647,0,0,0,0,0,0,0,0,0
5648,0,0,0,0,0,0,0,0,0
5649,0.000154124,1.08728e-05,1.57677e-10,1.74346e-11,4.23448e-13,7.39827e-13,1.2936e-18,1.63118e-28,0.000164997
5650,0,0,0,0,0,0,0,0,0
5651,6.18666e-07,2.75589e-09,7.62392e-17,5.90065e-18,7.01682e-20,3.63951e-21,4.40698e-28,4.36006e-38,6.21422e-07
5652,0.00141472,0.000132516,4.65044e-08,9.00854e-09,4.66693e-10,2.24777e-10,5.57833e-16,8.58254e-26,0.00154729
5653,1.43253e-05,8.49925e-07,7.29835e-20,1.0128e-20,3.29001e-22,9.8796e-23,2.74441e-28,4.80422e-38,1.51752e-05
5654,0,0,0,0,0,0,0,0,0
5655,0.000719448,5.26775e-05,1.37593e-08,2.20701e-09,1.0604e-10,8.71395e-11,3.56557e-16,5.77057e-26,0.000772142
5656,0,0,0,0,0,0,0,0,0
5657,3.2895e-06,2.44154e-08,6.33388e-19,5.19704e-20,1.34919e-21,3.11766e-22,5.92968e-28,3.42794e-38,3.31392e-06
5658,0,0,0,0,0,0,0,0,0
5659,0,0,0,0,0,0,0,0,0
5660,0.000271669,5.98333e-06,6.62552e-12,1.05568e-12,4.80105e-14,7.43827e-14,5.42919e-20,9.40917e-31,0.000277652
5661,0.00267515,0.000453734,7.08608e-07,1.20486e-07,5.46727e-09,1.43853e-08,1.267e-13,4.38226e-23,0.00312974
5662,0,0,0,0,0,0,0,0,0
5663,0,0,0,0,0,0,0,0,0
5664,0,0,0,0,0,0,0,0,0
5665,0.00026171,1.30679e-05,4.42517e-15,6.41967e-16,2.40595e-17,2.03468e-17,7.03536e-23,1.23914e-32,0.000274778
5666,5.19087e-05,4.81682e-07,5.8909e-12,8.66366e-13,3.52513e-14,9.27757e-15,1.94035e-20,1.57412e-30,5.23904e-05
5667,0,0,0,0,0,0,0,0,0
5668,0,0,0,0,0,0,0,0,0
5669,0,0,0,0,0,0,0,0,0
5670,0.000105816,3.78685e-06,3.29643e-14,4.06234e-15,1.46045e-16,7.85708e-17,1.92612e-22,1.87737e-32,0.000109603
5671,0,0,0,0,0,0,0,0,0
5672,0,0,0,0,0,0,0,0,0
5673,1.64147e-06,7.3356e-09,1.31385e-22,1.07284e-23,1.96199e-25,1.32802e-25,4.4387e-31,6.42383e-41,1.6488e-06
5674,0,0,0,0,0,0,0,0,0
5675,0,0,0,0,0,0,0,0,0
5676,0,0,0,0,0,0,0,0,0
5677,0,0,0,0,0,0,0,0,0
5678,0,0,0,0,0,0,0,0,0
5679,2.51561e-09,3.87429e-12,3.04238e-22,9.35833e-23,8.88689e-24,7.20293e-24,3.08851e-29,3.40337e-39,2.51949e-09
5680,4.97462e-06,1.26892e-07,3.54476e-16,3.12577e-17,3.34462e-19,3.66882e-20,1.73639e-26,3.337e-36,5.10151e-06
5681,0,0,0,0,0,0,0,0,0
5682,0,0,0,0,0,0,0,0,0
5683,0,0,0,0,0,0,0,0,0
5684,0,0,0,0,0,0,0,0,0
5685,4.83062e-05,1.25551e-06,4.41557e-22,5.48763e-23,1.46795e-24,7.27126e-25,2.02717e-30,3.65779e-40,4.95617e-05
5686,0,0,0,0,0,0,0,0,0
5687,0,0,0,0,0,0,0,0,0
5688,0,0,0,0,0,0,0,0,0
5689,0,0,0,0,0,0,0,0,0
5690,0,0,0,0,0,0,0,0,0
5691,0.000145757,1.7544e-05,4.93393e-08,3.91398e-09,4.07821e-11,8.17072e-10,1.94383e-15,3.98471e-25,0.000163355
5692,3.98648e-06,5.45064e-08,8.05327e-16,7.05674e-17,1.09272e-18,2.95965e-19,4.91035e-25,7.05667e-35,4.04099e-06
5693,0,0,0,0,0,0,0,0,0
5694,5.31567e-05,1.69681e-06,5.89201e-12,7.56182e-13,1.9198e-14,7.03312e-15,1.52581e-20,2.61334e-30,5.48535e-05
5695,0.000125113,1.31109e-06,8.73922e-08,1.29149e-08,4.75011e-10,3.02798e-10,9.17232e-16,1.4295e-25,0.000126525
5696,0,0,0,0,0,0,0,0,0
5697,0,0,0,0,0,0,0,0,0
5698,0,0,0,0,0,0,0,0,0
5699,0,0,0,0,0,0,0,0,0
5700,0,0,0,0,0,0,0,0,0
5701,0,0,0,0,0,0,0,0,0
5702,0,0,0,0,0,0,0,0,0
5703,0,0,0,0,0,0,0,0,0
5704,0,0,0,0,0,0,0,0,0
5705,0,0,0,0,0,0,0,0,0
5706,0,0,0,0,0,0,0,0,0
5707,0,0,0,0,0,0,0,0,0
5708,0,0,0,0,0,0,0,0,0
5709,0,0,0,0,0,0,0,0,0
5710,0,0,0,0,0,0,0,0,0
5711,2.14432e-05,6.93054e-07,1.28649e-09,1.08651e-10,2.40256e-12,1.05253e-12,1.56598e-18,9.47612e-29,2.21377e-05
5712,0,0,0,0,0,0,0,0,0
5713,0,0,0,0,0,0,0,0,0
5714,0.000950405,0.000181612,6.32313e-06,7.10345e-07,3.22862e-08,2.27964e-08,1.10301e-13,6.91103e-24,0.00113911
5715,0,0,0,0,0,0,0,0,0
5716,0,0,0,0,0,0,0,0,0
5717,0,0,0,0,0,0,0,0,0
5718,0,0,0,0,0,0,0,0,0
5719,0,0,0,0,0,0,0,0,0
5720,0,0,0,0,0,0,0,0,0
5721,0.00198887,0.000112502,1.33343e-05,2.92282e-06,1.89051e-07,1.4381e-07,7.82626e-13,1.57252e-22,0.00211797
5722,0.000134553,5.12408e-06,2.58613e-13,3.52932e-14,1.26724e-15,9.87483e-16,7.47965e-21,1.79035e-30,0.000139677
5723,0,0,0,0,0,0,0,0,0
5724,0,0,0,0,0,0,0,0,0
5725,0,0,0,0,0,0,0,0,0
5726,0,0,0,0,0,0,0,0,0
5727,0.000267029,2.20247e-05,2.76732e-10,2.83923e-11,1.12307e-12,6.69627e-13,2.41753e-18,1.16237e-28,0.000289054
5728,1.44893e-06,1.65653e-09,1.37051e-19,1.17115e-20,3.17645e-22,8.55608e-23,3.12541e-28,2.39321e-38,1.45059e-06
5729,0,0,0,0,0,0,0,0,0
5730,0,0,0,0,0,0,0,0,0
5731,0.000202888,4.18444e-06,1.44272e-12,2.32686e-13,1.27586e-14,7.96064e-15,2.89185e-20,2.81662e-30,0.000207073
5732,6.4956e-05,3.28153e-07,7.51154e-10,1.27325e-10,4.7569e-12,1.08445e-12,3.91065e-19,1.34173e-29,6.5285e-05
5733,0,0,0,0,0,0,0,0,0
5734,0,0,0,0,0,0,0,0,0
5735,0,0,0,0,0,0,0,0,0
5736,0,0,0,0,0,0,0,0,0
5737,9.74793e-06,1.12025e-07,7.14427e-10,5.35963e-11,4.56638e-13,2.17481e-12,6.22395e-18,9.0967e-28,9.86073e-06
5738,4.5485e-05,1.97673e-06,7.15497e-13,2.75457e-15,1.28333e-16,7.03348e-17,3.07513e-22,8.08219e-30,4.74617e-05
5739,4.47897e-07,1.38954e-09,1.07293e-20,7.99275e-22,1.25502e-23,1.35434e-24,1.09879e-30,5.46009e-41,4.49286e-07
5740,1.4925e-06,4.35531e-09,6.80193e-22,6.5067e-23,1.30056e-24,6.98808e-27,7.13752e-33,2.24899e-42,1.49685e-06
5741,0,0,0,0,0,0,0,0,0
5742,0,0,0,0,0,0,0,0,0
5743,0,0,0,0,0,0,0,0,0
5744,0,0,0,0,0,0,0,0,0
5745,0.00171474,0.000273309,7.9151e-07,1.22238e-07,5.05861e-09,8.98811e-09,5.07187e-14,9.80373e-24,0.00198898
5746,0,0,0,0,0,0,0,0,0
5747,0,0,0,0,0,0,0,0,0
5748,6.99309e-07,1.32047e-09,5.76712e-28,5.00414e-29,8.8006e-31,3.10591e-31,2.84508e-37,1.71976e-47,7.00629e-07
5749,0,0,0,0,0,0,0,0,0
5750,6.99663e-07,1.48284e-09,1.13986e-19,8.62865e-21,1.90872e-22,5.81224e-23,8.11597e-29,3.30475e-39,7.01146e-07
5751,0,0,0,0,0,0,0,0,0
5752,2.38184e-06,3.58542e-08,1.1462e-19,6.97493e-21,1.14372e-22,4.18582e-23,5.25922e-29,1.94334e-39,2.41769e-06
5753,0,0,0,0,0,0,0,0,0
5754,7.38301e-05,4.19497e-06,9.50875e-08,6.44434e-09,2.04927e-10,7.56866e-11,2.0814e-16,2.57845e-28,7.81269e-05
5755,7.95967e-05,1.84129e-06,1.2816e-13,1.75582e-14,6.06003e-16,2.90752e-16,6.51143e-22,6.51322e-32,8.1438e-05
5756,0,0,0,0,0,0,0,0,0
5757,0,0,0,0,0,0,0,0,0
5758,0,0,0,0,0,0,0,0,0
5759,0.000231943,1.07723e-05,7.01686e-12,7.56421e-13,2.00788e-14,1.39964e-14,3.40022e-20,3.68651e-30,0.000242715
5760,0,0,0,0,0,0,0,0,0
5761,0,0,0,0,0,0,0,0,0
5762,0,0,0,0,0,0,0,0,0
5763,0,0,0,0,0,0,0,0,0
5764,6.84826e-06,1.26753e-07,4.75081e-12,3.5159e-13,7.78717e-15,1.76163e-15,2.58201e-21,9.54187e-32,6.97501e-06
5765,0.00387996,0.000809124,4.3752e-05,7.70427e-06,3.6019e-07,6.85904e-07,2.98267e-12,4.95814e-22,0.00474159
5766,0,0,0,0,0,0,0,0,0
5767,0.00272309,0.000509873,2.32737e-05,3.92552e-06,2.23368e-07,1.1113e-07,4.51884e-13,4.35321e-23,0.0032605
5768,0,0,0,0,0,0,0,0,0
5769,0,0,0,0,0,0,0,0,0
5770,4.38247e-06,5.59038e-08,2.08464e-20,1.72677e-21,3.42031e-23,7.22405e-24,9.73963e-30,5.36145e-40,4.43837e-06
5771,0,0,0,0,0,0,0,0,0
5772,0,0,0,0,0,0,0,0,0
5773,0,0,0,0,0,0,0,0,0
5774,0,0,0,0,0,0,0,0,0
5775,0,0,0,0,0,0,0,0,0
5776,1.31743e-05,1.62752e-07,1.3547e-21,1.37577e-22,3.89138e-24,1.75279e-24,3.7403e-30,2.47018e-40,1.3337e-05
5777,0.000574487,3.84979e-05,4.74214e-08,5.54013e-09,1.62015e-10,2.90791e-10,6.16557e-16,5.97317e-26,0.000613038
5778,1.12022e-05,1.27353e-07,5.19265e-20,5.06602e-21,1.32071e-22,7.99326e-23,2.31603e-28,1.98971e-38,1.13295e-05
5779,9.17074e-06,8.61991e-08,2.91759e-15,3.00268e-16,7.95264e-18,2.58939e-18,7.37443e-24,6.79704e-34,9.25694e-06
5780,0,0,0,0,0,0,0,0,0
5781,0,0,0,0,0,0,0,0,0
5782,0.000578104,6.32374e-05,1.19628e-07,1.90964e-08,6.74634e-10,2.33349e-10,5.72474e-16,7.27711e-26,0.000641481
5783,0,0,0,0,0,0,0,0,0
5784,0,0,0,0,0,0,0,0,0
5785,0,0,0,0,0,0,0,0,0
5786,0,0,0,0,0,0,0,0,0
5787,3.03067e-06,2.76352e-08,1.14016e-21,7.17206e-23,1.47819e-24,1.24546e-24,2.14434e-30,6.06392e-41,3.0583e-06
5788,0,0,0,0,0,0,0,0,0
5789,7.77781e-06,1.07421e-07,4.05911e-20,3.2191e-21,6.60319e-23,6.42601e-23,9.60643e-29,4.6637e-39,7.88523e-06
5790,1.69995e-05,1.64452e-07,6.80784e-17,6.57884e-18,2.43088e-19,1.56131e-19,5.53396e-25,2.49774e-35,1.71639e-05
5791,6.92375e-05,3.63328e-07,3.90261e-08,4.84169e-09,1.60403e-10,1.20148e-10,4.04242e-16,4.14332e-26,6.9645e-05
5792,0,0,0,0,0,0,0,0,0
5793,0,0,0,0,0,0,0,0,0
5794,0,0,0,0,0,0,0,0,0
5795,8.53578e-07,1.34353e-09,5.5533e-19,5.93602e-20,1.11851e-21,1.80316e-22,1.63149e-28,1.28503e-38,8.54922e-07
5796,0,0,0,0,0,0,0,0,0
5797,0,0,0,0,0,0,0,0,0
5798,0,0,0,0,0,0,0,0,0
5799,0,0,0,0,0,0,0,0,0
5800,0,0,0,0,0,0,0,0,0
5801,7.12304e-06,1.06855e-07,2.86364e-20,2.55431e-21,4.77338e-23,1.566e-23,1.18357e-29,5.28015e-40,7.2299e-06
5802,0,0,0,0,0,0,0,0,0
5803,0,0,0,0,0,0,0,0,0
5804,7.40656e-06,1.73168e-07,3.11143e-17,1.75296e-18,3.98548e-20,1.46346e-20,2.46452e-26,2.43401e-37,7.57973e-06
5805,0,0,0,0,0,0,0,0,0
5806,0,0,0,0,0,0,0,0,0
5807,0,0,0,0,0,0,0,0,0
5808,5.62214e-06,3.10565e-08,6.67668e-17,5.22364e-18,8.63879e-20,2.54541e-20,2.98107e-26,1.60425e-36,5.6532e-06
5809,4.14585e-06,1.22722e-07,9.71242e-10,1.09874e-10,2.7032e-12,1.81512e-12,3.28587e-18,2.87561e-28,4.26966e-06
5810,0.000256005,2.09511e-05,5.69647e-13,6.38249e-14,1.45398e-15,4.64279e-15,1.81796e-20,2.65231e-30,0.000276956
5811,0,0,0,0,0,0,0,0,0
5812,0,0,0,0,0,0,0,0,0
5813,0,0,0,0,0,0,0,0,0
5814,5.71776e-06,3.16444e-08,1.5783e-17,1.52571e-18,4.02065e-20,1.64318e-20,5.23952e-26,4.12241e-36,5.7494e-06
5815,0,0,0,0,0,0,0,0,0
5816,0,0,0,0,0,0,0,0,0
5817,0.000469745,3.71276e-05,5.99257e-12,8.8568e-13,3.07666e-14,2.36894e-14,4.12503e-20,3.11592e-30,0.000506873
5818,0,0,0,0,0,0,0,0,0
5819,0,0,0,0,0,0,0,0,0
5820,0,0,0,0,0,0,0,0,0
5821,0.00600816,0.00121422,7.1738e-05,1.42375e-05,8.58852e-07,9.24109e-07,4.43944e-12,5.64059e-22,0.00731013
5822,0.000323367,7.29335e-06,6.50544e-08,1.09841e-08,4.08128e-10,6.19528e-10,1.9584e-15,3.04882e-25,0.000330738
5823,5.49179e-05,1.03851e-06,1.91217e-12,2.28523e-13,7.93216e-15,4.37434e-15,9.57387e-21,5.77311e-31,5.59565e-05
5824,0.000229999,9.31095e-06,2.1073e-14,3.06915e-15,1.22349e-16,9.75147e-17,3.65283e-22,3.97119e-32,0.00023931
5825,0.000170306,2.29176e-05,4.03117e-08,2.92134e-09,7.93162e-11,7.95978e-11,2.19711e-16,3.80263e-27,0.000193267
5826,0,0,0,0,0,0,0,0,0
5827,0,0,0,0,0,0,0,0,0
5828,0.000324955,1.32633e-05,5.02743e-08,7.63545e-09,2.7216e-10,3.52525e-10,1.00824e-15,1.21305e-25,0.000338277
5829,9.43723e-07,8.32739e-08,4.65554e-16,4.24122e-17,6.67326e-19,1.51831e-19,1.58875e-25,1.24531e-35,1.027e-06
5830,0,0,0,0,0,0,0,0,0
5831,0,0,0,0,0,0,0,0,0
5832,8.23562e-05,2.58508e-06,1.90322e-15,2.1824e-16,6.81303e-18,7.97762e-18,2.33231e-23,1.86226e-33,8.49412e-05
5833,0,0,0,0,0,0,0,0,0
5834,0,0,0,0,0,0,0,0,0
5835,0,0,0,0,0,0,0,0,0
5836,0,0,0,0,0,0,0,0,0
5837,0,0,0,0,0,0,0,0,0
5838,0,0,0,0,0,0,0,0,0
5839,9.32801e-06,1.92939e-07,1.67854e-16,1.23382e-17,2.65884e-19,1.5715e-19,3.27666e-25,1.32109e-35,9.52095e-06
5840,0,0,0,0,0,0,0,0,0
5841,0,0,0,0,0,0,0,0,0
5842,0,0,0,0,0,0,0,0,0
5843,0,0,0,0,0,0,0,0,0
5844,1.94827e-06,2.44935e-08,7.40413e-16,4.07423e-17,7.20838e-19,2.58981e-19,3.32183e-25,6.89822e-36,1.97277e-06
5845,0,0,0,0,0,0,0,0,0
5846,2.87001e-05,7.81814e-07,6.17631e-16,6.97539e-17,1.44375e-18,4.70003e-19,3.45579e-25,1.97729e-35,2.94819e-05
5847,0,0,0,0,0,0,0,0,0
5848,0,0,0,0,0,0,0,0,0
5849,0,0,0,0,0,0,0,0,0
5850,0,0,0,0,0,0,0,0,0
5851,0,0,0,0,0,0,0,0,0
5852,0.000516494,2.27045e-05,1.7147e-06,2.45569e-07,6.47225e-09,1.31934e-08,1.33181e-14,9.59666e-25,0.000541179
5853,9.94511e-07,3.89604e-09,3.03875e-24,2.30208e-25,3.89532e-27,1.67646e-27,2.08037e-33,9.83693e-44,9.98407e-07
5854,0,0,0,0,0,0,0,0,0
5855,2.06994e-06,2.87885e-08,3.44311e-21,2.50373e-22,3.1923e-24,7.75178e-25,8.77468e-31,5.82411e-41,2.09873e-06
5856,0,0,0,0,0,0,0,0,0
5857,0,0,0,0,0,0,0,0,0
5858,0.00136961,0.000238551,8.53407e-06,1.22861e-06,4.94527e-08,3.71942e-08,7.15597e-14,3.66737e-24,0.00161801
5859,0.00017566,5.70661e-06,5.0356e-14,7.60811e-15,2.89374e-16,1.21615e-16,1.69927e-22,9.64398e-33,0.000181367
5860,0,0,0,0,0,0,0,0,0
5861,0,0,0,0,0,0,0,0,0
5862,0,0,0,0,0,0,0,0,0
5863,0,0,0,0,0,0,0,0,0
5864,0.00113625,0.000143992,1.90396e-09,2.86799e-10,9.84979e-12,2.23191e-11,6.65743e-17,7.90106e-27,0.00128025
5865,3.77946e-06,1.20127e-07,1.59523e-15,2.14774e-16,5.70234e-18,1.21079e-18,1.48322e-25,5.3855e-36,3.89959e-06
5866,7.07807e-07,5.25164e-09,4.85575e-18,4.87258e-19,8.816e-21,2.4186e-21,2.56214e-27,1.74678e-37,7.13059e-07
5867,0,0,0,0,0,0,0,0,0
5868,0.00448214,0.000847122,4.39139e-05,7.99216e-06,4.11431e-07,6.65243e-07,2.21107e-12,2.12559e-22,0.00538225
5869,9.91191e-07,3.09991e-09,8.97315e-23,8.5415e-24,1.75736e-25,1.24033e-26,1.30108e-32,6.3053e-43,9.94291e-07
5870,0,0,0,0,0,0,0,0,0
5871,2.43856e-05,5.34777e-07,2.16917e-17,2.30888e-18,5.51691e-20,1.85169e-20,1.4668e-26,5.62097e-37,2.49203e-05
5872,0,0,0,0,0,0,0,0,0
5873,5.1128e-06,1.29778e-07,3.16359e-13,2.11149e-14,3.50193e-16,8.91324e-17,1.77442e-22,8.15227e-33,5.24257e-06
5874,0,0,0,0,0,0,0,0,0
5875,0,0,0,0,0,0,0,0,0
5876,0,0,0,0,0,0,0,0,0
5877,0,0,0,0,0,0,0,0,0
5878,0,0,0,0,0,0,0,0,0
5879,0,0,0,0,0,0,0,0,0
5880,3.20669e-05,6.55315e-07,1.06335e-10,1.19312e-11,2.72967e-13,1.08415e-13,1.58873e-19,1.13329e-29,3.27223e-05
5881,0.00643008,0.0015376,0.000104872,1.96891e-05,1.09202e-06,1.93648e-06,1.48586e-11,2.31705e-21,0.00809527
5882,0,0,0,0,0,0,0,0,0
5883,5.05492e-06,7.96844e-08,2.6238e-22,2.28812e-23,3.27711e-25,1.00907e-25,5.78418e-32,2.64537e-42,5.13461e-06
5884,0,0,0,0,0,0,0,0,0
5885,0,0,0,0,0,0,0,0,0
5886,0,0,0,0,0,0,0,0,0
5887,0,0,0,0,0,0,0,0,0
5888,0.000528183,4.12761e-05,1.02858e-09,1.48887e-10,5.50897e-12,4.85254e-12,8.07143e-18,4.69243e-28,0.000569461
5889,0,0,0,0,0,0,0,0,0
5890,8.23076e-05,3.6414e-06,4.51645e-09,4.32811e-10,1.22799e-11,1.62584e-11,5.32288e-17,3.08134e-27,8.5954e-05
5891,0.00186059,0.000242382,2.00128e-07,3.38119e-08,1.67054e-09,1.45996e-09,5.1693e-15,4.34219e-25,0.0021032
5892,0,0,0,0,0,0,0,0,0
5893,0,0,0,0,0,0,0,0,0
5894,0,0,0,0,0,0,0,0,0
5895,0,0,0,0,0,0,0,0,0
5896,0,0,0,0,0,0,0,0,0
5897,0,0,0,0,0,0,0,0,0
5898,0,0,0,0,0,0,0,0,0
5899,0,0,0,0,0,0,0,0,0
5900,0,0,0,0,0,0,0,0,0
5901,1.16601e-05,2.81564e-07,2.36852e-18,1.75027e-19,3.51554e-21,1.88342e-21,1.66775e-27,3.43977e-38,1.19416e-05
5902,0,0,0,0,0,0,0,0,0
5903,1.94801e-06,7.69355e-08,1.01738e-16,2.99151e-18,1.20778e-19,1.25476e-19,9.01925e-26,2.05419e-36,2.02494e-06
5904,0,0,0,0,0,0,0,0,0
5905,0.00233479,0.000308233,2.85335e-07,4.74172e-08,2.30922e-09,4.35263e-09,1.64849e-14,1.39914e-24,0.00264336
5906,0,0,0,0,0,0,0,0,0
5907,0,0,0,0,0,0,0,0,0
5908,0,0,0,0,0,0,0,0,0
5909,0,0,0,0,0,0,0,0,0
5910,0.0024867,0.000341188,3.32299e-07,5.90379e-08,2.85081e-09,3.85506e-09,1.48787e-14,1.49321e-24,0.00282829
5911,0,0,0,0,0,0,0,0,0
5912,0,0,0,0,0,0,0,0,0
5913,0.000104403,1.93885e-06,1.64923e-16,2.27652e-17,9.88764e-19,6.61129e-19,1.93991e-24,1.03452e-34,0.000106341
5914,1.30544e-05,2.60624e-08,8.51408e-14,1.05219e-14,3.38583e-16,1.3673e-15,4.54273e-21,1.3683e-31,1.30804e-05
5915,9.23538e-07,8.02542e-10,4.52902e-15,4.81959e-16,9.49165e-18,1.23716e-18,1.75887e-24,1.24292e-34,9.24341e-07
5916,0,0,0,0,0,0,0,0,0
5917,0,0,0,0,0,0,0,0,0
5918,0,0,0,0,0,0,0,0,0
5919,0,0,0,0,0,0,0,0,0
5920,0,0,0,0,0,0,0,0,0
5921,0,0,0,0,0,0,0,0,0
5922,0.000354087,2.05101e-05,1.28068e-08,1.76745e-09,6.92849e-11,5.07818e-11,1.20788e-16,6.49612e-27,0.000374612
5923,0,0,0,0,0,0,0,0,0
5924,0,0,0,0,0,0,0,0,0
5925,0,0,0,0,0,0,0,0,0
5926,0,0,0,0,0,0,0,0,0
5927,0.000737048,3.37285e-05,1.76629e-08,2.54021e-09,8.61356e-11,5.99754e-11,1.5178e-16,1.10516e-26,0.000770797
5928,4.86427e-06,6.08139e-08,4.33044e-17,3.52486e-18,2.9906e-20,1.65465e-21,1.06893e-27,1.0607e-37,4.92509e-06
5929,0,0,0,0,0,0,0,0,0
5930,1.03365e-06,1.00451e-08,1.05579e-11,5.41149e-13,4.56434e-15,2.79656e-15,1.20539e-21,2.36295e-32,1.0437e-06
5931,0,0,0,0,0,0,0,0,0
5932,7.1512e-05,2.67444e-06,1.04103e-14,1.12106e-15,3.27302e-17,2.15159e-17,4.18009e-23,1.83791e-33,7.41864e-05
5933,3.76685e-05,5.2864e-07,3.51115e-13,4.52724e-14,1.35403e-15,5.99692e-16,8.80656e-22,4.68573e-32,3.81971e-05
5934,0.00015964,2.5131e-06,5.12292e-10,6.55723e-11,1.80131e-12,1.79711e-12,4.43433e-18,3.11054e-28,0.000162154
5935,0,0,0,0,0,0,0,0,0
5936,0,0,0,0,0,0,0,0,0
5937,0,0,0,0,0,0,0,0,0
5938,0,0,0,0,0,0,0,0,0
5939,3.4524e-05,2.78508e-07,2.58918e-07,3.55535e-08,1.10855e-09,4.42296e-10,8.32364e-16,5.72168e-26,3.50985e-05
5940,0,0,0,0,0,0,0,0,0
5941,1.33832e-06,6.21075e-09,2.99461e-22,2.45852e-23,3.87443e-25,7.89117e-26,4.98566e-32,2.03406e-42,1.34453e-06
5942,0,0,0,0,0,0,0,0,0
5943,0,0,0,0,0,0,0,0,0
5944,0,0,0,0,0,0,0,0,0
5945,4.63215e-05,6.6177e-07,7.30429e-10,9.60912e-11,3.13275e-12,1.31304e-12,2.32381e-18,1.0784e-28,4.69841e-05
5946,4.93293e-06,3.73869e-08,1.77834e-18,1.85055e-19,3.40651e-21,1.25456e-21,1.67578e-27,1.15468e-37,4.97031e-06
5947,0,0,0,0,0,0,0,0,0
5948,0,0,0,0,0,0,0,0,0
5949,0,0,0,0,0,0,0,0,0
5950,0,0,0,0,0,0,0,0,0
5951,0,0,0,0,0,0,0,0,0
5952,4.19772e-05,6.42825e-07,4.99863e-15,6.41775e-16,2.03887e-17,1.01878e-17,1.80442e-23,9.28784e-34,4.262e-05
5953,6.80398e-07,9.80196e-09,8.57797e-15,2.84253e-16,4.01949e-18,5.69767e-19,5.14469e-25,7.6452e-37,6.902e-07
5954,2.54825e-05,4.45084e-07,1.15914e-13,1.2751e-14,3.21187e-16,1.335e-16,1.74316e-22,7.61999e-33,2.59276e-05
5955,3.99035e-06,7.37383e-08,2.16526e-14,1.68363e-15,2.43757e-17,3.88273e-18,2.87545e-24,9.6142e-35,4.06408e-06
5956,5.7469e-05,3.55655e-06,1.12326e-10,1.1277e-11,2.5156e-13,5.8696e-14,1.04042e-19,5.70513e-30,6.10257e-05
5957,0,0,0,0,0,0,0,0,0
5958,0,0,0,0,0,0,0,0,0
5959,0,0,0,0,0,0,0,0,0
5960,1.99915e-05,1.0192e-06,3.80504e-11,2.77879e-12,5.03734e-14,1.21077e-14,9.20322e-21,1.46063e-31,2.10107e-05
5961,2.76658e-05,3.57432e-07,4.45632e-12,4.09317e-13,1.35527e-14,6.75097e-15,1.76054e-20,4.57609e-31,2.80233e-05
5962,0,0,0,0,0,0,0,0,0
5963,0,0,0,0,0,0,0,0,0
5964,0,0,0,0,0,0,0,0,0
5965,0.000153916,8.40962e-06,7.31101e-08,6.00509e-09,1.79704e-10,8.47513e-11,1.19798e-16,1.10024e-27,0.000162405
5966,0,0,0,0,0,0,0,0,0
5967,0,0,0,0,0,0,0,0,0
5968,0,0,0,0,0,0,0,0,0
5969,4.56634e-05,7.01203e-07,7.80628e-17,8.80413e-18,2.59584e-19,3.7153e-19,3.21815e-25,7.82167e-36,4.63646e-05
5970,0.000829238,4.88288e-05,2.3612e-06,3.92027e-07,1.4722e-08,2.87974e-08,5.34137e-14,3.69223e-24,0.000880863
5971,0,0,0,0,0,0,0,0,0
5972,0.00111495,0.000118227,6.92901e-09,1.12846e-09,3.94029e-11,5.37906e-11,8.06944e-17,5.14394e-27,0.00123318
5973,0,0,0,0,0,0,0,0,0
5974,0,0,0,0,0,0,0,0,0
5975,0,0,0,0,0,0,0,0,0
5976,0,0,0,0,0,0,0,0,0
5977,2.45595e-09,2.23539e-09,1.06083e-17,8.61095e-19,1.36325e-20,4.7005e-21,1.49863e-27,2.4969e-38,4.69134e-09
5978,0.000473526,4.05825e-05,3.06886e-07,4.01958e-08,1.30159e-09,1.75959e-09,3.51219e-15,1.86632e-25,0.000514459
5979,0,0,0,0,0,0,0,0,0
5980,4.03935e-05,6.5711e-07,2.07238e-14,3.11218e-18,3.94744e-16,1.48382e-15,5.09396e-21,4.55778e-31,4.10506e-05
5981,0,0,0,0,0,0,0,0,0
5982,0,0,0,0,0,0,0,0,0
5983,0,0,0,0,0,0,0,0,0
5984,0,0,0,0,0,0,0,0,0
5985,0.000100651,4.77512e-06,5.14311e-13,5.79549e-14,1.55529e-15,1.84342e-15,2.94737e-21,1.77088e-31,0.000105426
5986,0.000237499,4.22815e-05,9.06651e-07,5.72449e-08,1.43114e-09,1.52561e-09,3.3315e-15,3.44768e-27,0.000280747
5987,0,0,0,0,0,0,0,0,0
5988,2.44733e-06,4.04896e-08,5.31499e-11,3.09067e-12,2.76262e-14,1.90776e-14,1.7589e-20,6.19084e-31,2.48788e-06
5989,0,0,0,0,0,0,0,0,0
5990,0,0,0,0,0,0,0,0,0
5991,0,0,0,0,0,0,0,0,0
5992,6.25297e-05,8.79976e-07,9.952e-13,1.38596e-13,5.00709e-15,2.32413e-15,8.87582e-21,6.68732e-31,6.34097e-05
5993,0,0,0,0,0,0,0,0,0
5994,0,0,0,0,0,0,0,0,0
5995,1.79305e-05,1.18097e-07,8.37275e-17,9.63609e-18,2.93552e-19,2.87672e-19,2.536e-25,5.7033e-36,1.80485e-05
5996,0,0,0,0,0,0,0,0,0
5997,0,0,0,0,0,0,0,0,0
5998,0,0,0,0,0,0,0,0,0
5999,0,0,0,0,0,0,0,0,0
6000,0,0,0,0,0,0,0,0,0
6001,0,0,0,0,0,0,0,0,0
6002,6.74182e-05,1.86579e-06,1.63509e-14,1.90081e-15,6.27303e-17,2.87045e-17,6.09479e-23,2.28891e-33,6.9284e-05
6003,0,0,0,0,0,0,0,0,0
6004,0,0,0,0,0,0,0,0,0
6005,0,0,0,0,0,0,0,0,0
6006,0,0,0,0,0,0,0,0,0
6007,0,0,0,0,0,0,0,0,0
6008,0,0,0,0,0,0,0,0,0
6009,0,0,0,0,0,0,0,0,0
6010,0,0,0,0,0,0,0,0,0
6011,0,0,0,0,0,0,0,0,0
6012,0,0,0,0,0,0,0,0,0
6013,0,0,0,0,0,0,0,0,0
6014,0.000246227,1.14404e-05,4.49746e-11,5.67347e-12,2.02413e-13,2.87732e-13,6.37929e-19,2.53459e-29,0.000257668
6015,0,0,0,0,0,0,0,0,0
6016,0.00459081,0.000915799,4.93814e-05,9.14557e-06,4.34183e-07,6.41743e-07,1.97237e-12,1.44002e-22,0.00556621
6017,5.27345e-06,6.23616e-08,1.52317e-18,1.3041e-19,2.49602e-21,6.23024e-22,4.40184e-28,9.64401e-39,5.33581e-06
6018,0,0,0,0,0,0,0,0,0
6019,0,0,0,0,0,0,0,0,0
6020,9.00365e-06,1.37642e-07,3.07085e-17,2.65008e-18,6.11345e-20,1.44716e-20,1.66362e-26,3.71568e-37,9.14129e-06
6021,5.37289e-05,9.70348e-07,6.67707e-14,7.87313e-15,2.53957e-16,1.70083e-16,2.60433e-22,7.98042e-33,5.46992e-05
6022,0,0,0,0,0,0,0,0,0
6023,0,0,0,0,0,0,0,0,0
6024,0,0,0,0,0,0,0,0,0
6025,0,0,0,0,0,0,0,0,0
6026,0,0,0,0,0,0,0,0,0
6027,0,0,0,0,0,0,0,0,0
6028,0.000166425,9.24404e-06,1.43479e-12,1.60512e-13,3.70131e-15,3.07638e-15,2.17367e-21,6.39603e-32,0.000175669
6029,0,0,0,0,0,0,0,0,0
6030,0,0,0,0,0,0,0,0,0
6031,0,0,0,0,0,0,0,0,0
6032,0,0,0,0,0,0,0,0,0
6033,0,0,0,0,0,0,0,0,0
6034,0,0,0,0,0,0,0,0,0
6035,6.50351e-06,6.51153e-08,3.73672e-21,3.56316e-22,7.38739e-24,1.58895e-24,9.4476e-31,1.93848e-41,6.56862e-06
6036,0,0,0,0,0,0,0,0,0
6037,0.000156608,3.28402e-05,7.65773e-07,8.14922e-08,9.74534e-10,6.08177e-10,4.20954e-16,3.20033e-26,0.000190297
6038,0,0,0,0,0,0,0,0,0
6039,0,0,0,0,0,0,0,0,0
6040,0.00679072,0.0009634,3.01506e-05,6.00295e-06,3.37715e-07,2.93908e-07,2.28239e-13,3.01009e-24,0.0077909
6041,0,0,0,0,0,0,0,0,0
6042,0,0,0,0,0,0,0,0,0
6043,3.75502e-05,8.52105e-07,1.11467e-10,1.38665e-11,2.95312e-13,1.03616e-13,1.11047e-19,6.0635e-30,3.84024e-05
6044,0,0,0,0,0,0,0,0,0
6045,5.1014e-05,2.42091e-06,3.46745e-13,2.87491e-14,8.67689e-16,2.93809e-16,4.39968e-22,5.82528e-33,5.34349e-05
6046,0,0,0,0,0,0,0,0,0
6047,0,0,0,0,0,0,0,0,0
6048,0,0,0,0,0,0,0,0,0
6049,0,0,0,0,0,0,0,0,0
6050,0,0,0,0,0,0,0,0,0
6051,0,0,0,0,0,0,0,0,0
6052,7.07289e-07,5.41339e-09,1.49792e-24,9.54472e-26,1.02346e-27,1.71385e-28,4.62805e-35,6.56763e-46,7.12703e-07
6053,8.36055e-07,3.28612e-09,2.3503e-16,1.5411e-17,2.44529e-19,9.19376e-20,9.40224e-26,1.80213e-36,8.39341e-07
6054,0,0,0,0,0,0,0,0,0
6055,0,0,0,0,0,0,0,0,0
6056,0,0,0,0,0,0,0,0,0
6057,0,0,0,0,0,0,0,0,0
6058,0,0,0,0,0,0,0,0,0
6059,0,0,0,0,0,0,0,0,0
6060,0.00068678,5.5362e-05,3.8496e-11,5.21745e-12,2.01317e-13,3.04867e-13,8.9764e-19,4.13122e-29,0.000742142
6061,0,0,0,0,0,0,0,0,0
6062,0,0,0,0,0,0,0,0,0
6063,0,0,0,0,0,0,0,0,0
6064,0,0,0,0,0,0,0,0,0
6065,1.53691e-06,2.31257e-08,2.17676e-14,1.293e-15,1.546e-17,2.11328e-18,9.34422e-25,1.21856e-35,1.56004e-06
6066,7.12527e-06,1.3848e-08,1.37966e-15,1.67016e-16,4.35854e-18,2.30171e-18,3.57232e-24,1.53848e-34,7.13911e-06
6067,0,0,0,0,0,0,0,0,0
6068,0,0,0,0,0,0,0,0,0
6069,5.57362e-06,3.25092e-08,4.93406e-10,4.52663e-11,9.97867e-13,3.10647e-13,2.23708e-19,3.83419e-30,5.60667e-06
6070,1.24505e-05,3.33067e-07,1.9531e-14,1.87783e-15,3.04303e-17,6.00579e-18,4.38853e-24,1.47058e-34,1.27836e-05
6071,0,0,0,0,0,0,0,0,0
6072,0,0,0,0,0,0,0,0,0
6073,0,0,0,0,0,0,0,0,0
6074,0,0,0,0,0,0,0,0,0
6075,6.29347e-06,5.59761e-08,7.31645e-13,6.99357e-14,1.40542e-15,2.5359e-16,1.60748e-22,3.33182e-33,6.34945e-06
6076,0,0,0,0,0,0,0,0,0
6077,1.70943e-05,3.62675e-07,2.72539e-10,1.10568e-11,3.71345e-13,1.27489e-13,3.4966e-19,1.18019e-30,1.74573e-05
6078,0,0,0,0,0,0,0,0,0
6079,0,0,0,0,0,0,0,0,0
6080,2.05427e-05,5.05464e-07,1.20311e-14,1.01683e-15,1.6533e-17,2.97347e-17,2.73799e-23,7.89287e-34,2.10482e-05
6081,0,0,0,0,0,0,0,0,0
6082,0,0,0,0,0,0,0,0,0
6083,0,0,0,0,0,0,0,0,0
6084,2.87275e-06,9.06064e-09,1.29991e-18,1.31054e-19,2.78269e-21,9.28897e-22,9.10475e-28,2.52506e-38,2.88181e-06
6085,0.000728701,6.9828e-05,1.22031e-08,1.87338e-09,6.74412e-11,4.71246e-11,8.23714e-17,3.50592e-27,0.000798543
6086,0.00116541,0.000105337,6.52663e-07,1.08012e-07,4.75895e-09,3.93039e-09,8.96367e-15,3.89009e-25,0.00127151
6087,0,0,0,0,0,0,0,0,0
6088,0,0,0,0,0,0,0,0,0
6089,2.43526e-05,4.66064e-07,5.93043e-15,6.17634e-16,1.41533e-17,9.05738e-18,1.41794e-23,5.14199e-34,2.48187e-05
6090,2.7618e-05,6.12406e-07,1.73879e-12,1.41739e-13,4.08085e-15,2.22612e-15,3.66993e-21,4.42486e-32,2.82304e-05
6091,0,0,0,0,0,0,0,0,0
6092,0,0,0,0,0,0,0,0,0
6093,0,0,0,0,0,0,0,0,0
6094,0,0,0,0,0,0,0,0,0
6095,0,0,0,0,0,0,0,0,0
6096,0,0,0,0,0,0,0,0,0
6097,0,0,0,0,0,0,0,0,0
6098,0,0,0,0,0,0,0,0,0
6099,0.00035854,2.19982e-05,3.81478e-11,5.29675e-12,1.67973e-13,1.72812e-13,2.03309e-19,6.44676e-30,0.000380539
6100,0,0,0,0,0,0,0,0,0
6101,0,0,0,0,0,0,0,0,0
6102,0,0,0,0,0,0,0,0,0
6103,0,0,0,0,0,0,0,0,0
6104,0.00227536,0.000244326,6.47807e-06,1.10472e-06,5.86566e-08,2.84115e-08,7.34521e-17,6.42601e-25,0.00252736
6105,0,0,0,0,0,0,0,0,0
6106,0,0,0,0,0,0,0,0,0
6107,0,0,0,0,0,0,0,0,0
6108,0,0,0,0,0,0,0,0,0
6109,0,0,0,0,0,0,0,0,0
6110,0,0,0,0,0,0,0,0,0
6111,0,0,0,0,0,0,0,0,0
6112,0,0,0,0,0,0,0,0,0
6113,0,0,0,0,0,0,0,0,0
6114,0.00017099,1.7726e-05,8.75348e-07,1.02731e-07,1.96542e-09,5.13632e-10,4.50747e-16,1.82691e-26,0.000189697
6115,0,0,0,0,0,0,0,0,0
6116,0,0,0,0,0,0,0,0,0
6117,0,0,0,0,0,0,0,0,0
6118,0,0,0,0,0,0,0,0,0
6119,0,0,0,0,0,0,0,0,0
6120,0,0,0,0,0,0,0,0,0
6121,0,0,0,0,0,0,0,0,0
6122,0,0,0,0,0,0,0,0,0
6123,0,0,0,0,0,0,0,0,0
6124,0,0,0,0,0,0,0,0,0
6125,0,0,0,0,0,0,0,0,0
6126,6.35328e-06,2.31799e-07,2.2751e-12,1.69464e-13,1.74737e-15,2.66377e-16,4.40355e-23,5.5464e-34,6.58508e-06
6127,6.64461e-07,1.1042e-09,1.34743e-15,8.91852e-17,1.59131e-18,4.22816e-19,1.99872e-25,1.2842e-36,6.65565e-07
6128,0,0,0,0,0,0,0,0,0
6129,0,0,0,0,0,0,0,0,0
6130,0,0,0,0,0,0,0,0,0
6131,0,0,0,0,0,0,0,0,0
6132,0,0,0,0,0,0,0,0,0
6133,0,0,0,0,0,0,0,0,0
6134,0.000106752,3.76609e-06,1.11366e-12,1.39574e-13,3.85752e-15,1.0521e-15,1.33265e-22,3.02061e-34,0.000110518
6135,2.63015e-06,6.79578e-09,2.10421e-17,1.9463e-18,3.7191e-20,1.79018e-20,1.57907e-26,3.52597e-37,2.63695e-06
6136,0,0,0,0,0,0,0,0,0
6137,0,0,0,0,0,0,0,0,0
6138,2.33401e-05,3.74694e-07,3.9245e-14,3.42484e-15,8.34197e-17,1.08551e-16,1.91437e-22,3.90374e-33,2.37148e-05
6139,0,0,0,0,0,0,0,0,0
6140,0,0,0,0,0,0,0,0,0
6141,0,0,0,0,0,0,0,0,0
6142,0,0,0,0,0,0,0,0,0
6143,0,0,0,0,0,0,0,0,0
6144,0,0,0,0,0,0,0,0,0
6145,9.60136e-06,3.36424e-08,3.70517e-13,3.36465e-14,6.73287e-16,4.73503e-16,6.00976e-22,1.46389e-32,9.635e-06
6146,0,0,0,0,0,0,0,0,0
6147,0,0,0,0,0,0,0,0,0
6148,1.49798e-05,1.86818e-07,5.56678e-16,5.28576e-17,1.27651e-18,3.27282e-19,3.82574e-25,6.991e-36,1.51667e-05
6149,1.35637e-05,3.81769e-07,2.59318e-14,1.6106e-15,3.76466e-17,1.21673e-17,1.393e-23,6.86861e-35,1.39455e-05
6150,3.89758e-06,1.01355e-08,1.59738e-23,1.72541e-24,5.53577e-26,2.22357e-26,3.34715e-32,6.00774e-43,3.90772e-06
6151,0,0,0,0,0,0,0,0,0
6152,0,0,0,0,0,0,0,0,0
6153,1.2182e-05,7.60406e-07,8.18266e-13,4.6586e-14,5.51682e-16,3.68477e-16,2.90511e-22,3.25932e-33,1.29424e-05
6154,0,0,0,0,0,0,0,0,0
6155,0,0,0,0,0,0,0,0,0
6156,0,0,0,0,0,0,0,0,0
6157,0.00031378,1.33317e-05,2.57744e-08,3.92001e-09,1.17847e-10,1.25909e-10,1.17351e-16,3.663e-27,0.000327142
6158,8.10076e-06,1.55097e-07,1.66821e-18,1.16257e-19,2.13569e-21,1.14072e-21,1.17128e-27,1.30203e-38,8.25586e-06
6159,0,0,0,0,0,0,0,0,0
6160,7.70179e-06,3.41763e-09,2.14648e-13,2.59752e-14,6.84942e-16,3.86278e-16,3.75771e-22,8.81881e-33,7.70521e-06
6161,0,0,0,0,0,0,0,0,0
6162,7.5233e-06,1.4753e-07,4.05324e-17,3.43879e-18,5.85925e-20,8.45594e-21,4.21724e-27,6.01793e-38,7.67083e-06
6163,0,0,0,0,0,0,0,0,0
6164,0,0,0,0,0,0,0,0,0
6165,0,0,0,0,0,0,0,0,0
6166,0,0,0,0,0,0,0,0,0
6167,2.9317e-05,1.40107e-06,1.35392e-15,1.20448e-16,1.82273e-18,9.13254e-19,4.54463e-25,8.90297e-36,3.07181e-05
6168,0,0,0,0,0,0,0,0,0
6169,0,0,0,0,0,0,0,0,0
6170,0,0,0,0,0,0,0,0,0
6171,0,0,0,0,0,0,0,0,0
6172,9.02072e-07,7.7316e-09,1.46323e-22,1.00491e-23,1.05006e-25,1.8222e-26,5.39253e-33,7.54188e-44,9.09804e-07
6173,0,0,0,0,0,0,0,0,0
6174,6.42141e-06,6.90741e-08,1.55467e-23,1.22054e-24,2.29172e-26,2.2686e-26,2.67731e-32,4.6449e-43,6.49049e-06
6175,0,0,0,0,0,0,0,0,0
6176,0,0,0,0,0,0,0,0,0
6177,0.000171204,6.11357e-06,4.33699e-13,5.47993e-14,1.7525e-15,2.61277e-15,5.28048e-21,1.58538e-31,0.000177317
6178,0,0,0,0,0,0,0,0,0
6179,0,0,0,0,0,0,0,0,0
6180,0.000137733,5.95228e-06,1.51538e-10,1.93108e-11,5.52644e-13,2.68294e-13,2.88795e-19,6.81469e-30,0.000143686
6181,1.74511e-06,6.96148e-09,1.00172e-16,8.22482e-18,1.08142e-19,4.85832e-20,2.79237e-26,5.85837e-37,1.75207e-06
6182,3.06697e-06,2.53121e-09,2.06746e-08,1.89997e-09,2.82302e-11,1.93334e-11,5.05559e-18,5.94489e-29,3.09213e-06
6183,0,0,0,0,0,0,0,0,0
6184,0,0,0,0,0,0,0,0,0
6185,0,0,0,0,0,0,0,0,0
6186,0,0,0,0,0,0,0,0,0
6187,0,0,0,0,0,0,0,0,0
6188,0,0,0,0,0,0,0,0,0
6189,0.000271045,1.80247e-05,1.80515e-11,2.29664e-12,6.30461e-14,7.31845e-14,1.10439e-19,3.49591e-30,0.00028907
6190,0,0,0,0,0,0,0,0,0
6191,0,0,0,0,0,0,0,0,0
6192,7.23952e-06,4.71782e-08,2.04183e-10,1.7694e-11,2.15629e-13,5.6972e-14,2.91527e-20,7.02247e-31,7.28692e-06
6193,0,0,0,0,0,0,0,0,0
6194,0,0,0,0,0,0,0,0,0
6195,0,0,0,0,0,0,0,0,0
6196,0,0,0,0,0,0,0,0,0
6197,0,0,0,0,0,0,0,0,0
6198,0,0,0,0,0,0,0,0,0
6199,0,0,0,0,0,0,0,0,0
6200,0,0,0,0,0,0,0,0,0
6201,0.000246821,1.19061e-05,7.23887e-14,9.33073e-15,3.25892e-16,2.70806e-16,3.72625e-22,6.96346e-33,0.000258727
6202,0,0,0,0,0,0,0,0,0
6203,0,0,0,0,0,0,0,0,0
6204,8.70009e-05,4.34735e-06,4.47215e-10,4.56696e-11,1.07416e-12,8.57567e-13,1.03799e-18,2.12542e-29,9.13488e-05
6205,0,0,0,0,0,0,0,0,0
6206,4.02971e-06,1.39676e-07,7.3369e-13,3.65006e-14,3.57311e-16,1.371e-16,1.8571e-23,5.82799e-35,4.16939e-06
6207,0,0,0,0,0,0,0,0,0
6208,0,0,0,0,0,0,0,0,0
6209,0,0,0,0,0,0,0,0,0
6210,0.000200189,8.63828e-06,9.30545e-12,1.10902e-12,3.31073e-14,5.63619e-14,1.02738e-19,2.5763e-30,0.000208827
6211,0,0,0,0,0,0,0,0,0
6212,0,0,0,0,0,0,0,0,0
6213,2.42791e-06,1.37323e-08,1.80991e-20,1.48109e-21,2.43904e-23,1.20101e-23,7.97811e-30,1.18998e-40,2.44164e-06
6214,0,0,0,0,0,0,0,0,0
6215,0,0,0,0,0,0,0,0,0
6216,0,0,0,0,0,0,0,0,0
6217,0,0,0,0,0,0,0,0,0
6218,0,0,0,0,0,0,0,0,0
6219,2.26331e-06,1.92908e-08,2.17514e-16,1.80434e-17,2.25665e-19,4.51023e-20,1.55518e-26,2.47984e-37,2.2826e-06
6220,0,0,0,0,0,0,0,0,0
6221,4.65093e-05,2.1298e-06,4.04405e-13,2.93439e-14,2.65462e-16,1.4479e-15,5.6828e-22,8.90869e-33,4.86391e-05
6222,0,0,0,0,0,0,0,0,0
6223,0,0,0,0,0,0,0,0,0
6224,0,0,0,0,0,0,0,0,0
6225,0,0,0,0,0,0,0,0,0
6226,1.93182e-06,7.42897e-09,1.75646e-19,1.35098e-20,2.58323e-22,1.2357e-22,1.07916e-28,1.26414e-39,1.93925e-06
6227,0,0,0,0,0,0,0,0,0
6228,0,0,0,0,0,0,0,0,0
6229,0,0,0,0,0,0,0,0,0
6230,0,0,0,0,0,0,0,0,0
6231,0.000177004,1.13792e-05,2.89403e-11,3.43866e-12,8.77046e-14,4.93892e-14,2.88587e-20,3.83591e-31,0.000188383
6232,0,0,0,0,0,0,0,0,0
6233,0,0,0,0,0,0,0,0,0
6234,3.92249e-05,7.25053e-07,2.32463e-11,1.60568e-12,2.54471e-14,7.50734e-15,4.0982e-21,3.19651e-32,3.995e-05
6235,0.00115839,0.000145735,1.5214e-07,2.0659e-08,7.53302e-10,1.3376e-09,2.76363e-15,6.7545e-26,0.0013043
6236,0,0,0,0,0,0,0,0,0
6237,0,0,0,0,0,0,0,0,0
6238,5.26016e-05,3.40555e-06,2.85232e-08,2.10083e-09,2.34752e-11,9.88526e-11,4.61495e-17,6.50956e-28,5.60379e-05
6239,2.48626e-06,1.04957e-08,3.14103e-17,2.74414e-18,5.03958e-20,1.67332e-20,9.20158e-27,9.98936e-38,2.49675e-06
6240,0,0,0,0,0,0,0,0,0
6241,0,0,0,0,0,0,0,0,0
6242,0,0,0,0,0,0,0,0,0
6243,0,0,0,0,0,0,0,0,0
6244,0,0,0,0,0,0,0,0,0
6245,0,0,0,0,0,0,0,0,0
6246,0,0,0,0,0,0,0,0,0
6247,0.00127721,0.000115722,1.39767e-07,1.9022e-08,5.90903e-10,6.67201e-10,7.17486e-16,1.45901e-26,0.0013931
6248,0,0,0,0,0,0,0,0,0
6249,0,0,0,0,0,0,0,0,0
6250,0,0,0,0,0,0,0,0,0
6251,0,0,0,0,0,0,0,0,0
6252,0,0,0,0,0,0,0,0,0
6253,0,0,0,0,0,0,0,0,0
6254,0,0,0,0,0,0,0,0,0
6255,0,0,0,0,0,0,0,0,0
6256,0,0,0,0,0,0,0,0,0
6257,0,0,0,0,0,0,0,0,0
6258,0,0,0,0,0,0,0,0,0
6259,0,0,0,0,0,0,0,0,0
6260,0,0,0,0,0,0,0,0,0
6261,0,0,0,0,0,0,0,0,0
6262,0,0,0,0,0,0,0,0,0
6263,0,0,0,0,0,0,0,0,0
6264,0,0,0,0,0,0,0,0,0
6265,0,0,0,0,0,0,0,0,0
6266,0,0,0,0,0,0,0,0,0
6267,0,0,0,0,0,0,0,0,0
6268,8.31502e-06,7.18467e-08,1.23435e-19,9.14325e-21,9.9558e-23,2.82771e-23,1.81229e-29,3.52319e-40,8.38686e-06
6269,0,0,0,0,0,0,0,0,0
6270,0.0013897,0.000125229,1.07445e-06,1.72955e-07,8.14915e-09,8.22158e-09,2.15335e-14,5.30048e-25,0.00151619
6271,0.000158152,2.39649e-05,4.29391e-07,3.73991e-08,6.59407e-10,3.77054e-10,1.73656e-16,1.58164e-27,0.000182584
6272,0,0,0,0,0,0,0,0,0
6273,1.9993e-05,3.06e-07,1.35501e-12,1.26499e-13,2.54886e-15,2.28084e-15,2.10524e-21,3.12982e-32,2.0299e-05
6274,6.91442e-06,3.49145e-08,9.04923e-22,9.19091e-23,2.39902e-24,1.44113e-24,1.66186e-30,2.26884e-41,6.94934e-06
6275,0,0,0,0,0,0,0,0,0
6276,1.82978e-06,1.9554e-09,2.53449e-17,1.95158e-18,3.28425e-20,6.13474e-20,6.32935e-26,9.09229e-37,1.83173e-06
6277,0,0,0,0,0,0,0,0,0
6278,0,0,0,0,0,0,0,0,0
6279,0,0,0,0,0,0,0,0,0
6280,0,0,0,0,0,0,0,0,0
6281,0.000684782,4.40552e-05,5.94626e-08,9.56879e-09,3.91651e-10,2.81851e-10,6.8911e-16,2.00496e-26,0.000728907
6282,2.02695e-06,4.17334e-08,1.43182e-11,2.36117e-13,3.8806e-15,6.47689e-16,2.8608e-22,4.67841e-33,2.0687e-06
6283,0,0,0,0,0,0,0,0,0
6284,0,0,0,0,0,0,0,0,0
6285,0,0,0,0,0,0,0,0,0
6286,0,0,0,0,0,0,0,0,0
6287,0,0,0,0,0,0,0,0,0
6288,6.48278e-05,2.4974e-06,2.28008e-11,2.21545e-12,6.08628e-14,2.43977e-14,2.77337e-20,2.89206e-31,6.73252e-05
6289,0,0,0,0,0,0,0,0,0
6290,0,0,0,0,0,0,0,0,0
6291,6.62716e-06,4.15444e-08,2.07725e-19,1.9926e-20,3.6198e-22,3.69455e-22,2.78263e-28,4.50339e-39,6.6687e-06
6292,9.08125e-05,4.11033e-06,2.51391e-12,2.42915e-13,4.88201e-15,1.16713e-14,1.17856e-20,1.91702e-31,9.49228e-05
6293,0,0,0,0,0,0,0,0,0
6294,0,0,0,0,0,0,0,0,0
6295,0.000124257,1.05195e-05,7.65208e-11,5.26954e-12,1.62248e-14,9.44268e-13,1.15724e-18,3.46682e-29,0.000134777
6296,4.56218e-05,1.58621e-06,1.423e-12,1.3941e-13,2.87313e-15,1.41448e-15,3.82661e-22,2.07039e-33,4.7208e-05
6297,0,0,0,0,0,0,0,0,0
6298,0,0,0,0,0,0,0,0,0
6299,0,0,0,0,0,0,0,0,0
6300,0,0,0,0,0,0,0,0,0
6301,0.000281778,4.02188e-05,7.98436e-07,6.41525e-08,1.77596e-09,1.68979e-09,1.49082e-15,6.91131e-27,0.000322863
6302,0,0,0,0,0,0,0,0,0
6303,0,0,0,0,0,0,0,0,0
6304,1.12729e-06,1.72811e-09,2.37367e-25,2.09089e-26,5.03889e-28,2.04395e-28,2.30997e-34,2.32402e-45,1.12902e-06
6305,5.74707e-05,2.56573e-06,8.42192e-14,8.79214e-15,1.58646e-16,9.50401e-17,4.19175e-23,5.49405e-34,6.00365e-05
6306,0,0,0,0,0,0,0,0,0
6307,0,0,0,0,0,0,0,0,0
6308,9.18938e-07,4.31894e-09,4.50017e-20,2.99914e-21,4.69957e-23,8.55825e-24,5.08191e-30,3.48808e-41,9.23257e-07
6309,7.83991e-05,6.01489e-07,8.89333e-07,1.02086e-07,2.68947e-09,1.98669e-09,2.20947e-15,3.34703e-26,7.99966e-05
6310,0,0,0,0,0,0,0,0,0
6311,0,0,0,0,0,0,0,0,0
6312,4.33233e-06,3.14716e-08,2.00481e-16,1.19524e-17,1.62123e-19,5.83012e-20,3.12185e-26,1.98733e-37,4.3638e-06
6313,0,0,0,0,0,0,0,0,0
6314,0,0,0,0,0,0,0,0,0
6315,0.00088574,7.7402e-05,6.02845e-09,8.8997e-10,2.93743e-11,7.45232e-11,1.75768e-16,5.52156e-27,0.000963149
6316,9.64654e-05,3.45942e-06,2.28107e-15,2.7061e-16,6.62424e-18,5.3954e-18,4.20877e-24,6.27581e-35,9.99249e-05
6317,0,0,0,0,0,0,0,0,0
6318,3.17429e-06,3.78856e-08,7.86159e-20,5.93436e-21,7.7289e-23,2.67931e-23,1.56709e-29,2.12559e-40,3.21218e-06
6319,0,0,0,0,0,0,0,0,0
6320,2.38032e-06,1.74665e-08,3.95451e-19,3.00137e-20,4.92238e-22,1.37284e-22,4.40623e-29,2.66096e-40,2.39778e-06
6321,0,0,0,0,0,0,0,0,0
6322,0,0,0,0,0,0,0,0,0
6323,0,0,0,0,0,0,0,0,0
6324,0,0,0,0,0,0,0,0,0
6325,4.73456e-05,9.0532e-07,4.64551e-19,2.83559e-20,2.64082e-22,1.26445e-21,4.4171e-28,4.08003e-39,4.82509e-05
6326,7.90218e-05,2.66201e-06,4.80878e-13,5.37507e-14,1.39926e-15,1.03156e-15,1.35355e-21,2.17782e-32,8.16838e-05
6327,9.04613e-07,1.38428e-08,6.25049e-14,6.20112e-15,8.60697e-17,1.88959e-17,8.57678e-24,1.70103e-34,9.18456e-07
6328,0.00174847,0.000232192,8.44591e-07,1.34834e-07,5.41355e-09,5.43841e-09,8.88638e-15,1.74961e-25,0.00198165
6329,0,0,0,0,0,0,0,0,0
6330,0.000511238,4.51712e-05,1.03344e-07,1.3892e-08,3.91119e-10,4.46754e-10,4.08208e-16,6.77556e-27,0.000556527
6331,0.00024756,1.55476e-05,8.46676e-10,8.72603e-11,2.84042e-12,3.84514e-12,5.59177e-18,5.0164e-29,0.000263109
6332,0,0,0,0,0,0,0,0,0
6333,6.4696e-06,6.64555e-08,1.16313e-13,9.38077e-15,1.58302e-16,7.66703e-17,4.71773e-23,4.45746e-34,6.53606e-06
6334,1.90363e-06,3.70182e-09,4.78118e-25,4.32786e-26,9.3785e-28,5.91067e-28,6.47401e-34,7.53109e-45,1.90733e-06
6335,3.22714e-06,1.25485e-08,8.67744e-13,6.09506e-14,9.86077e-16,5.98459e-16,3.45032e-22,2.33545e-33,3.23969e-06
6336,0,0,0,0,0,0,0,0,0
6337,0,0,0,0,0,0,0,0,0
6338,0,0,0,0,0,0,0,0,0
6339,0,0,0,0,0,0,0,0,0
6340,0,0,0,0,0,0,0,0,0
6341,0,0,0,0,0,0,0,0,0
6342,0,0,0,0,0,0,0,0,0
6343,0,0,0,0,0,0,0,0,0
6344,1.13871e-06,4.65745e-09,2.49296e-17,1.52471e-18,2.43066e-20,8.11758e-21,2.99197e-27,9.1566e-39,1.14337e-06
6345,0,0,0,0,0,0,0,0,0
6346,0.000119774,2.93723e-06,1.3345e-13,1.7364e-14,6.23746e-16,3.75485e-16,4.73277e-22,5.6074e-33,0.000122712
6347,0,0,0,0,0,0,0,0,0
6348,0,0,0,0,0,0,0,0,0
6349,8.79928e-07,1.14316e-08,5.41558e-18,2.58394e-19,2.58169e-21,8.45013e-22,2.62029e-28,1.07333e-39,8.91359e-07
6350,0,0,0,0,0,0,0,0,0
6351,1.95993e-06,1.10099e-08,9.70393e-28,7.43986e-29,1.1095e-30,6.45539e-31,3.62349e-37,3.34193e-48,1.97094e-06
6352,0,0,0,0,0,0,0,0,0
6353,1.86767e-05,6.94103e-07,7.30237e-15,4.10313e-16,8.8879e-18,4.55102e-18,5.99639e-24,9.05121e-36,1.93708e-05
6354,0.000620899,7.73716e-05,1.37739e-08,1.5463e-09,4.697e-11,9.28839e-11,1.8485e-16,2.80405e-27,0.000698286
6355,0,0,0,0,0,0,0,0,0
6356,0,0,0,0,0,0,0,0,0
6357,0,0,0,0,0,0,0,0,0
6358,4.64242e-06,1.28008e-08,2.20401e-09,1.86009e-10,3.34625e-12,7.80293e-13,3.05935e-19,1.79082e-30,4.65761e-06
6359,0,0,0,0,0,0,0,0,0
6360,0,0,0,0,0,0,0,0,0
6361,0,0,0,0,0,0,0,0,0
6362,0,0,0,0,0,0,0,0,0
6363,0,0,0,0,0,0,0,0,0
6364,0,0,0,0,0,0,0,0,0
6365,0,0,0,0,0,0,0,0,0
6366,0,0,0,0,0,0,0,0,0
6367,0,0,0,0,0,0,0,0,0
6368,0,0,0,0,0,0,0,0,0
6369,0.00396284,0.000692143,3.19634e-05,5.72264e-06,2.58828e-07,2.75514e-07,4.2142e-13,7.51947e-24,0.00469321
6370,0,0,0,0,0,0,0,0,0
6371,0,0,0,0,0,0,0,0,0
6372,0,0,0,0,0,0,0,0,0
6373,0,0,0,0,0,0,0,0,0
6374,0,0,0,0,0,0,0,0,0
6375,0,0,0,0,0,0,0,0,0
6376,0,0,0,0,0,0,0,0,0
6377,9.26551e-06,2.42616e-07,2.17661e-15,2.1567e-16,5.52308e-18,8.06787e-18,4.99775e-24,3.35158e-35,9.50812e-06
6378,1.54286e-06,3.38257e-09,4.05046e-23,3.68777e-24,7.25027e-26,1.02306e-26,5.0837e-33,3.70006e-44,1.54624e-06
6379,0,0,0,0,0,0,0,0,0
6380,0,0,0,0,0,0,0,0,0
6381,0,0,0,0,0,0,0,0,0
6382,0,0,0,0,0,0,0,0,0
6383,0,0,0,0,0,0,0,0,0
6384,0,0,0,0,0,0,0,0,0
6385,0,0,0,0,0,0,0,0,0
6386,0,0,0,0,0,0,0,0,0
6387,1.6924e-06,1.26713e-08,3.15697e-19,2.3607e-20,3.25187e-22,5.36169e-23,1.5529e-29,9.22297e-41,1.70507e-06
6388,0,0,0,0,0,0,0,0,0
6389,0.000361413,4.04898e-05,1.59851e-09,1.71119e-10,4.63786e-12,5.30701e-12,6.64119e-18,7.41785e-29,0.000401905
6390,8.38516e-07,1.2267e-09,9.95042e-25,8.11504e-26,2.14773e-27,4.73243e-28,4.21868e-34,1.9954e-45,8.39743e-07
6391,0,0,0,0,0,0,0,0,0
6392,0,0,0,0,0,0,0,0,0
6393,0,0,0,0,0,0,0,0,0
6394,0,0,0,0,0,0,0,0,0
6395,0,0,0,0,0,0,0,0,0
6396,0.00107025,0.000116247,1.00738e-07,1.45275e-08,4.94009e-10,6.32055e-10,1.0743e-15,2.00922e-26,0.00118661
6397,0,0,0,0,0,0,0,0,0
6398,0,0,0,0,0,0,0,0,0
6399,0,0,0,0,0,0,0,0,0
6400,0,0,0,0,0,0,0,0,0
6401,0,0,0,0,0,0,0,0,0
6402,0,0,0,0,0,0,0,0,0
6403,0,0,0,0,0,0,0,0,0
6404,0,0,0,0,0,0,0,0,0
6405,0,0,0,0,0,0,0,0,0
6406,0,0,0,0,0,0,0,0,0
6407,1.4828e-05,6.06745e-07,1.15018e-12,5.67894e-14,9.77854e-16,1.60763e-16,4.08255e-23,8.67583e-37,1.54348e-05
6408,0,0,0,0,0,0,0,0,0
6409,0.00016071,5.56692e-06,7.108e-13,8.26435e-14,2.30158e-15,4.49921e-15,4.19264e-21,4.17533e-32,0.000166277
6410,4.01738e-05,3.29251e-07,4.36817e-10,5.28856e-11,1.33638e-12,2.03666e-12,1.8718e-18,2.39739e-29,4.05035e-05
6411,3.41612e-05,2.66089e-07,6.65598e-11,8.52615e-12,2.45728e-13,9.36443e-14,3.61882e-20,2.22109e-31,3.44273e-05
6412,0,0,0,0,0,0,0,0,0
6413,0,0,0,0,0,0,0,0,0
6414,0,0,0,0,0,0,0,0,0
6415,0,0,0,0,0,0,0,0,0
6416,0,0,0,0,0,0,0,0,0
6417,0,0,0,0,0,0,0,0,0
6418,0,0,0,0,0,0,0,0,0
6419,0,0,0,0,0,0,0,0,0
6420,0,0,0,0,0,0,0,0,0
6421,0,0,0,0,0,0,0,0,0
6422,0,0,0,0,0,0,0,0,0
6423,0,0,0,0,0,0,0,0,0
6424,0,0,0,0,0,0,0,0,0
6425,0,0,0,0,0,0,0,0,0
6426,6.75832e-06,7.4548e-08,1.95992e-18,1.54141e-19,3.14822e-21,1.2906e-21,5.59102e-28,2.14112e-39,6.83287e-06
6427,0,0,0,0,0,0,0,0,0
6428,0,0,0,0,0,0,0,0,0
6429,0,0,0,0,0,0,0,0,0
6430,0,0,0,0,0,0,0,0,0
6431,0.000153877,9.96186e-06,9.20292e-11,9.53088e-12,2.18728e-13,1.73609e-13,8.28899e-20,5.01619e-31,0.000163839
6432,0,0,0,0,0,0,0,0,0
6433,0.000157415,8.34199e-06,1.90632e-07,2.04161e-08,4.43251e-10,6.31855e-10,3.49522e-16,2.92621e-27,0.00016597
6434,0,0,0,0,0,0,0,0,0
6435,7.24511e-06,4.77911e-08,4.77691e-21,4.39415e-22,1.056e-23,5.82106e-24,2.98785e-30,1.40123e-41,7.2929e-06
6436,0.000501451,3.18759e-05,9.54657e-12,1.39504e-12,5.1661e-14,3.80841e-14,6.65632e-20,9.83451e-31,0.000533326
6437,6.70501e-06,1.67456e-08,2.05571e-09,2.26631e-10,4.22386e-12,2.10419e-12,1.16934e-18,1.35035e-29,6.72404e-06
6438,5.68779e-05,1.50919e-06,4.83172e-16,5.27328e-17,1.02972e-18,1.67512e-18,1.05377e-24,1.17885e-35,5.83871e-05
6439,0,0,0,0,0,0,0,0,0
6440,0,0,0,0,0,0,0,0,0
6441,0,0,0,0,0,0,0,0,0
6442,0,0,0,0,0,0,0,0,0
6443,0,0,0,0,0,0,0,0,0
6444,0,0,0,0,0,0,0,0,0
6445,0,0,0,0,0,0,0,0,0
6446,0,0,0,0,0,0,0,0,0
6447,0,0,0,0,0,0,0,0,0
6448,0,0,0,0,0,0,0,0,0
6449,1.25376e-05,3.9252e-08,1.5226e-10,1.87389e-11,5.44244e-13,2.4197e-13,2.38152e-19,2.31255e-30,1.2577e-05
6450,0,0,0,0,0,0,0,0,0
6451,0,0,0,0,0,0,0,0,0
6452,0,0,0,0,0,0,0,0,0
6453,0,0,0,0,0,0,0,0,0
6454,0,0,0,0,0,0,0,0,0
6455,0,0,0,0,0,0,0,0,0
6456,0,0,0,0,0,0,0,0,0
6457,3.29357e-05,1.89245e-06,4.23382e-12,2.56148e-13,5.47602e-15,4.58285e-15,4.93917e-21,1.5329e-32,3.48281e-05
6458,0,0,0,0,0,0,0,0,0
6459,7.45116e-05,2.11676e-06,3.49889e-13,4.01903e-14,8.89965e-16,4.47859e-17,3.61078e-22,9.17635e-33,7.66284e-05
6460,0.00131317,0.000214863,7.06415e-06,9.38172e-07,2.83409e-08,4.41786e-08,3.87661e-14,3.808e-25,0.00153611
6461,0,0,0,0,0,0,0,0,0
6462,0,0,0,0,0,0,0,0,0
6463,2.27857e-05,2.68803e-07,1.87494e-12,1.99405e-13,3.55423e-15,3.73028e-15,2.63434e-21,3.25482e-32,2.30546e-05
6464,0,0,0,0,0,0,0,0,0
6465,0.000750829,4.05623e-05,1.22369e-06,1.89253e-07,7.01374e-09,8.97595e-09,7.41372e-15,6.77175e-26,0.000792821
6466,0,0,0,0,0,0,0,0,0
6467,0,0,0,0,0,0,0,0,0
6468,0,0,0,0,0,0,0,0,0
6469,0,0,0,0,0,0,0,0,0
6470,1.92241e-06,4.63833e-09,3.08071e-15,2.25407e-16,3.22267e-18,3.64634e-18,1.53871e-24,8.14354e-36,1.92705e-06
6471,8.28422e-06,2.46782e-07,5.65611e-15,2.33458e-16,7.6789e-22,4.40533e-17,6.17111e-24,7.36904e-35,8.531e-06
6472,9.94624e-05,5.76999e-06,2.02764e-11,2.25143e-12,4.41329e-14,2.16111e-14,1.03795e-20,9.2812e-32,0.000105232
6473,0,0,0,0,0,0,0,0,0
6474,0,0,0,0,0,0,0,0,0
6475,0,0,0,0,0,0,0,0,0
6476,6.23945e-05,2.33172e-06,4.99267e-14,5.20188e-15,1.00028e-16,8.87279e-17,4.04561e-23,3.04987e-34,6.47262e-05
6477,0,0,0,0,0,0,0,0,0
6478,0.000142907,1.08531e-05,1.67011e-10,1.5015e-11,3.82538e-13,3.11876e-13,3.06008e-19,1.57963e-30,0.00015376
6479,0,0,0,0,0,0,0,0,0
6480,0,0,0,0,0,0,0,0,0
6481,0,0,0,0,0,0,0,0,0
6482,0,0,0,0,0,0,0,0,0
6483,0,0,0,0,0,0,0,0,0
6484,0,0,0,0,0,0,0,0,0
6485,0,0,0,0,0,0,0,0,0
6486,1.68271e-06,5.86149e-10,4.23449e-16,4.03434e-17,6.97602e-19,1.92379e-19,5.50075e-26,2.84409e-37,1.6833e-06
6487,0,0,0,0,0,0,0,0,0
6488,0,0,0,0,0,0,0,0,0
6489,0,0,0,0,0,0,0,0,0
6490,0,0,0,0,0,0,0,0,0
6491,0,0,0,0,0,0,0,0,0
6492,0,0,0,0,0,0,0,0,0
6493,0,0,0,0,0,0,0,0,0
6494,0.000154587,7.12255e-06,1.03073e-11,1.20451e-12,2.85238e-14,3.30161e-14,1.89677e-20,1.47764e-31,0.00016171
6495,0,0,0,0,0,0,0,0,0
6496,0,0,0,0,0,0,0,0,0
6497,6.90465e-05,5.39032e-06,4.27857e-11,3.83793e-12,5.36549e-14,3.13235e-14,1.07656e-20,9.33444e-32,7.44369e-05
6498,0,0,0,0,0,0,0,0,0
6499,0,0,0,0,0,0,0,0,0
6500,0.00217819,0.000220767,2.52755e-07,4.06125e-08,1.68359e-09,2.38025e-09,2.17302e-15,1.71634e-26,0.00239925
6501,0,0,0,0,0,0,0,0,0
6502,0,0,0,0,0,0,0,0,0
6503,0,0,0,0,0,0,0,0,0
6504,9.08525e-08,1.92764e-08,7.68658e-08,6.17648e-09,6.98583e-11,1.08515e-10,6.18739e-17,6.57675e-28,1.9335e-07
6505,0,0,0,0,0,0,0,0,0
6506,0,0,0,0,0,0,0,0,0
6507,0,0,0,0,0,0,0,0,0
6508,0,0,0,0,0,0,0,0,0
6509,0.000710107,0.000112901,3.09067e-06,4.25126e-07,1.00301e-08,5.10836e-09,2.38784e-15,2.21492e-26,0.000826539
6510,2.21828e-05,1.2137e-07,9.18483e-10,9.6276e-11,2.26343e-12,2.20738e-12,1.88731e-18,1.39515e-29,2.23052e-05
6511,0,0,0,0,0,0,0,0,0
6512,0,0,0,0,0,0,0,0,0
6513,0.000911958,8.72688e-05,1.19503e-08,1.65952e-09,5.66318e-11,6.54341e-11,4.82743e-17,3.277e-28,0.000999241
6514,0,0,0,0,0,0,0,0,0
6515,1.409e-05,1.85328e-07,5.32423e-14,5.40597e-15,9.64729e-17,3.11352e-17,2.13388e-23,2.04548e-34,1.42753e-05
6516,0,0,0,0,0,0,0,0,0
6517,0.000214776,6.25698e-06,3.09144e-10,4.05837e-11,1.31294e-12,1.78711e-12,1.08865e-18,5.97388e-30,0.000221033
6518,7.69186e-05,3.12473e-06,1.26693e-11,1.30224e-12,3.01786e-14,1.99398e-14,1.53535e-20,1.03871e-31,8.00433e-05
6519,0,0,0,0,0,0,0,0,0
6520,0,0,0,0,0,0,0,0,0
6521,0,0,0,0,0,0,0,0,0
6522,0,0,0,0,0,0,0,0,0
6523,0,0,0,0,0,0,0,0,0
6524,0,0,0,0,0,0,0,0,0
6525,1.94471e-05,9.65051e-07,4.80213e-09,3.27974e-10,4.99012e-12,6.49527e-13,1.20323e-19,1.45698e-31,2.04173e-05
6526,0,0,0,0,0,0,0,0,0
6527,0,0,0,0,0,0,0,0,0
6528,0,0,0,0,0,0,0,0,0
6529,4.52229e-06,2.85438e-08,3.17788e-11,2.6202e-12,3.62574e-14,1.75001e-14,2.44285e-21,6.96874e-33,4.55086e-06
6530,1.84619e-05,2.63952e-07,1.02879e-13,1.02993e-14,1.97821e-16,8.49539e-17,2.86831e-23,1.35465e-34,1.87258e-05
6531,0,0,0,0,0,0,0,0,0
6532,0,0,0,0,0,0,0,0,0
6533,0,0,0,0,0,0,0,0,0
6534,5.54367e-05,5.71413e-06,1.52061e-09,1.01932e-10,1.97156e-12,4.46383e-13,2.66997e-19,6.13386e-31,6.11525e-05
6535,0,0,0,0,0,0,0,0,0
6536,0,0,0,0,0,0,0,0,0
6537,0,0,0,0,0,0,0,0,0
6538,0,0,0,0,0,0,0,0,0
6539,0,0,0,0,0,0,0,0,0
6540,0,0,0,0,0,0,0,0,0
6541,0,0,0,0,0,0,0,0,0
6542,0,0,0,0,0,0,0,0,0
6543,9.48651e-05,1.25623e-06,9.68415e-08,1.25823e-08,4.02664e-10,2.37325e-10,2.59399e-16,2.01629e-27,9.62314e-05
6544,0.000254495,2.2838e-05,5.79732e-09,6.03971e-10,1.30932e-11,1.66069e-11,9.84099e-18,6.00581e-29,0.00027734
6545,0.000100052,9.4115e-06,8.05484e-09,6.36689e-10,6.35947e-12,3.68933e-11,1.42187e-17,1.1302e-28,0.000109472
6546,0,0,0,0,0,0,0,0,0
6547,0,0,0,0,0,0,0,0,0
6548,0,0,0,0,0,0,0,0,0
6549,0,0,0,0,0,0,0,0,0
6550,0,0,0,0,0,0,0,0,0
6551,0,0,0,0,0,0,0,0,0
6552,0,0,0,0,0,0,0,0,0
6553,0,0,0,0,0,0,0,0,0
6554,0,0,0,0,0,0,0,0,0
6555,0,0,0,0,0,0,0,0,0
6556,0,0,0,0,0,0,0,0,0
6557,0,0,0,0,0,0,0,0,0
6558,0.000192647,8.1849e-06,2.87393e-10,3.00131e-11,9.85095e-13,8.24662e-13,4.25503e-19,9.52645e-31,0.000200832
6559,0,0,0,0,0,0,0,0,0
6560,2.50489e-05,2.42137e-07,2.43722e-12,2.47483e-13,5.10118e-15,3.55087e-15,1.52596e-21,7.30368e-33,2.52911e-05
6561,0,0,0,0,0,0,0,0,0
6562,0,0,0,0,0,0,0,0,0
6563,0,0,0,0,0,0,0,0,0
6564,0,0,0,0,0,0,0,0,0
6565,7.95326e-05,2.81188e-06,2.10708e-15,2.17961e-16,4.76322e-18,6.54779e-18,4.39519e-24,2.72725e-35,8.23445e-05
6566,0,0,0,0,0,0,0,0,0
6567,0,0,0,0,0,0,0,0,0
6568,0,0,0,0,0,0,0,0,0
6569,8.21497e-05,2.83573e-06,1.69911e-12,1.50323e-13,2.42334e-15,1.40505e-15,8.75956e-22,4.84249e-33,8.49854e-05
6570,0,0,0,0,0,0,0,0,0
6571,0,0,0,0,0,0,0,0,0
6572,0,0,0,0,0,0,0,0,0
6573,0,0,0,0,0,0,0,0,0
6574,0,0,0,0,0,0,0,0,0
6575,0,0,0,0,0,0,0,0,0
6576,4.68732e-07,2.13743e-09,5.2869e-30,3.24078e-31,3.28717e-33,4.67868e-34,6.6492e-41,1.58001e-52,4.70869e-07
6577,4.41845e-05,1.10419e-06,2.41068e-16,2.34206e-17,4.84284e-19,7.2271e-19,5.5605e-25,3.48821e-36,4.52887e-05
6578,0,0,0,0,0,0,0,0,0
6579,1.02924e-06,1.02772e-08,3.93785e-21,3.50128e-22,6.59386e-24,2.5481e-24,1.88757e-30,6.93988e-42,1.03951e-06
6580,0,0,0,0,0,0,0,0,0
6581,0,0,0,0,0,0,0,0,0
6582,0,0,0,0,0,0,0,0,0
6583,1.64626e-06,9.62839e-09,1.3182e-14,7.84768e-16,1.09332e-17,3.0158e-18,1.13502e-24,2.63904e-36,1.65589e-06
6584,0,0,0,0,0,0,0,0,0
6585,0,0,0,0,0,0,0,0,0
6586,0,0,0,0,0,0,0,0,0
6587,6.12987e-05,8.75342e-06,1.15474e-07,8.38696e-09,1.12947e-10,2.56344e-11,6.13033e-18,1.44495e-29,7.01761e-05
6588,0,0,0,0,0,0,0,0,0
6589,0.000121313,7.71583e-06,2.73216e-13,2.5608e-14,4.09535e-16,1.19409e-15,3.43373e-22,1.50628e-33,0.000129029
6590,0,0,0,0,0,0,0,0,0
6591,0,0,0,0,0,0,0,0,0
6592,0,0,0,0,0,0,0,0,0
6593,0,0,0,0,0,0,0,0,0
6594,0,0,0,0,0,0,0,0,0
6595,0,0,0,0,0,0,0,0,0
6596,0,0,0,0,0,0,0,0,0
6597,0,0,0,0,0,0,0,0,0
6598,8.53348e-05,1.82327e-06,1.23683e-10,1.51364e-11,3.97266e-13,2.40928e-13,1.06246e-19,4.76663e-31,8.71582e-05
6599,0,0,0,0,0,0,0,0,0
6600,0,0,0,0,0,0,0,0,0
6601,0.000716385,5.93735e-05,1.32102e-09,1.75598e-10,5.48052e-12,1.22023e-11,1.43472e-17,1.14165e-28,0.00077576
6602,0,0,0,0,0,0,0,0,0
6603,0,0,0,0,0,0,0,0,0
6604,0.000108225,5.5823e-06,7.14202e-08,7.61914e-09,1.14335e-10,3.28364e-11,5.12801e-18,2.30996e-29,0.000113887
6605,0,0,0,0,0,0,0,0,0
6606,0,0,0,0,0,0,0,0,0
6607,0.000675506,5.44818e-05,3.24004e-09,4.25801e-10,1.49586e-11,1.77025e-11,1.78153e-17,9.63135e-29,0.000729991
6608,0,0,0,0,0,0,0,0,0
6609,0.000108904,7.81204e-06,7.20158e-11,7.44283e-12,1.00034e-13,1.1306e-14,7.66522e-22,4.33844e-33,0.000116716
6610,0,0,0,0,0,0,0,0,0
6611,0,0,0,0,0,0,0,0,0
6612,0,0,0,0,0,0,0,0,0
6613,0,0,0,0,0,0,0,0,0
6614,0,0,0,0,0,0,0,0,0
6615,0,0,0,0,0,0,0,0,0
6616,0,0,0,0,0,0,0,0,0
6617,0,0,0,0,0,0,0,0,0
6618,0,0,0,0,0,0,0,0,0
6619,0,0,0,0,0,0,0,0,0
6620,1.2036e-05,2.87936e-07,5.53554e-14,1.08993e-11,3.48439e-13,1.29274e-13,5.96329e-20,1.79915e-30,1.2324e-05
6621,0,0,0,0,0,0,0,0,0
6622,3.41583e-06,3.62327e-08,1.19168e-19,7.49981e-21,7.69784e-23,1.72195e-22,4.94778e-29,1.5802e-40,3.45206e-06
6623,0,0,0,0,0,0,0,0,0
6624,0,0,0,0,0,0,0,0,0
6625,0,0,0,0,0,0,0,0,0
6626,9.97718e-05,4.1861e-06,2.5122e-12,2.3536e-13,6.38695e-15,5.07629e-15,2.96429e-21,7.18728e-33,0.000103958
6627,0,0,0,0,0,0,0,0,0
6628,4.8384e-05,1.2911e-06,1.4608e-12,1.34195e-13,2.69996e-15,2.65198e-15,7.98764e-22,1.97561e-33,4.96751e-05
6629,0,0,0,0,0,0,0,0,0
6630,0,0,0,0,0,0,0,0,0
6631,0.000803632,5.67041e-05,8.06e-07,1.17417e-07,3.99721e-09,5.5764e-09,5.25255e-15,3.48607e-26,0.000861269
6632,1.29264e-06,8.48659e-09,3.71292e-15,2.35763e-16,2.8192e-18,6.48125e-19,1.50323e-25,3.38716e-37,1.30112e-06
6633,0,0,0,0,0,0,0,0,0
6634,0,0,0,0,0,0,0,0,0
6635,0,0,0,0,0,0,0,0,0
6636,0,0,0,0,0,0,0,0,0
6637,0,0,0,0,0,0,0,0,0
6638,1.0983e-06,8.26652e-09,1.90102e-19,1.09325e-20,1.28561e-22,4.25931e-23,1.42514e-29,3.25397e-41,1.10657e-06
6639,0,0,0,0,0,0,0,0,0
6640,0,0,0,0,0,0,0,0,0
6641,0,0,0,0,0,0,0,0,0
6642,0,0,0,0,0,0,0,0,0
6643,1.10369e-05,1.04538e-06,2.97864e-11,1.28185e-12,1.35739e-14,3.14024e-15,9.12825e-22,3.46521e-34,1.20823e-05
6644,0,0,0,0,0,0,0,0,0
6645,0,0,0,0,0,0,0,0,0
6646,0,0,0,0,0,0,0,0,0
6647,0,0,0,0,0,0,0,0,0
6648,1.99867e-05,7.56262e-07,9.65578e-15,5.49815e-16,1.11237e-17,4.80141e-18,1.68934e-24,9.38213e-37,2.0743e-05
6649,0,0,0,0,0,0,0,0,0
6650,0.000644894,3.89454e-05,5.82437e-12,8.30897e-13,2.72324e-14,4.19353e-14,3.3815e-20,1.95486e-31,0.000683839
6651,0,0,0,0,0,0,0,0,0
6652,0,0,0,0,0,0,0,0,0
6653,0,0,0,0,0,0,0,0,0
6654,2.13852e-06,1.22286e-07,7.68798e-11,8.62212e-12,1.80484e-13,6.70285e-14,4.20045e-20,2.49598e-31,2.26089e-06
6655,0,0,0,0,0,0,0,0,0
6656,0,0,0,0,0,0,0,0,0
6657,0,0,0,0,0,0,0,0,0
6658,1.44977e-05,7.0404e-07,2.97341e-15,1.87769e-16,2.51938e-18,9.46905e-19,2.11353e-25,3.46046e-37,1.52017e-05
6659,7.1718e-05,2.80809e-06,1.99171e-09,2.17367e-10,4.16765e-12,2.06492e-12,1.22001e-18,7.62088e-30,7.45283e-05
6660,3.76454e-05,8.22605e-07,8.8778e-12,8.83016e-13,1.8183e-14,1.53392e-14,8.78062e-21,3.77875e-32,3.84681e-05
6661,2.13381e-06,4.21395e-09,8.02202e-19,7.06788e-20,1.51805e-21,7.69533e-22,1.82779e-28,2.58572e-40,2.13802e-06
6662,3.06444e-05,9.11227e-07,3.06621e-14,2.48614e-15,3.22967e-17,7.8596e-17,3.10324e-23,1.24292e-34,3.15556e-05
6663,0.000259827,2.21818e-05,2.1015e-09,2.08853e-10,4.53595e-12,1.05636e-11,7.45052e-18,3.32882e-29,0.000282011
6664,0,0,0,0,0,0,0,0,0
6665,0,0,0,0,0,0,0,0,0
6666,0,0,0,0,0,0,0,0,0
6667,0,0,0,0,0,0,0,0,0
6668,0,0,0,0,0,0,0,0,0
6669,0,0,0,0,0,0,0,0,0
6670,0,0,0,0,0,0,0,0,0
6671,0.000226086,2.28293e-05,4.67891e-09,4.53478e-10,8.78551e-12,1.33625e-11,5.92849e-18,2.18159e-29,0.000248921
6672,0,0,0,0,0,0,0,0,0
6673,0,0,0,0,0,0,0,0,0
6674,0,0,0,0,0,0,0,0,0
6675,7.3107e-07,7.49954e-09,8.45687e-21,3.1731e-22,3.3762e-24,2.18044e-24,8.90552e-31,6.63224e-43,7.3857e-07
6676,2.9669e-06,1.94386e-08,1.57051e-15,9.68272e-17,1.17862e-18,1.85343e-18,6.10815e-25,1.40265e-36,2.98634e-06
6677,0,0,0,0,0,0,0,0,0
6678,0,0,0,0,0,0,0,0,0
6679,2.61117e-06,2.42397e-10,6.90054e-11,6.49552e-12,8.12216e-14,3.81322e-14,8.58591e-21,3.93964e-32,2.61148e-06
6680,0,0,0,0,0,0,0,0,0
6681,0,0,0,0,0,0,0,0,0
6682,0,0,0,0,0,0,0,0,0
6683,3.73652e-06,1.09994e-07,4.81736e-17,3.41925e-18,3.06372e-20,3.0697e-21,5.97317e-28,2.40035e-39,3.84651e-06
6684,0,0,0,0,0,0,0,0,0
6685,0,0,0,0,0,0,0,0,0
6686,0,0,0,0,0,0,0,0,0
6687,0,0,0,0,0,0,0,0,0
6688,0,0,0,0,0,0,0,0,0
6689,0,0,0,0,0,0,0,0,0
6690,0,0,0,0,0,0,0,0,0
6691,0.00132186,0.000153069,4.25693e-07,6.36954e-08,2.17339e-09,2.04409e-09,1.45837e-15,7.16118e-27,0.00147543
6692,0,0,0,0,0,0,0,0,0
6693,0,0,0,0,0,0,0,0,0
6694,0,0,0,0,0,0,0,0,0
6695,0,0,0,0,0,0,0,0,0
6696,0,0,0,0,0,0,0,0,0
6697,0,0,0,0,0,0,0,0,0
6698,1.98909e-05,2.25007e-07,6.67875e-16,6.84873e-17,1.36763e-18,9.48938e-19,4.05213e-25,1.45164e-36,2.01159e-05
6699,0,0,0,0,0,0,0,0,0
6700,1.86019e-06,1.02985e-11,1.81744e-08,1.40133e-09,1.67561e-11,1.16453e-11,3.59134e-18,1.24295e-29,1.87981e-06
6701,0,0,0,0,0,0,0,0,0
6702,0,0,0,0,0,0,0,0,0
6703,0.000158053,9.24943e-06,2.49853e-09,2.78308e-10,5.92414e-12,5.49894e-12,3.19641e-18,1.53378e-29,0.000167305
6704,4.07895e-05,1.01933e-06,1.13159e-09,1.13213e-10,2.41441e-12,7.87548e-13,1.7443e-19,3.20159e-31,4.18101e-05
6705,0,0,0,0,0,0,0,0,0
6706,0.00640033,0.000854365,3.57484e-05,7.26534e-06,4.46566e-07,2.20861e-07,1.45391e-13,4.12161e-25,0.00729837
6707,0,0,0,0,0,0,0,0,0
6708,0,0,0,0,0,0,0,0,0
6709,0,0,0,0,0,0,0,0,0
6710,0,0,0,0,0,0,0,0,0
6711,0,0,0,0,0,0,0,0,0
6712,0,0,0,0,0,0,0,0,0
6713,0,0,0,0,0,0,0,0,0
6714,0,0,0,0,0,0,0,0,0
6715,0.00193075,0.000318495,1.15176e-05,1.52251e-06,5.16072e-08,1.07594e-07,1.01659e-13,4.37312e-25,0.00226244
6716,0,0,0,0,0,0,0,0,0
6717,9.5813e-07,6.50329e-09,6.65404e-23,4.17492e-24,3.12262e-26,7.82625e-28,1.56885e-34,2.80613e-46,9.64633e-07
6718,1.07618e-05,1.18501e-07,9.01344e-12,7.69646e-13,1.28865e-14,7.36909e-15,2.51513e-21,6.56449e-33,1.08803e-05
6719,3.7692e-06,7.05806e-09,5.10674e-16,5.42043e-17,1.12022e-18,3.38835e-19,8.59578e-26,2.06101e-37,3.77626e-06
6720,0,0,0,0,0,0,0,0,0
6721,0,0,0,0,0,0,0,0,0
6722,0,0,0,0,0,0,0,0,0
6723,0,0,0,0,0,0,0,0,0
6724,0,0,0,0,0,0,0,0,0
6725,0,0,0,0,0,0,0,0,0
6726,0,0,0,0,0,0,0,0,0
6727,0,0,0,0,0,0,0,0,0
6728,0,0,0,0,0,0,0,0,0
6729,0,0,0,0,0,0,0,0,0
6730,0,0,0,0,0,0,0,0,0
6731,1.36138e-05,9.52067e-08,1.53012e-09,1.48224e-10,2.04155e-12,7.69682e-12,3.0097e-18,1.57105e-29,1.37107e-05
6732,6.43006e-05,4.91177e-06,3.84777e-11,2.3653e-12,3.84617e-14,3.75452e-14,1.18014e-20,1.25021e-32,6.92125e-05
6733,0,0,0,0,0,0,0,0,0
6734,0,0,0,0,0,0,0,0,0
6735,0,0,0,0,0,0,0,0,0
6736,0,0,0,0,0,0,0,0,0
6737,0,0,0,0,0,0,0,0,0
6738,6.66737e-05,1.63491e-06,1.35149e-15,1.14226e-16,2.15082e-18,2.10695e-18,1.20305e-24,4.44144e-36,6.83086e-05
6739,0,0,0,0,0,0,0,0,0
6740,0,0,0,0,0,0,0,0,0
6741,0,0,0,0,0,0,0,0,0
6742,0,0,0,0,0,0,0,0,0
6743,0,0,0,0,0,0,0,0,0
6744,0,0,0,0,0,0,0,0,0
6745,1.82889e-06,8.00865e-11,3.57768e-16,3.37556e-17,2.53622e-19,3.24671e-21,1.60943e-26,3.7782e-38,1.82897e-06
6746,6.61662e-05,1.63135e-06,1.91911e-10,2.06815e-11,5.11286e-13,3.50828e-13,2.23145e-19,7.12173e-31,6.77978e-05
6747,0,0,0,0,0,0,0,0,0
6748,3.77482e-06,1.0088e-07,7.38581e-14,2.27628e-15,3.29896e-17,2.65408e-17,1.22112e-23,2.2395e-37,3.8757e-06
6749,0,0,0,0,0,0,0,0,0
6750,0,0,0,0,0,0,0,0,0
6751,0,0,0,0,0,0,0,0,0
6752,0.000115443,1.94828e-05,4.59316e-07,5.53104e-08,1.11761e-09,2.97678e-10,2.42162e-17,2.52556e-29,0.000135442
6753,0,0,0,0,0,0,0,0,0
6754,2.86052e-06,1.72997e-08,9.39614e-25,7.34308e-26,1.17837e-27,5.07217e-28,1.82612e-34,3.99145e-46,2.87782e-06
6755,7.71017e-05,2.89003e-06,2.22525e-12,2.25546e-13,3.91446e-15,5.0905e-15,1.63046e-21,5.15284e-33,7.99917e-05
6756,0,0,0,0,0,0,0,0,0
6757,9.60933e-06,5.31258e-08,3.85265e-10,4.06971e-11,9.0277e-13,1.67089e-13,2.73376e-20,3.21056e-32,9.66288e-06
6758,5.81922e-07,1.72719e-09,2.42675e-21,1.73714e-22,2.17064e-24,3.5197e-25,8.60727e-32,1.78577e-43,5.83649e-07
6759,0,0,0,0,0,0,0,0,0
6760,0,0,0,0,0,0,0,0,0
6761,3.73911e-05,1.08425e-06,1.30627e-13,1.16061e-14,1.84119e-16,6.20939e-17,6.59964e-25,1.30007e-35,3.84753e-05
6762,0,0,0,0,0,0,0,0,0
6763,0,0,0,0,0,0,0,0,0
6764,0,0,0,0,0,0,0,0,0
6765,0,0,0,0,0,0,0,0,0
6766,0,0,0,0,0,0,0,0,0
6767,0,0,0,0,0,0,0,0,0
6768,0,0,0,0,0,0,0,0,0
6769,0,0,0,0,0,0,0,0,0
6770,4.92981e-06,4.10751e-08,7.10145e-11,5.59295e-12,7.65702e-14,2.49317e-14,4.84844e-21,8.69745e-33,4.97096e-06
6771,0,0,0,0,0,0,0,0,0
6772,0,0,0,0,0,0,0,0,0
6773,0,0,0,0,0,0,0,0,0
6774,0,0,0,0,0,0,0,0,0
6775,0,0,0,0,0,0,0,0,0
6776,0,0,0,0,0,0,0,0,0
6777,0,0,0,0,0,0,0,0,0
6778,6.83639e-07,2.4549e-09,2.63583e-16,1.36085e-17,1.76147e-19,5.93883e-20,2.03521e-26,2.11501e-38,6.86094e-07
6779,0,0,0,0,0,0,0,0,0
6780,0,0,0,0,0,0,0,0,0
6781,0,0,0,0,0,0,0,0,0
6782,0,0,0,0,0,0,0,0,0
6783,0.000135159,1.86626e-06,1.38659e-06,1.49999e-07,4.04595e-09,5.85248e-09,6.14411e-15,2.14361e-26,0.000138572
6784,1.2999e-05,2.76158e-07,3.89691e-12,2.15243e-13,3.95501e-15,2.23172e-15,9.08265e-22,3.96078e-34,1.32752e-05
6785,0,0,0,0,0,0,0,0,0
6786,0,0,0,0,0,0,0,0,0
6787,2.6595e-06,6.93893e-09,5.30819e-17,3.43811e-18,5.9985e-20,7.17619e-20,2.8703e-26,3.24447e-38,2.66644e-06
6788,0,0,0,0,0,0,0,0,0
6789,0,0,0,0,0,0,0,0,0
6790,0,0,0,0,0,0,0,0,0
6791,0,0,0,0,0,0,0,0,0
6792,0,0,0,0,0,0,0,0,0
6793,0,0,0,0,0,0,0,0,0
6794,0.000143899,5.44125e-06,2.14401e-09,1.07023e-10,3.97701e-12,1.91657e-11,3.22657e-18,1.06905e-29,0.000149343
6795,0,0,0,0,0,0,0,0,0
6796,1.21498e-06,3.80709e-09,8.11289e-18,5.87034e-19,8.59769e-21,2.11198e-21,3.91727e-28,4.79708e-40,1.21879e-06
6797,0,0,0,0,0,0,0,0,0
6798,0,0,0,0,0,0,0,0,0
6799,0,0,0,0,0,0,0,0,0
6800,0,0,0,0,0,0,0,0,0
6801,4.57468e-05,2.89395e-06,1.34842e-12,8.39376e-14,1.10909e-15,2.68348e-16,2.84895e-23,5.12322e-34,4.86408e-05
6802,0,0,0,0,0,0,0,0,0
6803,0,0,0,0,0,0,0,0,0
6804,0,0,0,0,0,0,0,0,0
6805,0,0,0,0,0,0,0,0,0
6806,2.46724e-05,5.81817e-07,1.53549e-14,1.40781e-15,2.38585e-17,1.14453e-17,3.78387e-24,9.48897e-36,2.52542e-05
6807,0,0,0,0,0,0,0,0,0
6808,0,0,0,0,0,0,0,0,0
6809,0,0,0,0,0,0,0,0,0
6810,6.00042e-06,1.39724e-07,7.79023e-16,4.73001e-17,6.17614e-19,1.8945e-19,4.05093e-26,3.90338e-38,6.14014e-06
6811,9.62744e-06,1.77407e-07,3.39667e-17,2.34784e-18,4.29829e-20,1.59773e-20,4.36752e-27,3.92316e-39,9.80485e-06
6812,0,0,0,0,0,0,0,0,0
6813,0,0,0,0,0,0,0,0,0
6814,0,0,0,0,0,0,0,0,0
6815,0,0,0,0,0,0,0,0,0
6816,2.15964e-05,3.25376e-07,8.12594e-16,7.41998e-17,1.45893e-18,1.30182e-18,4.32217e-25,7.58626e-37,2.19218e-05
6817,7.99998e-06,1.63346e-07,2.72342e-21,1.80402e-22,2.80195e-24,9.96458e-25,1.86323e-31,1.52165e-43,8.16332e-06
6818,0.000545452,8.94969e-05,2.30128e-06,2.29439e-07,6.13484e-09,3.91831e-09,2.91285e-15,5.63957e-27,0.00063749
6819,0,0,0,0,0,0,0,0,0
6820,8.32328e-05,8.16794e-06,2.73952e-09,2.07804e-10,2.54793e-12,1.92e-12,5.63751e-19,1.4584e-30,9.14037e-05
6821,3.74906e-05,6.24381e-07,6.29795e-11,6.60255e-12,1.4492e-13,7.73946e-14,2.27293e-20,4.00266e-32,3.81151e-05
6822,0,0,0,0,0,0,0,0,0
6823,0,0,0,0,0,0,0,0,0
6824,0,0,0,0,0,0,0,0,0
6825,0.000580788,2.75166e-05,3.93411e-10,5.90429e-11,2.3002e-12,1.27524e-12,4.10146e-19,6.19736e-31,0.000608305
6826,0,0,0,0,0,0,0,0,0
6827,0,0,0,0,0,0,0,0,0
6828,0,0,0,0,0,0,0,0,0
6829,0,0,0,0,0,0,0,0,0
6830,0,0,0,0,0,0,0,0,0
6831,0,0,0,0,0,0,0,0,0
6832,7.35017e-06,2.75935e-08,1.64788e-14,1.55734e-15,2.8283e-17,2.30264e-17,4.56441e-24,6.51553e-36,7.37776e-06
6833,0,0,0,0,0,0,0,0,0
6834,0,0,0,0,0,0,0,0,0
6835,0,0,0,0,0,0,0,0,0
6836,0,0,0,0,0,0,0,0,0
6837,0,0,0,0,0,0,0,0,0
6838,0,0,0,0,0,0,0,0,0
6839,0,0,0,0,0,0,0,0,0
6840,0,0,0,0,0,0,0,0,0
6841,0,0,0,0,0,0,0,0,0
6842,0,0,0,0,0,0,0,0,0
6843,0,0,0,0,0,0,0,0,0
6844,0.000148836,5.36278e-06,7.11482e-11,7.77224e-12,1.83123e-13,2.48183e-13,8.39748e-20,1.52903e-31,0.000154199
6845,2.13224e-06,2.77973e-09,4.76456e-19,4.3054e-20,9.2807e-22,7.2042e-22,3.71983e-28,6.80028e-40,2.13502e-06
6846,0,0,0,0,0,0,0,0,0
6847,0,0,0,0,0,0,0,0,0
6848,0,0,0,0,0,0,0,0,0
6849,0,0,0,0,0,0,0,0,0
6850,3.25524e-06,3.54585e-08,4.18268e-17,2.82515e-18,3.21572e-20,1.2996e-20,1.52078e-27,1.70142e-39,3.2907e-06
6851,0,0,0,0,0,0,0,0,0
6852,0,0,0,0,0,0,0,0,0
6853,0,0,0,0,0,0,0,0,0
6854,5.88372e-05,2.85954e-06,8.39346e-14,6.1262e-15,1.11959e-16,7.73511e-17,2.69245e-23,2.79286e-35,6.16968e-05
6855,0,0,0,0,0,0,0,0,0
6856,0,0,0,0,0,0,0,0,0
6857,0,0,0,0,0,0,0,0,0
6858,0,0,0,0,0,0,0,0,0
6859,0,0,0,0,0,0,0,0,0
6860,7.53528e-06,6.07797e-09,1.15141e-10,1.03413e-11,1.92457e-13,1.96792e-13,4.2477e-20,5.18402e-32,7.54149e-06
6861,0,0,0,0,0,0,0,0,0
6862,1.73922e-05,1.99381e-07,9.23387e-21,8.78366e-22,1.84414e-23,1.31959e-23,3.94209e-30,5.58104e-42,1.75916e-05
6863,0,0,0,0,0,0,0,0,0
6864,0,0,0,0,0,0,0,0,0
6865,0,0,0,0,0,0,0,0,0
6866,0,0,0,0,0,0,0,0,0
6867,0,0,0,0,0,0,0,0,0
6868,1.46216e-06,5.68031e-10,1.13983e-14,7.55527e-16,8.91262e-18,6.57658e-18,1.04592e-24,1.12178e-36,1.46273e-06
6869,8.41185e-05,2.12562e-06,1.51328e-13,1.59812e-14,4.19077e-16,1.77782e-16,1.0359e-23,2.41339e-36,8.62441e-05
6870,0,0,0,0,0,0,0,0,0
6871,0,0,0,0,0,0,0,0,0
6872,0,0,0,0,0,0,0,0,0
6873,0,0,0,0,0,0,0,0,0
6874,0,0,0,0,0,0,0,0,0
6875,0,0,0,0,0,0,0,0,0
6876,0,0,0,0,0,0,0,0,0
6877,0.00165617,0.000140527,5.67292e-08,9.26737e-09,3.64736e-10,3.73969e-10,2.0857e-16,4.9353e-28,0.00179676
6878,0,0,0,0,0,0,0,0,0
6879,8.08155e-07,1.83672e-09,1.37423e-20,9.18207e-22,1.2992e-23,7.27871e-24,1.24809e-30,1.00985e-42,8.09991e-07
6880,0,0,0,0,0,0,0,0,0
6881,0,0,0,0,0,0,0,0,0
6882,0,0,0,0,0,0,0,0,0
6883,0,0,0,0,0,0,0,0,0
6884,0,0,0,0,0,0,0,0,0
6885,0,0,0,0,0,0,0,0,0
6886,0,0,0,0,0,0,0,0,0
6887,0.000649701,9.21124e-05,1.47686e-07,1.66409e-08,3.71404e-10,8.31122e-10,8.31194e-16,3.40564e-27,0.000741979
6888,5.89258e-07,3.16774e-09,2.17256e-28,1.2314e-29,1.26408e-31,3.20373e-32,6.18104e-39,6.41385e-51,5.92426e-07
6889,0.00110679,0.00014241,3.71544e-06,4.38717e-07,1.01269e-08,3.27452e-08,9.56481e-15,1.7066e-26,0.00125339
6890,3.39394e-06,7.83501e-09,1.14792e-15,8.6237e-17,1.37938e-18,1.56523e-18,5.10594e-25,6.59877e-37,3.40178e-06
6891,0,0,0,0,0,0,0,0,0
6892,0,0,0,0,0,0,0,0,0
6893,2.34765e-06,1.82398e-08,5.4128e-16,3.84579e-17,3.32756e-19,2.38732e-19,3.0695e-26,5.20684e-38,2.36589e-06
6894,0.000406588,4.37237e-05,3.05169e-08,3.15878e-09,7.21167e-11,1.13063e-10,5.78889e-17,1.13546e-28,0.000450345
6895,0,0,0,0,0,0,0,0,0
6896,0,0,0,0,0,0,0,0,0
6897,4.00165e-05,2.07383e-06,4.41649e-11,1.10735e-12,2.52016e-14,1.27045e-14,3.22964e-21,7.41453e-33,4.20904e-05
6898,0,0,0,0,0,0,0,0,0
6899,2.14897e-06,8.6302e-10,1.05581e-14,1.05964e-15,1.73989e-17,4.45534e-18,9.90995e-25,1.76849e-36,2.14984e-06
6900,0,0,0,0,0,0,0,0,0
6901,0,0,0,0,0,0,0,0,0
6902,0,0,0,0,0,0,0,0,0
6903,0,0,0,0,0,0,0,0,0
6904,0,0,0,0,0,0,0,0,0
6905,0,0,0,0,0,0,0,0,0
6906,0.000183835,5.63302e-06,1.20765e-09,1.52737e-10,4.65794e-12,2.18659e-12,5.51838e-19,6.17464e-31,0.000189469
6907,0,0,0,0,0,0,0,0,0
6908,0,0,0,0,0,0,0,0,0
6909,0,0,0,0,0,0,0,0,0
6910,0,0,0,0,0,0,0,0,0
6911,0,0,0,0,0,0,0,0,0
6912,2.21512e-05,1.5503e-07,1.24986e-14,1.28506e-15,3.16022e-17,2.7417e-17,1.23806e-23,1.86027e-35,2.23062e-05
6913,0,0,0,0,0,0,0,0,0
6914,0,0,0,0,0,0,0,0,0
6915,0,0,0,0,0,0,0,0,0
6916,0,0,0,0,0,0,0,0,0
6917,0,0,0,0,0,0,0,0,0
6918,0,0,0,0,0,0,0,0,0
6919,0,0,0,0,0,0,0,0,0
6920,6.1789e-06,9.29192e-08,2.31737e-11,1.46809e-12,1.97085e-14,1.10924e-14,3.34461e-21,3.63308e-33,6.27184e-06
6921,9.51235e-05,5.52294e-06,3.45497e-13,3.34581e-14,5.56966e-16,4.13502e-16,7.09816e-23,9.03609e-35,0.000100646
6922,0,0,0,0,0,0,0,0,0
6923,0,0,0,0,0,0,0,0,0
6924,0,0,0,0,0,0,0,0,0
6925,8.83999e-05,2.44922e-06,2.76106e-09,2.34904e-10,3.66488e-12,2.81165e-12,4.88615e-19,5.201e-31,9.08522e-05
6926,0,0,0,0,0,0,0,0,0
6927,0,0,0,0,0,0,0,0,0
6928,0,0,0,0,0,0,0,0,0
6929,0,0,0,0,0,0,0,0,0
6930,0.000304534,2.06782e-05,1.37985e-07,1.44513e-08,2.65714e-10,1.25167e-09,4.23098e-16,8.63451e-28,0.000325366
6931,0,0,0,0,0,0,0,0,0
6932,0,0,0,0,0,0,0,0,0
6933,0,0,0,0,0,0,0,0,0
6934,0,0,0,0,0,0,0,0,0
6935,0,0,0,0,0,0,0,0,0
6936,4.2369e-05,6.22802e-07,7.74822e-13,8.00079e-14,1.61982e-15,2.30597e-15,7.56863e-22,1.18451e-33,4.29918e-05
6937,0,0,0,0,0,0,0,0,0
6938,0,0,0,0,0,0,0,0,0
6939,0,0,0,0,0,0,0,0,0
6940,1.82623e-06,8.29155e-10,6.09762e-12,5.14251e-13,7.6869e-15,1.99649e-15,1.76727e-22,1.18316e-34,1.82707e-06
6941,1.18899e-05,2.8075e-07,4.2374e-10,2.52278e-11,3.09631e-13,4.18525e-13,8.74123e-20,6.32369e-32,1.21711e-05
6942,0,0,0,0,0,0,0,0,0
6943,0,0,0,0,0,0,0,0,0
6944,0,0,0,0,0,0,0,0,0
6945,0,0,0,0,0,0,0,0,0
6946,0,0,0,0,0,0,0,0,0
6947,5.0988e-06,1.14974e-07,2.36234e-15,1.61012e-16,1.49837e-18,6.37358e-19,8.32719e-26,1.0257e-37,5.21377e-06
6948,9.96021e-06,1.31266e-07,6.06933e-17,4.62762e-18,7.28386e-20,7.23214e-20,1.87896e-26,1.91747e-38,1.00915e-05
6949,0,0,0,0,0,0,0,0,0
6950,0,0,0,0,0,0,0,0,0
6951,0,0,0,0,0,0,0,0,0
6952,0,0,0,0,0,0,0,0,0
6953,5.2721e-05,2.49846e-06,3.6723e-14,2.64863e-15,4.08849e-17,9.52148e-17,1.99528e-23,1.54251e-35,5.52194e-05
6954,0,0,0,0,0,0,0,0,0
6955,0,0,0,0,0,0,0,0,0
6956,0,0,0,0,0,0,0,0,0
6957,0,0,0,0,0,0,0,0,0
6958,0,0,0,0,0,0,0,0,0
6959,0,0,0,0,0,0,0,0,0
6960,0,0,0,0,0,0,0,0,0
6961,6.42542e-05,2.38915e-06,7.33976e-13,6.4866e-14,1.42118e-15,1.06603e-15,3.72566e-22,3.55475e-34,6.66434e-05
6962,0.00117835,0.00018268,5.44086e-06,6.41848e-07,1.45102e-08,5.28722e-08,2.16623e-14,4.21766e-26,0.00136718
6963,0.000180219,1.93505e-05,2.51812e-08,2.52764e-09,3.17527e-11,4.33011e-11,7.17758e-18,1.38106e-29,0.000199598
6964,0,0,0,0,0,0,0,0,0
6965,0,0,0,0,0,0,0,0,0
6966,0,0,0,0,0,0,0,0,0
6967,0,0,0,0,0,0,0,0,0
6968,0,0,0,0,0,0,0,0,0
6969,0,0,0,0,0,0,0,0,0
6970,3.9313e-06,5.54772e-08,1.27652e-24,8.13102e-26,8.04863e-28,4.48725e-28,3.14268e-35,1.98639e-47,3.98678e-06
6971,0,0,0,0,0,0,0,0,0
6972,6.20653e-06,5.48258e-08,2.87283e-18,2.44455e-19,4.09457e-21,9.07836e-22,8.47874e-29,4.05487e-41,6.26135e-06
6973,0,0,0,0,0,0,0,0,0
6974,0,0,0,0,0,0,0,0,0
6975,0,0,0,0,0,0,0,0,0
6976,0,0,0,0,0,0,0,0,0
6977,0,0,0,0,0,0,0,0,0
6978,0,0,0,0,0,0,0,0,0
6979,0,0,0,0,0,0,0,0,0
6980,0,0,0,0,0,0,0,0,0
6981,0,0,0,0,0,0,0,0,0
6982,0.00148432,0.000188107,5.10914e-06,7.14036e-07,2.03335e-08,2.76274e-08,6.56172e-15,8.14584e-27,0.0016783
6983,3.91068e-05,3.17669e-06,3.57835e-10,2.47382e-11,2.72081e-13,1.8088e-13,3.05379e-20,3.2134e-32,4.22839e-05
6984,0,0,0,0,0,0,0,0,0
6985,0,0,0,0,0,0,0,0,0
6986,0,0,0,0,0,0,0,0,0
6987,0,0,0,0,0,0,0,0,0
6988,0,0,0,0,0,0,0,0,0
6989,0,0,0,0,0,0,0,0,0
6990,3.07163e-05,8.05927e-07,1.58187e-09,1.5116e-10,2.10727e-12,1.29215e-12,2.08509e-19,2.80896e-31,3.15239e-05
6991,0,0,0,0,0,0,0,0,0
6992,2.24025e-06,7.10297e-08,3.31905e-08,2.48419e-09,2.47209e-11,5.60787e-12,4.59186e-19,3.81698e-31,2.34699e-06
6993,0,0,0,0,0,0,0,0,0
6994,0,0,0,0,0,0,0,0,0
6995,1.38733e-06,2.64286e-08,1.26368e-17,6.33956e-19,4.66991e-21,6.13001e-22,2.58345e-29,9.2786e-42,1.41376e-06
6996,0,0,0,0,0,0,0,0,0
6997,2.68378e-06,6.38755e-09,2.37483e-13,2.01783e-14,2.99369e-16,3.43025e-16,9.29352e-23,1.22387e-34,2.69017e-06
6998,0.00171245,0.000184527,3.64908e-07,5.62658e-08,1.96513e-09,2.13131e-09,1.10649e-15,1.99933e-27,0.0018974
6999,5.52653e-05,3.74034e-06,4.84175e-11,3.65497e-12,4.59271e-14,6.74456e-14,1.38405e-20,1.50403e-32,5.90057e-05
7000,0,0,0,0,0,0,0,0,0
7001,1.00038e-06,7.18618e-09,1.0009e-23,4.6948e-25,5.02551e-27,3.73377e-27,5.78903e-34,2.23666e-46,1.00757e-06
7002,0,0,0,0,0,0,0,0,0
7003,0,0,0,0,0,0,0,0,0
7004,0.000225742,1.47959e-05,2.34408e-10,2.48084e-11,4.78331e-13,9.09496e-13,2.25713e-19,2.89962e-31,0.000240538
7005,0,0,0,0,0,0,0,0,0
7006,0,0,0,0,0,0,0,0,0
7007,0,0,0,0,0,0,0,0,0
7008,0,0,0,0,0,0,0,0,0
7009,2.16722e-06,6.58732e-09,7.79974e-12,5.26833e-13,6.00119e-15,3.02383e-15,4.50671e-22,3.47214e-34,2.17381e-06
7010,2.13834e-06,1.20352e-08,8.73004e-20,5.83113e-21,8.20819e-23,3.50282e-23,5.346e-30,2.81489e-42,2.15037e-06
7011,0,0,0,0,0,0,0,0,0
7012,0,0,0,0,0,0,0,0,0
7013,0,0,0,0,0,0,0,0,0
7014,3.94243e-06,6.43834e-09,3.65706e-12,2.9046e-13,4.85493e-15,4.15585e-15,1.32464e-21,1.2618e-33,3.94888e-06
7015,0,0,0,0,0,0,0,0,0
7016,9.69963e-06,1.15644e-07,4.27859e-11,3.25983e-12,3.01405e-14,7.64989e-14,8.56442e-21,9.12178e-33,9.81532e-06
7017,0,0,0,0,0,0,0,0,0
7018,0,0,0,0,0,0,0,0,0
7019,0,0,0,0,0,0,0,0,0
7020,0,0,0,0,0,0,0,0,0
7021,0,0,0,0,0,0,0,0,0
7022,0,0,0,0,0,0,0,0,0
7023,2.722e-06,3.51413e-08,3.33382e-16,1.88058e-17,1.90438e-19,1.79332e-19,3.70496e-26,2.89215e-38,2.75714e-06
7024,5.75916e-05,5.20931e-06,3.494e-09,1.6135e-10,9.83152e-13,1.7052e-11,2.27161e-18,8.69812e-31,6.28046e-05
7025,3.5447e-06,2.99166e-08,6.17845e-14,4.52424e-15,4.17949e-17,5.01305e-17,6.31621e-24,7.23407e-36,3.57461e-06
7026,0,0,0,0,0,0,0,0,0
7027,0,0,0,0,0,0,0,0,0
7028,0,0,0,0,0,0,0,0,0
7029,0,0,0,0,0,0,0,0,0
7030,0,0,0,0,0,0,0,0,0
7031,0,0,0,0,0,0,0,0,0
7032,0,0,0,0,0,0,0,0,0
7033,0,0,0,0,0,0,0,0,0
7034,0,0,0,0,0,0,0,0,0
7035,0,0,0,0,0,0,0,0,0
7036,0,0,0,0,0,0,0,0,0
7037,0,0,0,0,0,0,0,0,0
7038,0,0,0,0,0,0,0,0,0
7039,0,0,0,0,0,0,0,0,0
7040,0,0,0,0,0,0,0,0,0
7041,0,0,0,0,0,0,0,0,0
7042,0,0,0,0,0,0,0,0,0
7043,0,0,0,0,0,0,0,0,0
7044,0,0,0,0,0,0,0,0,0
7045,0,0,0,0,0,0,0,0,0
7046,0.000396874,2.67462e-05,1.22138e-11,1.44205e-12,3.37336e-14,5.77044e-14,2.29395e-20,3.1573e-32,0.00042362
7047,0,0,0,0,0,0,0,0,0
7048,0,0,0,0,0,0,0,0,0
7049,0,0,0,0,0,0,0,0,0
7050,0,0,0,0,0,0,0,0,0
7051,0.00010216,3.34599e-06,5.48362e-12,5.33139e-13,1.27638e-14,1.36662e-14,2.81461e-21,1.4396e-33,0.000105506
7052,0,0,0,0,0,0,0,0,0
7053,2.96163e-06,6.39394e-08,1.49531e-17,4.37583e-19,7.25257e-21,1.01975e-19,2.37064e-26,1.05762e-38,3.02557e-06
7054,0.00016627,3.8091e-06,9.46909e-12,8.21219e-13,1.92315e-14,9.87317e-11,3.21424e-16,3.25741e-28,0.000170079
7055,0,0,0,0,0,0,0,0,0
7056,0,0,0,0,0,0,0,0,0
7057,2.25272e-06,1.56343e-08,2.10819e-14,1.96153e-15,3.09124e-17,2.16697e-17,4.40057e-24,4.4862e-36,2.26835e-06
7058,2.49384e-05,1.06878e-05,5.35819e-07,5.32549e-08,6.32754e-10,4.00066e-10,8.77168e-17,1.79673e-28,3.62163e-05
7059,0.0007301,9.26421e-05,2.0049e-06,2.3726e-07,4.64515e-09,7.10232e-09,1.21022e-15,1.29644e-27,0.000824996
7060,1.55987e-05,3.21329e-07,1.18047e-18,8.77398e-20,1.445e-21,8.83842e-22,1.98154e-28,1.1236e-40,1.592e-05
7061,0,0,0,0,0,0,0,0,0
7062,0,0,0,0,0,0,0,0,0
7063,0,0,0,0,0,0,0,0,0
7064,0,0,0,0,0,0,0,0,0
7065,0,0,0,0,0,0,0,0,0
7066,0,0,0,0,0,0,0,0,0
7067,0,0,0,0,0,0,0,0,0
7068,0,0,0,0,0,0,0,0,0
7069,0,0,0,0,0,0,0,0,0
7070,0,0,0,0,0,0,0,0,0
7071,0,0,0,0,0,0,0,0,0
7072,0.000106593,3.82398e-06,9.32323e-09,1.00138e-09,2.00393e-11,1.48297e-11,4.62377e-18,5.52442e-30,0.000110428
7073,6.91773e-05,1.36759e-06,2.56286e-13,2.80664e-14,6.49619e-16,4.21123e-16,6.56892e-23,3.8847e-35,7.05449e-05
7074,0,0,0,0,0,0,0,0,0
7075,0.0001059,4.84149e-06,2.63901e-11,2.77874e-12,4.06654e-14,6.39486e-14,1.14681e-20,1.54774e-32,0.000110741
7076,0,0,0,0,0,0,0,0,0
7077,0,0,0,0,0,0,0,0,0
7078,0,0,0,0,0,0,0,0,0
7079,0,0,0,0,0,0,0,0,0
7080,0,0,0,0,0,0,0,0,0
7081,0,0,0,0,0,0,0,0,0
7082,0,0,0,0,0,0,0,0,0
7083,0,0,0,0,0,0,0,0,0
7084,0,0,0,0,0,0,0,0,0
7085,1.4411e-06,5.99946e-10,2.30462e-14,2.1379e-15,3.19915e-17,2.58728e-17,3.68781e-24,2.96528e-36,1.4417e-06
7086,6.08868e-06,1.13323e-07,2.0172e-14,1.35117e-15,1.18844e-17,1.02832e-17,7.10494e-25,4.1945e-37,6.202e-06
7087,0,0,0,0,0,0,0,0,0
7088,6.49726e-05,3.86618e-06,1.88201e-10,1.79043e-11,2.36508e-13,9.5998e-14,6.85483e-21,4.38639e-33,6.8839e-05
7089,0,0,0,0,0,0,0,0,0
7090,0.0010408,0.000124223,2.92114e-06,3.83717e-07,9.52172e-09,1.11584e-08,1.64109e-15,1.12428e-27,0.00116835
7091,0,0,0,0,0,0,0,0,0
7092,7.94956e-05,1.28671e-05,1.96783e-07,1.84587e-08,1.71923e-10,2.41484e-11,2.52945e-18,3.9325e-30,9.25782e-05
7093,5.81372e-05,1.95003e-06,3.88101e-12,3.78919e-13,5.84956e-15,7.50888e-15,2.10622e-21,2.81742e-33,6.00873e-05
7094,0,0,0,0,0,0,0,0,0
7095,7.19244e-06,1.13869e-07,2.22782e-19,1.83593e-20,2.02539e-22,8.53066e-23,1.03899e-29,9.34557e-42,7.30631e-06
7096,0,0,0,0,0,0,0,0,0
7097,0,0,0,0,0,0,0,0,0
7098,0,0,0,0,0,0,0,0,0
7099,7.7612e-06,8.60585e-08,9.08964e-18,7.39914e-19,1.14279e-20,4.05104e-21,4.60124e-28,2.08451e-40,7.84725e-06
7100,0,0,0,0,0,0,0,0,0
7101,0,0,0,0,0,0,0,0,0
7102,0,0,0,0,0,0,0,0,0
7103,0,0,0,0,0,0,0,0,0
7104,0,0,0,0,0,0,0,0,0
7105,5.95993e-06,1.05496e-07,8.27403e-16,5.40829e-17,6.78265e-19,2.3976e-19,3.1375e-26,1.30818e-38,6.06543e-06
7106,6.36845e-06,5.56656e-08,1.78581e-14,1.0196e-15,8.25675e-18,2.14723e-17,3.41352e-24,2.68664e-36,6.42411e-06
7107,0,0,0,0,0,0,0,0,0
7108,0,0,0,0,0,0,0,0,0
7109,3.18817e-05,1.99943e-06,2.04992e-08,1.34931e-09,1.48583e-11,1.94311e-11,5.15656e-18,4.59088e-30,3.3903e-05
7110,0,0,0,0,0,0,0,0,0
7111,0.000168462,7.01282e-06,1.1759e-08,1.27963e-09,2.50549e-11,3.78238e-11,1.16728e-17,1.37028e-29,0.000175488
7112,2.34027e-05,4.63803e-07,1.23434e-15,9.22777e-17,1.28935e-18,8.33386e-19,1.37038e-25,7.96817e-38,2.38665e-05
7113,0,0,0,0,0,0,0,0,0
7114,0.000546107,7.03387e-05,1.48339e-06,1.83157e-07,3.65801e-09,1.76543e-09,2.39843e-16,2.04363e-28,0.000618118
7115,0,0,0,0,0,0,0,0,0
7116,1.15057e-05,7.81019e-10,7.48437e-12,5.90963e-13,9.43579e-15,1.31764e-14,2.01369e-21,1.04494e-33,1.15065e-05
7117,0,0,0,0,0,0,0,0,0
7118,0,0,0,0,0,0,0,0,0
7119,0,0,0,0,0,0,0,0,0
7120,0,0,0,0,0,0,0,0,0
7121,8.95496e-05,3.61227e-06,4.54237e-08,4.42625e-09,6.251e-11,7.02509e-11,6.04815e-18,3.76042e-30,9.32118e-05
7122,1.88885e-06,1.08997e-08,3.60968e-23,2.4451e-24,2.80949e-26,1.38267e-26,1.73752e-33,8.93365e-46,1.89975e-06
7123,0,0,0,0,0,0,0,0,0
7124,0,0,0,0,0,0,0,0,0
7125,0,0,0,0,0,0,0,0,0
7126,0,0,0,0,0,0,0,0,0
7127,5.82359e-06,4.37269e-08,1.23555e-18,8.04261e-20,1.08985e-21,3.90045e-22,6.46242e-29,2.85514e-41,5.86732e-06
7128,0,0,0,0,0,0,0,0,0
7129,0,0,0,0,0,0,0,0,0
7130,0,0,0,0,0,0,0,0,0
7131,0,0,0,0,0,0,0,0,0
7132,2.59123e-05,1.40813e-06,4.75339e-09,3.08452e-10,2.74952e-12,3.06397e-12,2.739e-19,1.3875e-31,2.73255e-05
7133,0,0,0,0,0,0,0,0,0
7134,1.31622e-05,1.18616e-07,4.25636e-11,3.48955e-12,4.40689e-14,3.31994e-14,4.49337e-21,3.16074e-33,1.32808e-05
7135,0,0,0,0,0,0,0,0,0
7136,0,0,0,0,0,0,0,0,0
7137,3.29728e-06,3.56311e-08,8.39689e-10,4.68718e-11,5.3282e-13,2.57193e-13,3.16657e-20,9.66294e-33,3.33379e-06
7138,0,0,0,0,0,0,0,0,0
7139,0,0,0,0,0,0,0,0,0
7140,3.15306e-05,3.66488e-07,2.73526e-10,2.7339e-11,4.10076e-13,4.09291e-13,7.53227e-20,7.37088e-32,3.18974e-05
7141,0,0,0,0,0,0,0,0,0
7142,0,0,0,0,0,0,0,0,0
7143,2.45262e-05,6.05862e-08,2.91704e-10,2.84572e-11,5.29798e-13,4.26358e-13,7.59017e-20,4.53606e-32,2.45872e-05
7144,0,0,0,0,0,0,0,0,0
7145,0,0,0,0,0,0,0,0,0
7146,0,0,0,0,0,0,0,0,0
7147,0,0,0,0,0,0,0,0,0
7148,0,0,0,0,0,0,0,0,0
7149,0,0,0,0,0,0,0,0,0
7150,4.3565e-06,4.67332e-08,6.98962e-19,4.5264e-20,4.13154e-22,2.43902e-22,2.30086e-29,1.2335e-41,4.40324e-06
7151,0,0,0,0,0,0,0,0,0
7152,0,0,0,0,0,0,0,0,0
7153,0,0,0,0,0,0,0,0,0
7154,1.87081e-05,2.055e-07,4.66544e-14,3.81261e-15,3.71607e-17,5.07197e-17,1.48368e-26,9.66473e-37,1.89136e-05
7155,0,0,0,0,0,0,0,0,0
7156,0,0,0,0,0,0,0,0,0
7157,0,0,0,0,0,0,0,0,0
7158,0,0,0,0,0,0,0,0,0
7159,0,0,0,0,0,0,0,0,0
7160,0,0,0,0,0,0,0,0,0
7161,0,0,0,0,0,0,0,0,0
7162,0,0,0,0,0,0,0,0,0
7163,0,0,0,0,0,0,0,0,0
7164,0,0,0,0,0,0,0,0,0
7165,1.5834e-06,9.26417e-09,9.47646e-16,5.82999e-17,5.9548e-19,4.34291e-19,3.89124e-26,1.37401e-38,1.59266e-06
7166,0,0,0,0,0,0,0,0,0
7167,0,0,0,0,0,0,0,0,0
7168,0,0,0,0,0,0,0,0,0
7169,2.81484e-05,3.66489e-07,5.69751e-12,4.50326e-13,5.97334e-15,4.18512e-15,4.74125e-22,2.16948e-34,2.85149e-05
7170,0,0,0,0,0,0,0,0,0
7171,0,0,0,0,0,0,0,0,0
7172,0,0,0,0,0,0,0,0,0
7173,1.24791e-06,9.86654e-09,9.80606e-21,5.37173e-22,6.83758e-24,1.06398e-24,1.67209e-31,4.50557e-44,1.25777e-06
7174,0,0,0,0,0,0,0,0,0
7175,0,0,0,0,0,0,0,0,0
7176,0,0,0,0,0,0,0,0,0
7177,0,0,0,0,0,0,0,0,0
7178,0,0,0,0,0,0,0,0,0
7179,0,0,0,0,0,0,0,0,0
7180,9.59341e-06,2.11954e-07,6.20538e-17,3.86748e-18,3.69637e-20,8.35358e-20,9.86526e-27,4.53068e-39,9.80537e-06
7181,0,0,0,0,0,0,0,0,0
7182,0,0,0,0,0,0,0,0,0
7183,6.96184e-05,3.11344e-06,1.17859e-11,8.5422e-13,1.7342e-14,1.7762e-14,3.5331e-21,7.4366e-34,7.27319e-05
7184,0,0,0,0,0,0,0,0,0
7185,4.18719e-06,1.37866e-07,1.18172e-16,5.4905e-18,2.50334e-20,9.55182e-20,9.295e-27,5.94199e-39,4.32506e-06
7186,0,0,0,0,0,0,0,0,0
7187,0,0,0,0,0,0,0,0,0
7188,0.000779583,6.21811e-05,7.95935e-08,1.00677e-08,2.89542e-10,4.80717e-10,1.87699e-16,1.50874e-28,0.000841854
7189,0,0,0,0,0,0,0,0,0
7190,0,0,0,0,0,0,0,0,0
7191,4.25999e-05,1.58636e-06,7.51998e-11,6.55906e-12,8.38062e-14,9.63732e-14,1.3199e-20,9.02696e-33,4.41863e-05
7192,0,0,0,0,0,0,0,0,0
7193,0.000233939,9.77063e-06,6.50041e-10,7.88158e-11,1.82675e-12,1.80167e-12,2.71715e-19,1.46747e-31,0.00024371
7194,0.00124722,0.000104953,5.2545e-08,7.65765e-09,2.4425e-10,2.74927e-10,6.35506e-17,3.98962e-29,0.00135223
7195,0,0,0,0,0,0,0,0,0
7196,0,0,0,0,0,0,0,0,0
7197,0,0,0,0,0,0,0,0,0
7198,0.00184985,0.000233301,6.63335e-06,9.78164e-07,3.13359e-08,2.55896e-08,5.73471e-15,3.49429e-27,0.00209082
7199,0,0,0,0,0,0,0,0,0
7200,0,0,0,0,0,0,0,0,0
7201,5.335e-05,2.87367e-06,4.09058e-13,2.76348e-14,3.20373e-16,1.32265e-15,1.65695e-22,6.40822e-35,5.62237e-05
7202,0.000104108,2.92696e-06,3.56367e-13,3.48188e-14,6.59588e-16,3.39116e-16,3.73777e-24,1.97165e-36,0.000107035
7203,0,0,0,0,0,0,0,0,0
7204,2.10716e-06,3.77688e-08,1.78226e-17,9.16444e-19,7.36509e-21,1.9862e-21,6.98367e-29,1.16469e-41,2.14493e-06
7205,0,0,0,0,0,0,0,0,0
7206,0,0,0,0,0,0,0,0,0
7207,0.000107109,2.96509e-06,2.12904e-15,2.23265e-16,5.65326e-18,5.96009e-18,1.97372e-24,1.08606e-36,0.000110074
7208,8.21803e-06,3.50565e-07,1.17912e-13,7.37361e-15,5.20206e-17,2.28488e-17,1.14957e-24,5.22622e-37,8.5686e-06
7209,4.11044e-06,5.64397e-07,2.27848e-07,2.07653e-08,2.31981e-10,1.7436e-10,2.73292e-17,2.66079e-29,4.92385e-06
7210,2.4934e-05,7.79815e-07,4.46111e-10,3.17483e-11,3.65584e-13,6.94795e-13,1.03473e-19,5.42204e-32,2.57143e-05
7211,0,0,0,0,0,0,0,0,0
7212,9.49689e-07,2.80063e-09,1.3296e-15,7.95612e-17,9.25577e-19,7.76279e-19,9.83795e-26,2.92198e-38,9.5249e-07
7213,0,0,0,0,0,0,0,0,0
7214,0,0,0,0,0,0,0,0,0
7215,0,0,0,0,0,0,0,0,0
7216,0,0,0,0,0,0,0,0,0
7217,0,0,0,0,0,0,0,0,0
7218,0,0,0,0,0,0,0,0,0
7219,0,0,0,0,0,0,0,0,0
7220,2.76751e-05,3.04013e-07,2.69129e-13,2.73581e-14,5.35563e-16,4.4478e-16,7.42624e-23,3.56504e-35,2.79792e-05
7221,0,0,0,0,0,0,0,0,0
7222,0,0,0,0,0,0,0,0,0
7223,0,0,0,0,0,0,0,0,0
7224,0,0,0,0,0,0,0,0,0
7225,4.0653e-06,1.7756e-08,1.01631e-14,7.48975e-16,9.4771e-18,1.30372e-17,1.7321e-24,7.02497e-37,4.08306e-06
7226,0,0,0,0,0,0,0,0,0
7227,8.9185e-07,2.71574e-08,3.19023e-17,9.03765e-19,3.89819e-21,7.91763e-21,5.37636e-28,7.25255e-41,9.19007e-07
7228,0,0,0,0,0,0,0,0,0
7229,0,0,0,0,0,0,0,0,0
7230,0,0,0,0,0,0,0,0,0
7231,1.15705e-06,5.81864e-09,2.67282e-23,1.70774e-24,1.70187e-26,9.12066e-27,9.25113e-34,3.43488e-46,1.16287e-06
7232,0,0,0,0,0,0,0,0,0
7233,2.45388e-06,7.85984e-08,9.41404e-12,3.48823e-13,2.07764e-15,8.03211e-16,3.11552e-23,3.22923e-36,2.53249e-06
7234,1.09847e-06,2.96883e-09,1.12422e-18,6.84495e-20,8.3521e-22,6.18603e-22,4.18652e-29,6.83236e-42,1.10144e-06
7235,0.000975321,0.00011887,2.7794e-06,3.2362e-07,7.66587e-09,1.47133e-08,2.42143e-15,1.0373e-27,0.00109732
7236,0,0,0,0,0,0,0,0,0
7237,8.4246e-06,1.93851e-07,1.21479e-17,7.74857e-19,7.80369e-21,9.1779e-21,1.59161e-27,8.25018e-40,8.61845e-06
7238,0,0,0,0,0,0,0,0,0
7239,0,0,0,0,0,0,0,0,0
7240,0,0,0,0,0,0,0,0,0
7241,0,0,0,0,0,0,0,0,0
7242,0,0,0,0,0,0,0,0,0
7243,0,0,0,0,0,0,0,0,0
7244,0,0,0,0,0,0,0,0,0
7245,0,0,0,0,0,0,0,0,0
7246,0,0,0,0,0,0,0,0,0
7247,0,0,0,0,0,0,0,0,0
7248,0,0,0,0,0,0,0,0,0
7249,0,0,0,0,0,0,0,0,0
7250,0,0,0,0,0,0,0,0,0
7251,0,0,0,0,0,0,0,0,0
7252,0,0,0,0,0,0,0,0,0
7253,0,0,0,0,0,0,0,0,0
7254,1.01183e-05,1.29503e-07,2.00542e-15,1.57675e-16,2.23183e-18,1.44718e-18,1.81187e-25,6.36409e-38,1.02478e-05
7255,0,0,0,0,0,0,0,0,0
7256,1.07476e-06,6.43691e-09,4.0038e-13,2.07466e-14,2.37804e-16,7.30377e-17,1.03544e-23,2.15145e-36,1.08119e-06
7257,6.0783e-06,1.11755e-07,2.11062e-13,1.13556e-14,1.24192e-16,1.24783e-16,1.35306e-23,2.72347e-36,6.19006e-06
7258,0,0,0,0,0,0,0,0,0
7259,3.0266e-06,2.83694e-08,3.20359e-25,2.31159e-26,2.39233e-28,7.30019e-29,3.90038e-36,1.07935e-48,3.05497e-06
7260,0,0,0,0,0,0,0,0,0
7261,3.69141e-06,7.24812e-08,1.09005e-14,7.19394e-16,4.6407e-18,2.7714e-18,3.36868e-25,2.99834e-37,3.7639e-06
7262,0,0,0,0,0,0,0,0,0
7263,0,0,0,0,0,0,0,0,0
7264,0,0,0,0,0,0,0,0,0
7265,0,0,0,0,0,0,0,0,0
7266,0,0,0,0,0,0,0,0,0
7267,0.000147723,1.13767e-05,1.78977e-09,1.04371e-10,2.41829e-12,3.67902e-12,9.50502e-19,4.4203e-32,0.000159102
7268,0,0,0,0,0,0,0,0,0
7269,0,0,0,0,0,0,0,0,0
7270,1.13844e-06,9.17882e-09,1.10146e-22,5.92292e-24,5.10132e-26,3.63611e-26,4.02366e-33,1.24905e-45,1.14762e-06
7271,0,0,0,0,0,0,0,0,0
7272,0,0,0,0,0,0,0,0,0
7273,0,0,0,0,0,0,0,0,0
7274,0.00014336,8.07434e-06,2.50047e-10,2.36778e-11,3.56134e-13,6.9515e-13,5.80697e-20,1.99726e-32,0.000151435
7275,9.39966e-07,3.30626e-09,3.06077e-17,1.74877e-18,1.51152e-20,2.27714e-20,2.96342e-27,1.17544e-39,9.43273e-07
7276,0,0,0,0,0,0,0,0,0
7277,0,0,0,0,0,0,0,0,0
7278,0,0,0,0,0,0,0,0,0
7279,0.000151239,4.67902e-06,1.30201e-13,1.42011e-14,3.01952e-16,3.81446e-16,2.99206e-23,5.4532e-36,0.000155918
7280,1.73078e-05,2.74806e-07,2.65967e-16,2.19034e-17,3.32727e-19,2.97664e-19,4.21516e-26,1.48074e-38,1.75827e-05
7281,0,0,0,0,0,0,0,0,0
7282,0,0,0,0,0,0,0,0,0
7283,0,0,0,0,0,0,0,0,0
7284,0,0,0,0,0,0,0,0,0
7285,0,0,0,0,0,0,0,0,0
7286,0,0,0,0,0,0,0,0,0
7287,0,0,0,0,0,0,0,0,0
7288,0,0,0,0,0,0,0,0,0
7289,0,0,0,0,0,0,0,0,0
7290,1.34852e-05,3.79974e-07,1.05117e-14,8.75027e-16,8.23922e-18,3.07976e-18,1.97474e-25,9.29928e-38,1.38652e-05
7291,0,0,0,0,0,0,0,0,0
7292,0,0,0,0,0,0,0,0,0
7293,0,0,0,0,0,0,0,0,0
7294,0,0,0,0,0,0,0,0,0
7295,0,0,0,0,0,0,0,0,0
7296,0,0,0,0,0,0,0,0,0
7297,0,0,0,0,0,0,0,0,0
7298,0,0,0,0,0,0,0,0,0
7299,0,0,0,0,0,0,0,0,0
7300,1.91704e-06,3.69161e-08,7.99517e-17,4.1407e-18,3.10224e-20,7.32541e-21,2.59891e-28,3.79914e-41,1.95396e-06
7301,0,0,0,0,0,0,0,0,0
7302,1.15222e-05,1.83582e-07,6.01962e-16,3.99502e-17,3.93558e-19,1.8289e-18,1.75121e-25,5.42844e-38,1.17058e-05
7303,1.38562e-06,1.66601e-08,9.53461e-15,3.60933e-16,2.41093e-18,4.62764e-18,3.46778e-25,3.99574e-38,1.40228e-06
7304,0,0,0,0,0,0,0,0,0
7305,2.34323e-06,7.64669e-09,9.34586e-17,7.42448e-18,1.12297e-19,5.03688e-20,6.82101e-27,2.00074e-39,2.35088e-06
7306,0,0,0,0,0,0,0,0,0
7307,0,0,0,0,0,0,0,0,0
7308,0,0,0,0,0,0,0,0,0
7309,0,0,0,0,0,0,0,0,0
7310,8.45617e-06,1.45199e-07,6.55395e-16,4.75142e-17,4.87706e-19,3.18829e-19,2.58041e-26,9.61594e-39,8.60137e-06
7311,0,0,0,0,0,0,0,0,0
7312,0,0,0,0,0,0,0,0,0
7313,0,0,0,0,0,0,0,0,0
7314,0.00103881,0.000136225,3.40682e-06,4.11791e-07,8.93864e-09,1.85255e-08,3.09967e-15,1.45324e-27,0.00117889
7315,0,0,0,0,0,0,0,0,0
7316,4.52833e-05,1.09258e-06,4.45618e-15,4.28723e-16,6.68393e-18,9.02176e-18,1.54132e-24,7.82195e-37,4.63758e-05
7317,0,0,0,0,0,0,0,0,0
7318,0,0,0,0,0,0,0,0,0
7319,0,0,0,0,0,0,0,0,0
7320,0,0,0,0,0,0,0,0,0
7321,0.000977036,0.000105828,2.49837e-07,3.15325e-08,7.52255e-10,1.57336e-09,4.38357e-16,2.72523e-28,0.00108315
7322,0,0,0,0,0,0,0,0,0
7323,1.65373e-05,1.4234e-09,6.57555e-12,6.77725e-13,1.57002e-14,1.01728e-14,2.25634e-21,7.66939e-34,1.65388e-05
7324,0.00010327,4.02082e-06,2.75199e-15,2.55349e-16,4.45369e-18,1.09771e-17,2.25107e-24,9.59855e-37,0.000107291
7325,0,0,0,0,0,0,0,0,0
7326,0,0,0,0,0,0,0,0,0
7327,0.000176358,1.23023e-05,1.13999e-08,1.00713e-09,1.47762e-11,5.13136e-11,6.60239e-18,2.42251e-30,0.000188673
7328,0,0,0,0,0,0,0,0,0
7329,0,0,0,0,0,0,0,0,0
7330,0.000862056,7.97218e-05,4.11427e-08,5.11551e-09,1.32631e-10,2.27924e-10,5.71546e-17,2.65842e-29,0.000941824
7331,7.20595e-06,1.1894e-07,1.36015e-11,1.06039e-12,8.74564e-15,2.55165e-15,8.1808e-23,2.78841e-35,7.32491e-06
7332,0,0,0,0,0,0,0,0,0
7333,0,0,0,0,0,0,0,0,0
7334,0,0,0,0,0,0,0,0,0
7335,0,0,0,0,0,0,0,0,0
7336,0,0,0,0,0,0,0,0,0
7337,0,0,0,0,0,0,0,0,0
7338,0,0,0,0,0,0,0,0,0
7339,0,0,0,0,0,0,0,0,0
7340,0,0,0,0,0,0,0,0,0
7341,0,0,0,0,0,0,0,0,0
7342,1.34221e-06,1.51121e-08,3.14001e-12,1.62322e-13,1.2912e-15,2.49582e-16,1.28632e-23,2.06379e-36,1.35733e-06
7343,0.00162556,0.000152029,3.20014e-06,4.60598e-07,1.46254e-08,1.21585e-08,2.95693e-16,3.07811e-29,0.00178127
7344,2.72166e-05,3.10122e-07,4.43123e-11,4.32376e-12,8.20858e-14,4.81128e-14,3.19593e-21,5.3175e-34,2.75267e-05
7345,0,0,0,0,0,0,0,0,0
7346,0,0,0,0,0,0,0,0,0
7347,0,0,0,0,0,0,0,0,0
7348,0,0,0,0,0,0,0,0,0
7349,0,0,0,0,0,0,0,0,0
7350,0,0,0,0,0,0,0,0,0
7351,0,0,0,0,0,0,0,0,0
7352,0,0,0,0,0,0,0,0,0
7353,0,0,0,0,0,0,0,0,0
7354,0,0,0,0,0,0,0,0,0
7355,2.00726e-05,4.19477e-07,5.64801e-15,4.41922e-16,6.44638e-18,5.88373e-18,8.59434e-25,2.45e-37,2.04921e-05
7356,1.41936e-06,4.89744e-09,5.49388e-22,3.75339e-23,5.09154e-25,2.78895e-25,4.02256e-32,9.34941e-45,1.42426e-06
7357,2.22227e-06,1.93733e-10,2.94278e-11,1.83027e-12,1.29286e-14,2.33886e-16,4.12668e-23,1.27762e-36,2.2225e-06
7358,0,0,0,0,0,0,0,0,0
7359,0,0,0,0,0,0,0,0,0
7360,0,0,0,0,0,0,0,0,0
7361,0,0,0,0,0,0,0,0,0
7362,0,0,0,0,0,0,0,0,0
7363,1.24236e-06,7.0173e-09,8.78715e-18,4.67238e-19,5.56049e-21,2.2981e-21,2.52288e-28,3.30916e-41,1.24937e-06
7364,0,0,0,0,0,0,0,0,0
7365,0,0,0,0,0,0,0,0,0
7366,0,0,0,0,0,0,0,0,0
7367,0,0,0,0,0,0,0,0,0
7368,0,0,0,0,0,0,0,0,0
7369,0,0,0,0,0,0,0,0,0
7370,0,0,0,0,0,0,0,0,0
7371,0,0,0,0,0,0,0,0,0
7372,0,0,0,0,0,0,0,0,0
7373,0,0,0,0,0,0,0,0,0
7374,0,0,0,0,0,0,0,0,0
7375,0,0,0,0,0,0,0,0,0
7376,0,0,0,0,0,0,0,0,0
7377,0,0,0,0,0,0,0,0,0
7378,0,0,0,0,0,0,0,0,0
7379,0.000119896,1.3286e-06,7.10017e-12,9.51728e-13,2.90026e-14,8.65225e-16,8.44809e-21,2.89291e-33,0.000121225
7380,0,0,0,0,0,0,0,0,0
7381,0,0,0,0,0,0,0,0,0
7382,0,0,0,0,0,0,0,0,0
7383,0.000188144,1.29956e-05,2.28245e-08,2.03351e-09,4.15554e-11,4.60255e-11,1.00602e-17,2.57912e-30,0.000201164
7384,0,0,0,0,0,0,0,0,0
7385,0,0,0,0,0,0,0,0,0
7386,0,0,0,0,0,0,0,0,0
7387,1.44209e-05,1.32285e-07,2.4017e-20,1.99214e-21,4.07189e-23,1.83561e-23,3.10516e-34,5.38692e-43,1.45532e-05
7388,0,0,0,0,0,0,0,0,0
7389,6.38502e-06,3.23505e-08,4.85659e-15,4.19633e-16,5.50467e-18,5.2009e-18,4.53221e-25,1.24314e-37,6.41738e-06
7390,1.92603e-06,2.19584e-07,2.05902e-12,1.76756e-13,2.15043e-15,5.31033e-15,8.29738e-22,3.3716e-34,2.14561e-06
7391,0,0,0,0,0,0,0,0,0
7392,0,0,0,0,0,0,0,0,0
7393,1.41997e-05,4.99469e-07,8.45028e-14,5.81214e-15,5.35733e-17,3.52179e-17,1.50651e-24,2.70783e-37,1.46992e-05
7394,0,0,0,0,0,0,0,0,0
7395,2.85053e-06,2.03243e-08,2.28306e-14,1.49587e-15,1.74606e-17,6.56991e-18,5.48982e-25,9.16238e-38,2.87085e-06
7396,0.000132,3.7945e-06,1.4618e-09,1.66296e-10,4.09342e-12,2.11291e-12,3.12754e-19,7.44549e-32,0.000135797
7397,0,0,0,0,0,0,0,0,0
7398,0,0,0,0,0,0,0,0,0
7399,0,0,0,0,0,0,0,0,0
7400,0,0,0,0,0,0,0,0,0
7401,0,0,0,0,0,0,0,0,0
7402,1.40329e-06,2.33025e-09,3.29416e-14,2.19889e-15,2.78973e-17,1.92548e-17,1.98242e-24,3.37022e-37,1.40562e-06
7403,0,0,0,0,0,0,0,0,0
7404,0,0,0,0,0,0,0,0,0
7405,0,0,0,0,0,0,0,0,0
7406,0,0,0,0,0,0,0,0,0
7407,0,0,0,0,0,0,0,0,0
7408,8.64011e-06,1.28629e-07,1.60505e-14,1.13024e-15,1.32492e-17,1.26175e-17,1.39102e-24,3.27007e-37,8.76874e-06
7409,0,0,0,0,0,0,0,0,0
7410,5.15142e-07,1.85913e-10,1.3333e-10,7.41504e-12,6.288e-14,8.41211e-14,9.75423e-21,2.20949e-33,5.15469e-07
7411,0,0,0,0,0,0,0,0,0
7412,0,0,0,0,0,0,0,0,0
7413,0,0,0,0,0,0,0,0,0
7414,0,0,0,0,0,0,0,0,0
7415,0,0,0,0,0,0,0,0,0
7416,0,0,0,0,0,0,0,0,0
7417,0,0,0,0,0,0,0,0,0
7418,0,0,0,0,0,0,0,0,0
7419,0,0,0,0,0,0,0,0,0
7420,2.18622e-06,2.25703e-08,5.40564e-22,2.44669e-23,3.90011e-25,1.32381e-25,2.34942e-32,1.44536e-45,2.20879e-06
7421,0,0,0,0,0,0,0,0,0
7422,0,0,0,0,0,0,0,0,0
7423,0,0,0,0,0,0,0,0,0
7424,0,0,0,0,0,0,0,0,0
7425,5.44091e-05,2.32869e-06,9.11893e-12,7.72291e-13,1.02376e-14,8.30146e-15,7.25064e-22,1.71657e-34,5.67378e-05
7426,0,0,0,0,0,0,0,0,0
7427,0,0,0,0,0,0,0,0,0
7428,1.62144e-06,7.5887e-08,9.72984e-13,1.069e-15,7.71805e-18,1.8371e-18,8.51088e-26,7.42397e-36,1.69733e-06
7429,0,0,0,0,0,0,0,0,0
7430,2.54717e-06,2.06105e-08,2.22931e-17,1.28928e-18,1.66361e-20,7.7457e-21,9.1332e-28,1.11406e-40,2.56778e-06
7431,0,0,0,0,0,0,0,0,0
7432,0,0,0,0,0,0,0,0,0
7433,2.75771e-05,8.51601e-07,5.89932e-14,4.39454e-15,4.71997e-17,1.0455e-16,8.21244e-24,1.93076e-36,2.84287e-05
7434,5.97867e-06,5.73017e-08,1.87307e-11,1.3018e-12,1.29222e-14,1.22623e-14,9.16773e-22,1.96467e-34,6.036e-06
7435,0,0,0,0,0,0,0,0,0
7436,0,0,0,0,0,0,0,0,0
7437,0,0,0,0,0,0,0,0,0
7438,0,0,0,0,0,0,0,0,0
7439,7.6651e-05,2.62318e-06,5.01139e-10,4.12308e-11,6.96675e-13,1.3698e-12,1.66948e-19,2.81185e-32,7.92747e-05
7440,0,0,0,0,0,0,0,0,0
7441,0,0,0,0,0,0,0,0,0
7442,0.000272995,3.06083e-05,4.60041e-08,3.68254e-09,7.3502e-11,1.34951e-10,4.97028e-17,1.28297e-29,0.000303653
7443,0,0,0,0,0,0,0,0,0
7444,2.02922e-05,2.06234e-07,1.95789e-12,1.77873e-13,2.93955e-15,2.21012e-15,1.72366e-22,2.78395e-35,2.04984e-05
7445,0,0,0,0,0,0,0,0,0
7446,0.00026841,3.51651e-05,6.16954e-07,5.16802e-08,7.61973e-10,1.34303e-09,1.65352e-16,3.73596e-29,0.000304245
7447,1.23669e-05,2.35044e-07,2.97514e-15,1.80749e-16,1.82744e-18,8.03669e-18,7.37747e-25,1.22249e-37,1.26019e-05
7448,0,0,0,0,0,0,0,0,0
7449,0,0,0,0,0,0,0,0,0
7450,0,0,0,0,0,0,0,0,0
7451,0,0,0,0,0,0,0,0,0
7452,0,0,0,0,0,0,0,0,0
7453,0,0,0,0,0,0,0,0,0
7454,0,0,0,0,0,0,0,0,0
7455,0,0,0,0,0,0,0,0,0
7456,0,0,0,0,0,0,0,0,0
7457,0,0,0,0,0,0,0,0,0
7458,2.51232e-05,7.11984e-07,4.34883e-12,3.05229e-13,4.01206e-15,4.6186e-15,2.6036e-22,2.66727e-35,2.58352e-05
7459,0,0,0,0,0,0,0,0,0
7460,0,0,0,0,0,0,0,0,0
7461,0,0,0,0,0,0,0,0,0
7462,0,0,0,0,0,0,0,0,0
7463,3.77355e-05,3.33522e-07,1.96372e-10,2.01422e-11,3.22853e-13,2.16903e-13,2.0622e-20,5.11275e-33,3.80692e-05
7464,0,0,0,0,0,0,0,0,0
7465,0,0,0,0,0,0,0,0,0
7466,0,0,0,0,0,0,0,0,0
7467,4.11472e-06,3.3457e-08,1.61456e-20,1.00467e-21,1.46503e-23,1.05224e-23,1.09038e-30,1.05814e-43,4.14818e-06
7468,0,0,0,0,0,0,0,0,0
7469,6.50865e-06,8.74896e-08,1.85056e-13,1.16072e-14,1.42699e-16,9.94234e-17,1.61021e-23,2.8985e-36,6.59614e-06
7470,0,0,0,0,0,0,0,0,0
7471,0,0,0,0,0,0,0,0,0
7472,0,0,0,0,0,0,0,0,0
7473,0,0,0,0,0,0,0,0,0
7474,0,0,0,0,0,0,0,0,0
7475,0,0,0,0,0,0,0,0,0
7476,0,0,0,0,0,0,0,0,0
7477,0,0,0,0,0,0,0,0,0
7478,0,0,0,0,0,0,0,0,0
7479,0,0,0,0,0,0,0,0,0
7480,0,0,0,0,0,0,0,0,0
7481,0,0,0,0,0,0,0,0,0
7482,0,0,0,0,0,0,0,0,0
7483,0,0,0,0,0,0,0,0,0
7484,2.64135e-05,9.68706e-07,7.61803e-13,5.86431e-14,5.0729e-16,3.09254e-16,4.72838e-24,7.03908e-37,2.73822e-05
7485,0,0,0,0,0,0,0,0,0
7486,0,0,0,0,0,0,0,0,0
7487,0.000843017,9.98417e-05,2.16999e-06,2.42792e-07,5.39581e-09,8.49156e-09,9.69669e-16,1.64378e-28,0.000945285
7488,0,0,0,0,0,0,0,0,0
7489,0,0,0,0,0,0,0,0,0
7490,0,0,0,0,0,0,0,0,0
7491,0,0,0,0,0,0,0,0,0
7492,0,0,0,0,0,0,0,0,0
7493,0,0,0,0,0,0,0,0,0
7494,0,0,0,0,0,0,0,0,0
7495,0,0,0,0,0,0,0,0,0
7496,0,0,0,0,0,0,0,0,0
7497,0,0,0,0,0,0,0,0,0
7498,0,0,0,0,0,0,0,0,0
7499,6.2947e-05,3.47914e-06,1.74854e-10,1.20303e-11,1.35633e-13,4.20603e-13,2.31417e-20,2.55407e-33,6.64264e-05
7500,0,0,0,0,0,0,0,0,0
7501,0,0,0,0,0,0,0,0,0
7502,0,0,0,0,0,0,0,0,0
7503,0,0,0,0,0,0,0,0,0
7504,0,0,0,0,0,0,0,0,0
7505,0,0,0,0,0,0,0,0,0
7506,0,0,0,0,0,0,0,0,0
7507,0,0,0,0,0,0,0,0,0
7508,0,0,0,0,0,0,0,0,0
7509,0,0,0,0,0,0,0,0,0
7510,8.26608e-06,9.76795e-08,8.33338e-09,4.56766e-10,4.78248e-12,2.96212e-12,1.16e-19,6.35041e-33,8.37255e-06
7511,0,0,0,0,0,0,0,0,0
7512,0,0,0,0,0,0,0,0,0
7513,4.85838e-06,1.60313e-07,2.69539e-15,8.03155e-17,5.43659e-21,6.8568e-18,1.72613e-25,3.52124e-38,5.01869e-06
7514,0,0,0,0,0,0,0,0,0
7515,0,0,0,0,0,0,0,0,0
7516,0,0,0,0,0,0,0,0,0
7517,0,0,0,0,0,0,0,0,0
7518,3.59765e-05,5.05066e-06,5.33104e-08,2.29135e-09,1.99672e-11,2.4821e-11,2.85328e-18,1.62583e-31,4.10828e-05
7519,0,0,0,0,0,0,0,0,0
7520,0,0,0,0,0,0,0,0,0
7521,0,0,0,0,0,0,0,0,0
7522,0,0,0,0,0,0,0,0,0
7523,0,0,0,0,0,0,0,0,0
7524,9.33412e-05,3.35751e-06,1.98994e-14,1.69539e-15,3.63277e-17,4.08999e-17,6.91937e-24,8.4879e-37,9.66987e-05
7525,5.24684e-05,5.83873e-06,5.80407e-08,2.95598e-09,3.08481e-11,4.42529e-11,2.90041e-18,1.56617e-31,5.83682e-05
7526,0,0,0,0,0,0,0,0,0
7527,2.18563e-05,1.15935e-07,1.70972e-09,1.50327e-10,2.12243e-12,2.12873e-12,1.93716e-19,3.44957e-32,2.19741e-05
7528,5.02275e-05,1.3376e-06,7.15445e-18,6.27071e-19,9.51687e-21,1.68683e-20,1.96528e-27,3.68705e-40,5.15651e-05
7529,0,0,0,0,0,0,0,0,0
7530,0,0,0,0,0,0,0,0,0
7531,3.08153e-06,5.85331e-09,3.75192e-11,2.14813e-12,2.04509e-14,1.75766e-14,1.52149e-21,1.97648e-34,3.08742e-06
7532,0,0,0,0,0,0,0,0,0
7533,0,0,0,0,0,0,0,0,0
7534,0,0,0,0,0,0,0,0,0
7535,0,0,0,0,0,0,0,0,0
7536,0,0,0,0,0,0,0,0,0
7537,1.88754e-05,4.34453e-07,1.68384e-17,1.11342e-18,6.6272e-21,5.32442e-20,1.31594e-27,1.62321e-40,1.93098e-05
7538,0,0,0,0,0,0,0,0,0
7539,2.41055e-05,1.35836e-06,1.19346e-09,6.4234e-11,6.78844e-13,7.55335e-13,4.70864e-20,3.08619e-33,2.54651e-05
7540,0,0,0,0,0,0,0,0,0
7541,0,0,0,0,0,0,0,0,0
7542,0,0,0,0,0,0,0,0,0
7543,0,0,0,0,0,0,0,0,0
7544,0,0,0,0,0,0,0,0,0
7545,0,0,0,0,0,0,0,0,0
7546,0,0,0,0,0,0,0,0,0
7547,0,0,0,0,0,0,0,0,0
7548,0,0,0,0,0,0,0,0,0
7549,3.07386e-06,1.46787e-08,1.99897e-22,1.39024e-23,1.92536e-25,1.37605e-25,1.10863e-32,1.20216e-45,3.08853e-06
7550,0,0,0,0,0,0,0,0,0
7551,8.20391e-06,7.64085e-08,1.86016e-20,1.32535e-21,1.85528e-23,2.17639e-23,1.31974e-30,1.0441e-43,8.28032e-06
7552,0,0,0,0,0,0,0,0,0
7553,0,0,0,0,0,0,0,0,0
7554,4.07016e-06,2.48606e-08,3.50336e-21,2.25249e-22,3.6911e-24,2.38753e-24,1.55562e-31,7.44989e-45,4.09502e-06
7555,0,0,0,0,0,0,0,0,0
7556,0,0,0,0,0,0,0,0,0
7557,0,0,0,0,0,0,0,0,0
7558,0,0,0,0,0,0,0,0,0
7559,2.05459e-06,3.42596e-09,9.35329e-21,6.28704e-22,9.47578e-24,4.99596e-24,2.23388e-31,1.03191e-44,2.05802e-06
7560,0,0,0,0,0,0,0,0,0
7561,4.87749e-05,2.33492e-06,4.03328e-15,3.31582e-16,3.84773e-18,3.33445e-18,2.44071e-25,4.13823e-38,5.11098e-05
7562,0,0,0,0,0,0,0,0,0
7563,0,0,0,0,0,0,0,0,0
7564,0,0,0,0,0,0,0,0,0
7565,5.45734e-06,1.13254e-07,1.73257e-13,7.88658e-15,8.4814e-17,5.29088e-17,2.99106e-24,8.12072e-38,5.5706e-06
7566,5.55678e-05,1.08149e-06,1.99288e-15,1.38345e-16,1.62391e-18,2.56124e-18,1.18321e-25,9.46502e-39,5.66493e-05
7567,0.000288036,2.8572e-05,4.12866e-07,3.27728e-08,6.4666e-10,6.70193e-10,5.45571e-17,3.16607e-30,0.000317055
7568,0,0,0,0,0,0,0,0,0
7569,3.83694e-06,1.99412e-07,2.71746e-10,2.13078e-11,2.5825e-13,2.21147e-13,4.10429e-22,3.12369e-34,4.03665e-06
7570,0,0,0,0,0,0,0,0,0
7571,8.977e-05,2.03962e-06,7.98625e-12,7.53376e-13,1.55184e-14,2.25324e-14,5.24561e-21,9.60501e-34,9.18096e-05
7572,0,0,0,0,0,0,0,0,0
7573,0,0,0,0,0,0,0,0,0
7574,0,0,0,0,0,0,0,0,0
7575,0,0,0,0,0,0,0,0,0
7576,0,0,0,0,0,0,0,0,0
7577,0,0,0,0,0,0,0,0,0
7578,2.34908e-07,2.40205e-10,1.66811e-18,9.03377e-20,8.75282e-22,5.33895e-22,2.2737e-29,1.28778e-42,2.35149e-07
7579,0,0,0,0,0,0,0,0,0
7580,0,0,0,0,0,0,0,0,0
7581,0,0,0,0,0,0,0,0,0
7582,0,0,0,0,0,0,0,0,0
7583,0,0,0,0,0,0,0,0,0
7584,0,0,0,0,0,0,0,0,0
7585,0,0,0,0,0,0,0,0,0
7586,0,0,0,0,0,0,0,0,0
7587,2.6618e-05,1.33693e-06,4.51637e-12,3.04356e-13,2.867e-15,4.14356e-15,5.51197e-22,1.2102e-34,2.7955e-05
7588,1.06722e-06,1.24677e-09,6.364e-16,4.15251e-17,3.95866e-19,2.2863e-18,2.86935e-24,7.65655e-37,1.06847e-06
7589,0,0,0,0,0,0,0,0,0
7590,0,0,0,0,0,0,0,0,0
7591,0,0,0,0,0,0,0,0,0
7592,0,0,0,0,0,0,0,0,0
7593,0,0,0,0,0,0,0,0,0
7594,0,0,0,0,0,0,0,0,0
7595,0,0,0,0,0,0,0,0,0
7596,0,0,0,0,0,0,0,0,0
7597,5.33927e-05,2.36027e-06,1.56364e-12,1.09459e-13,1.21091e-15,4.18638e-15,4.5248e-22,6.1842e-35,5.5753e-05
7598,7.34455e-06,3.94735e-07,1.17764e-13,1.04742e-14,1.58747e-16,4.00029e-16,6.98297e-23,1.49301e-35,7.73929e-06
7599,0,0,0,0,0,0,0,0,0
7600,0,0,0,0,0,0,0,0,0
7601,0,0,0,0,0,0,0,0,0
7602,0.000464294,3.35858e-05,3.8788e-08,4.22796e-09,8.41587e-11,1.54549e-10,9.02088e-18,8.74281e-31,0.000497923
7603,0,0,0,0,0,0,0,0,0
7604,7.92438e-06,8.91217e-08,7.73866e-13,4.86269e-14,3.16263e-16,1.64991e-15,3.42085e-23,2.74783e-36,8.01351e-06
7605,0,0,0,0,0,0,0,0,0
7606,0,0,0,0,0,0,0,0,0
7607,0,0,0,0,0,0,0,0,0
7608,2.11773e-06,5.06107e-09,1.28946e-19,9.78355e-21,1.84396e-22,9.1e-23,1.85876e-29,1.98929e-42,2.12279e-06
7609,9.61382e-05,6.42655e-06,1.78882e-10,1.28014e-11,2.51457e-13,1.24379e-13,1.45526e-20,8.27634e-34,0.000102565
7610,0,0,0,0,0,0,0,0,0
7611,0,0,0,0,0,0,0,0,0
7612,0,0,0,0,0,0,0,0,0
7613,1.7908e-05,3.73004e-07,7.01174e-14,5.44876e-15,5.84601e-17,7.21351e-17,4.96497e-24,7.04894e-37,1.8281e-05
7614,0,0,0,0,0,0,0,0,0
7615,1.508e-05,1.8357e-07,4.2931e-17,3.40548e-18,5.25815e-20,3.94066e-20,1.88642e-27,1.15394e-40,1.52636e-05
7616,0,0,0,0,0,0,0,0,0
7617,0,0,0,0,0,0,0,0,0
7618,0,0,0,0,0,0,0,0,0
7619,0,0,0,0,0,0,0,0,0
7620,0,0,0,0,0,0,0,0,0
7621,0,0,0,0,0,0,0,0,0
7622,0,0,0,0,0,0,0,0,0
7623,5.00818e-06,7.26945e-08,3.88073e-16,1.86137e-17,1.90884e-19,1.13875e-19,1.16614e-26,7.37588e-40,5.08088e-06
7624,0,0,0,0,0,0,0,0,0
7625,0,0,0,0,0,0,0,0,0
7626,0.000393996,5.09902e-05,9.72653e-07,8.47453e-08,1.35219e-09,3.32782e-09,3.94733e-16,5.21044e-29,0.000446048
7627,0,0,0,0,0,0,0,0,0
7628,0,0,0,0,0,0,0,0,0
7629,0,0,0,0,0,0,0,0,0
7630,7.49179e-06,8.8416e-09,6.04373e-08,4.20052e-09,4.70699e-11,3.11526e-11,1.97455e-18,1.81039e-31,7.56535e-06
7631,0.00041166,2.75801e-05,1.01459e-09,1.04297e-10,3.02609e-12,1.93031e-12,2.8517e-19,2.16004e-32,0.000439241
7632,6.28974e-06,1.54834e-07,1.8283e-11,8.44978e-13,5.70921e-15,1.33951e-15,4.38684e-23,1.99133e-36,6.4446e-06
7633,0,0,0,0,0,0,0,0,0
7634,0,0,0,0,0,0,0,0,0
7635,0.000135236,3.35868e-06,1.82576e-09,2.05141e-10,4.20648e-12,5.29113e-12,6.73192e-19,9.67774e-32,0.000138597
7636,0,0,0,0,0,0,0,0,0
7637,0,0,0,0,0,0,0,0,0
7638,0,0,0,0,0,0,0,0,0
7639,0,0,0,0,0,0,0,0,0
7640,0,0,0,0,0,0,0,0,0
7641,0,0,0,0,0,0,0,0,0
7642,0,0,0,0,0,0,0,0,0
7643,0,0,0,0,0,0,0,0,0
7644,0,0,0,0,0,0,0,0,0
7645,0,0,0,0,0,0,0,0,0
7646,0,0,0,0,0,0,0,0,0
7647,1.14412e-05,1.43192e-07,4.97388e-13,3.00378e-14,1.99629e-16,8.21422e-16,1.14846e-25,1.19078e-36,1.15844e-05
7648,0,0,0,0,0,0,0,0,0
7649,9.30969e-06,1.63871e-07,8.79076e-15,5.17775e-16,5.75243e-18,9.73879e-18,9.53902e-25,7.56558e-38,9.47356e-06
7650,3.04129e-06,4.99062e-08,9.67321e-13,5.23252e-14,2.40525e-16,5.14997e-16,2.05065e-23,2.88437e-36,3.0912e-06
7651,0,0,0,0,0,0,0,0,0
7652,0,0,0,0,0,0,0,0,0
7653,0,0,0,0,0,0,0,0,0
7654,0,0,0,0,0,0,0,0,0
7655,0.00103974,0.000122297,2.77368e-06,3.28303e-07,7.07375e-09,1.25738e-08,1.20272e-15,1.49265e-28,0.00116516
7656,0,0,0,0,0,0,0,0,0
7657,0,0,0,0,0,0,0,0,0
7658,4.52619e-06,2.13401e-08,2.3586e-15,1.81645e-16,2.48113e-18,5.06368e-19,3.05972e-26,2.1724e-39,4.54753e-06
7659,1.56078e-06,6.51237e-09,3.91785e-18,2.62313e-19,2.91903e-21,8.8489e-22,2.49599e-29,1.04824e-42,1.5673e-06
7660,1.87223e-06,2.41412e-08,8.28521e-16,3.81955e-17,2.11057e-19,6.23038e-19,1.43193e-26,7.96286e-40,1.89637e-06
7661,0,0,0,0,0,0,0,0,0
7662,0,0,0,0,0,0,0,0,0
7663,0,0,0,0,0,0,0,0,0
7664,0,0,0,0,0,0,0,0,0
7665,0.000713379,6.62707e-05,1.13197e-06,1.24623e-07,2.70213e-09,3.76106e-09,1.59614e-16,7.70208e-30,0.000780913
7666,0,0,0,0,0,0,0,0,0
7667,0,0,0,0,0,0,0,0,0
7668,0,0,0,0,0,0,0,0,0
7669,0,0,0,0,0,0,0,0,0
7670,0,0,0,0,0,0,0,0,0
7671,0,0,0,0,0,0,0,0,0
7672,0,0,0,0,0,0,0,0,0
7673,0,0,0,0,0,0,0,0,0
7674,0.000138008,4.66107e-06,1.02565e-11,9.86272e-13,1.87756e-14,3.08238e-14,1.49081e-21,8.32579e-35,0.000142669
7675,0,0,0,0,0,0,0,0,0
7676,0,0,0,0,0,0,0,0,0
7677,0,0,0,0,0,0,0,0,0
7678,0,0,0,0,0,0,0,0,0
7679,0,0,0,0,0,0,0,0,0
7680,0,0,0,0,0,0,0,0,0
7681,0,0,0,0,0,0,0,0,0
7682,0,0,0,0,0,0,0,0,0
7683,3.56173e-06,1.0153e-07,1.50216e-10,5.89376e-12,6.68968e-14,1.14642e-13,1.07938e-20,3.05762e-32,3.66341e-06
7684,0,0,0,0,0,0,0,0,0
7685,0,0,0,0,0,0,0,0,0
7686,0,0,0,0,0,0,0,0,0
7687,0.000334018,2.45102e-05,1.4776e-09,1.49002e-10,2.30018e-12,7.10793e-12,4.19345e-19,3.94652e-32,0.00035853
7688,0,0,0,0,0,0,0,0,0
7689,0,0,0,0,0,0,0,0,0
7690,0.000260245,3.94635e-05,7.62007e-07,5.73802e-08,7.47216e-10,2.22502e-09,3.61397e-16,5.1101e-29,0.00030053
7691,0,0,0,0,0,0,0,0,0
7692,0,0,0,0,0,0,0,0,0
7693,0,0,0,0,0,0,0,0,0
7694,0,0,0,0,0,0,0,0,0
7695,7.94132e-07,6.34987e-09,8.18375e-21,2.90358e-22,5.83439e-25,8.90113e-24,8.58636e-32,3.39027e-45,8.00482e-07
7696,0,0,0,0,0,0,0,0,0
7697,0,0,0,0,0,0,0,0,0
7698,3.26115e-06,4.47371e-08,3.99651e-14,2.01948e-15,1.89613e-17,9.11854e-18,3.29775e-25,9.78908e-39,3.30589e-06
7699,2.63106e-06,8.80448e-09,4.95008e-14,3.85616e-15,4.05845e-17,9.54278e-18,2.8145e-25,1.81603e-38,2.63987e-06
7700,0,0,0,0,0,0,0,0,0
7701,5.66589e-06,4.45476e-08,3.08922e-16,2.3581e-17,2.9856e-19,9.86284e-20,3.25127e-27,1.55479e-40,5.71044e-06
7702,0,0,0,0,0,0,0,0,0
7703,2.25731e-06,1.37857e-08,3.47823e-19,2.21015e-20,2.09487e-22,1.68486e-22,9.69131e-30,7.54016e-43,2.27109e-06
7704,0,0,0,0,0,0,0,0,0
7705,6.42105e-05,2.76009e-06,8.38206e-13,5.13547e-14,7.02106e-16,1.56158e-15,1.67739e-22,9.20104e-36,6.69706e-05
7706,0,0,0,0,0,0,0,0,0
7707,1.76094e-06,5.08688e-09,2.15045e-17,1.35501e-18,1.54729e-20,1.01702e-20,2.43914e-28,6.94205e-42,1.76603e-06
7708,0,0,0,0,0,0,0,0,0
7709,0,0,0,0,0,0,0,0,0
7710,0,0,0,0,0,0,0,0,0
7711,0,0,0,0,0,0,0,0,0
7712,9.51843e-05,1.48899e-06,2.21044e-07,2.02792e-08,4.24906e-10,4.42355e-10,4.13779e-17,2.31042e-30,9.69154e-05
7713,0,0,0,0,0,0,0,0,0
7714,1.042e-06,1.17567e-08,4.08723e-13,2.06006e-14,1.32405e-16,1.72032e-17,7.93132e-25,5.78738e-38,1.05376e-06
7715,0,0,0,0,0,0,0,0,0
7716,0,0,0,0,0,0,0,0,0
7717,0,0,0,0,0,0,0,0,0
7718,0,0,0,0,0,0,0,0,0
7719,0,0,0,0,0,0,0,0,0
7720,0,0,0,0,0,0,0,0,0
7721,0,0,0,0,0,0,0,0,0
7722,0,0,0,0,0,0,0,0,0
7723,0,0,0,0,0,0,0,0,0
7724,0,0,0,0,0,0,0,0,0
7725,0,0,0,0,0,0,0,0,0
7726,0,0,0,0,0,0,0,0,0
7727,6.98888e-07,4.41878e-10,1.42438e-13,7.10701e-15,4.92561e-17,3.34015e-17,1.34222e-24,7.79634e-38,6.9933e-07
7728,0.000247233,2.35703e-05,9.15673e-09,8.19913e-10,1.07356e-11,2.94751e-11,3.23599e-18,4.52987e-31,0.000270814
7729,0,0,0,0,0,0,0,0,0
7730,0,0,0,0,0,0,0,0,0
7731,8.38166e-05,3.39495e-06,1.80202e-10,1.53322e-11,1.92594e-13,4.88717e-13,2.48831e-20,1.96784e-33,8.72117e-05
7732,1.15097e-06,9.85801e-09,2.53368e-23,1.27244e-24,9.99978e-27,4.26583e-27,1.27597e-34,4.56408e-48,1.16082e-06
7733,0,0,0,0,0,0,0,0,0
7734,0,0,0,0,0,0,0,0,0
7735,0,0,0,0,0,0,0,0,0
7736,1.89154e-05,3.49545e-07,5.33159e-12,3.68909e-13,3.17986e-15,1.65635e-14,7.64607e-22,6.28579e-35,1.9265e-05
7737,0,0,0,0,0,0,0,0,0
7738,0,0,0,0,0,0,0,0,0
7739,8.3401e-05,2.56813e-06,2.97756e-10,2.74235e-11,4.26523e-13,6.81322e-13,7.51731e-20,8.32323e-33,8.59695e-05
7740,0,0,0,0,0,0,0,0,0
7741,0,0,0,0,0,0,0,0,0
7742,0,0,0,0,0,0,0,0,0
7743,0,0,0,0,0,0,0,0,0
7744,0,0,0,0,0,0,0,0,0
7745,3.23381e-06,2.17467e-08,2.60534e-23,1.78608e-24,2.25151e-26,4.20749e-27,4.90288e-35,2.36756e-49,3.25556e-06
7746,0,0,0,0,0,0,0,0,0
7747,0,0,0,0,0,0,0,0,0
7748,0,0,0,0,0,0,0,0,0
7749,1.32126e-06,1.42343e-08,5.59465e-16,2.3285e-17,4.45248e-22,4.42547e-19,5.5698e-26,3.29051e-39,1.33549e-06
7750,0,0,0,0,0,0,0,0,0
7751,1.41125e-05,5.95935e-07,4.86537e-13,2.89296e-14,2.44385e-16,1.7891e-16,7.58571e-24,4.26182e-37,1.47085e-05
7752,0,0,0,0,0,0,0,0,0
7753,0,0,0,0,0,0,0,0,0
7754,0,0,0,0,0,0,0,0,0
7755,0,0,0,0,0,0,0,0,0
7756,0,0,0,0,0,0,0,0,0
7757,0,0,0,0,0,0,0,0,0
7758,7.97815e-05,9.54938e-06,1.12051e-07,8.40041e-09,6.02949e-11,7.69564e-11,2.05509e-18,1.85956e-31,8.94514e-05
7759,6.06319e-06,6.93995e-08,6.61326e-15,3.79173e-16,2.79351e-18,6.85108e-18,5.7938e-25,5.6994e-38,6.13258e-06
7760,2.90116e-06,2.02672e-08,1.73848e-15,1.02673e-16,9.77303e-19,4.57768e-19,2.28375e-26,1.13531e-39,2.92143e-06
7761,0,0,0,0,0,0,0,0,0
7762,0,0,0,0,0,0,0,0,0
7763,0,0,0,0,0,0,0,0,0
7764,0,0,0,0,0,0,0,0,0
7765,0,0,0,0,0,0,0,0,0
7766,0,0,0,0,0,0,0,0,0
7767,0,0,0,0,0,0,0,0,0
7768,3.89258e-05,5.79695e-07,8.56908e-08,6.43762e-09,1.12928e-10,7.85964e-11,7.5874e-18,3.40056e-31,3.95978e-05
7769,0,0,0,0,0,0,0,0,0
7770,0,0,0,0,0,0,0,0,0
7771,0,0,0,0,0,0,0,0,0
7772,0,0,0,0,0,0,0,0,0
7773,0,0,0,0,0,0,0,0,0
7774,0,0,0,0,0,0,0,0,0
7775,0,0,0,0,0,0,0,0,0
7776,1.72175e-05,4.63375e-07,2.39492e-13,1.6462e-14,1.53923e-16,2.17541e-16,1.01782e-23,6.90745e-37,1.76809e-05
7777,1.7194e-05,3.96598e-07,6.16848e-12,3.8793e-13,3.25254e-15,6.65237e-15,4.56693e-22,4.0306e-35,1.75906e-05
7778,0,0,0,0,0,0,0,0,0
7779,2.25487e-05,5.13391e-07,1.99284e-12,1.47603e-13,2.02439e-15,1.39706e-15,9.24969e-23,4.80566e-36,2.30621e-05
7780,2.63249e-05,3.34402e-07,4.4985e-19,3.72892e-20,8.37012e-22,6.36946e-22,1.41406e-28,9.23415e-42,2.66593e-05
7781,0,0,0,0,0,0,0,0,0
7782,0,0,0,0,0,0,0,0,0
7783,0,0,0,0,0,0,0,0,0
7784,0,0,0,0,0,0,0,0,0
7785,0,0,0,0,0,0,0,0,0
7786,1.3606e-06,1.79465e-08,1.15014e-19,4.26936e-21,1.41257e-23,1.4383e-22,4.3371e-30,2.21631e-43,1.37855e-06
7787,9.02544e-06,6.64049e-08,1.48698e-14,1.15686e-15,1.27649e-17,2.06649e-17,1.34363e-24,1.12058e-37,9.09184e-06
7788,0,0,0,0,0,0,0,0,0
7789,3.82596e-05,3.27755e-06,1.80432e-09,1.26284e-10,9.5891e-13,5.97587e-13,1.85435e-20,1.39611e-33,4.15391e-05
7790,0,0,0,0,0,0,0,0,0
7791,7.64568e-06,9.9033e-08,5.68845e-15,2.80402e-16,1.76281e-18,4.00852e-18,9.25477e-26,3.06569e-39,7.74472e-06
7792,0,0,0,0,0,0,0,0,0
7793,2.15438e-06,9.4442e-09,5.07469e-10,2.40718e-11,1.84418e-13,2.94925e-13,1.32486e-20,4.78404e-34,2.16436e-06
7794,0,0,0,0,0,0,0,0,0
7795,0,0,0,0,0,0,0,0,0
7796,0,0,0,0,0,0,0,0,0
7797,3.41579e-06,2.21193e-08,8.73591e-20,5.17379e-21,5.13881e-23,1.01501e-22,5.54382e-30,2.52494e-43,3.43791e-06
7798,0,0,0,0,0,0,0,0,0
7799,0,0,0,0,0,0,0,0,0
7800,0,0,0,0,0,0,0,0,0
7801,0,0,0,0,0,0,0,0,0
7802,0,0,0,0,0,0,0,0,0
7803,0,0,0,0,0,0,0,0,0
7804,0,0,0,0,0,0,0,0,0
7805,0,0,0,0,0,0,0,0,0
7806,0,0,0,0,0,0,0,0,0
7807,0,0,0,0,0,0,0,0,0
7808,0,0,0,0,0,0,0,0,0
7809,0,0,0,0,0,0,0,0,0
7810,0,0,0,0,0,0,0,0,0
7811,0,0,0,0,0,0,0,0,0
7812,0,0,0,0,0,0,0,0,0
7813,0,0,0,0,0,0,0,0,0
7814,0,0,0,0,0,0,0,0,0
7815,0,0,0,0,0,0,0,0,0
7816,0,0,0,0,0,0,0,0,0
7817,0,0,0,0,0,0,0,0,0
7818,0,0,0,0,0,0,0,0,0
7819,0,0,0,0,0,0,0,0,0
7820,0,0,0,0,0,0,0,0,0
7821,0,0,0,0,0,0,0,0,0
7822,0,0,0,0,0,0,0,0,0
7823,0,0,0,0,0,0,0,0,0
7824,0.000192354,1.28696e-05,5.85778e-09,5.27843e-10,7.57772e-12,1.59699e-11,1.06569e-18,7.28649e-32,0.00020523
7825,0,0,0,0,0,0,0,0,0
7826,0,0,0,0,0,0,0,0,0
7827,4.67285e-06,7.66102e-08,1.52031e-14,9.30151e-16,6.68551e-18,4.70408e-18,1.20156e-25,5.71182e-39,4.74946e-06
7828,0,0,0,0,0,0,0,0,0
7829,5.35004e-06,6.70892e-08,1.7261e-17,7.63718e-19,1.06301e-20,7.88011e-21,2.50576e-28,1.1663e-42,5.41713e-06
7830,0.000124518,8.10247e-06,2.25681e-09,1.95314e-10,2.78121e-12,2.35914e-12,1.33733e-19,7.37814e-33,0.000132623
7831,0,0,0,0,0,0,0,0,0
7832,4.90453e-05,2.77845e-06,2.38737e-13,1.27991e-14,1.71983e-16,1.46332e-16,5.64876e-24,4.39058e-38,5.18238e-05
7833,5.21028e-06,6.75212e-08,9.17158e-15,5.59283e-16,3.70652e-18,1.08398e-17,2.9364e-25,1.62096e-38,5.2778e-06
7834,0,0,0,0,0,0,0,0,0
7835,0,0,0,0,0,0,0,0,0
7836,0,0,0,0,0,0,0,0,0
7837,2.39098e-05,6.07691e-07,2.15834e-12,1.44005e-13,1.49812e-15,1.51834e-15,6.72289e-23,2.92471e-36,2.45174e-05
7838,0,0,0,0,0,0,0,0,0
7839,0,0,0,0,0,0,0,0,0
7840,1.17636e-06,1.65589e-08,3.79909e-17,1.49929e-18,9.01264e-21,8.80785e-21,2.95071e-28,7.80443e-42,1.19292e-06
7841,0,0,0,0,0,0,0,0,0
7842,1.80492e-05,2.45654e-07,7.43945e-16,5.37771e-17,6.08381e-19,1.55283e-18,3.99839e-26,1.16286e-39,1.82949e-05
7843,1.38973e-06,4.68415e-09,2.99046e-21,1.76346e-22,2.12718e-24,1.39457e-24,4.12692e-32,6.9011e-46,1.39442e-06
7844,0.000117022,1.51144e-05,2.05058e-07,1.25122e-08,1.4573e-10,2.00544e-10,1.70416e-17,6.44117e-31,0.000132354
7845,0,0,0,0,0,0,0,0,0
7846,2.33573e-06,1.8564e-09,7.90039e-16,6.19693e-17,6.92266e-19,5.13343e-19,2.31714e-26,1.27524e-39,2.33759e-06
7847,0,0,0,0,0,0,0,0,0
7848,0,0,0,0,0,0,0,0,0
7849,0,0,0,0,0,0,0,0,0
7850,0,0,0,0,0,0,0,0,0
7851,0,0,0,0,0,0,0,0,0
7852,0,0,0,0,0,0,0,0,0
7853,0,0,0,0,0,0,0,0,0
7854,0,0,0,0,0,0,0,0,0
7855,1.28951e-06,4.37667e-09,3.52218e-23,2.25983e-24,2.5461e-26,7.9692e-27,1.81782e-34,3.32406e-48,1.29389e-06
7856,5.60372e-07,8.13968e-10,3.03545e-19,1.8855e-20,1.45131e-22,4.38248e-23,1.41927e-30,6.74775e-44,5.61186e-07
7857,0,0,0,0,0,0,0,0,0
7858,0,0,0,0,0,0,0,0,0
7859,0,0,0,0,0,0,0,0,0
7860,1.15613e-05,6.88124e-08,1.83085e-15,1.51147e-16,2.06279e-18,2.28505e-18,8.26503e-26,2.91747e-39,1.16301e-05
7861,0,0,0,0,0,0,0,0,0
7862,1.20888e-06,1.2847e-08,1.63376e-12,5.39835e-14,3.53074e-16,1.12166e-16,7.04342e-25,4.03086e-40,1.22173e-06
7863,8.40439e-07,8.10113e-13,3.87674e-13,3.05554e-14,4.04604e-16,1.02138e-16,4.10563e-24,1.4862e-37,8.4044e-07
7864,0,0,0,0,0,0,0,0,0
7865,0,0,0,0,0,0,0,0,0
7866,0,0,0,0,0,0,0,0,0
7867,1.05985e-06,6.99948e-09,1.17848e-14,5.0357e-16,4.04021e-18,2.10795e-18,8.82862e-26,1.87162e-39,1.06685e-06
7868,0,0,0,0,0,0,0,0,0
7869,0,0,0,0,0,0,0,0,0
7870,0,0,0,0,0,0,0,0,0
7871,0,0,0,0,0,0,0,0,0
7872,0,0,0,0,0,0,0,0,0
7873,0,0,0,0,0,0,0,0,0
7874,0,0,0,0,0,0,0,0,0
7875,0,0,0,0,0,0,0,0,0
7876,0,0,0,0,0,0,0,0,0
7877,9.23858e-06,1.38161e-07,5.12851e-16,3.34714e-17,3.31077e-19,3.85056e-19,9.21789e-27,2.32933e-40,9.37674e-06
7878,0,0,0,0,0,0,0,0,0
7879,7.89609e-06,1.1797e-07,2.06537e-15,1.30103e-16,1.67775e-18,5.92852e-19,2.68188e-26,6.09805e-40,8.01406e-06
7880,0,0,0,0,0,0,0,0,0
7881,0,0,0,0,0,0,0,0,0
7882,0,0,0,0,0,0,0,0,0
7883,0,0,0,0,0,0,0,0,0
7884,2.23405e-05,9.58635e-07,9.31679e-13,5.30247e-14,3.78937e-16,1.99849e-15,8.35756e-23,4.06097e-36,2.32991e-05
7885,0.000256894,9.51332e-06,8.51508e-13,8.19938e-14,1.63456e-15,1.82711e-15,7.16094e-23,1.78514e-36,0.000266408
7886,3.74958e-05,1.0543e-06,2.25668e-17,1.82854e-18,2.39771e-20,2.95022e-20,3.08593e-27,2.22313e-40,3.85501e-05
7887,0,0,0,0,0,0,0,0,0
7888,0,0,0,0,0,0,0,0,0
7889,0,0,0,0,0,0,0,0,0
7890,0,0,0,0,0,0,0,0,0
7891,0,0,0,0,0,0,0,0,0
7892,0,0,0,0,0,0,0,0,0
7893,0,0,0,0,0,0,0,0,0
7894,0,0,0,0,0,0,0,0,0
7895,0,0,0,0,0,0,0,0,0
7896,0,0,0,0,0,0,0,0,0
7897,7.13579e-07,3.39673e-09,1.33194e-18,6.94501e-20,4.39308e-22,3.00148e-22,5.59901e-30,1.52442e-43,7.16975e-07
7898,0,0,0,0,0,0,0,0,0
7899,6.16123e-07,2.70736e-09,1.53948e-15,7.19077e-16,8.06935e-18,1.26411e-17,4.50945e-25,1.77397e-37,6.1883e-07
7900,0,0,0,0,0,0,0,0,0
7901,1.15238e-06,6.98616e-09,2.23562e-20,1.18594e-21,1.05305e-23,2.94925e-24,4.56791e-32,6.35178e-46,1.15936e-06
7902,6.65721e-06,2.79419e-07,1.42953e-09,8.61319e-11,4.20545e-13,1.62915e-13,2.13871e-21,9.82339e-35,6.93814e-06
7903,0,0,0,0,0,0,0,0,0
7904,0,0,0,0,0,0,0,0,0
7905,6.91178e-07,3.56641e-09,1.73911e-17,8.27797e-19,5.43882e-21,6.1616e-21,2.53725e-28,9.06727e-42,6.94744e-07
7906,0,0,0,0,0,0,0,0,0
7907,0,0,0,0,0,0,0,0,0
7908,0,0,0,0,0,0,0,0,0
7909,0,0,0,0,0,0,0,0,0
7910,2.28173e-06,2.30363e-08,6.1241e-13,3.26566e-14,1.90715e-16,3.25422e-16,7.44976e-24,2.78545e-37,2.30477e-06
7911,0,0,0,0,0,0,0,0,0
7912,0,0,0,0,0,0,0,0,0
7913,1.14426e-06,8.41518e-09,6.3635e-17,4.03611e-18,2.5233e-20,4.38402e-21,6.34188e-29,2.24334e-42,1.15267e-06
7914,6.19954e-05,2.15194e-06,2.85049e-12,2.44792e-13,2.98227e-15,3.73876e-15,1.07598e-22,3.52414e-36,6.41473e-05
7915,0,0,0,0,0,0,0,0,0
7916,0.000454967,5.50518e-05,1.02636e-06,9.23471e-08,1.14817e-09,5.45826e-09,3.09912e-16,1.88068e-29,0.000511144
7917,0,0,0,0,0,0,0,0,0
7918,0,0,0,0,0,0,0,0,0
7919,0,0,0,0,0,0,0,0,0
7920,0,0,0,0,0,0,0,0,0
7921,3.56555e-05,2.01207e-06,1.08789e-10,6.64973e-12,5.72339e-14,3.11584e-14,2.55643e-22,5.39069e-36,3.76677e-05
7922,0,0,0,0,0,0,0,0,0
7923,0,0,0,0,0,0,0,0,0
7924,0,0,0,0,0,0,0,0,0
7925,0,0,0,0,0,0,0,0,0
7926,0,0,0,0,0,0,0,0,0
7927,0,0,0,0,0,0,0,0,0
7928,2.74447e-05,7.82841e-07,4.48625e-13,3.43842e-14,3.49067e-16,1.29595e-16,1.81582e-24,3.91808e-38,2.82276e-05
7929,0,0,0,0,0,0,0,0,0
7930,6.45892e-07,1.73068e-09,5.35678e-21,3.11821e-22,2.4499e-24,8.8988e-25,1.2844e-32,2.27217e-46,6.47622e-07
7931,0.000242891,2.86649e-05,4.32225e-07,3.31408e-08,3.12043e-10,1.29687e-09,5.53434e-17,2.56596e-30,0.000272023
7932,2.92594e-06,1.4052e-06,3.93798e-08,2.95218e-09,2.45264e-11,7.0629e-12,1.00294e-19,2.91888e-33,4.37351e-06
7933,6.5356e-06,1.06554e-11,5.5572e-11,4.02657e-12,3.64015e-14,9.87358e-14,2.65257e-21,9.45242e-35,6.53567e-06
7934,0,0,0,0,0,0,0,0,0
7935,0,0,0,0,0,0,0,0,0
7936,1.98336e-05,4.90636e-07,1.23396e-11,9.04487e-13,9.87499e-15,4.31512e-15,9.51131e-23,2.1029e-36,2.03243e-05
7937,0,0,0,0,0,0,0,0,0
7938,0,0,0,0,0,0,0,0,0
7939,0,0,0,0,0,0,0,0,0
7940,0,0,0,0,0,0,0,0,0
7941,0,0,0,0,0,0,0,0,0
7942,2.27933e-05,4.31152e-07,8.82533e-14,6.16229e-15,6.58298e-17,2.35169e-16,1.20568e-23,4.62661e-37,2.32244e-05
7943,0.000216549,2.42559e-05,3.50439e-07,3.34137e-08,4.11529e-10,2.12865e-10,7.20324e-18,3.28193e-31,0.000241189
7944,0,0,0,0,0,0,0,0,0
7945,0,0,0,0,0,0,0,0,0
7946,0,0,0,0,0,0,0,0,0
7947,0,0,0,0,0,0,0,0,0
7948,0.000221596,1.89678e-05,1.59093e-08,1.2834e-09,1.42778e-11,9.76793e-11,5.00931e-18,2.52221e-31,0.000240581
7949,2.26113e-06,3.62037e-08,3.64963e-12,1.4443e-13,9.40603e-16,6.78639e-16,3.91209e-24,1.50809e-38,2.29734e-06
7950,0,0,0,0,0,0,0,0,0
7951,0,0,0,0,0,0,0,0,0
7952,0,0,0,0,0,0,0,0,0
7953,0,0,0,0,0,0,0,0,0
7954,0,0,0,0,0,0,0,0,0
7955,0,0,0,0,0,0,0,0,0
7956,0,0,0,0,0,0,0,0,0
7957,0,0,0,0,0,0,0,0,0
7958,0,0,0,0,0,0,0,0,0
7959,8.29828e-05,5.16247e-06,3.2014e-08,2.55959e-09,1.90321e-11,2.37955e-12,2.26996e-20,6.27636e-34,8.81799e-05
7960,0,0,0,0,0,0,0,0,0
7961,0,0,0,0,0,0,0,0,0
7962,1.03257e-06,6.2911e-09,2.3494e-26,1.14188e-27,8.34782e-30,9.37468e-30,2.44383e-37,4.76612e-51,1.03886e-06
7963,0,0,0,0,0,0,0,0,0
7964,0,0,0,0,0,0,0,0,0
7965,0,0,0,0,0,0,0,0,0
7966,0,0,0,0,0,0,0,0,0
7967,0,0,0,0,0,0,0,0,0
7968,0.000125279,6.00554e-06,6.33208e-11,4.14801e-12,3.91187e-14,1.72956e-13,1.35047e-20,7.13123e-34,0.000131284
7969,0,0,0,0,0,0,0,0,0
7970,0,0,0,0,0,0,0,0,0
7971,0.000129184,8.45979e-06,4.8234e-10,3.9283e-11,4.5027e-13,1.05935e-12,3.92299e-20,1.42294e-33,0.000137644
7972,0,0,0,0,0,0,0,0,0
7973,1.74807e-06,1.34548e-08,3.12068e-18,1.63174e-19,1.32367e-21,1.10725e-21,3.56022e-29,7.76565e-43,1.76153e-06
7974,0,0,0,0,0,0,0,0,0
7975,1.35368e-05,8.21533e-07,3.68468e-11,7.93653e-13,6.65184e-15,1.2806e-14,4.40906e-22,4.70878e-36,1.43584e-05
7976,0,0,0,0,0,0,0,0,0
7977,0.000360875,4.41685e-05,7.67145e-07,6.18145e-08,6.988e-10,4.52364e-09,2.48533e-16,1.13317e-29,0.000405877
7978,2.21691e-06,4.96094e-08,9.46099e-14,2.7437e-15,2.13475e-17,1.39337e-17,3.52586e-25,4.58331e-40,2.26652e-06
7979,0,0,0,0,0,0,0,0,0
7980,0,0,0,0,0,0,0,0,0
7981,0,0,0,0,0,0,0,0,0
7982,0,0,0,0,0,0,0,0,0
7983,0,0,0,0,0,0,0,0,0
7984,0,0,0,0,0,0,0,0,0
7985,0,0,0,0,0,0,0,0,0
7986,0,0,0,0,0,0,0,0,0
7987,0,0,0,0,0,0,0,0,0
7988,4.17168e-05,1.62998e-06,7.22854e-13,5.2056e-14,5.93833e-16,7.3741e-16,3.20231e-23,9.29936e-37,4.33468e-05
7989,0,0,0,0,0,0,0,0,0
7990,0,0,0,0,0,0,0,0,0
7991,0,0,0,0,0,0,0,0,0
7992,0,0,0,0,0,0,0,0,0
7993,0,0,0,0,0,0,0,0,0
7994,0,0,0,0,0,0,0,0,0
7995,0,0,0,0,0,0,0,0,0
7996,0,0,0,0,0,0,0,0,0
7997,0,0,0,0,0,0,0,0,0
7998,0,0,0,0,0,0,0,0,0
7999,0,0,0,0,0,0,0,0,0
8000,2.87114e-06,2.59529e-08,4.96534e-12,2.9272e-13,2.31468e-15,7.57166e-16,1.15247e-23,2.3375e-37,2.8971e-06
8001,0,0,0,0,0,0,0,0,0
8002,0,0,0,0,0,0,0,0,0
8003,1.44425e-06,1.13246e-08,1.69575e-22,8.55857e-24,6.36393e-26,3.9655e-26,5.95535e-34,7.33265e-48,1.45558e-06
8004,0,0,0,0,0,0,0,0,0
8005,0,0,0,0,0,0,0,0,0
8006,0,0,0,0,0,0,0,0,0
8007,0,0,0,0,0,0,0,0,0
8008,0,0,0,0,0,0,0,0,0
8009,0,0,0,0,0,0,0,0,0
8010,0,0,0,0,0,0,0,0,0
8011,5.44801e-07,3.87119e-08,3.72692e-14,9.59271e-18,4.33991e-20,6.41242e-20,1.05945e-27,1.43992e-38,5.83512e-07
8012,0,0,0,0,0,0,0,0,0
8013,0,0,0,0,0,0,0,0,0
8014,9.35406e-07,6.78028e-09,3.12924e-15,1.81061e-16,1.04451e-18,1.11675e-19,1.3615e-27,3.01701e-41,9.42187e-07
8015,0,0,0,0,0,0,0,0,0
8016,0,0,0,0,0,0,0,0,0
8017,2.75374e-05,2.9199e-08,3.92375e-12,3.98179e-13,7.11147e-15,5.80811e-15,7.9313e-23,5.49582e-37,2.75666e-05
8018,6.56564e-06,7.86208e-09,8.68327e-09,5.93743e-10,6.39014e-12,2.34573e-12,9.19291e-21,6.22305e-36,6.58278e-06
8019,0,0,0,0,0,0,0,0,0
8020,0,0,0,0,0,0,0,0,0
8021,0,0,0,0,0,0,0,0,0
8022,0,0,0,0,0,0,0,0,0
8023,8.18864e-06,2.2452e-07,5.21064e-11,9.83214e-13,1.25549e-14,1.34672e-14,7.94168e-22,1.35909e-35,8.41321e-06
8024,2.77436e-05,7.80353e-07,9.2024e-11,6.12983e-12,6.57199e-14,9.88995e-14,2.06831e-21,3.03495e-35,2.8524e-05
8025,0,0,0,0,0,0,0,0,0
8026,0,0,0,0,0,0,0,0,0
8027,0,0,0,0,0,0,0,0,0
8028,0,0,0,0,0,0,0,0,0
8029,0,0,0,0,0,0,0,0,0
8030,0,0,0,0,0,0,0,0,0
8031,0,0,0,0,0,0,0,0,0
8032,0,0,0,0,0,0,0,0,0
8033,0,0,0,0,0,0,0,0,0
8034,0,0,0,0,0,0,0,0,0
8035,0,0,0,0,0,0,0,0,0
8036,0,0,0,0,0,0,0,0,0
8037,0,0,0,0,0,0,0,0,0
8038,0,0,0,0,0,0,0,0,0
8039,7.42748e-07,3.86327e-08,3.45514e-12,1.88676e-13,6.79167e-16,1.69851e-16,5.22895e-25,7.75583e-39,7.81384e-07
8040,0,0,0,0,0,0,0,0,0
8041,0,0,0,0,0,0,0,0,0
8042,0,0,0,0,0,0,0,0,0
8043,0,0,0,0,0,0,0,0,0
8044,0,0,0,0,0,0,0,0,0
8045,0,0,0,0,0,0,0,0,0
8046,0,0,0,0,0,0,0,0,0
8047,0,0,0,0,0,0,0,0,0
8048,0,0,0,0,0,0,0,0,0
8049,0,0,0,0,0,0,0,0,0
8050,0,0,0,0,0,0,0,0,0
8051,9.25405e-05,4.58657e-06,2.00075e-11,1.56007e-12,1.89501e-14,4.05241e-14,1.40475e-21,3.18809e-35,9.71271e-05
8052,0,0,0,0,0,0,0,0,0
8053,0.000146697,6.55684e-06,2.36748e-13,2.10469e-14,3.08222e-16,5.5881e-16,2.59799e-23,6.59493e-37,0.000153254
8054,1.1945e-06,4.05666e-09,4.08339e-15,1.80178e-16,8.97419e-19,2.01059e-18,5.10761e-26,1.18446e-39,1.19855e-06
8055,0,0,0,0,0,0,0,0,0
8056,2.76401e-06,1.07025e-07,1.26638e-15,3.90939e-17,8.68127e-20,7.06115e-19,3.9912e-27,3.74204e-41,2.87104e-06
8057,0,0,0,0,0,0,0,0,0
8058,0,0,0,0,0,0,0,0,0
8059,0,0,0,0,0,0,0,0,0
8060,0,0,0,0,0,0,0,0,0
8061,0,0,0,0,0,0,0,0,0
8062,0,0,0,0,0,0,0,0,0
8063,0,0,0,0,0,0,0,0,0
8064,0,0,0,0,0,0,0,0,0
8065,0,0,0,0,0,0,0,0,0
8066,0,0,0,0,0,0,0,0,0
8067,0,0,0,0,0,0,0,0,0
8068,0,0,0,0,0,0,0,0,0
8069,0,0,0,0,0,0,0,0,0
8070,0,0,0,0,0,0,0,0,0
8071,1.01855e-05,1.96648e-07,5.22469e-13,2.50732e-14,3.31964e-16,2.57041e-16,5.55931e-24,2.01807e-38,1.03822e-05
8072,0,0,0,0,0,0,0,0,0
8073,0,0,0,0,0,0,0,0,0
8074,0,0,0,0,0,0,0,0,0
8075,0.000121308,4.01258e-06,1.00277e-10,9.59839e-12,1.59838e-13,9.66374e-14,6.26565e-22,1.83379e-36,0.000125321
8076,0,0,0,0,0,0,0,0,0
8077,0,0,0,0,0,0,0,0,0
8078,0,0,0,0,0,0,0,0,0
8079,0,0,0,0,0,0,0,0,0
8080,0,0,0,0,0,0,0,0,0
8081,1.0352e-06,2.30138e-08,3.88174e-13,2.86214e-15,1.26936e-16,8.24903e-16,8.63727e-25,1.88593e-38,1.05821e-06
8082,0,0,0,0,0,0,0,0,0
8083,2.13599e-05,8.13348e-07,2.40196e-11,1.47147e-12,1.46148e-14,1.02694e-14,3.24483e-22,5.03067e-36,2.21733e-05
8084,0,0,0,0,0,0,0,0,0
8085,0,0,0,0,0,0,0,0,0
8086,0,0,0,0,0,0,0,0,0
8087,0,0,0,0,0,0,0,0,0
8088,0,0,0,0,0,0,0,0,0
8089,0,0,0,0,0,0,0,0,0
8090,0,0,0,0,0,0,0,0,0
8091,0,0,0,0,0,0,0,0,0
8092,0,0,0,0,0,0,0,0,0
8093,3.08515e-06,4.84595e-09,1.27342e-08,6.30411e-10,5.98527e-12,6.8975e-12,1.59999e-19,1.22274e-33,3.10338e-06
8094,0,0,0,0,0,0,0,0,0
8095,0,0,0,0,0,0,0,0,0
8096,1.55714e-05,2.08764e-07,2.15953e-08,1.24596e-09,1.36636e-11,1.74646e-11,6.28024e-19,7.46361e-33,1.58031e-05
8097,2.49065e-06,1.24516e-08,7.74608e-18,5.35051e-19,4.58827e-21,1.95581e-21,2.78358e-29,4.20376e-43,2.50311e-06
8098,0,0,0,0,0,0,0,0,0
8099,0,0,0,0,0,0,0,0,0
8100,7.90184e-06,1.33496e-07,1.7756e-10,8.74414e-12,4.82798e-14,1.53524e-13,2.80631e-21,4.67844e-35,8.03553e-06
8101,0,0,0,0,0,0,0,0,0
8102,0,0,0,0,0,0,0,0,0
8103,0,0,0,0,0,0,0,0,0
8104,0,0,0,0,0,0,0,0,0
8105,0,0,0,0,0,0,0,0,0
8106,0,0,0,0,0,0,0,0,0
8107,3.20819e-05,2.94366e-08,1.60632e-07,1.4726e-08,1.82416e-10,2.64557e-10,7.30298e-18,1.68541e-31,3.22871e-05
8108,6.01027e-06,1.0115e-07,1.20022e-12,6.99382e-14,5.19745e-16,5.73947e-16,2.06538e-23,5.07486e-37,6.11143e-06
8109,0,0,0,0,0,0,0,0,0
8110,0,0,0,0,0,0,0,0,0
8111,0,0,0,0,0,0,0,0,0
8112,0.000206059,2.0538e-05,2.64931e-07,1.92704e-08,2.69129e-10,4.06074e-10,1.46782e-17,1.8692e-31,0.000226882
8113,0,0,0,0,0,0,0,0,0
8114,0,0,0,0,0,0,0,0,0
8115,0,0,0,0,0,0,0,0,0
8116,0,0,0,0,0,0,0,0,0
8117,0,0,0,0,0,0,0,0,0
8118,0,0,0,0,0,0,0,0,0
8119,0,0,0,0,0,0,0,0,0
8120,0,0,0,0,0,0,0,0,0
8121,0,0,0,0,0,0,0,0,0
8122,0,0,0,0,0,0,0,0,0
8123,0,0,0,0,0,0,0,0,0
8124,1.00374e-06,4.07257e-09,6.56359e-20,3.64937e-21,3.11004e-23,1.31535e-23,1.87289e-31,1.34465e-45,1.00782e-06
8125,4.46232e-06,1.53137e-08,1.03426e-08,5.17857e-10,4.06956e-12,3.95883e-12,1.07111e-19,1.24478e-33,4.4885e-06
8126,0,0,0,0,0,0,0,0,0
8127,0,0,0,0,0,0,0,0,0
8128,1.62399e-06,1.03576e-08,2.709e-20,1.55082e-21,1.25358e-23,6.06711e-24,1.06446e-31,1.23879e-45,1.63435e-06
8129,0,0,0,0,0,0,0,0,0
8130,0,0,0,0,0,0,0,0,0
8131,0,0,0,0,0,0,0,0,0
8132,0,0,0,0,0,0,0,0,0
8133,0,0,0,0,0,0,0,0,0
8134,0,0,0,0,0,0,0,0,0
8135,0,0,0,0,0,0,0,0,0
8136,0,0,0,0,0,0,0,0,0
8137,0,0,0,0,0,0,0,0,0
8138,0,0,0,0,0,0,0,0,0
8139,0,0,0,0,0,0,0,0,0
8140,0,0,0,0,0,0,0,0,0
8141,0,0,0,0,0,0,0,0,0
8142,0,0,0,0,0,0,0,0,0
8143,0,0,0,0,0,0,0,0,0
8144,0,0,0,0,0,0,0,0,0
8145,0,0,0,0,0,0,0,0,0
8146,0,0,0,0,0,0,0,0,0
8147,0,0,0,0,0,0,0,0,0
8148,0,0,0,0,0,0,0,0,0
8149,0,0,0,0,0,0,0,0,0
8150,0,0,0,0,0,0,0,0,0
8151,0,0,0,0,0,0,0,0,0
8152,0,0,0,0,0,0,0,0,0
8153,0,0,0,0,0,0,0,0,0
8154,0,0,0,0,0,0,0,0,0
8155,0,0,0,0,0,0,0,0,0
8156,0,0,0,0,0,0,0,0,0
8157,0,0,0,0,0,0,0,0,0
8158,0,0,0,0,0,0,0,0,0
8159,0,0,0,0,0,0,0,0,0
8160,0,0,0,0,0,0,0,0,0
8161,0,0,0,0,0,0,0,0,0
8162,2.0765e-06,1.00123e-08,3.84707e-23,2.27822e-24,2.21257e-26,2.12889e-26,4.71736e-34,4.5899e-48,2.08652e-06
8163,0,0,0,0,0,0,0,0,0
8164,0,0,0,0,0,0,0,0,0
8165,2.06125e-05,3.98243e-07,1.74097e-16,1.29939e-17,1.56309e-19,1.26557e-19,4.52819e-27,7.14582e-41,2.10108e-05
8166,1.73008e-05,1.78829e-09,2.14226e-09,1.84414e-10,2.06193e-12,5.10953e-12,1.37539e-19,2.81464e-33,1.7305e-05
8167,0,0,0,0,0,0,0,0,0
8168,0,0,0,0,0,0,0,0,0
8169,0,0,0,0,0,0,0,0,0
8170,0,0,0,0,0,0,0,0,0
8171,0,0,0,0,0,0,0,0,0
8172,0,0,0,0,0,0,0,0,0
8173,1.91651e-06,7.95096e-09,3.67903e-27,2.35274e-28,2.44417e-30,1.50483e-30,3.95428e-38,4.36658e-52,1.92446e-06
8174,3.66649e-05,1.12973e-06,5.4115e-14,3.96817e-15,4.26822e-17,5.30274e-17,1.53878e-24,2.39461e-38,3.77947e-05
8175,2.66177e-05,1.80088e-06,8.63773e-10,4.35534e-11,3.29037e-13,5.0362e-13,8.23063e-21,6.65684e-35,2.84195e-05
8176,0,0,0,0,0,0,0,0,0
8177,4.32704e-06,3.82884e-08,2.87674e-15,1.68245e-16,1.53525e-18,1.03606e-18,9.59825e-27,4.89291e-41,4.36533e-06
8178,0,0,0,0,0,0,0,0,0
8179,0,0,0,0,0,0,0,0,0
8180,1.59293e-06,5.6895e-09,2.47856e-14,1.42157e-15,1.2877e-17,8.14944e-18,1.05829e-25,6.90456e-40,1.59862e-06
8181,0,0,0,0,0,0,0,0,0
8182,0,0,0,0,0,0,0,0,0
8183,0,0,0,0,0,0,0,0,0
8184,0,0,0,0,0,0,0,0,0
8185,0,0,0,0,0,0,0,0,0
8186,0,0,0,0,0,0,0,0,0
8187,1.24469e-06,8.53897e-09,4.23376e-19,1.9289e-20,1.27393e-22,1.55303e-22,2.40997e-30,1.82565e-44,1.25323e-06
8188,6.49476e-07,4.11878e-09,5.56443e-20,2.47327e-21,1.51962e-23,6.21111e-24,8.90269e-32,6.87689e-46,6.53595e-07
8189,0,0,0,0,0,0,0,0,0
8190,0,0,0,0,0,0,0,0,0
8191,4.30713e-06,8.38627e-08,1.62669e-15,8.0987e-17,4.98339e-19,8.0073e-19,1.55107e-26,1.9273e-40,4.391e-06
8192,0,0,0,0,0,0,0,0,0
8193,0.00011364,5.05065e-06,5.74247e-12,4.80685e-13,6.75304e-15,9.72927e-15,2.76718e-22,3.40956e-36,0.000118691
8194,0,0,0,0,0,0,0,0,0
8195,0,0,0,0,0,0,0,0,0
8196,0,0,0,0,0,0,0,0,0
8197,0,0,0,0,0,0,0,0,0
8198,5.13397e-06,3.54501e-08,4.5489e-21,2.90575e-22,3.48136e-24,3.78725e-24,1.62282e-31,1.86365e-45,5.16942e-06
8199,0,0,0,0,0,0,0,0,0
8200,0,0,0,0,0,0,0,0,0
8201,0,0,0,0,0,0,0,0,0
8202,2.7183e-06,3.57656e-08,1.40095e-16,8.46565e-18,5.05589e-20,1.60824e-20,9.60051e-29,8.07887e-43,2.75407e-06
8203,5.11104e-05,8.5188e-07,2.51734e-09,2.04513e-10,2.58006e-12,5.54486e-12,1.63705e-19,2.27726e-33,5.1965e-05
8204,0,0,0,0,0,0,0,0,0
8205,1.16531e-06,8.05746e-09,2.07843e-16,9.58711e-18,6.28812e-20,7.5904e-20,1.89983e-27,2.00648e-41,1.17337e-06
8206,2.65203e-06,3.09544e-08,1.00381e-12,4.95789e-14,3.1591e-16,3.54708e-16,6.97727e-24,7.6223e-38,2.68298e-06
8207,0,0,0,0,0,0,0,0,0
8208,0,0,0,0,0,0,0,0,0
8209,2.48745e-05,6.48807e-07,3.59965e-14,2.27986e-15,3.08712e-17,1.55349e-17,2.85423e-25,1.20611e-39,2.55233e-05
8210,0,0,0,0,0,0,0,0,0
8211,0,0,0,0,0,0,0,0,0
8212,0,0,0,0,0,0,0,0,0
8213,0,0,0,0,0,0,0,0,0
8214,2.78178e-06,1.54465e-09,8.26384e-19,5.96927e-20,5.43043e-22,3.92704e-22,1.62134e-29,3.79998e-43,2.78333e-06
8215,0,0,0,0,0,0,0,0,0
8216,1.49326e-05,1.78704e-07,1.25783e-16,8.58834e-18,1.02047e-19,2.03848e-19,7.02221e-27,7.84281e-41,1.51113e-05
8217,0,0,0,0,0,0,0,0,0
8218,2.07926e-06,3.66257e-08,3.18485e-16,2.73106e-20,3.26532e-22,2.03912e-22,1.00056e-29,3.7389e-40,2.11589e-06
8219,0,0,0,0,0,0,0,0,0
8220,0,0,0,0,0,0,0,0,0
8221,9.57676e-07,3.26946e-09,1.83033e-20,9.37599e-22,8.02192e-24,6.48048e-24,7.82675e-32,3.77763e-46,9.60946e-07
8222,3.63028e-06,2.58012e-08,4.803e-20,2.92569e-21,3.20245e-23,2.53002e-23,7.59331e-31,6.81024e-45,3.65608e-06
8223,0,0,0,0,0,0,0,0,0
8224,0,0,0,0,0,0,0,0,0
8225,0,0,0,0,0,0,0,0,0
8226,0,0,0,0,0,0,0,0,0
8227,0,0,0,0,0,0,0,0,0
8228,3.00583e-06,2.0625e-08,8.27702e-10,4.29e-11,2.43276e-13,5.07547e-13,8.38506e-21,1.00716e-34,3.02733e-06
8229,8.73477e-05,4.34671e-06,6.97583e-11,5.44001e-12,6.09047e-14,1.41034e-13,6.2787e-21,1.232e-34,9.16945e-05
8230,3.29963e-05,1.12674e-06,2.81636e-15,1.83103e-16,1.76569e-18,2.53042e-18,4.4029e-26,3.70981e-40,3.41231e-05
8231,6.69611e-07,2.38223e-09,2.27025e-22,1.08212e-23,8.08685e-26,7.48867e-26,1.52261e-33,1.10869e-47,6.71993e-07
8232,0,0,0,0,0,0,0,0,0
8233,0,0,0,0,0,0,0,0,0
8234,0,0,0,0,0,0,0,0,0
8235,0,0,0,0,0,0,0,0,0
8236,0,0,0,0,0,0,0,0,0
8237,0,0,0,0,0,0,0,0,0
8238,0,0,0,0,0,0,0,0,0
8239,0,0,0,0,0,0,0,0,0
8240,0,0,0,0,0,0,0,0,0
8241,0,0,0,0,0,0,0,0,0
8242,0,0,0,0,0,0,0,0,0
8243,0,0,0,0,0,0,0,0,0
8244,0,0,0,0,0,0,0,0,0
8245,0,0,0,0,0,0,0,0,0
8246,1.37475e-06,2.32435e-10,3.81956e-13,2.62234e-14,1.93287e-16,2.63516e-16,4.82827e-24,7.56227e-38,1.37498e-06
8247,0,0,0,0,0,0,0,0,0
8248,0,0,0,0,0,0,0,0,0
8249,0,0,0,0,0,0,0,0,0
8250,0,0,0,0,0,0,0,0,0
8251,0,0,0,0,0,0,0,0,0
8252,0,0,0,0,0,0,0,0,0
8253,0,0,0,0,0,0,0,0,0
8254,0,0,0,0,0,0,0,0,0
8255,0,0,0,0,0,0,0,0,0
8256,0,0,0,0,0,0,0,0,0
8257,7.99202e-07,3.78676e-13,1.01439e-12,4.86215e-14,3.99368e-16,3.0032e-16,5.28691e-24,2.63168e-38,7.99203e-07
8258,0,0,0,0,0,0,0,0,0
8259,0,0,0,0,0,0,0,0,0
8260,0,0,0,0,0,0,0,0,0
8261,0,0,0,0,0,0,0,0,0
8262,0,0,0,0,0,0,0,0,0
8263,0,0,0,0,0,0,0,0,0
8264,0,0,0,0,0,0,0,0,0
8265,0,0,0,0,0,0,0,0,0
8266,0,0,0,0,0,0,0,0,0
8267,0,0,0,0,0,0,0,0,0
8268,0,0,0,0,0,0,0,0,0
8269,1.72938e-05,3.7716e-07,7.27969e-21,4.9634e-22,4.74933e-24,3.8548e-24,5.16434e-32,3.83455e-46,1.7671e-05
8270,0,0,0,0,0,0,0,0,0
8271,0,0,0,0,0,0,0,0,0
8272,0,0,0,0,0,0,0,0,0
8273,0,0,0,0,0,0,0,0,0
8274,0,0,0,0,0,0,0,0,0
8275,0,0,0,0,0,0,0,0,0
8276,0,0,0,0,0,0,0,0,0
8277,0,0,0,0,0,0,0,0,0
8278,0,0,0,0,0,0,0,0,0
8279,1.05779e-05,1.04703e-08,1.30673e-10,1.13769e-11,1.59656e-13,1.75007e-13,5.7168e-21,6.80838e-35,1.05885e-05
8280,0,0,0,0,0,0,0,0,0
8281,0,0,0,0,0,0,0,0,0
8282,0,0,0,0,0,0,0,0,0
8283,0,0,0,0,0,0,0,0,0
8284,0,0,0,0,0,0,0,0,0
8285,0,0,0,0,0,0,0,0,0
8286,0,0,0,0,0,0,0,0,0
8287,0,0,0,0,0,0,0,0,0
8288,0,0,0,0,0,0,0,0,0
8289,5.35239e-06,8.68303e-08,1.80084e-16,1.04195e-17,5.80473e-20,5.60449e-20,2.75323e-28,1.41197e-42,5.43922e-06
8290,0,0,0,0,0,0,0,0,0
8291,0.000202684,2.00874e-05,2.54472e-07,1.82196e-08,2.30509e-10,4.20608e-10,1.16609e-17,8.8623e-32,0.000223045
8292,0,0,0,0,0,0,0,0,0
8293,0,0,0,0,0,0,0,0,0
8294,3.08034e-06,2.43377e-08,1.40913e-09,9.43584e-11,8.05133e-13,4.30139e-13,7.29514e-21,6.81782e-35,3.10618e-06
8295,0,0,0,0,0,0,0,0,0
8296,0,0,0,0,0,0,0,0,0
8297,0,0,0,0,0,0,0,0,0
8298,6.43483e-07,1.9755e-10,2.41713e-17,1.313e-18,1.07222e-20,7.82953e-21,2.05884e-28,1.80839e-42,6.4368e-07
8299,0,0,0,0,0,0,0,0,0
8300,0,0,0,0,0,0,0,0,0
8301,0,0,0,0,0,0,0,0,0
8302,1.10891e-06,1.53078e-09,8.39681e-14,5.56467e-15,4.74983e-17,3.09541e-17,2.86007e-25,1.44794e-39,1.11044e-06
8303,0,0,0,0,0,0,0,0,0
8304,0,0,0,0,0,0,0,0,0
8305,5.05685e-06,1.00773e-07,3.41797e-14,3.66812e-15,6.23898e-17,2.05582e-17,7.09909e-25,5.31715e-39,5.15762e-06
8306,0,0,0,0,0,0,0,0,0
8307,0,0,0,0,0,0,0,0,0
8308,8.45489e-07,2.14089e-09,1.37854e-15,6.74239e-17,4.49502e-19,3.35498e-19,7.10813e-27,5.66938e-41,8.4763e-07
8309,0,0,0,0,0,0,0,0,0
8310,0,0,0,0,0,0,0,0,0
8311,0,0,0,0,0,0,0,0,0
8312,0,0,0,0,0,0,0,0,0
8313,0,0,0,0,0,0,0,0,0
8314,0,0,0,0,0,0,0,0,0
8315,0,0,0,0,0,0,0,0,0
8316,0,0,0,0,0,0,0,0,0
8317,7.84336e-05,5.71529e-06,4.58848e-10,3.57437e-11,3.36714e-13,2.44025e-13,5.53916e-21,7.17354e-35,8.41494e-05
8318,0,0,0,0,0,0,0,0,0
8319,0,0,0,0,0,0,0,0,0
8320,0,0,0,0,0,0,0,0,0
8321,2.31805e-05,4.35904e-07,2.52419e-13,1.87939e-14,1.98843e-16,2.49158e-16,4.71675e-24,4.02013e-38,2.36164e-05
8322,0,0,0,0,0,0,0,0,0
8323,0,0,0,0,0,0,0,0,0
8324,0,0,0,0,0,0,0,0,0
8325,0,0,0,0,0,0,0,0,0
8326,1.49455e-05,1.21442e-08,2.78707e-11,2.25725e-12,3.13757e-14,5.47355e-14,2.4851e-21,2.85287e-35,1.49576e-05
8327,0,0,0,0,0,0,0,0,0
8328,0,0,0,0,0,0,0,0,0
8329,0,0,0,0,0,0,0,0,0
8330,0,0,0,0,0,0,0,0,0
8331,0,0,0,0,0,0,0,0,0
8332,0,0,0,0,0,0,0,0,0
8333,0,0,0,0,0,0,0,0,0
8334,0,0,0,0,0,0,0,0,0
8335,0,0,0,0,0,0,0,0,0
8336,0,0,0,0,0,0,0,0,0
8337,0.000252163,2.15283e-05,2.54904e-07,2.07353e-08,2.17228e-10,8.01223e-10,8.7087e-18,5.70296e-32,0.000273968
8338,1.03317e-05,8.71737e-08,2.85773e-15,1.99916e-16,1.95646e-18,3.79343e-18,1.3577e-25,1.65565e-39,1.04189e-05
8339,0,0,0,0,0,0,0,0,0
8340,0,0,0,0,0,0,0,0,0
8341,0,0,0,0,0,0,0,0,0
8342,0,0,0,0,0,0,0,0,0
8343,0,0,0,0,0,0,0,0,0
8344,0,0,0,0,0,0,0,0,0
8345,4.44592e-05,8.31962e-07,6.26402e-08,5.2732e-09,7.52553e-11,2.53885e-11,8.2159e-19,7.09339e-33,4.53592e-05
8346,0,0,0,0,0,0,0,0,0
8347,0,0,0,0,0,0,0,0,0
8348,0,0,0,0,0,0,0,0,0
8349,0,0,0,0,0,0,0,0,0
8350,0,0,0,0,0,0,0,0,0
8351,0,0,0,0,0,0,0,0,0
8352,1.18795e-05,3.27068e-07,2.70207e-09,1.34579e-10,1.11228e-12,8.85813e-13,9.67984e-21,2.89439e-35,1.22095e-05
8353,0,0,0,0,0,0,0,0,0
8354,0,0,0,0,0,0,0,0,0
8355,0,0,0,0,0,0,0,0,0
8356,0,0,0,0,0,0,0,0,0
8357,0,0,0,0,0,0,0,0,0
8358,0,0,0,0,0,0,0,0,0
8359,1.32992e-05,8.51741e-08,5.82288e-14,2.76076e-15,2.04188e-17,1.06885e-17,2.44525e-25,1.43751e-39,1.33844e-05
8360,1.73289e-05,2.5365e-07,1.38529e-08,9.0861e-10,7.83317e-12,9.55538e-12,9.98031e-20,5.25779e-34,1.75973e-05
8361,1.23714e-06,3.70844e-09,2.18266e-16,1.30334e-17,1.14481e-19,5.95025e-20,1.56377e-27,1.26301e-41,1.24085e-06
8362,0,0,0,0,0,0,0,0,0
8363,0,0,0,0,0,0,0,0,0
8364,6.9081e-06,1.0021e-07,3.15881e-15,1.86524e-16,1.60746e-18,9.84237e-19,6.60182e-27,1.92337e-41,7.00831e-06
8365,9.49343e-05,2.65744e-06,1.46374e-12,1.28744e-13,1.78525e-15,2.96586e-15,4.31428e-23,2.41942e-37,9.75917e-05
8366,0,0,0,0,0,0,0,0,0
8367,0,0,0,0,0,0,0,0,0
8368,0,0,0,0,0,0,0,0,0
8369,0,0,0,0,0,0,0,0,0
8370,0,0,0,0,0,0,0,0,0
8371,3.15568e-06,3.67192e-07,8.84212e-10,1.87317e-12,6.21402e-15,8.61757e-12,1.01296e-20,6.44323e-36,3.52377e-06
8372,1.84807e-06,1.1344e-08,3.27104e-14,1.50479e-15,1.21699e-17,1.6886e-17,1.78939e-25,4.31794e-40,1.85941e-06
8373,0,0,0,0,0,0,0,0,0
8374,0,0,0,0,0,0,0,0,0
8375,0,0,0,0,0,0,0,0,0
8376,0,0,0,0,0,0,0,0,0
8377,0,0,0,0,0,0,0,0,0
8378,0,0,0,0,0,0,0,0,0
8379,0,0,0,0,0,0,0,0,0
8380,0,0,0,0,0,0,0,0,0
8381,0,0,0,0,0,0,0,0,0
8382,0.000272254,3.01098e-05,4.43455e-07,3.69231e-08,3.86066e-10,8.10319e-10,1.84964e-17,2.04629e-31,0.000302845
8383,0,0,0,0,0,0,0,0,0
8384,1.10659e-06,5.74837e-09,1.36905e-19,6.61303e-21,4.2916e-23,5.26339e-23,7.16138e-31,3.49962e-45,1.11234e-06
8385,0,0,0,0,0,0,0,0,0
8386,0,0,0,0,0,0,0,0,0
8387,0,0,0,0,0,0,0,0,0
8388,3.99044e-05,1.99706e-06,6.0363e-09,4.00583e-10,2.49734e-12,8.4096e-12,1.24011e-19,1.3747e-33,4.19079e-05
8389,0,0,0,0,0,0,0,0,0
8390,0,0,0,0,0,0,0,0,0
8391,0,0,0,0,0,0,0,0,0
8392,0,0,0,0,0,0,0,0,0
8393,0.000174757,7.04416e-06,5.73748e-09,4.75173e-10,6.27499e-12,6.43468e-12,1.98843e-20,2.05982e-35,0.000181808
8394,1.13236e-05,2.36807e-07,1.00503e-13,6.06573e-15,4.63192e-17,6.02303e-17,6.46153e-25,3.30283e-39,1.15604e-05
8395,6.5852e-06,5.22377e-08,3.92525e-17,2.38427e-18,2.33159e-20,1.06658e-20,5.90685e-29,1.23107e-43,6.63743e-06
8396,0,0,0,0,0,0,0,0,0
8397,0,0,0,0,0,0,0,0,0
8398,0,0,0,0,0,0,0,0,0
8399,0,0,0,0,0,0,0,0,0
8400,0,0,0,0,0,0,0,0,0
8401,0,0,0,0,0,0,0,0,0
8402,0,0,0,0,0,0,0,0,0
8403,0,0,0,0,0,0,0,0,0
8404,0,0,0,0,0,0,0,0,0
8405,0,0,0,0,0,0,0,0,0
8406,0,0,0,0,0,0,0,0,0
8407,0,0,0,0,0,0,0,0,0
8408,0,0,0,0,0,0,0,0,0
8409,0,0,0,0,0,0,0,0,0
8410,0,0,0,0,0,0,0,0,0
8411,0,0,0,0,0,0,0,0,0
8412,0,0,0,0,0,0,0,0,0
8413,6.33748e-05,2.89382e-06,2.7017e-12,1.86608e-13,1.93976e-15,4.32437e-15,1.12563e-22,7.96249e-37,6.62686e-05
8414,0,0,0,0,0,0,0,0,0
8415,8.69733e-06,1.27564e-07,6.72894e-19,4.31643e-20,4.01526e-22,2.46286e-22,2.9112e-30,1.19208e-44,8.82489e-06
8416,1.16833e-06,1.48561e-08,1.62591e-18,4.67598e-20,2.99995e-22,4.32595e-22,4.39638e-30,3.39731e-45,1.18318e-06
8417,0,0,0,0,0,0,0,0,0
8418,0,0,0,0,0,0,0,0,0
8419,0,0,0,0,0,0,0,0,0
8420,0,0,0,0,0,0,0,0,0
8421,0,0,0,0,0,0,0,0,0
8422,0,0,0,0,0,0,0,0,0
8423,0,0,0,0,0,0,0,0,0
8424,6.70903e-06,5.85429e-09,2.30309e-08,1.32978e-09,1.02842e-11,1.45988e-11,2.79943e-19,1.70489e-33,6.73927e-06
8425,0,0,0,0,0,0,0,0,0
8426,0,0,0,0,0,0,0,0,0
8427,0,0,0,0,0,0,0,0,0
8428,1.15513e-05,2.86422e-08,8.16745e-09,6.33985e-10,6.79623e-12,1.1241e-11,3.49357e-19,3.36348e-33,1.15887e-05
8429,0,0,0,0,0,0,0,0,0
8430,0,0,0,0,0,0,0,0,0
8431,0,0,0,0,0,0,0,0,0
8432,0,0,0,0,0,0,0,0,0
8433,0,0,0,0,0,0,0,0,0
8434,0,0,0,0,0,0,0,0,0
8435,0,0,0,0,0,0,0,0,0
8436,0,0,0,0,0,0,0,0,0
8437,3.0976e-05,5.67943e-07,7.46341e-13,5.93367e-14,8.39835e-16,3.98167e-16,7.41835e-24,3.09755e-38,3.15439e-05
8438,1.08793e-06,3.7997e-08,6.17181e-09,3.36355e-10,2.9314e-12,1.19539e-12,4.92364e-21,5.07707e-36,1.13244e-06
8439,0.000219837,1.50642e-05,1.3713e-08,1.14728e-09,1.41137e-11,3.49456e-11,6.38291e-19,3.81768e-33,0.000234916
8440,0.000226944,1.12559e-05,4.16708e-11,3.78654e-12,5.07648e-14,1.20656e-13,1.33413e-21,5.54471e-36,0.0002382
8441,0,0,0,0,0,0,0,0,0
8442,0,0,0,0,0,0,0,0,0
8443,0,0,0,0,0,0,0,0,0
8444,0,0,0,0,0,0,0,0,0
8445,0,0,0,0,0,0,0,0,0
8446,2.56375e-05,5.89576e-07,1.42893e-14,9.37178e-16,1.08368e-17,1.18461e-17,2.51625e-25,1.00455e-39,2.62271e-05
8447,0,0,0,0,0,0,0,0,0
8448,0,0,0,0,0,0,0,0,0
8449,0,0,0,0,0,0,0,0,0
8450,0,0,0,0,0,0,0,0,0
8451,0,0,0,0,0,0,0,0,0
8452,0,0,0,0,0,0,0,0,0
8453,1.85675e-06,1.73418e-08,2.92018e-18,1.48301e-19,1.0829e-21,4.32717e-22,5.56854e-30,1.99179e-44,1.87409e-06
8454,0,0,0,0,0,0,0,0,0
8455,0,0,0,0,0,0,0,0,0
8456,3.0174e-06,1.16225e-08,2.59508e-10,1.26622e-11,7.06226e-14,7.83023e-14,7.40422e-22,2.95207e-36,3.02929e-06
8457,0,0,0,0,0,0,0,0,0
8458,0,0,0,0,0,0,0,0,0
8459,2.54052e-07,5.94753e-11,1.71728e-14,1.25749e-15,1.3323e-17,4.92535e-18,9.48395e-26,5.25355e-40,2.54111e-07
8460,0,0,0,0,0,0,0,0,0
8461,0,0,0,0,0,0,0,0,0
8462,0,0,0,0,0,0,0,0,0
8463,0,0,0,0,0,0,0,0,0
8464,0,0,0,0,0,0,0,0,0
8465,0,0,0,0,0,0,0,0,0
8466,0,0,0,0,0,0,0,0,0
8467,0,0,0,0,0,0,0,0,0
8468,0,0,0,0,0,0,0,0,0
8469,0,0,0,0,0,0,0,0,0
8470,0,0,0,0,0,0,0,0,0
8471,0,0,0,0,0,0,0,0,0
8472,0,0,0,0,0,0,0,0,0
8473,0,0,0,0,0,0,0,0,0
8474,0,0,0,0,0,0,0,0,0
8475,0,0,0,0,0,0,0,0,0
8476,6.26959e-07,9.18136e-10,1.01153e-15,5.66461e-17,3.73409e-19,1.56942e-19,6.7736e-28,1.55509e-42,6.27877e-07
8477,0,0,0,0,0,0,0,0,0
8478,0.000134344,4.73547e-06,9.81823e-13,8.54226e-14,1.18143e-15,2.14062e-15,2.7113e-23,9.88675e-38,0.000139079
8479,0,0,0,0,0,0,0,0,0
8480,0,0,0,0,0,0,0,0,0
8481,0,0,0,0,0,0,0,0,0
8482,0,0,0,0,0,0,0,0,0
8483,3.64484e-06,3.20241e-08,2.2683e-12,1.23434e-13,8.18918e-16,1.67514e-15,2.07163e-23,9.28554e-38,3.67687e-06
8484,0,0,0,0,0,0,0,0,0
8485,0,0,0,0,0,0,0,0,0
8486,0,0,0,0,0,0,0,0,0
8487,9.34022e-05,4.65291e-06,2.47228e-08,1.56332e-09,2.15361e-11,8.32831e-12,1.09612e-19,1.58876e-33,9.80814e-05
8488,0,0,0,0,0,0,0,0,0
8489,3.44483e-05,9.84983e-07,1.2472e-12,7.60024e-14,6.271e-16,2.80878e-15,1.83083e-23,2.68847e-38,3.54333e-05
8490,0,0,0,0,0,0,0,0,0
8491,0,0,0,0,0,0,0,0,0
8492,0,0,0,0,0,0,0,0,0
8493,0,0,0,0,0,0,0,0,0
8494,3.03069e-06,3.72416e-08,1.56755e-18,9.05996e-20,7.23126e-22,1.1314e-22,8.37758e-31,2.07706e-45,3.06793e-06
8495,0,0,0,0,0,0,0,0,0
8496,0,0,0,0,0,0,0,0,0
8497,0,0,0,0,0,0,0,0,0
8498,9.49264e-08,5.70641e-09,2.34749e-14,1.21301e-15,5.34191e-18,5.0222e-18,2.51323e-26,1.16697e-40,1.00633e-07
8499,0,0,0,0,0,0,0,0,0
8500,0,0,0,0,0,0,0,0,0
8501,0,0,0,0,0,0,0,0,0
8502,0,0,0,0,0,0,0,0,0
8503,0,0,0,0,0,0,0,0,0
8504,1.98439e-06,1.94017e-08,2.09222e-20,9.87942e-22,3.94627e-24,1.92622e-23,1.07993e-31,4.27748e-46,2.00379e-06
8505,0,0,0,0,0,0,0,0,0
8506,0,0,0,0,0,0,0,0,0
8507,0,0,0,0,0,0,0,0,0
8508,0,0,0,0,0,0,0,0,0
8509,3.35683e-06,2.0212e-08,2.15959e-13,1.22181e-14,9.05923e-17,1.59141e-16,2.35662e-24,9.83419e-39,3.37704e-06
8510,0,0,0,0,0,0,0,0,0
8511,2.20768e-06,1.25786e-08,9.77206e-17,5.5475e-18,5.0658e-20,2.278e-20,2.45595e-28,5.77511e-43,2.22026e-06
8512,0,0,0,0,0,0,0,0,0
8513,0,0,0,0,0,0,0,0,0
8514,0,0,0,0,0,0,0,0,0
8515,0,0,0,0,0,0,0,0,0
8516,0,0,0,0,0,0,0,0,0
8517,0,0,0,0,0,0,0,0,0
8518,2.7328e-07,2.09112e-09,1.04362e-17,3.56871e-19,1.29334e-21,4.7568e-22,2.09955e-30,4.06975e-45,2.75371e-07
8519,0,0,0,0,0,0,0,0,0
8520,0,0,0,0,0,0,0,0,0
8521,0,0,0,0,0,0,0,0,0
8522,0.000192957,7.78994e-06,5.29762e-11,4.90822e-12,7.65839e-14,1.16392e-13,2.01041e-21,7.74421e-36,0.000200747
8523,0,0,0,0,0,0,0,0,0
8524,0,0,0,0,0,0,0,0,0
8525,0,0,0,0,0,0,0,0,0
8526,0,0,0,0,0,0,0,0,0
8527,6.92904e-05,4.86071e-06,3.90891e-09,2.31435e-10,2.06628e-12,4.73261e-12,7.5427e-20,2.47305e-34,7.41552e-05
8528,0,0,0,0,0,0,0,0,0
8529,0,0,0,0,0,0,0,0,0
8530,2.37744e-06,2.18545e-08,2.00024e-20,1.04128e-21,6.58785e-24,5.59961e-24,3.14325e-32,6.62823e-47,2.3993e-06
8531,0,0,0,0,0,0,0,0,0
8532,0,0,0,0,0,0,0,0,0
8533,0,0,0,0,0,0,0,0,0
8534,0.000138915,1.41958e-05,1.64363e-07,1.15739e-08,8.65806e-11,2.97584e-10,3.64433e-18,2.06764e-32,0.000153287
8535,0,0,0,0,0,0,0,0,0
8536,0,0,0,0,0,0,0,0,0
8537,0,0,0,0,0,0,0,0,0
8538,0,0,0,0,0,0,0,0,0
8539,0,0,0,0,0,0,0,0,0
8540,0,0,0,0,0,0,0,0,0
8541,3.60173e-05,2.09455e-07,3.11079e-11,2.86038e-12,5.16746e-14,3.7785e-14,6.37704e-22,1.67326e-36,3.62268e-05
8542,8.89801e-06,1.47248e-07,1.51815e-12,8.81999e-14,6.22525e-16,1.21245e-15,1.45893e-23,5.68553e-38,9.04526e-06
8543,0,0,0,0,0,0,0,0,0
8544,6.54556e-05,2.43022e-06,3.68871e-11,2.8295e-12,2.94349e-14,4.24524e-14,4.86255e-22,1.7525e-36,6.78859e-05
8545,0,0,0,0,0,0,0,0,0
8546,0,0,0,0,0,0,0,0,0
8547,0,0,0,0,0,0,0,0,0
8548,0,0,0,0,0,0,0,0,0
8549,0,0,0,0,0,0,0,0,0
8550,0,0,0,0,0,0,0,0,0
8551,8.90933e-07,4.6445e-09,7.47538e-15,3.2042e-16,1.68534e-18,2.08351e-18,3.57295e-26,1.40844e-40,8.95577e-07
8552,1.57329e-06,5.59812e-08,7.56099e-11,2.67989e-12,1.00015e-14,2.09978e-15,7.42767e-24,9.97944e-39,1.62935e-06
8553,0,0,0,0,0,0,0,0,0
8554,1.65052e-05,5.41044e-07,2.25283e-11,1.32181e-12,8.67709e-15,1.73187e-14,3.28388e-22,1.96344e-36,1.70463e-05
8555,0,0,0,0,0,0,0,0,0
8556,0,0,0,0,0,0,0,0,0
8557,0,0,0,0,0,0,0,0,0
8558,0.000106632,7.49878e-06,2.48992e-09,1.56906e-10,1.56828e-12,5.67015e-12,1.26045e-19,4.59892e-34,0.000114133
8559,0,0,0,0,0,0,0,0,0
8560,0,0,0,0,0,0,0,0,0
8561,0,0,0,0,0,0,0,0,0
8562,0,0,0,0,0,0,0,0,0
8563,0,0,0,0,0,0,0,0,0
8564,0,0,0,0,0,0,0,0,0
8565,0,0,0,0,0,0,0,0,0
8566,0,0,0,0,0,0,0,0,0
8567,0,0,0,0,0,0,0,0,0
8568,0,0,0,0,0,0,0,0,0
8569,0,0,0,0,0,0,0,0,0
8570,0,0,0,0,0,0,0,0,0
8571,6.51332e-07,2.87167e-09,2.46329e-18,1.12212e-19,6.38038e-22,4.37201e-22,4.64285e-30,1.27531e-44,6.54204e-07
8572,0,0,0,0,0,0,0,0,0
8573,0,0,0,0,0,0,0,0,0
8574,0,0,0,0,0,0,0,0,0
8575,0,0,0,0,0,0,0,0,0
8576,0,0,0,0,0,0,0,0,0
8577,0,0,0,0,0,0,0,0,0
8578,0,0,0,0,0,0,0,0,0
8579,0,0,0,0,0,0,0,0,0
8580,0,0,0,0,0,0,0,0,0
8581,0,0,0,0,0,0,0,0,0
8582,4.95844e-06,8.08057e-08,1.49829e-20,8.17969e-22,4.90094e-24,6.35848e-24,5.71945e-32,1.90352e-46,5.03924e-06
8583,0,0,0,0,0,0,0,0,0
8584,0,0,0,0,0,0,0,0,0
8585,0,0,0,0,0,0,0,0,0
8586,0,0,0,0,0,0,0,0,0
8587,0,0,0,0,0,0,0,0,0
8588,0,0,0,0,0,0,0,0,0
8589,0,0,0,0,0,0,0,0,0
8590,0,0,0,0,0,0,0,0,0
8591,0,0,0,0,0,0,0,0,0
8592,0,0,0,0,0,0,0,0,0
8593,8.83975e-07,7.95772e-09,5.43022e-19,1.98682e-20,6.21365e-23,1.92922e-22,6.59966e-31,1.09155e-45,8.91933e-07
8594,9.38381e-07,4.23669e-09,4.17547e-21,1.95316e-22,1.68611e-24,4.98191e-25,3.61522e-33,3.44145e-48,9.42618e-07
8595,0,0,0,0,0,0,0,0,0
8596,0,0,0,0,0,0,0,0,0
8597,0,0,0,0,0,0,0,0,0
8598,0,0,0,0,0,0,0,0,0
8599,9.51221e-06,2.97383e-07,1.07467e-14,5.67238e-16,2.70838e-18,7.82994e-18,6.37751e-26,2.62693e-40,9.8096e-06
8600,0,0,0,0,0,0,0,0,0
8601,0,0,0,0,0,0,0,0,0
8602,0,0,0,0,0,0,0,0,0
8603,0,0,0,0,0,0,0,0,0
8604,0,0,0,0,0,0,0,0,0
8605,5.66958e-05,2.15778e-06,7.00594e-12,4.65241e-13,4.78681e-15,9.96944e-15,1.1019e-22,2.3846e-37,5.88536e-05
8606,0,0,0,0,0,0,0,0,0
8607,0,0,0,0,0,0,0,0,0
8608,0,0,0,0,0,0,0,0,0
8609,0,0,0,0,0,0,0,0,0
8610,0,0,0,0,0,0,0,0,0
8611,0,0,0,0,0,0,0,0,0
8612,0,0,0,0,0,0,0,0,0
8613,6.27543e-05,5.66046e-06,4.76113e-08,2.91552e-09,1.51985e-11,4.16581e-11,2.0798e-19,6.49243e-34,6.84654e-05
8614,0,0,0,0,0,0,0,0,0
8615,0,0,0,0,0,0,0,0,0
8616,0,0,0,0,0,0,0,0,0
8617,0,0,0,0,0,0,0,0,0
8618,0,0,0,0,0,0,0,0,0
8619,0,0,0,0,0,0,0,0,0
8620,0,0,0,0,0,0,0,0,0
8621,0,0,0,0,0,0,0,0,0
8622,0,0,0,0,0,0,0,0,0
8623,0,0,0,0,0,0,0,0,0
8624,0,0,0,0,0,0,0,0,0
8625,0,0,0,0,0,0,0,0,0
8626,0,0,0,0,0,0,0,0,0
8627,0,0,0,0,0,0,0,0,0
8628,0,0,0,0,0,0,0,0,0
8629,0,0,0,0,0,0,0,0,0
8630,0,0,0,0,0,0,0,0,0
8631,8.64797e-07,2.30214e-11,1.60443e-13,9.2699e-15,8.60568e-17,1.07187e-16,8.09913e-25,1.08048e-39,8.64821e-07
8632,0,0,0,0,0,0,0,0,0
8633,0,0,0,0,0,0,0,0,0
8634,0,0,0,0,0,0,0,0,0
8635,0,0,0,0,0,0,0,0,0
8636,0,0,0,0,0,0,0,0,0
8637,0,0,0,0,0,0,0,0,0
8638,0,0,0,0,0,0,0,0,0
8639,0,0,0,0,0,0,0,0,0
8640,0,0,0,0,0,0,0,0,0
8641,0,0,0,0,0,0,0,0,0
8642,0,0,0,0,0,0,0,0,0
8643,0,0,0,0,0,0,0,0,0
8644,0,0,0,0,0,0,0,0,0
8645,0,0,0,0,0,0,0,0,0
8646,0,0,0,0,0,0,0,0,0
8647,0.000301856,3.03768e-05,4.24103e-07,3.45797e-08,3.67644e-10,1.02058e-09,1.62349e-17,6.26208e-32,0.000332693
8648,0,0,0,0,0,0,0,0,0
8649,0,0,0,0,0,0,0,0,0
8650,0,0,0,0,0,0,0,0,0
8651,1.31561e-05,1.7968e-07,2.35372e-17,1.45473e-18,1.27879e-20,2.00836e-20,4.07244e-29,4.16317e-45,1.33357e-05
8652,0,0,0,0,0,0,0,0,0
8653,3.98493e-05,1.09599e-06,1.77747e-12,1.28825e-13,1.2815e-15,1.53877e-15,1.26937e-23,2.5672e-38,4.09453e-05
8654,0,0,0,0,0,0,0,0,0
8655,0,0,0,0,0,0,0,0,0
8656,0,0,0,0,0,0,0,0,0
8657,0,0,0,0,0,0,0,0,0
8658,9.92345e-06,1.26182e-07,4.70185e-15,2.88604e-16,2.49808e-18,3.67464e-18,2.97823e-26,5.17705e-41,1.00496e-05
8659,0,0,0,0,0,0,0,0,0
8660,1.2541e-05,5.62054e-07,6.33385e-12,2.69223e-13,1.39433e-15,6.74579e-15,5.16076e-23,9.08854e-38,1.3103e-05
8661,0,0,0,0,0,0,0,0,0
8662,0,0,0,0,0,0,0,0,0
8663,0,0,0,0,0,0,0,0,0
8664,0,0,0,0,0,0,0,0,0
8665,0,0,0,0,0,0,0,0,0
8666,0,0,0,0,0,0,0,0,0
8667,0,0,0,0,0,0,0,0,0
8668,0,0,0,0,0,0,0,0,0
8669,0,0,0,0,0,0,0,0,0
8670,0,0,0,0,0,0,0,0,0
8671,1.24419e-06,8.13451e-09,3.31701e-16,1.58519e-17,8.43058e-20,8.5438e-20,5.85568e-28,1.18113e-42,1.25233e-06
8672,0,0,0,0,0,0,0,0,0
8673,0,0,0,0,0,0,0,0,0
8674,1.14671e-06,8.24397e-09,2.48783e-21,1.05269e-22,7.15368e-25,5.44659e-25,6.21362e-33,8.31438e-48,1.15495e-06
8675,0,0,0,0,0,0,0,0,0
8676,0,0,0,0,0,0,0,0,0
8677,0,0,0,0,0,0,0,0,0
8678,0,0,0,0,0,0,0,0,0
8679,0.000222988,2.40928e-05,3.24959e-07,2.17236e-08,1.94632e-10,1.04733e-09,2.14157e-17,7.26228e-32,0.000247429
8680,7.49471e-05,6.47069e-06,5.60133e-08,4.20531e-09,3.19159e-11,1.16873e-11,6.22774e-20,1.41114e-34,8.14781e-05
8681,0,0,0,0,0,0,0,0,0
8682,0,0,0,0,0,0,0,0,0
8683,0,0,0,0,0,0,0,0,0
8684,0,0,0,0,0,0,0,0,0
8685,0.000121384,1.09709e-05,1.11427e-07,7.27665e-09,6.28041e-11,1.43314e-10,1.41844e-18,3.04869e-33,0.000132474
8686,0,0,0,0,0,0,0,0,0
8687,0,0,0,0,0,0,0,0,0
8688,3.40091e-06,6.32704e-08,4.40564e-13,2.27803e-14,1.05811e-16,5.51604e-17,2.06348e-25,3.90759e-40,3.46418e-06
8689,0,0,0,0,0,0,0,0,0
8690,1.42826e-06,2.78192e-11,1.94827e-14,1.09147e-15,5.76266e-18,1.03475e-17,6.82004e-26,1.79293e-40,1.42829e-06
8691,0,0,0,0,0,0,0,0,0
8692,0,0,0,0,0,0,0,0,0
8693,0,0,0,0,0,0,0,0,0
8694,0,0,0,0,0,0,0,0,0
8695,0,0,0,0,0,0,0,0,0
8696,0,0,0,0,0,0,0,0,0
8697,0,0,0,0,0,0,0,0,0
8698,0,0,0,0,0,0,0,0,0
8699,1.38077e-05,5.96086e-07,5.6395e-10,2.25898e-11,4.24394e-14,1.20734e-12,4.07146e-21,8.75214e-36,1.44044e-05
8700,0,0,0,0,0,0,0,0,0
8701,0,0,0,0,0,0,0,0,0
8702,0,0,0,0,0,0,0,0,0
8703,0,0,0,0,0,0,0,0,0
8704,9.3124e-07,5.31457e-09,2.84124e-20,1.24463e-21,7.08996e-24,9.96166e-24,1.88715e-31,4.9421e-46,9.36555e-07
8705,0,0,0,0,0,0,0,0,0
8706,0,0,0,0,0,0,0,0,0
8707,1.20555e-06,2.49018e-09,4.48876e-11,2.25379e-12,1.37192e-14,2.06189e-14,1.71347e-22,3.08419e-37,1.20809e-06
8708,2.46102e-05,8.27343e-07,5.21754e-12,3.09563e-13,2.20757e-15,6.08055e-15,7.28236e-23,1.9056e-37,2.54376e-05
8709,0,0,0,0,0,0,0,0,0
8710,0,0,0,0,0,0,0,0,0
8711,0,0,0,0,0,0,0,0,0
8712,2.83129e-05,9.94832e-07,6.30317e-13,3.59362e-14,2.9166e-16,6.253e-16,4.53384e-24,5.87696e-39,2.93077e-05
8713,0,0,0,0,0,0,0,0,0
8714,3.0051e-07,4.88062e-07,4.37245e-08,3.00994e-09,2.35183e-11,1.89148e-11,1.69189e-19,4.17026e-34,8.35349e-07
8715,0,0,0,0,0,0,0,0,0
8716,0,0,0,0,0,0,0,0,0
8717,4.12505e-06,5.92434e-08,3.36854e-19,1.63995e-20,1.10675e-22,1.23994e-22,1.08492e-30,1.54176e-45,4.18429e-06
8718,0,0,0,0,0,0,0,0,0
8719,6.3391e-06,2.38141e-07,3.86725e-14,1.89052e-15,9.98127e-18,3.43953e-18,1.55394e-26,2.09214e-41,6.57724e-06
8720,0,0,0,0,0,0,0,0,0
8721,0,0,0,0,0,0,0,0,0
8722,0,0,0,0,0,0,0,0,0
8723,0.000165182,8.42783e-06,1.29559e-09,1.05755e-10,1.15066e-12,3.38098e-12,3.57436e-20,8.10924e-35,0.000173611
8724,0,0,0,0,0,0,0,0,0
8725,0,0,0,0,0,0,0,0,0
8726,0,0,0,0,0,0,0,0,0
8727,0,0,0,0,0,0,0,0,0
8728,0,0,0,0,0,0,0,0,0
8729,0,0,0,0,0,0,0,0,0
8730,2.1463e-06,1.73311e-08,1.69317e-17,7.10032e-19,4.14498e-21,1.59288e-21,2.64447e-30,1.3166e-45,2.16363e-06
8731,0,0,0,0,0,0,0,0,0
8732,0,0,0,0,0,0,0,0,0
8733,3.57995e-05,1.83083e-06,2.20186e-10,1.07825e-11,6.94331e-14,4.06999e-13,3.73995e-21,5.29167e-36,3.76306e-05
8734,1.87129e-05,4.20597e-07,1.10013e-10,6.04391e-12,5.90859e-14,8.82109e-14,1.66247e-21,2.56576e-36,1.91336e-05
8735,0,0,0,0,0,0,0,0,0
8736,1.61646e-06,4.51072e-09,1.3558e-16,7.86886e-18,5.40558e-20,5.05491e-20,2.93076e-28,4.6056e-43,1.62098e-06
8737,0,0,0,0,0,0,0,0,0
8738,0,0,0,0,0,0,0,0,0
8739,0,0,0,0,0,0,0,0,0
8740,0,0,0,0,0,0,0,0,0
8741,0,0,0,0,0,0,0,0,0
8742,0,0,0,0,0,0,0,0,0
8743,0,0,0,0,0,0,0,0,0
8744,0,0,0,0,0,0,0,0,0
8745,0,0,0,0,0,0,0,0,0
8746,0,0,0,0,0,0,0,0,0
8747,0,0,0,0,0,0,0,0,0
8748,0,0,0,0,0,0,0,0,0
8749,0,0,0,0,0,0,0,0,0
8750,0,0,0,0,0,0,0,0,0
8751,7.99979e-05,2.48358e-06,4.85596e-12,3.44448e-13,4.3258e-15,5.1352e-15,3.73465e-23,2.84182e-38,8.24814e-05
8752,1.03818e-05,2.34965e-07,1.94607e-15,1.10013e-16,6.51311e-19,1.03087e-18,5.0444e-27,7.93542e-42,1.06168e-05
8753,0,0,0,0,0,0,0,0,0
8754,2.84922e-06,2.93626e-08,8.36975e-19,4.10623e-20,2.67848e-22,2.28709e-22,1.19481e-30,1.1439e-45,2.87858e-06
8755,1.9489e-06,7.42223e-08,2.33448e-13,4.73809e-15,2.48502e-17,1.00402e-17,7.59611e-26,7.70073e-43,2.02312e-06
8756,0,0,0,0,0,0,0,0,0
8757,0,0,0,0,0,0,0,0,0
8758,0,0,0,0,0,0,0,0,0
8759,0,0,0,0,0,0,0,0,0
8760,3.69345e-06,8.30351e-08,4.42552e-13,1.77463e-14,5.48183e-17,2.05154e-16,8.96175e-25,1.3422e-39,3.77648e-06
8761,5.31919e-06,4.37708e-08,1.34744e-16,7.75717e-18,7.33943e-20,6.79826e-20,6.77896e-28,7.51696e-43,5.36296e-06
8762,1.42934e-06,1.59609e-08,3.03023e-11,1.05212e-12,5.76509e-15,5.40908e-15,3.03668e-23,1.65279e-38,1.44533e-06
8763,0,0,0,0,0,0,0,0,0
8764,3.2359e-05,6.40774e-07,2.20535e-10,1.4669e-11,1.4833e-13,3.23041e-13,3.83012e-21,5.95068e-36,3.3e-05
8765,0,0,0,0,0,0,0,0,0
8766,0,0,0,0,0,0,0,0,0
8767,0,0,0,0,0,0,0,0,0
8768,0,0,0,0,0,0,0,0,0
8769,0,0,0,0,0,0,0,0,0
8770,0,0,0,0,0,0,0,0,0
8771,3.98962e-06,5.77218e-08,2.8123e-18,1.40158e-19,8.36919e-22,6.23193e-22,1.48387e-30,8.19573e-46,4.04734e-06
8772,0,0,0,0,0,0,0,0,0
8773,0,0,0,0,0,0,0,0,0
8774,0,0,0,0,0,0,0,0,0
8775,0,0,0,0,0,0,0,0,0
8776,0,0,0,0,0,0,0,0,0
8777,0,0,0,0,0,0,0,0,0
8778,0,0,0,0,0,0,0,0,0
8779,0,0,0,0,0,0,0,0,0
8780,0,0,0,0,0,0,0,0,0
8781,0,0,0,0,0,0,0,0,0
8782,4.17333e-06,4.03218e-08,2.38646e-16,1.38624e-17,1.2306e-19,5.48288e-20,1.03332e-27,1.94104e-42,4.21366e-06
8783,0,0,0,0,0,0,0,0,0
8784,0,0,0,0,0,0,0,0,0
8785,0,0,0,0,0,0,0,0,0
8786,0,0,0,0,0,0,0,0,0
8787,7.51978e-06,4.27634e-07,6.2329e-10,7.72844e-12,7.14298e-14,1.19502e-14,7.59574e-23,5.39749e-36,7.94805e-06
8788,0.00010843,6.24988e-06,2.26914e-09,1.67708e-10,1.45024e-12,3.57989e-12,2.28122e-20,3.68161e-35,0.000114682
8789,0,0,0,0,0,0,0,0,0
8790,1.04164e-06,5.56825e-09,3.96621e-15,1.82349e-16,1.03703e-18,3.79869e-19,4.05045e-28,1.16925e-43,1.04721e-06
8791,0,0,0,0,0,0,0,0,0
8792,0,0,0,0,0,0,0,0,0
8793,0,0,0,0,0,0,0,0,0
8794,0,0,0,0,0,0,0,0,0
8795,0,0,0,0,0,0,0,0,0
8796,0,0,0,0,0,0,0,0,0
8797,0,0,0,0,0,0,0,0,0
8798,1.69365e-05,6.4164e-07,5.30878e-11,2.18203e-12,1.27135e-14,1.0396e-14,9.06808e-23,1.4398e-37,1.75782e-05
8799,1.82781e-06,5.45616e-09,1.33817e-11,6.8728e-13,4.90888e-15,7.80133e-15,6.24019e-23,6.72274e-38,1.83328e-06
8800,0,0,0,0,0,0,0,0,0
8801,1.40913e-05,2.853e-07,9.16854e-17,5.32958e-18,3.94127e-20,7.23536e-20,3.55829e-28,3.43984e-43,1.43766e-05
8802,0,0,0,0,0,0,0,0,0
8803,0,0,0,0,0,0,0,0,0
8804,0,0,0,0,0,0,0,0,0
8805,3.79864e-06,2.48753e-08,2.92953e-19,1.76276e-20,1.43868e-22,1.89134e-22,2.2319e-30,3.6083e-45,3.82352e-06
8806,0,0,0,0,0,0,0,0,0
8807,0,0,0,0,0,0,0,0,0
8808,0,0,0,0,0,0,0,0,0
8809,0,0,0,0,0,0,0,0,0
8810,0,0,0,0,0,0,0,0,0
8811,0,0,0,0,0,0,0,0,0
8812,0,0,0,0,0,0,0,0,0
8813,8.31905e-06,1.73088e-07,1.66325e-14,8.34751e-16,5.55646e-18,9.197e-18,8.00299e-26,9.37862e-41,8.49214e-06
8814,0,0,0,0,0,0,0,0,0
8815,0,0,0,0,0,0,0,0,0
8816,0,0,0,0,0,0,0,0,0
8817,1.88435e-06,8.35379e-09,1.31839e-10,6.43333e-12,3.91625e-14,3.1963e-14,8.09652e-23,4.25644e-38,1.89284e-06
8818,0,0,0,0,0,0,0,0,0
8819,0,0,0,0,0,0,0,0,0
8820,0,0,0,0,0,0,0,0,0
8821,2.05428e-05,3.65451e-07,1.88515e-13,1.23773e-14,1.13003e-16,1.48133e-16,8.71479e-25,8.58633e-40,2.09083e-05
8822,0,0,0,0,0,0,0,0,0
8823,0,0,0,0,0,0,0,0,0
8824,0.000139722,8.17489e-06,5.58398e-09,4.01451e-10,4.34629e-12,9.63406e-12,8.09342e-20,8.87454e-35,0.000147903
8825,0,0,0,0,0,0,0,0,0
8826,0,0,0,0,0,0,0,0,0
8827,0,0,0,0,0,0,0,0,0
8828,2.68642e-05,5.74715e-07,1.25813e-08,8.0672e-10,6.91197e-12,9.99499e-12,7.40184e-20,8.58825e-35,2.74523e-05
8829,0,0,0,0,0,0,0,0,0
8830,0,0,0,0,0,0,0,0,0
8831,1.05181e-06,7.10709e-08,3.16896e-12,3.96568e-15,9.56877e-16,7.22634e-15,3.20109e-25,1.0209e-39,1.12288e-06
8832,0,0,0,0,0,0,0,0,0
8833,0,0,0,0,0,0,0,0,0
8834,0.000181665,1.29152e-05,9.58937e-09,7.60826e-10,7.64829e-12,1.7399e-11,2.25992e-19,4.74284e-34,0.00019459
8835,0,0,0,0,0,0,0,0,0
8836,8.19914e-05,3.38295e-06,3.22943e-11,2.39043e-12,2.36466e-14,7.59457e-14,2.23893e-21,7.30435e-36,8.53744e-05
8837,0,0,0,0,0,0,0,0,0
8838,0,0,0,0,0,0,0,0,0
8839,0,0,0,0,0,0,0,0,0
8840,0,0,0,0,0,0,0,0,0
8841,0,0,0,0,0,0,0,0,0
8842,0,0,0,0,0,0,0,0,0
8843,0,0,0,0,0,0,0,0,0
8844,0,0,0,0,0,0,0,0,0
8845,0,0,0,0,0,0,0,0,0
8846,0,0,0,0,0,0,0,0,0
8847,0,0,0,0,0,0,0,0,0
8848,0,0,0,0,0,0,0,0,0
8849,0,0,0,0,0,0,0,0,0
8850,0,0,0,0,0,0,0,0,0
8851,0,0,0,0,0,0,0,0,0
8852,0,0,0,0,0,0,0,0,0
8853,0,0,0,0,0,0,0,0,0
8854,0,0,0,0,0,0,0,0,0
8855,0,0,0,0,0,0,0,0,0
8856,0,0,0,0,0,0,0,0,0
8857,0,0,0,0,0,0,0,0,0
8858,0,0,0,0,0,0,0,0,0
8859,0,0,0,0,0,0,0,0,0
8860,0,0,0,0,0,0,0,0,0
8861,0,0,0,0,0,0,0,0,0
8862,0,0,0,0,0,0,0,0,0
8863,0,0,0,0,0,0,0,0,0
8864,0,0,0,0,0,0,0,0,0
8865,0,0,0,0,0,0,0,0,0
8866,0,0,0,0,0,0,0,0,0
8867,5.11389e-06,5.81136e-08,1.27718e-12,5.92095e-14,3.79553e-16,6.03122e-16,4.01671e-24,3.06227e-39,5.17201e-06
8868,0,0,0,0,0,0,0,0,0
8869,0,0,0,0,0,0,0,0,0
8870,0,0,0,0,0,0,0,0,0
8871,0,0,0,0,0,0,0,0,0
8872,0,0,0,0,0,0,0,0,0
8873,0,0,0,0,0,0,0,0,0
8874,0,0,0,0,0,0,0,0,0
8875,1.62306e-05,6.10416e-08,2.07609e-08,1.56897e-09,1.48411e-11,9.16822e-12,3.60945e-20,2.86434e-35,1.6314e-05
8876,0,0,0,0,0,0,0,0,0
8877,5.6579e-06,6.97001e-08,4.4851e-13,2.27717e-14,1.23002e-16,8.07632e-17,4.12338e-25,4.26356e-40,5.7276e-06
8878,0,0,0,0,0,0,0,0,0
8879,0,0,0,0,0,0,0,0,0
8880,0,0,0,0,0,0,0,0,0
8881,0,0,0,0,0,0,0,0,0
8882,0,0,0,0,0,0,0,0,0
8883,0,0,0,0,0,0,0,0,0
8884,1.18541e-06,8.51816e-09,1.20851e-21,4.96759e-23,2.35267e-25,5.40254e-25,2.93014e-33,2.52828e-48,1.19393e-06
8885,0,0,0,0,0,0,0,0,0
8886,0,0,0,0,0,0,0,0,0
8887,0,0,0,0,0,0,0,0,0
8888,1.8361e-05,2.4611e-07,1.28518e-10,8.34237e-12,8.95205e-14,6.00502e-14,2.71282e-22,1.28372e-37,1.86072e-05
8889,0,0,0,0,0,0,0,0,0
8890,0,0,0,0,0,0,0,0,0
8891,2.31519e-05,1.16679e-06,7.22646e-10,3.52136e-11,2.56921e-13,3.63829e-13,4.1063e-21,3.75818e-36,2.43194e-05
8892,0,0,0,0,0,0,0,0,0
8893,0,0,0,0,0,0,0,0,0
8894,0,0,0,0,0,0,0,0,0
8895,0,0,0,0,0,0,0,0,0
8896,6.56966e-06,2.00668e-07,7.52744e-14,2.75392e-15,1.82865e-17,1.53777e-17,9.16656e-26,2.28612e-41,6.77033e-06
8897,0,0,0,0,0,0,0,0,0
8898,0,0,0,0,0,0,0,0,0
8899,0,0,0,0,0,0,0,0,0
8900,2.17232e-05,6.92521e-07,7.36882e-14,3.96201e-15,2.69569e-17,8.26362e-17,4.89354e-25,4.04978e-40,2.24157e-05
8901,0,0,0,0,0,0,0,0,0
8902,0,0,0,0,0,0,0,0,0
8903,0,0,0,0,0,0,0,0,0
8904,0,0,0,0,0,0,0,0,0
8905,0,0,0,0,0,0,0,0,0
8906,0,0,0,0,0,0,0,0,0
8907,0,0,0,0,0,0,0,0,0
8908,0,0,0,0,0,0,0,0,0
8909,0,0,0,0,0,0,0,0,0
8910,0,0,0,0,0,0,0,0,0
8911,9.15208e-06,2.49168e-07,1.56565e-10,6.34433e-12,5.3323e-14,2.67682e-14,5.44776e-23,4.11989e-39,9.40141e-06
8912,0,0,0,0,0,0,0,0,0
8913,0,0,0,0,0,0,0,0,0
8914,0,0,0,0,0,0,0,0,0
8915,0,0,0,0,0,0,0,0,0
8916,0,0,0,0,0,0,0,0,0
8917,0,0,0,0,0,0,0,0,0
8918,0,0,0,0,0,0,0,0,0
8919,0,0,0,0,0,0,0,0,0
8920,0,0,0,0,0,0,0,0,0
8921,6.82704e-06,9.12573e-09,3.31399e-08,2.05968e-09,1.19359e-11,4.60224e-11,2.77219e-19,3.88896e-34,6.87142e-06
8922,0,0,0,0,0,0,0,0,0
8923,0,0,0,0,0,0,0,0,0
8924,0.000278613,1.74363e-05,1.62422e-07,1.38427e-08,1.95192e-10,1.57237e-10,4.62785e-19,9.79942e-35,0.000296226
8925,0,0,0,0,0,0,0,0,0
8926,0,0,0,0,0,0,0,0,0
8927,9.69145e-05,3.21219e-06,2.49437e-13,2.05954e-14,2.27386e-16,3.79736e-16,3.18382e-24,3.53301e-39,0.000100127
8928,0,0,0,0,0,0,0,0,0
8929,0,0,0,0,0,0,0,0,0
8930,0.000206322,1.9148e-05,2.25348e-07,1.77898e-08,1.7215e-10,2.11608e-10,1.84494e-18,2.37546e-33,0.000225714
8931,3.64463e-05,1.92217e-06,2.28102e-09,1.40181e-10,9.2995e-13,1.31096e-12,1.26963e-20,1.95847e-35,3.83709e-05
8932,5.33519e-05,3.91859e-06,2.66511e-08,1.34519e-09,8.31809e-12,2.24115e-11,8.24092e-20,3.96884e-35,5.72985e-05
8933,0,0,0,0,0,0,0,0,0
8934,0,0,0,0,0,0,0,0,0
8935,0,0,0,0,0,0,0,0,0
8936,0,0,0,0,0,0,0,0,0
8937,0,0,0,0,0,0,0,0,0
8938,7.52074e-05,4.57613e-06,7.11319e-10,4.48271e-11,3.47255e-13,1.01339e-12,7.82711e-21,8.13797e-36,7.97843e-05
8939,0,0,0,0,0,0,0,0,0
8940,0,0,0,0,0,0,0,0,0
8941,0,0,0,0,0,0,0,0,0
8942,6.26008e-05,2.12594e-06,5.13514e-11,3.64428e-12,4.03049e-14,3.2959e-14,1.33132e-22,5.61157e-38,6.47268e-05
8943,0,0,0,0,0,0,0,0,0
8944,0,0,0,0,0,0,0,0,0
8945,1.19631e-05,2.61853e-07,2.10754e-12,9.93542e-14,4.59147e-16,8.69798e-16,4.11249e-24,4.05128e-39,1.22249e-05
8946,0,0,0,0,0,0,0,0,0
8947,0,0,0,0,0,0,0,0,0
8948,0,0,0,0,0,0,0,0,0
8949,0,0,0,0,0,0,0,0,0
8950,0,0,0,0,0,0,0,0,0
8951,0.000194193,1.31787e-05,1.2004e-07,8.56855e-09,1.13201e-10,1.16747e-10,6.18895e-19,2.19654e-34,0.0002075
8952,0,0,0,0,0,0,0,0,0
8953,9.10783e-06,7.07533e-07,3.13519e-09,1.13167e-10,5.02451e-13,1.74329e-13,4.4738e-22,1.1472e-37,9.81861e-06
8954,0,0,0,0,0,0,0,0,0
8955,0,0,0,0,0,0,0,0,0
8956,0,0,0,0,0,0,0,0,0
8957,0,0,0,0,0,0,0,0,0
8958,3.18883e-06,5.99945e-08,9.25433e-17,3.59438e-18,1.06221e-20,6.22429e-20,1.96145e-28,1.44471e-43,3.24882e-06
8959,0,0,0,0,0,0,0,0,0
8960,0,0,0,0,0,0,0,0,0
8961,0,0,0,0,0,0,0,0,0
8962,0,0,0,0,0,0,0,0,0
8963,0,0,0,0,0,0,0,0,0
8964,0,0,0,0,0,0,0,0,0
8965,0,0,0,0,0,0,0,0,0
8966,0,0,0,0,0,0,0,0,0
8967,0,0,0,0,0,0,0,0,0
8968,0,0,0,0,0,0,0,0,0
8969,0,0,0,0,0,0,0,0,0
8970,1.55447e-06,3.42805e-08,5.28334e-12,4.58876e-14,9.27112e-16,2.47292e-14,1.3252e-23,1.65804e-38,1.58875e-06
8971,0,0,0,0,0,0,0,0,0
8972,0,0,0,0,0,0,0,0,0
8973,0,0,0,0,0,0,0,0,0
8974,0,0,0,0,0,0,0,0,0
8975,0,0,0,0,0,0,0,0,0
8976,0,0,0,0,0,0,0,0,0
8977,0,0,0,0,0,0,0,0,0
8978,0,0,0,0,0,0,0,0,0
8979,0,0,0,0,0,0,0,0,0
8980,0,0,0,0,0,0,0,0,0
8981,0,0,0,0,0,0,0,0,0
8982,0,0,0,0,0,0,0,0,0
8983,0,0,0,0,0,0,0,0,0
8984,0,0,0,0,0,0,0,0,0
8985,0,0,0,0,0,0,0,0,0
8986,0,0,0,0,0,0,0,0,0
8987,9.53708e-07,5.2887e-09,6.0436e-19,3.06155e-20,1.49222e-22,4.19636e-23,7.07124e-32,2.94035e-47,9.58996e-07
8988,0,0,0,0,0,0,0,0,0
8989,0,0,0,0,0,0,0,0,0
8990,0,0,0,0,0,0,0,0,0
8991,6.36568e-06,9.11634e-08,8.23549e-17,4.90159e-18,3.61309e-20,9.8024e-21,2.09513e-29,4.8558e-45,6.45685e-06
8992,0,0,0,0,0,0,0,0,0
8993,0,0,0,0,0,0,0,0,0
8994,0,0,0,0,0,0,0,0,0
8995,3.33361e-05,1.28515e-06,9.94799e-14,5.7677e-15,4.58085e-17,9.78399e-17,1.39465e-24,1.51939e-39,3.46213e-05
8996,0,0,0,0,0,0,0,0,0
8997,0,0,0,0,0,0,0,0,0
8998,0,0,0,0,0,0,0,0,0
8999,7.61161e-07,2.52259e-09,7.74655e-19,3.65125e-20,2.66996e-22,9.65769e-23,2.90077e-31,7.31597e-47,7.63683e-07
9000,0,0,0,0,0,0,0,0,0
9001,1.57111e-06,1.39546e-08,1.06421e-13,3.85293e-15,1.94464e-17,3.06404e-17,1.76685e-25,6.74485e-41,1.58507e-06
9002,0,0,0,0,0,0,0,0,0
9003,4.06744e-05,9.66189e-07,1.12614e-10,5.68548e-12,3.49417e-14,3.13159e-14,7.74868e-23,2.70221e-38,4.16408e-05
9004,0,0,0,0,0,0,0,0,0
9005,0,0,0,0,0,0,0,0,0
9006,0,0,0,0,0,0,0,0,0
9007,0,0,0,0,0,0,0,0,0
9008,0,0,0,0,0,0,0,0,0
9009,0,0,0,0,0,0,0,0,0
9010,0.00018838,1.46919e-05,1.46056e-07,1.02781e-08,8.50231e-11,3.73948e-10,1.65189e-18,1.06769e-33,0.000203229
9011,0,0,0,0,0,0,0,0,0
9012,0,0,0,0,0,0,0,0,0
9013,5.14618e-06,4.93056e-08,1.33045e-17,7.29945e-19,5.44828e-21,6.49691e-21,2.76842e-29,1.18741e-44,5.19549e-06
9014,0,0,0,0,0,0,0,0,0
9015,0,0,0,0,0,0,0,0,0
9016,0,0,0,0,0,0,0,0,0
9017,7.9377e-07,6.19178e-09,4.92762e-20,1.95251e-21,9.12426e-24,2.88714e-24,4.31392e-33,1.02524e-48,7.99962e-07
9018,0,0,0,0,0,0,0,0,0
9019,9.74848e-07,5.33337e-09,2.11848e-12,9.20446e-14,4.2711e-16,4.07608e-16,1.43201e-24,6.98936e-40,9.80184e-07
9020,0,0,0,0,0,0,0,0,0
9021,1.6397e-06,1.53184e-08,1.10822e-10,4.36194e-12,2.12341e-14,2.62211e-14,1.34311e-22,6.26873e-38,1.65513e-06
9022,2.51108e-06,4.24377e-08,2.52805e-13,1.02106e-14,4.9112e-17,4.14895e-17,1.26423e-25,4.49598e-41,2.55352e-06
9023,0,0,0,0,0,0,0,0,0
9024,0,0,0,0,0,0,0,0,0
9025,1.41312e-05,3.07716e-07,4.18991e-09,2.17664e-10,1.83346e-12,1.29906e-12,7.99645e-21,3.01851e-36,1.44433e-05
9026,0,0,0,0,0,0,0,0,0
9027,0,0,0,0,0,0,0,0,0
9028,0,0,0,0,0,0,0,0,0
9029,0,0,0,0,0,0,0,0,0
9030,0,0,0,0,0,0,0,0,0
9031,0,0,0,0,0,0,0,0,0
9032,0,0,0,0,0,0,0,0,0
9033,0,0,0,0,0,0,0,0,0
9034,0,0,0,0,0,0,0,0,0
9035,0,0,0,0,0,0,0,0,0
9036,0,0,0,0,0,0,0,0,0
9037,0,0,0,0,0,0,0,0,0
9038,0,0,0,0,0,0,0,0,0
9039,0,0,0,0,0,0,0,0,0
9040,0,0,0,0,0,0,0,0,0
9041,0,0,0,0,0,0,0,0,0
9042,3.33533e-06,3.48531e-08,3.48786e-18,1.73177e-19,1.14295e-21,4.98392e-22,6.75398e-31,1.11596e-46,3.37018e-06
9043,0,0,0,0,0,0,0,0,0
9044,8.18868e-06,1.57847e-07,1.2666e-12,6.18799e-14,3.50129e-16,9.48593e-16,4.18142e-24,2.11888e-39,8.34653e-06
9045,0,0,0,0,0,0,0,0,0
9046,0,0,0,0,0,0,0,0,0
9047,0,0,0,0,0,0,0,0,0
9048,0,0,0,0,0,0,0,0,0
9049,0,0,0,0,0,0,0,0,0
9050,0,0,0,0,0,0,0,0,0
9051,0,0,0,0,0,0,0,0,0
9052,1.57057e-06,1.61353e-08,1.51766e-22,6.74911e-24,3.62623e-26,1.64311e-26,5.88813e-35,2.22932e-50,1.5867e-06
9053,0,0,0,0,0,0,0,0,0
9054,0,0,0,0,0,0,0,0,0
9055,0,0,0,0,0,0,0,0,0
9056,0,0,0,0,0,0,0,0,0
9057,0,0,0,0,0,0,0,0,0
9058,0,0,0,0,0,0,0,0,0
9059,0,0,0,0,0,0,0,0,0
9060,1.26802e-06,1.52866e-08,9.93102e-16,3.62873e-17,1.89982e-19,8.35429e-20,2.19839e-28,4.16944e-44,1.2833e-06
9061,0,0,0,0,0,0,0,0,0
9062,0,0,0,0,0,0,0,0,0
9063,0,0,0,0,0,0,0,0,0
9064,0,0,0,0,0,0,0,0,0
9065,0,0,0,0,0,0,0,0,0
9066,1.19356e-06,8.74965e-09,2.81694e-23,1.21257e-24,6.10886e-27,3.64261e-27,5.65929e-36,9.4181e-52,1.20231e-06
9067,0,0,0,0,0,0,0,0,0
9068,2.967e-06,4.02562e-08,1.7685e-09,6.30664e-11,3.0428e-13,4.10016e-13,2.35128e-21,8.14445e-37,3.00909e-06
9069,0,0,0,0,0,0,0,0,0
9070,0.000150294,8.10249e-06,5.47453e-08,3.69644e-09,3.10529e-11,4.88817e-11,8.96249e-20,2.79728e-35,0.000158455
9071,0,0,0,0,0,0,0,0,0
9072,0,0,0,0,0,0,0,0,0
9073,0,0,0,0,0,0,0,0,0
9074,0,0,0,0,0,0,0,0,0
9075,0,0,0,0,0,0,0,0,0
9076,3.56673e-06,8.51247e-08,3.23148e-11,1.28825e-12,8.87616e-15,3.60693e-15,6.57422e-23,3.85045e-36,3.65189e-06
9077,7.29891e-05,5.86314e-06,4.69453e-08,2.37847e-09,1.99648e-11,4.24329e-11,2.83669e-19,9.28875e-35,7.89016e-05
9078,0,0,0,0,0,0,0,0,0
9079,0,0,0,0,0,0,0,0,0
9080,0,0,0,0,0,0,0,0,0
9081,0,0,0,0,0,0,0,0,0
9082,0,0,0,0,0,0,0,0,0
9083,5.40878e-06,1.38964e-07,7.48612e-16,3.08547e-17,1.50229e-19,2.84831e-19,1.21314e-27,4.88727e-43,5.54775e-06
9084,0,0,0,0,0,0,0,0,0
9085,0,0,0,0,0,0,0,0,0
9086,5.22818e-06,2.77591e-08,1.0019e-16,6.09569e-18,4.85242e-20,9.50197e-20,4.1394e-28,1.67323e-43,5.25594e-06
9087,7.43551e-05,2.41632e-06,1.15744e-08,7.96264e-10,6.99898e-12,2.79212e-11,1.51543e-19,8.15685e-35,7.67839e-05
9088,0,0,0,0,0,0,0,0,0
9089,6.7674e-06,4.99487e-08,3.20675e-18,1.94785e-19,1.7744e-21,9.39616e-22,8.03894e-32,1.97176e-45,6.81734e-06
9090,0,0,0,0,0,0,0,0,0
9091,0,0,0,0,0,0,0,0,0
9092,0,0,0,0,0,0,0,0,0
9093,0,0,0,0,0,0,0,0,0
9094,0,0,0,0,0,0,0,0,0
9095,0,0,0,0,0,0,0,0,0
9096,0,0,0,0,0,0,0,0,0
9097,0,0,0,0,0,0,0,0,0
9098,0,0,0,0,0,0,0,0,0
9099,0.000103416,5.80467e-06,9.069e-11,5.85568e-12,4.67187e-14,2.4913e-13,1.70795e-21,1.07569e-36,0.000109221
9100,0,0,0,0,0,0,0,0,0
9101,0,0,0,0,0,0,0,0,0
9102,7.38835e-06,9.75684e-08,1.76126e-21,9.38417e-23,7.02269e-25,9.36469e-25,4.54086e-33,1.55887e-48,7.48592e-06
9103,2.17855e-05,7.86899e-07,2.89532e-14,1.80368e-15,1.15022e-17,9.54243e-18,6.27222e-26,5.12979e-41,2.25724e-05
9104,0,0,0,0,0,0,0,0,0
9105,0,0,0,0,0,0,0,0,0
9106,0.000321599,2.40817e-05,3.22509e-08,2.58163e-09,3.35014e-11,7.96078e-11,1.38267e-18,1.12195e-33,0.000345715
9107,0,0,0,0,0,0,0,0,0
9108,0,0,0,0,0,0,0,0,0
9109,3.48687e-06,3.65788e-08,1.2951e-13,5.94673e-15,3.89511e-17,3.26103e-17,1.07906e-25,2.53141e-41,3.52345e-06
9110,0,0,0,0,0,0,0,0,0
9111,0,0,0,0,0,0,0,0,0
9112,0,0,0,0,0,0,0,0,0
9113,0,0,0,0,0,0,0,0,0
9114,0,0,0,0,0,0,0,0,0
9115,0,0,0,0,0,0,0,0,0
9116,0,0,0,0,0,0,0,0,0
9117,0,0,0,0,0,0,0,0,0
9118,0,0,0,0,0,0,0,0,0
9119,0,0,0,0,0,0,0,0,0
9120,0,0,0,0,0,0,0,0,0
9121,0,0,0,0,0,0,0,0,0
9122,0,0,0,0,0,0,0,0,0
9123,0,0,0,0,0,0,0,0,0
9124,0,0,0,0,0,0,0,0,0
9125,0,0,0,0,0,0,0,0,0
9126,0,0,0,0,0,0,0,0,0
9127,0,0,0,0,0,0,0,0,0
9128,0,0,0,0,0,0,0,0,0
9129,0,0,0,0,0,0,0,0,0
9130,0,0,0,0,0,0,0,0,0
9131,0,0,0,0,0,0,0,0,0
9132,0,0,0,0,0,0,0,0,0
9133,0,0,0,0,0,0,0,0,0
9134,0,0,0,0,0,0,0,0,0
9135,0,0,0,0,0,0,0,0,0
9136,1.67533e-06,1.79869e-08,4.37582e-19,1.85214e-20,7.43255e-23,8.6591e-23,1.19327e-31,2.8406e-47,1.69332e-06
9137,0,0,0,0,0,0,0,0,0
9138,0,0,0,0,0,0,0,0,0
9139,0,0,0,0,0,0,0,0,0
9140,0.000214791,1.73765e-05,1.83489e-07,1.33378e-08,1.18216e-10,3.7167e-10,1.8373e-18,8.91839e-34,0.000232365
9141,0,0,0,0,0,0,0,0,0
9142,0,0,0,0,0,0,0,0,0
9143,0,0,0,0,0,0,0,0,0
9144,0,0,0,0,0,0,0,0,0
9145,0,0,0,0,0,0,0,0,0
9146,0,0,0,0,0,0,0,0,0
9147,0,0,0,0,0,0,0,0,0
9148,0,0,0,0,0,0,0,0,0
9149,0,0,0,0,0,0,0,0,0
9150,0,0,0,0,0,0,0,0,0
9151,0,0,0,0,0,0,0,0,0
9152,0,0,0,0,0,0,0,0,0
9153,1.5704e-06,1.34599e-08,1.18946e-19,5.10119e-21,2.73494e-23,8.14471e-24,1.00447e-32,2.02742e-48,1.58386e-06
9154,0,0,0,0,0,0,0,0,0
9155,0,0,0,0,0,0,0,0,0
9156,0,0,0,0,0,0,0,0,0
9157,0,0,0,0,0,0,0,0,0
9158,1.28371e-06,9.44916e-09,5.61454e-16,2.12907e-17,1.22283e-19,1.45999e-19,8.43961e-28,2.01898e-43,1.29316e-06
9159,0,0,0,0,0,0,0,0,0
9160,0,0,0,0,0,0,0,0,0
9161,0,0,0,0,0,0,0,0,0
9162,0,0,0,0,0,0,0,0,0
9163,0,0,0,0,0,0,0,0,0
9164,0,0,0,0,0,0,0,0,0
9165,3.04712e-06,1.88239e-08,3.42222e-15,1.68065e-16,1.36664e-18,1.26211e-18,6.76167e-27,1.51393e-42,3.06594e-06
9166,0,0,0,0,0,0,0,0,0
9167,0,0,0,0,0,0,0,0,0
9168,0,0,0,0,0,0,0,0,0
9169,0,0,0,0,0,0,0,0,0
9170,0,0,0,0,0,0,0,0,0
9171,0,0,0,0,0,0,0,0,0
9172,0,0,0,0,0,0,0,0,0
9173,0,0,0,0,0,0,0,0,0
9174,1.64487e-06,1.62296e-08,1.50056e-16,6.03582e-18,2.46471e-20,5.53728e-20,2.11341e-28,7.44452e-44,1.6611e-06
9175,0,0,0,0,0,0,0,0,0
9176,0,0,0,0,0,0,0,0,0
9177,0,0,0,0,0,0,0,0,0
9178,0,0,0,0,0,0,0,0,0
9179,0,0,0,0,0,0,0,0,0
9180,0,0,0,0,0,0,0,0,0
9181,0,0,0,0,0,0,0,0,0
9182,9.17021e-07,6.13771e-09,7.10534e-16,2.91452e-17,1.15854e-19,1.832e-19,5.28282e-28,1.7322e-43,9.23159e-07
9183,0,0,0,0,0,0,0,0,0
9184,0,0,0,0,0,0,0,0,0
9185,0,0,0,0,0,0,0,0,0
9186,0,0,0,0,0,0,0,0,0
9187,0,0,0,0,0,0,0,0,0
9188,0,0,0,0,0,0,0,0,0
9189,0,0,0,0,0,0,0,0,0
9190,0,0,0,0,0,0,0,0,0
9191,0,0,0,0,0,0,0,0,0
9192,0,0,0,0,0,0,0,0,0
9193,4.40928e-06,1.04537e-07,1.41025e-10,3.46932e-12,1.89158e-14,2.67919e-14,4.64275e-23,1.04304e-44,4.51396e-06
9194,0,0,0,0,0,0,0,0,0
9195,0,0,0,0,0,0,0,0,0
9196,0,0,0,0,0,0,0,0,0
9197,0,0,0,0,0,0,0,0,0
9198,0,0,0,0,0,0,0,0,0
9199,6.06064e-07,4.84194e-09,5.56272e-20,1.96252e-21,6.96425e-24,8.74803e-24,2.762e-32,7.79792e-48,6.10906e-07
9200,0.000207348,7.952e-06,9.08179e-10,7.81484e-11,1.17072e-12,1.08881e-12,4.44192e-21,8.20305e-37,0.000215301
9201,0,0,0,0,0,0,0,0,0
9202,0,0,0,0,0,0,0,0,0
9203,0,0,0,0,0,0,0,0,0
9204,0,0,0,0,0,0,0,0,0
9205,0,0,0,0,0,0,0,0,0
9206,8.13703e-05,5.21965e-06,3.5919e-08,2.11414e-09,1.73417e-11,2.52552e-11,6.05709e-20,1.02952e-35,8.6628e-05
9207,0,0,0,0,0,0,0,0,0
9208,0,0,0,0,0,0,0,0,0
9209,0,0,0,0,0,0,0,0,0
9210,0,0,0,0,0,0,0,0,0
9211,0,0,0,0,0,0,0,0,0
9212,0,0,0,0,0,0,0,0,0
9213,0,0,0,0,0,0,0,0,0
9214,0,0,0,0,0,0,0,0,0
9215,0,0,0,0,0,0,0,0,0
9216,0,0,0,0,0,0,0,0,0
9217,1.33054e-06,8.52035e-09,1.84626e-19,7.69475e-21,4.1118e-23,5.5839e-23,2.04069e-31,4.58359e-47,1.33906e-06
9218,0,0,0,0,0,0,0,0,0
9219,0,0,0,0,0,0,0,0,0
9220,0,0,0,0,0,0,0,0,0
9221,0,0,0,0,0,0,0,0,0
9222,0,0,0,0,0,0,0,0,0
9223,1.18058e-06,1.88035e-08,1.30725e-15,4.96496e-17,1.81878e-19,5.1853e-20,5.30224e-29,7.32862e-45,1.19938e-06
9224,0,0,0,0,0,0,0,0,0
9225,5.82867e-06,9.99799e-08,6.79392e-12,3.26014e-13,1.63865e-15,2.46252e-15,8.55534e-24,2.67385e-39,5.92865e-06
9226,0,0,0,0,0,0,0,0,0
9227,1.24966e-06,1.09628e-08,1.42319e-20,5.73408e-22,2.50322e-24,3.90442e-24,1.63603e-32,4.99889e-48,1.26062e-06
9228,0,0,0,0,0,0,0,0,0
9229,0,0,0,0,0,0,0,0,0
9230,0,0,0,0,0,0,0,0,0
9231,0,0,0,0,0,0,0,0,0
9232,0,0,0,0,0,0,0,0,0
9233,0,0,0,0,0,0,0,0,0
9234,0,0,0,0,0,0,0,0,0
9235,0,0,0,0,0,0,0,0,0
9236,5.73106e-06,1.34127e-07,4.20706e-11,1.65527e-12,6.8047e-15,1.45134e-14,5.74019e-24,3.19062e-40,5.86523e-06
9237,0,0,0,0,0,0,0,0,0
9238,0,0,0,0,0,0,0,0,0
9239,0,0,0,0,0,0,0,0,0
9240,0,0,0,0,0,0,0,0,0
9241,2.3496e-06,2.32115e-08,1.4944e-14,6.6765e-16,2.81736e-18,6.67574e-18,1.34438e-26,3.17735e-42,2.37281e-06
9242,0,0,0,0,0,0,0,0,0
9243,7.09468e-05,4.07903e-06,4.91022e-10,3.02858e-11,2.38691e-13,4.2924e-13,2.41393e-21,8.24319e-37,7.50264e-05
9244,0,0,0,0,0,0,0,0,0
9245,0,0,0,0,0,0,0,0,0
9246,0,0,0,0,0,0,0,0,0
9247,6.17607e-06,1.06706e-07,2.13275e-17,1.03435e-18,6.43791e-21,7.74698e-21,4.43028e-29,1.29635e-44,6.28278e-06
9248,0,0,0,0,0,0,0,0,0
9249,0,0,0,0,0,0,0,0,0
9250,4.64093e-06,4.64422e-08,1.6663e-12,7.50743e-14,4.32534e-16,1.19632e-15,3.42427e-24,6.03501e-40,4.68737e-06
9251,0,0,0,0,0,0,0,0,0
9252,0,0,0,0,0,0,0,0,0
9253,0,0,0,0,0,0,0,0,0
9254,0,0,0,0,0,0,0,0,0
9255,0,0,0,0,0,0,0,0,0
9256,0,0,0,0,0,0,0,0,0
9257,0,0,0,0,0,0,0,0,0
9258,0,0,0,0,0,0,0,0,0
9259,0,0,0,0,0,0,0,0,0
9260,0,0,0,0,0,0,0,0,0
9261,0,0,0,0,0,0,0,0,0
9262,0,0,0,0,0,0,0,0,0
9263,0,0,0,0,0,0,0,0,0
9264,0,0,0,0,0,0,0,0,0
9265,0,0,0,0,0,0,0,0,0
9266,0,0,0,0,0,0,0,0,0
9267,0,0,0,0,0,0,0,0,0
9268,7.14053e-05,3.26404e-06,9.70047e-11,6.25509e-12,5.74388e-14,1.03491e-13,8.20107e-22,2.80757e-37,7.46694e-05
9269,0,0,0,0,0,0,0,0,0
9270,0,0,0,0,0,0,0,0,0
9271,8.32221e-07,4.83681e-09,3.45805e-22,1.36589e-23,4.94358e-26,1.08774e-25,5.9643e-35,3.59646e-51,8.37058e-07
9272,0,0,0,0,0,0,0,0,0
9273,0,0,0,0,0,0,0,0,0
9274,0,0,0,0,0,0,0,0,0
9275,3.39521e-07,1.38418e-09,5.14014e-18,1.80942e-19,5.81234e-22,1.12699e-21,1.88471e-30,3.23752e-46,3.40905e-07
9276,0,0,0,0,0,0,0,0,0
9277,8.93285e-06,1.76854e-07,1.01719e-14,4.73196e-16,2.74145e-18,7.73016e-18,2.84893e-26,5.76645e-42,9.1097e-06
9278,0,0,0,0,0,0,0,0,0
9279,0,0,0,0,0,0,0,0,0
9280,0,0,0,0,0,0,0,0,0
9281,0,0,0,0,0,0,0,0,0
9282,6.5171e-06,1.05014e-07,2.73764e-14,1.35437e-15,8.58792e-18,8.0963e-18,2.28256e-26,3.67124e-42,6.62211e-06
9283,0,0,0,0,0,0,0,0,0
9284,0,0,0,0,0,0,0,0,0
9285,0,0,0,0,0,0,0,0,0
9286,0,0,0,0,0,0,0,0,0
9287,0,0,0,0,0,0,0,0,0
9288,0,0,0,0,0,0,0,0,0
9289,0,0,0,0,0,0,0,0,0
9290,0,0,0,0,0,0,0,0,0
9291,0,0,0,0,0,0,0,0,0
9292,0,0,0,0,0,0,0,0,0
9293,0,0,0,0,0,0,0,0,0
9294,0,0,0,0,0,0,0,0,0
9295,0,0,0,0,0,0,0,0,0
9296,0,0,0,0,0,0,0,0,0
9297,0,0,0,0,0,0,0,0,0
9298,0,0,0,0,0,0,0,0,0
9299,0,0,0,0,0,0,0,0,0
9300,0,0,0,0,0,0,0,0,0
9301,0,0,0,0,0,0,0,0,0
9302,0,0,0,0,0,0,0,0,0
9303,0,0,0,0,0,0,0,0,0
9304,0,0,0,0,0,0,0,0,0
9305,0,0,0,0,0,0,0,0,0
9306,0,0,0,0,0,0,0,0,0
9307,0,0,0,0,0,0,0,0,0
9308,0,0,0,0,0,0,0,0,0
9309,0,0,0,0,0,0,0,0,0
9310,0,0,0,0,0,0,0,0,0
9311,0,0,0,0,0,0,0,0,0
9312,0,0,0,0,0,0,0,0,0
9313,0,0,0,0,0,0,0,0,0
9314,0,0,0,0,0,0,0,0,0
9315,0,0,0,0,0,0,0,0,0
9316,0,0,0,0,0,0,0,0,0
9317,5.58885e-07,1.10377e-09,6.91837e-20,3.07944e-21,1.7642e-23,2.39766e-23,4.71068e-32,5.14271e-48,5.59989e-07
9318,0,0,0,0,0,0,0,0,0
9319,0,0,0,0,0,0,0,0,0
9320,0,0,0,0,0,0,0,0,0
9321,0,0,0,0,0,0,0,0,0
9322,0,0,0,0,0,0,0,0,0
9323,0,0,0,0,0,0,0,0,0
9324,3.207e-06,2.98877e-08,2.07961e-18,9.66164e-20,5.22092e-22,1.25012e-21,3.26578e-30,5.30879e-46,3.23689e-06
9325,0,0,0,0,0,0,0,0,0
9326,0,0,0,0,0,0,0,0,0
9327,1.90502e-05,1.08261e-06,1.07182e-10,4.88973e-12,2.07653e-14,7.82255e-14,3.49241e-22,1.19758e-37,2.0133e-05
9328,0,0,0,0,0,0,0,0,0
9329,0,0,0,0,0,0,0,0,0
9330,0,0,0,0,0,0,0,0,0
9331,0,0,0,0,0,0,0,0,0
9332,0,0,0,0,0,0,0,0,0
9333,0,0,0,0,0,0,0,0,0
9334,0,0,0,0,0,0,0,0,0
9335,0,0,0,0,0,0,0,0,0
9336,7.35295e-07,4.05462e-09,8.10887e-16,2.79126e-17,1.44682e-19,1.39863e-19,3.7941e-28,3.24052e-44,7.39349e-07
9337,7.15625e-07,4.62658e-09,9.90002e-16,3.47875e-17,1.62725e-19,1.20126e-19,2.3703e-28,2.04589e-44,7.20252e-07
9338,0,0,0,0,0,0,0,0,0
9339,0,0,0,0,0,0,0,0,0
9340,0,0,0,0,0,0,0,0,0
9341,0,0,0,0,0,0,0,0,0
9342,0,0,0,0,0,0,0,0,0
9343,0,0,0,0,0,0,0,0,0
9344,7.7352e-05,7.35112e-06,6.67002e-08,3.71636e-09,1.84154e-11,9.38547e-11,3.76531e-19,1.39073e-34,8.47736e-05
9345,0,0,0,0,0,0,0,0,0
9346,0,0,0,0,0,0,0,0,0
9347,0,0,0,0,0,0,0,0,0
9348,0,0,0,0,0,0,0,0,0
9349,0,0,0,0,0,0,0,0,0
9350,0,0,0,0,0,0,0,0,0
9351,0,0,0,0,0,0,0,0,0
9352,0,0,0,0,0,0,0,0,0
9353,5.48143e-07,1.80849e-09,1.17194e-22,4.38225e-24,1.57816e-26,6.82567e-26,9.88466e-35,1.11416e-50,5.49951e-07
9354,0,0,0,0,0,0,0,0,0
9355,0.000166031,6.18395e-06,2.19788e-10,1.46129e-11,1.25133e-13,1.91607e-13,1.86855e-22,1.20494e-38,0.000172215
9356,0,0,0,0,0,0,0,0,0
9357,0,0,0,0,0,0,0,0,0
9358,0,0,0,0,0,0,0,0,0
9359,0,0,0,0,0,0,0,0,0
9360,8.12806e-06,1.03268e-07,3.0993e-16,1.56014e-17,9.46196e-20,2.39678e-19,2.17973e-28,1.39927e-44,8.23132e-06
9361,0,0,0,0,0,0,0,0,0
9362,0,0,0,0,0,0,0,0,0
9363,0,0,0,0,0,0,0,0,0
9364,0,0,0,0,0,0,0,0,0
9365,0,0,0,0,0,0,0,0,0
9366,0,0,0,0,0,0,0,0,0
9367,0,0,0,0,0,0,0,0,0
9368,0,0,0,0,0,0,0,0,0
9369,0,0,0,0,0,0,0,0,0
9370,0,0,0,0,0,0,0,0,0
9371,0,0,0,0,0,0,0,0,0
9372,0,0,0,0,0,0,0,0,0
9373,0,0,0,0,0,0,0,0,0
9374,0,0,0,0,0,0,0,0,0
9375,0.00010844,7.247e-06,5.48444e-08,3.65455e-09,2.63165e-11,4.4462e-11,7.92717e-20,1.19432e-35,0.000115746
9376,0,0,0,0,0,0,0,0,0
9377,0,0,0,0,0,0,0,0,0
9378,0,0,0,0,0,0,0,0,0
9379,0,0,0,0,0,0,0,0,0
9380,0,0,0,0,0,0,0,0,0
9381,1.21266e-05,2.8185e-07,5.80474e-15,3.08008e-16,1.8632e-18,2.45039e-18,7.31532e-27,1.24788e-42,1.24084e-05
9382,0,0,0,0,0,0,0,0,0
9383,0,0,0,0,0,0,0,0,0
9384,0,0,0,0,0,0,0,0,0
9385,0,0,0,0,0,0,0,0,0
9386,1.60857e-05,1.06157e-07,1.16448e-08,6.97995e-10,5.325e-12,1.06885e-11,2.25214e-20,2.61331e-36,1.62042e-05
9387,0,0,0,0,0,0,0,0,0
9388,0,0,0,0,0,0,0,0,0
9389,0,0,0,0,0,0,0,0,0
9390,0,0,0,0,0,0,0,0,0
9391,0,0,0,0,0,0,0,0,0
9392,0,0,0,0,0,0,0,0,0
9393,9.41716e-07,3.5957e-09,4.62613e-18,1.89663e-19,1.03266e-21,1.18066e-21,1.0546e-30,4.53581e-47,9.45312e-07
9394,0,0,0,0,0,0,0,0,0
9395,0,0,0,0,0,0,0,0,0
9396,0,0,0,0,0,0,0,0,0
9397,0,0,0,0,0,0,0,0,0
9398,0,0,0,0,0,0,0,0,0
9399,2.02755e-06,1.44903e-08,3.32554e-18,1.50075e-19,9.04906e-22,4.06812e-22,1.63013e-31,2.42836e-48,2.04204e-06
9400,0,0,0,0,0,0,0,0,0
9401,1.87727e-06,7.46463e-09,4.95759e-16,2.48435e-17,1.26382e-19,3.07623e-19,3.72293e-28,3.75113e-44,1.88473e-06
9402,0,0,0,0,0,0,0,0,0
9403,0,0,0,0,0,0,0,0,0
9404,0,0,0,0,0,0,0,0,0
9405,0,0,0,0,0,0,0,0,0
9406,0,0,0,0,0,0,0,0,0
9407,0,0,0,0,0,0,0,0,0
9408,0,0,0,0,0,0,0,0,0
9409,0,0,0,0,0,0,0,0,0
9410,0,0,0,0,0,0,0,0,0
9411,0,0,0,0,0,0,0,0,0
9412,0,0,0,0,0,0,0,0,0
9413,0,0,0,0,0,0,0,0,0
9414,0,0,0,0,0,0,0,0,0
9415,0,0,0,0,0,0,0,0,0
9416,8.70602e-07,3.84872e-09,4.71238e-15,1.88651e-16,9.44456e-19,2.62375e-19,4.10327e-29,2.57963e-46,8.74451e-07
9417,8.4232e-06,1.0332e-07,1.61827e-17,7.90437e-19,4.66577e-21,1.55114e-20,1.80113e-29,1.1318e-45,8.52652e-06
9418,0,0,0,0,0,0,0,0,0
9419,3.04968e-06,3.92902e-08,3.26657e-16,1.48686e-17,5.68388e-20,1.01901e-19,1.88966e-28,3.20737e-44,3.08897e-06
9420,1.80751e-06,1.17622e-08,3.96483e-20,1.95286e-21,1.01331e-23,9.27873e-24,2.2572e-32,3.2913e-48,1.81927e-06
9421,0,0,0,0,0,0,0,0,0
9422,0,0,0,0,0,0,0,0,0
9423,0,0,0,0,0,0,0,0,0
9424,0,0,0,0,0,0,0,0,0
9425,0,0,0,0,0,0,0,0,0
9426,0,0,0,0,0,0,0,0,0
9427,0,0,0,0,0,0,0,0,0
9428,0,0,0,0,0,0,0,0,0
9429,0,0,0,0,0,0,0,0,0
9430,6.19422e-07,3.93821e-09,7.5839e-26,2.90957e-27,1.03571e-29,7.33121e-30,5.35041e-39,3.46949e-55,6.23361e-07
9431,0,0,0,0,0,0,0,0,0
9432,0,0,0,0,0,0,0,0,0
9433,0,0,0,0,0,0,0,0,0
9434,0,0,0,0,0,0,0,0,0
9435,0,0,0,0,0,0,0,0,0
9436,0,0,0,0,0,0,0,0,0
9437,0,0,0,0,0,0,0,0,0
9438,0,0,0,0,0,0,0,0,0
9439,0,0,0,0,0,0,0,0,0
9440,0,0,0,0,0,0,0,0,0
9441,0,0,0,0,0,0,0,0,0
9442,4.09707e-06,9.216e-08,2.24132e-10,5.06457e-12,2.55127e-14,3.33448e-14,5.16618e-23,3.27152e-41,4.18946e-06
9443,0,0,0,0,0,0,0,0,0
9444,0,0,0,0,0,0,0,0,0
9445,0,0,0,0,0,0,0,0,0
9446,0.000103632,5.65583e-06,3.30011e-09,2.15216e-10,1.69982e-12,4.63366e-12,1.4552e-20,2.19387e-36,0.000109291
9447,0,0,0,0,0,0,0,0,0
9448,0,0,0,0,0,0,0,0,0
9449,0,0,0,0,0,0,0,0,0
9450,0,0,0,0,0,0,0,0,0
9451,0,0,0,0,0,0,0,0,0
9452,0,0,0,0,0,0,0,0,0
9453,3.88144e-06,2.61569e-08,5.23767e-15,1.91789e-16,7.94793e-19,7.37574e-19,1.1118e-27,7.92588e-44,3.90759e-06
9454,0,0,0,0,0,0,0,0,0
9455,0,0,0,0,0,0,0,0,0
9456,0,0,0,0,0,0,0,0,0
9457,0,0,0,0,0,0,0,0,0
9458,0,0,0,0,0,0,0,0,0
9459,0,0,0,0,0,0,0,0,0
9460,0,0,0,0,0,0,0,0,0
9461,0,0,0,0,0,0,0,0,0
9462,0,0,0,0,0,0,0,0,0
9463,0,0,0,0,0,0,0,0,0
9464,0,0,0,0,0,0,0,0,0
9465,0,0,0,0,0,0,0,0,0
9466,0,0,0,0,0,0,0,0,0
9467,0,0,0,0,0,0,0,0,0
9468,0,0,0,0,0,0,0,0,0
9469,0,0,0,0,0,0,0,0,0
9470,0,0,0,0,0,0,0,0,0
9471,0,0,0,0,0,0,0,0,0
9472,1.71501e-06,1.50092e-08,3.71401e-17,1.53206e-18,6.32246e-21,3.71684e-21,1.61244e-30,6.91636e-47,1.73002e-06
9473,0,0,0,0,0,0,0,0,0
9474,0,0,0,0,0,0,0,0,0
9475,0,0,0,0,0,0,0,0,0
9476,0,0,0,0,0,0,0,0,0
9477,0,0,0,0,0,0,0,0,0
9478,0,0,0,0,0,0,0,0,0
9479,4.22332e-07,2.26626e-09,3.66122e-20,1.19817e-21,4.78855e-24,3.40153e-24,3.21787e-33,1.27923e-49,4.24598e-07
9480,0,0,0,0,0,0,0,0,0
9481,0,0,0,0,0,0,0,0,0
9482,0,0,0,0,0,0,0,0,0
9483,6.75839e-06,1.22768e-07,2.39395e-09,9.8272e-11,4.01737e-13,1.52442e-12,3.52687e-21,4.00738e-37,6.88365e-06
9484,0,0,0,0,0,0,0,0,0
9485,0,0,0,0,0,0,0,0,0
9486,3.47311e-06,6.52458e-08,1.48987e-14,5.92263e-16,2.05787e-18,6.56676e-18,9.10167e-27,9.49149e-43,3.53835e-06
9487,0.000181415,1.14656e-05,9.44592e-08,6.61883e-09,5.66739e-11,1.48641e-10,2.61967e-19,2.42183e-35,0.000192982
9488,0,0,0,0,0,0,0,0,0
9489,0,0,0,0,0,0,0,0,0
9490,0,0,0,0,0,0,0,0,0
9491,0,0,0,0,0,0,0,0,0
9492,0,0,0,0,0,0,0,0,0
9493,0,0,0,0,0,0,0,0,0
9494,0,0,0,0,0,0,0,0,0
9495,0,0,0,0,0,0,0,0,0
9496,0.00014422,1.09248e-05,9.7704e-08,6.68991e-09,5.17951e-11,8.65582e-11,2.31503e-19,3.14023e-35,0.000155249
9497,0,0,0,0,0,0,0,0,0
9498,0,0,0,0,0,0,0,0,0
9499,4.18295e-08,2.50237e-11,5.8509e-17,2.34493e-18,1.04553e-20,1.80453e-20,3.84065e-29,3.39269e-45,4.18545e-08
9500,0,0,0,0,0,0,0,0,0
9501,0,0,0,0,0,0,0,0,0
9502,0,0,0,0,0,0,0,0,0
9503,0,0,0,0,0,0,0,0,0
9504,0,0,0,0,0,0,0,0,0
9505,0,0,0,0,0,0,0,0,0
9506,0,0,0,0,0,0,0,0,0
9507,0,0,0,0,0,0,0,0,0
9508,0,0,0,0,0,0,0,0,0
9509,6.94525e-06,1.47928e-07,2.93287e-13,1.25591e-14,5.47959e-17,1.94043e-16,3.07208e-25,2.53226e-41,7.09318e-06
9510,0,0,0,0,0,0,0,0,0
9511,0,0,0,0,0,0,0,0,0
9512,0,0,0,0,0,0,0,0,0
9513,0,0,0,0,0,0,0,0,0
9514,0,0,0,0,0,0,0,0,0
9515,0,0,0,0,0,0,0,0,0
9516,0,0,0,0,0,0,0,0,0
9517,0,0,0,0,0,0,0,0,0
9518,0,0,0,0,0,0,0,0,0
9519,0,0,0,0,0,0,0,0,0
9520,0,0,0,0,0,0,0,0,0
9521,2.44265e-06,1.8421e-08,1.5521e-10,6.48729e-12,3.23628e-14,4.38072e-14,1.16247e-22,1.02307e-38,2.46124e-06
9522,4.9654e-05,3.94357e-06,2.75999e-08,1.26419e-09,6.45141e-12,3.14981e-11,8.06262e-20,7.94529e-36,5.36264e-05
9523,3.18675e-05,6.35899e-07,4.34926e-13,2.73524e-14,2.17823e-16,4.6504e-16,9.83505e-25,8.12908e-41,3.25034e-05
9524,0,0,0,0,0,0,0,0,0
9525,0,0,0,0,0,0,0,0,0
9526,0,0,0,0,0,0,0,0,0
9527,0,0,0,0,0,0,0,0,0
9528,0,0,0,0,0,0,0,0,0
9529,0,0,0,0,0,0,0,0,0
9530,0,0,0,0,0,0,0,0,0
9531,0,0,0,0,0,0,0,0,0
9532,0,0,0,0,0,0,0,0,0
9533,0,0,0,0,0,0,0,0,0
9534,0,0,0,0,0,0,0,0,0
9535,0,0,0,0,0,0,0,0,0
9536,0,0,0,0,0,0,0,0,0
9537,1.65709e-06,1.16317e-08,2.72891e-17,1.05625e-18,4.9927e-21,1.21097e-20,1.29254e-29,5.36652e-46,1.66872e-06
9538,0,0,0,0,0,0,0,0,0
9539,0,0,0,0,0,0,0,0,0
9540,0,0,0,0,0,0,0,0,0
9541,0,0,0,0,0,0,0,0,0
9542,2.29398e-05,6.02934e-07,1.66219e-13,9.00245e-15,5.87423e-17,1.55986e-16,4.97136e-25,5.23896e-41,2.35427e-05
9543,0,0,0,0,0,0,0,0,0
9544,0,0,0,0,0,0,0,0,0
9545,0,0,0,0,0,0,0,0,0
9546,0,0,0,0,0,0,0,0,0
9547,0,0,0,0,0,0,0,0,0
9548,0,0,0,0,0,0,0,0,0
9549,0,0,0,0,0,0,0,0,0
9550,0,0,0,0,0,0,0,0,0
9551,0,0,0,0,0,0,0,0,0
9552,1.74075e-05,5.01428e-07,8.64477e-13,4.13176e-14,2.67691e-16,4.27959e-16,7.38788e-25,3.78637e-41,1.79089e-05
9553,0,0,0,0,0,0,0,0,0
9554,0,0,0,0,0,0,0,0,0
9555,0,0,0,0,0,0,0,0,0
9556,0,0,0,0,0,0,0,0,0
9557,0,0,0,0,0,0,0,0,0
9558,0,0,0,0,0,0,0,0,0
9559,0,0,0,0,0,0,0,0,0
9560,0,0,0,0,0,0,0,0,0
9561,0,0,0,0,0,0,0,0,0
9562,0,0,0,0,0,0,0,0,0
9563,0,0,0,0,0,0,0,0,0
9564,0,0,0,0,0,0,0,0,0
9565,0,0,0,0,0,0,0,0,0
9566,4.43241e-06,3.51929e-08,4.44446e-13,2.18934e-14,1.39099e-16,1.73874e-16,2.85245e-25,1.50174e-41,4.4676e-06
9567,0,0,0,0,0,0,0,0,0
9568,0,0,0,0,0,0,0,0,0
9569,0,0,0,0,0,0,0,0,0
9570,0,0,0,0,0,0,0,0,0
9571,0,0,0,0,0,0,0,0,0
9572,0,0,0,0,0,0,0,0,0
9573,0,0,0,0,0,0,0,0,0
9574,0,0,0,0,0,0,0,0,0
9575,0,0,0,0,0,0,0,0,0
9576,0,0,0,0,0,0,0,0,0
9577,0,0,0,0,0,0,0,0,0
9578,0,0,0,0,0,0,0,0,0
9579,0,0,0,0,0,0,0,0,0
9580,0,0,0,0,0,0,0,0,0
9581,0,0,0,0,0,0,0,0,0
9582,0,0,0,0,0,0,0,0,0
9583,0,0,0,0,0,0,0,0,0
9584,0,0,0,0,0,0,0,0,0
9585,2.19358e-06,1.8801e-08,1.06552e-13,4.80447e-15,3.0916e-17,4.85862e-18,1.54791e-27,9.88352e-46,2.21238e-06
9586,0,0,0,0,0,0,0,0,0
9587,0,0,0,0,0,0,0,0,0
9588,0,0,0,0,0,0,0,0,0
9589,0,0,0,0,0,0,0,0,0
9590,1.69865e-06,1.83102e-08,2.05466e-18,8.04946e-20,2.77021e-22,2.88334e-22,5.79504e-32,5.88582e-51,1.71696e-06
9591,0,0,0,0,0,0,0,0,0
9592,0,0,0,0,0,0,0,0,0
9593,0,0,0,0,0,0,0,0,0
9594,0,0,0,0,0,0,0,0,0
9595,0,0,0,0,0,0,0,0,0
9596,1.44948e-06,1.34237e-08,5.26347e-18,2.00383e-19,9.07526e-22,4.68156e-22,1.06418e-31,4.99337e-49,1.4629e-06
9597,0,0,0,0,0,0,0,0,0
9598,0,0,0,0,0,0,0,0,0
9599,0,0,0,0,0,0,0,0,0
9600,0,0,0,0,0,0,0,0,0
9601,3.76587e-05,1.32956e-06,1.25943e-09,6.78998e-11,4.39148e-13,1.3456e-12,2.91613e-21,2.03766e-37,3.89896e-05
9602,0,0,0,0,0,0,0,0,0
9603,0,0,0,0,0,0,0,0,0
9604,0,0,0,0,0,0,0,0,0
9605,0,0,0,0,0,0,0,0,0
9606,8.75613e-06,4.08794e-07,6.60655e-11,2.97197e-12,9.99505e-15,1.07454e-14,1.54693e-23,1.68807e-39,9.16499e-06
9607,0,0,0,0,0,0,0,0,0
9608,0,0,0,0,0,0,0,0,0
9609,0,0,0,0,0,0,0,0,0
9610,0,0,0,0,0,0,0,0,0
9611,0,0,0,0,0,0,0,0,0
9612,0,0,0,0,0,0,0,0,0
9613,0,0,0,0,0,0,0,0,0
9614,0,0,0,0,0,0,0,0,0
9615,0,0,0,0,0,0,0,0,0
9616,0,0,0,0,0,0,0,0,0
9617,0,0,0,0,0,0,0,0,0
9618,0,0,0,0,0,0,0,0,0
9619,0,0,0,0,0,0,0,0,0
9620,0,0,0,0,0,0,0,0,0
9621,0,0,0,0,0,0,0,0,0
9622,0,0,0,0,0,0,0,0,0
9623,0,0,0,0,0,0,0,0,0
9624,0,0,0,0,0,0,0,0,0
9625,0,0,0,0,0,0,0,0,0
9626,0,0,0,0,0,0,0,0,0
9627,1.24246e-06,1.28198e-08,1.49068e-19,5.31584e-21,1.93107e-23,4.68822e-23,1.12741e-31,8.47955e-48,1.25528e-06
9628,0,0,0,0,0,0,0,0,0
9629,0,0,0,0,0,0,0,0,0
9630,0,0,0,0,0,0,0,0,0
9631,0,0,0,0,0,0,0,0,0
9632,0,0,0,0,0,0,0,0,0
9633,0,0,0,0,0,0,0,0,0
9634,2.31961e-06,1.40609e-08,6.65253e-18,3.44115e-19,2.02858e-21,7.90872e-22,1.10048e-30,5.20206e-47,2.33367e-06
9635,0,0,0,0,0,0,0,0,0
9636,0,0,0,0,0,0,0,0,0
9637,0,0,0,0,0,0,0,0,0
9638,0,0,0,0,0,0,0,0,0
9639,0,0,0,0,0,0,0,0,0
9640,0,0,0,0,0,0,0,0,0
9641,0,0,0,0,0,0,0,0,0
9642,3.49846e-06,4.92723e-08,2.66465e-17,1.26826e-18,6.26052e-21,2.98623e-21,3.45567e-30,1.66811e-46,3.54774e-06
9643,0,0,0,0,0,0,0,0,0
9644,7.03234e-06,1.25507e-07,1.39684e-15,6.97923e-17,4.37921e-19,1.75539e-19,2.47308e-28,1.00423e-44,7.15785e-06
9645,0,0,0,0,0,0,0,0,0
9646,0,0,0,0,0,0,0,0,0
9647,0.00015808,1.06666e-05,8.86259e-08,5.96929e-09,4.67019e-11,1.05337e-10,1.87033e-19,1.20908e-35,0.000168841
9648,0,0,0,0,0,0,0,0,0
9649,0,0,0,0,0,0,0,0,0
9650,0,0,0,0,0,0,0,0,0
9651,0,0,0,0,0,0,0,0,0
9652,0,0,0,0,0,0,0,0,0
9653,0,0,0,0,0,0,0,0,0
9654,0,0,0,0,0,0,0,0,0
9655,1.56567e-06,1.19015e-08,1.76642e-16,6.51425e-18,1.90009e-20,1.12186e-19,8.81694e-29,3.85971e-45,1.57757e-06
9656,0,0,0,0,0,0,0,0,0
9657,7.22487e-07,9.04691e-09,4.01762e-13,1.34648e-14,3.60375e-17,1.00043e-17,8.95608e-28,2.29931e-45,7.31535e-07
9658,0,0,0,0,0,0,0,0,0
9659,1.28534e-06,2.01747e-09,3.05704e-09,1.18572e-10,4.83529e-13,6.29246e-13,1.06925e-21,5.60165e-38,1.29054e-06
9660,0,0,0,0,0,0,0,0,0
9661,0,0,0,0,0,0,0,0,0
9662,0,0,0,0,0,0,0,0,0
9663,0,0,0,0,0,0,0,0,0
9664,0,0,0,0,0,0,0,0,0
9665,0,0,0,0,0,0,0,0,0
9666,0,0,0,0,0,0,0,0,0
9667,0,0,0,0,0,0,0,0,0
9668,0,0,0,0,0,0,0,0,0
9669,0,0,0,0,0,0,0,0,0
9670,0,0,0,0,0,0,0,0,0
9671,0,0,0,0,0,0,0,0,0
9672,0,0,0,0,0,0,0,0,0
9673,0,0,0,0,0,0,0,0,0
9674,0,0,0,0,0,0,0,0,0
9675,0,0,0,0,0,0,0,0,0
9676,0,0,0,0,0,0,0,0,0
9677,0,0,0,0,0,0,0,0,0
9678,0,0,0,0,0,0,0,0,0
9679,0,0,0,0,0,0,0,0,0
9680,0,0,0,0,0,0,0,0,0
9681,2.44367e-06,6.97093e-08,5.30462e-13,1.30887e-14,5.54447e-17,3.76446e-17,1.95389e-26,8.70772e-44,2.51338e-06
9682,2.23517e-06,3.12454e-08,2.29496e-10,7.28208e-12,3.34642e-14,2.55476e-14,1.98759e-23,2.71506e-40,2.26665e-06
9683,0,0,0,0,0,0,0,0,0
9684,0,0,0,0,0,0,0,0,0
9685,0,0,0,0,0,0,0,0,0
9686,0,0,0,0,0,0,0,0,0
9687,0,0,0,0,0,0,0,0,0
9688,0,0,0,0,0,0,0,0,0
9689,9.53047e-05,5.33181e-06,3.35471e-08,2.23069e-09,1.62703e-11,1.59285e-11,1.19931e-20,3.78937e-37,0.000100672
9690,0,0,0,0,0,0,0,0,0
9691,0,0,0,0,0,0,0,0,0
9692,0,0,0,0,0,0,0,0,0
9693,0,0,0,0,0,0,0,0,0
9694,3.50335e-06,2.97165e-08,4.69044e-11,1.92996e-12,7.54484e-15,3.89242e-15,2.77485e-23,2.78852e-39,3.53311e-06
9695,0,0,0,0,0,0,0,0,0
9696,0,0,0,0,0,0,0,0,0
9697,0,0,0,0,0,0,0,0,0
9698,0,0,0,0,0,0,0,0,0
9699,3.38678e-06,1.09825e-07,2.05021e-10,5.27006e-12,5.58249e-15,3.30013e-13,2.49177e-22,1.54287e-38,3.49682e-06
9700,0,0,0,0,0,0,0,0,0
9701,0,0,0,0,0,0,0,0,0
9702,0,0,0,0,0,0,0,0,0
9703,0,0,0,0,0,0,0,0,0
9704,0,0,0,0,0,0,0,0,0
9705,0,0,0,0,0,0,0,0,0
9706,0,0,0,0,0,0,0,0,0
9707,0,0,0,0,0,0,0,0,0
9708,0,0,0,0,0,0,0,0,0
9709,0,0,0,0,0,0,0,0,0
9710,0,0,0,0,0,0,0,0,0
9711,0,0,0,0,0,0,0,0,0
9712,1.71526e-06,2.43394e-08,6.1747e-12,1.74558e-13,8.80806e-16,8.89854e-16,2.04769e-24,3.43207e-41,1.73961e-06
9713,5.51221e-06,7.62644e-08,2.09629e-18,9.84145e-20,5.27187e-22,6.11311e-22,6.14541e-31,1.83761e-47,5.58847e-06
9714,0,0,0,0,0,0,0,0,0
9715,0,0,0,0,0,0,0,0,0
9716,1.19081e-05,2.32621e-07,1.74076e-11,8.82222e-13,5.03117e-15,7.34407e-15,1.06148e-23,4.39157e-40,1.21407e-05
9717,0,0,0,0,0,0,0,0,0
9718,0,0,0,0,0,0,0,0,0
9719,0,0,0,0,0,0,0,0,0
9720,0,0,0,0,0,0,0,0,0
9721,0,0,0,0,0,0,0,0,0
9722,0,0,0,0,0,0,0,0,0
9723,0,0,0,0,0,0,0,0,0
9724,0,0,0,0,0,0,0,0,0
9725,0,0,0,0,0,0,0,0,0
9726,0,0,0,0,0,0,0,0,0
9727,0,0,0,0,0,0,0,0,0
9728,0,0,0,0,0,0,0,0,0
9729,0,0,0,0,0,0,0,0,0
9730,2.0939e-05,4.01944e-07,1.24553e-11,7.21491e-13,4.85613e-15,8.94181e-15,1.60202e-23,7.71206e-40,2.13409e-05
9731,0,0,0,0,0,0,0,0,0
9732,0,0,0,0,0,0,0,0,0
9733,0,0,0,0,0,0,0,0,0
9734,0,0,0,0,0,0,0,0,0
9735,0,0,0,0,0,0,0,0,0
9736,0,0,0,0,0,0,0,0,0
9737,0,0,0,0,0,0,0,0,0
9738,0,0,0,0,0,0,0,0,0
9739,0,0,0,0,0,0,0,0,0
9740,1.83831e-06,1.20498e-08,1.76185e-17,8.31739e-19,4.40272e-21,2.16666e-21,2.7427e-30,9.25488e-47,1.85036e-06
9741,0,0,0,0,0,0,0,0,0
9742,0,0,0,0,0,0,0,0,0
9743,0,0,0,0,0,0,0,0,0
9744,0,0,0,0,0,0,0,0,0
9745,0,0,0,0,0,0,0,0,0
9746,1.26138e-05,2.70113e-07,1.74349e-09,1.01067e-10,5.4397e-13,4.76524e-13,3.11684e-23,2.67163e-40,1.28858e-05
9747,0,0,0,0,0,0,0,0,0
9748,0,0,0,0,0,0,0,0,0
9749,0,0,0,0,0,0,0,0,0
9750,0,0,0,0,0,0,0,0,0
9751,0,0,0,0,0,0,0,0,0
9752,0,0,0,0,0,0,0,0,0
9753,0,0,0,0,0,0,0,0,0
9754,0,0,0,0,0,0,0,0,0
9755,0,0,0,0,0,0,0,0,0
9756,0,0,0,0,0,0,0,0,0
9757,0,0,0,0,0,0,0,0,0
9758,0,0,0,0,0,0,0,0,0
9759,0,0,0,0,0,0,0,0,0
9760,2.57587e-06,7.3195e-08,3.39303e-13,8.83406e-15,3.80529e-17,3.22652e-17,3.34083e-26,2.90426e-43,2.64907e-06
9761,0,0,0,0,0,0,0,0,0
9762,0,0,0,0,0,0,0,0,0
9763,0,0,0,0,0,0,0,0,0
9764,0,0,0,0,0,0,0,0,0
9765,0,0,0,0,0,0,0,0,0
9766,0,0,0,0,0,0,0,0,0
9767,0,0,0,0,0,0,0,0,0
9768,3.93286e-05,1.59995e-06,5.05252e-10,2.68274e-11,1.53289e-13,3.75716e-13,2.66274e-22,6.08215e-39,4.09291e-05
9769,0,0,0,0,0,0,0,0,0
9770,0,0,0,0,0,0,0,0,0
9771,0,0,0,0,0,0,0,0,0
9772,0,0,0,0,0,0,0,0,0
9773,6.21822e-05,2.91198e-06,1.32036e-13,7.20022e-15,4.40882e-17,2.40635e-16,5.19605e-25,2.62459e-41,6.50942e-05
9774,0,0,0,0,0,0,0,0,0
9775,0,0,0,0,0,0,0,0,0
9776,0,0,0,0,0,0,0,0,0
9777,0,0,0,0,0,0,0,0,0
9778,2.69985e-05,1.16883e-06,4.12453e-09,1.60943e-10,1.15515e-12,7.81555e-13,1.49166e-22,1.18434e-40,2.81717e-05
9779,0,0,0,0,0,0,0,0,0
9780,0,0,0,0,0,0,0,0,0
9781,0,0,0,0,0,0,0,0,0
9782,0,0,0,0,0,0,0,0,0
9783,9.47125e-06,7.35666e-08,1.16243e-12,5.77754e-14,2.56043e-16,7.25811e-16,7.72692e-25,3.32203e-41,9.54482e-06
9784,0,0,0,0,0,0,0,0,0
9785,0,0,0,0,0,0,0,0,0
9786,0,0,0,0,0,0,0,0,0
9787,3.92421e-05,2.62225e-06,1.49794e-08,6.74806e-10,4.12269e-12,4.76718e-12,7.46693e-21,1.71638e-37,4.188e-05
9788,0,0,0,0,0,0,0,0,0
9789,0,0,0,0,0,0,0,0,0
9790,0,0,0,0,0,0,0,0,0
9791,0,0,0,0,0,0,0,0,0
9792,0,0,0,0,0,0,0,0,0
9793,0,0,0,0,0,0,0,0,0
9794,0,0,0,0,0,0,0,0,0
9795,1.33297e-05,4.43691e-07,2.45355e-13,1.04507e-14,5.18347e-17,7.30121e-17,4.25511e-26,6.34981e-43,1.37733e-05
9796,0,0,0,0,0,0,0,0,0
9797,0,0,0,0,0,0,0,0,0
9798,0,0,0,0,0,0,0,0,0
9799,0,0,0,0,0,0,0,0,0
9800,0,0,0,0,0,0,0,0,0
9801,0,0,0,0,0,0,0,0,0
9802,0,0,0,0,0,0,0,0,0
9803,0,0,0,0,0,0,0,0,0
9804,0,0,0,0,0,0,0,0,0
9805,7.76678e-06,3.18283e-07,3.51416e-11,1.29342e-12,4.97729e-15,8.22059e-15,1.06058e-23,3.09552e-40,8.0851e-06
9806,0,0,0,0,0,0,0,0,0
9807,0,0,0,0,0,0,0,0,0
9808,0,0,0,0,0,0,0,0,0
9809,0,0,0,0,0,0,0,0,0
9810,0,0,0,0,0,0,0,0,0
9811,0,0,0,0,0,0,0,0,0
9812,0,0,0,0,0,0,0,0,0
9813,0,0,0,0,0,0,0,0,0
9814,0,0,0,0,0,0,0,0,0
9815,6.82906e-06,1.09842e-07,1.83981e-16,7.95338e-18,3.97723e-20,1.0745e-19,1.25758e-28,3.01869e-45,6.9389e-06
9816,0,0,0,0,0,0,0,0,0
9817,0,0,0,0,0,0,0,0,0
9818,0,0,0,0,0,0,0,0,0
9819,0,0,0,0,0,0,0,0,0
9820,0,0,0,0,0,0,0,0,0
9821,0,0,0,0,0,0,0,0,0
9822,0,0,0,0,0,0,0,0,0
9823,0,0,0,0,0,0,0,0,0
9824,0,0,0,0,0,0,0,0,0
9825,0,0,0,0,0,0,0,0,0
9826,0,0,0,0,0,0,0,0,0
9827,0,0,0,0,0,0,0,0,0
9828,0,0,0,0,0,0,0,0,0
9829,9.60574e-07,2.11656e-09,3.90397e-12,1.86175e-13,8.40356e-16,1.32522e-15,8.11329e-25,1.79086e-41,9.62695e-07
9830,1.31146e-06,2.42221e-08,9.59208e-13,2.90028e-14,6.48865e-17,1.90229e-16,1.29973e-25,3.70305e-42,1.33568e-06
9831,3.65804e-06,1.37257e-07,9.5136e-13,3.19683e-14,9.20877e-17,8.61579e-17,3.68565e-26,6.08115e-43,3.7953e-06
9832,6.7931e-07,1.1016e-08,1.50053e-12,4.53828e-14,9.89741e-17,5.71357e-17,2.00417e-26,3.72544e-43,6.90328e-07
9833,0,0,0,0,0,0,0,0,0
9834,1.06347e-05,1.51379e-07,3.05731e-13,1.63476e-14,9.39521e-17,1.54428e-16,1.57583e-25,4.21955e-42,1.07861e-05
9835,1.86569e-06,1.06988e-08,7.04714e-13,2.90454e-14,1.72809e-16,8.76118e-17,4.18769e-26,2.37004e-43,1.87639e-06
9836,0,0,0,0,0,0,0,0,0
9837,4.56042e-06,1.76047e-07,3.74932e-10,1.55313e-11,4.78188e-14,7.44911e-15,4.23582e-25,1.00488e-42,4.73686e-06
9838,0,0,0,0,0,0,0,0,0
9839,0,0,0,0,0,0,0,0,0
9840,0,0,0,0,0,0,0,0,0
9841,0,0,0,0,0,0,0,0,0
9842,0,0,0,0,0,0,0,0,0
9843,0,0,0,0,0,0,0,0,0
9844,0,0,0,0,0,0,0,0,0
9845,0,0,0,0,0,0,0,0,0
9846,0,0,0,0,0,0,0,0,0
9847,0,0,0,0,0,0,0,0,0
9848,0,0,0,0,0,0,0,0,0
9849,0,0,0,0,0,0,0,0,0
9850,0,0,0,0,0,0,0,0,0
9851,0,0,0,0,0,0,0,0,0
9852,0,0,0,0,0,0,0,0,0
9853,0,0,0,0,0,0,0,0,0
9854,0,0,0,0,0,0,0,0,0
9855,0,0,0,0,0,0,0,0,0
9856,0,0,0,0,0,0,0,0,0
9857,0,0,0,0,0,0,0,0,0
9858,0,0,0,0,0,0,0,0,0
9859,0,0,0,0,0,0,0,0,0
9860,0,0,0,0,0,0,0,0,0
9861,0,0,0,0,0,0,0,0,0
9862,0,0,0,0,0,0,0,0,0
9863,0,0,0,0,0,0,0,0,0
9864,2.70811e-06,5.78854e-08,5.60503e-14,1.44471e-15,7.19548e-18,4.66831e-18,4.89154e-27,1.16953e-44,2.76599e-06
9865,4.11126e-06,4.73163e-08,1.01401e-12,4.34618e-14,1.7704e-16,4.69102e-16,4.44283e-25,1.15582e-41,4.15857e-06
9866,0,0,0,0,0,0,0,0,0
9867,0,0,0,0,0,0,0,0,0
9868,0,0,0,0,0,0,0,0,0
9869,0,0,0,0,0,0,0,0,0
9870,0,0,0,0,0,0,0,0,0
9871,0,0,0,0,0,0,0,0,0
9872,0,0,0,0,0,0,0,0,0
9873,0,0,0,0,0,0,0,0,0
9874,0,0,0,0,0,0,0,0,0
9875,0,0,0,0,0,0,0,0,0
9876,0,0,0,0,0,0,0,0,0
9877,0,0,0,0,0,0,0,0,0
9878,0,0,0,0,0,0,0,0,0
9879,5.3797e-06,4.75938e-08,3.13931e-11,1.50093e-12,6.97795e-15,1.55722e-14,6.01282e-24,7.55993e-41,5.42733e-06
9880,0,0,0,0,0,0,0,0,0
9881,0,0,0,0,0,0,0,0,0
9882,0,0,0,0,0,0,0,0,0
9883,0,0,0,0,0,0,0,0,0
9884,1.11606e-06,2.46346e-08,3.84245e-15,7.72443e-17,2.30393e-19,2.26521e-19,9.29394e-29,6.84052e-47,1.14069e-06
9885,8.84311e-06,1.58776e-07,1.76869e-12,7.51098e-14,4.51185e-16,6.77943e-16,8.36379e-25,1.16615e-41,9.00188e-06
9886,6.93073e-06,5.42862e-08,5.40343e-14,2.76761e-15,1.62603e-17,3.7068e-18,4.52404e-26,2.67427e-42,6.98501e-06
9887,0,0,0,0,0,0,0,0,0
9888,0,0,0,0,0,0,0,0,0
9889,0,0,0,0,0,0,0,0,0
9890,0,0,0,0,0,0,0,0,0
9891,0,0,0,0,0,0,0,0,0
9892,0,0,0,0,0,0,0,0,0
9893,0,0,0,0,0,0,0,0,0
9894,0,0,0,0,0,0,0,0,0
9895,0,0,0,0,0,0,0,0,0
9896,0,0,0,0,0,0,0,0,0
9897,0,0,0,0,0,0,0,0,0
9898,0,0,0,0,0,0,0,0,0
9899,0,0,0,0,0,0,0,0,0
9900,0,0,0,0,0,0,0,0,0
9901,0,0,0,0,0,0,0,0,0
9902,0,0,0,0,0,0,0,0,0
9903,0,0,0,0,0,0,0,0,0
9904,0,0,0,0,0,0,0,0,0
9905,0,0,0,0,0,0,0,0,0
9906,0,0,0,0,0,0,0,0,0
9907,0,0,0,0,0,0,0,0,0
9908,0,0,0,0,0,0,0,0,0
9909,0,0,0,0,0,0,0,0,0
9910,0,0,0,0,0,0,0,0,0
9911,0,0,0,0,0,0,0,0,0
9912,0,0,0,0,0,0,0,0,0
9913,0,0,0,0,0,0,0,0,0
9914,8.59247e-07,1.15562e-08,4.00163e-16,1.10995e-17,3.67092e-20,4.43172e-20,5.39705e-29,7.57209e-46,8.70804e-07
9915,0,0,0,0,0,0,0,0,0
9916,0,0,0,0,0,0,0,0,0
9917,0,0,0,0,0,0,0,0,0
9918,0,0,0,0,0,0,0,0,0
9919,0,0,0,0,0,0,0,0,0
9920,0,0,0,0,0,0,0,0,0
9921,0,0,0,0,0,0,0,0,0
9922,0,0,0,0,0,0,0,0,0
9923,0,0,0,0,0,0,0,0,0
9924,0,0,0,0,0,0,0,0,0
9925,0,0,0,0,0,0,0,0,0
9926,0,0,0,0,0,0,0,0,0
9927,0,0,0,0,0,0,0,0,0
9928,0,0,0,0,0,0,0,0,0
9929,0,0,0,0,0,0,0,0,0
9930,0,0,0,0,0,0,0,0,0
9931,0,0,0,0,0,0,0,0,0
9932,0,0,0,0,0,0,0,0,0
9933,0,0,0,0,0,0,0,0,0
9934,0,0,0,0,0,0,0,0,0
9935,0,0,0,0,0,0,0,0,0
9936,0,0,0,0,0,0,0,0,0
9937,0,0,0,0,0,0,0,0,0
9938,6.22378e-06,8.54889e-08,1.56052e-13,7.08375e-15,4.11707e-17,5.10057e-17,9.30348e-26,1.90788e-42,6.30927e-06
9939,0,0,0,0,0,0,0,0,0
9940,0,0,0,0,0,0,0,0,0
9941,0,0,0,0,0,0,0,0,0
9942,0,0,0,0,0,0,0,0,0
9943,0,0,0,0,0,0,0,0,0
9944,1.03239e-05,5.30084e-07,2.56876e-14,9.13669e-16,3.65846e-18,6.36334e-18,1.25533e-26,2.77681e-43,1.0854e-05
9945,0,0,0,0,0,0,0,0,0
9946,3.71714e-06,1.09037e-07,1.61288e-14,4.98658e-16,1.59623e-18,3.95682e-18,3.36451e-27,4.34124e-44,3.82618e-06
9947,0,0,0,0,0,0,0,0,0
9948,0,0,0,0,0,0,0,0,0
9949,0,0,0,0,0,0,0,0,0
9950,0,0,0,0,0,0,0,0,0
9951,0,0,0,0,0,0,0,0,0
9952,0,0,0,0,0,0,0,0,0
9953,0,0,0,0,0,0,0,0,0
9954,0,0,0,0,0,0,0,0,0
9955,0,0,0,0,0,0,0,0,0
9956,9.73507e-07,3.05346e-09,9.25669e-12,3.06873e-13,1.02896e-15,1.61409e-15,1.65446e-24,2.70316e-41,9.7657e-07
9957,0,0,0,0,0,0,0,0,0
9958,0,0,0,0,0,0,0,0,0
9959,0,0,0,0,0,0,0,0,0
9960,0,0,0,0,0,0,0,0,0
9961,0,0,0,0,0,0,0,0,0
9962,0,0,0,0,0,0,0,0,0
9963,0,0,0,0,0,0,0,0,0
9964,1.39766e-06,5.37296e-09,7.39764e-13,2.75873e-14,9.95532e-17,5.61519e-16,1.01165e-24,2.55563e-41,1.40303e-06
9965,0,0,0,0,0,0,0,0,0
9966,0,0,0,0,0,0,0,0,0
9967,0,0,0,0,0,0,0,0,0
9968,0,0,0,0,0,0,0,0,0
9969,1.26134e-06,2.62722e-09,3.68039e-12,1.64765e-13,5.41654e-16,4.25909e-16,2.31314e-25,4.91033e-42,1.26397e-06
9970,0,0,0,0,0,0,0,0,0
9971,0,0,0,0,0,0,0,0,0
9972,3.58376e-06,4.58702e-08,3.02314e-17,1.24047e-18,5.0884e-21,9.21878e-21,5.41133e-30,6.91189e-47,3.62963e-06
9973,3.61537e-05,1.03721e-06,1.34116e-11,7.35003e-13,5.50414e-15,6.97401e-15,6.97266e-24,8.24389e-41,3.71909e-05
9974,0,0,0,0,0,0,0,0,0
9975,0,0,0,0,0,0,0,0,0
9976,0,0,0,0,0,0,0,0,0
9977,0,0,0,0,0,0,0,0,0
9978,0,0,0,0,0,0,0,0,0
9979,0,0,0,0,0,0,0,0,0
9980,0,0,0,0,0,0,0,0,0
9981,9.39598e-06,1.10344e-07,2.2105e-13,1.20257e-14,9.05234e-17,4.84696e-17,5.80373e-26,6.65996e-43,9.50633e-06
9982,0,0,0,0,0,0,0,0,0
9983,0,0,0,0,0,0,0,0,0
9984,5.00215e-05,1.96719e-06,2.48068e-10,1.33827e-11,7.77784e-14,2.61663e-13,1.93828e-22,2.8367e-39,5.1989e-05
9985,1.49457e-05,2.66749e-07,2.20852e-13,1.13607e-14,5.76047e-17,1.62019e-16,7.5538e-26,7.08123e-43,1.52125e-05
9986,0,0,0,0,0,0,0,0,0
9987,0,0,0,0,0,0,0,0,0
9988,0,0,0,0,0,0,0,0,0
9989,0,0,0,0,0,0,0,0,0
9990,0,0,0,0,0,0,0,0,0
9991,0,0,0,0,0,0,0,0,0
9992,0,0,0,0,0,0,0,0,0
9993,0,0,0,0,0,0,0,0,0
9994,0,0,0,0,0,0,0,0,0
9995,0,0,0,0,0,0,0,0,0
9996,0,0,0,0,0,0,0,0,0
9997,0,0,0,0,0,0,0,0,0
9998,0,0,0,0,0,0,0,0,0
9999,0,0,0,0,0,0,0,0,0
10000,0,0,0,0,0,0,0,0,0
10001,0,0,0,0,0,0,0,0,0
10002,0,0,0,0,0,0,0,0,0
10003,0,0,0,0,0,0,0,0,0
10004,0,0,0,0,0,0,0,0,0
10005,6.45638e-05,4.64614e-06,3.15859e-08,1.82819e-09,9.69965e-12,9.16802e-12,9.29862e-21,2.15981e-37,6.92433e-05
10006,0,0,0,0,0,0,0,0,0
10007,1.96446e-05,3.92146e-07,3.17863e-09,1.6174e-10,9.24056e-13,1.58897e-12,1.861e-21,3.14615e-38,2.00401e-05
10008,0,0,0,0,0,0,0,0,0
10009,0,0,0,0,0,0,0,0,0
10010,0,0,0,0,0,0,0,0,0
10011,0,0,0,0,0,0,0,0,0
10012,0,0,0,0,0,0,0,0,0
10013,0,0,0,0,0,0,0,0,0
10014,0,0,0,0,0,0,0,0,0
10015,0,0,0,0,0,0,0,0,0
10016,0,0,0,0,0,0,0,0,0
10017,0,0,0,0,0,0,0,0,0
10018,6.72343e-07,1.66234e-09,3.42565e-17,1.47367e-18,6.76103e-21,1.1804e-21,2.53365e-31,8.86004e-48,6.74005e-07
10019,0,0,0,0,0,0,0,0,0
10020,0,0,0,0,0,0,0,0,0
10021,1.653e-06,3.96507e-08,3.04035e-11,8.19899e-13,2.21391e-15,2.38866e-15,7.44758e-25,3.93545e-42,1.69269e-06
10022,0,0,0,0,0,0,0,0,0
10023,0,0,0,0,0,0,0,0,0
10024,0,0,0,0,0,0,0,0,0
10025,0,0,0,0,0,0,0,0,0
10026,0,0,0,0,0,0,0,0,0
10027,0,0,0,0,0,0,0,0,0
10028,0,0,0,0,0,0,0,0,0
10029,0,0,0,0,0,0,0,0,0
10030,0,0,0,0,0,0,0,0,0
10031,0,0,0,0,0,0,0,0,0
10032,1.15439e-06,1.11823e-08,2.15649e-18,6.39549e-20,2.45673e-22,2.60016e-22,7.84946e-32,2.35034e-49,1.16558e-06
10033,0,0,0,0,0,0,0,0,0
10034,0,0,0,0,0,0,0,0,0
10035,0,0,0,0,0,0,0,0,0
10036,0,0,0,0,0,0,0,0,0
10037,0,0,0,0,0,0,0,0,0
10038,0,0,0,0,0,0,0,0,0
10039,8.06835e-05,2.58284e-06,2.2142e-11,1.43446e-12,1.09215e-14,2.174e-14,1.17672e-23,1.10395e-40,8.32664e-05
10040,0,0,0,0,0,0,0,0,0
10041,0,0,0,0,0,0,0,0,0
10042,1.00156e-06,1.0338e-08,5.84495e-15,1.6367e-16,3.7374e-19,3.0501e-18,1.85906e-27,2.14455e-44,1.0119e-06
10043,0,0,0,0,0,0,0,0,0
10044,0,0,0,0,0,0,0,0,0
10045,1.91821e-05,6.34331e-07,8.99383e-12,3.7402e-13,1.92247e-15,5.01163e-15,2.58179e-24,1.6381e-41,1.98164e-05
10046,0,0,0,0,0,0,0,0,0
10047,0,0,0,0,0,0,0,0,0
10048,0,0,0,0,0,0,0,0,0
10049,0,0,0,0,0,0,0,0,0
10050,0,0,0,0,0,0,0,0,0
10051,0,0,0,0,0,0,0,0,0
10052,2.88569e-05,1.12715e-06,1.1819e-10,5.74341e-12,2.89602e-14,6.49554e-14,3.91872e-23,4.14725e-40,2.99841e-05
10053,0,0,0,0,0,0,0,0,0
10054,0,0,0,0,0,0,0,0,0
10055,0,0,0,0,0,0,0,0,0
10056,0,0,0,0,0,0,0,0,0
10057,3.83404e-06,5.89329e-08,4.51755e-15,1.90274e-16,8.15081e-19,6.17844e-19,3.48901e-28,3.2963e-45,3.89297e-06
10058,1.33235e-06,9.55652e-09,3.05895e-19,1.39047e-20,4.71989e-23,1.37095e-23,1.30239e-33,5.75218e-51,1.34191e-06
10059,0,0,0,0,0,0,0,0,0
10060,0,0,0,0,0,0,0,0,0
10061,1.92373e-05,3.78189e-07,4.35977e-13,2.25013e-14,1.39257e-16,4.1057e-16,7.68186e-25,1.40468e-41,1.96155e-05
10062,1.68707e-05,5.84617e-07,2.82213e-11,1.17189e-12,6.48145e-15,7.78592e-15,4.18061e-24,2.08518e-41,1.74553e-05
10063,0,0,0,0,0,0,0,0,0
10064,0,0,0,0,0,0,0,0,0
10065,5.11876e-06,3.16642e-08,1.67429e-14,8.51076e-16,4.84902e-18,7.20845e-18,2.52114e-27,1.50054e-44,5.15042e-06
10066,0,0,0,0,0,0,0,0,0
10067,0,0,0,0,0,0,0,0,0
10068,0,0,0,0,0,0,0,0,0
10069,0,0,0,0,0,0,0,0,0
10070,0,0,0,0,0,0,0,0,0
10071,0,0,0,0,0,0,0,0,0
10072,0,0,0,0,0,0,0,0,0
10073,0,0,0,0,0,0,0,0,0
10074,0,0,0,0,0,0,0,0,0
10075,0,0,0,0,0,0,0,0,0
10076,0,0,0,0,0,0,0,0,0
10077,0,0,0,0,0,0,0,0,0
10078,0,0,0,0,0,0,0,0,0
10079,0,0,0,0,0,0,0,0,0
10080,9.90817e-07,7.29052e-09,3.618e-20,1.27761e-21,4.40274e-24,1.06617e-23,1.54142e-32,2.64134e-49,9.98108e-07
10081,0,0,0,0,0,0,0,0,0
10082,0,0,0,0,0,0,0,0,0
10083,0,0,0,0,0,0,0,0,0
10084,4.45297e-06,7.83253e-08,7.79038e-16,2.76479e-17,1.06362e-19,2.92585e-19,1.3256e-28,8.22363e-46,4.53129e-06
10085,1.28004e-05,2.63915e-07,6.1573e-12,2.86116e-13,1.57625e-15,2.34051e-15,1.58211e-24,1.24762e-41,1.30644e-05
10086,0,0,0,0,0,0,0,0,0
10087,0,0,0,0,0,0,0,0,0
10088,0,0,0,0,0,0,0,0,0
10089,0,0,0,0,0,0,0,0,0
10090,0,0,0,0,0,0,0,0,0
10091,0,0,0,0,0,0,0,0,0
10092,5.89356e-07,3.34975e-09,4.88904e-27,1.53274e-28,5.50305e-31,5.43622e-31,2.88747e-40,1.56871e-57,5.92706e-07
10093,4.78615e-07,2.52219e-09,2.17302e-15,6.72596e-17,1.73526e-19,3.10326e-19,8.40992e-29,5.03275e-46,4.81138e-07
10094,6.4202e-05,3.17169e-06,1.48449e-09,7.90184e-11,5.50161e-13,1.09364e-12,1.67229e-21,2.12291e-38,6.73752e-05
10095,0,0,0,0,0,0,0,0,0
10096,0,0,0,0,0,0,0,0,0
10097,0,0,0,0,0,0,0,0,0
10098,0,0,0,0,0,0,0,0,0
10099,0,0,0,0,0,0,0,0,0
10100,0,0,0,0,0,0,0,0,0
10101,0,0,0,0,0,0,0,0,0
10102,0,0,0,0,0,0,0,0,0
10103,0,0,0,0,0,0,0,0,0
10104,9.51463e-07,6.64415e-09,3.53479e-14,1.35688e-15,4.10147e-18,4.00584e-18,1.54466e-27,1.46706e-44,9.58108e-07
10105,0,0,0,0,0,0,0,0,0
10106,0,0,0,0,0,0,0,0,0
10107,2.06908e-05,2.90499e-07,3.77417e-10,2.11497e-11,1.28572e-13,4.09636e-13,5.76778e-22,9.6225e-39,2.09817e-05
10108,0,0,0,0,0,0,0,0,0
10109,0,0,0,0,0,0,0,0,0
10110,0,0,0,0,0,0,0,0,0
10111,0,0,0,0,0,0,0,0,0
10112,0,0,0,0,0,0,0,0,0
10113,0,0,0,0,0,0,0,0,0
10114,0,0,0,0,0,0,0,0,0
10115,9.9606e-05,6.03691e-06,4.01142e-08,2.36394e-09,1.44278e-11,3.24607e-11,2.3703e-20,2.68715e-37,0.000105685
10116,0,0,0,0,0,0,0,0,0
10117,0,0,0,0,0,0,0,0,0
10118,0,0,0,0,0,0,0,0,0
10119,0,0,0,0,0,0,0,0,0
10120,0,0,0,0,0,0,0,0,0
10121,0,0,0,0,0,0,0,0,0
10122,0,0,0,0,0,0,0,0,0
10123,0,0,0,0,0,0,0,0,0
10124,0,0,0,0,0,0,0,0,0
10125,0,0,0,0,0,0,0,0,0
10126,0,0,0,0,0,0,0,0,0
10127,0,0,0,0,0,0,0,0,0
10128,0,0,0,0,0,0,0,0,0
10129,0,0,0,0,0,0,0,0,0
10130,1.52915e-06,1.65699e-08,2.08716e-19,7.44351e-21,2.37016e-23,2.80363e-23,8.88e-33,5.28134e-50,1.54572e-06
10131,0,0,0,0,0,0,0,0,0
10132,4.64051e-07,2.02034e-09,5.2332e-19,1.87624e-20,8.49688e-23,1.98702e-23,1.63107e-32,1.01312e-49,4.66072e-07
10133,0,0,0,0,0,0,0,0,0
10134,0,0,0,0,0,0,0,0,0
10135,0,0,0,0,0,0,0,0,0
10136,0,0,0,0,0,0,0,0,0
10137,0,0,0,0,0,0,0,0,0
10138,0,0,0,0,0,0,0,0,0
10139,0,0,0,0,0,0,0,0,0
10140,0,0,0,0,0,0,0,0,0
10141,0,0,0,0,0,0,0,0,0
10142,0,0,0,0,0,0,0,0,0
10143,0,0,0,0,0,0,0,0,0
10144,0,0,0,0,0,0,0,0,0
10145,0,0,0,0,0,0,0,0,0
10146,0,0,0,0,0,0,0,0,0
10147,0,0,0,0,0,0,0,0,0
10148,0,0,0,0,0,0,0,0,0
10149,0,0,0,0,0,0,0,0,0
10150,0,0,0,0,0,0,0,0,0
10151,0,0,0,0,0,0,0,0,0
10152,0,0,0,0,0,0,0,0,0
10153,0,0,0,0,0,0,0,0,0
10154,0,0,0,0,0,0,0,0,0
10155,0,0,0,0,0,0,0,0,0
10156,0,0,0,0,0,0,0,0,0
10157,1.18846e-05,3.36317e-07,1.996e-12,8.69943e-14,3.38169e-16,8.77156e-16,3.96565e-25,3.21942e-42,1.22209e-05
10158,0,0,0,0,0,0,0,0,0
10159,0,0,0,0,0,0,0,0,0
10160,9.52761e-06,3.41839e-07,1.37756e-14,4.52112e-16,7.80632e-19,1.7874e-17,3.59547e-27,2.06552e-44,9.86945e-06
10161,0,0,0,0,0,0,0,0,0
10162,0,0,0,0,0,0,0,0,0
10163,0,0,0,0,0,0,0,0,0
10164,0,0,0,0,0,0,0,0,0
10165,0,0,0,0,0,0,0,0,0
10166,0,0,0,0,0,0,0,0,0
10167,0,0,0,0,0,0,0,0,0
10168,0,0,0,0,0,0,0,0,0
10169,0,0,0,0,0,0,0,0,0
10170,0,0,0,0,0,0,0,0,0
10171,0,0,0,0,0,0,0,0,0
10172,0,0,0,0,0,0,0,0,0
10173,0,0,0,0,0,0,0,0,0
10174,0,0,0,0,0,0,0,0,0
10175,0,0,0,0,0,0,0,0,0
10176,0,0,0,0,0,0,0,0,0
10177,0,0,0,0,0,0,0,0,0
10178,0,0,0,0,0,0,0,0,0
10179,0,0,0,0,0,0,0,0,0
10180,0,0,0,0,0,0,0,0,0
10181,0,0,0,0,0,0,0,0,0
10182,0,0,0,0,0,0,0,0,0
10183,0,0,0,0,0,0,0,0,0
10184,0,0,0,0,0,0,0,0,0
10185,0,0,0,0,0,0,0,0,0
10186,0,0,0,0,0,0,0,0,0
10187,0,0,0,0,0,0,0,0,0
10188,0,0,0,0,0,0,0,0,0
10189,0,0,0,0,0,0,0,0,0
10190,0,0,0,0,0,0,0,0,0
10191,0,0,0,0,0,0,0,0,0
10192,0,0,0,0,0,0,0,0,0
10193,0,0,0,0,0,0,0,0,0
10194,0,0,0,0,0,0,0,0,0
10195,3.77566e-06,4.06994e-09,3.51281e-09,1.62392e-10,5.68773e-13,1.52971e-12,7.59932e-22,8.1769e-39,3.78341e-06
10196,0,0,0,0,0,0,0,0,0
10197,0,0,0,0,0,0,0,0,0
10198,0,0,0,0,0,0,0,0,0
10199,0,0,0,0,0,0,0,0,0
10200,0,0,0,0,0,0,0,0,0
10201,0,0,0,0,0,0,0,0,0
10202,0,0,0,0,0,0,0,0,0
10203,0,0,0,0,0,0,0,0,0
10204,0,0,0,0,0,0,0,0,0
10205,0,0,0,0,0,0,0,0,0
10206,0,0,0,0,0,0,0,0,0
10207,0,0,0,0,0,0,0,0,0
10208,0,0,0,0,0,0,0,0,0
10209,0,0,0,0,0,0,0,0,0
10210,0,0,0,0,0,0,0,0,0
10211,0,0,0,0,0,0,0,0,0
10212,0,0,0,0,0,0,0,0,0
10213,0,0,0,0,0,0,0,0,0
10214,0,0,0,0,0,0,0,0,0
10215,1.53618e-05,6.39017e-07,9.64732e-12,4.43155e-13,1.49171e-15,3.03188e-15,1.67775e-24,1.92897e-41,1.60008e-05
10216,0,0,0,0,0,0,0,0,0
10217,3.17627e-06,8.32432e-08,3.53791e-11,9.27802e-13,3.71857e-15,3.18154e-15,1.64678e-24,2.62463e-42,3.25955e-06
10218,0,0,0,0,0,0,0,0,0
10219,0,0,0,0,0,0,0,0,0
10220,0,0,0,0,0,0,0,0,0
10221,0,0,0,0,0,0,0,0,0
10222,0,0,0,0,0,0,0,0,0
10223,0,0,0,0,0,0,0,0,0
10224,0,0,0,0,0,0,0,0,0
10225,0,0,0,0,0,0,0,0,0
10226,0,0,0,0,0,0,0,0,0
10227,0,0,0,0,0,0,0,0,0
10228,0,0,0,0,0,0,0,0,0
10229,0,0,0,0,0,0,0,0,0
10230,0,0,0,0,0,0,0,0,0
10231,0,0,0,0,0,0,0,0,0
10232,0,0,0,0,0,0,0,0,0
10233,5.92367e-06,9.35355e-08,1.11674e-14,3.98124e-16,1.42676e-18,3.38805e-18,1.77335e-27,1.0697e-44,6.0172e-06
10234,0,0,0,0,0,0,0,0,0
10235,1.7573e-06,1.45713e-08,3.17272e-18,1.10436e-19,4.38642e-22,5.73163e-22,8.60558e-32,1.32942e-49,1.77188e-06
10236,0,0,0,0,0,0,0,0,0
10237,0,0,0,0,0,0,0,0,0
10238,0,0,0,0,0,0,0,0,0
10239,0,0,0,0,0,0,0,0,0
10240,0,0,0,0,0,0,0,0,0
10241,0,0,0,0,0,0,0,0,0
10242,0,0,0,0,0,0,0,0,0
10243,0,0,0,0,0,0,0,0,0
10244,0,0,0,0,0,0,0,0,0
10245,0,0,0,0,0,0,0,0,0
10246,3.84413e-06,6.79866e-08,2.43402e-15,8.56016e-17,3.34734e-19,4.19293e-19,1.27276e-28,3.5897e-46,3.91212e-06
10247,0,0,0,0,0,0,0,0,0
10248,0,0,0,0,0,0,0,0,0
10249,0,0,0,0,0,0,0,0,0
10250,0,0,0,0,0,0,0,0,0
10251,0,0,0,0,0,0,0,0,0
10252,0,0,0,0,0,0,0,0,0
10253,0,0,0,0,0,0,0,0,0
10254,0,0,0,0,0,0,0,0,0
10255,0,0,0,0,0,0,0,0,0
10256,0,0,0,0,0,0,0,0,0
10257,1.04432e-06,9.11652e-09,3.09036e-14,9.46872e-16,2.60156e-18,5.73244e-18,1.37693e-27,4.40152e-45,1.05344e-06
10258,0,0,0,0,0,0,0,0,0
10259,0,0,0,0,0,0,0,0,0
10260,0,0,0,0,0,0,0,0,0
10261,0,0,0,0,0,0,0,0,0
10262,0,0,0,0,0,0,0,0,0
10263,0,0,0,0,0,0,0,0,0
10264,0,0,0,0,0,0,0,0,0
10265,0,0,0,0,0,0,0,0,0
10266,0,0,0,0,0,0,0,0,0
10267,0,0,0,0,0,0,0,0,0
10268,0,0,0,0,0,0,0,0,0
10269,9.69174e-07,7.83112e-10,4.77288e-10,1.55618e-11,4.76706e-14,7.18582e-14,1.9583e-23,6.18377e-41,9.7045e-07
10270,3.72125e-06,8.40761e-09,4.44893e-10,2.41731e-11,1.45057e-13,1.95265e-13,4.98877e-23,1.13912e-40,3.73013e-06
10271,0,0,0,0,0,0,0,0,0
10272,0,0,0,0,0,0,0,0,0
10273,1.25033e-05,5.31688e-07,3.70581e-11,1.51825e-12,5.61794e-15,7.51096e-15,3.85535e-24,2.35872e-41,1.3035e-05
10274,0,0,0,0,0,0,0,0,0
10275,0,0,0,0,0,0,0,0,0
10276,0,0,0,0,0,0,0,0,0
10277,0,0,0,0,0,0,0,0,0
10278,0,0,0,0,0,0,0,0,0
10279,0,0,0,0,0,0,0,0,0
10280,0,0,0,0,0,0,0,0,0
10281,0,0,0,0,0,0,0,0,0
10282,0,0,0,0,0,0,0,0,0
10283,0,0,0,0,0,0,0,0,0
10284,1.17546e-05,3.2853e-07,1.68549e-12,6.11436e-14,2.79603e-16,6.45506e-16,5.16516e-25,2.14017e-42,1.20832e-05
10285,0,0,0,0,0,0,0,0,0
10286,0,0,0,0,0,0,0,0,0
10287,0,0,0,0,0,0,0,0,0
10288,0,0,0,0,0,0,0,0,0
10289,0,0,0,0,0,0,0,0,0
10290,0,0,0,0,0,0,0,0,0
10291,0,0,0,0,0,0,0,0,0
10292,0,0,0,0,0,0,0,0,0
10293,0,0,0,0,0,0,0,0,0
10294,4.14779e-06,9.20472e-08,1.70679e-10,6.53261e-12,1.859e-14,2.27942e-14,5.33108e-24,2.38705e-41,4.24002e-06
10295,0,0,0,0,0,0,0,0,0
10296,0,0,0,0,0,0,0,0,0
10297,0,0,0,0,0,0,0,0,0
10298,0,0,0,0,0,0,0,0,0
10299,0,0,0,0,0,0,0,0,0
10300,0,0,0,0,0,0,0,0,0
10301,0,0,0,0,0,0,0,0,0
10302,0,0,0,0,0,0,0,0,0
10303,0,0,0,0,0,0,0,0,0
10304,0,0,0,0,0,0,0,0,0
10305,0,0,0,0,0,0,0,0,0
10306,0,0,0,0,0,0,0,0,0
10307,0,0,0,0,0,0,0,0,0
10308,0,0,0,0,0,0,0,0,0
10309,0,0,0,0,0,0,0,0,0
10310,0,0,0,0,0,0,0,0,0
10311,0,0,0,0,0,0,0,0,0
10312,1.86548e-05,4.67987e-07,2.639e-12,1.31034e-13,6.77876e-16,8.68267e-16,3.20005e-25,1.19555e-42,1.91228e-05
10313,7.45641e-07,6.49882e-09,3.87601e-18,1.21226e-19,2.99702e-22,5.18312e-22,1.45145e-31,5.74946e-49,7.5214e-07
10314,0,0,0,0,0,0,0,0,0
10315,0,0,0,0,0,0,0,0,0
10316,2.71151e-05,9.53413e-07,1.91506e-10,8.94181e-12,4.58099e-14,7.99633e-14,2.70276e-23,8.38104e-41,2.80687e-05
10317,0,0,0,0,0,0,0,0,0
10318,0,0,0,0,0,0,0,0,0
10319,0,0,0,0,0,0,0,0,0
10320,0,0,0,0,0,0,0,0,0
10321,3.31878e-05,1.09813e-06,7.58745e-11,3.66909e-12,2.18194e-14,4.49181e-14,2.90673e-23,1.17121e-40,3.4286e-05
10322,0,0,0,0,0,0,0,0,0
10323,0,0,0,0,0,0,0,0,0
10324,0,0,0,0,0,0,0,0,0
10325,0,0,0,0,0,0,0,0,0
10326,0,0,0,0,0,0,0,0,0
10327,0,0,0,0,0,0,0,0,0
10328,0,0,0,0,0,0,0,0,0
10329,9.21854e-07,4.16405e-09,1.9303e-23,7.65578e-25,3.09576e-27,2.06045e-27,5.1525e-37,1.2839e-54,9.26018e-07
10330,0,0,0,0,0,0,0,0,0
10331,0,0,0,0,0,0,0,0,0
10332,0,0,0,0,0,0,0,0,0
10333,0,0,0,0,0,0,0,0,0
10334,0,0,0,0,0,0,0,0,0
10335,8.48855e-07,2.20001e-08,1.36809e-14,2.33567e-16,1.95545e-19,5.12356e-18,8.63669e-28,1.90509e-45,8.70855e-07
10336,0,0,0,0,0,0,0,0,0
10337,0,0,0,0,0,0,0,0,0
10338,0,0,0,0,0,0,0,0,0
10339,0,0,0,0,0,0,0,0,0
10340,0,0,0,0,0,0,0,0,0
10341,0,0,0,0,0,0,0,0,0
10342,0,0,0,0,0,0,0,0,0
10343,6.49709e-06,1.57426e-07,2.7923e-10,1.05128e-11,3.08298e-14,1.08501e-13,3.37636e-23,1.49599e-40,6.6548e-06
10344,0,0,0,0,0,0,0,0,0
10345,0,0,0,0,0,0,0,0,0
10346,0,0,0,0,0,0,0,0,0
10347,1.2094e-06,4.50668e-09,3.47829e-22,1.48602e-23,8.07204e-26,2.52065e-26,3.21184e-36,3.03388e-54,1.2139e-06
10348,0,0,0,0,0,0,0,0,0
10349,0,0,0,0,0,0,0,0,0
10350,0,0,0,0,0,0,0,0,0
10351,0,0,0,0,0,0,0,0,0
10352,0,0,0,0,0,0,0,0,0
10353,0,0,0,0,0,0,0,0,0
10354,0,0,0,0,0,0,0,0,0
10355,0,0,0,0,0,0,0,0,0
10356,0,0,0,0,0,0,0,0,0
10357,0,0,0,0,0,0,0,0,0
10358,0,0,0,0,0,0,0,0,0
10359,0,0,0,0,0,0,0,0,0
10360,9.64375e-07,7.46471e-09,1.09203e-15,4.28209e-17,1.20747e-19,5.56168e-20,9.49506e-30,2.62563e-47,9.7184e-07
10361,0,0,0,0,0,0,0,0,0
10362,0,0,0,0,0,0,0,0,0
10363,0,0,0,0,0,0,0,0,0
10364,0,0,0,0,0,0,0,0,0
10365,0,0,0,0,0,0,0,0,0
10366,0,0,0,0,0,0,0,0,0
10367,0,0,0,0,0,0,0,0,0
10368,0,0,0,0,0,0,0,0,0
10369,0,0,0,0,0,0,0,0,0
10370,0,0,0,0,0,0,0,0,0
10371,0,0,0,0,0,0,0,0,0
10372,7.445e-06,1.04826e-07,1.94011e-09,8.1087e-11,3.63286e-13,5.84539e-13,4.1947e-22,1.8494e-39,7.55185e-06
10373,0,0,0,0,0,0,0,0,0
10374,0,0,0,0,0,0,0,0,0
10375,0,0,0,0,0,0,0,0,0
10376,0,0,0,0,0,0,0,0,0
10377,0,0,0,0,0,0,0,0,0
10378,0,0,0,0,0,0,0,0,0
10379,1.50982e-05,5.99899e-07,1.13597e-11,4.17804e-13,1.55872e-15,6.44916e-15,3.51772e-24,1.27761e-41,1.56981e-05
10380,0,0,0,0,0,0,0,0,0
10381,0,0,0,0,0,0,0,0,0
10382,2.64993e-06,2.24416e-08,5.68704e-10,2.04064e-11,8.68448e-14,5.23239e-14,2.09516e-23,4.42159e-41,2.67296e-06
10383,0,0,0,0,0,0,0,0,0
10384,0,0,0,0,0,0,0,0,0
10385,0,0,0,0,0,0,0,0,0
10386,0,0,0,0,0,0,0,0,0
10387,0,0,0,0,0,0,0,0,0
10388,1.29412e-06,1.97124e-08,1.57255e-17,5.10238e-19,1.16227e-21,1.0973e-21,2.3936e-31,8.8705e-49,1.31384e-06
10389,0,0,0,0,0,0,0,0,0
10390,0,0,0,0,0,0,0,0,0
10391,0,0,0,0,0,0,0,0,0
10392,0,0,0,0,0,0,0,0,0
10393,2.15173e-06,7.88495e-08,6.86597e-11,1.99839e-14,6.51784e-17,1.54926e-16,3.88922e-26,8.42766e-41,2.23065e-06
10394,0,0,0,0,0,0,0,0,0
10395,0,0,0,0,0,0,0,0,0
10396,0,0,0,0,0,0,0,0,0
10397,0,0,0,0,0,0,0,0,0
10398,0,0,0,0,0,0,0,0,0
10399,0,0,0,0,0,0,0,0,0
10400,0,0,0,0,0,0,0,0,0
10401,0,0,0,0,0,0,0,0,0
10402,2.6218e-06,3.50067e-08,4.89276e-14,1.83764e-15,6.48939e-18,5.60728e-18,1.63425e-27,4.22671e-45,2.6568e-06
10403,0,0,0,0,0,0,0,0,0
10404,0,0,0,0,0,0,0,0,0
10405,0,0,0,0,0,0,0,0,0
10406,0,0,0,0,0,0,0,0,0
10407,0,0,0,0,0,0,0,0,0
10408,0,0,0,0,0,0,0,0,0
10409,1.50493e-05,4.85899e-07,4.97479e-12,2.29499e-13,8.11889e-16,1.47883e-15,3.38141e-25,1.16586e-42,1.55352e-05
10410,6.34534e-06,9.32135e-08,3.63263e-15,1.44235e-16,5.49743e-19,1.94011e-18,3.31251e-28,4.84194e-46,6.43855e-06
10411,0,0,0,0,0,0,0,0,0
10412,0,0,0,0,0,0,0,0,0
10413,4.87603e-06,3.99622e-08,5.84505e-10,1.74739e-11,1.06586e-13,1.1323e-13,3.80021e-23,7.85628e-42,4.91659e-06
10414,0,0,0,0,0,0,0,0,0
10415,0,0,0,0,0,0,0,0,0
10416,0,0,0,0,0,0,0,0,0
10417,1.72453e-06,1.21426e-08,5.52893e-16,2.04451e-17,6.3709e-20,3.34848e-22,5.58853e-28,6.85488e-45,1.73667e-06
10418,0,0,0,0,0,0,0,0,0
10419,3.26654e-05,9.02812e-07,5.80169e-12,2.989e-13,1.62273e-15,3.04072e-15,5.55731e-25,8.59398e-43,3.35682e-05
10420,1.42819e-06,2.09667e-08,9.4454e-11,2.65763e-12,3.61769e-15,1.57194e-14,1.68234e-24,3.90392e-42,1.44925e-06
10421,0,0,0,0,0,0,0,0,0
10422,0,0,0,0,0,0,0,0,0
10423,4.60722e-05,1.95837e-06,6.65196e-12,3.28943e-13,1.47033e-15,9.55926e-15,7.21876e-24,4.31941e-41,4.80306e-05
10424,0,0,0,0,0,0,0,0,0
10425,0,0,0,0,0,0,0,0,0
10426,0,0,0,0,0,0,0,0,0
10427,0,0,0,0,0,0,0,0,0
10428,0,0,0,0,0,0,0,0,0
10429,1.49026e-06,8.23937e-09,3.13618e-21,1.15977e-22,5.18885e-25,5.20162e-25,1.08786e-34,1.25492e-52,1.4985e-06
10430,4.01077e-06,1.59751e-07,3.32246e-11,1.1732e-12,3.03615e-15,1.8337e-15,8.47761e-25,3.92938e-42,4.17056e-06
10431,0,0,0,0,0,0,0,0,0
10432,7.07949e-05,3.13924e-06,9.91229e-10,5.33056e-11,3.15461e-13,1.08764e-12,8.07547e-22,3.47669e-39,7.39352e-05
10433,0,0,0,0,0,0,0,0,0
10434,0,0,0,0,0,0,0,0,0
10435,0,0,0,0,0,0,0,0,0
10436,0,0,0,0,0,0,0,0,0
10437,0,0,0,0,0,0,0,0,0
10438,0,0,0,0,0,0,0,0,0
10439,0,0,0,0,0,0,0,0,0
10440,0,0,0,0,0,0,0,0,0
10441,0,0,0,0,0,0,0,0,0
10442,0,0,0,0,0,0,0,0,0
10443,1.40154e-05,7.82003e-07,2.86223e-09,8.70007e-11,3.59144e-13,5.70595e-13,2.68026e-22,3.2588e-40,1.48004e-05
10444,0,0,0,0,0,0,0,0,0
10445,0,0,0,0,0,0,0,0,0
10446,1.14819e-06,5.97831e-09,5.87105e-24,2.29459e-25,8.60868e-28,1.06751e-27,4.01406e-37,1.07254e-54,1.15416e-06
10447,0,0,0,0,0,0,0,0,0
10448,0,0,0,0,0,0,0,0,0
10449,3.24939e-06,4.66294e-08,1.3353e-15,4.9874e-17,1.80028e-19,1.91398e-19,5.22631e-29,1.05899e-46,3.29602e-06
10450,0,0,0,0,0,0,0,0,0
10451,4.6305e-06,8.66275e-08,6.44311e-11,2.0797e-12,4.81061e-15,4.68257e-14,3.70923e-24,4.55842e-42,4.7172e-06
10452,0,0,0,0,0,0,0,0,0
10453,0,0,0,0,0,0,0,0,0
10454,0,0,0,0,0,0,0,0,0
10455,0,0,0,0,0,0,0,0,0
10456,0,0,0,0,0,0,0,0,0
10457,2.69475e-06,2.92449e-08,8.54719e-17,3.2102e-18,1.1638e-20,1.95251e-20,6.09124e-30,1.37356e-47,2.724e-06
10458,0,0,0,0,0,0,0,0,0
10459,0,0,0,0,0,0,0,0,0
10460,0,0,0,0,0,0,0,0,0
10461,0,0,0,0,0,0,0,0,0
10462,0,0,0,0,0,0,0,0,0
10463,0,0,0,0,0,0,0,0,0
10464,0,0,0,0,0,0,0,0,0
10465,0,0,0,0,0,0,0,0,0
10466,0,0,0,0,0,0,0,0,0
10467,0,0,0,0,0,0,0,0,0
10468,0,0,0,0,0,0,0,0,0
10469,0,0,0,0,0,0,0,0,0
10470,0,0,0,0,0,0,0,0,0
10471,0,0,0,0,0,0,0,0,0
10472,0,0,0,0,0,0,0,0,0
10473,0,0,0,0,0,0,0,0,0
10474,0,0,0,0,0,0,0,0,0
10475,0,0,0,0,0,0,0,0,0
10476,0,0,0,0,0,0,0,0,0
10477,0,0,0,0,0,0,0,0,0
10478,0,0,0,0,0,0,0,0,0
10479,0,0,0,0,0,0,0,0,0
10480,0,0,0,0,0,0,0,0,0
10481,0,0,0,0,0,0,0,0,0
10482,0,0,0,0,0,0,0,0,0
10483,0,0,0,0,0,0,0,0,0
10484,0,0,0,0,0,0,0,0,0
10485,0,0,0,0,0,0,0,0,0
10486,0,0,0,0,0,0,0,0,0
10487,0,0,0,0,0,0,0,0,0
10488,0,0,0,0,0,0,0,0,0
10489,2.48252e-06,1.4452e-08,1.80481e-13,7.82217e-15,4.08384e-17,2.66605e-17,9.0057e-27,1.36035e-44,2.49697e-06
10490,0,0,0,0,0,0,0,0,0
10491,0,0,0,0,0,0,0,0,0
10492,0,0,0,0,0,0,0,0,0
10493,0,0,0,0,0,0,0,0,0
10494,6.38588e-05,3.61257e-06,1.99952e-08,1.0782e-09,5.47672e-12,8.1576e-12,3.00644e-21,8.70225e-39,6.74925e-05
10495,0,0,0,0,0,0,0,0,0
10496,0,0,0,0,0,0,0,0,0
10497,0,0,0,0,0,0,0,0,0
10498,0,0,0,0,0,0,0,0,0
10499,0,0,0,0,0,0,0,0,0
10500,0,0,0,0,0,0,0,0,0
10501,0,0,0,0,0,0,0,0,0
10502,0,0,0,0,0,0,0,0,0
10503,6.40074e-06,1.50124e-07,8.89554e-14,3.10142e-15,1.22021e-17,2.16609e-17,7.36706e-27,1.11531e-44,6.55086e-06
10504,0,0,0,0,0,0,0,0,0
10505,0,0,0,0,0,0,0,0,0
10506,0,0,0,0,0,0,0,0,0
10507,0,0,0,0,0,0,0,0,0
10508,1.8356e-06,1.35884e-08,3.43675e-14,1.22441e-15,5.24518e-18,3.31677e-18,9.02268e-28,1.06268e-45,1.84919e-06
10509,0,0,0,0,0,0,0,0,0
10510,0,0,0,0,0,0,0,0,0
10511,0,0,0,0,0,0,0,0,0
10512,0,0,0,0,0,0,0,0,0
10513,0,0,0,0,0,0,0,0,0
10514,0,0,0,0,0,0,0,0,0
10515,0,0,0,0,0,0,0,0,0
10516,0,0,0,0,0,0,0,0,0
10517,2.85037e-06,1.61776e-07,2.84634e-10,2.5548e-12,7.35193e-15,6.04425e-13,1.20184e-23,3.23271e-41,3.01243e-06
10518,1.1072e-06,1.84492e-08,1.25326e-15,2.28134e-17,7.33905e-20,4.74731e-20,4.07828e-30,1.71881e-50,1.12565e-06
10519,0,0,0,0,0,0,0,0,0
10520,0,0,0,0,0,0,0,0,0
10521,0,0,0,0,0,0,0,0,0
10522,0,0,0,0,0,0,0,0,0
10523,1.48656e-06,2.59636e-08,3.66469e-15,1.02059e-16,1.59735e-19,1.56514e-18,3.37571e-28,1.0158e-45,1.51252e-06
10524,0,0,0,0,0,0,0,0,0
10525,0,0,0,0,0,0,0,0,0
10526,0,0,0,0,0,0,0,0,0
10527,0,0,0,0,0,0,0,0,0
10528,0,0,0,0,0,0,0,0,0
10529,8.09023e-07,2.60734e-08,2.40814e-11,1.04038e-12,4.13396e-15,1.4943e-14,1.72702e-23,7.06597e-41,8.35121e-07
10530,0,0,0,0,0,0,0,0,0
10531,0,0,0,0,0,0,0,0,0
10532,0,0,0,0,0,0,0,0,0
10533,0,0,0,0,0,0,0,0,0
10534,0,0,0,0,0,0,0,0,0
10535,0,0,0,0,0,0,0,0,0
10536,0,0,0,0,0,0,0,0,0
10537,0,0,0,0,0,0,0,0,0
10538,0,0,0,0,0,0,0,0,0
10539,0,0,0,0,0,0,0,0,0
10540,0,0,0,0,0,0,0,0,0
10541,1.93594e-06,3.1668e-08,8.5128e-15,2.5041e-16,8.17933e-19,5.45414e-19,8.66382e-29,5.42598e-47,1.96761e-06
10542,0,0,0,0,0,0,0,0,0
10543,0,0,0,0,0,0,0,0,0
10544,0,0,0,0,0,0,0,0,0
10545,0,0,0,0,0,0,0,0,0
10546,0,0,0,0,0,0,0,0,0
10547,0,0,0,0,0,0,0,0,0
10548,0,0,0,0,0,0,0,0,0
10549,0,0,0,0,0,0,0,0,0
10550,0,0,0,0,0,0,0,0,0
10551,0,0,0,0,0,0,0,0,0
10552,0,0,0,0,0,0,0,0,0
10553,0,0,0,0,0,0,0,0,0
10554,0,0,0,0,0,0,0,0,0
10555,0,0,0,0,0,0,0,0,0
10556,2.41052e-06,3.27052e-08,1.15402e-17,3.49004e-19,9.9863e-22,5.44138e-21,1.8008e-30,2.9211e-48,2.44323e-06
10557,0,0,0,0,0,0,0,0,0
10558,0,0,0,0,0,0,0,0,0
10559,0,0,0,0,0,0,0,0,0
10560,0,0,0,0,0,0,0,0,0
10561,0,0,0,0,0,0,0,0,0
10562,0,0,0,0,0,0,0,0,0
10563,1.6671e-06,2.50227e-08,2.34314e-18,7.84095e-20,2.43914e-22,1.27166e-22,3.45211e-32,5.34258e-50,1.69212e-06
10564,1.75157e-06,2.99377e-08,1.97191e-15,5.4981e-17,9.68178e-20,8.99783e-19,1.05035e-28,1.53893e-46,1.78151e-06
10565,0,0,0,0,0,0,0,0,0
10566,0,0,0,0,0,0,0,0,0
10567,0,0,0,0,0,0,0,0,0
10568,0,0,0,0,0,0,0,0,0
10569,0,0,0,0,0,0,0,0,0
10570,0,0,0,0,0,0,0,0,0
10571,0,0,0,0,0,0,0,0,0
10572,0,0,0,0,0,0,0,0,0
10573,0,0,0,0,0,0,0,0,0
10574,0,0,0,0,0,0,0,0,0
10575,0,0,0,0,0,0,0,0,0
10576,2.44336e-06,2.48907e-08,5.6487e-16,2.01199e-17,7.6918e-20,1.04983e-19,2.33792e-29,2.4489e-47,2.46825e-06
10577,0,0,0,0,0,0,0,0,0
10578,0,0,0,0,0,0,0,0,0
10579,0,0,0,0,0,0,0,0,0
10580,0,0,0,0,0,0,0,0,0
10581,0,0,0,0,0,0,0,0,0
10582,0,0,0,0,0,0,0,0,0
10583,0,0,0,0,0,0,0,0,0
10584,0,0,0,0,0,0,0,0,0
10585,7.37098e-05,4.66037e-06,2.85659e-08,1.36467e-09,5.58651e-12,3.44503e-11,1.54023e-20,4.01898e-38,7.84001e-05
10586,0,0,0,0,0,0,0,0,0
10587,0,0,0,0,0,0,0,0,0
10588,0,0,0,0,0,0,0,0,0
10589,0,0,0,0,0,0,0,0,0
10590,0,0,0,0,0,0,0,0,0
10591,8.8255e-06,1.60333e-07,3.49237e-14,1.36724e-15,5.77504e-18,1.32415e-17,2.10908e-27,1.74302e-45,8.98584e-06
10592,0,0,0,0,0,0,0,0,0
10593,0,0,0,0,0,0,0,0,0
10594,4.01496e-06,7.68385e-08,3.62134e-14,1.08773e-15,3.46577e-18,1.12682e-17,1.4878e-27,9.28566e-46,4.0918e-06
10595,0,0,0,0,0,0,0,0,0
10596,0,0,0,0,0,0,0,0,0
10597,0,0,0,0,0,0,0,0,0
10598,0,0,0,0,0,0,0,0,0
10599,0,0,0,0,0,0,0,0,0
10600,0,0,0,0,0,0,0,0,0
10601,0,0,0,0,0,0,0,0,0
10602,0,0,0,0,0,0,0,0,0
10603,0,0,0,0,0,0,0,0,0
10604,0,0,0,0,0,0,0,0,0
10605,0,0,0,0,0,0,0,0,0
10606,0,0,0,0,0,0,0,0,0
10607,0,0,0,0,0,0,0,0,0
10608,0,0,0,0,0,0,0,0,0
10609,0,0,0,0,0,0,0,0,0
10610,0,0,0,0,0,0,0,0,0
10611,0,0,0,0,0,0,0,0,0
10612,0,0,0,0,0,0,0,0,0
10613,0,0,0,0,0,0,0,0,0
10614,0,0,0,0,0,0,0,0,0
10615,0,0,0,0,0,0,0,0,0
10616,0,0,0,0,0,0,0,0,0
10617,0,0,0,0,0,0,0,0,0
10618,0,0,0,0,0,0,0,0,0
10619,7.49173e-06,2.03661e-07,7.91162e-13,2.96741e-14,1.00911e-16,1.72578e-16,5.01383e-26,7.83687e-44,7.69539e-06
10620,0,0,0,0,0,0,0,0,0
10621,0,0,0,0,0,0,0,0,0
10622,0,0,0,0,0,0,0,0,0
10623,0,0,0,0,0,0,0,0,0
10624,0,0,0,0,0,0,0,0,0
10625,0,0,0,0,0,0,0,0,0
10626,0,0,0,0,0,0,0,0,0
10627,0,0,0,0,0,0,0,0,0
10628,4.27942e-06,8.90423e-08,1.50912e-15,4.80346e-17,1.89676e-19,3.25175e-19,2.07269e-28,2.80886e-46,4.36846e-06
10629,0,0,0,0,0,0,0,0,0
10630,0,0,0,0,0,0,0,0,0
10631,0,0,0,0,0,0,0,0,0
10632,0,0,0,0,0,0,0,0,0
10633,0,0,0,0,0,0,0,0,0
10634,0,0,0,0,0,0,0,0,0
10635,0,0,0,0,0,0,0,0,0
10636,0,0,0,0,0,0,0,0,0
10637,0,0,0,0,0,0,0,0,0
10638,0,0,0,0,0,0,0,0,0
10639,0,0,0,0,0,0,0,0,0
10640,0,0,0,0,0,0,0,0,0
10641,0,0,0,0,0,0,0,0,0
10642,0,0,0,0,0,0,0,0,0
10643,0,0,0,0,0,0,0,0,0
10644,0,0,0,0,0,0,0,0,0
10645,0,0,0,0,0,0,0,0,0
10646,0,0,0,0,0,0,0,0,0
10647,0,0,0,0,0,0,0,0,0
10648,0,0,0,0,0,0,0,0,0
10649,0,0,0,0,0,0,0,0,0
10650,0,0,0,0,0,0,0,0,0
10651,0,0,0,0,0,0,0,0,0
10652,0,0,0,0,0,0,0,0,0
10653,0,0,0,0,0,0,0,0,0
10654,0,0,0,0,0,0,0,0,0
10655,0,0,0,0,0,0,0,0,0
10656,0,0,0,0,0,0,0,0,0
10657,0,0,0,0,0,0,0,0,0
10658,0,0,0,0,0,0,0,0,0
10659,0,0,0,0,0,0,0,0,0
10660,9.61555e-07,3.15676e-09,1.00126e-13,3.94641e-15,1.11247e-17,1.86898e-17,1.37082e-27,1.0261e-45,9.64712e-07
10661,0,0,0,0,0,0,0,0,0
10662,0,0,0,0,0,0,0,0,0
10663,0,0,0,0,0,0,0,0,0
10664,0,0,0,0,0,0,0,0,0
10665,0,0,0,0,0,0,0,0,0
10666,0,0,0,0,0,0,0,0,0
10667,0,0,0,0,0,0,0,0,0
10668,2.97725e-05,9.44467e-07,6.17386e-10,2.94814e-11,1.45488e-13,3.53717e-13,1.9168e-22,3.62998e-40,3.07176e-05
10669,0,0,0,0,0,0,0,0,0
10670,0,0,0,0,0,0,0,0,0
10671,0,0,0,0,0,0,0,0,0
10672,0,0,0,0,0,0,0,0,0
10673,0,0,0,0,0,0,0,0,0
10674,0,0,0,0,0,0,0,0,0
10675,3.37623e-06,4.83882e-08,1.20249e-12,4.70132e-14,1.5004e-16,1.15831e-16,1.22627e-26,9.96843e-45,3.42462e-06
10676,1.00753e-06,8.24006e-09,3.96995e-21,1.2416e-22,3.44173e-25,6.31521e-25,1.41368e-34,1.47253e-52,1.01577e-06
10677,0,0,0,0,0,0,0,0,0
10678,0,0,0,0,0,0,0,0,0
10679,6.39135e-07,3.47101e-09,4.72609e-17,1.46032e-18,4.36203e-21,3.55745e-21,2.31326e-31,6.94495e-50,6.42606e-07
10680,0,0,0,0,0,0,0,0,0
10681,0,0,0,0,0,0,0,0,0
10682,0,0,0,0,0,0,0,0,0
10683,0,0,0,0,0,0,0,0,0
10684,0,0,0,0,0,0,0,0,0
10685,0,0,0,0,0,0,0,0,0
10686,0,0,0,0,0,0,0,0,0
10687,0,0,0,0,0,0,0,0,0
10688,0,0,0,0,0,0,0,0,0
10689,1.67939e-05,3.45401e-07,5.51081e-10,2.53738e-11,1.45904e-13,1.16965e-13,3.22463e-23,2.42062e-41,1.71398e-05
10690,0,0,0,0,0,0,0,0,0
10691,0,0,0,0,0,0,0,0,0
10692,0,0,0,0,0,0,0,0,0
10693,0,0,0,0,0,0,0,0,0
10694,0,0,0,0,0,0,0,0,0
10695,0,0,0,0,0,0,0,0,0
10696,0,0,0,0,0,0,0,0,0
10697,0,0,0,0,0,0,0,0,0
10698,0,0,0,0,0,0,0,0,0
10699,0,0,0,0,0,0,0,0,0
10700,0,0,0,0,0,0,0,0,0
10701,3.68388e-06,6.21436e-08,2.61109e-16,8.55429e-18,2.70431e-20,8.07459e-20,2.12651e-29,2.05689e-47,3.74602e-06
10702,0,0,0,0,0,0,0,0,0
10703,0,0,0,0,0,0,0,0,0
10704,0,0,0,0,0,0,0,0,0
10705,0,0,0,0,0,0,0,0,0
10706,1.36974e-05,3.34607e-07,1.9049e-10,8.29768e-12,2.80619e-14,9.26869e-14,1.41679e-23,1.61087e-41,1.40322e-05
10707,0,0,0,0,0,0,0,0,0
10708,0,0,0,0,0,0,0,0,0
10709,0,0,0,0,0,0,0,0,0
10710,0,0,0,0,0,0,0,0,0
10711,0,0,0,0,0,0,0,0,0
10712,0,0,0,0,0,0,0,0,0
10713,2.01891e-05,1.25506e-06,5.46229e-09,2.09867e-10,5.309e-13,2.48505e-12,5.52959e-22,1.0002e-39,2.14498e-05
10714,0,0,0,0,0,0,0,0,0
10715,0,0,0,0,0,0,0,0,0
10716,0,0,0,0,0,0,0,0,0
10717,0,0,0,0,0,0,0,0,0
10718,0,0,0,0,0,0,0,0,0
10719,0,0,0,0,0,0,0,0,0
10720,8.50369e-06,4.03978e-07,1.13908e-09,3.87325e-11,8.05173e-14,2.11057e-13,1.63357e-23,1.40019e-41,8.90884e-06
10721,0,0,0,0,0,0,0,0,0
10722,0,0,0,0,0,0,0,0,0
10723,0,0,0,0,0,0,0,0,0
10724,0,0,0,0,0,0,0,0,0
10725,0,0,0,0,0,0,0,0,0
10726,0,0,0,0,0,0,0,0,0
10727,0,0,0,0,0,0,0,0,0
10728,0,0,0,0,0,0,0,0,0
10729,0,0,0,0,0,0,0,0,0
10730,0,0,0,0,0,0,0,0,0
10731,0,0,0,0,0,0,0,0,0
10732,0,0,0,0,0,0,0,0,0
10733,0,0,0,0,0,0,0,0,0
10734,0,0,0,0,0,0,0,0,0
10735,0,0,0,0,0,0,0,0,0
10736,0,0,0,0,0,0,0,0,0
10737,0,0,0,0,0,0,0,0,0
10738,0,0,0,0,0,0,0,0,0
10739,0,0,0,0,0,0,0,0,0
10740,0,0,0,0,0,0,0,0,0
10741,0,0,0,0,0,0,0,0,0
10742,0,0,0,0,0,0,0,0,0
10743,0,0,0,0,0,0,0,0,0
10744,0,0,0,0,0,0,0,0,0
10745,0,0,0,0,0,0,0,0,0
10746,0,0,0,0,0,0,0,0,0
10747,0,0,0,0,0,0,0,0,0
10748,0,0,0,0,0,0,0,0,0
10749,0,0,0,0,0,0,0,0,0
10750,3.34022e-06,3.97402e-08,4.26114e-18,1.65605e-19,7.09183e-22,3.73707e-22,7.77119e-32,4.71307e-50,3.37996e-06
10751,0,0,0,0,0,0,0,0,0
10752,0,0,0,0,0,0,0,0,0
10753,0,0,0,0,0,0,0,0,0
10754,9.25579e-07,8.48245e-09,8.18734e-17,2.32422e-18,6.23053e-21,8.65844e-21,1.01808e-30,4.68844e-49,9.34061e-07
10755,0,0,0,0,0,0,0,0,0
10756,0,0,0,0,0,0,0,0,0
10757,0,0,0,0,0,0,0,0,0
10758,0,0,0,0,0,0,0,0,0
10759,0,0,0,0,0,0,0,0,0
10760,0,0,0,0,0,0,0,0,0
10761,0,0,0,0,0,0,0,0,0
10762,0,0,0,0,0,0,0,0,0
10763,0,0,0,0,0,0,0,0,0
10764,0,0,0,0,0,0,0,0,0
10765,0,0,0,0,0,0,0,0,0
10766,0,0,0,0,0,0,0,0,0
10767,0,0,0,0,0,0,0,0,0
10768,0,0,0,0,0,0,0,0,0
10769,0,0,0,0,0,0,0,0,0
10770,0,0,0,0,0,0,0,0,0
10771,0,0,0,0,0,0,0,0,0
10772,0,0,0,0,0,0,0,0,0
10773,0,0,0,0,0,0,0,0,0
10774,0,0,0,0,0,0,0,0,0
10775,0,0,0,0,0,0,0,0,0
10776,0,0,0,0,0,0,0,0,0
10777,0,0,0,0,0,0,0,0,0
10778,0,0,0,0,0,0,0,0,0
10779,0,0,0,0,0,0,0,0,0
10780,0,0,0,0,0,0,0,0,0
10781,0,0,0,0,0,0,0,0,0
10782,0,0,0,0,0,0,0,0,0
10783,3.72247e-05,1.86293e-06,8.08485e-09,3.42319e-10,1.59971e-12,2.95809e-12,7.04151e-22,4.54928e-40,3.90961e-05
10784,0,0,0,0,0,0,0,0,0
10785,0,0,0,0,0,0,0,0,0
10786,0,0,0,0,0,0,0,0,0
10787,0,0,0,0,0,0,0,0,0
10788,0,0,0,0,0,0,0,0,0
10789,0,0,0,0,0,0,0,0,0
10790,0,0,0,0,0,0,0,0,0
10791,2.39758e-05,1.37452e-06,5.8947e-09,2.05127e-10,7.50259e-13,2.81436e-12,9.23072e-22,7.22893e-40,2.53564e-05
10792,0,0,0,0,0,0,0,0,0
10793,0,0,0,0,0,0,0,0,0
10794,0,0,0,0,0,0,0,0,0
10795,0,0,0,0,0,0,0,0,0
10796,0,0,0,0,0,0,0,0,0
10797,0,0,0,0,0,0,0,0,0
10798,0,0,0,0,0,0,0,0,0
10799,0,0,0,0,0,0,0,0,0
10800,0,0,0,0,0,0,0,0,0
10801,0,0,0,0,0,0,0,0,0
10802,0,0,0,0,0,0,0,0,0
10803,0,0,0,0,0,0,0,0,0
10804,0,0,0,0,0,0,0,0,0
10805,0,0,0,0,0,0,0,0,0
10806,0,0,0,0,0,0,0,0,0
10807,0,0,0,0,0,0,0,0,0
10808,0,0,0,0,0,0,0,0,0
10809,0,0,0,0,0,0,0,0,0
10810,0,0,0,0,0,0,0,0,0
10811,0,0,0,0,0,0,0,0,0
10812,0,0,0,0,0,0,0,0,0
10813,9.71007e-07,8.66945e-09,3.5811e-18,1.14203e-19,2.99231e-22,3.0534e-22,3.99092e-32,2.27807e-50,9.79677e-07
10814,0,0,0,0,0,0,0,0,0
10815,0,0,0,0,0,0,0,0,0
10816,0,0,0,0,0,0,0,0,0
10817,0,0,0,0,0,0,0,0,0
10818,4.92682e-05,3.11918e-06,1.73353e-08,8.15267e-10,3.20215e-12,7.62703e-12,2.63707e-21,3.56762e-39,5.24055e-05
10819,1.27078e-06,5.17386e-09,3.36312e-14,1.04137e-15,2.18725e-18,5.82638e-18,7.74066e-28,5.83568e-46,1.27595e-06
10820,0,0,0,0,0,0,0,0,0
10821,1.15363e-05,2.84579e-07,2.31256e-10,9.68149e-12,3.59159e-14,5.73461e-14,1.12561e-23,8.52128e-42,1.18211e-05
10822,0,0,0,0,0,0,0,0,0
10823,0,0,0,0,0,0,0,0,0
10824,0,0,0,0,0,0,0,0,0
10825,0,0,0,0,0,0,0,0,0
10826,0,0,0,0,0,0,0,0,0
10827,0,0,0,0,0,0,0,0,0
10828,0,0,0,0,0,0,0,0,0
10829,0,0,0,0,0,0,0,0,0
10830,6.61847e-06,2.37216e-07,5.08448e-10,1.58852e-11,4.70152e-14,4.51717e-14,2.27192e-24,4.67545e-43,6.85621e-06
10831,0,0,0,0,0,0,0,0,0
10832,0,0,0,0,0,0,0,0,0
10833,0,0,0,0,0,0,0,0,0
10834,0,0,0,0,0,0,0,0,0
10835,0,0,0,0,0,0,0,0,0
10836,0,0,0,0,0,0,0,0,0
10837,0,0,0,0,0,0,0,0,0
10838,0,0,0,0,0,0,0,0,0
10839,0,0,0,0,0,0,0,0,0
10840,0,0,0,0,0,0,0,0,0
10841,0,0,0,0,0,0,0,0,0
10842,0,0,0,0,0,0,0,0,0
10843,0,0,0,0,0,0,0,0,0
10844,0,0,0,0,0,0,0,0,0
10845,0,0,0,0,0,0,0,0,0
10846,0,0,0,0,0,0,0,0,0
10847,0,0,0,0,0,0,0,0,0
10848,0,0,0,0,0,0,0,0,0
10849,0,0,0,0,0,0,0,0,0
10850,0,0,0,0,0,0,0,0,0
10851,0,0,0,0,0,0,0,0,0
10852,0,0,0,0,0,0,0,0,0
10853,0,0,0,0,0,0,0,0,0
10854,0,0,0,0,0,0,0,0,0
10855,0,0,0,0,0,0,0,0,0
10856,0,0,0,0,0,0,0,0,0
10857,0,0,0,0,0,0,0,0,0
10858,4.94032e-06,1.04884e-07,2.49679e-10,8.42843e-12,2.63873e-14,4.45041e-14,1.02749e-23,6.43657e-42,5.04546e-06
10859,0,0,0,0,0,0,0,0,0
10860,0,0,0,0,0,0,0,0,0
10861,0,0,0,0,0,0,0,0,0
10862,0,0,0,0,0,0,0,0,0
10863,0.000198881,1.10153e-05,7.95428e-08,5.39604e-09,4.65124e-11,3.00068e-11,1.40397e-20,1.16206e-38,0.000209981
10864,0,0,0,0,0,0,0,0,0
10865,0,0,0,0,0,0,0,0,0
10866,0,0,0,0,0,0,0,0,0
10867,0,0,0,0,0,0,0,0,0
10868,0,0,0,0,0,0,0,0,0
10869,0,0,0,0,0,0,0,0,0
10870,0,0,0,0,0,0,0,0,0
10871,0,0,0,0,0,0,0,0,0
10872,0,0,0,0,0,0,0,0,0
10873,0,0,0,0,0,0,0,0,0
10874,0,0,0,0,0,0,0,0,0
10875,0,0,0,0,0,0,0,0,0
10876,0,0,0,0,0,0,0,0,0
10877,0,0,0,0,0,0,0,0,0
10878,0,0,0,0,0,0,0,0,0
10879,0,0,0,0,0,0,0,0,0
10880,9.95055e-07,1.36188e-08,5.76701e-11,1.60484e-12,3.39537e-15,2.1874e-15,1.98079e-25,7.44972e-44,1.00873e-06
10881,0,0,0,0,0,0,0,0,0
10882,0,0,0,0,0,0,0,0,0
10883,0,0,0,0,0,0,0,0,0
10884,3.24293e-06,5.91682e-08,2.93213e-13,9.06093e-15,1.97541e-17,7.71218e-17,2.78436e-27,6.74088e-46,3.3021e-06
10885,0,0,0,0,0,0,0,0,0
10886,0,0,0,0,0,0,0,0,0
10887,2.07565e-06,2.35763e-08,3.85107e-17,1.22813e-18,2.63455e-21,2.45262e-20,4.91842e-30,4.48277e-48,2.09923e-06
10888,0,0,0,0,0,0,0,0,0
10889,8.83064e-07,6.12045e-09,8.6044e-18,2.50099e-19,4.44866e-22,3.42481e-21,1.64889e-31,6.02951e-50,8.89185e-07
10890,0,0,0,0,0,0,0,0,0
10891,0,0,0,0,0,0,0,0,0
10892,0,0,0,0,0,0,0,0,0
10893,0,0,0,0,0,0,0,0,0
10894,0,0,0,0,0,0,0,0,0
10895,0,0,0,0,0,0,0,0,0
10896,0,0,0,0,0,0,0,0,0
10897,0,0,0,0,0,0,0,0,0
10898,0,0,0,0,0,0,0,0,0
10899,0,0,0,0,0,0,0,0,0
10900,0,0,0,0,0,0,0,0,0
10901,3.86808e-05,3.01911e-06,1.8056e-08,6.65521e-10,1.7406e-12,1.76364e-11,9.51042e-21,1.44202e-38,4.17187e-05
10902,0,0,0,0,0,0,0,0,0
10903,0,0,0,0,0,0,0,0,0
10904,0,0,0,0,0,0,0,0,0
10905,0,0,0,0,0,0,0,0,0
10906,0,0,0,0,0,0,0,0,0
10907,0,0,0,0,0,0,0,0,0
10908,0,0,0,0,0,0,0,0,0
10909,0,0,0,0,0,0,0,0,0
10910,0,0,0,0,0,0,0,0,0
10911,0,0,0,0,0,0,0,0,0
10912,0,0,0,0,0,0,0,0,0
10913,0,0,0,0,0,0,0,0,0
10914,8.16963e-06,1.05154e-07,1.17577e-09,4.49739e-11,1.51633e-13,9.04786e-13,1.72552e-22,9.833e-41,8.27601e-06
10915,0,0,0,0,0,0,0,0,0
10916,0,0,0,0,0,0,0,0,0
10917,0,0,0,0,0,0,0,0,0
10918,0,0,0,0,0,0,0,0,0
10919,0,0,0,0,0,0,0,0,0
10920,0,0,0,0,0,0,0,0,0
10921,0,0,0,0,0,0,0,0,0
10922,0,0,0,0,0,0,0,0,0
10923,0,0,0,0,0,0,0,0,0
10924,0,0,0,0,0,0,0,0,0
10925,0,0,0,0,0,0,0,0,0
10926,0,0,0,0,0,0,0,0,0
10927,0,0,0,0,0,0,0,0,0
10928,0,0,0,0,0,0,0,0,0
10929,0,0,0,0,0,0,0,0,0
10930,0,0,0,0,0,0,0,0,0
10931,3.26155e-06,1.02139e-07,4.39364e-12,1.411e-13,2.67893e-16,3.28772e-16,1.86045e-26,7.8364e-45,3.3637e-06
10932,9.28665e-06,1.38385e-07,1.99403e-13,8.27501e-15,3.64777e-17,6.89716e-17,1.22423e-26,4.64174e-45,9.42504e-06
10933,0,0,0,0,0,0,0,0,0
10934,0,0,0,0,0,0,0,0,0
10935,0,0,0,0,0,0,0,0,0
10936,9.32393e-06,1.56189e-07,1.43356e-11,5.51864e-13,2.43751e-15,5.68478e-15,1.60542e-24,6.94575e-43,9.48014e-06
10937,0,0,0,0,0,0,0,0,0
10938,0,0,0,0,0,0,0,0,0
10939,0,0,0,0,0,0,0,0,0
10940,0,0,0,0,0,0,0,0,0
10941,0,0,0,0,0,0,0,0,0
10942,0,0,0,0,0,0,0,0,0
10943,0,0,0,0,0,0,0,0,0
10944,0,0,0,0,0,0,0,0,0
10945,0,0,0,0,0,0,0,0,0
10946,0,0,0,0,0,0,0,0,0
10947,0,0,0,0,0,0,0,0,0
10948,0,0,0,0,0,0,0,0,0
10949,0,0,0,0,0,0,0,0,0
10950,0,0,0,0,0,0,0,0,0
10951,8.3741e-07,6.44672e-09,2.47983e-21,7.51226e-23,1.87137e-25,3.28865e-25,5.73916e-35,2.73367e-53,8.43857e-07
10952,0,0,0,0,0,0,0,0,0
10953,0,0,0,0,0,0,0,0,0
10954,0,0,0,0,0,0,0,0,0
10955,0,0,0,0,0,0,0,0,0
10956,0,0,0,0,0,0,0,0,0
10957,0,0,0,0,0,0,0,0,0
10958,1.4214e-06,1.13269e-09,4.92629e-10,1.54833e-11,4.543e-14,1.5366e-13,1.39397e-23,3.26066e-42,1.42304e-06
10959,0,0,0,0,0,0,0,0,0
10960,0,0,0,0,0,0,0,0,0
10961,0,0,0,0,0,0,0,0,0
10962,0,0,0,0,0,0,0,0,0
10963,0,0,0,0,0,0,0,0,0
10964,0,0,0,0,0,0,0,0,0
10965,0,0,0,0,0,0,0,0,0
10966,0,0,0,0,0,0,0,0,0
10967,0,0,0,0,0,0,0,0,0
10968,0,0,0,0,0,0,0,0,0
10969,0,0,0,0,0,0,0,0,0
10970,0,0,0,0,0,0,0,0,0
10971,0,0,0,0,0,0,0,0,0
10972,0,0,0,0,0,0,0,0,0
10973,0,0,0,0,0,0,0,0,0
10974,0,0,0,0,0,0,0,0,0
10975,0,0,0,0,0,0,0,0,0
10976,0,0,0,0,0,0,0,0,0
10977,0,0,0,0,0,0,0,0,0
10978,0,0,0,0,0,0,0,0,0
10979,0,0,0,0,0,0,0,0,0
10980,0,0,0,0,0,0,0,0,0
10981,0,0,0,0,0,0,0,0,0
10982,0,0,0,0,0,0,0,0,0
10983,0,0,0,0,0,0,0,0,0
10984,0,0,0,0,0,0,0,0,0
10985,0,0,0,0,0,0,0,0,0
10986,0,0,0,0,0,0,0,0,0
10987,0,0,0,0,0,0,0,0,0
10988,0,0,0,0,0,0,0,0,0
10989,0,0,0,0,0,0,0,0,0
10990,0,0,0,0,0,0,0,0,0
10991,2.86652e-05,1.48018e-06,5.99426e-09,2.25806e-10,5.93835e-13,5.91204e-12,7.19603e-22,3.52926e-40,3.01517e-05
10992,0,0,0,0,0,0,0,0,0
10993,0,0,0,0,0,0,0,0,0
10994,0,0,0,0,0,0,0,0,0
10995,0,0,0,0,0,0,0,0,0
10996,0,0,0,0,0,0,0,0,0
10997,0,0,0,0,0,0,0,0,0
10998,0,0,0,0,0,0,0,0,0
10999,0,0,0,0,0,0,0,0,0
11000,0,0,0,0,0,0,0,0,0
11001,0,0,0,0,0,0,0,0,0
11002,0,0,0,0,0,0,0,0,0
11003,0,0,0,0,0,0,0,0,0
11004,0,0,0,0,0,0,0,0,0
11005,0,0,0,0,0,0,0,0,0
11006,3.17576e-06,3.36059e-09,1.61826e-10,8.43679e-12,5.24334e-14,2.91401e-14,1.14815e-23,5.23259e-42,3.17929e-06
11007,0,0,0,0,0,0,0,0,0
11008,0,0,0,0,0,0,0,0,0
11009,0,0,0,0,0,0,0,0,0
11010,0,0,0,0,0,0,0,0,0
11011,0,0,0,0,0,0,0,0,0
11012,0,0,0,0,0,0,0,0,0
11013,0,0,0,0,0,0,0,0,0
11014,0,0,0,0,0,0,0,0,0
11015,7.6998e-06,1.64741e-07,2.53326e-13,8.90022e-15,2.72332e-17,9.96598e-17,9.79659e-27,2.58878e-45,7.86454e-06
11016,0,0,0,0,0,0,0,0,0
11017,0,0,0,0,0,0,0,0,0
11018,0,0,0,0,0,0,0,0,0
11019,0,0,0,0,0,0,0,0,0
11020,1.93835e-05,6.94158e-07,1.87261e-10,6.90164e-12,2.17741e-14,1.52689e-13,2.08793e-23,7.37217e-42,2.00779e-05
11021,0,0,0,0,0,0,0,0,0
11022,0,0,0,0,0,0,0,0,0
11023,0,0,0,0,0,0,0,0,0
11024,0,0,0,0,0,0,0,0,0
11025,0,0,0,0,0,0,0,0,0
11026,0,0,0,0,0,0,0,0,0
11027,0,0,0,0,0,0,0,0,0
11028,0,0,0,0,0,0,0,0,0
11029,0,0,0,0,0,0,0,0,0
11030,0,0,0,0,0,0,0,0,0
11031,0,0,0,0,0,0,0,0,0
11032,2.55353e-05,1.04515e-06,3.45461e-09,1.22901e-10,5.86681e-13,8.65582e-13,1.13378e-22,1.45749e-41,2.6584e-05
11033,0,0,0,0,0,0,0,0,0
11034,0,0,0,0,0,0,0,0,0
11035,0,0,0,0,0,0,0,0,0
11036,0,0,0,0,0,0,0,0,0
11037,0,0,0,0,0,0,0,0,0
11038,0,0,0,0,0,0,0,0,0
11039,0,0,0,0,0,0,0,0,0
11040,5.73886e-06,1.3549e-07,1.87649e-10,6.77774e-12,1.69284e-14,9.24285e-15,5.6148e-27,4.95229e-44,5.87454e-06
11041,0,0,0,0,0,0,0,0,0
11042,0,0,0,0,0,0,0,0,0
11043,0,0,0,0,0,0,0,0,0
11044,0,0,0,0,0,0,0,0,0
11045,0,0,0,0,0,0,0,0,0
11046,0,0,0,0,0,0,0,0,0
11047,0,0,0,0,0,0,0,0,0
11048,0,0,0,0,0,0,0,0,0
11049,0,0,0,0,0,0,0,0,0
11050,1.14402e-06,1.22408e-08,5.72778e-16,1.58937e-17,3.80573e-20,6.76558e-20,6.33035e-30,1.31375e-48,1.15626e-06
11051,0,0,0,0,0,0,0,0,0
11052,0,0,0,0,0,0,0,0,0
11053,1.47752e-06,8.96119e-09,4.56487e-11,1.06813e-12,3.36465e-16,1.98347e-14,1.04227e-25,3.87633e-45,1.48653e-06
11054,0,0,0,0,0,0,0,0,0
11055,0,0,0,0,0,0,0,0,0
11056,0,0,0,0,0,0,0,0,0
11057,0,0,0,0,0,0,0,0,0
11058,0,0,0,0,0,0,0,0,0
11059,0,0,0,0,0,0,0,0,0
11060,0,0,0,0,0,0,0,0,0
11061,0,0,0,0,0,0,0,0,0
11062,0,0,0,0,0,0,0,0,0
11063,0,0,0,0,0,0,0,0,0
11064,0,0,0,0,0,0,0,0,0
11065,0,0,0,0,0,0,0,0,0
11066,0,0,0,0,0,0,0,0,0
11067,0,0,0,0,0,0,0,0,0
11068,0,0,0,0,0,0,0,0,0
11069,0,0,0,0,0,0,0,0,0
11070,0,0,0,0,0,0,0,0,0
11071,0,0,0,0,0,0,0,0,0
11072,0,0,0,0,0,0,0,0,0
11073,5.78047e-06,8.26024e-08,4.26177e-17,1.59452e-18,5.45241e-21,1.21682e-20,1.1925e-30,2.46442e-49,5.86307e-06
11074,0,0,0,0,0,0,0,0,0
11075,0,0,0,0,0,0,0,0,0
11076,0,0,0,0,0,0,0,0,0
11077,0,0,0,0,0,0,0,0,0
11078,0,0,0,0,0,0,0,0,0
11079,0,0,0,0,0,0,0,0,0
11080,0,0,0,0,0,0,0,0,0
11081,0,0,0,0,0,0,0,0,0
11082,2.88556e-06,7.18855e-08,9.25069e-12,2.61509e-13,4.60262e-16,1.17943e-15,1.87333e-26,1.38789e-45,2.95746e-06
11083,0,0,0,0,0,0,0,0,0
11084,0,0,0,0,0,0,0,0,0
11085,0,0,0,0,0,0,0,0,0
11086,0,0,0,0,0,0,0,0,0
11087,0,0,0,0,0,0,0,0,0
11088,0,0,0,0,0,0,0,0,0
11089,0,0,0,0,0,0,0,0,0
11090,0,0,0,0,0,0,0,0,0
11091,0,0,0,0,0,0,0,0,0
11092,0,0,0,0,0,0,0,0,0
11093,0,0,0,0,0,0,0,0,0
11094,0,0,0,0,0,0,0,0,0
11095,0,0,0,0,0,0,0,0,0
11096,0,0,0,0,0,0,0,0,0
11097,0,0,0,0,0,0,0,0,0
11098,0,0,0,0,0,0,0,0,0
11099,0,0,0,0,0,0,0,0,0
11100,0,0,0,0,0,0,0,0,0
11101,0,0,0,0,0,0,0,0,0
11102,0,0,0,0,0,0,0,0,0
11103,0,0,0,0,0,0,0,0,0
11104,9.21686e-07,9.59913e-09,3.54952e-19,9.96811e-21,1.78951e-23,4.88781e-23,2.83368e-33,6.26105e-52,9.31285e-07
11105,0,0,0,0,0,0,0,0,0
11106,0,0,0,0,0,0,0,0,0
11107,0,0,0,0,0,0,0,0,0
11108,0,0,0,0,0,0,0,0,0
11109,0,0,0,0,0,0,0,0,0
11110,0,0,0,0,0,0,0,0,0
11111,0,0,0,0,0,0,0,0,0
11112,0,0,0,0,0,0,0,0,0
11113,3.45212e-07,1.13854e-09,2.57075e-15,7.29507e-17,1.45581e-19,3.18427e-19,7.08284e-30,3.98339e-49,3.46351e-07
11114,1.02002e-06,1.64325e-08,1.22007e-15,3.31768e-17,5.41194e-20,7.12366e-20,3.5971e-30,8.37016e-49,1.03645e-06
11115,0,0,0,0,0,0,0,0,0
11116,0,0,0,0,0,0,0,0,0
11117,0,0,0,0,0,0,0,0,0
11118,0,0,0,0,0,0,0,0,0
11119,0,0,0,0,0,0,0,0,0
11120,0,0,0,0,0,0,0,0,0
11121,0,0,0,0,0,0,0,0,0
11122,0,0,0,0,0,0,0,0,0
11123,0,0,0,0,0,0,0,0,0
11124,0,0,0,0,0,0,0,0,0
11125,0,0,0,0,0,0,0,0,0
11126,0,0,0,0,0,0,0,0,0
11127,0,0,0,0,0,0,0,0,0
11128,0,0,0,0,0,0,0,0,0
11129,3.58419e-06,2.157e-08,6.64027e-13,2.90388e-14,1.11054e-16,1.80239e-16,1.96689e-26,4.58713e-45,3.60576e-06
11130,0,0,0,0,0,0,0,0,0
11131,0,0,0,0,0,0,0,0,0
11132,0,0,0,0,0,0,0,0,0
11133,0,0,0,0,0,0,0,0,0
11134,0,0,0,0,0,0,0,0,0
11135,0,0,0,0,0,0,0,0,0
11136,0,0,0,0,0,0,0,0,0
11137,1.28674e-05,3.58199e-07,3.46667e-11,1.29638e-12,4.324e-15,1.26731e-14,1.67921e-24,3.93297e-43,1.32256e-05
11138,0,0,0,0,0,0,0,0,0
11139,3.4795e-05,1.72934e-06,7.17981e-09,2.87726e-10,9.90894e-13,4.04136e-12,5.25873e-22,1.33054e-40,3.65318e-05
11140,0,0,0,0,0,0,0,0,0
11141,0,0,0,0,0,0,0,0,0
11142,0,0,0,0,0,0,0,0,0
11143,0,0,0,0,0,0,0,0,0
11144,0,0,0,0,0,0,0,0,0
11145,0,0,0,0,0,0,0,0,0
11146,0,0,0,0,0,0,0,0,0
11147,0,0,0,0,0,0,0,0,0
11148,0,0,0,0,0,0,0,0,0
11149,0,0,0,0,0,0,0,0,0
11150,0,0,0,0,0,0,0,0,0
11151,0,0,0,0,0,0,0,0,0
11152,0,0,0,0,0,0,0,0,0
11153,0,0,0,0,0,0,0,0,0
11154,0,0,0,0,0,0,0,0,0
11155,0,0,0,0,0,0,0,0,0
11156,0,0,0,0,0,0,0,0,0
11157,0,0,0,0,0,0,0,0,0
11158,0,0,0,0,0,0,0,0,0
11159,0,0,0,0,0,0,0,0,0
11160,0,0,0,0,0,0,0,0,0
11161,0,0,0,0,0,0,0,0,0
11162,0,0,0,0,0,0,0,0,0
11163,0,0,0,0,0,0,0,0,0
11164,0,0,0,0,0,0,0,0,0
11165,0,0,0,0,0,0,0,0,0
11166,0,0,0,0,0,0,0,0,0
11167,0,0,0,0,0,0,0,0,0
11168,0,0,0,0,0,0,0,0,0
11169,1.45098e-06,1.46032e-08,1.11833e-15,3.53516e-17,6.16285e-20,3.26124e-19,1.8125e-29,4.56055e-48,1.46558e-06
11170,0,0,0,0,0,0,0,0,0
11171,0,0,0,0,0,0,0,0,0
11172,0,0,0,0,0,0,0,0,0
11173,0,0,0,0,0,0,0,0,0
11174,0,0,0,0,0,0,0,0,0
11175,0,0,0,0,0,0,0,0,0
11176,0,0,0,0,0,0,0,0,0
11177,8.86397e-07,1.78288e-10,2.77654e-11,1.06841e-12,2.80758e-15,7.1202e-15,5.23852e-25,1.16146e-43,8.86604e-07
11178,0,0,0,0,0,0,0,0,0
11179,0,0,0,0,0,0,0,0,0
11180,2.31944e-06,6.03984e-08,4.96405e-12,9.56545e-14,2.09029e-16,6.79556e-16,3.05944e-26,7.44387e-46,2.37984e-06
11181,0,0,0,0,0,0,0,0,0
11182,0,0,0,0,0,0,0,0,0
11183,0,0,0,0,0,0,0,0,0
11184,0,0,0,0,0,0,0,0,0
11185,0,0,0,0,0,0,0,0,0
11186,0,0,0,0,0,0,0,0,0
11187,0,0,0,0,0,0,0,0,0
11188,0,0,0,0,0,0,0,0,0
11189,0,0,0,0,0,0,0,0,0
11190,0,0,0,0,0,0,0,0,0
11191,0,0,0,0,0,0,0,0,0
11192,0,0,0,0,0,0,0,0,0
11193,0,0,0,0,0,0,0,0,0
11194,0,0,0,0,0,0,0,0,0
11195,0,0,0,0,0,0,0,0,0
11196,0,0,0,0,0,0,0,0,0
11197,0,0,0,0,0,0,0,0,0
11198,0,0,0,0,0,0,0,0,0
11199,0,0,0,0,0,0,0,0,0
11200,0,0,0,0,0,0,0,0,0
11201,6.39368e-06,8.504e-08,1.47315e-10,5.6028e-12,1.63038e-14,4.334e-14,1.31991e-24,1.08394e-43,6.47887e-06
11202,0,0,0,0,0,0,0,0,0
11203,0,0,0,0,0,0,0,0,0
11204,0,0,0,0,0,0,0,0,0
11205,0,0,0,0,0,0,0,0,0
11206,0,0,0,0,0,0,0,0,0
11207,0,0,0,0,0,0,0,0,0
11208,0,0,0,0,0,0,0,0,0
11209,0,0,0,0,0,0,0,0,0
11210,0,0,0,0,0,0,0,0,0
11211,0,0,0,0,0,0,0,0,0
11212,0,0,0,0,0,0,0,0,0
11213,0,0,0,0,0,0,0,0,0
11214,0,0,0,0,0,0,0,0,0
11215,0,0,0,0,0,0,0,0,0
11216,0,0,0,0,0,0,0,0,0
11217,0,0,0,0,0,0,0,0,0
11218,0,0,0,0,0,0,0,0,0
11219,0,0,0,0,0,0,0,0,0
11220,0,0,0,0,0,0,0,0,0
11221,0,0,0,0,0,0,0,0,0
11222,0,0,0,0,0,0,0,0,0
11223,0,0,0,0,0,0,0,0,0
11224,0,0,0,0,0,0,0,0,0
11225,0,0,0,0,0,0,0,0,0
11226,0,0,0,0,0,0,0,0,0
11227,0,0,0,0,0,0,0,0,0
11228,0,0,0,0,0,0,0,0,0
11229,0,0,0,0,0,0,0,0,0
11230,0,0,0,0,0,0,0,0,0
11231,0,0,0,0,0,0,0,0,0
11232,0,0,0,0,0,0,0,0,0
11233,0,0,0,0,0,0,0,0,0
11234,0,0,0,0,0,0,0,0,0
11235,0,0,0,0,0,0,0,0,0
11236,1.87695e-06,2.6047e-08,3.47038e-13,1.0701e-14,2.02028e-17,3.44036e-17,1.44318e-27,1.73606e-46,1.903e-06
11237,0,0,0,0,0,0,0,0,0
11238,0,0,0,0,0,0,0,0,0
11239,4.21512e-06,1.23002e-07,1.94816e-10,6.1357e-12,1.30617e-14,8.65176e-15,8.30925e-26,2.51051e-45,4.33833e-06
11240,0,0,0,0,0,0,0,0,0
11241,0,0,0,0,0,0,0,0,0
11242,0,0,0,0,0,0,0,0,0
11243,0,0,0,0,0,0,0,0,0
11244,0,0,0,0,0,0,0,0,0
11245,0,0,0,0,0,0,0,0,0
11246,0,0,0,0,0,0,0,0,0
11247,0,0,0,0,0,0,0,0,0
11248,0,0,0,0,0,0,0,0,0
11249,0,0,0,0,0,0,0,0,0
11250,0,0,0,0,0,0,0,0,0
11251,0,0,0,0,0,0,0,0,0
11252,0,0,0,0,0,0,0,0,0
11253,0,0,0,0,0,0,0,0,0
11254,0,0,0,0,0,0,0,0,0
11255,0,0,0,0,0,0,0,0,0
11256,0,0,0,0,0,0,0,0,0
11257,0,0,0,0,0,0,0,0,0
11258,0,0,0,0,0,0,0,0,0
11259,9.76146e-06,3.79723e-07,3.56181e-14,1.02311e-15,1.79844e-18,4.22435e-17,6.61251e-27,1.93661e-45,1.01412e-05
11260,3.60711e-06,8.65712e-08,1.87282e-11,4.8212e-13,1.29368e-15,3.02035e-15,2.87821e-25,2.06575e-44,3.6937e-06
11261,0,0,0,0,0,0,0,0,0
11262,0,0,0,0,0,0,0,0,0
11263,0,0,0,0,0,0,0,0,0
11264,0,0,0,0,0,0,0,0,0
11265,0,0,0,0,0,0,0,0,0
11266,0,0,0,0,0,0,0,0,0
11267,0,0,0,0,0,0,0,0,0
11268,0,0,0,0,0,0,0,0,0
11269,0,0,0,0,0,0,0,0,0
11270,3.38415e-06,2.04033e-08,2.70974e-10,9.56811e-12,2.70275e-14,5.54426e-14,1.82545e-24,1.31358e-43,3.40483e-06
11271,0,0,0,0,0,0,0,0,0
11272,0,0,0,0,0,0,0,0,0
11273,0,0,0,0,0,0,0,0,0
11274,0,0,0,0,0,0,0,0,0
11275,0,0,0,0,0,0,0,0,0
11276,0,0,0,0,0,0,0,0,0
11277,0,0,0,0,0,0,0,0,0
11278,0,0,0,0,0,0,0,0,0
11279,0,0,0,0,0,0,0,0,0
11280,0,0,0,0,0,0,0,0,0
11281,0,0,0,0,0,0,0,0,0
11282,0,0,0,0,0,0,0,0,0
11283,0,0,0,0,0,0,0,0,0
11284,0,0,0,0,0,0,0,0,0
11285,0,0,0,0,0,0,0,0,0
11286,0,0,0,0,0,0,0,0,0
11287,0,0,0,0,0,0,0,0,0
11288,0,0,0,0,0,0,0,0,0
11289,0,0,0,0,0,0,0,0,0
11290,0,0,0,0,0,0,0,0,0
11291,0,0,0,0,0,0,0,0,0
11292,0,0,0,0,0,0,0,0,0
11293,0,0,0,0,0,0,0,0,0
11294,0,0,0,0,0,0,0,0,0
11295,0,0,0,0,0,0,0,0,0
11296,0,0,0,0,0,0,0,0,0
11297,0,0,0,0,0,0,0,0,0
11298,0,0,0,0,0,0,0,0,0
11299,0,0,0,0,0,0,0,0,0
11300,0,0,0,0,0,0,0,0,0
11301,0,0,0,0,0,0,0,0,0
11302,0,0,0,0,0,0,0,0,0
11303,0,0,0,0,0,0,0,0,0
11304,0,0,0,0,0,0,0,0,0
11305,0,0,0,0,0,0,0,0,0
11306,0,0,0,0,0,0,0,0,0
11307,0,0,0,0,0,0,0,0,0
11308,0,0,0,0,0,0,0,0,0
11309,0,0,0,0,0,0,0,0,0
11310,0,0,0,0,0,0,0,0,0
11311,0,0,0,0,0,0,0,0,0
11312,0,0,0,0,0,0,0,0,0
11313,0,0,0,0,0,0,0,0,0
11314,0,0,0,0,0,0,0,0,0
11315,0,0,0,0,0,0,0,0,0
11316,0,0,0,0,0,0,0,0,0
11317,6.822e-07,4.06353e-09,9.74906e-22,2.72491e-23,5.76108e-26,1.85747e-25,1.2138e-35,1.22884e-54,6.86264e-07
11318,0,0,0,0,0,0,0,0,0
11319,0,0,0,0,0,0,0,0,0
11320,0,0,0,0,0,0,0,0,0
11321,0,0,0,0,0,0,0,0,0
11322,0,0,0,0,0,0,0,0,0
11323,4.57949e-06,1.43602e-07,2.47206e-12,7.03552e-14,1.33859e-16,4.36201e-16,2.5899e-26,2.94456e-45,4.72309e-06
11324,0,0,0,0,0,0,0,0,0
11325,0,0,0,0,0,0,0,0,0
11326,0,0,0,0,0,0,0,0,0
11327,0,0,0,0,0,0,0,0,0
11328,0,0,0,0,0,0,0,0,0
11329,0,0,0,0,0,0,0,0,0
11330,0,0,0,0,0,0,0,0,0
11331,0,0,0,0,0,0,0,0,0
11332,0,0,0,0,0,0,0,0,0
11333,0,0,0,0,0,0,0,0,0
11334,0,0,0,0,0,0,0,0,0
11335,0,0,0,0,0,0,0,0,0
11336,0,0,0,0,0,0,0,0,0
11337,0,0,0,0,0,0,0,0,0
11338,0,0,0,0,0,0,0,0,0
11339,0,0,0,0,0,0,0,0,0
11340,0,0,0,0,0,0,0,0,0
11341,0,0,0,0,0,0,0,0,0
11342,0,0,0,0,0,0,0,0,0
11343,0,0,0,0,0,0,0,0,0
11344,0,0,0,0,0,0,0,0,0
11345,0,0,0,0,0,0,0,0,0
11346,0,0,0,0,0,0,0,0,0
11347,0,0,0,0,0,0,0,0,0
11348,0,0,0,0,0,0,0,0,0
11349,0,0,0,0,0,0,0,0,0
11350,0,0,0,0,0,0,0,0,0
11351,0,0,0,0,0,0,0,0,0
11352,0,0,0,0,0,0,0,0,0
11353,0,0,0,0,0,0,0,0,0
11354,0,0,0,0,0,0,0,0,0
11355,0,0,0,0,0,0,0,0,0
11356,0,0,0,0,0,0,0,0,0
11357,0,0,0,0,0,0,0,0,0
11358,0,0,0,0,0,0,0,0,0
11359,0,0,0,0,0,0,0,0,0
11360,0,0,0,0,0,0,0,0,0
11361,0,0,0,0,0,0,0,0,0
11362,0,0,0,0,0,0,0,0,0
11363,0,0,0,0,0,0,0,0,0
11364,0,0,0,0,0,0,0,0,0
11365,0,0,0,0,0,0,0,0,0
11366,0,0,0,0,0,0,0,0,0
11367,0,0,0,0,0,0,0,0,0
11368,0,0,0,0,0,0,0,0,0
11369,0,0,0,0,0,0,0,0,0
11370,0,0,0,0,0,0,0,0,0
11371,0,0,0,0,0,0,0,0,0
11372,0,0,0,0,0,0,0,0,0
11373,0,0,0,0,0,0,0,0,0
11374,0,0,0,0,0,0,0,0,0
11375,0,0,0,0,0,0,0,0,0
11376,0,0,0,0,0,0,0,0,0
11377,0,0,0,0,0,0,0,0,0
11378,0,0,0,0,0,0,0,0,0
11379,0,0,0,0,0,0,0,0,0
11380,0,0,0,0,0,0,0,0,0
11381,0,0,0,0,0,0,0,0,0
11382,0,0,0,0,0,0,0,0,0
11383,0,0,0,0,0,0,0,0,0
11384,0,0,0,0,0,0,0,0,0
11385,0,0,0,0,0,0,0,0,0
11386,0,0,0,0,0,0,0,0,0
11387,0,0,0,0,0,0,0,0,0
11388,0,0,0,0,0,0,0,0,0
11389,0,0,0,0,0,0,0,0,0
11390,0,0,0,0,0,0,0,0,0
11391,0,0,0,0,0,0,0,0,0
11392,0,0,0,0,0,0,0,0,0
11393,4.10762e-05,1.30644e-06,3.97546e-09,1.8742e-10,8.10123e-13,1.12965e-12,3.27613e-23,1.39285e-42,4.23868e-05
11394,0,0,0,0,0,0,0,0,0
11395,1.12182e-06,3.78504e-09,5.09453e-16,1.63802e-17,6.30223e-20,1.05287e-19,6.7645e-30,2.35588e-49,1.12561e-06
11396,0,0,0,0,0,0,0,0,0
11397,3.35508e-06,3.29361e-08,9.15153e-12,3.20249e-13,8.71696e-16,9.10429e-16,3.94919e-27,4.12812e-47,3.38803e-06
11398,1.59378e-06,4.06354e-08,4.23104e-11,6.93536e-13,1.52439e-15,1.14478e-15,1.36879e-26,2.52744e-47,1.63446e-06
11399,0,0,0,0,0,0,0,0,0
11400,0,0,0,0,0,0,0,0,0
11401,0,0,0,0,0,0,0,0,0
11402,0,0,0,0,0,0,0,0,0
11403,0,0,0,0,0,0,0,0,0
11404,0,0,0,0,0,0,0,0,0
11405,0,0,0,0,0,0,0,0,0
11406,0,0,0,0,0,0,0,0,0
11407,0,0,0,0,0,0,0,0,0
11408,0,0,0,0,0,0,0,0,0
11409,0,0,0,0,0,0,0,0,0
11410,0,0,0,0,0,0,0,0,0
11411,0,0,0,0,0,0,0,0,0
11412,0,0,0,0,0,0,0,0,0
11413,0,0,0,0,0,0,0,0,0
11414,0,0,0,0,0,0,0,0,0
11415,0,0,0,0,0,0,0,0,0
11416,0,0,0,0,0,0,0,0,0
11417,0,0,0,0,0,0,0,0,0
11418,0,0,0,0,0,0,0,0,0
11419,0,0,0,0,0,0,0,0,0
11420,0,0,0,0,0,0,0,0,0
11421,0,0,0,0,0,0,0,0,0
11422,0,0,0,0,0,0,0,0,0
11423,0,0,0,0,0,0,0,0,0
11424,0,0,0,0,0,0,0,0,0
11425,0,0,0,0,0,0,0,0,0
11426,0,0,0,0,0,0,0,0,0
11427,0,0,0,0,0,0,0,0,0
11428,0,0,0,0,0,0,0,0,0
11429,0,0,0,0,0,0,0,0,0
11430,0,0,0,0,0,0,0,0,0
11431,0,0,0,0,0,0,0,0,0
11432,0,0,0,0,0,0,0,0,0
11433,0,0,0,0,0,0,0,0,0
11434,0,0,0,0,0,0,0,0,0
11435,0,0,0,0,0,0,0,0,0
11436,0,0,0,0,0,0,0,0,0
11437,0,0,0,0,0,0,0,0,0
11438,0,0,0,0,0,0,0,0,0
11439,0,0,0,0,0,0,0,0,0
11440,0,0,0,0,0,0,0,0,0
11441,0,0,0,0,0,0,0,0,0
11442,0,0,0,0,0,0,0,0,0
11443,0,0,0,0,0,0,0,0,0
11444,0,0,0,0,0,0,0,0,0
11445,0,0,0,0,0,0,0,0,0
11446,0,0,0,0,0,0,0,0,0
11447,0,0,0,0,0,0,0,0,0
11448,0,0,0,0,0,0,0,0,0
11449,0,0,0,0,0,0,0,0,0
11450,0,0,0,0,0,0,0,0,0
11451,0,0,0,0,0,0,0,0,0
11452,0,0,0,0,0,0,0,0,0
11453,0,0,0,0,0,0,0,0,0
11454,0,0,0,0,0,0,0,0,0
11455,0,0,0,0,0,0,0,0,0
11456,0,0,0,0,0,0,0,0,0
11457,0,0,0,0,0,0,0,0,0
11458,0,0,0,0,0,0,0,0,0
11459,4.23421e-06,7.19202e-08,4.71332e-13,1.41359e-14,3.24167e-17,2.36746e-16,2.19037e-26,1.98225e-45,4.30613e-06
11460,0,0,0,0,0,0,0,0,0
11461,0,0,0,0,0,0,0,0,0
11462,0,0,0,0,0,0,0,0,0
11463,0,0,0,0,0,0,0,0,0
11464,0,0,0,0,0,0,0,0,0
11465,1.27515e-06,4.73121e-09,2.44951e-15,8.19409e-17,2.13904e-19,8.79048e-19,4.78348e-29,3.018e-48,1.27988e-06
11466,0,0,0,0,0,0,0,0,0
11467,5.39249e-06,2.86486e-07,7.5559e-10,1.6953e-11,2.26662e-14,4.11119e-13,2.48789e-23,2.12215e-42,5.67975e-06
11468,0,0,0,0,0,0,0,0,0
11469,0,0,0,0,0,0,0,0,0
11470,0,0,0,0,0,0,0,0,0
11471,0,0,0,0,0,0,0,0,0
11472,0,0,0,0,0,0,0,0,0
11473,0,0,0,0,0,0,0,0,0
11474,0,0,0,0,0,0,0,0,0
11475,0,0,0,0,0,0,0,0,0
11476,0,0,0,0,0,0,0,0,0
11477,0,0,0,0,0,0,0,0,0
11478,0,0,0,0,0,0,0,0,0
11479,0,0,0,0,0,0,0,0,0
11480,0,0,0,0,0,0,0,0,0
11481,0,0,0,0,0,0,0,0,0
11482,0,0,0,0,0,0,0,0,0
11483,0,0,0,0,0,0,0,0,0
11484,0,0,0,0,0,0,0,0,0
11485,0,0,0,0,0,0,0,0,0
11486,1.60531e-06,3.79372e-08,1.1407e-11,3.34045e-13,5.32222e-16,2.87578e-16,9.67722e-27,7.1155e-46,1.64326e-06
11487,0,0,0,0,0,0,0,0,0
11488,5.04644e-06,1.14154e-07,7.57769e-13,2.19475e-14,5.82378e-17,1.24501e-16,4.87322e-27,1.55172e-46,5.1606e-06
11489,0,0,0,0,0,0,0,0,0
11490,0,0,0,0,0,0,0,0,0
11491,2.56136e-06,3.33111e-08,5.49141e-17,1.42075e-18,2.49144e-21,1.56314e-20,6.9301e-31,4.17259e-50,2.59467e-06
11492,0,0,0,0,0,0,0,0,0
11493,0,0,0,0,0,0,0,0,0
11494,0,0,0,0,0,0,0,0,0
11495,0,0,0,0,0,0,0,0,0
11496,0,0,0,0,0,0,0,0,0
11497,0,0,0,0,0,0,0,0,0
11498,0,0,0,0,0,0,0,0,0
11499,0,0,0,0,0,0,0,0,0
11500,0,0,0,0,0,0,0,0,0
11501,0,0,0,0,0,0,0,0,0
11502,0,0,0,0,0,0,0,0,0
11503,0,0,0,0,0,0,0,0,0
11504,0,0,0,0,0,0,0,0,0
11505,0,0,0,0,0,0,0,0,0
11506,0,0,0,0,0,0,0,0,0
11507,0,0,0,0,0,0,0,0,0
11508,0,0,0,0,0,0,0,0,0
11509,5.14644e-05,1.88775e-06,6.76393e-09,3.1201e-10,1.32868e-12,2.86468e-12,1.27565e-22,5.39017e-42,5.33592e-05
11510,0,0,0,0,0,0,0,0,0
11511,0,0,0,0,0,0,0,0,0
11512,0,0,0,0,0,0,0,0,0
11513,0,0,0,0,0,0,0,0,0
11514,3.03777e-05,1.47288e-06,5.71926e-09,2.04107e-10,6.89687e-13,2.76887e-12,2.87497e-22,1.8176e-41,3.18565e-05
11515,0,0,0,0,0,0,0,0,0
11516,0,0,0,0,0,0,0,0,0
11517,0,0,0,0,0,0,0,0,0
11518,0,0,0,0,0,0,0,0,0
11519,0,0,0,0,0,0,0,0,0
11520,0,0,0,0,0,0,0,0,0
11521,0,0,0,0,0,0,0,0,0
11522,0,0,0,0,0,0,0,0,0
11523,0,0,0,0,0,0,0,0,0
11524,0,0,0,0,0,0,0,0,0
11525,0,0,0,0,0,0,0,0,0
11526,0,0,0,0,0,0,0,0,0
11527,0,0,0,0,0,0,0,0,0
11528,0,0,0,0,0,0,0,0,0
11529,0,0,0,0,0,0,0,0,0
11530,0,0,0,0,0,0,0,0,0
11531,0,0,0,0,0,0,0,0,0
11532,0,0,0,0,0,0,0,0,0
11533,0,0,0,0,0,0,0,0,0
11534,0,0,0,0,0,0,0,0,0
11535,0,0,0,0,0,0,0,0,0
11536,0,0,0,0,0,0,0,0,0
11537,0,0,0,0,0,0,0,0,0
11538,0,0,0,0,0,0,0,0,0
11539,0,0,0,0,0,0,0,0,0
11540,0,0,0,0,0,0,0,0,0
11541,0,0,0,0,0,0,0,0,0
11542,0,0,0,0,0,0,0,0,0
11543,0,0,0,0,0,0,0,0,0
11544,0,0,0,0,0,0,0,0,0
11545,0,0,0,0,0,0,0,0,0
11546,0,0,0,0,0,0,0,0,0
11547,0,0,0,0,0,0,0,0,0
11548,0,0,0,0,0,0,0,0,0
11549,0,0,0,0,0,0,0,0,0
11550,0,0,0,0,0,0,0,0,0
11551,0,0,0,0,0,0,0,0,0
11552,0,0,0,0,0,0,0,0,0
11553,0,0,0,0,0,0,0,0,0
11554,0,0,0,0,0,0,0,0,0
11555,0,0,0,0,0,0,0,0,0
11556,0,0,0,0,0,0,0,0,0
11557,0,0,0,0,0,0,0,0,0
11558,0,0,0,0,0,0,0,0,0
11559,0,0,0,0,0,0,0,0,0
11560,0,0,0,0,0,0,0,0,0
11561,0,0,0,0,0,0,0,0,0
11562,0,0,0,0,0,0,0,0,0
11563,0,0,0,0,0,0,0,0,0
11564,0,0,0,0,0,0,0,0,0
11565,0,0,0,0,0,0,0,0,0
11566,0,0,0,0,0,0,0,0,0
11567,0,0,0,0,0,0,0,0,0
11568,0,0,0,0,0,0,0,0,0
11569,0,0,0,0,0,0,0,0,0
11570,0,0,0,0,0,0,0,0,0
11571,0,0,0,0,0,0,0,0,0
11572,0,0,0,0,0,0,0,0,0
11573,0,0,0,0,0,0,0,0,0
11574,0,0,0,0,0,0,0,0,0
11575,0,0,0,0,0,0,0,0,0
11576,0,0,0,0,0,0,0,0,0
11577,0,0,0,0,0,0,0,0,0
11578,0,0,0,0,0,0,0,0,0
11579,0,0,0,0,0,0,0,0,0
11580,2.04326e-06,1.31454e-08,1.9201e-10,6.74841e-12,1.4626e-14,1.85685e-14,4.14511e-25,1.54826e-44,2.0566e-06
11581,0,0,0,0,0,0,0,0,0
11582,0,0,0,0,0,0,0,0,0
11583,0,0,0,0,0,0,0,0,0
11584,0,0,0,0,0,0,0,0,0
11585,0,0,0,0,0,0,0,0,0
11586,0,0,0,0,0,0,0,0,0
11587,0,0,0,0,0,0,0,0,0
11588,0,0,0,0,0,0,0,0,0
11589,0,0,0,0,0,0,0,0,0
11590,0,0,0,0,0,0,0,0,0
11591,0,0,0,0,0,0,0,0,0
11592,0,0,0,0,0,0,0,0,0
11593,0,0,0,0,0,0,0,0,0
11594,0,0,0,0,0,0,0,0,0
11595,0,0,0,0,0,0,0,0,0
11596,1.80165e-06,2.07251e-08,6.49034e-11,1.80211e-12,3.21796e-15,8.45851e-15,1.92581e-25,5.57068e-45,1.82244e-06
11597,0,0,0,0,0,0,0,0,0
11598,0,0,0,0,0,0,0,0,0
11599,1.17365e-06,1.72545e-08,2.80471e-16,6.52819e-18,7.50364e-21,8.10825e-20,5.66356e-30,4.45689e-49,1.19091e-06
11600,0,0,0,0,0,0,0,0,0
11601,0,0,0,0,0,0,0,0,0
11602,0,0,0,0,0,0,0,0,0
11603,0,0,0,0,0,0,0,0,0
11604,0,0,0,0,0,0,0,0,0
11605,0,0,0,0,0,0,0,0,0
11606,2.88661e-06,1.01404e-08,4.73055e-10,1.68274e-11,4.56641e-14,1.25583e-13,3.73371e-24,1.11665e-43,2.89724e-06
11607,0,0,0,0,0,0,0,0,0
11608,0,0,0,0,0,0,0,0,0
11609,0,0,0,0,0,0,0,0,0
11610,0,0,0,0,0,0,0,0,0
11611,0,0,0,0,0,0,0,0,0
11612,8.34932e-07,8.23449e-09,1.62507e-11,3.55765e-13,7.34084e-16,9.15839e-16,1.55501e-26,1.42124e-46,8.43183e-07
11613,0,0,0,0,0,0,0,0,0
11614,0,0,0,0,0,0,0,0,0
11615,0,0,0,0,0,0,0,0,0
11616,0,0,0,0,0,0,0,0,0
11617,0,0,0,0,0,0,0,0,0
11618,0,0,0,0,0,0,0,0,0
11619,0,0,0,0,0,0,0,0,0
11620,0,0,0,0,0,0,0,0,0
11621,0,0,0,0,0,0,0,0,0
11622,0,0,0,0,0,0,0,0,0
11623,0,0,0,0,0,0,0,0,0
11624,0,0,0,0,0,0,0,0,0
11625,0,0,0,0,0,0,0,0,0
11626,3.24813e-06,9.66488e-08,1.37327e-10,3.71717e-12,3.22907e-15,2.0433e-16,1.75449e-26,6.36615e-46,3.34492e-06
11627,0,0,0,0,0,0,0,0,0
11628,0,0,0,0,0,0,0,0,0
11629,0,0,0,0,0,0,0,0,0
11630,0,0,0,0,0,0,0,0,0
11631,0,0,0,0,0,0,0,0,0
11632,0,0,0,0,0,0,0,0,0
11633,0,0,0,0,0,0,0,0,0
11634,0,0,0,0,0,0,0,0,0
11635,0,0,0,0,0,0,0,0,0
11636,0,0,0,0,0,0,0,0,0
11637,0,0,0,0,0,0,0,0,0
11638,0,0,0,0,0,0,0,0,0
11639,0,0,0,0,0,0,0,0,0
11640,0,0,0,0,0,0,0,0,0
11641,0,0,0,0,0,0,0,0,0
11642,0,0,0,0,0,0,0,0,0
11643,0,0,0,0,0,0,0,0,0
11644,0,0,0,0,0,0,0,0,0
11645,0,0,0,0,0,0,0,0,0
11646,2.43309e-06,3.16118e-08,2.61216e-15,7.42453e-17,1.70554e-19,4.22861e-19,1.22014e-29,2.61726e-49,2.4647e-06
11647,0,0,0,0,0,0,0,0,0
11648,6.75289e-07,2.63462e-09,3.65612e-16,1.02532e-17,2.52689e-20,4.06391e-20,1.93297e-30,4.81961e-50,6.77924e-07
11649,0,0,0,0,0,0,0,0,0
11650,0,0,0,0,0,0,0,0,0
11651,0,0,0,0,0,0,0,0,0
11652,0,0,0,0,0,0,0,0,0
11653,1.01955e-05,4.01237e-07,9.9434e-10,3.25371e-11,7.38948e-14,1.24307e-13,3.35304e-24,9.25161e-44,1.05978e-05
11654,0,0,0,0,0,0,0,0,0
11655,0,0,0,0,0,0,0,0,0
11656,0,0,0,0,0,0,0,0,0
11657,0,0,0,0,0,0,0,0,0
11658,0,0,0,0,0,0,0,0,0
11659,0,0,0,0,0,0,0,0,0
11660,7.34663e-06,2.09442e-07,1.6898e-11,4.74808e-13,1.1147e-15,5.5963e-15,2.38084e-25,5.91315e-45,7.55609e-06
11661,0,0,0,0,0,0,0,0,0
11662,0,0,0,0,0,0,0,0,0
11663,0,0,0,0,0,0,0,0,0
11664,0,0,0,0,0,0,0,0,0
11665,0,0,0,0,0,0,0,0,0
11666,0,0,0,0,0,0,0,0,0
11667,0,0,0,0,0,0,0,0,0
11668,0,0,0,0,0,0,0,0,0
11669,0,0,0,0,0,0,0,0,0
11670,0,0,0,0,0,0,0,0,0
11671,0,0,0,0,0,0,0,0,0
11672,0,0,0,0,0,0,0,0,0
11673,0,0,0,0,0,0,0,0,0
11674,0,0,0,0,0,0,0,0,0
11675,0,0,0,0,0,0,0,0,0
11676,0,0,0,0,0,0,0,0,0
11677,0,0,0,0,0,0,0,0,0
11678,0,0,0,0,0,0,0,0,0
11679,0,0,0,0,0,0,0,0,0
11680,0,0,0,0,0,0,0,0,0
11681,0,0,0,0,0,0,0,0,0
11682,0,0,0,0,0,0,0,0,0
11683,0,0,0,0,0,0,0,0,0
11684,0,0,0,0,0,0,0,0,0
11685,0,0,0,0,0,0,0,0,0
11686,0,0,0,0,0,0,0,0,0
11687,0,0,0,0,0,0,0,0,0
11688,0,0,0,0,0,0,0,0,0
11689,0,0,0,0,0,0,0,0,0
11690,0,0,0,0,0,0,0,0,0
11691,0,0,0,0,0,0,0,0,0
11692,0,0,0,0,0,0,0,0,0
11693,0,0,0,0,0,0,0,0,0
11694,6.17149e-06,2.65786e-07,6.18074e-10,1.63258e-11,2.93939e-14,9.67634e-14,3.06756e-24,7.91793e-44,6.43791e-06
11695,0,0,0,0,0,0,0,0,0
11696,0,0,0,0,0,0,0,0,0
11697,0,0,0,0,0,0,0,0,0
11698,0,0,0,0,0,0,0,0,0
11699,0,0,0,0,0,0,0,0,0
11700,0,0,0,0,0,0,0,0,0
11701,0,0,0,0,0,0,0,0,0
11702,0,0,0,0,0,0,0,0,0
11703,0,0,0,0,0,0,0,0,0
11704,0,0,0,0,0,0,0,0,0
11705,0,0,0,0,0,0,0,0,0
11706,0,0,0,0,0,0,0,0,0
11707,9.68887e-06,2.87504e-07,7.68102e-12,2.3199e-13,5.38523e-16,3.65856e-15,1.86606e-25,5.71077e-45,9.97638e-06
11708,0,0,0,0,0,0,0,0,0
11709,0,0,0,0,0,0,0,0,0
11710,0,0,0,0,0,0,0,0,0
11711,0,0,0,0,0,0,0,0,0
11712,0,0,0,0,0,0,0,0,0
11713,0,0,0,0,0,0,0,0,0
11714,0,0,0,0,0,0,0,0,0
11715,0,0,0,0,0,0,0,0,0
11716,0,0,0,0,0,0,0,0,0
11717,0,0,0,0,0,0,0,0,0
11718,0,0,0,0,0,0,0,0,0
11719,0,0,0,0,0,0,0,0,0
11720,1.24611e-05,4.93316e-07,1.27711e-09,3.77999e-11,7.97745e-14,4.9306e-13,1.37061e-23,2.78442e-43,1.29557e-05
11721,0,0,0,0,0,0,0,0,0
11722,0,0,0,0,0,0,0,0,0
11723,0,0,0,0,0,0,0,0,0
11724,0,0,0,0,0,0,0,0,0
11725,0,0,0,0,0,0,0,0,0
11726,0,0,0,0,0,0,0,0,0
11727,0,0,0,0,0,0,0,0,0
11728,0,0,0,0,0,0,0,0,0
11729,0,0,0,0,0,0,0,0,0
11730,0,0,0,0,0,0,0,0,0
11731,0,0,0,0,0,0,0,0,0
11732,0,0,0,0,0,0,0,0,0
11733,0,0,0,0,0,0,0,0,0
11734,0,0,0,0,0,0,0,0,0
11735,0,0,0,0,0,0,0,0,0
11736,0,0,0,0,0,0,0,0,0
11737,0,0,0,0,0,0,0,0,0
11738,0,0,0,0,0,0,0,0,0
11739,0,0,0,0,0,0,0,0,0
11740,0,0,0,0,0,0,0,0,0
11741,4.4842e-06,6.56911e-08,1.19013e-17,4.0916e-19,1.35931e-21,1.20485e-21,1.12565e-31,3.3806e-51,4.54989e-06
11742,0,0,0,0,0,0,0,0,0
11743,0,0,0,0,0,0,0,0,0
11744,0,0,0,0,0,0,0,0,0
11745,1.06876e-06,1.61837e-08,1.49996e-15,3.29086e-17,4.70112e-20,2.57989e-19,7.48374e-30,1.58918e-49,1.08494e-06
11746,0,0,0,0,0,0,0,0,0
11747,0,0,0,0,0,0,0,0,0
11748,0,0,0,0,0,0,0,0,0
11749,0,0,0,0,0,0,0,0,0
11750,0,0,0,0,0,0,0,0,0
11751,0,0,0,0,0,0,0,0,0
11752,0,0,0,0,0,0,0,0,0
11753,0,0,0,0,0,0,0,0,0
11754,3.07171e-06,4.79984e-08,1.36774e-15,3.70162e-17,6.77825e-20,4.58662e-19,7.92135e-30,1.12969e-49,3.11971e-06
11755,1.93691e-06,1.68379e-08,1.45009e-10,4.80099e-12,9.18936e-15,1.15421e-14,2.48322e-25,6.21032e-45,1.9539e-06
11756,0,0,0,0,0,0,0,0,0
11757,0,0,0,0,0,0,0,0,0
11758,0,0,0,0,0,0,0,0,0
11759,0,0,0,0,0,0,0,0,0
11760,0,0,0,0,0,0,0,0,0
11761,0,0,0,0,0,0,0,0,0
11762,0,0,0,0,0,0,0,0,0
11763,0,0,0,0,0,0,0,0,0
11764,0,0,0,0,0,0,0,0,0
11765,0,0,0,0,0,0,0,0,0
11766,2.41187e-06,2.59927e-08,1.54677e-13,4.84082e-15,1.17156e-17,1.83065e-17,5.6961e-28,1.02504e-47,2.43786e-06
11767,0,0,0,0,0,0,0,0,0
11768,2.0818e-05,7.79098e-07,2.21581e-09,7.53991e-11,2.02709e-13,9.96024e-13,2.83022e-23,4.97391e-43,2.15994e-05
11769,0,0,0,0,0,0,0,0,0
11770,2.62652e-06,4.78361e-08,3.63601e-11,9.59147e-13,1.84857e-15,5.32183e-15,1.70133e-25,3.20281e-45,2.67439e-06
11771,0,0,0,0,0,0,0,0,0
11772,0,0,0,0,0,0,0,0,0
11773,0,0,0,0,0,0,0,0,0
11774,0,0,0,0,0,0,0,0,0
11775,0,0,0,0,0,0,0,0,0
11776,0,0,0,0,0,0,0,0,0
11777,0,0,0,0,0,0,0,0,0
11778,0,0,0,0,0,0,0,0,0
11779,0,0,0,0,0,0,0,0,0
11780,0,0,0,0,0,0,0,0,0
11781,0,0,0,0,0,0,0,0,0
11782,0,0,0,0,0,0,0,0,0
11783,0,0,0,0,0,0,0,0,0
11784,1.42377e-06,1.64984e-08,2.87289e-15,8.10121e-17,1.52964e-19,1.98234e-19,2.51031e-30,2.84042e-50,1.44027e-06
11785,0,0,0,0,0,0,0,0,0
11786,0,0,0,0,0,0,0,0,0
11787,0,0,0,0,0,0,0,0,0
11788,0,0,0,0,0,0,0,0,0
11789,0,0,0,0,0,0,0,0,0
11790,0,0,0,0,0,0,0,0,0
11791,6.73254e-06,1.5923e-07,1.25916e-12,3.82468e-14,8.53055e-17,3.07331e-16,6.37581e-27,8.21114e-47,6.89177e-06
11792,0,0,0,0,0,0,0,0,0
11793,5.5521e-06,3.52918e-08,2.29947e-11,9.22529e-13,3.22412e-15,6.03061e-15,1.62209e-25,2.25067e-45,5.58742e-06
11794,0,0,0,0,0,0,0,0,0
11795,0,0,0,0,0,0,0,0,0
11796,1.4019e-05,4.9065e-07,1.19742e-09,4.08725e-11,1.03556e-13,2.16392e-13,4.13858e-24,5.55657e-44,1.45109e-05
11797,0,0,0,0,0,0,0,0,0
11798,0,0,0,0,0,0,0,0,0
11799,0,0,0,0,0,0,0,0,0
11800,0,0,0,0,0,0,0,0,0
11801,0,0,0,0,0,0,0,0,0
11802,0,0,0,0,0,0,0,0,0
11803,0,0,0,0,0,0,0,0,0
11804,0,0,0,0,0,0,0,0,0
11805,0,0,0,0,0,0,0,0,0
11806,0,0,0,0,0,0,0,0,0
11807,0,0,0,0,0,0,0,0,0
11808,0,0,0,0,0,0,0,0,0
11809,0,0,0,0,0,0,0,0,0
11810,0,0,0,0,0,0,0,0,0
11811,0,0,0,0,0,0,0,0,0
11812,0,0,0,0,0,0,0,0,0
11813,0,0,0,0,0,0,0,0,0
11814,0,0,0,0,0,0,0,0,0
11815,0,0,0,0,0,0,0,0,0
11816,0,0,0,0,0,0,0,0,0
11817,0,0,0,0,0,0,0,0,0
11818,0,0,0,0,0,0,0,0,0
11819,0,0,0,0,0,0,0,0,0
11820,0,0,0,0,0,0,0,0,0
11821,0,0,0,0,0,0,0,0,0
11822,0,0,0,0,0,0,0,0,0
11823,0,0,0,0,0,0,0,0,0
11824,0,0,0,0,0,0,0,0,0
11825,0,0,0,0,0,0,0,0,0
11826,0,0,0,0,0,0,0,0,0
11827,0,0,0,0,0,0,0,0,0
11828,0,0,0,0,0,0,0,0,0
11829,0,0,0,0,0,0,0,0,0
11830,0,0,0,0,0,0,0,0,0
11831,0,0,0,0,0,0,0,0,0
11832,0,0,0,0,0,0,0,0,0
11833,0,0,0,0,0,0,0,0,0
11834,0,0,0,0,0,0,0,0,0
11835,0,0,0,0,0,0,0,0,0
11836,0,0,0,0,0,0,0,0,0
11837,0,0,0,0,0,0,0,0,0
11838,0,0,0,0,0,0,0,0,0
11839,0,0,0,0,0,0,0,0,0
11840,0,0,0,0,0,0,0,0,0
11841,0,0,0,0,0,0,0,0,0
11842,4.891e-06,1.35872e-07,1.65236e-12,4.82015e-14,1.01808e-16,1.88076e-16,8.12938e-27,1.68335e-46,5.02688e-06
11843,0,0,0,0,0,0,0,0,0
11844,0,0,0,0,0,0,0,0,0
11845,0,0,0,0,0,0,0,0,0
11846,0,0,0,0,0,0,0,0,0
11847,0,0,0,0,0,0,0,0,0
11848,0,0,0,0,0,0,0,0,0
11849,0,0,0,0,0,0,0,0,0
11850,9.81101e-06,1.72606e-07,2.04372e-10,7.34349e-12,1.90132e-14,9.01006e-14,3.08751e-24,6.05067e-44,9.98382e-06
11851,0,0,0,0,0,0,0,0,0
11852,0,0,0,0,0,0,0,0,0
11853,0,0,0,0,0,0,0,0,0
11854,0,0,0,0,0,0,0,0,0
11855,0,0,0,0,0,0,0,0,0
11856,0,0,0,0,0,0,0,0,0
11857,1.89759e-07,1.46019e-09,5.94924e-16,1.16019e-17,1.19047e-20,1.1636e-21,1.00328e-33,6.25084e-54,1.91219e-07
11858,0,0,0,0,0,0,0,0,0
11859,0,0,0,0,0,0,0,0,0
11860,0,0,0,0,0,0,0,0,0
11861,0,0,0,0,0,0,0,0,0
11862,0,0,0,0,0,0,0,0,0
11863,0,0,0,0,0,0,0,0,0
11864,0,0,0,0,0,0,0,0,0
11865,0,0,0,0,0,0,0,0,0
11866,0,0,0,0,0,0,0,0,0
11867,0,0,0,0,0,0,0,0,0
11868,0,0,0,0,0,0,0,0,0
11869,0,0,0,0,0,0,0,0,0
11870,0,0,0,0,0,0,0,0,0
11871,0,0,0,0,0,0,0,0,0
11872,0,0,0,0,0,0,0,0,0
11873,0,0,0,0,0,0,0,0,0
11874,0,0,0,0,0,0,0,0,0
11875,0,0,0,0,0,0,0,0,0
11876,6.9287e-07,5.75487e-09,1.28763e-17,3.01911e-19,3.90749e-22,1.77321e-21,1.39238e-32,1.08031e-52,6.98625e-07
11877,0,0,0,0,0,0,0,0,0
11878,0,0,0,0,0,0,0,0,0
11879,0,0,0,0,0,0,0,0,0
11880,1.41421e-06,1.11647e-08,2.85634e-15,7.31655e-17,9.88975e-20,7.10172e-19,6.93425e-30,5.16316e-50,1.42537e-06
11881,0,0,0,0,0,0,0,0,0
11882,0,0,0,0,0,0,0,0,0
11883,0,0,0,0,0,0,0,0,0
11884,0,0,0,0,0,0,0,0,0
11885,0,0,0,0,0,0,0,0,0
11886,0,0,0,0,0,0,0,0,0
11887,0,0,0,0,0,0,0,0,0
11888,0,0,0,0,0,0,0,0,0
11889,0,0,0,0,0,0,0,0,0
11890,0,0,0,0,0,0,0,0,0
11891,0,0,0,0,0,0,0,0,0
11892,0,0,0,0,0,0,0,0,0
11893,0,0,0,0,0,0,0,0,0
11894,0,0,0,0,0,0,0,0,0
11895,0,0,0,0,0,0,0,0,0
11896,0,0,0,0,0,0,0,0,0
11897,0,0,0,0,0,0,0,0,0
11898,0,0,0,0,0,0,0,0,0
11899,0,0,0,0,0,0,0,0,0
11900,0,0,0,0,0,0,0,0,0
11901,0,0,0,0,0,0,0,0,0
11902,0,0,0,0,0,0,0,0,0
11903,0,0,0,0,0,0,0,0,0
11904,0,0,0,0,0,0,0,0,0
11905,0,0,0,0,0,0,0,0,0
11906,0,0,0,0,0,0,0,0,0
11907,0,0,0,0,0,0,0,0,0
11908,1.08562e-05,4.12895e-07,9.9078e-10,2.95892e-11,5.10295e-14,3.57258e-13,5.78148e-24,7.44361e-44,1.12702e-05
11909,0,0,0,0,0,0,0,0,0
11910,0,0,0,0,0,0,0,0,0
11911,0,0,0,0,0,0,0,0,0
11912,0,0,0,0,0,0,0,0,0
11913,0,0,0,0,0,0,0,0,0
11914,0,0,0,0,0,0,0,0,0
11915,0,0,0,0,0,0,0,0,0
11916,0,0,0,0,0,0,0,0,0
11917,0,0,0,0,0,0,0,0,0
11918,0,0,0,0,0,0,0,0,0
11919,0,0,0,0,0,0,0,0,0
11920,0,0,0,0,0,0,0,0,0
11921,0,0,0,0,0,0,0,0,0
11922,0,0,0,0,0,0,0,0,0
11923,0,0,0,0,0,0,0,0,0
11924,0,0,0,0,0,0,0,0,0
11925,0,0,0,0,0,0,0,0,0
11926,0,0,0,0,0,0,0,0,0
11927,0,0,0,0,0,0,0,0,0
11928,0,0,0,0,0,0,0,0,0
11929,0,0,0,0,0,0,0,0,0
11930,0,0,0,0,0,0,0,0,0
11931,0,0,0,0,0,0,0,0,0
11932,0,0,0,0,0,0,0,0,0
11933,0,0,0,0,0,0,0,0,0
11934,0,0,0,0,0,0,0,0,0
11935,1.5708e-06,3.40663e-08,2.10694e-13,3.89892e-15,8.09785e-18,2.27755e-17,1.13558e-27,7.00069e-48,1.60487e-06
11936,0,0,0,0,0,0,0,0,0
11937,0,0,0,0,0,0,0,0,0
11938,0,0,0,0,0,0,0,0,0
11939,0,0,0,0,0,0,0,0,0
11940,0,0,0,0,0,0,0,0,0
11941,0,0,0,0,0,0,0,0,0
11942,0,0,0,0,0,0,0,0,0
11943,0,0,0,0,0,0,0,0,0
11944,0,0,0,0,0,0,0,0,0
11945,0,0,0,0,0,0,0,0,0
11946,3.28035e-06,3.71543e-08,5.88395e-11,1.79419e-12,4.11822e-15,8.56143e-15,1.05523e-25,6.48214e-46,3.31756e-06
11947,0,0,0,0,0,0,0,0,0
11948,0,0,0,0,0,0,0,0,0
11949,0,0,0,0,0,0,0,0,0
11950,6.96755e-06,1.24782e-07,1.26528e-11,4.2117e-13,9.96118e-16,2.66754e-15,3.55765e-26,2.53265e-46,7.09234e-06
11951,0,0,0,0,0,0,0,0,0
11952,0,0,0,0,0,0,0,0,0
11953,0,0,0,0,0,0,0,0,0
11954,2.99749e-06,5.37584e-08,2.7269e-13,6.59199e-15,1.45748e-17,3.46415e-17,4.04246e-28,1.30701e-48,3.05125e-06
11955,0,0,0,0,0,0,0,0,0
11956,0,0,0,0,0,0,0,0,0
11957,0,0,0,0,0,0,0,0,0
11958,0,0,0,0,0,0,0,0,0
11959,0,0,0,0,0,0,0,0,0
11960,1.24445e-06,8.64316e-09,5.37409e-16,1.50987e-17,3.55313e-20,3.82604e-20,2.8832e-31,7.718e-52,1.2531e-06
11961,0,0,0,0,0,0,0,0,0
11962,0,0,0,0,0,0,0,0,0
11963,0,0,0,0,0,0,0,0,0
11964,4.84137e-06,1.38665e-07,2.12688e-10,5.35227e-12,6.20692e-15,6.35594e-14,2.6917e-25,1.38391e-45,4.98025e-06
11965,0,0,0,0,0,0,0,0,0
11966,0,0,0,0,0,0,0,0,0
11967,0,0,0,0,0,0,0,0,0
11968,0,0,0,0,0,0,0,0,0
11969,0,0,0,0,0,0,0,0,0
11970,0,0,0,0,0,0,0,0,0
11971,0,0,0,0,0,0,0,0,0
11972,0,0,0,0,0,0,0,0,0
11973,0,0,0,0,0,0,0,0,0
11974,0,0,0,0,0,0,0,0,0
11975,0,0,0,0,0,0,0,0,0
11976,0,0,0,0,0,0,0,0,0
11977,0,0,0,0,0,0,0,0,0
11978,0,0,0,0,0,0,0,0,0
11979,8.87765e-06,4.22184e-07,1.14626e-09,2.92908e-11,4.79504e-14,4.49729e-13,1.56578e-23,2.24849e-43,9.30101e-06
11980,0,0,0,0,0,0,0,0,0
11981,0,0,0,0,0,0,0,0,0
11982,0,0,0,0,0,0,0,0,0
11983,0,0,0,0,0,0,0,0,0
11984,0,0,0,0,0,0,0,0,0
11985,0,0,0,0,0,0,0,0,0
11986,6.11291e-06,1.47081e-07,1.82019e-11,4.91926e-13,9.92352e-16,5.56819e-15,8.07809e-26,4.81409e-46,6.26001e-06
11987,0,0,0,0,0,0,0,0,0
11988,0,0,0,0,0,0,0,0,0
11989,0,0,0,0,0,0,0,0,0
11990,0,0,0,0,0,0,0,0,0
11991,0,0,0,0,0,0,0,0,0
11992,0,0,0,0,0,0,0,0,0
11993,7.68281e-07,4.80231e-09,2.85256e-17,7.43088e-19,1.18229e-21,3.47035e-21,2.94931e-32,1.57465e-52,7.73083e-07
11994,0,0,0,0,0,0,0,0,0
11995,0,0,0,0,0,0,0,0,0
11996,0,0,0,0,0,0,0,0,0
11997,0,0,0,0,0,0,0,0,0
11998,1.58506e-06,1.75623e-08,7.72473e-17,1.95609e-18,3.31675e-21,1.72378e-20,2.70033e-31,1.94955e-51,1.60262e-06
11999,0,0,0,0,0,0,0,0,0
12000,0,0,0,0,0,0,0,0,0
12001,0,0,0,0,0,0,0,0,0
12002,0,0,0,0,0,0,0,0,0
12003,0,0,0,0,0,0,0,0,0
12004,0,0,0,0,0,0,0,0,0
12005,0,0,0,0,0,0,0,0,0
12006,0,0,0,0,0,0,0,0,0
12007,0,0,0,0,0,0,0,0,0
12008,0,0,0,0,0,0,0,0,0
12009,0,0,0,0,0,0,0,0,0
12010,0,0,0,0,0,0,0,0,0
12011,0,0,0,0,0,0,0,0,0
12012,0,0,0,0,0,0,0,0,0
12013,1.35525e-06,9.50784e-09,8.10538e-15,2.28175e-16,4.22939e-19,2.00475e-18,4.07502e-29,3.67175e-49,1.36476e-06
12014,0,0,0,0,0,0,0,0,0
12015,0,0,0,0,0,0,0,0,0
12016,0,0,0,0,0,0,0,0,0
12017,0,0,0,0,0,0,0,0,0
12018,0,0,0,0,0,0,0,0,0
12019,0,0,0,0,0,0,0,0,0
12020,0,0,0,0,0,0,0,0,0
12021,0,0,0,0,0,0,0,0,0
12022,0,0,0,0,0,0,0,0,0
12023,0,0,0,0,0,0,0,0,0
12024,0,0,0,0,0,0,0,0,0
12025,0,0,0,0,0,0,0,0,0
12026,0,0,0,0,0,0,0,0,0
12027,0,0,0,0,0,0,0,0,0
12028,0,0,0,0,0,0,0,0,0
12029,0,0,0,0,0,0,0,0,0
12030,0,0,0,0,0,0,0,0,0
12031,0,0,0,0,0,0,0,0,0
12032,0,0,0,0,0,0,0,0,0
12033,0,0,0,0,0,0,0,0,0
12034,0,0,0,0,0,0,0,0,0
12035,0,0,0,0,0,0,0,0,0
12036,0,0,0,0,0,0,0,0,0
12037,2.40222e-06,2.85321e-08,1.69948e-13,4.70571e-15,9.1801e-18,1.49956e-17,4.62951e-29,8.85768e-50,2.43075e-06
12038,0,0,0,0,0,0,0,0,0
12039,4.61499e-06,1.10276e-07,9.74234e-12,2.68732e-13,4.36078e-16,2.10831e-15,2.11353e-26,1.32142e-46,4.72527e-06
12040,0,0,0,0,0,0,0,0,0
12041,0,0,0,0,0,0,0,0,0
12042,0,0,0,0,0,0,0,0,0
12043,0,0,0,0,0,0,0,0,0
12044,0,0,0,0,0,0,0,0,0
12045,0,0,0,0,0,0,0,0,0
12046,0,0,0,0,0,0,0,0,0
12047,0,0,0,0,0,0,0,0,0
12048,4.51058e-06,1.38437e-07,2.2072e-10,6.30304e-12,8.52731e-15,1.26483e-14,6.32624e-26,2.78305e-46,4.64924e-06
12049,0,0,0,0,0,0,0,0,0
12050,0,0,0,0,0,0,0,0,0
12051,0,0,0,0,0,0,0,0,0
12052,0,0,0,0,0,0,0,0,0
12053,0,0,0,0,0,0,0,0,0
12054,0,0,0,0,0,0,0,0,0
12055,0,0,0,0,0,0,0,0,0
12056,0,0,0,0,0,0,0,0,0
12057,0,0,0,0,0,0,0,0,0
12058,0,0,0,0,0,0,0,0,0
12059,0,0,0,0,0,0,0,0,0
12060,0,0,0,0,0,0,0,0,0
12061,0,0,0,0,0,0,0,0,0
12062,0,0,0,0,0,0,0,0,0
12063,0,0,0,0,0,0,0,0,0
12064,0,0,0,0,0,0,0,0,0
12065,0,0,0,0,0,0,0,0,0
12066,0,0,0,0,0,0,0,0,0
12067,0,0,0,0,0,0,0,0,0
12068,0,0,0,0,0,0,0,0,0
12069,0,0,0,0,0,0,0,0,0
12070,0,0,0,0,0,0,0,0,0
12071,0,0,0,0,0,0,0,0,0
12072,0,0,0,0,0,0,0,0,0
12073,0,0,0,0,0,0,0,0,0
12074,0,0,0,0,0,0,0,0,0
12075,6.80799e-07,3.64334e-09,3.96471e-15,1.08344e-16,1.78312e-19,3.68369e-19,7.00549e-30,5.81474e-50,6.84442e-07
12076,0,0,0,0,0,0,0,0,0
12077,0,0,0,0,0,0,0,0,0
12078,0,0,0,0,0,0,0,0,0
12079,0,0,0,0,0,0,0,0,0
12080,1.50635e-06,1.39573e-08,2.96685e-18,7.30372e-20,1.35166e-22,6.28782e-22,6.19936e-33,2.02124e-53,1.52031e-06
12081,0,0,0,0,0,0,0,0,0
12082,0,0,0,0,0,0,0,0,0
12083,0,0,0,0,0,0,0,0,0
12084,0,0,0,0,0,0,0,0,0
12085,0,0,0,0,0,0,0,0,0
12086,0,0,0,0,0,0,0,0,0
12087,0,0,0,0,0,0,0,0,0
12088,0,0,0,0,0,0,0,0,0
12089,0,0,0,0,0,0,0,0,0
12090,0,0,0,0,0,0,0,0,0
12091,0,0,0,0,0,0,0,0,0
12092,0,0,0,0,0,0,0,0,0
12093,0,0,0,0,0,0,0,0,0
12094,0,0,0,0,0,0,0,0,0
12095,0,0,0,0,0,0,0,0,0
12096,0,0,0,0,0,0,0,0,0
12097,0,0,0,0,0,0,0,0,0
12098,0,0,0,0,0,0,0,0,0
12099,0,0,0,0,0,0,0,0,0
12100,0,0,0,0,0,0,0,0,0
12101,0,0,0,0,0,0,0,0,0
12102,0,0,0,0,0,0,0,0,0
12103,0,0,0,0,0,0,0,0,0
12104,0,0,0,0,0,0,0,0,0
12105,0,0,0,0,0,0,0,0,0
12106,1.62572e-06,1.43596e-08,1.60425e-10,3.97448e-12,8.43863e-15,1.7508e-14,7.21332e-25,4.76285e-45,1.64024e-06
12107,0,0,0,0,0,0,0,0,0
12108,0,0,0,0,0,0,0,0,0
12109,0,0,0,0,0,0,0,0,0
12110,0,0,0,0,0,0,0,0,0
12111,0,0,0,0,0,0,0,0,0
12112,0,0,0,0,0,0,0,0,0
12113,6.14572e-06,9.62558e-08,3.54417e-11,1.10623e-12,2.44274e-15,1.09204e-14,1.31048e-25,5.87516e-46,6.24201e-06
12114,0,0,0,0,0,0,0,0,0
12115,0,0,0,0,0,0,0,0,0
12116,0,0,0,0,0,0,0,0,0
12117,0,0,0,0,0,0,0,0,0
12118,0,0,0,0,0,0,0,0,0
12119,0,0,0,0,0,0,0,0,0
12120,1.66114e-06,4.30421e-08,4.05349e-11,5.65101e-13,2.00404e-17,1.2966e-14,1.73937e-26,4.0911e-47,1.70422e-06
12121,0,0,0,0,0,0,0,0,0
12122,0,0,0,0,0,0,0,0,0
12123,0,0,0,0,0,0,0,0,0
12124,0,0,0,0,0,0,0,0,0
12125,0,0,0,0,0,0,0,0,0
12126,0,0,0,0,0,0,0,0,0
12127,0,0,0,0,0,0,0,0,0
12128,0,0,0,0,0,0,0,0,0
12129,0,0,0,0,0,0,0,0,0
12130,0,0,0,0,0,0,0,0,0
12131,0,0,0,0,0,0,0,0,0
12132,0,0,0,0,0,0,0,0,0
12133,0,0,0,0,0,0,0,0,0
12134,0,0,0,0,0,0,0,0,0
12135,0,0,0,0,0,0,0,0,0
12136,0,0,0,0,0,0,0,0,0
12137,0,0,0,0,0,0,0,0,0
12138,0,0,0,0,0,0,0,0,0
12139,0,0,0,0,0,0,0,0,0
12140,0,0,0,0,0,0,0,0,0
12141,0,0,0,0,0,0,0,0,0
12142,0,0,0,0,0,0,0,0,0
12143,0,0,0,0,0,0,0,0,0
12144,0,0,0,0,0,0,0,0,0
12145,0,0,0,0,0,0,0,0,0
12146,0,0,0,0,0,0,0,0,0
12147,0,0,0,0,0,0,0,0,0
12148,0,0,0,0,0,0,0,0,0
12149,0,0,0,0,0,0,0,0,0
12150,1.17444e-05,3.07047e-07,4.43543e-11,1.4623e-12,3.93362e-15,8.40508e-15,1.70688e-25,7.58471e-46,1.20515e-05
12151,0,0,0,0,0,0,0,0,0
12152,0,0,0,0,0,0,0,0,0
12153,0,0,0,0,0,0,0,0,0
12154,7.82634e-07,1.04743e-08,1.31752e-17,2.84926e-19,3.09421e-22,1.14985e-21,7.01217e-33,2.65783e-53,7.93108e-07
12155,0,0,0,0,0,0,0,0,0
12156,0,0,0,0,0,0,0,0,0
12157,0,0,0,0,0,0,0,0,0
12158,0,0,0,0,0,0,0,0,0
12159,0,0,0,0,0,0,0,0,0
12160,0,0,0,0,0,0,0,0,0
12161,0,0,0,0,0,0,0,0,0
12162,0,0,0,0,0,0,0,0,0
12163,0,0,0,0,0,0,0,0,0
12164,0,0,0,0,0,0,0,0,0
12165,0,0,0,0,0,0,0,0,0
12166,0,0,0,0,0,0,0,0,0
12167,0,0,0,0,0,0,0,0,0
12168,0,0,0,0,0,0,0,0,0
12169,0,0,0,0,0,0,0,0,0
12170,0,0,0,0,0,0,0,0,0
12171,0,0,0,0,0,0,0,0,0
12172,0,0,0,0,0,0,0,0,0
12173,0,0,0,0,0,0,0,0,0
12174,0,0,0,0,0,0,0,0,0
12175,0,0,0,0,0,0,0,0,0
12176,0,0,0,0,0,0,0,0,0
12177,0,0,0,0,0,0,0,0,0
12178,0,0,0,0,0,0,0,0,0
12179,3.92731e-06,5.94018e-08,4.49354e-14,1.29401e-15,2.65195e-18,8.90634e-18,1.03566e-28,3.46597e-49,3.98671e-06
12180,2.43078e-06,2.88274e-08,9.19284e-13,2.44158e-14,4.06085e-17,3.12278e-16,4.93817e-27,2.55779e-47,2.45961e-06
12181,0,0,0,0,0,0,0,0,0
12182,0,0,0,0,0,0,0,0,0
12183,0,0,0,0,0,0,0,0,0
12184,0,0,0,0,0,0,0,0,0
12185,0,0,0,0,0,0,0,0,0
12186,1.2067e-06,5.52913e-09,1.34915e-13,3.76346e-15,7.39787e-18,2.46468e-17,2.32147e-28,6.09924e-49,1.21223e-06
12187,0,0,0,0,0,0,0,0,0
12188,0,0,0,0,0,0,0,0,0
12189,0,0,0,0,0,0,0,0,0
12190,0,0,0,0,0,0,0,0,0
12191,0,0,0,0,0,0,0,0,0
12192,0,0,0,0,0,0,0,0,0
12193,0,0,0,0,0,0,0,0,0
12194,0,0,0,0,0,0,0,0,0
12195,0,0,0,0,0,0,0,0,0
12196,0,0,0,0,0,0,0,0,0
12197,0,0,0,0,0,0,0,0,0
12198,0,0,0,0,0,0,0,0,0
12199,1.45497e-07,1.7137e-13,5.08537e-14,1.27097e-15,1.98365e-18,3.54322e-18,1.79369e-29,3.82442e-50,1.45497e-07
12200,0,0,0,0,0,0,0,0,0
12201,0,0,0,0,0,0,0,0,0
12202,0,0,0,0,0,0,0,0,0
12203,0,0,0,0,0,0,0,0,0
12204,0,0,0,0,0,0,0,0,0
12205,0,0,0,0,0,0,0,0,0
12206,0,0,0,0,0,0,0,0,0
12207,0,0,0,0,0,0,0,0,0
12208,0,0,0,0,0,0,0,0,0
12209,0,0,0,0,0,0,0,0,0
12210,0,0,0,0,0,0,0,0,0
12211,0,0,0,0,0,0,0,0,0
12212,0,0,0,0,0,0,0,0,0
12213,0,0,0,0,0,0,0,0,0
12214,0,0,0,0,0,0,0,0,0
12215,8.3062e-07,2.05541e-08,1.59932e-11,2.2394e-13,8.23165e-17,1.48613e-15,1.06952e-28,5.47663e-48,8.5119e-07
12216,0,0,0,0,0,0,0,0,0
12217,0,0,0,0,0,0,0,0,0
12218,0,0,0,0,0,0,0,0,0
12219,0,0,0,0,0,0,0,0,0
12220,0,0,0,0,0,0,0,0,0
12221,0,0,0,0,0,0,0,0,0
12222,0,0,0,0,0,0,0,0,0
12223,0,0,0,0,0,0,0,0,0
12224,0,0,0,0,0,0,0,0,0
12225,0,0,0,0,0,0,0,0,0
12226,0,0,0,0,0,0,0,0,0
12227,0,0,0,0,0,0,0,0,0
12228,0,0,0,0,0,0,0,0,0
12229,0,0,0,0,0,0,0,0,0
12230,0,0,0,0,0,0,0,0,0
12231,0,0,0,0,0,0,0,0,0
12232,0,0,0,0,0,0,0,0,0
12233,0,0,0,0,0,0,0,0,0
12234,0,0,0,0,0,0,0,0,0
12235,0,0,0,0,0,0,0,0,0
12236,0,0,0,0,0,0,0,0,0
12237,0,0,0,0,0,0,0,0,0
12238,0,0,0,0,0,0,0,0,0
12239,0,0,0,0,0,0,0,0,0
12240,0,0,0,0,0,0,0,0,0
12241,0,0,0,0,0,0,0,0,0
12242,0,0,0,0,0,0,0,0,0
12243,0,0,0,0,0,0,0,0,0
12244,0,0,0,0,0,0,0,0,0
12245,0,0,0,0,0,0,0,0,0
12246,1.39225e-06,1.08621e-08,3.1114e-12,7.69996e-14,1.34362e-16,6.27992e-16,9.33311e-27,2.98121e-47,1.40312e-06
12247,0,0,0,0,0,0,0,0,0
12248,0,0,0,0,0,0,0,0,0
12249,0,0,0,0,0,0,0,0,0
12250,0,0,0,0,0,0,0,0,0
12251,0,0,0,0,0,0,0,0,0
12252,0,0,0,0,0,0,0,0,0
12253,0,0,0,0,0,0,0,0,0
12254,0,0,0,0,0,0,0,0,0
12255,0,0,0,0,0,0,0,0,0
12256,0,0,0,0,0,0,0,0,0
12257,0,0,0,0,0,0,0,0,0
12258,0,0,0,0,0,0,0,0,0
12259,0,0,0,0,0,0,0,0,0
12260,0,0,0,0,0,0,0,0,0
12261,0,0,0,0,0,0,0,0,0
12262,0,0,0,0,0,0,0,0,0
12263,0,0,0,0,0,0,0,0,0
12264,0,0,0,0,0,0,0,0,0
12265,0,0,0,0,0,0,0,0,0
12266,0,0,0,0,0,0,0,0,0
12267,0,0,0,0,0,0,0,0,0
12268,0,0,0,0,0,0,0,0,0
12269,0,0,0,0,0,0,0,0,0
12270,0,0,0,0,0,0,0,0,0
12271,0,0,0,0,0,0,0,0,0
12272,0,0,0,0,0,0,0,0,0
12273,0,0,0,0,0,0,0,0,0
12274,0,0,0,0,0,0,0,0,0
12275,0,0,0,0,0,0,0,0,0
12276,0,0,0,0,0,0,0,0,0
12277,0,0,0,0,0,0,0,0,0
12278,0,0,0,0,0,0,0,0,0
12279,0,0,0,0,0,0,0,0,0
12280,0,0,0,0,0,0,0,0,0
12281,0,0,0,0,0,0,0,0,0
12282,0,0,0,0,0,0,0,0,0
12283,0,0,0,0,0,0,0,0,0
12284,0,0,0,0,0,0,0,0,0
12285,7.85712e-07,2.47262e-09,7.08199e-11,1.82169e-12,3.096e-15,4.96845e-15,4.29371e-26,9.69201e-47,7.88258e-07
12286,0,0,0,0,0,0,0,0,0
12287,0,0,0,0,0,0,0,0,0
12288,0,0,0,0,0,0,0,0,0
12289,0,0,0,0,0,0,0,0,0
12290,0,0,0,0,0,0,0,0,0
12291,0,0,0,0,0,0,0,0,0
12292,1.05866e-06,1.30793e-08,2.49872e-16,5.13339e-18,5.61314e-21,4.01011e-20,2.03376e-31,3.62798e-52,1.07174e-06
12293,0,0,0,0,0,0,0,0,0
12294,0,0,0,0,0,0,0,0,0
12295,0,0,0,0,0,0,0,0,0
12296,0,0,0,0,0,0,0,0,0
12297,1.38305e-06,1.36258e-08,8.99234e-13,2.18458e-14,3.25534e-17,1.90126e-16,2.66402e-27,9.07724e-48,1.39667e-06
12298,1.39573e-06,1.97348e-08,5.82975e-14,1.35497e-15,1.68972e-18,6.64382e-18,2.45654e-29,3.91511e-50,1.41547e-06
12299,4.27048e-07,2.12113e-09,2.55848e-14,6.08733e-16,6.85118e-19,2.35855e-18,1.61034e-29,5.12578e-50,4.29169e-07
12300,1.06694e-06,2.92715e-08,2.98964e-11,5.85701e-13,6.00145e-16,7.81774e-16,2.16791e-27,2.74547e-48,1.09624e-06
12301,0,0,0,0,0,0,0,0,0
12302,0,0,0,0,0,0,0,0,0
12303,0,0,0,0,0,0,0,0,0
12304,0,0,0,0,0,0,0,0,0
12305,0,0,0,0,0,0,0,0,0
12306,0,0,0,0,0,0,0,0,0
12307,0,0,0,0,0,0,0,0,0
12308,0,0,0,0,0,0,0,0,0
12309,0,0,0,0,0,0,0,0,0
12310,0,0,0,0,0,0,0,0,0
12311,7.62654e-07,1.14053e-08,1.65346e-13,1.70613e-15,3.11204e-18,8.58284e-18,7.82334e-29,4.27052e-52,7.7406e-07
12312,0,0,0,0,0,0,0,0,0
12313,0,0,0,0,0,0,0,0,0
12314,0,0,0,0,0,0,0,0,0
12315,0,0,0,0,0,0,0,0,0
12316,0,0,0,0,0,0,0,0,0
12317,0,0,0,0,0,0,0,0,0
12318,0,0,0,0,0,0,0,0,0
12319,0,0,0,0,0,0,0,0,0
12320,0,0,0,0,0,0,0,0,0
12321,0,0,0,0,0,0,0,0,0
12322,0,0,0,0,0,0,0,0,0
12323,0,0,0,0,0,0,0,0,0
12324,0,0,0,0,0,0,0,0,0
12325,0,0,0,0,0,0,0,0,0
12326,0,0,0,0,0,0,0,0,0
12327,1.44333e-05,5.45812e-07,1.38816e-09,4.01793e-11,8.03098e-14,5.42831e-13,8.56553e-24,2.62317e-44,1.49806e-05
12328,6.8288e-06,1.13278e-07,1.22926e-10,3.96235e-12,8.21612e-15,1.01956e-14,4.56584e-27,3.97196e-50,6.94221e-06
12329,1.02503e-06,5.17814e-09,8.4336e-13,2.14359e-14,4.22114e-17,8.77274e-17,5.56205e-28,4.88978e-49,1.03021e-06
12330,1.23498e-06,2.07388e-08,1.19853e-11,2.02547e-13,9.3155e-17,2.20934e-15,6.22338e-27,5.24843e-47,1.25573e-06
12331,0,0,0,0,0,0,0,0,0
12332,0,0,0,0,0,0,0,0,0
12333,0,0,0,0,0,0,0,0,0
12334,0,0,0,0,0,0,0,0,0
12335,0,0,0,0,0,0,0,0,0
12336,0,0,0,0,0,0,0,0,0
12337,0,0,0,0,0,0,0,0,0
12338,0,0,0,0,0,0,0,0,0
12339,0,0,0,0,0,0,0,0,0
12340,0,0,0,0,0,0,0,0,0
12341,0,0,0,0,0,0,0,0,0
12342,0,0,0,0,0,0,0,0,0
12343,0,0,0,0,0,0,0,0,0
12344,0,0,0,0,0,0,0,0,0
12345,0,0,0,0,0,0,0,0,0
12346,0,0,0,0,0,0,0,0,0
12347,0,0,0,0,0,0,0,0,0
12348,0,0,0,0,0,0,0,0,0
12349,0,0,0,0,0,0,0,0,0
12350,0,0,0,0,0,0,0,0,0
12351,0,0,0,0,0,0,0,0,0
12352,0,0,0,0,0,0,0,0,0
12353,0,0,0,0,0,0,0,0,0
12354,0,0,0,0,0,0,0,0,0
12355,0,0,0,0,0,0,0,0,0
12356,0,0,0,0,0,0,0,0,0
12357,0,0,0,0,0,0,0,0,0
12358,0,0,0,0,0,0,0,0,0
12359,0,0,0,0,0,0,0,0,0
12360,0,0,0,0,0,0,0,0,0
12361,0,0,0,0,0,0,0,0,0
12362,0,0,0,0,0,0,0,0,0
12363,0,0,0,0,0,0,0,0,0
12364,0,0,0,0,0,0,0,0,0
12365,0,0,0,0,0,0,0,0,0
12366,0,0,0,0,0,0,0,0,0
12367,0,0,0,0,0,0,0,0,0
12368,0,0,0,0,0,0,0,0,0
12369,0,0,0,0,0,0,0,0,0
12370,0,0,0,0,0,0,0,0,0
12371,0,0,0,0,0,0,0,0,0
12372,0,0,0,0,0,0,0,0,0
12373,0,0,0,0,0,0,0,0,0
12374,0,0,0,0,0,0,0,0,0
12375,0,0,0,0,0,0,0,0,0
12376,1.50965e-06,1.77139e-08,1.11279e-15,2.70335e-17,3.92552e-20,1.26621e-19,4.72176e-31,4.90596e-52,1.52737e-06
12377,0,0,0,0,0,0,0,0,0
12378,0,0,0,0,0,0,0,0,0
12379,0,0,0,0,0,0,0,0,0
12380,0,0,0,0,0,0,0,0,0
12381,0,0,0,0,0,0,0,0,0
12382,0,0,0,0,0,0,0,0,0
12383,0,0,0,0,0,0,0,0,0
12384,0,0,0,0,0,0,0,0,0
12385,0,0,0,0,0,0,0,0,0
12386,0,0,0,0,0,0,0,0,0
12387,0,0,0,0,0,0,0,0,0
12388,0,0,0,0,0,0,0,0,0
12389,0,0,0,0,0,0,0,0,0
12390,0,0,0,0,0,0,0,0,0
12391,0,0,0,0,0,0,0,0,0
12392,0,0,0,0,0,0,0,0,0
12393,0,0,0,0,0,0,0,0,0
12394,0,0,0,0,0,0,0,0,0
12395,0,0,0,0,0,0,0,0,0
12396,0,0,0,0,0,0,0,0,0
12397,0,0,0,0,0,0,0,0,0
12398,0,0,0,0,0,0,0,0,0
12399,0,0,0,0,0,0,0,0,0
12400,0,0,0,0,0,0,0,0,0
12401,0,0,0,0,0,0,0,0,0
12402,0,0,0,0,0,0,0,0,0
12403,0,0,0,0,0,0,0,0,0
12404,0,0,0,0,0,0,0,0,0
12405,0,0,0,0,0,0,0,0,0
12406,0,0,0,0,0,0,0,0,0
12407,0,0,0,0,0,0,0,0,0
12408,0,0,0,0,0,0,0,0,0
12409,0,0,0,0,0,0,0,0,0
12410,0,0,0,0,0,0,0,0,0
12411,0,0,0,0,0,0,0,0,0
12412,0,0,0,0,0,0,0,0,0
12413,0,0,0,0,0,0,0,0,0
12414,0,0,0,0,0,0,0,0,0
12415,0,0,0,0,0,0,0,0,0
12416,0,0,0,0,0,0,0,0,0
12417,0,0,0,0,0,0,0,0,0
12418,0,0,0,0,0,0,0,0,0
12419,0,0,0,0,0,0,0,0,0
12420,0,0,0,0,0,0,0,0,0
12421,0,0,0,0,0,0,0,0,0
12422,0,0,0,0,0,0,0,0,0
12423,0,0,0,0,0,0,0,0,0
12424,0,0,0,0,0,0,0,0,0
12425,0,0,0,0,0,0,0,0,0
12426,0,0,0,0,0,0,0,0,0
12427,0,0,0,0,0,0,0,0,0
12428,0,0,0,0,0,0,0,0,0
12429,2.19894e-06,2.48608e-08,1.52619e-15,4.00746e-17,6.95543e-20,3.58868e-19,5.37105e-30,1.23414e-50,2.2238e-06
12430,3.94623e-06,5.1807e-08,6.59273e-14,1.83224e-15,3.54057e-18,2.1509e-17,2.1034e-28,3.40162e-49,3.99804e-06
12431,0,0,0,0,0,0,0,0,0
12432,0,0,0,0,0,0,0,0,0
12433,0,0,0,0,0,0,0,0,0
12434,0,0,0,0,0,0,0,0,0
12435,0,0,0,0,0,0,0,0,0
12436,3.431e-07,2.82363e-09,9.35062e-22,1.66546e-23,1.43636e-26,1.25371e-25,4.94543e-37,6.04871e-58,3.45924e-07
12437,0,0,0,0,0,0,0,0,0
12438,0,0,0,0,0,0,0,0,0
12439,0,0,0,0,0,0,0,0,0
12440,0,0,0,0,0,0,0,0,0
12441,0,0,0,0,0,0,0,0,0
12442,0,0,0,0,0,0,0,0,0
12443,0,0,0,0,0,0,0,0,0
12444,0,0,0,0,0,0,0,0,0
12445,0,0,0,0,0,0,0,0,0
12446,4.17212e-06,1.80152e-07,3.65446e-10,7.13461e-12,9.63069e-15,6.41398e-14,1.22875e-24,2.38969e-45,4.35265e-06
12447,0,0,0,0,0,0,0,0,0
12448,0,0,0,0,0,0,0,0,0
12449,0,0,0,0,0,0,0,0,0
12450,0,0,0,0,0,0,0,0,0
12451,0,0,0,0,0,0,0,0,0
12452,0,0,0,0,0,0,0,0,0
12453,1.01858e-06,7.59524e-09,5.19758e-14,1.18952e-15,2.25455e-18,5.91138e-18,7.73519e-29,9.25475e-50,1.02618e-06
12454,0,0,0,0,0,0,0,0,0
12455,0,0,0,0,0,0,0,0,0
12456,0,0,0,0,0,0,0,0,0
12457,0,0,0,0,0,0,0,0,0
12458,0,0,0,0,0,0,0,0,0
12459,0,0,0,0,0,0,0,0,0
12460,0,0,0,0,0,0,0,0,0
12461,0,0,0,0,0,0,0,0,0
12462,0,0,0,0,0,0,0,0,0
12463,0,0,0,0,0,0,0,0,0
12464,0,0,0,0,0,0,0,0,0
12465,0,0,0,0,0,0,0,0,0
12466,1.18617e-05,2.93901e-07,6.78364e-12,2.2272e-13,6.15641e-16,9.79195e-16,1.91821e-26,3.46381e-47,1.21556e-05
12467,0,0,0,0,0,0,0,0,0
12468,0,0,0,0,0,0,0,0,0
12469,0,0,0,0,0,0,0,0,0
12470,0,0,0,0,0,0,0,0,0
12471,0,0,0,0,0,0,0,0,0
12472,0,0,0,0,0,0,0,0,0
12473,0,0,0,0,0,0,0,0,0
12474,0,0,0,0,0,0,0,0,0
12475,0,0,0,0,0,0,0,0,0
12476,0,0,0,0,0,0,0,0,0
12477,0,0,0,0,0,0,0,0,0
12478,0,0,0,0,0,0,0,0,0
12479,0,0,0,0,0,0,0,0,0
12480,9.18457e-07,1.00991e-08,1.91815e-13,4.36738e-15,5.78351e-18,1.18739e-17,6.13782e-29,6.59118e-50,9.28557e-07
12481,0,0,0,0,0,0,0,0,0
12482,0,0,0,0,0,0,0,0,0
12483,0,0,0,0,0,0,0,0,0
12484,0,0,0,0,0,0,0,0,0
12485,0,0,0,0,0,0,0,0,0
12486,0,0,0,0,0,0,0,0,0
12487,0,0,0,0,0,0,0,0,0
12488,0,0,0,0,0,0,0,0,0
12489,0,0,0,0,0,0,0,0,0
12490,0,0,0,0,0,0,0,0,0
12491,0,0,0,0,0,0,0,0,0
12492,0,0,0,0,0,0,0,0,0
12493,0,0,0,0,0,0,0,0,0
12494,0,0,0,0,0,0,0,0,0
12495,0,0,0,0,0,0,0,0,0
12496,0,0,0,0,0,0,0,0,0
12497,0,0,0,0,0,0,0,0,0
12498,0,0,0,0,0,0,0,0,0
12499,0,0,0,0,0,0,0,0,0
12500,0,0,0,0,0,0,0,0,0
12501,0,0,0,0,0,0,0,0,0
12502,0,0,0,0,0,0,0,0,0
12503,0,0,0,0,0,0,0,0,0
12504,0,0,0,0,0,0,0,0,0
12505,0,0,0,0,0,0,0,0,0
12506,0,0,0,0,0,0,0,0,0
12507,0,0,0,0,0,0,0,0,0
12508,0,0,0,0,0,0,0,0,0
12509,0,0,0,0,0,0,0,0,0
12510,0,0,0,0,0,0,0,0,0
12511,0,0,0,0,0,0,0,0,0
12512,0,0,0,0,0,0,0,0,0
12513,0,0,0,0,0,0,0,0,0
12514,0,0,0,0,0,0,0,0,0
12515,0,0,0,0,0,0,0,0,0
12516,0,0,0,0,0,0,0,0,0
12517,0,0,0,0,0,0,0,0,0
12518,0,0,0,0,0,0,0,0,0
12519,0,0,0,0,0,0,0,0,0
12520,0,0,0,0,0,0,0,0,0
12521,0,0,0,0,0,0,0,0,0
12522,0,0,0,0,0,0,0,0,0
12523,0,0,0,0,0,0,0,0,0
12524,1.64652e-05,2.06508e-07,1.18667e-11,4.92413e-13,2.10576e-15,1.1975e-15,5.28394e-27,1.79503e-48,1.66717e-05
12525,0,0,0,0,0,0,0,0,0
12526,0,0,0,0,0,0,0,0,0
12527,0,0,0,0,0,0,0,0,0
12528,0,0,0,0,0,0,0,0,0
12529,0,0,0,0,0,0,0,0,0
12530,0,0,0,0,0,0,0,0,0
12531,0,0,0,0,0,0,0,0,0
12532,0,0,0,0,0,0,0,0,0
12533,0,0,0,0,0,0,0,0,0
12534,0,0,0,0,0,0,0,0,0
12535,0,0,0,0,0,0,0,0,0
12536,0,0,0,0,0,0,0,0,0
12537,1.04416e-06,1.14092e-08,1.31268e-15,2.81481e-17,3.85199e-20,1.33052e-19,9.0635e-31,8.17533e-52,1.05556e-06
12538,0,0,0,0,0,0,0,0,0
12539,0,0,0,0,0,0,0,0,0
12540,0,0,0,0,0,0,0,0,0
12541,0,0,0,0,0,0,0,0,0
12542,0,0,0,0,0,0,0,0,0
12543,0,0,0,0,0,0,0,0,0
12544,0,0,0,0,0,0,0,0,0
12545,0,0,0,0,0,0,0,0,0
12546,0,0,0,0,0,0,0,0,0
12547,0,0,0,0,0,0,0,0,0
12548,0,0,0,0,0,0,0,0,0
12549,0,0,0,0,0,0,0,0,0
12550,0,0,0,0,0,0,0,0,0
12551,0,0,0,0,0,0,0,0,0
12552,0,0,0,0,0,0,0,0,0
12553,0,0,0,0,0,0,0,0,0
12554,0,0,0,0,0,0,0,0,0
12555,8.17339e-07,6.01783e-09,2.80329e-15,6.17981e-17,1.04111e-19,2.57317e-19,2.00942e-30,1.45584e-51,8.23357e-07
12556,2.37614e-06,6.39818e-08,7.67684e-11,1.53483e-12,1.53015e-15,9.36337e-15,2.20212e-26,1.25071e-47,2.4402e-06
12557,0,0,0,0,0,0,0,0,0
12558,0,0,0,0,0,0,0,0,0
12559,0,0,0,0,0,0,0,0,0
12560,0,0,0,0,0,0,0,0,0
12561,0,0,0,0,0,0,0,0,0
12562,0,0,0,0,0,0,0,0,0
12563,0,0,0,0,0,0,0,0,0
12564,0,0,0,0,0,0,0,0,0
12565,0,0,0,0,0,0,0,0,0
12566,2.82469e-06,9.58667e-08,1.46667e-10,3.3826e-12,4.23276e-15,6.5189e-15,3.50993e-26,3.57411e-47,2.92071e-06
12567,0,0,0,0,0,0,0,0,0
12568,0,0,0,0,0,0,0,0,0
12569,0,0,0,0,0,0,0,0,0
12570,0,0,0,0,0,0,0,0,0
12571,0,0,0,0,0,0,0,0,0
12572,0,0,0,0,0,0,0,0,0
12573,0,0,0,0,0,0,0,0,0
12574,0,0,0,0,0,0,0,0,0
12575,0,0,0,0,0,0,0,0,0
12576,0,0,0,0,0,0,0,0,0
12577,0,0,0,0,0,0,0,0,0
12578,0,0,0,0,0,0,0,0,0
12579,0,0,0,0,0,0,0,0,0
12580,0,0,0,0,0,0,0,0,0
12581,0,0,0,0,0,0,0,0,0
12582,0,0,0,0,0,0,0,0,0
12583,0,0,0,0,0,0,0,0,0
12584,0,0,0,0,0,0,0,0,0
12585,0,0,0,0,0,0,0,0,0
12586,0,0,0,0,0,0,0,0,0
12587,0,0,0,0,0,0,0,0,0
12588,0,0,0,0,0,0,0,0,0
12589,0,0,0,0,0,0,0,0,0
12590,0,0,0,0,0,0,0,0,0
12591,0,0,0,0,0,0,0,0,0
12592,0,0,0,0,0,0,0,0,0
12593,0,0,0,0,0,0,0,0,0
12594,0,0,0,0,0,0,0,0,0
12595,0,0,0,0,0,0,0,0,0
12596,0,0,0,0,0,0,0,0,0
12597,0,0,0,0,0,0,0,0,0
12598,2.33907e-06,5.26195e-08,5.44352e-11,1.1663e-12,1.46322e-15,3.46263e-15,3.31166e-27,2.06818e-49,2.39175e-06
12599,0,0,0,0,0,0,0,0,0
12600,0,0,0,0,0,0,0,0,0
12601,3.3373e-06,4.93084e-08,2.65749e-11,7.4225e-13,1.40227e-15,2.29747e-15,1.62864e-26,1.2543e-47,3.38664e-06
12602,0,0,0,0,0,0,0,0,0
12603,0,0,0,0,0,0,0,0,0
12604,0,0,0,0,0,0,0,0,0
12605,0,0,0,0,0,0,0,0,0
12606,0,0,0,0,0,0,0,0,0
12607,0,0,0,0,0,0,0,0,0
12608,0,0,0,0,0,0,0,0,0
12609,0,0,0,0,0,0,0,0,0
12610,0,0,0,0,0,0,0,0,0
12611,0,0,0,0,0,0,0,0,0
12612,0,0,0,0,0,0,0,0,0
12613,0,0,0,0,0,0,0,0,0
12614,0,0,0,0,0,0,0,0,0
12615,0,0,0,0,0,0,0,0,0
12616,0,0,0,0,0,0,0,0,0
12617,0,0,0,0,0,0,0,0,0
12618,0,0,0,0,0,0,0,0,0
12619,0,0,0,0,0,0,0,0,0
12620,0,0,0,0,0,0,0,0,0
12621,0,0,0,0,0,0,0,0,0
12622,5.27533e-06,2.05726e-07,4.06714e-10,9.07224e-12,1.03217e-14,1.20219e-13,9.75076e-25,1.27711e-45,5.48147e-06
12623,0,0,0,0,0,0,0,0,0
12624,0,0,0,0,0,0,0,0,0
12625,0,0,0,0,0,0,0,0,0
12626,0,0,0,0,0,0,0,0,0
12627,0,0,0,0,0,0,0,0,0
12628,0,0,0,0,0,0,0,0,0
12629,0,0,0,0,0,0,0,0,0
12630,0,0,0,0,0,0,0,0,0
12631,0,0,0,0,0,0,0,0,0
12632,0,0,0,0,0,0,0,0,0
12633,1.00002e-06,7.38967e-09,1.88404e-16,4.36925e-18,6.51573e-21,1.9214e-20,6.82198e-32,2.76004e-53,1.00741e-06
12634,0,0,0,0,0,0,0,0,0
12635,0,0,0,0,0,0,0,0,0
12636,0,0,0,0,0,0,0,0,0
12637,0,0,0,0,0,0,0,0,0
12638,0,0,0,0,0,0,0,0,0
12639,0,0,0,0,0,0,0,0,0
12640,6.54867e-06,2.25914e-07,4.32075e-10,1.12682e-11,1.79024e-14,4.46205e-14,3.18353e-25,2.80955e-46,6.77503e-06
12641,0,0,0,0,0,0,0,0,0
12642,0,0,0,0,0,0,0,0,0
12643,0,0,0,0,0,0,0,0,0
12644,0,0,0,0,0,0,0,0,0
12645,0,0,0,0,0,0,0,0,0
12646,0,0,0,0,0,0,0,0,0
12647,0,0,0,0,0,0,0,0,0
12648,0,0,0,0,0,0,0,0,0
12649,4.016e-06,1.15829e-07,1.68231e-10,3.93348e-12,4.27348e-15,2.9042e-14,7.63936e-26,4.96207e-47,4.132e-06
12650,2.21098e-06,5.1632e-08,8.44591e-15,1.77795e-16,1.99909e-19,1.5106e-18,1.09115e-29,1.0928e-50,2.26261e-06
12651,0,0,0,0,0,0,0,0,0
12652,0,0,0,0,0,0,0,0,0
12653,0,0,0,0,0,0,0,0,0
12654,0,0,0,0,0,0,0,0,0
12655,0,0,0,0,0,0,0,0,0
12656,0,0,0,0,0,0,0,0,0
12657,3.38512e-06,6.93337e-08,2.91349e-14,7.22118e-16,1.02024e-18,4.49646e-18,2.61775e-29,2.1266e-50,3.45446e-06
12658,0,0,0,0,0,0,0,0,0
12659,0,0,0,0,0,0,0,0,0
12660,0,0,0,0,0,0,0,0,0
12661,0,0,0,0,0,0,0,0,0
12662,0,0,0,0,0,0,0,0,0
12663,0,0,0,0,0,0,0,0,0
12664,0,0,0,0,0,0,0,0,0
12665,0,0,0,0,0,0,0,0,0
12666,0,0,0,0,0,0,0,0,0
12667,0,0,0,0,0,0,0,0,0
12668,0,0,0,0,0,0,0,0,0
12669,0,0,0,0,0,0,0,0,0
12670,0,0,0,0,0,0,0,0,0
12671,0,0,0,0,0,0,0,0,0
12672,0,0,0,0,0,0,0,0,0
12673,0,0,0,0,0,0,0,0,0
12674,0,0,0,0,0,0,0,0,0
12675,0,0,0,0,0,0,0,0,0
12676,0,0,0,0,0,0,0,0,0
12677,0,0,0,0,0,0,0,0,0
12678,0,0,0,0,0,0,0,0,0
12679,0,0,0,0,0,0,0,0,0
12680,0,0,0,0,0,0,0,0,0
12681,0,0,0,0,0,0,0,0,0
12682,0,0,0,0,0,0,0,0,0
12683,0,0,0,0,0,0,0,0,0
12684,0,0,0,0,0,0,0,0,0
12685,0,0,0,0,0,0,0,0,0
12686,0,0,0,0,0,0,0,0,0
12687,0,0,0,0,0,0,0,0,0
12688,0,0,0,0,0,0,0,0,0
12689,0,0,0,0,0,0,0,0,0
12690,0,0,0,0,0,0,0,0,0
12691,0,0,0,0,0,0,0,0,0
12692,0,0,0,0,0,0,0,0,0
12693,0,0,0,0,0,0,0,0,0
12694,0,0,0,0,0,0,0,0,0
12695,3.58148e-07,1.59892e-09,3.4651e-15,7.35295e-17,9.55344e-20,2.32158e-19,6.10551e-31,1.99248e-52,3.59747e-07
12696,0,0,0,0,0,0,0,0,0
12697,0,0,0,0,0,0,0,0,0
12698,0,0,0,0,0,0,0,0,0
12699,0,0,0,0,0,0,0,0,0
12700,0,0,0,0,0,0,0,0,0
12701,0,0,0,0,0,0,0,0,0
12702,0,0,0,0,0,0,0,0,0
12703,0,0,0,0,0,0,0,0,0
12704,0,0,0,0,0,0,0,0,0
12705,0,0,0,0,0,0,0,0,0
12706,0,0,0,0,0,0,0,0,0
12707,0,0,0,0,0,0,0,0,0
12708,1.4363e-06,2.85941e-08,1.75968e-12,2.80625e-14,4.55536e-17,8.54448e-17,4.91094e-28,6.46724e-50,1.4649e-06
12709,0,0,0,0,0,0,0,0,0
12710,0,0,0,0,0,0,0,0,0
12711,0,0,0,0,0,0,0,0,0
12712,0,0,0,0,0,0,0,0,0
12713,0,0,0,0,0,0,0,0,0
12714,0,0,0,0,0,0,0,0,0
12715,0,0,0,0,0,0,0,0,0
12716,0,0,0,0,0,0,0,0,0
12717,0,0,0,0,0,0,0,0,0
12718,0,0,0,0,0,0,0,0,0
12719,0,0,0,0,0,0,0,0,0
12720,0,0,0,0,0,0,0,0,0
12721,0,0,0,0,0,0,0,0,0
12722,0,0,0,0,0,0,0,0,0
12723,0,0,0,0,0,0,0,0,0
12724,0,0,0,0,0,0,0,0,0
12725,0,0,0,0,0,0,0,0,0
12726,0,0,0,0,0,0,0,0,0
12727,0,0,0,0,0,0,0,0,0
12728,0,0,0,0,0,0,0,0,0
12729,0,0,0,0,0,0,0,0,0
12730,0,0,0,0,0,0,0,0,0
12731,0,0,0,0,0,0,0,0,0
12732,0,0,0,0,0,0,0,0,0
12733,0,0,0,0,0,0,0,0,0
12734,0,0,0,0,0,0,0,0,0
12735,0,0,0,0,0,0,0,0,0
12736,0,0,0,0,0,0,0,0,0
12737,0,0,0,0,0,0,0,0,0
12738,0,0,0,0,0,0,0,0,0
12739,0,0,0,0,0,0,0,0,0
12740,0,0,0,0,0,0,0,0,0
12741,0,0,0,0,0,0,0,0,0
12742,0,0,0,0,0,0,0,0,0
12743,0,0,0,0,0,0,0,0,0
12744,0,0,0,0,0,0,0,0,0
12745,0,0,0,0,0,0,0,0,0
12746,0,0,0,0,0,0,0,0,0
12747,0,0,0,0,0,0,0,0,0
12748,0,0,0,0,0,0,0,0,0
12749,0,0,0,0,0,0,0,0,0
12750,0,0,0,0,0,0,0,0,0
12751,0,0,0,0,0,0,0,0,0
12752,0,0,0,0,0,0,0,0,0
12753,0,0,0,0,0,0,0,0,0
12754,0,0,0,0,0,0,0,0,0
12755,0,0,0,0,0,0,0,0,0
12756,0,0,0,0,0,0,0,0,0
12757,0,0,0,0,0,0,0,0,0
12758,0,0,0,0,0,0,0,0,0
12759,0,0,0,0,0,0,0,0,0
12760,0,0,0,0,0,0,0,0,0
12761,0,0,0,0,0,0,0,0,0
12762,0,0,0,0,0,0,0,0,0
12763,0,0,0,0,0,0,0,0,0
12764,0,0,0,0,0,0,0,0,0
12765,0,0,0,0,0,0,0,0,0
12766,0,0,0,0,0,0,0,0,0
12767,0,0,0,0,0,0,0,0,0
12768,0,0,0,0,0,0,0,0,0
12769,0,0,0,0,0,0,0,0,0
12770,0,0,0,0,0,0,0,0,0
12771,0,0,0,0,0,0,0,0,0
12772,0,0,0,0,0,0,0,0,0
12773,0,0,0,0,0,0,0,0,0
12774,0,0,0,0,0,0,0,0,0
12775,0,0,0,0,0,0,0,0,0
12776,0,0,0,0,0,0,0,0,0
12777,1.92422e-06,5.59584e-08,6.75674e-11,1.2244e-12,1.24942e-15,6.60022e-15,1.67821e-26,4.1045e-48,1.98025e-06
12778,0,0,0,0,0,0,0,0,0
12779,0,0,0,0,0,0,0,0,0
12780,2.81536e-06,7.60279e-08,9.60877e-11,1.93925e-12,2.277e-15,1.16574e-14,2.94621e-26,8.34816e-48,2.89148e-06
12781,0,0,0,0,0,0,0,0,0
12782,0,0,0,0,0,0,0,0,0
12783,0,0,0,0,0,0,0,0,0
12784,0,0,0,0,0,0,0,0,0
12785,0,0,0,0,0,0,0,0,0
12786,0,0,0,0,0,0,0,0,0
12787,0,0,0,0,0,0,0,0,0
12788,0,0,0,0,0,0,0,0,0
12789,0,0,0,0,0,0,0,0,0
12790,0,0,0,0,0,0,0,0,0
12791,0,0,0,0,0,0,0,0,0
12792,0,0,0,0,0,0,0,0,0
12793,0,0,0,0,0,0,0,0,0
12794,0,0,0,0,0,0,0,0,0
12795,0,0,0,0,0,0,0,0,0
12796,0,0,0,0,0,0,0,0,0
12797,0,0,0,0,0,0,0,0,0
12798,0,0,0,0,0,0,0,0,0
12799,0,0,0,0,0,0,0,0,0
12800,0,0,0,0,0,0,0,0,0
12801,0,0,0,0,0,0,0,0,0
12802,0,0,0,0,0,0,0,0,0
12803,0,0,0,0,0,0,0,0,0
12804,0,0,0,0,0,0,0,0,0
12805,0,0,0,0,0,0,0,0,0
12806,2.59092e-06,4.8062e-08,1.00768e-12,2.2533e-14,2.908e-17,1.4788e-16,4.12718e-28,1.22761e-49,2.63898e-06
12807,0,0,0,0,0,0,0,0,0
12808,0,0,0,0,0,0,0,0,0
12809,0,0,0,0,0,0,0,0,0
12810,0,0,0,0,0,0,0,0,0
12811,0,0,0,0,0,0,0,0,0
12812,0,0,0,0,0,0,0,0,0
12813,0,0,0,0,0,0,0,0,0
12814,0,0,0,0,0,0,0,0,0
12815,0,0,0,0,0,0,0,0,0
12816,0,0,0,0,0,0,0,0,0
12817,0,0,0,0,0,0,0,0,0
12818,0,0,0,0,0,0,0,0,0
12819,0,0,0,0,0,0,0,0,0
12820,0,0,0,0,0,0,0,0,0
12821,0,0,0,0,0,0,0,0,0
12822,0,0,0,0,0,0,0,0,0
12823,0,0,0,0,0,0,0,0,0
12824,0,0,0,0,0,0,0,0,0
12825,0,0,0,0,0,0,0,0,0
12826,0,0,0,0,0,0,0,0,0
12827,0,0,0,0,0,0,0,0,0
12828,0,0,0,0,0,0,0,0,0
12829,0,0,0,0,0,0,0,0,0
12830,0,0,0,0,0,0,0,0,0
12831,0,0,0,0,0,0,0,0,0
12832,0,0,0,0,0,0,0,0,0
12833,0,0,0,0,0,0,0,0,0
12834,0,0,0,0,0,0,0,0,0
12835,0,0,0,0,0,0,0,0,0
12836,0,0,0,0,0,0,0,0,0
12837,0,0,0,0,0,0,0,0,0
12838,0,0,0,0,0,0,0,0,0
12839,0,0,0,0,0,0,0,0,0
12840,0,0,0,0,0,0,0,0,0
12841,0,0,0,0,0,0,0,0,0
12842,0,0,0,0,0,0,0,0,0
12843,0,0,0,0,0,0,0,0,0
12844,0,0,0,0,0,0,0,0,0
12845,0,0,0,0,0,0,0,0,0
12846,0,0,0,0,0,0,0,0,0
12847,0,0,0,0,0,0,0,0,0
12848,0,0,0,0,0,0,0,0,0
12849,0,0,0,0,0,0,0,0,0
12850,0,0,0,0,0,0,0,0,0
12851,0,0,0,0,0,0,0,0,0
12852,0,0,0,0,0,0,0,0,0
12853,0,0,0,0,0,0,0,0,0
12854,0,0,0,0,0,0,0,0,0
12855,0,0,0,0,0,0,0,0,0
12856,0,0,0,0,0,0,0,0,0
12857,0,0,0,0,0,0,0,0,0
12858,2.99298e-06,4.80087e-08,1.5066e-13,3.71424e-15,4.72186e-18,2.45662e-17,4.00491e-29,8.57772e-51,3.04099e-06
12859,6.74656e-07,9.35092e-09,2.06703e-14,3.41103e-16,4.54621e-19,4.52237e-19,7.36335e-31,5.49782e-53,6.84006e-07
12860,0,0,0,0,0,0,0,0,0
12861,0,0,0,0,0,0,0,0,0
12862,0,0,0,0,0,0,0,0,0
12863,0,0,0,0,0,0,0,0,0
12864,0,0,0,0,0,0,0,0,0
12865,0,0,0,0,0,0,0,0,0
12866,0,0,0,0,0,0,0,0,0
12867,0,0,0,0,0,0,0,0,0
12868,0,0,0,0,0,0,0,0,0
12869,8.23784e-06,2.98878e-07,6.21438e-10,1.56724e-11,2.10715e-14,1.62718e-13,9.90408e-25,5.41581e-46,8.53736e-06
12870,0,0,0,0,0,0,0,0,0
12871,0,0,0,0,0,0,0,0,0
12872,0,0,0,0,0,0,0,0,0
12873,0,0,0,0,0,0,0,0,0
12874,0,0,0,0,0,0,0,0,0
12875,0,0,0,0,0,0,0,0,0
12876,0,0,0,0,0,0,0,0,0
12877,0,0,0,0,0,0,0,0,0
12878,0,0,0,0,0,0,0,0,0
12879,0,0,0,0,0,0,0,0,0
12880,0,0,0,0,0,0,0,0,0
12881,0,0,0,0,0,0,0,0,0
12882,0,0,0,0,0,0,0,0,0
12883,0,0,0,0,0,0,0,0,0
12884,0,0,0,0,0,0,0,0,0
12885,0,0,0,0,0,0,0,0,0
12886,0,0,0,0,0,0,0,0,0
12887,0,0,0,0,0,0,0,0,0
12888,0,0,0,0,0,0,0,0,0
12889,0,0,0,0,0,0,0,0,0
12890,0,0,0,0,0,0,0,0,0
12891,0,0,0,0,0,0,0,0,0
12892,0,0,0,0,0,0,0,0,0
12893,0,0,0,0,0,0,0,0,0
12894,0,0,0,0,0,0,0,0,0
12895,0,0,0,0,0,0,0,0,0
12896,0,0,0,0,0,0,0,0,0
12897,0,0,0,0,0,0,0,0,0
12898,0,0,0,0,0,0,0,0,0
12899,0,0,0,0,0,0,0,0,0
12900,0,0,0,0,0,0,0,0,0
12901,0,0,0,0,0,0,0,0,0
12902,0,0,0,0,0,0,0,0,0
12903,0,0,0,0,0,0,0,0,0
12904,0,0,0,0,0,0,0,0,0
12905,0,0,0,0,0,0,0,0,0
12906,0,0,0,0,0,0,0,0,0
12907,0,0,0,0,0,0,0,0,0
12908,0,0,0,0,0,0,0,0,0
12909,0,0,0,0,0,0,0,0,0
12910,0,0,0,0,0,0,0,0,0
12911,0,0,0,0,0,0,0,0,0
12912,0,0,0,0,0,0,0,0,0
12913,0,0,0,0,0,0,0,0,0
12914,0,0,0,0,0,0,0,0,0
12915,1.22669e-06,7.38559e-09,2.74567e-11,7.22669e-13,1.00453e-15,1.92079e-15,3.2685e-27,6.57558e-49,1.2341e-06
12916,0,0,0,0,0,0,0,0,0
12917,0,0,0,0,0,0,0,0,0
12918,0,0,0,0,0,0,0,0,0
12919,0,0,0,0,0,0,0,0,0
12920,0,0,0,0,0,0,0,0,0
12921,0,0,0,0,0,0,0,0,0
12922,0,0,0,0,0,0,0,0,0
12923,0,0,0,0,0,0,0,0,0
12924,0,0,0,0,0,0,0,0,0
12925,0,0,0,0,0,0,0,0,0
12926,0,0,0,0,0,0,0,0,0
12927,0,0,0,0,0,0,0,0,0
12928,0,0,0,0,0,0,0,0,0
12929,0,0,0,0,0,0,0,0,0
12930,0,0,0,0,0,0,0,0,0
12931,0,0,0,0,0,0,0,0,0
12932,0,0,0,0,0,0,0,0,0
12933,0,0,0,0,0,0,0,0,0
12934,0,0,0,0,0,0,0,0,0
12935,0,0,0,0,0,0,0,0,0
12936,0,0,0,0,0,0,0,0,0
12937,0,0,0,0,0,0,0,0,0
12938,0,0,0,0,0,0,0,0,0
12939,0,0,0,0,0,0,0,0,0
12940,0,0,0,0,0,0,0,0,0
12941,0,0,0,0,0,0,0,0,0
12942,0,0,0,0,0,0,0,0,0
12943,0,0,0,0,0,0,0,0,0
12944,0,0,0,0,0,0,0,0,0
12945,0,0,0,0,0,0,0,0,0
12946,0,0,0,0,0,0,0,0,0
12947,0,0,0,0,0,0,0,0,0
12948,0,0,0,0,0,0,0,0,0
12949,0,0,0,0,0,0,0,0,0
12950,0,0,0,0,0,0,0,0,0
12951,0,0,0,0,0,0,0,0,0
12952,0,0,0,0,0,0,0,0,0
12953,0,0,0,0,0,0,0,0,0
12954,0,0,0,0,0,0,0,0,0
12955,0,0,0,0,0,0,0,0,0
12956,0,0,0,0,0,0,0,0,0
12957,0,0,0,0,0,0,0,0,0
12958,0,0,0,0,0,0,0,0,0
12959,0,0,0,0,0,0,0,0,0
12960,0,0,0,0,0,0,0,0,0
12961,0,0,0,0,0,0,0,0,0
12962,0,0,0,0,0,0,0,0,0
12963,0,0,0,0,0,0,0,0,0
12964,0,0,0,0,0,0,0,0,0
12965,0,0,0,0,0,0,0,0,0
12966,0,0,0,0,0,0,0,0,0
12967,0,0,0,0,0,0,0,0,0
12968,0,0,0,0,0,0,0,0,0
12969,0,0,0,0,0,0,0,0,0
12970,0,0,0,0,0,0,0,0,0
12971,0,0,0,0,0,0,0,0,0
12972,0,0,0,0,0,0,0,0,0
12973,0,0,0,0,0,0,0,0,0
12974,0,0,0,0,0,0,0,0,0
12975,0,0,0,0,0,0,0,0,0
12976,0,0,0,0,0,0,0,0,0
12977,0,0,0,0,0,0,0,0,0
12978,0,0,0,0,0,0,0,0,0
12979,0,0,0,0,0,0,0,0,0
12980,9.25415e-07,9.34415e-09,7.03825e-12,1.38098e-13,1.52528e-16,7.00766e-16,1.30901e-27,1.69988e-49,9.34766e-07
12981,0,0,0,0,0,0,0,0,0
12982,0,0,0,0,0,0,0,0,0
12983,0,0,0,0,0,0,0,0,0
12984,0,0,0,0,0,0,0,0,0
12985,0,0,0,0,0,0,0,0,0
12986,0,0,0,0,0,0,0,0,0
12987,0,0,0,0,0,0,0,0,0
12988,0,0,0,0,0,0,0,0,0
12989,0,0,0,0,0,0,0,0,0
12990,0,0,0,0,0,0,0,0,0
12991,0,0,0,0,0,0,0,0,0
12992,0,0,0,0,0,0,0,0,0
12993,0,0,0,0,0,0,0,0,0
12994,0,0,0,0,0,0,0,0,0
12995,0,0,0,0,0,0,0,0,0
12996,0,0,0,0,0,0,0,0,0
12997,0,0,0,0,0,0,0,0,0
12998,0,0,0,0,0,0,0,0,0
12999,0,0,0,0,0,0,0,0,0
13000,0,0,0,0,0,0,0,0,0
13001,0,0,0,0,0,0,0,0,0
13002,3.9338e-06,1.19059e-07,1.76619e-10,3.55765e-12,3.78872e-15,4.34156e-14,1.22973e-25,2.47645e-47,4.05303e-06
13003,0,0,0,0,0,0,0,0,0
13004,0,0,0,0,0,0,0,0,0
13005,0,0,0,0,0,0,0,0,0
13006,0,0,0,0,0,0,0,0,0
13007,0,0,0,0,0,0,0,0,0
13008,0,0,0,0,0,0,0,0,0
13009,0,0,0,0,0,0,0,0,0
13010,0,0,0,0,0,0,0,0,0
13011,0,0,0,0,0,0,0,0,0
13012,0,0,0,0,0,0,0,0,0
13013,0,0,0,0,0,0,0,0,0
13014,0,0,0,0,0,0,0,0,0
13015,0,0,0,0,0,0,0,0,0
13016,0,0,0,0,0,0,0,0,0
13017,0,0,0,0,0,0,0,0,0
13018,0,0,0,0,0,0,0,0,0
13019,0,0,0,0,0,0,0,0,0
13020,0,0,0,0,0,0,0,0,0
13021,0,0,0,0,0,0,0,0,0
13022,0,0,0,0,0,0,0,0,0
13023,0,0,0,0,0,0,0,0,0
13024,0,0,0,0,0,0,0,0,0
13025,0,0,0,0,0,0,0,0,0
13026,0,0,0,0,0,0,0,0,0
13027,0,0,0,0,0,0,0,0,0
13028,0,0,0,0,0,0,0,0,0
13029,0,0,0,0,0,0,0,0,0
13030,0,0,0,0,0,0,0,0,0
13031,0,0,0,0,0,0,0,0,0
13032,0,0,0,0,0,0,0,0,0
13033,0,0,0,0,0,0,0,0,0
13034,1.77873e-06,3.96813e-08,2.18673e-13,4.20102e-15,4.04991e-18,3.22785e-17,1.24009e-28,3.03938e-50,1.81841e-06
13035,0,0,0,0,0,0,0,0,0
13036,0,0,0,0,0,0,0,0,0
13037,7.92825e-07,7.11724e-09,9.22013e-16,1.86358e-17,2.34106e-20,5.69501e-20,1.08869e-31,1.15061e-53,7.99942e-07
13038,0,0,0,0,0,0,0,0,0
13039,9.16408e-07,3.89494e-09,5.01115e-19,1.26513e-20,2.52759e-23,4.77022e-23,1.55263e-34,1.66921e-56,9.20303e-07
13040,0,0,0,0,0,0,0,0,0
13041,0,0,0,0,0,0,0,0,0
13042,0,0,0,0,0,0,0,0,0
13043,0,0,0,0,0,0,0,0,0
13044,0,0,0,0,0,0,0,0,0
13045,0,0,0,0,0,0,0,0,0
13046,0,0,0,0,0,0,0,0,0
13047,0,0,0,0,0,0,0,0,0
13048,0,0,0,0,0,0,0,0,0
13049,0,0,0,0,0,0,0,0,0
13050,0,0,0,0,0,0,0,0,0
13051,0,0,0,0,0,0,0,0,0
13052,0,0,0,0,0,0,0,0,0
13053,0,0,0,0,0,0,0,0,0
13054,0,0,0,0,0,0,0,0,0
13055,0,0,0,0,0,0,0,0,0
13056,0,0,0,0,0,0,0,0,0
13057,0,0,0,0,0,0,0,0,0
13058,0,0,0,0,0,0,0,0,0
13059,0,0,0,0,0,0,0,0,0
13060,0,0,0,0,0,0,0,0,0
13061,0,0,0,0,0,0,0,0,0
13062,0,0,0,0,0,0,0,0,0
13063,0,0,0,0,0,0,0,0,0
13064,0,0,0,0,0,0,0,0,0
13065,0,0,0,0,0,0,0,0,0
13066,0,0,0,0,0,0,0,0,0
13067,0,0,0,0,0,0,0,0,0
13068,0,0,0,0,0,0,0,0,0
13069,0,0,0,0,0,0,0,0,0
13070,1.36463e-06,3.81085e-08,4.00384e-11,6.59235e-13,4.84346e-16,3.51389e-15,5.21498e-27,6.31214e-49,1.40278e-06
13071,0,0,0,0,0,0,0,0,0
13072,0,0,0,0,0,0,0,0,0
13073,0,0,0,0,0,0,0,0,0
13074,0,0,0,0,0,0,0,0,0
13075,0,0,0,0,0,0,0,0,0
13076,0,0,0,0,0,0,0,0,0
13077,0,0,0,0,0,0,0,0,0
13078,0,0,0,0,0,0,0,0,0
13079,0,0,0,0,0,0,0,0,0
13080,0,0,0,0,0,0,0,0,0
13081,0,0,0,0,0,0,0,0,0
13082,0,0,0,0,0,0,0,0,0
13083,0,0,0,0,0,0,0,0,0
13084,0,0,0,0,0,0,0,0,0
13085,0,0,0,0,0,0,0,0,0
13086,0,0,0,0,0,0,0,0,0
13087,0,0,0,0,0,0,0,0,0
13088,0,0,0,0,0,0,0,0,0
13089,0,0,0,0,0,0,0,0,0
13090,0,0,0,0,0,0,0,0,0
13091,0,0,0,0,0,0,0,0,0
13092,0,0,0,0,0,0,0,0,0
13093,0,0,0,0,0,0,0,0,0
13094,0,0,0,0,0,0,0,0,0
13095,0,0,0,0,0,0,0,0,0
13096,0,0,0,0,0,0,0,0,0
13097,0,0,0,0,0,0,0,0,0
13098,0,0,0,0,0,0,0,0,0
13099,0,0,0,0,0,0,0,0,0
13100,0,0,0,0,0,0,0,0,0
13101,0,0,0,0,0,0,0,0,0
13102,0,0,0,0,0,0,0,0,0
13103,0,0,0,0,0,0,0,0,0
13104,0,0,0,0,0,0,0,0,0
13105,0,0,0,0,0,0,0,0,0
13106,0,0,0,0,0,0,0,0,0
13107,0,0,0,0,0,0,0,0,0
13108,0,0,0,0,0,0,0,0,0
13109,0,0,0,0,0,0,0,0,0
13110,0,0,0,0,0,0,0,0,0
13111,0,0,0,0,0,0,0,0,0
13112,0,0,0,0,0,0,0,0,0
13113,0,0,0,0,0,0,0,0,0
13114,0,0,0,0,0,0,0,0,0
13115,3.56975e-06,4.59016e-08,3.08442e-11,7.46454e-13,1.16192e-15,1.70518e-15,9.16273e-28,5.27889e-49,3.61568e-06
13116,0,0,0,0,0,0,0,0,0
13117,0,0,0,0,0,0,0,0,0
13118,0,0,0,0,0,0,0,0,0
13119,0,0,0,0,0,0,0,0,0
13120,0,0,0,0,0,0,0,0,0
13121,0,0,0,0,0,0,0,0,0
13122,0,0,0,0,0,0,0,0,0
13123,0,0,0,0,0,0,0,0,0
13124,0,0,0,0,0,0,0,0,0
13125,0,0,0,0,0,0,0,0,0
13126,0,0,0,0,0,0,0,0,0
13127,0,0,0,0,0,0,0,0,0
13128,0,0,0,0,0,0,0,0,0
13129,0,0,0,0,0,0,0,0,0
13130,0,0,0,0,0,0,0,0,0
13131,0,0,0,0,0,0,0,0,0
13132,1.02441e-06,1.04882e-08,1.94453e-13,4.13881e-15,4.20319e-18,2.2625e-17,5.62089e-29,8.90901e-51,1.0349e-06
13133,0,0,0,0,0,0,0,0,0
13134,0,0,0,0,0,0,0,0,0
13135,0,0,0,0,0,0,0,0,0
13136,0,0,0,0,0,0,0,0,0
13137,0,0,0,0,0,0,0,0,0
13138,0,0,0,0,0,0,0,0,0
13139,0,0,0,0,0,0,0,0,0
13140,0,0,0,0,0,0,0,0,0
13141,0,0,0,0,0,0,0,0,0
13142,0,0,0,0,0,0,0,0,0
13143,0,0,0,0,0,0,0,0,0
13144,0,0,0,0,0,0,0,0,0
13145,0,0,0,0,0,0,0,0,0
13146,0,0,0,0,0,0,0,0,0
13147,0,0,0,0,0,0,0,0,0
13148,0,0,0,0,0,0,0,0,0
13149,0,0,0,0,0,0,0,0,0
13150,0,0,0,0,0,0,0,0,0
13151,0,0,0,0,0,0,0,0,0
13152,0,0,0,0,0,0,0,0,0
13153,0,0,0,0,0,0,0,0,0
13154,0,0,0,0,0,0,0,0,0
13155,0,0,0,0,0,0,0,0,0
13156,0,0,0,0,0,0,0,0,0
13157,0,0,0,0,0,0,0,0,0
13158,0,0,0,0,0,0,0,0,0
13159,0,0,0,0,0,0,0,0,0
13160,0,0,0,0,0,0,0,0,0
13161,0,0,0,0,0,0,0,0,0
13162,0,0,0,0,0,0,0,0,0
13163,0,0,0,0,0,0,0,0,0
13164,0,0,0,0,0,0,0,0,0
13165,0,0,0,0,0,0,0,0,0
13166,0,0,0,0,0,0,0,0,0
13167,0,0,0,0,0,0,0,0,0
13168,0,0,0,0,0,0,0,0,0
13169,0,0,0,0,0,0,0,0,0
13170,0,0,0,0,0,0,0,0,0
13171,0,0,0,0,0,0,0,0,0
13172,0,0,0,0,0,0,0,0,0
13173,0,0,0,0,0,0,0,0,0
13174,0,0,0,0,0,0,0,0,0
13175,0,0,0,0,0,0,0,0,0
13176,0,0,0,0,0,0,0,0,0
13177,0,0,0,0,0,0,0,0,0
13178,0,0,0,0,0,0,0,0,0
13179,0,0,0,0,0,0,0,0,0
13180,0,0,0,0,0,0,0,0,0
13181,0,0,0,0,0,0,0,0,0
13182,0,0,0,0,0,0,0,0,0
13183,0,0,0,0,0,0,0,0,0
13184,0,0,0,0,0,0,0,0,0
13185,0,0,0,0,0,0,0,0,0
13186,0,0,0,0,0,0,0,0,0
13187,0,0,0,0,0,0,0,0,0
13188,0,0,0,0,0,0,0,0,0
13189,0,0,0,0,0,0,0,0,0
13190,0,0,0,0,0,0,0,0,0
13191,0,0,0,0,0,0,0,0,0
13192,0,0,0,0,0,0,0,0,0
13193,0,0,0,0,0,0,0,0,0
13194,0,0,0,0,0,0,0,0,0
13195,0,0,0,0,0,0,0,0,0
13196,0,0,0,0,0,0,0,0,0
13197,0,0,0,0,0,0,0,0,0
13198,0,0,0,0,0,0,0,0,0
13199,0,0,0,0,0,0,0,0,0
13200,0,0,0,0,0,0,0,0,0
13201,0,0,0,0,0,0,0,0,0
13202,0,0,0,0,0,0,0,0,0
13203,0,0,0,0,0,0,0,0,0
13204,0,0,0,0,0,0,0,0,0
13205,0,0,0,0,0,0,0,0,0
13206,0,0,0,0,0,0,0,0,0
13207,0,0,0,0,0,0,0,0,0
13208,0,0,0,0,0,0,0,0,0
13209,0,0,0,0,0,0,0,0,0
13210,0,0,0,0,0,0,0,0,0
13211,0,0,0,0,0,0,0,0,0
13212,0,0,0,0,0,0,0,0,0
13213,0,0,0,0,0,0,0,0,0
13214,0,0,0,0,0,0,0,0,0
13215,0,0,0,0,0,0,0,0,0
13216,0,0,0,0,0,0,0,0,0
13217,3.4236e-06,8.67551e-08,1.07562e-10,2.17959e-12,2.48558e-15,1.42123e-14,2.06922e-26,1.28977e-48,3.51046e-06
13218,0,0,0,0,0,0,0,0,0
13219,0,0,0,0,0,0,0,0,0
13220,0,0,0,0,0,0,0,0,0
13221,0,0,0,0,0,0,0,0,0
13222,0,0,0,0,0,0,0,0,0
13223,0,0,0,0,0,0,0,0,0
13224,0,0,0,0,0,0,0,0,0
13225,0,0,0,0,0,0,0,0,0
13226,0,0,0,0,0,0,0,0,0
13227,0,0,0,0,0,0,0,0,0
13228,0,0,0,0,0,0,0,0,0
13229,0,0,0,0,0,0,0,0,0
13230,0,0,0,0,0,0,0,0,0
13231,0,0,0,0,0,0,0,0,0
13232,0,0,0,0,0,0,0,0,0
13233,0,0,0,0,0,0,0,0,0
13234,0,0,0,0,0,0,0,0,0
13235,0,0,0,0,0,0,0,0,0
13236,0,0,0,0,0,0,0,0,0
13237,0,0,0,0,0,0,0,0,0
13238,0,0,0,0,0,0,0,0,0
13239,0,0,0,0,0,0,0,0,0
13240,0,0,0,0,0,0,0,0,0
13241,0,0,0,0,0,0,0,0,0
13242,0,0,0,0,0,0,0,0,0
13243,0,0,0,0,0,0,0,0,0
13244,0,0,0,0,0,0,0,0,0
13245,0,0,0,0,0,0,0,0,0
13246,0,0,0,0,0,0,0,0,0
13247,0,0,0,0,0,0,0,0,0
13248,0,0,0,0,0,0,0,0,0
13249,0,0,0,0,0,0,0,0,0
13250,0,0,0,0,0,0,0,0,0
13251,0,0,0,0,0,0,0,0,0
13252,0,0,0,0,0,0,0,0,0
13253,0,0,0,0,0,0,0,0,0
13254,0,0,0,0,0,0,0,0,0
13255,0,0,0,0,0,0,0,0,0
13256,0,0,0,0,0,0,0,0,0
13257,0,0,0,0,0,0,0,0,0
13258,0,0,0,0,0,0,0,0,0
13259,0,0,0,0,0,0,0,0,0
13260,0,0,0,0,0,0,0,0,0
13261,0,0,0,0,0,0,0,0,0
13262,0,0,0,0,0,0,0,0,0
13263,0,0,0,0,0,0,0,0,0
13264,0,0,0,0,0,0,0,0,0
13265,0,0,0,0,0,0,0,0,0
13266,0,0,0,0,0,0,0,0,0
13267,0,0,0,0,0,0,0,0,0
13268,0,0,0,0,0,0,0,0,0
13269,0,0,0,0,0,0,0,0,0
13270,0,0,0,0,0,0,0,0,0
13271,0,0,0,0,0,0,0,0,0
13272,0,0,0,0,0,0,0,0,0
13273,0,0,0,0,0,0,0,0,0
13274,0,0,0,0,0,0,0,0,0
13275,0,0,0,0,0,0,0,0,0
13276,0,0,0,0,0,0,0,0,0
13277,0,0,0,0,0,0,0,0,0
13278,0,0,0,0,0,0,0,0,0
13279,0,0,0,0,0,0,0,0,0
13280,0,0,0,0,0,0,0,0,0
13281,0,0,0,0,0,0,0,0,0
13282,0,0,0,0,0,0,0,0,0
13283,0,0,0,0,0,0,0,0,0
13284,0,0,0,0,0,0,0,0,0
13285,0,0,0,0,0,0,0,0,0
13286,0,0,0,0,0,0,0,0,0
13287,0,0,0,0,0,0,0,0,0
13288,0,0,0,0,0,0,0,0,0
13289,0,0,0,0,0,0,0,0,0
13290,0,0,0,0,0,0,0,0,0
13291,0,0,0,0,0,0,0,0,0
13292,0,0,0,0,0,0,0,0,0
13293,0,0,0,0,0,0,0,0,0
13294,0,0,0,0,0,0,0,0,0
13295,0,0,0,0,0,0,0,0,0
13296,0,0,0,0,0,0,0,0,0
13297,0,0,0,0,0,0,0,0,0
13298,0,0,0,0,0,0,0,0,0
13299,0,0,0,0,0,0,0,0,0
13300,0,0,0,0,0,0,0,0,0
13301,0,0,0,0,0,0,0,0,0
13302,1.69262e-06,1.76642e-08,5.28521e-14,1.20114e-15,1.46716e-18,4.9319e-18,3.10477e-30,8.7811e-53,1.71028e-06
13303,0,0,0,0,0,0,0,0,0
13304,0,0,0,0,0,0,0,0,0
13305,0,0,0,0,0,0,0,0,0
13306,0,0,0,0,0,0,0,0,0
13307,0,0,0,0,0,0,0,0,0
13308,0,0,0,0,0,0,0,0,0
13309,0,0,0,0,0,0,0,0,0
13310,0,0,0,0,0,0,0,0,0
13311,0,0,0,0,0,0,0,0,0
13312,0,0,0,0,0,0,0,0,0
13313,0,0,0,0,0,0,0,0,0
13314,0,0,0,0,0,0,0,0,0
13315,0,0,0,0,0,0,0,0,0
13316,5.42211e-06,1.71355e-07,2.82247e-10,6.48278e-12,7.30357e-15,4.09746e-14,9.90199e-26,9.37985e-48,5.59375e-06
13317,0,0,0,0,0,0,0,0,0
13318,0,0,0,0,0,0,0,0,0
13319,0,0,0,0,0,0,0,0,0
13320,0,0,0,0,0,0,0,0,0
13321,0,0,0,0,0,0,0,0,0
13322,1.24021e-06,1.44215e-08,4.82209e-12,9.95663e-14,8.93028e-17,5.99031e-16,6.26394e-28,3.767e-50,1.25464e-06
13323,0,0,0,0,0,0,0,0,0
13324,0,0,0,0,0,0,0,0,0
13325,0,0,0,0,0,0,0,0,0
13326,0,0,0,0,0,0,0,0,0
13327,0,0,0,0,0,0,0,0,0
13328,0,0,0,0,0,0,0,0,0
13329,0,0,0,0,0,0,0,0,0
13330,0,0,0,0,0,0,0,0,0
13331,0,0,0,0,0,0,0,0,0
13332,0,0,0,0,0,0,0,0,0
13333,0,0,0,0,0,0,0,0,0
13334,0,0,0,0,0,0,0,0,0
13335,0,0,0,0,0,0,0,0,0
13336,0,0,0,0,0,0,0,0,0
13337,0,0,0,0,0,0,0,0,0
13338,0,0,0,0,0,0,0,0,0
13339,0,0,0,0,0,0,0,0,0
13340,0,0,0,0,0,0,0,0,0
13341,0,0,0,0,0,0,0,0,0
13342,0,0,0,0,0,0,0,0,0
13343,0,0,0,0,0,0,0,0,0
13344,0,0,0,0,0,0,0,0,0
13345,0,0,0,0,0,0,0,0,0
13346,0,0,0,0,0,0,0,0,0
13347,0,0,0,0,0,0,0,0,0
13348,0,0,0,0,0,0,0,0,0
13349,0,0,0,0,0,0,0,0,0
13350,0,0,0,0,0,0,0,0,0
13351,0,0,0,0,0,0,0,0,0
13352,0,0,0,0,0,0,0,0,0
13353,0,0,0,0,0,0,0,0,0
13354,0,0,0,0,0,0,0,0,0
13355,0,0,0,0,0,0,0,0,0
13356,0,0,0,0,0,0,0,0,0
13357,0,0,0,0,0,0,0,0,0
13358,0,0,0,0,0,0,0,0,0
13359,0,0,0,0,0,0,0,0,0
13360,0,0,0,0,0,0,0,0,0
13361,0,0,0,0,0,0,0,0,0
13362,0,0,0,0,0,0,0,0,0
13363,0,0,0,0,0,0,0,0,0
13364,0,0,0,0,0,0,0,0,0
13365,0,0,0,0,0,0,0,0,0
13366,0,0,0,0,0,0,0,0,0
13367,0,0,0,0,0,0,0,0,0
13368,0,0,0,0,0,0,0,0,0
13369,0,0,0,0,0,0,0,0,0
13370,0,0,0,0,0,0,0,0,0
13371,0,0,0,0,0,0,0,0,0
13372,0,0,0,0,0,0,0,0,0
13373,0,0,0,0,0,0,0,0,0
13374,0,0,0,0,0,0,0,0,0
13375,0,0,0,0,0,0,0,0,0
13376,0,0,0,0,0,0,0,0,0
13377,0,0,0,0,0,0,0,0,0
13378,0,0,0,0,0,0,0,0,0
13379,0,0,0,0,0,0,0,0,0
13380,0,0,0,0,0,0,0,0,0
13381,0,0,0,0,0,0,0,0,0
13382,0,0,0,0,0,0,0,0,0
13383,0,0,0,0,0,0,0,0,0
13384,0,0,0,0,0,0,0,0,0
13385,0,0,0,0,0,0,0,0,0
13386,0,0,0,0,0,0,0,0,0
13387,0,0,0,0,0,0,0,0,0
13388,0,0,0,0,0,0,0,0,0
13389,0,0,0,0,0,0,0,0,0
13390,0,0,0,0,0,0,0,0,0
13391,0,0,0,0,0,0,0,0,0
13392,0,0,0,0,0,0,0,0,0
13393,0,0,0,0,0,0,0,0,0
13394,0,0,0,0,0,0,0,0,0
13395,0,0,0,0,0,0,0,0,0
13396,0,0,0,0,0,0,0,0,0
13397,0,0,0,0,0,0,0,0,0
13398,0,0,0,0,0,0,0,0,0
13399,0,0,0,0,0,0,0,0,0
13400,0,0,0,0,0,0,0,0,0
13401,0,0,0,0,0,0,0,0,0
13402,0,0,0,0,0,0,0,0,0
13403,0,0,0,0,0,0,0,0,0
13404,0,0,0,0,0,0,0,0,0
13405,0,0,0,0,0,0,0,0,0
13406,0,0,0,0,0,0,0,0,0
13407,0,0,0,0,0,0,0,0,0
13408,0,0,0,0,0,0,0,0,0
13409,0,0,0,0,0,0,0,0,0
13410,0,0,0,0,0,0,0,0,0
13411,0,0,0,0,0,0,0,0,0
13412,0,0,0,0,0,0,0,0,0
13413,0,0,0,0,0,0,0,0,0
13414,0,0,0,0,0,0,0,0,0
13415,0,0,0,0,0,0,0,0,0
13416,0,0,0,0,0,0,0,0,0
13417,0,0,0,0,0,0,0,0,0
13418,0,0,0,0,0,0,0,0,0
13419,0,0,0,0,0,0,0,0,0
13420,0,0,0,0,0,0,0,0,0
13421,0,0,0,0,0,0,0,0,0
13422,0,0,0,0,0,0,0,0,0
13423,0,0,0,0,0,0,0,0,0
13424,0,0,0,0,0,0,0,0,0
13425,0,0,0,0,0,0,0,0,0
13426,0,0,0,0,0,0,0,0,0
13427,0,0,0,0,0,0,0,0,0
13428,0,0,0,0,0,0,0,0,0
13429,0,0,0,0,0,0,0,0,0
13430,0,0,0,0,0,0,0,0,0
13431,0,0,0,0,0,0,0,0,0
13432,0,0,0,0,0,0,0,0,0
13433,0,0,0,0,0,0,0,0,0
13434,0,0,0,0,0,0,0,0,0
13435,0,0,0,0,0,0,0,0,0
13436,0,0,0,0,0,0,0,0,0
13437,0,0,0,0,0,0,0,0,0
13438,0,0,0,0,0,0,0,0,0
13439,0,0,0,0,0,0,0,0,0
13440,0,0,0,0,0,0,0,0,0
13441,0,0,0,0,0,0,0,0,0
13442,0,0,0,0,0,0,0,0,0
13443,0,0,0,0,0,0,0,0,0
13444,0,0,0,0,0,0,0,0,0
13445,0,0,0,0,0,0,0,0,0
13446,0,0,0,0,0,0,0,0,0
13447,0,0,0,0,0,0,0,0,0
13448,0,0,0,0,0,0,0,0,0
13449,0,0,0,0,0,0,0,0,0
13450,0,0,0,0,0,0,0,0,0
13451,0,0,0,0,0,0,0,0,0
13452,0,0,0,0,0,0,0,0,0
13453,0,0,0,0,0,0,0,0,0
13454,0,0,0,0,0,0,0,0,0
13455,0,0,0,0,0,0,0,0,0
13456,0,0,0,0,0,0,0,0,0
13457,0,0,0,0,0,0,0,0,0
13458,0,0,0,0,0,0,0,0,0
13459,0,0,0,0,0,0,0,0,0
13460,0,0,0,0,0,0,0,0,0
13461,0,0,0,0,0,0,0,0,0
13462,0,0,0,0,0,0,0,0,0
13463,0,0,0,0,0,0,0,0,0
13464,0,0,0,0,0,0,0,0,0
13465,0,0,0,0,0,0,0,0,0
13466,0,0,0,0,0,0,0,0,0
13467,0,0,0,0,0,0,0,0,0
13468,0,0,0,0,0,0,0,0,0
13469,0,0,0,0,0,0,0,0,0
13470,0,0,0,0,0,0,0,0,0
13471,0,0,0,0,0,0,0,0,0
13472,0,0,0,0,0,0,0,0,0
13473,0,0,0,0,0,0,0,0,0
13474,0,0,0,0,0,0,0,0,0
13475,0,0,0,0,0,0,0,0,0
13476,0,0,0,0,0,0,0,0,0
13477,0,0,0,0,0,0,0,0,0
13478,0,0,0,0,0,0,0,0,0
13479,0,0,0,0,0,0,0,0,0
13480,0,0,0,0,0,0,0,0,0
13481,0,0,0,0,0,0,0,0,0
13482,0,0,0,0,0,0,0,0,0
13483,0,0,0,0,0,0,0,0,0
13484,0,0,0,0,0,0,0,0,0
13485,0,0,0,0,0,0,0,0,0
13486,0,0,0,0,0,0,0,0,0
13487,0,0,0,0,0,0,0,0,0
13488,0,0,0,0,0,0,0,0,0
13489,0,0,0,0,0,0,0,0,0
13490,0,0,0,0,0,0,0,0,0
13491,0,0,0,0,0,0,0,0,0
13492,0,0,0,0,0,0,0,0,0
13493,0,0,0,0,0,0,0,0,0
13494,0,0,0,0,0,0,0,0,0
13495,0,0,0,0,0,0,0,0,0
13496,0,0,0,0,0,0,0,0,0
13497,0,0,0,0,0,0,0,0,0
13498,0,0,0,0,0,0,0,0,0
13499,0,0,0,0,0,0,0,0,0
13500,0,0,0,0,0,0,0,0,0
13501,0,0,0,0,0,0,0,0,0
13502,0,0,0,0,0,0,0,0,0
13503,0,0,0,0,0,0,0,0,0
13504,0,0,0,0,0,0,0,0,0
13505,0,0,0,0,0,0,0,0,0
13506,0,0,0,0,0,0,0,0,0
13507,0,0,0,0,0,0,0,0,0
13508,0,0,0,0,0,0,0,0,0
13509,0,0,0,0,0,0,0,0,0
13510,0,0,0,0,0,0,0,0,0
13511,0,0,0,0,0,0,0,0,0
13512,0,0,0,0,0,0,0,0,0
13513,0,0,0,0,0,0,0,0,0
13514,0,0,0,0,0,0,0,0,0
13515,0,0,0,0,0,0,0,0,0
13516,0,0,0,0,0,0,0,0,0
13517,0,0,0,0,0,0,0,0,0
13518,0,0,0,0,0,0,0,0,0
13519,0,0,0,0,0,0,0,0,0
13520,0,0,0,0,0,0,0,0,0
13521,0,0,0,0,0,0,0,0,0
13522,0,0,0,0,0,0,0,0,0
13523,0,0,0,0,0,0,0,0,0
13524,0,0,0,0,0,0,0,0,0
13525,0,0,0,0,0,0,0,0,0
13526,0,0,0,0,0,0,0,0,0
13527,0,0,0,0,0,0,0,0,0
13528,0,0,0,0,0,0,0,0,0
13529,0,0,0,0,0,0,0,0,0
13530,0,0,0,0,0,0,0,0,0
13531,0,0,0,0,0,0,0,0,0
13532,0,0,0,0,0,0,0,0,0
13533,0,0,0,0,0,0,0,0,0
13534,0,0,0,0,0,0,0,0,0
13535,0,0,0,0,0,0,0,0,0
13536,0,0,0,0,0,0,0,0,0
13537,0,0,0,0,0,0,0,0,0
13538,0,0,0,0,0,0,0,0,0
13539,3.03333e-06,3.73516e-08,3.72928e-13,8.57664e-15,1.22401e-17,5.28984e-17,5.29729e-29,9.35466e-52,3.07069e-06
13540,0,0,0,0,0,0,0,0,0
13541,0,0,0,0,0,0,0,0,0
13542,0,0,0,0,0,0,0,0,0
13543,0,0,0,0,0,0,0,0,0
13544,0,0,0,0,0,0,0,0,0
13545,0,0,0,0,0,0,0,0,0
13546,0,0,0,0,0,0,0,0,0
13547,0,0,0,0,0,0,0,0,0
13548,0,0,0,0,0,0,0,0,0
13549,0,0,0,0,0,0,0,0,0
13550,0,0,0,0,0,0,0,0,0
13551,0,0,0,0,0,0,0,0,0
13552,0,0,0,0,0,0,0,0,0
13553,0,0,0,0,0,0,0,0,0
13554,0,0,0,0,0,0,0,0,0
13555,0,0,0,0,0,0,0,0,0
13556,0,0,0,0,0,0,0,0,0
13557,0,0,0,0,0,0,0,0,0
13558,0,0,0,0,0,0,0,0,0
13559,0,0,0,0,0,0,0,0,0
13560,0,0,0,0,0,0,0,0,0
13561,0,0,0,0,0,0,0,0,0
13562,0,0,0,0,0,0,0,0,0
13563,0,0,0,0,0,0,0,0,0
13564,0,0,0,0,0,0,0,0,0
13565,0,0,0,0,0,0,0,0,0
13566,0,0,0,0,0,0,0,0,0
13567,0,0,0,0,0,0,0,0,0
13568,0,0,0,0,0,0,0,0,0
13569,0,0,0,0,0,0,0,0,0
13570,0,0,0,0,0,0,0,0,0
13571,0,0,0,0,0,0,0,0,0
13572,3.05944e-06,5.15904e-08,5.19375e-12,1.08682e-13,1.32202e-16,6.77992e-16,6.34754e-28,1.10436e-50,3.11104e-06
13573,0,0,0,0,0,0,0,0,0
13574,0,0,0,0,0,0,0,0,0
13575,0,0,0,0,0,0,0,0,0
13576,0,0,0,0,0,0,0,0,0
13577,0,0,0,0,0,0,0,0,0
13578,0,0,0,0,0,0,0,0,0
13579,0,0,0,0,0,0,0,0,0
13580,0,0,0,0,0,0,0,0,0
13581,0,0,0,0,0,0,0,0,0
13582,0,0,0,0,0,0,0,0,0
13583,0,0,0,0,0,0,0,0,0
13584,0,0,0,0,0,0,0,0,0
13585,0,0,0,0,0,0,0,0,0
13586,0,0,0,0,0,0,0,0,0
13587,0,0,0,0,0,0,0,0,0
13588,0,0,0,0,0,0,0,0,0
13589,0,0,0,0,0,0,0,0,0
13590,0,0,0,0,0,0,0,0,0
13591,0,0,0,0,0,0,0,0,0
13592,0,0,0,0,0,0,0,0,0
13593,0,0,0,0,0,0,0,0,0
13594,0,0,0,0,0,0,0,0,0
13595,0,0,0,0,0,0,0,0,0
13596,0,0,0,0,0,0,0,0,0
13597,0,0,0,0,0,0,0,0,0
13598,0,0,0,0,0,0,0,0,0
13599,0,0,0,0,0,0,0,0,0
13600,0,0,0,0,0,0,0,0,0
13601,0,0,0,0,0,0,0,0,0
13602,0,0,0,0,0,0,0,0,0
13603,0,0,0,0,0,0,0,0,0
13604,0,0,0,0,0,0,0,0,0
13605,0,0,0,0,0,0,0,0,0
13606,0,0,0,0,0,0,0,0,0
13607,0,0,0,0,0,0,0,0,0
13608,0,0,0,0,0,0,0,0,0
13609,0,0,0,0,0,0,0,0,0
13610,0,0,0,0,0,0,0,0,0
13611,0,0,0,0,0,0,0,0,0
13612,0,0,0,0,0,0,0,0,0
13613,0,0,0,0,0,0,0,0,0
13614,0,0,0,0,0,0,0,0,0
13615,0,0,0,0,0,0,0,0,0
13616,0,0,0,0,0,0,0,0,0
13617,0,0,0,0,0,0,0,0,0
13618,0,0,0,0,0,0,0,0,0
13619,0,0,0,0,0,0,0,0,0
13620,0,0,0,0,0,0,0,0,0
13621,0,0,0,0,0,0,0,0,0
13622,0,0,0,0,0,0,0,0,0
13623,0,0,0,0,0,0,0,0,0
13624,0,0,0,0,0,0,0,0,0
13625,0,0,0,0,0,0,0,0,0
13626,0,0,0,0,0,0,0,0,0
13627,0,0,0,0,0,0,0,0,0
13628,0,0,0,0,0,0,0,0,0
13629,0,0,0,0,0,0,0,0,0
13630,0,0,0,0,0,0,0,0,0
13631,0,0,0,0,0,0,0,0,0
13632,0,0,0,0,0,0,0,0,0
13633,0,0,0,0,0,0,0,0,0
13634,0,0,0,0,0,0,0,0,0
13635,0,0,0,0,0,0,0,0,0
13636,0,0,0,0,0,0,0,0,0
13637,0,0,0,0,0,0,0,0,0
13638,0,0,0,0,0,0,0,0,0
13639,0,0,0,0,0,0,0,0,0
13640,0,0,0,0,0,0,0,0,0
13641,0,0,0,0,0,0,0,0,0
13642,0,0,0,0,0,0,0,0,0
13643,0,0,0,0,0,0,0,0,0
13644,0,0,0,0,0,0,0,0,0
13645,0,0,0,0,0,0,0,0,0
13646,0,0,0,0,0,0,0,0,0
13647,0,0,0,0,0,0,0,0,0
13648,0,0,0,0,0,0,0,0,0
13649,0,0,0,0,0,0,0,0,0
13650,0,0,0,0,0,0,0,0,0
13651,0,0,0,0,0,0,0,0,0
13652,0,0,0,0,0,0,0,0,0
13653,0,0,0,0,0,0,0,0,0
13654,0,0,0,0,0,0,0,0,0
13655,0,0,0,0,0,0,0,0,0
13656,0,0,0,0,0,0,0,0,0
13657,0,0,0,0,0,0,0,0,0
13658,0,0,0,0,0,0,0,0,0
13659,9.73374e-07,2.26254e-08,1.82559e-11,2.23732e-13,1.38576e-16,2.22729e-15,1.48665e-27,1.34551e-50,9.96017e-07
13660,0,0,0,0,0,0,0,0,0
13661,0,0,0,0,0,0,0,0,0
13662,0,0,0,0,0,0,0,0,0
13663,0,0,0,0,0,0,0,0,0
13664,0,0,0,0,0,0,0,0,0
13665,0,0,0,0,0,0,0,0,0
13666,0,0,0,0,0,0,0,0,0
13667,0,0,0,0,0,0,0,0,0
13668,0,0,0,0,0,0,0,0,0
13669,0,0,0,0,0,0,0,0,0
13670,0,0,0,0,0,0,0,0,0
13671,0,0,0,0,0,0,0,0,0
13672,0,0,0,0,0,0,0,0,0
13673,0,0,0,0,0,0,0,0,0
13674,0,0,0,0,0,0,0,0,0
13675,0,0,0,0,0,0,0,0,0
13676,0,0,0,0,0,0,0,0,0
13677,0,0,0,0,0,0,0,0,0
13678,0,0,0,0,0,0,0,0,0
13679,0,0,0,0,0,0,0,0,0
13680,0,0,0,0,0,0,0,0,0
13681,0,0,0,0,0,0,0,0,0
13682,0,0,0,0,0,0,0,0,0
13683,0,0,0,0,0,0,0,0,0
13684,0,0,0,0,0,0,0,0,0
13685,0,0,0,0,0,0,0,0,0
13686,0,0,0,0,0,0,0,0,0
13687,0,0,0,0,0,0,0,0,0
13688,0,0,0,0,0,0,0,0,0
13689,0,0,0,0,0,0,0,0,0
13690,0,0,0,0,0,0,0,0,0
13691,0,0,0,0,0,0,0,0,0
13692,0,0,0,0,0,0,0,0,0
13693,0,0,0,0,0,0,0,0,0
13694,0,0,0,0,0,0,0,0,0
13695,0,0,0,0,0,0,0,0,0
13696,0,0,0,0,0,0,0,0,0
13697,0,0,0,0,0,0,0,0,0
13698,0,0,0,0,0,0,0,0,0
13699,0,0,0,0,0,0,0,0,0
13700,0,0,0,0,0,0,0,0,0
13701,0,0,0,0,0,0,0,0,0
13702,0,0,0,0,0,0,0,0,0
13703,0,0,0,0,0,0,0,0,0
13704,0,0,0,0,0,0,0,0,0
13705,0,0,0,0,0,0,0,0,0
13706,0,0,0,0,0,0,0,0,0
13707,0,0,0,0,0,0,0,0,0
13708,0,0,0,0,0,0,0,0,0
13709,0,0,0,0,0,0,0,0,0
13710,0,0,0,0,0,0,0,0,0
13711,0,0,0,0,0,0,0,0,0
13712,0,0,0,0,0,0,0,0,0
13713,0,0,0,0,0,0,0,0,0
13714,0,0,0,0,0,0,0,0,0
13715,0,0,0,0,0,0,0,0,0
13716,0,0,0,0,0,0,0,0,0
13717,0,0,0,0,0,0,0,0,0
13718,0,0,0,0,0,0,0,0,0
13719,0,0,0,0,0,0,0,0,0
13720,0,0,0,0,0,0,0,0,0
13721,0,0,0,0,0,0,0,0,0
13722,0,0,0,0,0,0,0,0,0
13723,0,0,0,0,0,0,0,0,0
13724,0,0,0,0,0,0,0,0,0
13725,0,0,0,0,0,0,0,0,0
13726,0,0,0,0,0,0,0,0,0
13727,0,0,0,0,0,0,0,0,0
13728,0,0,0,0,0,0,0,0,0
13729,0,0,0,0,0,0,0,0,0
13730,0,0,0,0,0,0,0,0,0
13731,0,0,0,0,0,0,0,0,0
13732,0,0,0,0,0,0,0,0,0
13733,0,0,0,0,0,0,0,0,0
13734,1.84745e-06,2.6186e-08,1.23387e-13,2.57873e-15,2.4617e-18,1.09326e-17,6.91628e-30,8.9165e-53,1.87363e-06
13735,0,0,0,0,0,0,0,0,0
13736,0,0,0,0,0,0,0,0,0
13737,0,0,0,0,0,0,0,0,0
13738,0,0,0,0,0,0,0,0,0
13739,0,0,0,0,0,0,0,0,0
13740,0,0,0,0,0,0,0,0,0
13741,0,0,0,0,0,0,0,0,0
13742,0,0,0,0,0,0,0,0,0
13743,0,0,0,0,0,0,0,0,0
13744,0,0,0,0,0,0,0,0,0
13745,0,0,0,0,0,0,0,0,0
13746,0,0,0,0,0,0,0,0,0
13747,0,0,0,0,0,0,0,0,0
13748,0,0,0,0,0,0,0,0,0
13749,0,0,0,0,0,0,0,0,0
13750,0,0,0,0,0,0,0,0,0
13751,0,0,0,0,0,0,0,0,0
13752,0,0,0,0,0,0,0,0,0
13753,0,0,0,0,0,0,0,0,0
13754,0,0,0,0,0,0,0,0,0
13755,0,0,0,0,0,0,0,0,0
13756,0,0,0,0,0,0,0,0,0
13757,0,0,0,0,0,0,0,0,0
13758,0,0,0,0,0,0,0,0,0
13759,0,0,0,0,0,0,0,0,0
13760,0,0,0,0,0,0,0,0,0
13761,0,0,0,0,0,0,0,0,0
13762,0,0,0,0,0,0,0,0,0
13763,0,0,0,0,0,0,0,0,0
13764,0,0,0,0,0,0,0,0,0
13765,0,0,0,0,0,0,0,0,0
13766,0,0,0,0,0,0,0,0,0
13767,0,0,0,0,0,0,0,0,0
13768,0,0,0,0,0,0,0,0,0
13769,0,0,0,0,0,0,0,0,0
13770,0,0,0,0,0,0,0,0,0
13771,0,0,0,0,0,0,0,0,0
13772,0,0,0,0,0,0,0,0,0
13773,0,0,0,0,0,0,0,0,0
13774,0,0,0,0,0,0,0,0,0
13775,0,0,0,0,0,0,0,0,0
13776,0,0,0,0,0,0,0,0,0
13777,0,0,0,0,0,0,0,0,0
13778,0,0,0,0,0,0,0,0,0
13779,0,0,0,0,0,0,0,0,0
13780,0,0,0,0,0,0,0,0,0
13781,0,0,0,0,0,0,0,0,0
13782,0,0,0,0,0,0,0,0,0
13783,0,0,0,0,0,0,0,0,0
13784,0,0,0,0,0,0,0,0,0
13785,0,0,0,0,0,0,0,0,0
13786,0,0,0,0,0,0,0,0,0
13787,0,0,0,0,0,0,0,0,0
13788,0,0,0,0,0,0,0,0,0
13789,0,0,0,0,0,0,0,0,0
13790,0,0,0,0,0,0,0,0,0
13791,0,0,0,0,0,0,0,0,0
13792,0,0,0,0,0,0,0,0,0
13793,0,0,0,0,0,0,0,0,0
13794,0,0,0,0,0,0,0,0,0
13795,0,0,0,0,0,0,0,0,0
13796,0,0,0,0,0,0,0,0,0
13797,0,0,0,0,0,0,0,0,0
13798,0,0,0,0,0,0,0,0,0
13799,0,0,0,0,0,0,0,0,0
13800,0,0,0,0,0,0,0,0,0
13801,0,0,0,0,0,0,0,0,0
13802,1.50394e-06,3.02106e-08,2.44212e-11,4.0108e-13,2.39757e-16,3.63153e-15,8.41903e-28,5.8666e-51,1.53417e-06
13803,0,0,0,0,0,0,0,0,0
13804,0,0,0,0,0,0,0,0,0
13805,0,0,0,0,0,0,0,0,0
13806,0,0,0,0,0,0,0,0,0
13807,0,0,0,0,0,0,0,0,0
13808,0,0,0,0,0,0,0,0,0
13809,0,0,0,0,0,0,0,0,0
13810,0,0,0,0,0,0,0,0,0
13811,0,0,0,0,0,0,0,0,0
13812,0,0,0,0,0,0,0,0,0
13813,0,0,0,0,0,0,0,0,0
13814,0,0,0,0,0,0,0,0,0
13815,0,0,0,0,0,0,0,0,0
13816,0,0,0,0,0,0,0,0,0
13817,0,0,0,0,0,0,0,0,0
13818,0,0,0,0,0,0,0,0,0
13819,0,0,0,0,0,0,0,0,0
13820,0,0,0,0,0,0,0,0,0
13821,0,0,0,0,0,0,0,0,0
13822,0,0,0,0,0,0,0,0,0
13823,0,0,0,0,0,0,0,0,0
13824,0,0,0,0,0,0,0,0,0
13825,0,0,0,0,0,0,0,0,0
13826,0,0,0,0,0,0,0,0,0
13827,0,0,0,0,0,0,0,0,0
13828,0,0,0,0,0,0,0,0,0
13829,0,0,0,0,0,0,0,0,0
13830,0,0,0,0,0,0,0,0,0
13831,0,0,0,0,0,0,0,0,0
13832,0,0,0,0,0,0,0,0,0
13833,0,0,0,0,0,0,0,0,0
13834,0,0,0,0,0,0,0,0,0
13835,0,0,0,0,0,0,0,0,0
13836,0,0,0,0,0,0,0,0,0
13837,0,0,0,0,0,0,0,0,0
13838,0,0,0,0,0,0,0,0,0
13839,0,0,0,0,0,0,0,0,0
13840,0,0,0,0,0,0,0,0,0
13841,0,0,0,0,0,0,0,0,0
13842,0,0,0,0,0,0,0,0,0
13843,0,0,0,0,0,0,0,0,0
13844,0,0,0,0,0,0,0,0,0
13845,0,0,0,0,0,0,0,0,0
13846,0,0,0,0,0,0,0,0,0
13847,0,0,0,0,0,0,0,0,0
13848,0,0,0,0,0,0,0,0,0
13849,0,0,0,0,0,0,0,0,0
13850,0,0,0,0,0,0,0,0,0
13851,0,0,0,0,0,0,0,0,0
13852,0,0,0,0,0,0,0,0,0
13853,0,0,0,0,0,0,0,0,0
13854,0,0,0,0,0,0,0,0,0
13855,0,0,0,0,0,0,0,0,0
13856,0,0,0,0,0,0,0,0,0
13857,0,0,0,0,0,0,0,0,0
13858,0,0,0,0,0,0,0,0,0
13859,0,0,0,0,0,0,0,0,0
13860,0,0,0,0,0,0,0,0,0
13861,0,0,0,0,0,0,0,0,0
13862,0,0,0,0,0,0,0,0,0
13863,0,0,0,0,0,0,0,0,0
13864,0,0,0,0,0,0,0,0,0
13865,0,0,0,0,0,0,0,0,0
13866,0,0,0,0,0,0,0,0,0
13867,0,0,0,0,0,0,0,0,0
13868,0,0,0,0,0,0,0,0,0
13869,0,0,0,0,0,0,0,0,0
13870,0,0,0,0,0,0,0,0,0
13871,0,0,0,0,0,0,0,0,0
13872,0,0,0,0,0,0,0,0,0
13873,0,0,0,0,0,0,0,0,0
13874,0,0,0,0,0,0,0,0,0
13875,0,0,0,0,0,0,0,0,0
13876,3.29482e-06,9.36284e-08,1.2229e-10,2.24286e-12,2.08507e-15,1.45958e-14,1.67317e-26,1.77366e-49,3.38857e-06
13877,0,0,0,0,0,0,0,0,0
13878,0,0,0,0,0,0,0,0,0
13879,0,0,0,0,0,0,0,0,0
13880,0,0,0,0,0,0,0,0,0
13881,0,0,0,0,0,0,0,0,0
13882,0,0,0,0,0,0,0,0,0
13883,0,0,0,0,0,0,0,0,0
13884,0,0,0,0,0,0,0,0,0
13885,0,0,0,0,0,0,0,0,0
13886,0,0,0,0,0,0,0,0,0
13887,0,0,0,0,0,0,0,0,0
13888,0,0,0,0,0,0,0,0,0
13889,0,0,0,0,0,0,0,0,0
13890,0,0,0,0,0,0,0,0,0
13891,0,0,0,0,0,0,0,0,0
13892,0,0,0,0,0,0,0,0,0
13893,0,0,0,0,0,0,0,0,0
13894,0,0,0,0,0,0,0,0,0
13895,0,0,0,0,0,0,0,0,0
13896,0,0,0,0,0,0,0,0,0
13897,0,0,0,0,0,0,0,0,0
13898,0,0,0,0,0,0,0,0,0
13899,0,0,0,0,0,0,0,0,0
13900,0,0,0,0,0,0,0,0,0
13901,0,0,0,0,0,0,0,0,0
13902,0,0,0,0,0,0,0,0,0
13903,0,0,0,0,0,0,0,0,0
13904,0,0,0,0,0,0,0,0,0
13905,0,0,0,0,0,0,0,0,0
13906,0,0,0,0,0,0,0,0,0
13907,0,0,0,0,0,0,0,0,0
13908,0,0,0,0,0,0,0,0,0
13909,0,0,0,0,0,0,0,0,0
13910,0,0,0,0,0,0,0,0,0
13911,0,0,0,0,0,0,0,0,0
13912,7.53706e-07,1.36533e-08,8.59259e-12,1.33124e-13,7.89161e-17,2.96939e-16,4.47231e-29,1.56676e-52,7.67368e-07
13913,0,0,0,0,0,0,0,0,0
13914,0,0,0,0,0,0,0,0,0
13915,0,0,0,0,0,0,0,0,0
13916,0,0,0,0,0,0,0,0,0
13917,0,0,0,0,0,0,0,0,0
13918,0,0,0,0,0,0,0,0,0
13919,0,0,0,0,0,0,0,0,0
13920,0,0,0,0,0,0,0,0,0
13921,0,0,0,0,0,0,0,0,0
13922,0,0,0,0,0,0,0,0,0
13923,0,0,0,0,0,0,0,0,0
13924,0,0,0,0,0,0,0,0,0
13925,0,0,0,0,0,0,0,0,0
13926,0,0,0,0,0,0,0,0,0
13927,0,0,0,0,0,0,0,0,0
13928,0,0,0,0,0,0,0,0,0
13929,0,0,0,0,0,0,0,0,0
13930,2.35096e-06,6.09487e-08,6.69997e-11,1.1252e-12,7.17021e-16,1.369e-14,7.41909e-27,6.32821e-50,2.41198e-06
13931,0,0,0,0,0,0,0,0,0
13932,0,0,0,0,0,0,0,0,0
13933,0,0,0,0,0,0,0,0,0
13934,0,0,0,0,0,0,0,0,0
13935,0,0,0,0,0,0,0,0,0
13936,0,0,0,0,0,0,0,0,0
13937,0,0,0,0,0,0,0,0,0
13938,0,0,0,0,0,0,0,0,0
13939,0,0,0,0,0,0,0,0,0
13940,0,0,0,0,0,0,0,0,0
13941,0,0,0,0,0,0,0,0,0
13942,0,0,0,0,0,0,0,0,0
13943,1.36824e-06,2.8755e-08,2.37103e-11,3.67205e-13,3.41115e-16,8.79374e-16,4.09428e-28,1.2482e-51,1.39702e-06
13944,0,0,0,0,0,0,0,0,0
13945,0,0,0,0,0,0,0,0,0
13946,0,0,0,0,0,0,0,0,0
13947,0,0,0,0,0,0,0,0,0
13948,0,0,0,0,0,0,0,0,0
13949,0,0,0,0,0,0,0,0,0
13950,0,0,0,0,0,0,0,0,0
13951,0,0,0,0,0,0,0,0,0
13952,0,0,0,0,0,0,0,0,0
13953,0,0,0,0,0,0,0,0,0
13954,0,0,0,0,0,0,0,0,0
13955,0,0,0,0,0,0,0,0,0
13956,0,0,0,0,0,0,0,0,0
13957,0,0,0,0,0,0,0,0,0
13958,0,0,0,0,0,0,0,0,0
13959,0,0,0,0,0,0,0,0,0
13960,0,0,0,0,0,0,0,0,0
13961,0,0,0,0,0,0,0,0,0
13962,0,0,0,0,0,0,0,0,0
13963,0,0,0,0,0,0,0,0,0
13964,0,0,0,0,0,0,0,0,0
13965,0,0,0,0,0,0,0,0,0
13966,0,0,0,0,0,0,0,0,0
13967,0,0,0,0,0,0,0,0,0
13968,0,0,0,0,0,0,0,0,0
13969,0,0,0,0,0,0,0,0,0
13970,0,0,0,0,0,0,0,0,0
13971,0,0,0,0,0,0,0,0,0
13972,0,0,0,0,0,0,0,0,0
13973,0,0,0,0,0,0,0,0,0
13974,0,0,0,0,0,0,0,0,0
13975,0,0,0,0,0,0,0,0,0
13976,0,0,0,0,0,0,0,0,0
13977,0,0,0,0,0,0,0,0,0
13978,0,0,0,0,0,0,0,0,0
13979,0,0,0,0,0,0,0,0,0
13980,0,0,0,0,0,0,0,0,0
13981,0,0,0,0,0,0,0,0,0
13982,0,0,0,0,0,0,0,0,0
13983,0,0,0,0,0,0,0,0,0
13984,0,0,0,0,0,0,0,0,0
13985,0,0,0,0,0,0,0,0,0
13986,0,0,0,0,0,0,0,0,0
13987,0,0,0,0,0,0,0,0,0
13988,0,0,0,0,0,0,0,0,0
13989,0,0,0,0,0,0,0,0,0
13990,0,0,0,0,0,0,0,0,0
13991,0,0,0,0,0,0,0,0,0
13992,0,0,0,0,0,0,0,0,0
13993,0,0,0,0,0,0,0,0,0
13994,0,0,0,0,0,0,0,0,0
13995,0,0,0,0,0,0,0,0,0
13996,0,0,0,0,0,0,0,0,0
13997,0,0,0,0,0,0,0,0,0
13998,0,0,0,0,0,0,0,0,0
13999,0,0,0,0,0,0,0,0,0
14000,0,0,0,0,0,0,0,0,0
14001,0,0,0,0,0,0,0,0,0
14002,0,0,0,0,0,0,0,0,0
14003,0,0,0,0,0,0,0,0,0
14004,0,0,0,0,0,0,0,0,0
14005,0,0,0,0,0,0,0,0,0
14006,0,0,0,0,0,0,0,0,0
14007,0,0,0,0,0,0,0,0,0
14008,0,0,0,0,0,0,0,0,0
14009,0,0,0,0,0,0,0,0,0
14010,0,0,0,0,0,0,0,0,0
14011,0,0,0,0,0,0,0,0,0
14012,0,0,0,0,0,0,0,0,0
14013,1.10044e-06,6.81359e-09,5.98608e-12,1.25042e-13,1.70712e-16,2.03882e-16,7.48094e-29,1.64262e-52,1.10726e-06
14014,0,0,0,0,0,0,0,0,0
14015,0,0,0,0,0,0,0,0,0
14016,0,0,0,0,0,0,0,0,0
14017,0,0,0,0,0,0,0,0,0
14018,0,0,0,0,0,0,0,0,0
14019,0,0,0,0,0,0,0,0,0
14020,0,0,0,0,0,0,0,0,0
14021,0,0,0,0,0,0,0,0,0
14022,0,0,0,0,0,0,0,0,0
14023,0,0,0,0,0,0,0,0,0
14024,0,0,0,0,0,0,0,0,0
14025,0,0,0,0,0,0,0,0,0
14026,0,0,0,0,0,0,0,0,0
14027,0,0,0,0,0,0,0,0,0
14028,0,0,0,0,0,0,0,0,0
14029,0,0,0,0,0,0,0,0,0
14030,0,0,0,0,0,0,0,0,0
14031,0,0,0,0,0,0,0,0,0
14032,0,0,0,0,0,0,0,0,0
14033,0,0,0,0,0,0,0,0,0
14034,0,0,0,0,0,0,0,0,0
14035,0,0,0,0,0,0,0,0,0
14036,0,0,0,0,0,0,0,0,0
14037,0,0,0,0,0,0,0,0,0
14038,0,0,0,0,0,0,0,0,0
14039,0,0,0,0,0,0,0,0,0
14040,0,0,0,0,0,0,0,0,0
14041,0,0,0,0,0,0,0,0,0
14042,0,0,0,0,0,0,0,0,0
14043,0,0,0,0,0,0,0,0,0
14044,0,0,0,0,0,0,0,0,0
14045,0,0,0,0,0,0,0,0,0
14046,0,0,0,0,0,0,0,0,0
14047,0,0,0,0,0,0,0,0,0
14048,0,0,0,0,0,0,0,0,0
14049,0,0,0,0,0,0,0,0,0
14050,0,0,0,0,0,0,0,0,0
14051,0,0,0,0,0,0,0,0,0
14052,0,0,0,0,0,0,0,0,0
14053,0,0,0,0,0,0,0,0,0
14054,0,0,0,0,0,0,0,0,0
14055,0,0,0,0,0,0,0,0,0
14056,0,0,0,0,0,0,0,0,0
14057,0,0,0,0,0,0,0,0,0
14058,0,0,0,0,0,0,0,0,0
14059,0,0,0,0,0,0,0,0,0
14060,0,0,0,0,0,0,0,0,0
14061,0,0,0,0,0,0,0,0,0
14062,0,0,0,0,0,0,0,0,0
14063,0,0,0,0,0,0,0,0,0
14064,0,0,0,0,0,0,0,0,0
14065,0,0,0,0,0,0,0,0,0
14066,0,0,0,0,0,0,0,0,0
14067,0,0,0,0,0,0,0,0,0
14068,0,0,0,0,0,0,0,0,0
14069,0,0,0,0,0,0,0,0,0
14070,0,0,0,0,0,0,0,0,0
14071,0,0,0,0,0,0,0,0,0
14072,0,0,0,0,0,0,0,0,0
14073,1.35973e-06,2.89505e-08,2.38502e-11,3.90892e-13,2.57185e-16,1.41441e-15,3.6928e-28,1.18218e-51,1.3887e-06
14074,0,0,0,0,0,0,0,0,0
14075,0,0,0,0,0,0,0,0,0
14076,0,0,0,0,0,0,0,0,0
14077,0,0,0,0,0,0,0,0,0
14078,0,0,0,0,0,0,0,0,0
14079,0,0,0,0,0,0,0,0,0
14080,0,0,0,0,0,0,0,0,0
14081,0,0,0,0,0,0,0,0,0
14082,0,0,0,0,0,0,0,0,0
14083,0,0,0,0,0,0,0,0,0
14084,0,0,0,0,0,0,0,0,0
14085,0,0,0,0,0,0,0,0,0
14086,0,0,0,0,0,0,0,0,0
14087,0,0,0,0,0,0,0,0,0
14088,0,0,0,0,0,0,0,0,0
14089,0,0,0,0,0,0,0,0,0
14090,0,0,0,0,0,0,0,0,0
14091,0,0,0,0,0,0,0,0,0
14092,0,0,0,0,0,0,0,0,0
14093,0,0,0,0,0,0,0,0,0
14094,0,0,0,0,0,0,0,0,0
14095,0,0,0,0,0,0,0,0,0
14096,0,0,0,0,0,0,0,0,0
14097,0,0,0,0,0,0,0,0,0
14098,0,0,0,0,0,0,0,0,0
14099,0,0,0,0,0,0,0,0,0
14100,0,0,0,0,0,0,0,0,0
14101,0,0,0,0,0,0,0,0,0
14102,0,0,0,0,0,0,0,0,0
14103,0,0,0,0,0,0,0,0,0
14104,0,0,0,0,0,0,0,0,0
14105,0,0,0,0,0,0,0,0,0
14106,0,0,0,0,0,0,0,0,0
14107,0,0,0,0,0,0,0,0,0
14108,0,0,0,0,0,0,0,0,0
14109,0,0,0,0,0,0,0,0,0
14110,0,0,0,0,0,0,0,0,0
14111,0,0,0,0,0,0,0,0,0
14112,0,0,0,0,0,0,0,0,0
14113,0,0,0,0,0,0,0,0,0
14114,0,0,0,0,0,0,0,0,0
14115,0,0,0,0,0,0,0,0,0
14116,0,0,0,0,0,0,0,0,0
14117,0,0,0,0,0,0,0,0,0
14118,0,0,0,0,0,0,0,0,0
14119,9.62198e-07,1.36609e-08,1.52038e-13,2.30926e-15,1.77755e-18,1.21153e-17,4.46069e-30,1.01603e-53,9.75859e-07
14120,0,0,0,0,0,0,0,0,0
14121,0,0,0,0,0,0,0,0,0
14122,0,0,0,0,0,0,0,0,0
14123,0,0,0,0,0,0,0,0,0
14124,0,0,0,0,0,0,0,0,0
14125,0,0,0,0,0,0,0,0,0
14126,0,0,0,0,0,0,0,0,0
14127,0,0,0,0,0,0,0,0,0
14128,0,0,0,0,0,0,0,0,0
14129,0,0,0,0,0,0,0,0,0
14130,0,0,0,0,0,0,0,0,0
14131,0,0,0,0,0,0,0,0,0
14132,0,0,0,0,0,0,0,0,0
14133,0,0,0,0,0,0,0,0,0
14134,0,0,0,0,0,0,0,0,0
14135,0,0,0,0,0,0,0,0,0
14136,0,0,0,0,0,0,0,0,0
14137,0,0,0,0,0,0,0,0,0
14138,0,0,0,0,0,0,0,0,0
14139,0,0,0,0,0,0,0,0,0
14140,0,0,0,0,0,0,0,0,0
14141,0,0,0,0,0,0,0,0,0
14142,0,0,0,0,0,0,0,0,0
14143,0,0,0,0,0,0,0,0,0
14144,0,0,0,0,0,0,0,0,0
14145,0,0,0,0,0,0,0,0,0
14146,0,0,0,0,0,0,0,0,0
14147,0,0,0,0,0,0,0,0,0
14148,0,0,0,0,0,0,0,0,0
14149,0,0,0,0,0,0,0,0,0
14150,0,0,0,0,0,0,0,0,0
14151,0,0,0,0,0,0,0,0,0
14152,0,0,0,0,0,0,0,0,0
14153,0,0,0,0,0,0,0,0,0
14154,0,0,0,0,0,0,0,0,0
14155,0,0,0,0,0,0,0,0,0
14156,0,0,0,0,0,0,0,0,0
14157,0,0,0,0,0,0,0,0,0
14158,0,0,0,0,0,0,0,0,0
14159,0,0,0,0,0,0,0,0,0
14160,0,0,0,0,0,0,0,0,0
14161,0,0,0,0,0,0,0,0,0
14162,0,0,0,0,0,0,0,0,0
14163,0,0,0,0,0,0,0,0,0
14164,0,0,0,0,0,0,0,0,0
14165,0,0,0,0,0,0,0,0,0
14166,0,0,0,0,0,0,0,0,0
14167,0,0,0,0,0,0,0,0,0
14168,0,0,0,0,0,0,0,0,0
14169,0,0,0,0,0,0,0,0,0
14170,0,0,0,0,0,0,0,0,0
14171,0,0,0,0,0,0,0,0,0
14172,0,0,0,0,0,0,0,0,0
14173,0,0,0,0,0,0,0,0,0
14174,0,0,0,0,0,0,0,0,0
14175,0,0,0,0,0,0,0,0,0
14176,0,0,0,0,0,0,0,0,0
14177,0,0,0,0,0,0,0,0,0
14178,0,0,0,0,0,0,0,0,0
14179,0,0,0,0,0,0,0,0,0
14180,0,0,0,0,0,0,0,0,0
14181,0,0,0,0,0,0,0,0,0
14182,0,0,0,0,0,0,0,0,0
14183,0,0,0,0,0,0,0,0,0
14184,0,0,0,0,0,0,0,0,0
14185,0,0,0,0,0,0,0,0,0
14186,0,0,0,0,0,0,0,0,0
14187,0,0,0,0,0,0,0,0,0
14188,0,0,0,0,0,0,0,0,0
14189,0,0,0,0,0,0,0,0,0
14190,0,0,0,0,0,0,0,0,0
14191,0,0,0,0,0,0,0,0,0
14192,0,0,0,0,0,0,0,0,0
14193,0,0,0,0,0,0,0,0,0
14194,0,0,0,0,0,0,0,0,0
14195,0,0,0,0,0,0,0,0,0
14196,0,0,0,0,0,0,0,0,0
14197,0,0,0,0,0,0,0,0,0
14198,0,0,0,0,0,0,0,0,0
14199,1.50071e-06,2.30566e-08,4.9664e-13,8.58552e-15,6.89617e-18,5.66395e-17,3.91365e-29,1.39996e-52,1.52377e-06
14200,0,0,0,0,0,0,0,0,0
14201,0,0,0,0,0,0,0,0,0
14202,0,0,0,0,0,0,0,0,0
14203,0,0,0,0,0,0,0,0,0
14204,0,0,0,0,0,0,0,0,0
14205,0,0,0,0,0,0,0,0,0
14206,0,0,0,0,0,0,0,0,0
14207,0,0,0,0,0,0,0,0,0
14208,0,0,0,0,0,0,0,0,0
14209,0,0,0,0,0,0,0,0,0
14210,0,0,0,0,0,0,0,0,0
14211,0,0,0,0,0,0,0,0,0
14212,0,0,0,0,0,0,0,0,0
14213,0,0,0,0,0,0,0,0,0
14214,0,0,0,0,0,0,0,0,0
14215,0,0,0,0,0,0,0,0,0
14216,0,0,0,0,0,0,0,0,0
14217,0,0,0,0,0,0,0,0,0
14218,0,0,0,0,0,0,0,0,0
14219,0,0,0,0,0,0,0,0,0
14220,0,0,0,0,0,0,0,0,0
14221,0,0,0,0,0,0,0,0,0
14222,0,0,0,0,0,0,0,0,0
14223,0,0,0,0,0,0,0,0,0
14224,0,0,0,0,0,0,0,0,0
14225,0,0,0,0,0,0,0,0,0
14226,0,0,0,0,0,0,0,0,0
14227,0,0,0,0,0,0,0,0,0
14228,0,0,0,0,0,0,0,0,0
14229,0,0,0,0,0,0,0,0,0
14230,0,0,0,0,0,0,0,0,0
14231,0,0,0,0,0,0,0,0,0
14232,0,0,0,0,0,0,0,0,0
14233,0,0,0,0,0,0,0,0,0
14234,0,0,0,0,0,0,0,0,0
14235,0,0,0,0,0,0,0,0,0
14236,0,0,0,0,0,0,0,0,0
14237,0,0,0,0,0,0,0,0,0
14238,0,0,0,0,0,0,0,0,0
14239,0,0,0,0,0,0,0,0,0
14240,0,0,0,0,0,0,0,0,0
14241,0,0,0,0,0,0,0,0,0
14242,0,0,0,0,0,0,0,0,0
14243,0,0,0,0,0,0,0,0,0
14244,0,0,0,0,0,0,0,0,0
14245,0,0,0,0,0,0,0,0,0
14246,0,0,0,0,0,0,0,0,0
14247,0,0,0,0,0,0,0,0,0
14248,0,0,0,0,0,0,0,0,0
14249,0,0,0,0,0,0,0,0,0
14250,0,0,0,0,0,0,0,0,0
14251,0,0,0,0,0,0,0,0,0
14252,0,0,0,0,0,0,0,0,0
14253,0,0,0,0,0,0,0,0,0
14254,0,0,0,0,0,0,0,0,0
14255,0,0,0,0,0,0,0,0,0
14256,0,0,0,0,0,0,0,0,0
14257,0,0,0,0,0,0,0,0,0
14258,0,0,0,0,0,0,0,0,0
14259,0,0,0,0,0,0,0,0,0
14260,0,0,0,0,0,0,0,0,0
14261,0,0,0,0,0,0,0,0,0
14262,0,0,0,0,0,0,0,0,0
14263,0,0,0,0,0,0,0,0,0
14264,0,0,0,0,0,0,0,0,0
14265,0,0,0,0,0,0,0,0,0
14266,0,0,0,0,0,0,0,0,0
14267,0,0,0,0,0,0,0,0,0
14268,0,0,0,0,0,0,0,0,0
14269,0,0,0,0,0,0,0,0,0
14270,0,0,0,0,0,0,0,0,0
14271,0,0,0,0,0,0,0,0,0
14272,0,0,0,0,0,0,0,0,0
14273,0,0,0,0,0,0,0,0,0
14274,0,0,0,0,0,0,0,0,0
14275,0,0,0,0,0,0,0,0,0
14276,0,0,0,0,0,0,0,0,0
14277,0,0,0,0,0,0,0,0,0
14278,0,0,0,0,0,0,0,0,0
14279,0,0,0,0,0,0,0,0,0
14280,0,0,0,0,0,0,0,0,0
14281,0,0,0,0,0,0,0,0,0
14282,0,0,0,0,0,0,0,0,0
14283,0,0,0,0,0,0,0,0,0
14284,0,0,0,0,0,0,0,0,0
14285,0,0,0,0,0,0,0,0,0
14286,0,0,0,0,0,0,0,0,0
14287,0,0,0,0,0,0,0,0,0
14288,0,0,0,0,0,0,0,0,0
14289,0,0,0,0,0,0,0,0,0
14290,0,0,0,0,0,0,0,0,0
14291,0,0,0,0,0,0,0,0,0
14292,0,0,0,0,0,0,0,0,0
14293,0,0,0,0,0,0,0,0,0
14294,0,0,0,0,0,0,0,0,0
14295,0,0,0,0,0,0,0,0,0
14296,0,0,0,0,0,0,0,0,0
14297,0,0,0,0,0,0,0,0,0
14298,0,0,0,0,0,0,0,0,0
14299,0,0,0,0,0,0,0,0,0
14300,0,0,0,0,0,0,0,0,0
14301,0,0,0,0,0,0,0,0,0
14302,0,0,0,0,0,0,0,0,0
14303,0,0,0,0,0,0,0,0,0
14304,0,0,0,0,0,0,0,0,0
14305,0,0,0,0,0,0,0,0,0
14306,0,0,0,0,0,0,0,0,0
14307,0,0,0,0,0,0,0,0,0
14308,0,0,0,0,0,0,0,0,0
14309,0,0,0,0,0,0,0,0,0
14310,0,0,0,0,0,0,0,0,0
14311,0,0,0,0,0,0,0,0,0
14312,0,0,0,0,0,0,0,0,0
14313,0,0,0,0,0,0,0,0,0
14314,0,0,0,0,0,0,0,0,0
14315,0,0,0,0,0,0,0,0,0
14316,0,0,0,0,0,0,0,0,0
14317,0,0,0,0,0,0,0,0,0
14318,0,0,0,0,0,0,0,0,0
14319,0,0,0,0,0,0,0,0,0
14320,0,0,0,0,0,0,0,0,0
14321,0,0,0,0,0,0,0,0,0
14322,0,0,0,0,0,0,0,0,0
14323,0,0,0,0,0,0,0,0,0
14324,0,0,0,0,0,0,0,0,0
14325,0,0,0,0,0,0,0,0,0
14326,0,0,0,0,0,0,0,0,0
14327,0,0,0,0,0,0,0,0,0
14328,0,0,0,0,0,0,0,0,0
14329,0,0,0,0,0,0,0,0,0
14330,0,0,0,0,0,0,0,0,0
14331,0,0,0,0,0,0,0,0,0
14332,0,0,0,0,0,0,0,0,0
14333,0,0,0,0,0,0,0,0,0
14334,0,0,0,0,0,0,0,0,0
14335,0,0,0,0,0,0,0,0,0
14336,0,0,0,0,0,0,0,0,0
14337,0,0,0,0,0,0,0,0,0
14338,0,0,0,0,0,0,0,0,0
14339,0,0,0,0,0,0,0,0,0
14340,0,0,0,0,0,0,0,0,0
14341,0,0,0,0,0,0,0,0,0
14342,0,0,0,0,0,0,0,0,0
14343,0,0,0,0,0,0,0,0,0
14344,0,0,0,0,0,0,0,0,0
14345,0,0,0,0,0,0,0,0,0
14346,0,0,0,0,0,0,0,0,0
14347,0,0,0,0,0,0,0,0,0
14348,0,0,0,0,0,0,0,0,0
14349,0,0,0,0,0,0,0,0,0
14350,0,0,0,0,0,0,0,0,0
14351,0,0,0,0,0,0,0,0,0
14352,0,0,0,0,0,0,0,0,0
14353,0,0,0,0,0,0,0,0,0
14354,0,0,0,0,0,0,0,0,0
14355,0,0,0,0,0,0,0,0,0
14356,0,0,0,0,0,0,0,0,0
14357,0,0,0,0,0,0,0,0,0
14358,0,0,0,0,0,0,0,0,0
14359,0,0,0,0,0,0,0,0,0
14360,0,0,0,0,0,0,0,0,0
14361,0,0,0,0,0,0,0,0,0
14362,0,0,0,0,0,0,0,0,0
14363,0,0,0,0,0,0,0,0,0
14364,0,0,0,0,0,0,0,0,0
14365,0,0,0,0,0,0,0,0,0
14366,0,0,0,0,0,0,0,0,0
14367,0,0,0,0,0,0,0,0,0
14368,0,0,0,0,0,0,0,0,0
14369,0,0,0,0,0,0,0,0,0
14370,0,0,0,0,0,0,0,0,0
14371,0,0,0,0,0,0,0,0,0
14372,0,0,0,0,0,0,0,0,0
14373,0,0,0,0,0,0,0,0,0
14374,0,0,0,0,0,0,0,0,0
14375,0,0,0,0,0,0,0,0,0
14376,0,0,0,0,0,0,0,0,0
14377,0,0,0,0,0,0,0,0,0
14378,0,0,0,0,0,0,0,0,0
14379,0,0,0,0,0,0,0,0,0
14380,0,0,0,0,0,0,0,0,0
14381,0,0,0,0,0,0,0,0,0
14382,0,0,0,0,0,0,0,0,0
14383,0,0,0,0,0,0,0,0,0
14384,0,0,0,0,0,0,0,0,0
14385,0,0,0,0,0,0,0,0,0
14386,0,0,0,0,0,0,0,0,0
14387,0,0,0,0,0,0,0,0,0
14388,0,0,0,0,0,0,0,0,0
14389,0,0,0,0,0,0,0,0,0
14390,0,0,0,0,0,0,0,0,0
14391,0,0,0,0,0,0,0,0,0
14392,0,0,0,0,0,0,0,0,0
14393,0,0,0,0,0,0,0,0,0
14394,0,0,0,0,0,0,0,0,0
14395,0,0,0,0,0,0,0,0,0
14396,0,0,0,0,0,0,0,0,0
14397,0,0,0,0,0,0,0,0,0
14398,0,0,0,0,0,0,0,0,0
14399,0,0,0,0,0,0,0,0,0
14400,0,0,0,0,0,0,0,0,0
14401,0,0,0,0,0,0,0,0,0
14402,0,0,0,0,0,0,0,0,0
14403,0,0,0,0,0,0,0,0,0
14404,0,0,0,0,0,0,0,0,0
14405,0,0,0,0,0,0,0,0,0
14406,0,0,0,0,0,0,0,0,0
14407,0,0,0,0,0,0,0,0,0
14408,0,0,0,0,0,0,0,0,0
14409,0,0,0,0,0,0,0,0,0
14410,0,0,0,0,0,0,0,0,0
14411,0,0,0,0,0,0,0,0,0
14412,0,0,0,0,0,0,0,0,0
14413,0,0,0,0,0,0,0,0,0
14414,0,0,0,0,0,0,0,0,0
14415,0,0,0,0,0,0,0,0,0
14416,0,0,0,0,0,0,0,0,0
14417,0,0,0,0,0,0,0,0,0
14418,0,0,0,0,0,0,0,0,0
14419,0,0,0,0,0,0,0,0,0
14420,0,0,0,0,0,0,0,0,0
14421,0,0,0,0,0,0,0,0,0
14422,0,0,0,0,0,0,0,0,0
14423,0,0,0,0,0,0,0,0,0
14424,0,0,0,0,0,0,0,0,0
14425,0,0,0,0,0,0,0,0,0
14426,0,0,0,0,0,0,0,0,0
14427,0,0,0,0,0,0,0,0,0
14428,0,0,0,0,0,0,0,0,0
14429,0,0,0,0,0,0,0,0,0
14430,1.19823e-06,2.39269e-08,1.78055e-11,2.6599e-13,1.37418e-16,1.63849e-15,2.18517e-28,2.10865e-52,1.22217e-06
14431,0,0,0,0,0,0,0,0,0
14432,0,0,0,0,0,0,0,0,0
14433,0,0,0,0,0,0,0,0,0
14434,0,0,0,0,0,0,0,0,0
14435,0,0,0,0,0,0,0,0,0
14436,0,0,0,0,0,0,0,0,0
14437,0,0,0,0,0,0,0,0,0
14438,0,0,0,0,0,0,0,0,0
14439,0,0,0,0,0,0,0,0,0
14440,0,0,0,0,0,0,0,0,0
14441,0,0,0,0,0,0,0,0,0
14442,0,0,0,0,0,0,0,0,0
14443,0,0,0,0,0,0,0,0,0
14444,0,0,0,0,0,0,0,0,0
14445,0,0,0,0,0,0,0,0,0
14446,0,0,0,0,0,0,0,0,0
14447,0,0,0,0,0,0,0,0,0
14448,0,0,0,0,0,0,0,0,0
14449,0,0,0,0,0,0,0,0,0
14450,0,0,0,0,0,0,0,0,0
14451,0,0,0,0,0,0,0,0,0
14452,0,0,0,0,0,0,0,0,0
14453,0,0,0,0,0,0,0,0,0
14454,0,0,0,0,0,0,0,0,0
14455,0,0,0,0,0,0,0,0,0
14456,8.98487e-07,1.14907e-08,3.63258e-13,5.35012e-15,3.70211e-18,2.58486e-17,3.97533e-30,2.2445e-54,9.09978e-07
14457,0,0,0,0,0,0,0,0,0
14458,0,0,0,0,0,0,0,0,0
14459,0,0,0,0,0,0,0,0,0
14460,0,0,0,0,0,0,0,0,0
14461,0,0,0,0,0,0,0,0,0
14462,0,0,0,0,0,0,0,0,0
14463,0,0,0,0,0,0,0,0,0
14464,0,0,0,0,0,0,0,0,0
14465,0,0,0,0,0,0,0,0,0
14466,0,0,0,0,0,0,0,0,0
14467,0,0,0,0,0,0,0,0,0
14468,0,0,0,0,0,0,0,0,0
14469,0,0,0,0,0,0,0,0,0
14470,0,0,0,0,0,0,0,0,0
14471,0,0,0,0,0,0,0,0,0
14472,0,0,0,0,0,0,0,0,0
14473,0,0,0,0,0,0,0,0,0
14474,0,0,0,0,0,0,0,0,0
14475,0,0,0,0,0,0,0,0,0
14476,0,0,0,0,0,0,0,0,0
14477,0,0,0,0,0,0,0,0,0
14478,0,0,0,0,0,0,0,0,0
14479,0,0,0,0,0,0,0,0,0
14480,0,0,0,0,0,0,0,0,0
14481,0,0,0,0,0,0,0,0,0
14482,0,0,0,0,0,0,0,0,0
14483,0,0,0,0,0,0,0,0,0
14484,0,0,0,0,0,0,0,0,0
14485,0,0,0,0,0,0,0,0,0
14486,0,0,0,0,0,0,0,0,0
14487,0,0,0,0,0,0,0,0,0
14488,0,0,0,0,0,0,0,0,0
14489,0,0,0,0,0,0,0,0,0
14490,0,0,0,0,0,0,0,0,0
14491,0,0,0,0,0,0,0,0,0
14492,0,0,0,0,0,0,0,0,0
14493,0,0,0,0,0,0,0,0,0
14494,0,0,0,0,0,0,0,0,0
14495,0,0,0,0,0,0,0,0,0
14496,0,0,0,0,0,0,0,0,0
14497,0,0,0,0,0,0,0,0,0
14498,0,0,0,0,0,0,0,0,0
14499,0,0,0,0,0,0,0,0,0
14500,0,0,0,0,0,0,0,0,0
14501,0,0,0,0,0,0,0,0,0
14502,0,0,0,0,0,0,0,0,0
14503,0,0,0,0,0,0,0,0,0
14504,0,0,0,0,0,0,0,0,0
14505,0,0,0,0,0,0,0,0,0
14506,0,0,0,0,0,0,0,0,0
14507,0,0,0,0,0,0,0,0,0
14508,0,0,0,0,0,0,0,0,0
14509,0,0,0,0,0,0,0,0,0
14510,0,0,0,0,0,0,0,0,0
14511,0,0,0,0,0,0,0,0,0
14512,0,0,0,0,0,0,0,0,0
14513,0,0,0,0,0,0,0,0,0
14514,0,0,0,0,0,0,0,0,0
14515,0,0,0,0,0,0,0,0,0
14516,0,0,0,0,0,0,0,0,0
14517,0,0,0,0,0,0,0,0,0
14518,0,0,0,0,0,0,0,0,0
14519,0,0,0,0,0,0,0,0,0
14520,0,0,0,0,0,0,0,0,0
14521,0,0,0,0,0,0,0,0,0
14522,0,0,0,0,0,0,0,0,0
14523,0,0,0,0,0,0,0,0,0
14524,0,0,0,0,0,0,0,0,0
14525,0,0,0,0,0,0,0,0,0
14526,0,0,0,0,0,0,0,0,0
14527,0,0,0,0,0,0,0,0,0
14528,0,0,0,0,0,0,0,0,0
14529,0,0,0,0,0,0,0,0,0
14530,0,0,0,0,0,0,0,0,0
14531,0,0,0,0,0,0,0,0,0
14532,0,0,0,0,0,0,0,0,0
14533,0,0,0,0,0,0,0,0,0
14534,0,0,0,0,0,0,0,0,0
14535,0,0,0,0,0,0,0,0,0
14536,0,0,0,0,0,0,0,0,0
14537,0,0,0,0,0,0,0,0,0
14538,0,0,0,0,0,0,0,0,0
14539,0,0,0,0,0,0,0,0,0
14540,0,0,0,0,0,0,0,0,0
14541,0,0,0,0,0,0,0,0,0
14542,0,0,0,0,0,0,0,0,0
14543,0,0,0,0,0,0,0,0,0
14544,0,0,0,0,0,0,0,0,0
14545,0,0,0,0,0,0,0,0,0
14546,0,0,0,0,0,0,0,0,0
14547,0,0,0,0,0,0,0,0,0
14548,0,0,0,0,0,0,0,0,0
14549,0,0,0,0,0,0,0,0,0
14550,0,0,0,0,0,0,0,0,0
14551,0,0,0,0,0,0,0,0,0
14552,0,0,0,0,0,0,0,0,0
14553,0,0,0,0,0,0,0,0,0
14554,0,0,0,0,0,0,0,0,0
14555,0,0,0,0,0,0,0,0,0
14556,0,0,0,0,0,0,0,0,0
14557,0,0,0,0,0,0,0,0,0
14558,0,0,0,0,0,0,0,0,0
14559,0,0,0,0,0,0,0,0,0
14560,0,0,0,0,0,0,0,0,0
14561,0,0,0,0,0,0,0,0,0
14562,0,0,0,0,0,0,0,0,0
14563,0,0,0,0,0,0,0,0,0
14564,0,0,0,0,0,0,0,0,0
14565,0,0,0,0,0,0,0,0,0
14566,0,0,0,0,0,0,0,0,0
14567,0,0,0,0,0,0,0,0,0
14568,0,0,0,0,0,0,0,0,0
14569,0,0,0,0,0,0,0,0,0
14570,0,0,0,0,0,0,0,0,0
14571,0,0,0,0,0,0,0,0,0
14572,0,0,0,0,0,0,0,0,0
14573,0,0,0,0,0,0,0,0,0
14574,0,0,0,0,0,0,0,0,0
14575,0,0,0,0,0,0,0,0,0
14576,0,0,0,0,0,0,0,0,0
14577,0,0,0,0,0,0,0,0,0
14578,0,0,0,0,0,0,0,0,0
14579,0,0,0,0,0,0,0,0,0
14580,0,0,0,0,0,0,0,0,0
14581,0,0,0,0,0,0,0,0,0
14582,0,0,0,0,0,0,0,0,0
14583,0,0,0,0,0,0,0,0,0
14584,0,0,0,0,0,0,0,0,0
14585,0,0,0,0,0,0,0,0,0
14586,0,0,0,0,0,0,0,0,0
14587,0,0,0,0,0,0,0,0,0
14588,0,0,0,0,0,0,0,0,0
14589,0,0,0,0,0,0,0,0,0
14590,0,0,0,0,0,0,0,0,0
14591,0,0,0,0,0,0,0,0,0
14592,0,0,0,0,0,0,0,0,0
14593,0,0,0,0,0,0,0,0,0
14594,0,0,0,0,0,0,0,0,0
14595,0,0,0,0,0,0,0,0,0
14596,0,0,0,0,0,0,0,0,0
14597,0,0,0,0,0,0,0,0,0
14598,0,0,0,0,0,0,0,0,0
14599,0,0,0,0,0,0,0,0,0
14600,0,0,0,0,0,0,0,0,0
14601,0,0,0,0,0,0,0,0,0
14602,0,0,0,0,0,0,0,0,0
14603,0,0,0,0,0,0,0,0,0
14604,0,0,0,0,0,0,0,0,0
14605,0,0,0,0,0,0,0,0,0
14606,0,0,0,0,0,0,0,0,0
14607,0,0,0,0,0,0,0,0,0
14608,0,0,0,0,0,0,0,0,0
14609,0,0,0,0,0,0,0,0,0
14610,0,0,0,0,0,0,0,0,0
14611,0,0,0,0,0,0,0,0,0
14612,0,0,0,0,0,0,0,0,0
14613,0,0,0,0,0,0,0,0,0
14614,0,0,0,0,0,0,0,0,0
14615,0,0,0,0,0,0,0,0,0
14616,0,0,0,0,0,0,0,0,0
14617,0,0,0,0,0,0,0,0,0
14618,0,0,0,0,0,0,0,0,0
14619,0,0,0,0,0,0,0,0,0
14620,0,0,0,0,0,0,0,0,0
14621,0,0,0,0,0,0,0,0,0
14622,0,0,0,0,0,0,0,0,0
14623,0,0,0,0,0,0,0,0,0
14624,0,0,0,0,0,0,0,0,0
14625,0,0,0,0,0,0,0,0,0
14626,0,0,0,0,0,0,0,0,0
14627,0,0,0,0,0,0,0,0,0
14628,0,0,0,0,0,0,0,0,0
14629,0,0,0,0,0,0,0,0,0
14630,0,0,0,0,0,0,0,0,0
14631,0,0,0,0,0,0,0,0,0
14632,0,0,0,0,0,0,0,0,0
14633,0,0,0,0,0,0,0,0,0
14634,0,0,0,0,0,0,0,0,0
14635,0,0,0,0,0,0,0,0,0
14636,0,0,0,0,0,0,0,0,0
14637,0,0,0,0,0,0,0,0,0
14638,0,0,0,0,0,0,0,0,0
14639,0,0,0,0,0,0,0,0,0
14640,0,0,0,0,0,0,0,0,0
14641,0,0,0,0,0,0,0,0,0
14642,0,0,0,0,0,0,0,0,0
14643,0,0,0,0,0,0,0,0,0
14644,0,0,0,0,0,0,0,0,0
14645,0,0,0,0,0,0,0,0,0
14646,0,0,0,0,0,0,0,0,0
14647,0,0,0,0,0,0,0,0,0
14648,0,0,0,0,0,0,0,0,0
14649,0,0,0,0,0,0,0,0,0
14650,0,0,0,0,0,0,0,0,0
14651,0,0,0,0,0,0,0,0,0
14652,1.40062e-06,1.45777e-08,3.30163e-13,5.87967e-15,5.44829e-18,1.32278e-17,1.18238e-30,2.42632e-55,1.4152e-06
14653,0,0,0,0,0,0,0,0,0
14654,0,0,0,0,0,0,0,0,0
14655,0,0,0,0,0,0,0,0,0
14656,0,0,0,0,0,0,0,0,0
14657,0,0,0,0,0,0,0,0,0
14658,0,0,0,0,0,0,0,0,0
14659,0,0,0,0,0,0,0,0,0
14660,0,0,0,0,0,0,0,0,0
14661,0,0,0,0,0,0,0,0,0
14662,0,0,0,0,0,0,0,0,0
14663,0,0,0,0,0,0,0,0,0
14664,0,0,0,0,0,0,0,0,0
14665,0,0,0,0,0,0,0,0,0
14666,0,0,0,0,0,0,0,0,0
14667,0,0,0,0,0,0,0,0,0
14668,0,0,0,0,0,0,0,0,0
14669,0,0,0,0,0,0,0,0,0
14670,0,0,0,0,0,0,0,0,0
14671,0,0,0,0,0,0,0,0,0
14672,0,0,0,0,0,0,0,0,0
14673,0,0,0,0,0,0,0,0,0
14674,0,0,0,0,0,0,0,0,0
14675,0,0,0,0,0,0,0,0,0
14676,0,0,0,0,0,0,0,0,0
14677,0,0,0,0,0,0,0,0,0
14678,0,0,0,0,0,0,0,0,0
14679,0,0,0,0,0,0,0,0,0
14680,0,0,0,0,0,0,0,0,0
14681,0,0,0,0,0,0,0,0,0
14682,0,0,0,0,0,0,0,0,0
14683,0,0,0,0,0,0,0,0,0
14684,0,0,0,0,0,0,0,0,0
14685,0,0,0,0,0,0,0,0,0
14686,0,0,0,0,0,0,0,0,0
14687,0,0,0,0,0,0,0,0,0
14688,0,0,0,0,0,0,0,0,0
14689,0,0,0,0,0,0,0,0,0
14690,0,0,0,0,0,0,0,0,0
14691,0,0,0,0,0,0,0,0,0
14692,0,0,0,0,0,0,0,0,0
14693,0,0,0,0,0,0,0,0,0
14694,0,0,0,0,0,0,0,0,0
14695,0,0,0,0,0,0,0,0,0
14696,0,0,0,0,0,0,0,0,0
14697,0,0,0,0,0,0,0,0,0
14698,0,0,0,0,0,0,0,0,0
14699,0,0,0,0,0,0,0,0,0
14700,0,0,0,0,0,0,0,0,0
14701,0,0,0,0,0,0,0,0,0
14702,0,0,0,0,0,0,0,0,0
14703,0,0,0,0,0,0,0,0,0
14704,0,0,0,0,0,0,0,0,0
14705,0,0,0,0,0,0,0,0,0
14706,0,0,0,0,0,0,0,0,0
14707,0,0,0,0,0,0,0,0,0
14708,0,0,0,0,0,0,0,0,0
14709,0,0,0,0,0,0,0,0,0
14710,0,0,0,0,0,0,0,0,0
14711,0,0,0,0,0,0,0,0,0
14712,0,0,0,0,0,0,0,0,0
14713,0,0,0,0,0,0,0,0,0
14714,0,0,0,0,0,0,0,0,0
14715,0,0,0,0,0,0,0,0,0
14716,0,0,0,0,0,0,0,0,0
14717,0,0,0,0,0,0,0,0,0
14718,0,0,0,0,0,0,0,0,0
14719,0,0,0,0,0,0,0,0,0
14720,0,0,0,0,0,0,0,0,0
14721,0,0,0,0,0,0,0,0,0
14722,0,0,0,0,0,0,0,0,0
14723,0,0,0,0,0,0,0,0,0
14724,0,0,0,0,0,0,0,0,0
14725,0,0,0,0,0,0,0,0,0
14726,0,0,0,0,0,0,0,0,0
14727,0,0,0,0,0,0,0,0,0
14728,0,0,0,0,0,0,0,0,0
14729,0,0,0,0,0,0,0,0,0
14730,0,0,0,0,0,0,0,0,0
14731,0,0,0,0,0,0,0,0,0
14732,0,0,0,0,0,0,0,0,0
14733,0,0,0,0,0,0,0,0,0
14734,0,0,0,0,0,0,0,0,0
14735,0,0,0,0,0,0,0,0,0
14736,0,0,0,0,0,0,0,0,0
14737,0,0,0,0,0,0,0,0,0
14738,0,0,0,0,0,0,0,0,0
14739,0,0,0,0,0,0,0,0,0
14740,0,0,0,0,0,0,0,0,0
14741,0,0,0,0,0,0,0,0,0
14742,0,0,0,0,0,0,0,0,0
14743,0,0,0,0,0,0,0,0,0
14744,0,0,0,0,0,0,0,0,0
14745,0,0,0,0,0,0,0,0,0
14746,0,0,0,0,0,0,0,0,0
14747,0,0,0,0,0,0,0,0,0
14748,0,0,0,0,0,0,0,0,0
14749,0,0,0,0,0,0,0,0,0
14750,0,0,0,0,0,0,0,0,0
14751,0,0,0,0,0,0,0,0,0
14752,0,0,0,0,0,0,0,0,0
14753,0,0,0,0,0,0,0,0,0
14754,0,0,0,0,0,0,0,0,0
14755,0,0,0,0,0,0,0,0,0
14756,0,0,0,0,0,0,0,0,0
14757,9.30004e-07,1.91606e-08,1.28398e-11,1.50514e-13,3.87263e-17,1.78911e-15,1.50227e-28,5.40396e-53,9.49177e-07
14758,0,0,0,0,0,0,0,0,0
14759,0,0,0,0,0,0,0,0,0
14760,0,0,0,0,0,0,0,0,0
14761,0,0,0,0,0,0,0,0,0
14762,0,0,0,0,0,0,0,0,0
14763,0,0,0,0,0,0,0,0,0
14764,0,0,0,0,0,0,0,0,0
14765,0,0,0,0,0,0,0,0,0
14766,0,0,0,0,0,0,0,0,0
14767,0,0,0,0,0,0,0,0,0
14768,0,0,0,0,0,0,0,0,0
14769,0,0,0,0,0,0,0,0,0
14770,0,0,0,0,0,0,0,0,0
14771,0,0,0,0,0,0,0,0,0
14772,0,0,0,0,0,0,0,0,0
14773,0,0,0,0,0,0,0,0,0
14774,0,0,0,0,0,0,0,0,0
14775,0,0,0,0,0,0,0,0,0
14776,0,0,0,0,0,0,0,0,0
14777,0,0,0,0,0,0,0,0,0
14778,0,0,0,0,0,0,0,0,0
14779,0,0,0,0,0,0,0,0,0
14780,0,0,0,0,0,0,0,0,0
14781,0,0,0,0,0,0,0,0,0
14782,0,0,0,0,0,0,0,0,0
14783,0,0,0,0,0,0,0,0,0
14784,0,0,0,0,0,0,0,0,0
14785,0,0,0,0,0,0,0,0,0
14786,0,0,0,0,0,0,0,0,0
14787,0,0,0,0,0,0,0,0,0
14788,0,0,0,0,0,0,0,0,0
14789,0,0,0,0,0,0,0,0,0
14790,0,0,0,0,0,0,0,0,0
14791,0,0,0,0,0,0,0,0,0
14792,0,0,0,0,0,0,0,0,0
14793,0,0,0,0,0,0,0,0,0
14794,0,0,0,0,0,0,0,0,0
14795,0,0,0,0,0,0,0,0,0
14796,0,0,0,0,0,0,0,0,0
14797,0,0,0,0,0,0,0,0,0
14798,0,0,0,0,0,0,0,0,0
14799,0,0,0,0,0,0,0,0,0
14800,0,0,0,0,0,0,0,0,0
14801,0,0,0,0,0,0,0,0,0
14802,0,0,0,0,0,0,0,0,0
14803,0,0,0,0,0,0,0,0,0
14804,0,0,0,0,0,0,0,0,0
14805,0,0,0,0,0,0,0,0,0
14806,0,0,0,0,0,0,0,0,0
14807,0,0,0,0,0,0,0,0,0
14808,0,0,0,0,0,0,0,0,0
14809,0,0,0,0,0,0,0,0,0
14810,0,0,0,0,0,0,0,0,0
14811,0,0,0,0,0,0,0,0,0
14812,0,0,0,0,0,0,0,0,0
14813,0,0,0,0,0,0,0,0,0
14814,0,0,0,0,0,0,0,0,0
14815,0,0,0,0,0,0,0,0,0
14816,0,0,0,0,0,0,0,0,0
14817,0,0,0,0,0,0,0,0,0
14818,0,0,0,0,0,0,0,0,0
14819,0,0,0,0,0,0,0,0,0
14820,0,0,0,0,0,0,0,0,0
14821,0,0,0,0,0,0,0,0,0
14822,0,0,0,0,0,0,0,0,0
14823,0,0,0,0,0,0,0,0,0
14824,0,0,0,0,0,0,0,0,0
14825,0,0,0,0,0,0,0,0,0
14826,0,0,0,0,0,0,0,0,0
14827,0,0,0,0,0,0,0,0,0
14828,0,0,0,0,0,0,0,0,0
14829,2.30272e-06,4.82115e-08,4.36215e-11,7.38161e-13,5.55649e-16,2.24481e-15,4.02119e-28,1.1115e-52,2.35098e-06
14830,0,0,0,0,0,0,0,0,0
14831,0,0,0,0,0,0,0,0,0
14832,0,0,0,0,0,0,0,0,0
14833,0,0,0,0,0,0,0,0,0
14834,0,0,0,0,0,0,0,0,0
14835,0,0,0,0,0,0,0,0,0
14836,0,0,0,0,0,0,0,0,0
14837,0,0,0,0,0,0,0,0,0
14838,0,0,0,0,0,0,0,0,0
14839,0,0,0,0,0,0,0,0,0
14840,0,0,0,0,0,0,0,0,0
14841,0,0,0,0,0,0,0,0,0
14842,0,0,0,0,0,0,0,0,0
14843,0,0,0,0,0,0,0,0,0
14844,0,0,0,0,0,0,0,0,0
14845,0,0,0,0,0,0,0,0,0
14846,0,0,0,0,0,0,0,0,0
14847,7.49738e-07,8.76107e-09,1.05205e-13,1.56838e-15,1.07882e-18,3.77599e-18,6.19129e-31,1.34018e-55,7.58499e-07
14848,0,0,0,0,0,0,0,0,0
14849,0,0,0,0,0,0,0,0,0
14850,0,0,0,0,0,0,0,0,0
14851,0,0,0,0,0,0,0,0,0
14852,0,0,0,0,0,0,0,0,0
14853,0,0,0,0,0,0,0,0,0
14854,6.10758e-07,8.90679e-09,3.78519e-13,4.93599e-15,2.39454e-18,1.95477e-17,2.19725e-30,4.76764e-55,6.19665e-07
14855,0,0,0,0,0,0,0,0,0
14856,0,0,0,0,0,0,0,0,0
14857,0,0,0,0,0,0,0,0,0
14858,0,0,0,0,0,0,0,0,0
14859,0,0,0,0,0,0,0,0,0
14860,0,0,0,0,0,0,0,0,0
14861,0,0,0,0,0,0,0,0,0
14862,0,0,0,0,0,0,0,0,0
14863,0,0,0,0,0,0,0,0,0
14864,0,0,0,0,0,0,0,0,0
14865,0,0,0,0,0,0,0,0,0
14866,0,0,0,0,0,0,0,0,0
14867,0,0,0,0,0,0,0,0,0
14868,0,0,0,0,0,0,0,0,0
14869,0,0,0,0,0,0,0,0,0
14870,0,0,0,0,0,0,0,0,0
14871,0,0,0,0,0,0,0,0,0
14872,0,0,0,0,0,0,0,0,0
14873,0,0,0,0,0,0,0,0,0
14874,0,0,0,0,0,0,0,0,0
14875,0,0,0,0,0,0,0,0,0
14876,0,0,0,0,0,0,0,0,0
14877,0,0,0,0,0,0,0,0,0
14878,0,0,0,0,0,0,0,0,0
14879,0,0,0,0,0,0,0,0,0
14880,0,0,0,0,0,0,0,0,0
14881,0,0,0,0,0,0,0,0,0
14882,0,0,0,0,0,0,0,0,0
14883,0,0,0,0,0,0,0,0,0
14884,0,0,0,0,0,0,0,0,0
14885,0,0,0,0,0,0,0,0,0
14886,0,0,0,0,0,0,0,0,0
14887,0,0,0,0,0,0,0,0,0
14888,0,0,0,0,0,0,0,0,0
14889,0,0,0,0,0,0,0,0,0
14890,0,0,0,0,0,0,0,0,0
14891,0,0,0,0,0,0,0,0,0
14892,0,0,0,0,0,0,0,0,0
14893,0,0,0,0,0,0,0,0,0
14894,0,0,0,0,0,0,0,0,0
14895,0,0,0,0,0,0,0,0,0
14896,0,0,0,0,0,0,0,0,0
14897,0,0,0,0,0,0,0,0,0
14898,0,0,0,0,0,0,0,0,0
14899,0,0,0,0,0,0,0,0,0
14900,0,0,0,0,0,0,0,0,0
14901,0,0,0,0,0,0,0,0,0
14902,0,0,0,0,0,0,0,0,0
14903,0,0,0,0,0,0,0,0,0
14904,0,0,0,0,0,0,0,0,0
14905,0,0,0,0,0,0,0,0,0
14906,0,0,0,0,0,0,0,0,0
14907,0,0,0,0,0,0,0,0,0
14908,0,0,0,0,0,0,0,0,0
14909,0,0,0,0,0,0,0,0,0
14910,0,0,0,0,0,0,0,0,0
14911,0,0,0,0,0,0,0,0,0
14912,0,0,0,0,0,0,0,0,0
14913,0,0,0,0,0,0,0,0,0
14914,0,0,0,0,0,0,0,0,0
14915,0,0,0,0,0,0,0,0,0
14916,0,0,0,0,0,0,0,0,0
14917,0,0,0,0,0,0,0,0,0
14918,0,0,0,0,0,0,0,0,0
14919,0,0,0,0,0,0,0,0,0
14920,0,0,0,0,0,0,0,0,0
14921,0,0,0,0,0,0,0,0,0
14922,0,0,0,0,0,0,0,0,0
14923,0,0,0,0,0,0,0,0,0
14924,0,0,0,0,0,0,0,0,0
14925,0,0,0,0,0,0,0,0,0
14926,0,0,0,0,0,0,0,0,0
14927,0,0,0,0,0,0,0,0,0
14928,0,0,0,0,0,0,0,0,0
14929,0,0,0,0,0,0,0,0,0
14930,0,0,0,0,0,0,0,0,0
14931,0,0,0,0,0,0,0,0,0
14932,0,0,0,0,0,0,0,0,0
14933,0,0,0,0,0,0,0,0,0
14934,0,0,0,0,0,0,0,0,0
14935,0,0,0,0,0,0,0,0,0
14936,0,0,0,0,0,0,0,0,0
14937,0,0,0,0,0,0,0,0,0
14938,0,0,0,0,0,0,0,0,0
14939,0,0,0,0,0,0,0,0,0
14940,0,0,0,0,0,0,0,0,0
14941,0,0,0,0,0,0,0,0,0
14942,0,0,0,0,0,0,0,0,0
14943,0,0,0,0,0,0,0,0,0
14944,0,0,0,0,0,0,0,0,0
14945,0,0,0,0,0,0,0,0,0
14946,0,0,0,0,0,0,0,0,0
14947,0,0,0,0,0,0,0,0,0
14948,0,0,0,0,0,0,0,0,0
14949,0,0,0,0,0,0,0,0,0
14950,0,0,0,0,0,0,0,0,0
14951,0,0,0,0,0,0,0,0,0
14952,0,0,0,0,0,0,0,0,0
14953,0,0,0,0,0,0,0,0,0
14954,0,0,0,0,0,0,0,0,0
14955,0,0,0,0,0,0,0,0,0
14956,0,0,0,0,0,0,0,0,0
14957,0,0,0,0,0,0,0,0,0
14958,0,0,0,0,0,0,0,0,0
14959,0,0,0,0,0,0,0,0,0
14960,0,0,0,0,0,0,0,0,0
14961,0,0,0,0,0,0,0,0,0
14962,0,0,0,0,0,0,0,0,0
14963,0,0,0,0,0,0,0,0,0
14964,0,0,0,0,0,0,0,0,0
14965,0,0,0,0,0,0,0,0,0
14966,0,0,0,0,0,0,0,0,0
14967,0,0,0,0,0,0,0,0,0
14968,0,0,0,0,0,0,0,0,0
14969,0,0,0,0,0,0,0,0,0
14970,0,0,0,0,0,0,0,0,0
14971,0,0,0,0,0,0,0,0,0
14972,0,0,0,0,0,0,0,0,0
14973,0,0,0,0,0,0,0,0,0
14974,0,0,0,0,0,0,0,0,0
14975,0,0,0,0,0,0,0,0,0
14976,0,0,0,0,0,0,0,0,0
14977,0,0,0,0,0,0,0,0,0
14978,0,0,0,0,0,0,0,0,0
14979,0,0,0,0,0,0,0,0,0
14980,0,0,0,0,0,0,0,0,0
14981,0,0,0,0,0,0,0,0,0
14982,0,0,0,0,0,0,0,0,0
14983,0,0,0,0,0,0,0,0,0
14984,0,0,0,0,0,0,0,0,0
14985,0,0,0,0,0,0,0,0,0
14986,0,0,0,0,0,0,0,0,0
14987,0,0,0,0,0,0,0,0,0
14988,0,0,0,0,0,0,0,0,0
14989,0,0,0,0,0,0,0,0,0
14990,0,0,0,0,0,0,0,0,0
14991,0,0,0,0,0,0,0,0,0
14992,0,0,0,0,0,0,0,0,0
14993,0,0,0,0,0,0,0,0,0
14994,0,0,0,0,0,0,0,0,0
14995,0,0,0,0,0,0,0,0,0
14996,0,0,0,0,0,0,0,0,0
14997,0,0,0,0,0,0,0,0,0
14998,0,0,0,0,0,0,0,0,0
14999,0,0,0,0,0,0,0,0,0
15000,0,0,0,0,0,0,0,0,0
15001,0,0,0,0,0,0,0,0,0
15002,0,0,0,0,0,0,0,0,0
15003,0,0,0,0,0,0,0,0,0
15004,0,0,0,0,0,0,0,0,0
15005,0,0,0,0,0,0,0,0,0
15006,0,0,0,0,0,0,0,0,0
15007,0,0,0,0,0,0,0,0,0
15008,0,0,0,0,0,0,0,0,0
15009,0,0,0,0,0,0,0,0,0
15010,0,0,0,0,0,0,0,0,0
15011,0,0,0,0,0,0,0,0,0
15012,0,0,0,0,0,0,0,0,0
15013,0,0,0,0,0,0,0,0,0
15014,0,0,0,0,0,0,0,0,0
15015,0,0,0,0,0,0,0,0,0
15016,0,0,0,0,0,0,0,0,0
15017,0,0,0,0,0,0,0,0,0
15018,0,0,0,0,0,0,0,0,0
15019,0,0,0,0,0,0,0,0,0
15020,0,0,0,0,0,0,0,0,0
15021,0,0,0,0,0,0,0,0,0
15022,0,0,0,0,0,0,0,0,0
15023,1.09888e-06,2.16069e-08,1.51444e-11,1.93076e-13,9.08403e-17,1.46033e-15,1.31475e-28,1.583e-53,1.1205e-06
15024,0,0,0,0,0,0,0,0,0
15025,0,0,0,0,0,0,0,0,0
15026,0,0,0,0,0,0,0,0,0
15027,0,0,0,0,0,0,0,0,0
15028,0,0,0,0,0,0,0,0,0
15029,0,0,0,0,0,0,0,0,0
15030,0,0,0,0,0,0,0,0,0
15031,0,0,0,0,0,0,0,0,0
15032,0,0,0,0,0,0,0,0,0
15033,0,0,0,0,0,0,0,0,0
15034,0,0,0,0,0,0,0,0,0
15035,0,0,0,0,0,0,0,0,0
15036,0,0,0,0,0,0,0,0,0
15037,0,0,0,0,0,0,0,0,0
15038,0,0,0,0,0,0,0,0,0
15039,0,0,0,0,0,0,0,0,0
15040,0,0,0,0,0,0,0,0,0
15041,0,0,0,0,0,0,0,0,0
15042,0,0,0,0,0,0,0,0,0
15043,0,0,0,0,0,0,0,0,0
15044,0,0,0,0,0,0,0,0,0
15045,0,0,0,0,0,0,0,0,0
15046,0,0,0,0,0,0,0,0,0
15047,0,0,0,0,0,0,0,0,0
15048,0,0,0,0,0,0,0,0,0
15049,0,0,0,0,0,0,0,0,0
15050,0,0,0,0,0,0,0,0,0
15051,0,0,0,0,0,0,0,0,0
15052,0,0,0,0,0,0,0,0,0
15053,0,0,0,0,0,0,0,0,0
15054,0,0,0,0,0,0,0,0,0
15055,0,0,0,0,0,0,0,0,0
15056,0,0,0,0,0,0,0,0,0
15057,0,0,0,0,0,0,0,0,0
15058,0,0,0,0,0,0,0,0,0
15059,0,0,0,0,0,0,0,0,0
15060,0,0,0,0,0,0,0,0,0
15061,0,0,0,0,0,0,0,0,0
15062,0,0,0,0,0,0,0,0,0
15063,0,0,0,0,0,0,0,0,0
15064,0,0,0,0,0,0,0,0,0
15065,0,0,0,0,0,0,0,0,0
15066,0,0,0,0,0,0,0,0,0
15067,0,0,0,0,0,0,0,0,0
15068,0,0,0,0,0,0,0,0,0
15069,0,0,0,0,0,0,0,0,0
15070,0,0,0,0,0,0,0,0,0
15071,0,0,0,0,0,0,0,0,0
15072,0,0,0,0,0,0,0,0,0
15073,0,0,0,0,0,0,0,0,0
15074,0,0,0,0,0,0,0,0,0
15075,0,0,0,0,0,0,0,0,0
15076,0,0,0,0,0,0,0,0,0
15077,0,0,0,0,0,0,0,0,0
15078,0,0,0,0,0,0,0,0,0
15079,0,0,0,0,0,0,0,0,0
15080,0,0,0,0,0,0,0,0,0
15081,0,0,0,0,0,0,0,0,0
15082,0,0,0,0,0,0,0,0,0
15083,0,0,0,0,0,0,0,0,0
15084,0,0,0,0,0,0,0,0,0
15085,0,0,0,0,0,0,0,0,0
15086,0,0,0,0,0,0,0,0,0
15087,0,0,0,0,0,0,0,0,0
15088,0,0,0,0,0,0,0,0,0
15089,0,0,0,0,0,0,0,0,0
15090,0,0,0,0,0,0,0,0,0
15091,0,0,0,0,0,0,0,0,0
15092,0,0,0,0,0,0,0,0,0
15093,0,0,0,0,0,0,0,0,0
15094,0,0,0,0,0,0,0,0,0
15095,0,0,0,0,0,0,0,0,0
15096,0,0,0,0,0,0,0,0,0
15097,0,0,0,0,0,0,0,0,0
15098,0,0,0,0,0,0,0,0,0
15099,0,0,0,0,0,0,0,0,0
15100,0,0,0,0,0,0,0,0,0
15101,0,0,0,0,0,0,0,0,0
15102,0,0,0,0,0,0,0,0,0
15103,0,0,0,0,0,0,0,0,0
15104,0,0,0,0,0,0,0,0,0
15105,0,0,0,0,0,0,0,0,0
15106,0,0,0,0,0,0,0,0,0
15107,0,0,0,0,0,0,0,0,0
15108,0,0,0,0,0,0,0,0,0
15109,0,0,0,0,0,0,0,0,0
15110,0,0,0,0,0,0,0,0,0
15111,0,0,0,0,0,0,0,0,0
15112,0,0,0,0,0,0,0,0,0
15113,0,0,0,0,0,0,0,0,0
15114,0,0,0,0,0,0,0,0,0
15115,0,0,0,0,0,0,0,0,0
15116,0,0,0,0,0,0,0,0,0
15117,0,0,0,0,0,0,0,0,0
15118,0,0,0,0,0,0,0,0,0
15119,0,0,0,0,0,0,0,0,0
15120,0,0,0,0,0,0,0,0,0
15121,0,0,0,0,0,0,0,0,0
15122,0,0,0,0,0,0,0,0,0
15123,0,0,0,0,0,0,0,0,0
15124,0,0,0,0,0,0,0,0,0
15125,0,0,0,0,0,0,0,0,0
15126,0,0,0,0,0,0,0,0,0
15127,0,0,0,0,0,0,0,0,0
15128,0,0,0,0,0,0,0,0,0
15129,0,0,0,0,0,0,0,0,0
15130,0,0,0,0,0,0,0,0,0
15131,0,0,0,0,0,0,0,0,0
15132,0,0,0,0,0,0,0,0,0
15133,0,0,0,0,0,0,0,0,0
15134,0,0,0,0,0,0,0,0,0
15135,0,0,0,0,0,0,0,0,0
15136,0,0,0,0,0,0,0,0,0
15137,0,0,0,0,0,0,0,0,0
15138,0,0,0,0,0,0,0,0,0
15139,0,0,0,0,0,0,0,0,0
15140,0,0,0,0,0,0,0,0,0
15141,0,0,0,0,0,0,0,0,0
15142,0,0,0,0,0,0,0,0,0
15143,0,0,0,0,0,0,0,0,0
15144,0,0,0,0,0,0,0,0,0
15145,0,0,0,0,0,0,0,0,0
15146,0,0,0,0,0,0,0,0,0
15147,0,0,0,0,0,0,0,0,0
15148,0,0,0,0,0,0,0,0,0
15149,0,0,0,0,0,0,0,0,0
15150,0,0,0,0,0,0,0,0,0
15151,0,0,0,0,0,0,0,0,0
15152,0,0,0,0,0,0,0,0,0
15153,0,0,0,0,0,0,0,0,0
15154,0,0,0,0,0,0,0,0,0
15155,0,0,0,0,0,0,0,0,0
15156,0,0,0,0,0,0,0,0,0
15157,0,0,0,0,0,0,0,0,0
15158,0,0,0,0,0,0,0,0,0
15159,0,0,0,0,0,0,0,0,0
15160,0,0,0,0,0,0,0,0,0
15161,0,0,0,0,0,0,0,0,0
15162,0,0,0,0,0,0,0,0,0
15163,0,0,0,0,0,0,0,0,0
15164,0,0,0,0,0,0,0,0,0
15165,0,0,0,0,0,0,0,0,0
15166,0,0,0,0,0,0,0,0,0
15167,0,0,0,0,0,0,0,0,0
15168,0,0,0,0,0,0,0,0,0
15169,0,0,0,0,0,0,0,0,0
15170,0,0,0,0,0,0,0,0,0
15171,0,0,0,0,0,0,0,0,0
15172,0,0,0,0,0,0,0,0,0
15173,0,0,0,0,0,0,0,0,0
15174,0,0,0,0,0,0,0,0,0
15175,0,0,0,0,0,0,0,0,0
15176,0,0,0,0,0,0,0,0,0
15177,0,0,0,0,0,0,0,0,0
15178,0,0,0,0,0,0,0,0,0
15179,0,0,0,0,0,0,0,0,0
15180,0,0,0,0,0,0,0,0,0
15181,0,0,0,0,0,0,0,0,0
15182,0,0,0,0,0,0,0,0,0
15183,0,0,0,0,0,0,0,0,0
15184,0,0,0,0,0,0,0,0,0
15185,0,0,0,0,0,0,0,0,0
15186,0,0,0,0,0,0,0,0,0
15187,0,0,0,0,0,0,0,0,0
15188,0,0,0,0,0,0,0,0,0
15189,0,0,0,0,0,0,0,0,0
15190,0,0,0,0,0,0,0,0,0
15191,0,0,0,0,0,0,0,0,0
15192,0,0,0,0,0,0,0,0,0
15193,0,0,0,0,0,0,0,0,0
15194,0,0,0,0,0,0,0,0,0
15195,0,0,0,0,0,0,0,0,0
15196,0,0,0,0,0,0,0,0,0
15197,0,0,0,0,0,0,0,0,0
15198,0,0,0,0,0,0,0,0,0
15199,0,0,0,0,0,0,0,0,0
15200,0,0,0,0,0,0,0,0,0
15201,0,0,0,0,0,0,0,0,0
15202,0,0,0,0,0,0,0,0,0
15203,0,0,0,0,0,0,0,0,0
15204,0,0,0,0,0,0,0,0,0
15205,0,0,0,0,0,0,0,0,0
15206,0,0,0,0,0,0,0,0,0
15207,0,0,0,0,0,0,0,0,0
15208,0,0,0,0,0,0,0,0,0
15209,0,0,0,0,0,0,0,0,0
15210,0,0,0,0,0,0,0,0,0
15211,0,0,0,0,0,0,0,0,0
15212,0,0,0,0,0,0,0,0,0
15213,0,0,0,0,0,0,0,0,0
15214,0,0,0,0,0,0,0,0,0
15215,0,0,0,0,0,0,0,0,0
15216,0,0,0,0,0,0,0,0,0
15217,0,0,0,0,0,0,0,0,0
15218,0,0,0,0,0,0,0,0,0
15219,0,0,0,0,0,0,0,0,0
15220,0,0,0,0,0,0,0,0,0
15221,0,0,0,0,0,0,0,0,0
15222,0,0,0,0,0,0,0,0,0
15223,0,0,0,0,0,0,0,0,0
15224,0,0,0,0,0,0,0,0,0
15225,0,0,0,0,0,0,0,0,0
15226,0,0,0,0,0,0,0,0,0
15227,0,0,0,0,0,0,0,0,0
15228,0,0,0,0,0,0,0,0,0
15229,0,0,0,0,0,0,0,0,0
15230,0,0,0,0,0,0,0,0,0
15231,0,0,0,0,0,0,0,0,0
15232,0,0,0,0,0,0,0,0,0
15233,0,0,0,0,0,0,0,0,0
15234,0,0,0,0,0,0,0,0,0
15235,0,0,0,0,0,0,0,0,0
15236,0,0,0,0,0,0,0,0,0
15237,0,0,0,0,0,0,0,0,0
15238,0,0,0,0,0,0,0,0,0
15239,0,0,0,0,0,0,0,0,0
15240,0,0,0,0,0,0,0,0,0
15241,0,0,0,0,0,0,0,0,0
15242,0,0,0,0,0,0,0,0,0
15243,0,0,0,0,0,0,0,0,0
15244,0,0,0,0,0,0,0,0,0
15245,0,0,0,0,0,0,0,0,0
15246,0,0,0,0,0,0,0,0,0
15247,0,0,0,0,0,0,0,0,0
15248,0,0,0,0,0,0,0,0,0
15249,0,0,0,0,0,0,0,0,0
15250,0,0,0,0,0,0,0,0,0
15251,0,0,0,0,0,0,0,0,0
15252,0,0,0,0,0,0,0,0,0
15253,0,0,0,0,0,0,0,0,0
15254,0,0,0,0,0,0,0,0,0
15255,0,0,0,0,0,0,0,0,0
15256,0,0,0,0,0,0,0,0,0
15257,0,0,0,0,0,0,0,0,0
15258,0,0,0,0,0,0,0,0,0
15259,0,0,0,0,0,0,0,0,0
15260,0,0,0,0,0,0,0,0,0
15261,0,0,0,0,0,0,0,0,0
15262,0,0,0,0,0,0,0,0,0
15263,0,0,0,0,0,0,0,0,0
15264,0,0,0,0,0,0,0,0,0
15265,0,0,0,0,0,0,0,0,0
15266,0,0,0,0,0,0,0,0,0
15267,0,0,0,0,0,0,0,0,0
15268,0,0,0,0,0,0,0,0,0
15269,0,0,0,0,0,0,0,0,0
15270,0,0,0,0,0,0,0,0,0
15271,0,0,0,0,0,0,0,0,0
15272,0,0,0,0,0,0,0,0,0
15273,0,0,0,0,0,0,0,0,0
15274,0,0,0,0,0,0,0,0,0
15275,0,0,0,0,0,0,0,0,0
15276,0,0,0,0,0,0,0,0,0
15277,0,0,0,0,0,0,0,0,0
15278,0,0,0,0,0,0,0,0,0
15279,0,0,0,0,0,0,0,0,0
15280,0,0,0,0,0,0,0,0,0
15281,0,0,0,0,0,0,0,0,0
15282,0,0,0,0,0,0,0,0,0
15283,0,0,0,0,0,0,0,0,0
15284,0,0,0,0,0,0,0,0,0
15285,0,0,0,0,0,0,0,0,0
15286,0,0,0,0,0,0,0,0,0
15287,0,0,0,0,0,0,0,0,0
15288,0,0,0,0,0,0,0,0,0
15289,0,0,0,0,0,0,0,0,0
15290,0,0,0,0,0,0,0,0,0
15291,0,0,0,0,0,0,0,0,0
15292,0,0,0,0,0,0,0,0,0
15293,0,0,0,0,0,0,0,0,0
15294,0,0,0,0,0,0,0,0,0
15295,0,0,0,0,0,0,0,0,0
15296,0,0,0,0,0,0,0,0,0
15297,0,0,0,0,0,0,0,0,0
15298,0,0,0,0,0,0,0,0,0
15299,0,0,0,0,0,0,0,0,0
15300,0,0,0,0,0,0,0,0,0
15301,0,0,0,0,0,0,0,0,0
15302,0,0,0,0,0,0,0,0,0
15303,0,0,0,0,0,0,0,0,0
15304,0,0,0,0,0,0,0,0,0
15305,0,0,0,0,0,0,0,0,0
15306,0,0,0,0,0,0,0,0,0
15307,0,0,0,0,0,0,0,0,0
15308,0,0,0,0,0,0,0,0,0
15309,0,0,0,0,0,0,0,0,0
15310,0,0,0,0,0,0,0,0,0
15311,0,0,0,0,0,0,0,0,0
15312,0,0,0,0,0,0,0,0,0
15313,0,0,0,0,0,0,0,0,0
15314,0,0,0,0,0,0,0,0,0
15315,0,0,0,0,0,0,0,0,0
15316,0,0,0,0,0,0,0,0,0
15317,0,0,0,0,0,0,0,0,0
15318,0,0,0,0,0,0,0,0,0
15319,0,0,0,0,0,0,0,0,0
15320,0,0,0,0,0,0,0,0,0
15321,0,0,0,0,0,0,0,0,0
15322,0,0,0,0,0,0,0,0,0
15323,0,0,0,0,0,0,0,0,0
15324,0,0,0,0,0,0,0,0,0
15325,0,0,0,0,0,0,0,0,0
15326,0,0,0,0,0,0,0,0,0
15327,0,0,0,0,0,0,0,0,0
15328,0,0,0,0,0,0,0,0,0
15329,0,0,0,0,0,0,0,0,0
15330,0,0,0,0,0,0,0,0,0
15331,0,0,0,0,0,0,0,0,0
15332,0,0,0,0,0,0,0,0,0
15333,0,0,0,0,0,0,0,0,0
15334,0,0,0,0,0,0,0,0,0
15335,0,0,0,0,0,0,0,0,0
15336,0,0,0,0,0,0,0,0,0
15337,0,0,0,0,0,0,0,0,0
15338,0,0,0,0,0,0,0,0,0
15339,0,0,0,0,0,0,0,0,0
15340,0,0,0,0,0,0,0,0,0
15341,0,0,0,0,0,0,0,0,0
15342,0,0,0,0,0,0,0,0,0
15343,0,0,0,0,0,0,0,0,0
15344,0,0,0,0,0,0,0,0,0
15345,0,0,0,0,0,0,0,0,0
15346,0,0,0,0,0,0,0,0,0
15347,0,0,0,0,0,0,0,0,0
15348,0,0,0,0,0,0,0,0,0
15349,0,0,0,0,0,0,0,0,0
15350,0,0,0,0,0,0,0,0,0
15351,0,0,0,0,0,0,0,0,0
15352,0,0,0,0,0,0,0,0,0
15353,0,0,0,0,0,0,0,0,0
15354,0,0,0,0,0,0,0,0,0
15355,0,0,0,0,0,0,0,0,0
15356,0,0,0,0,0,0,0,0,0
15357,0,0,0,0,0,0,0,0,0
15358,0,0,0,0,0,0,0,0,0
15359,0,0,0,0,0,0,0,0,0
15360,0,0,0,0,0,0,0,0,0
15361,0,0,0,0,0,0,0,0,0
15362,0,0,0,0,0,0,0,0,0
15363,0,0,0,0,0,0,0,0,0
15364,0,0,0,0,0,0,0,0,0
15365,0,0,0,0,0,0,0,0,0
15366,0,0,0,0,0,0,0,0,0
15367,0,0,0,0,0,0,0,0,0
15368,0,0,0,0,0,0,0,0,0
15369,0,0,0,0,0,0,0,0,0
15370,0,0,0,0,0,0,0,0,0
15371,0,0,0,0,0,0,0,0,0
15372,0,0,0,0,0,0,0,0,0
15373,0,0,0,0,0,0,0,0,0
15374,0,0,0,0,0,0,0,0,0
15375,0,0,0,0,0,0,0,0,0
15376,0,0,0,0,0,0,0,0,0
15377,0,0,0,0,0,0,0,0,0
15378,0,0,0,0,0,0,0,0,0
15379,0,0,0,0,0,0,0,0,0
15380,0,0,0,0,0,0,0,0,0
15381,0,0,0,0,0,0,0,0,0
15382,0,0,0,0,0,0,0,0,0
15383,0,0,0,0,0,0,0,0,0
15384,0,0,0,0,0,0,0,0,0
15385,0,0,0,0,0,0,0,0,0
15386,0,0,0,0,0,0,0,0,0
15387,0,0,0,0,0,0,0,0,0
15388,0,0,0,0,0,0,0,0,0
15389,0,0,0,0,0,0,0,0,0
15390,0,0,0,0,0,0,0,0,0
15391,0,0,0,0,0,0,0,0,0
15392,0,0,0,0,0,0,0,0,0
15393,0,0,0,0,0,0,0,0,0
15394,0,0,0,0,0,0,0,0,0
15395,0,0,0,0,0,0,0,0,0
15396,0,0,0,0,0,0,0,0,0
15397,0,0,0,0,0,0,0,0,0
15398,0,0,0,0,0,0,0,0,0
15399,0,0,0,0,0,0,0,0,0
15400,0,0,0,0,0,0,0,0,0
15401,0,0,0,0,0,0,0,0,0
15402,0,0,0,0,0,0,0,0,0
15403,0,0,0,0,0,0,0,0,0
15404,0,0,0,0,0,0,0,0,0
15405,0,0,0,0,0,0,0,0,0
15406,0,0,0,0,0,0,0,0,0
15407,0,0,0,0,0,0,0,0,0
15408,0,0,0,0,0,0,0,0,0
15409,0,0,0,0,0,0,0,0,0
15410,0,0,0,0,0,0,0,0,0
15411,0,0,0,0,0,0,0,0,0
15412,0,0,0,0,0,0,0,0,0
15413,0,0,0,0,0,0,0,0,0
15414,0,0,0,0,0,0,0,0,0
15415,0,0,0,0,0,0,0,0,0
15416,0,0,0,0,0,0,0,0,0
15417,0,0,0,0,0,0,0,0,0
15418,0,0,0,0,0,0,0,0,0
15419,0,0,0,0,0,0,0,0,0
15420,0,0,0,0,0,0,0,0,0
15421,0,0,0,0,0,0,0,0,0
15422,0,0,0,0,0,0,0,0,0
15423,0,0,0,0,0,0,0,0,0
15424,0,0,0,0,0,0,0,0,0
15425,0,0,0,0,0,0,0,0,0
15426,0,0,0,0,0,0,0,0,0
15427,0,0,0,0,0,0,0,0,0
15428,0,0,0,0,0,0,0,0,0
15429,0,0,0,0,0,0,0,0,0
15430,0,0,0,0,0,0,0,0,0
15431,0,0,0,0,0,0,0,0,0
15432,0,0,0,0,0,0,0,0,0
15433,0,0,0,0,0,0,0,0,0
15434,0,0,0,0,0,0,0,0,0
15435,0,0,0,0,0,0,0,0,0
15436,0,0,0,0,0,0,0,0,0
15437,0,0,0,0,0,0,0,0,0
15438,0,0,0,0,0,0,0,0,0
15439,0,0,0,0,0,0,0,0,0
15440,0,0,0,0,0,0,0,0,0
15441,0,0,0,0,0,0,0,0,0
15442,0,0,0,0,0,0,0,0,0
15443,0,0,0,0,0,0,0,0,0
15444,0,0,0,0,0,0,0,0,0
15445,0,0,0,0,0,0,0,0,0
15446,0,0,0,0,0,0,0,0,0
15447,0,0,0,0,0,0,0,0,0
15448,0,0,0,0,0,0,0,0,0
15449,0,0,0,0,0,0,0,0,0
15450,0,0,0,0,0,0,0,0,0
15451,0,0,0,0,0,0,0,0,0
15452,0,0,0,0,0,0,0,0,0
15453,0,0,0,0,0,0,0,0,0
15454,0,0,0,0,0,0,0,0,0
15455,0,0,0,0,0,0,0,0,0
15456,0,0,0,0,0,0,0,0,0
15457,0,0,0,0,0,0,0,0,0
15458,0,0,0,0,0,0,0,0,0
15459,0,0,0,0,0,0,0,0,0
15460,0,0,0,0,0,0,0,0,0
15461,0,0,0,0,0,0,0,0,0
15462,0,0,0,0,0,0,0,0,0
15463,0,0,0,0,0,0,0,0,0
15464,0,0,0,0,0,0,0,0,0
15465,0,0,0,0,0,0,0,0,0
15466,0,0,0,0,0,0,0,0,0
15467,0,0,0,0,0,0,0,0,0
15468,0,0,0,0,0,0,0,0,0
15469,0,0,0,0,0,0,0,0,0
15470,0,0,0,0,0,0,0,0,0
15471,0,0,0,0,0,0,0,0,0
15472,0,0,0,0,0,0,0,0,0
15473,0,0,0,0,0,0,0,0,0
15474,0,0,0,0,0,0,0,0,0
15475,0,0,0,0,0,0,0,0,0
15476,0,0,0,0,0,0,0,0,0
15477,0,0,0,0,0,0,0,0,0
15478,0,0,0,0,0,0,0,0,0
15479,0,0,0,0,0,0,0,0,0
15480,0,0,0,0,0,0,0,0,0
15481,0,0,0,0,0,0,0,0,0
15482,0,0,0,0,0,0,0,0,0
15483,0,0,0,0,0,0,0,0,0
15484,0,0,0,0,0,0,0,0,0
15485,0,0,0,0,0,0,0,0,0
15486,0,0,0,0,0,0,0,0,0
15487,0,0,0,0,0,0,0,0,0
15488,0,0,0,0,0,0,0,0,0
15489,0,0,0,0,0,0,0,0,0
15490,0,0,0,0,0,0,0,0,0
15491,0,0,0,0,0,0,0,0,0
15492,0,0,0,0,0,0,0,0,0
15493,0,0,0,0,0,0,0,0,0
15494,0,0,0,0,0,0,0,0,0
15495,0,0,0,0,0,0,0,0,0
15496,0,0,0,0,0,0,0,0,0
15497,0,0,0,0,0,0,0,0,0
15498,0,0,0,0,0,0,0,0,0
15499,0,0,0,0,0,0,0,0,0
15500,0,0,0,0,0,0,0,0,0
15501,0,0,0,0,0,0,0,0,0
15502,0,0,0,0,0,0,0,0,0
15503,0,0,0,0,0,0,0,0,0
15504,0,0,0,0,0,0,0,0,0
15505,0,0,0,0,0,0,0,0,0
15506,0,0,0,0,0,0,0,0,0
15507,0,0,0,0,0,0,0,0,0
15508,0,0,0,0,0,0,0,0,0
15509,0,0,0,0,0,0,0,0,0
15510,0,0,0,0,0,0,0,0,0
15511,0,0,0,0,0,0,0,0,0
15512,0,0,0,0,0,0,0,0,0
15513,0,0,0,0,0,0,0,0,0
15514,0,0,0,0,0,0,0,0,0
15515,0,0,0,0,0,0,0,0,0
15516,0,0,0,0,0,0,0,0,0
15517,0,0,0,0,0,0,0,0,0
15518,0,0,0,0,0,0,0,0,0
15519,0,0,0,0,0,0,0,0,0
15520,0,0,0,0,0,0,0,0,0
15521,0,0,0,0,0,0,0,0,0
15522,0,0,0,0,0,0,0,0,0
15523,0,0,0,0,0,0,0,0,0
15524,0,0,0,0,0,0,0,0,0
15525,0,0,0,0,0,0,0,0,0
15526,0,0,0,0,0,0,0,0,0
15527,0,0,0,0,0,0,0,0,0
15528,0,0,0,0,0,0,0,0,0
15529,0,0,0,0,0,0,0,0,0
15530,0,0,0,0,0,0,0,0,0
15531,0,0,0,0,0,0,0,0,0
15532,8.03825e-07,1.20588e-08,6.20104e-12,7.76536e-14,3.10257e-17,3.43573e-16,7.18895e-30,1.0375e-55,8.1589e-07
15533,0,0,0,0,0,0,0,0,0
15534,0,0,0,0,0,0,0,0,0
15535,0,0,0,0,0,0,0,0,0
15536,0,0,0,0,0,0,0,0,0
15537,0,0,0,0,0,0,0,0,0
15538,0,0,0,0,0,0,0,0,0
15539,0,0,0,0,0,0,0,0,0
15540,0,0,0,0,0,0,0,0,0
15541,0,0,0,0,0,0,0,0,0
15542,0,0,0,0,0,0,0,0,0
15543,0,0,0,0,0,0,0,0,0
15544,0,0,0,0,0,0,0,0,0
15545,0,0,0,0,0,0,0,0,0
15546,0,0,0,0,0,0,0,0,0
15547,0,0,0,0,0,0,0,0,0
15548,0,0,0,0,0,0,0,0,0
15549,0,0,0,0,0,0,0,0,0
15550,0,0,0,0,0,0,0,0,0
15551,0,0,0,0,0,0,0,0,0
15552,0,0,0,0,0,0,0,0,0
15553,0,0,0,0,0,0,0,0,0
15554,0,0,0,0,0,0,0,0,0
15555,0,0,0,0,0,0,0,0,0
15556,0,0,0,0,0,0,0,0,0
15557,0,0,0,0,0,0,0,0,0
15558,0,0,0,0,0,0,0,0,0
15559,0,0,0,0,0,0,0,0,0
15560,0,0,0,0,0,0,0,0,0
15561,0,0,0,0,0,0,0,0,0
15562,0,0,0,0,0,0,0,0,0
15563,0,0,0,0,0,0,0,0,0
15564,0,0,0,0,0,0,0,0,0
15565,0,0,0,0,0,0,0,0,0
15566,0,0,0,0,0,0,0,0,0
15567,0,0,0,0,0,0,0,0,0
15568,0,0,0,0,0,0,0,0,0
15569,0,0,0,0,0,0,0,0,0
15570,0,0,0,0,0,0,0,0,0
15571,0,0,0,0,0,0,0,0,0
15572,0,0,0,0,0,0,0,0,0
15573,0,0,0,0,0,0,0,0,0
15574,0,0,0,0,0,0,0,0,0
15575,0,0,0,0,0,0,0,0,0
15576,0,0,0,0,0,0,0,0,0
15577,0,0,0,0,0,0,0,0,0
15578,0,0,0,0,0,0,0,0,0
15579,0,0,0,0,0,0,0,0,0
15580,0,0,0,0,0,0,0,0,0
15581,0,0,0,0,0,0,0,0,0
15582,0,0,0,0,0,0,0,0,0
15583,0,0,0,0,0,0,0,0,0
15584,0,0,0,0,0,0,0,0,0
15585,0,0,0,0,0,0,0,0,0
15586,0,0,0,0,0,0,0,0,0
15587,0,0,0,0,0,0,0,0,0
15588,0,0,0,0,0,0,0,0,0
15589,0,0,0,0,0,0,0,0,0
15590,0,0,0,0,0,0,0,0,0
15591,0,0,0,0,0,0,0,0,0
15592,0,0,0,0,0,0,0,0,0
15593,0,0,0,0,0,0,0,0,0
15594,0,0,0,0,0,0,0,0,0
15595,0,0,0,0,0,0,0,0,0
15596,0,0,0,0,0,0,0,0,0
15597,0,0,0,0,0,0,0,0,0
15598,0,0,0,0,0,0,0,0,0
15599,0,0,0,0,0,0,0,0,0
15600,0,0,0,0,0,0,0,0,0
15601,0,0,0,0,0,0,0,0,0
15602,0,0,0,0,0,0,0,0,0
15603,0,0,0,0,0,0,0,0,0
15604,0,0,0,0,0,0,0,0,0
15605,0,0,0,0,0,0,0,0,0
15606,0,0,0,0,0,0,0,0,0
15607,0,0,0,0,0,0,0,0,0
15608,0,0,0,0,0,0,0,0,0
15609,0,0,0,0,0,0,0,0,0
15610,0,0,0,0,0,0,0,0,0
15611,0,0,0,0,0,0,0,0,0
15612,0,0,0,0,0,0,0,0,0
15613,0,0,0,0,0,0,0,0,0
15614,0,0,0,0,0,0,0,0,0
15615,0,0,0,0,0,0,0,0,0
15616,0,0,0,0,0,0,0,0,0
15617,0,0,0,0,0,0,0,0,0
15618,0,0,0,0,0,0,0,0,0
15619,0,0,0,0,0,0,0,0,0
15620,0,0,0,0,0,0,0,0,0
15621,0,0,0,0,0,0,0,0,0
15622,0,0,0,0,0,0,0,0,0
15623,0,0,0,0,0,0,0,0,0
15624,0,0,0,0,0,0,0,0,0
15625,0,0,0,0,0,0,0,0,0
15626,0,0,0,0,0,0,0,0,0
15627,0,0,0,0,0,0,0,0,0
15628,0,0,0,0,0,0,0,0,0
15629,0,0,0,0,0,0,0,0,0
15630,0,0,0,0,0,0,0,0,0
15631,0,0,0,0,0,0,0,0,0
15632,0,0,0,0,0,0,0,0,0
15633,0,0,0,0,0,0,0,0,0
15634,0,0,0,0,0,0,0,0,0
15635,0,0,0,0,0,0,0,0,0
15636,0,0,0,0,0,0,0,0,0
15637,0,0,0,0,0,0,0,0,0
15638,0,0,0,0,0,0,0,0,0
15639,0,0,0,0,0,0,0,0,0
15640,0,0,0,0,0,0,0,0,0
15641,0,0,0,0,0,0,0,0,0
15642,0,0,0,0,0,0,0,0,0
15643,0,0,0,0,0,0,0,0,0
15644,0,0,0,0,0,0,0,0,0
15645,0,0,0,0,0,0,0,0,0
15646,0,0,0,0,0,0,0,0,0
15647,0,0,0,0,0,0,0,0,0
15648,0,0,0,0,0,0,0,0,0
15649,0,0,0,0,0,0,0,0,0
15650,0,0,0,0,0,0,0,0,0
15651,0,0,0,0,0,0,0,0,0
15652,0,0,0,0,0,0,0,0,0
15653,0,0,0,0,0,0,0,0,0
15654,0,0,0,0,0,0,0,0,0
15655,0,0,0,0,0,0,0,0,0
15656,0,0,0,0,0,0,0,0,0
15657,0,0,0,0,0,0,0,0,0
15658,0,0,0,0,0,0,0,0,0
15659,0,0,0,0,0,0,0,0,0
15660,0,0,0,0,0,0,0,0,0
15661,0,0,0,0,0,0,0,0,0
15662,0,0,0,0,0,0,0,0,0
15663,0,0,0,0,0,0,0,0,0
15664,0,0,0,0,0,0,0,0,0
15665,0,0,0,0,0,0,0,0,0
15666,0,0,0,0,0,0,0,0,0
15667,0,0,0,0,0,0,0,0,0
15668,0,0,0,0,0,0,0,0,0
15669,0,0,0,0,0,0,0,0,0
15670,0,0,0,0,0,0,0,0,0
15671,0,0,0,0,0,0,0,0,0
15672,0,0,0,0,0,0,0,0,0
15673,0,0,0,0,0,0,0,0,0
15674,0,0,0,0,0,0,0,0,0
15675,0,0,0,0,0,0,0,0,0
15676,0,0,0,0,0,0,0,0,0
15677,0,0,0,0,0,0,0,0,0
15678,0,0,0,0,0,0,0,0,0
15679,0,0,0,0,0,0,0,0,0
15680,0,0,0,0,0,0,0,0,0
15681,0,0,0,0,0,0,0,0,0
15682,0,0,0,0,0,0,0,0,0
15683,0,0,0,0,0,0,0,0,0
15684,0,0,0,0,0,0,0,0,0
15685,0,0,0,0,0,0,0,0,0
15686,0,0,0,0,0,0,0,0,0
15687,0,0,0,0,0,0,0,0,0
15688,0,0,0,0,0,0,0,0,0
15689,0,0,0,0,0,0,0,0,0
15690,0,0,0,0,0,0,0,0,0
15691,0,0,0,0,0,0,0,0,0
15692,0,0,0,0,0,0,0,0,0
15693,0,0,0,0,0,0,0,0,0
15694,0,0,0,0,0,0,0,0,0
15695,0,0,0,0,0,0,0,0,0
15696,0,0,0,0,0,0,0,0,0
15697,0,0,0,0,0,0,0,0,0
15698,0,0,0,0,0,0,0,0,0
15699,0,0,0,0,0,0,0,0,0
15700,0,0,0,0,0,0,0,0,0
15701,0,0,0,0,0,0,0,0,0
15702,0,0,0,0,0,0,0,0,0
15703,0,0,0,0,0,0,0,0,0
15704,0,0,0,0,0,0,0,0,0
15705,0,0,0,0,0,0,0,0,0
15706,0,0,0,0,0,0,0,0,0
15707,0,0,0,0,0,0,0,0,0
15708,0,0,0,0,0,0,0,0,0
15709,0,0,0,0,0,0,0,0,0
15710,0,0,0,0,0,0,0,0,0
15711,0,0,0,0,0,0,0,0,0
15712,0,0,0,0,0,0,0,0,0
15713,0,0,0,0,0,0,0,0,0
15714,0,0,0,0,0,0,0,0,0
15715,0,0,0,0,0,0,0,0,0
15716,0,0,0,0,0,0,0,0,0
15717,0,0,0,0,0,0,0,0,0
15718,0,0,0,0,0,0,0,0,0
15719,0,0,0,0,0,0,0,0,0
15720,0,0,0,0,0,0,0,0,0
15721,0,0,0,0,0,0,0,0,0
15722,0,0,0,0,0,0,0,0,0
15723,0,0,0,0,0,0,0,0,0
15724,0,0,0,0,0,0,0,0,0
15725,0,0,0,0,0,0,0,0,0
15726,0,0,0,0,0,0,0,0,0
15727,0,0,0,0,0,0,0,0,0
15728,0,0,0,0,0,0,0,0,0
15729,0,0,0,0,0,0,0,0,0
15730,0,0,0,0,0,0,0,0,0
15731,0,0,0,0,0,0,0,0,0
15732,0,0,0,0,0,0,0,0,0
15733,0,0,0,0,0,0,0,0,0
15734,0,0,0,0,0,0,0,0,0
15735,0,0,0,0,0,0,0,0,0
15736,0,0,0,0,0,0,0,0,0
15737,0,0,0,0,0,0,0,0,0
15738,0,0,0,0,0,0,0,0,0
15739,0,0,0,0,0,0,0,0,0
15740,0,0,0,0,0,0,0,0,0
15741,0,0,0,0,0,0,0,0,0
15742,0,0,0,0,0,0,0,0,0
15743,0,0,0,0,0,0,0,0,0
15744,0,0,0,0,0,0,0,0,0
15745,0,0,0,0,0,0,0,0,0
15746,0,0,0,0,0,0,0,0,0
15747,0,0,0,0,0,0,0,0,0
15748,0,0,0,0,0,0,0,0,0
15749,0,0,0,0,0,0,0,0,0
15750,7.47058e-07,1.00362e-08,4.62318e-12,5.82991e-14,2.38458e-17,1.69404e-16,2.18308e-30,1.23676e-56,7.57099e-07
15751,0,0,0,0,0,0,0,0,0
15752,0,0,0,0,0,0,0,0,0
15753,0,0,0,0,0,0,0,0,0
15754,0,0,0,0,0,0,0,0,0
15755,0,0,0,0,0,0,0,0,0
15756,0,0,0,0,0,0,0,0,0
15757,0,0,0,0,0,0,0,0,0
15758,0,0,0,0,0,0,0,0,0
15759,0,0,0,0,0,0,0,0,0
15760,0,0,0,0,0,0,0,0,0
15761,0,0,0,0,0,0,0,0,0
15762,0,0,0,0,0,0,0,0,0
15763,0,0,0,0,0,0,0,0,0
15764,0,0,0,0,0,0,0,0,0
15765,0,0,0,0,0,0,0,0,0
15766,0,0,0,0,0,0,0,0,0
15767,0,0,0,0,0,0,0,0,0
15768,0,0,0,0,0,0,0,0,0
15769,0,0,0,0,0,0,0,0,0
15770,0,0,0,0,0,0,0,0,0
15771,0,0,0,0,0,0,0,0,0
15772,0,0,0,0,0,0,0,0,0
15773,0,0,0,0,0,0,0,0,0
15774,0,0,0,0,0,0,0,0,0
15775,0,0,0,0,0,0,0,0,0
15776,0,0,0,0,0,0,0,0,0
15777,0,0,0,0,0,0,0,0,0
15778,0,0,0,0,0,0,0,0,0
15779,0,0,0,0,0,0,0,0,0
15780,0,0,0,0,0,0,0,0,0
15781,0,0,0,0,0,0,0,0,0
15782,0,0,0,0,0,0,0,0,0
15783,0,0,0,0,0,0,0,0,0
15784,0,0,0,0,0,0,0,0,0
15785,0,0,0,0,0,0,0,0,0
15786,0,0,0,0,0,0,0,0,0
15787,0,0,0,0,0,0,0,0,0
15788,0,0,0,0,0,0,0,0,0
15789,0,0,0,0,0,0,0,0,0
15790,0,0,0,0,0,0,0,0,0
15791,0,0,0,0,0,0,0,0,0
15792,0,0,0,0,0,0,0,0,0
15793,0,0,0,0,0,0,0,0,0
15794,0,0,0,0,0,0,0,0,0
15795,0,0,0,0,0,0,0,0,0
15796,0,0,0,0,0,0,0,0,0
15797,0,0,0,0,0,0,0,0,0
15798,0,0,0,0,0,0,0,0,0
15799,0,0,0,0,0,0,0,0,0
15800,0,0,0,0,0,0,0,0,0
15801,0,0,0,0,0,0,0,0,0
15802,0,0,0,0,0,0,0,0,0
15803,0,0,0,0,0,0,0,0,0
15804,0,0,0,0,0,0,0,0,0
15805,0,0,0,0,0,0,0,0,0
15806,0,0,0,0,0,0,0,0,0
15807,0,0,0,0,0,0,0,0,0
15808,0,0,0,0,0,0,0,0,0
15809,0,0,0,0,0,0,0,0,0
15810,0,0,0,0,0,0,0,0,0
15811,0,0,0,0,0,0,0,0,0
15812,0,0,0,0,0,0,0,0,0
15813,0,0,0,0,0,0,0,0,0
15814,0,0,0,0,0,0,0,0,0
15815,0,0,0,0,0,0,0,0,0
15816,0,0,0,0,0,0,0,0,0
15817,0,0,0,0,0,0,0,0,0
15818,0,0,0,0,0,0,0,0,0
15819,0,0,0,0,0,0,0,0,0
15820,0,0,0,0,0,0,0,0,0
15821,0,0,0,0,0,0,0,0,0
15822,0,0,0,0,0,0,0,0,0
15823,0,0,0,0,0,0,0,0,0
15824,0,0,0,0,0,0,0,0,0
15825,0,0,0,0,0,0,0,0,0
15826,0,0,0,0,0,0,0,0,0
15827,0,0,0,0,0,0,0,0,0
15828,0,0,0,0,0,0,0,0,0
15829,0,0,0,0,0,0,0,0,0
15830,0,0,0,0,0,0,0,0,0
15831,0,0,0,0,0,0,0,0,0
15832,0,0,0,0,0,0,0,0,0
15833,0,0,0,0,0,0,0,0,0
15834,0,0,0,0,0,0,0,0,0
15835,0,0,0,0,0,0,0,0,0
15836,0,0,0,0,0,0,0,0,0
15837,0,0,0,0,0,0,0,0,0
15838,0,0,0,0,0,0,0,0,0
15839,0,0,0,0,0,0,0,0,0
15840,0,0,0,0,0,0,0,0,0
15841,0,0,0,0,0,0,0,0,0
15842,0,0,0,0,0,0,0,0,0
15843,0,0,0,0,0,0,0,0,0
15844,0,0,0,0,0,0,0,0,0
15845,0,0,0,0,0,0,0,0,0
15846,0,0,0,0,0,0,0,0,0
15847,0,0,0,0,0,0,0,0,0
15848,0,0,0,0,0,0,0,0,0
15849,0,0,0,0,0,0,0,0,0
15850,0,0,0,0,0,0,0,0,0
15851,0,0,0,0,0,0,0,0,0
15852,0,0,0,0,0,0,0,0,0
15853,0,0,0,0,0,0,0,0,0
15854,0,0,0,0,0,0,0,0,0
15855,0,0,0,0,0,0,0,0,0
15856,0,0,0,0,0,0,0,0,0
15857,0,0,0,0,0,0,0,0,0
15858,0,0,0,0,0,0,0,0,0
15859,0,0,0,0,0,0,0,0,0
15860,0,0,0,0,0,0,0,0,0
15861,0,0,0,0,0,0,0,0,0
15862,0,0,0,0,0,0,0,0,0
15863,0,0,0,0,0,0,0,0,0
15864,0,0,0,0,0,0,0,0,0
15865,0,0,0,0,0,0,0,0,0
15866,0,0,0,0,0,0,0,0,0
15867,0,0,0,0,0,0,0,0,0
15868,0,0,0,0,0,0,0,0,0
15869,0,0,0,0,0,0,0,0,0
15870,0,0,0,0,0,0,0,0,0
15871,0,0,0,0,0,0,0,0,0
15872,0,0,0,0,0,0,0,0,0
15873,0,0,0,0,0,0,0,0,0
15874,0,0,0,0,0,0,0,0,0
15875,0,0,0,0,0,0,0,0,0
15876,0,0,0,0,0,0,0,0,0
15877,0,0,0,0,0,0,0,0,0
15878,0,0,0,0,0,0,0,0,0
15879,0,0,0,0,0,0,0,0,0
15880,0,0,0,0,0,0,0,0,0
15881,0,0,0,0,0,0,0,0,0
15882,0,0,0,0,0,0,0,0,0
15883,0,0,0,0,0,0,0,0,0
15884,0,0,0,0,0,0,0,0,0
15885,0,0,0,0,0,0,0,0,0
15886,0,0,0,0,0,0,0,0,0
15887,0,0,0,0,0,0,0,0,0
15888,0,0,0,0,0,0,0,0,0
15889,0,0,0,0,0,0,0,0,0
15890,0,0,0,0,0,0,0,0,0
15891,0,0,0,0,0,0,0,0,0
15892,0,0,0,0,0,0,0,0,0
15893,0,0,0,0,0,0,0,0,0
15894,0,0,0,0,0,0,0,0,0
15895,0,0,0,0,0,0,0,0,0
15896,0,0,0,0,0,0,0,0,0
15897,0,0,0,0,0,0,0,0,0
15898,0,0,0,0,0,0,0,0,0
15899,0,0,0,0,0,0,0,0,0
15900,0,0,0,0,0,0,0,0,0
15901,0,0,0,0,0,0,0,0,0
15902,0,0,0,0,0,0,0,0,0
15903,0,0,0,0,0,0,0,0,0
15904,0,0,0,0,0,0,0,0,0
15905,0,0,0,0,0,0,0,0,0
15906,0,0,0,0,0,0,0,0,0
15907,0,0,0,0,0,0,0,0,0
15908,0,0,0,0,0,0,0,0,0
15909,0,0,0,0,0,0,0,0,0
15910,0,0,0,0,0,0,0,0,0
15911,0,0,0,0,0,0,0,0,0
15912,0,0,0,0,0,0,0,0,0
15913,0,0,0,0,0,0,0,0,0
15914,0,0,0,0,0,0,0,0,0
15915,0,0,0,0,0,0,0,0,0
15916,0,0,0,0,0,0,0,0,0
15917,0,0,0,0,0,0,0,0,0
15918,0,0,0,0,0,0,0,0,0
15919,0,0,0,0,0,0,0,0,0
15920,0,0,0,0,0,0,0,0,0
15921,0,0,0,0,0,0,0,0,0
15922,0,0,0,0,0,0,0,0,0
15923,0,0,0,0,0,0,0,0,0
15924,0,0,0,0,0,0,0,0,0
15925,0,0,0,0,0,0,0,0,0
15926,0,0,0,0,0,0,0,0,0
15927,0,0,0,0,0,0,0,0,0
15928,0,0,0,0,0,0,0,0,0
15929,0,0,0,0,0,0,0,0,0
15930,0,0,0,0,0,0,0,0,0
15931,0,0,0,0,0,0,0,0,0
15932,0,0,0,0,0,0,0,0,0
15933,0,0,0,0,0,0,0,0,0
15934,0,0,0,0,0,0,0,0,0
15935,0,0,0,0,0,0,0,0,0
15936,0,0,0,0,0,0,0,0,0
15937,0,0,0,0,0,0,0,0,0
15938,0,0,0,0,0,0,0,0,0
15939,0,0,0,0,0,0,0,0,0
15940,0,0,0,0,0,0,0,0,0
15941,0,0,0,0,0,0,0,0,0
15942,0,0,0,0,0,0,0,0,0
15943,0,0,0,0,0,0,0,0,0
15944,0,0,0,0,0,0,0,0,0
15945,0,0,0,0,0,0,0,0,0
15946,0,0,0,0,0,0,0,0,0
15947,0,0,0,0,0,0,0,0,0
15948,0,0,0,0,0,0,0,0,0
15949,0,0,0,0,0,0,0,0,0
15950,0,0,0,0,0,0,0,0,0
15951,0,0,0,0,0,0,0,0,0
15952,0,0,0,0,0,0,0,0,0
15953,0,0,0,0,0,0,0,0,0
15954,0,0,0,0,0,0,0,0,0
15955,0,0,0,0,0,0,0,0,0
15956,0,0,0,0,0,0,0,0,0
15957,0,0,0,0,0,0,0,0,0
15958,0,0,0,0,0,0,0,0,0
15959,0,0,0,0,0,0,0,0,0
15960,0,0,0,0,0,0,0,0,0
15961,0,0,0,0,0,0,0,0,0
15962,0,0,0,0,0,0,0,0,0
15963,0,0,0,0,0,0,0,0,0
15964,0,0,0,0,0,0,0,0,0
15965,0,0,0,0,0,0,0,0,0
15966,0,0,0,0,0,0,0,0,0
15967,0,0,0,0,0,0,0,0,0
15968,0,0,0,0,0,0,0,0,0
15969,0,0,0,0,0,0,0,0,0
15970,0,0,0,0,0,0,0,0,0
15971,0,0,0,0,0,0,0,0,0
15972,0,0,0,0,0,0,0,0,0
15973,0,0,0,0,0,0,0,0,0
15974,0,0,0,0,0,0,0,0,0
15975,0,0,0,0,0,0,0,0,0
15976,0,0,0,0,0,0,0,0,0
15977,9.43636e-07,1.51738e-08,8.45094e-12,9.99338e-14,4.1518e-17,4.40368e-16,9.70912e-30,3.61629e-56,9.58819e-07
