time_ms,band0,band1,band2,band3,band4,band5,band6,band7,total
0,0,0,0,0,0,0,0,0,0
1,0,0,0,0,0,0,0,0,0
2,0,0,0,0,0,0,0,0,0
3,0,0,0,0,0,0,0,0,0
4,0,0,0,0,0,0,0,0,0
5,0,0,0,0,0,0,0,0,0
6,0,0,0,0,0,0,0,0,0
7,0,0,0,0,0,0,0,0,0
8,0,0,0,0,0,0,0,0,0
9,0,0,0,0,0,0,0,0,0
10,0,0,0,0,0,0,0,0,0
11,0,0,0,0,0,0,0,0,0
12,0,0,0,0,0,0,0,0,0
13,0,0,0,0,0,0,0,0,0
14,0,0,0,0,0,0,0,0,0
15,0,0,0,0,0,0,0,0,0
16,0,0,0,0,0,0,0,0,0
17,0,0,0,0,0,0,0,0,0
18,0,0,0,0,0,0,0,0,0
19,0,0,0,0,0,0,0,0,0
20,0,0,0,0,0,0,0,0,0
21,0,0,0,0,0,0,0,0,0
22,0,0,0,0,0,0,0,0,0
23,0,0,0,0,0,0,0,0,0
24,0,0,0,0,0,0,0,0,0
25,0,0,0,0,0,0,0,0,0
26,0,0,0,0,0,0,0,0,0
27,0,0,0,0,0,0,0,0,0
28,0,0,0,0,0,0,0,0,0
29,0,0,0,0,0,0,0,0,0
30,0,0,0,0,0,0,0,0,0
31,0,0,0,0,0,0,0,0,0
32,0,0,0,0,0,0,0,0,0
33,0,0,0,0,0,0,0,0,0
34,0,0,0,0,0,0,0,0,0
35,0,0,0,0,0,0,0,0,0
36,0,0,0,0,0,0,0,0,0
37,0,0,0,0,0,0,0,0,0
38,0,0,0,0,0,0,0,0,0
39,0,0,0,0,0,0,0,0,0
40,0,0,0,0,0,0,0,0,0
41,0,0,0,0,0,0,0,0,0
42,0,0,0,0,0,0,0,0,0
43,0,0,0,0,0,0,0,0,0
44,0,0,0,0,0,0,0,0,0
45,0,0,0,0,0,0,0,0,0
46,0,0,0,0,0,0,0,0,0
47,0,0,0,0,0,0,0,0,0
48,0,0,0,0,0,0,0,0,0
49,0,0,0,0,0,0,0,0,0
50,0,0,0,0,0,0,0,0,0
51,0,0,0,0,0,0,0,0,0
52,0,0,0,0,0,0,0,0,0
53,0,0,0,0,0,0,0,0,0
54,0,0,0,0,0,0,0,0,0
55,0,0,0,0,0,0,0,0,0
56,0,0,0,0,0,0,0,0,0
57,0,0,0,0,0,0,0,0,0
58,0,0,0,0,0,0,0,0,0
59,0,0,0,0,0,0,0,0,0
60,0,0,0,0,0,0,0,0,0
61,0,0,0,0,0,0,0,0,0
62,0,0,0,0,0,0,0,0,0
63,0,0,0,0,0,0,0,0,0
64,0,0,0,0,0,0,0,0,0
65,0,0,0,0,0,0,0,0,0
66,0,0,0,0,0,0,0,0,0
67,0,0,0,0,0,0,0,0,0
68,0,0,0,0,0,0,0,0,0
69,0,0,0,0,0,0,0,0,0
70,0,0,0,0,0,0,0,0,0
71,0.986824,0.972377,0.954964,0.947406,0.93657,0.89539,0.763526,0.483838,6.94089
72,0,0,0,0,0,0,0,0,0
73,0,0,0,0,0,0,0,0,0
74,0,0,0,0,0,0,0,0,0
75,0,0,0,0,0,0,0,0,0
76,0,0,0,0,0,0,0,0,0
77,0,0,0,0,0,0,0,0,0
78,0,0,0,0,0,0,0,0,0
79,0,0,0,0,0,0,0,0,0
80,0,0,0,0,0,0,0,0,0
81,0,0,0,0,0,0,0,0,0
82,0,0,0,0,0,0,0,0,0
83,0,0,0,0,0,0,0,0,0
84,0,0,0,0,0,0,0,0,0
85,0,0,0,0,0,0,0,0,0
86,0,0,0,0,0,0,0,0,0
87,0,0,0,0,0,0,0,0,0
88,0,0,0,0,0,0,0,0,0
89,0,0,0,0,0,0,0,0,0
90,0,0,0,0,0,0,0,0,0
91,0,0,0,0,0,0,0,0,0
92,0,0,0,0,0,0,0,0,0
93,0,0,0,0,0,0,0,0,0
94,0,0,0,0,0,0,0,0,0
95,0,0,0,0,0,0,0,0,0
96,0,0,0,0,0,0,0,0,0
97,0,0,0,0,0,0,0,0,0
98,0,0,0,0,0,0,0,0,0
99,0,0,0,0,0,0,0,0,0
100,0,0,0,0,0,0,0,0,0
101,0.972605,0.943755,0.911267,0.901054,0.886475,0.823815,0.638467,0.331561,6.409
102,0.948081,0.896155,0.842376,0.832818,0.819175,0.740334,0.52579,0.255486,5.86021
103,0,0,0,0,0,0,0,0,0
104,0,0,0,0,0,0,0,0,0
105,0,0,0,0,0,0,0,0,0
106,0,0,0,0,0,0,0,0,0
107,0,0,0,0,0,0,0,0,0
108,0,0,0,0,0,0,0,0,0
109,0,0,0,0,0,0,0,0,0
110,0,0,0,0,0,0,0,0,0
111,0.961471,0.921857,0.878949,0.868185,0.852839,0.779673,0.572848,0.275184,6.11101
112,0,0,0,0,0,0,0,0,0
113,0,0,0,0,0,0,0,0,0
114,0,0,0,0,0,0,0,0,0
115,0,0,0,0,0,0,0,0,0
116,0,0,0,0,0,0,0,0,0
117,0,0,0,0,0,0,0,0,0
118,0,0,0,0,0,0,0,0,0
119,0,0,0,0,0,0,0,0,0
120,0,0,0,0,0,0,0,0,0
121,0.94256,0.885355,0.826254,0.815217,0.799505,0.712445,0.482177,0.209574,5.67309
122,0,0,0,0,0,0,0,0,0
123,0,0,0,0,0,0,0,0,0
124,0,0,0,0,0,0,0,0,0
125,0,0,0,0,0,0,0,0,0
126,0,0,0,0,0,0,0,0,0
127,0.969599,0.937473,0.900933,0.888321,0.870381,0.797472,0.587933,0.264786,6.2169
128,0,0,0,0,0,0,0,0,0
129,0.966663,0.931695,0.892408,0.879669,0.861556,0.785986,0.571404,0.252207,6.14159
130,0.933421,0.867928,0.80134,0.789835,0.773477,0.679464,0.438962,0.177861,5.46229
131,0,0,0,0,0,0,0,0,0
132,0,0,0,0,0,0,0,0,0
133,0,0,0,0,0,0,0,0,0
134,0,0,0,0,0,0,0,0,0
135,0,0,0,0,0,0,0,0,0
136,0,0,0,0,0,0,0,0,0
137,0,0,0,0,0,0,0,0,0
138,0,0,0,0,0,0,0,0,0
139,0,0,0,0,0,0,0,0,0
140,0,0,0,0,0,0,0,0,0
141,0,0,0,0,0,0,0,0,0
142,0,0,0,0,0,0,0,0,0
143,0,0,0,0,0,0,0,0,0
144,0,0,0,0,0,0,0,0,0
145,0,0,0,0,0,0,0,0,0
146,0,0,0,0,0,0,0,0,0
147,0,0,0,0,0,0,0,0,0
148,0,0,0,0,0,0,0,0,0
149,0,0,0,0,0,0,0,0,0
150,0,0,0,0,0,0,0,0,0
151,0,0,0,0,0,0,0,0,0
152,0,0,0,0,0,0,0,0,0
153,0,0,0,0,0,0,0,0,0
154,0,0,0,0,0,0,0,0,0
155,0,0,0,0,0,0,0,0,0
156,0,0,0,0,0,0,0,0,0
157,0,0,0,0,0,0,0,0,0
158,0,0,0,0,0,0,0,0,0
159,0,0,0,0,0,0,0,0,0
160,0,0,0,0,0,0,0,0,0
161,0,0,0,0,0,0,0,0,0
162,0,0,0,0,0,0,0,0,0
163,0,0,0,0,0,0,0,0,0
164,0,0,0,0,0,0,0,0,0
165,0,0,0,0,0,0,0,0,0
166,0,0,0,0,0,0,0,0,0
167,0.915814,0.834595,0.753716,0.739868,0.720283,0.610354,0.349735,0.112503,5.03687
168,0,0,0,0,0,0,0,0,0
169,0,0,0,0,0,0,0,0,0
170,0,0,0,0,0,0,0,0,0
171,0,0,0,0,0,0,0,0,0
172,0,0,0,0,0,0,0,0,0
173,0,0,0,0,0,0,0,0,0
174,0,0,0,0,0,0,0,0,0
175,0,0,0,0,0,0,0,0,0
176,0,0,0,0,0,0,0,0,0
177,0,0,0,0,0,0,0,0,0
178,0,0,0,0,0,0,0,0,0
179,0,0,0,0,0,0,0,0,0
180,0,0,0,0,0,0,0,0,0
181,0,0,0,0,0,0,0,0,0
182,0,0,0,0,0,0,0,0,0
183,0,0,0,0,0,0,0,0,0
184,0,0,0,0,0,0,0,0,0
185,0,0,0,0,0,0,0,0,0
186,0.933553,0.867407,0.798393,0.782087,0.759087,0.651363,0.386726,0.118641,5.29726
187,0,0,0,0,0,0,0,0,0
188,0,0,0,0,0,0,0,0,0
189,0.921087,0.84406,0.765881,0.749961,0.727515,0.614482,0.347064,0.10154,5.07159
190,0,0,0,0,0,0,0,0,0
191,0,0,0,0,0,0,0,0,0
192,0,0,0,0,0,0,0,0,0
193,0,0,0,0,0,0,0,0,0
194,0,0,0,0,0,0,0,0,0
195,0,0,0,0,0,0,0,0,0
196,0.905962,0.816125,0.727478,0.711784,0.68968,0.570537,0.301587,0.0819922,4.80515
197,0,0,0,0,0,0,0,0,0
198,0,0,0,0,0,0,0,0,0
199,0,0,0,0,0,0,0,0,0
200,0,0,0,0,0,0,0,0,0
201,0.921563,0.844776,0.766393,0.749429,0.725554,0.609953,0.338713,0.0935008,5.04988
202,0,0,0,0,0,0,0,0,0
203,0,0,0,0,0,0,0,0,0
204,0,0,0,0,0,0,0,0,0
205,0,0,0,0,0,0,0,0,0
206,0,0,0,0,0,0,0,0,0
207,0,0,0,0,0,0,0,0,0
208,0,0,0,0,0,0,0,0,0
209,0.902811,0.810217,0.719033,0.7025,0.679257,0.556738,0.285253,0.0723071,4.72812
210,0,0,0,0,0,0,0,0,0
211,0,0,0,0,0,0,0,0,0
212,0.898565,0.802478,0.708525,0.691996,0.66877,0.54467,0.273442,0.067567,4.65601
213,0,0,0,0,0,0,0,0,0
214,0,0,0,0,0,0,0,0,0
215,0,0,0,0,0,0,0,0,0
216,0,0,0,0,0,0,0,0,0
217,0,0,0,0,0,0,0,0,0
218,0,0,0,0,0,0,0,0,0
219,0,0,0,0,0,0,0,0,0
220,0,0,0,0,0,0,0,0,0
221,0,0,0,0,0,0,0,0,0
222,0,0,0,0,0,0,0,0,0
223,0,0,0,0,0,0,0,0,0
224,0,0,0,0,0,0,0,0,0
225,0,0,0,0,0,0,0,0,0
226,0,0,0,0,0,0,0,0,0
227,0,0,0,0,0,0,0,0,0
228,0,0,0,0,0,0,0,0,0
229,0,0,0,0,0,0,0,0,0
230,0,0,0,0,0,0,0,0,0
231,0.90243,0.80924,0.716936,0.698775,0.673323,0.546603,0.270734,0.061993,4.68003
232,0,0,0,0,0,0,0,0,0
233,0,0,0,0,0,0,0,0,0
234,0,0,0,0,0,0,0,0,0
235,0.902778,0.809821,0.717574,0.699096,0.673213,0.545839,0.26912,0.0605822,4.67802
236,0,0,0,0,0,0,0,0,0
237,0,0,0,0,0,0,0,0,0
238,0,0,0,0,0,0,0,0,0
239,0,0,0,0,0,0,0,0,0
240,0,0,0,0,0,0,0,0,0
241,0,0,0,0,0,0,0,0,0
242,0,0,0,0,0,0,0,0,0
243,0.902659,0.809507,0.716884,0.697819,0.671144,0.54232,0.264287,0.0574301,4.66205
244,0,0,0,0,0,0,0,0,0
245,0,0,0,0,0,0,0,0,0
246,0,0,0,0,0,0,0,0,0
247,0,0,0,0,0,0,0,0,0
248,0,0,0,0,0,0,0,0,0
249,0,0,0,0,0,0,0,0,0
250,0,0,0,0,0,0,0,0,0
251,0,0,0,0,0,0,0,0,0
252,0,0,0,0,0,0,0,0,0
253,0,0,0,0,0,0,0,0,0
254,0,0,0,0,0,0,0,0,0
255,0,0,0,0,0,0,0,0,0
256,0,0,0,0,0,0,0,0,0
257,0.891745,0.78963,0.689865,0.670483,0.643418,0.510202,0.23393,0.0464271,4.4757
258,0,0,0,0,0,0,0,0,0
259,0,0,0,0,0,0,0,0,0
260,0,0,0,0,0,0,0,0,0
261,0,0,0,0,0,0,0,0,0
262,0.884458,0.776545,0.672399,0.653095,0.62616,0.491,0.217227,0.0412391,4.36212
263,0,0,0,0,0,0,0,0,0
264,0,0,0,0,0,0,0,0,0
265,0,0,0,0,0,0,0,0,0
266,0,0,0,0,0,0,0,0,0
267,0,0,0,0,0,0,0,0,0
268,1.72052,1.46845,1.23525,1.19901,1.14848,0.872736,0.3503,0.0609842,8.05573
269,0,0,0,0,0,0,0,0,0
270,0.880392,0.769238,0.662572,0.643019,0.615766,0.47897,0.206394,0.0375053,4.29386
271,0,0,0,0,0,0,0,0,0
272,0,0,0,0,0,0,0,0,0
273,0,0,0,0,0,0,0,0,0
274,0,0,0,0,0,0,0,0,0
275,0,0,0,0,0,0,0,0,0
276,0,0,0,0,0,0,0,0,0
277,0,0,0,0,0,0,0,0,0
278,0,0,0,0,0,0,0,0,0
279,0,0,0,0,0,0,0,0,0
280,0,0,0,0,0,0,0,0,0
281,0,0,0,0,0,0,0,0,0
282,0,0,0,0,0,0,0,0,0
283,0,0,0,0,0,0,0,0,0
284,0.886998,0.780803,0.677285,0.656285,0.627072,0.488835,0.211676,0.0368427,4.3658
285,0,0,0,0,0,0,0,0,0
286,0,0,0,0,0,0,0,0,0
287,0,0,0,0,0,0,0,0,0
288,0,0,0,0,0,0,0,0,0
289,0,0,0,0,0,0,0,0,0
290,0,0,0,0,0,0,0,0,0
291,0,0,0,0,0,0,0,0,0
292,0,0,0,0,0,0,0,0,0
293,0,0,0,0,0,0,0,0,0
294,0,0,0,0,0,0,0,0,0
295,0,0,0,0,0,0,0,0,0
296,0,0,0,0,0,0,0,0,0
297,0,0,0,0,0,0,0,0,0
298,0.878123,0.764878,0.655947,0.634582,0.604924,0.463669,0.190053,0.0303352,4.22251
299,0.866767,0.744931,0.630061,0.609475,0.580902,0.438798,0.171571,0.0263638,4.06887
300,0,0,0,0,0,0,0,0,0
301,1.75911,1.53477,1.31829,1.27498,1.21487,0.931828,0.382705,0.0606517,8.47721
302,0,0,0,0,0,0,0,0,0
303,0.875073,0.759447,0.648733,0.627259,0.597471,0.455313,0.183172,0.0283972,4.17486
304,0,0,0,0,0,0,0,0,0
305,0,0,0,0,0,0,0,0,0
306,0,0,0,0,0,0,0,0,0
307,0,0,0,0,0,0,0,0,0
308,0,0,0,0,0,0,0,0,0
309,0,0,0,0,0,0,0,0,0
310,0,0,0,0,0,0,0,0,0
311,0,0,0,0,0,0,0,0,0
312,0,0,0,0,0,0,0,0,0
313,0,0,0,0,0,0,0,0,0
314,0.848186,0.712795,0.588894,0.568704,0.54074,0.396695,0.141506,0.0194594,3.81698
315,0,0,0,0,0,0,0,0,0
316,0,0,0,0,0,0,0,0,0
317,0,0,0,0,0,0,0,0,0
318,0,0,0,0,0,0,0,0,0
319,0,0,0,0,0,0,0,0,0
320,0,0,0,0,0,0,0,0,0
321,0,0,0,0,0,0,0,0,0
322,0,0,0,0,0,0,0,0,0
323,0,0,0,0,0,0,0,0,0
324,0,0,0,0,0,0,0,0,0
325,0,0,0,0,0,0,0,0,0
326,0,0,0,0,0,0,0,0,0
327,0,0,0,0,0,0,0,0,0
328,0,0,0,0,0,0,0,0,0
329,0,0,0,0,0,0,0,0,0
330,0.859529,0.732058,0.612744,0.590697,0.560228,0.41415,0.15104,0.0200603,3.94051
331,0,0,0,0,0,0,0,0,0
332,0,0,0,0,0,0,0,0,0
333,0,0,0,0,0,0,0,0,0
334,0,0,0,0,0,0,0,0,0
335,0,0,0,0,0,0,0,0,0
336,0.849088,0.714093,0.589901,0.568322,0.538525,0.392011,0.136151,0.0171691,3.80526
337,0,0,0,0,0,0,0,0,0
338,0,0,0,0,0,0,0,0,0
339,0,0,0,0,0,0,0,0,0
340,0,0,0,0,0,0,0,0,0
341,0,0,0,0,0,0,0,0,0
342,0,0,0,0,0,0,0,0,0
343,0,0,0,0,0,0,0,0,0
344,0,0,0,0,0,0,0,0,0
345,0,0,0,0,0,0,0,0,0
346,0,0,0,0,0,0,0,0,0
347,0,0,0,0,0,0,0,0,0
348,0,0,0,0,0,0,0,0,0
349,0,0,0,0,0,0,0,0,0
350,0,0,0,0,0,0,0,0,0
351,0,0,0,0,0,0,0,0,0
352,0,0,0,0,0,0,0,0,0
353,0,0,0,0,0,0,0,0,0
354,0,0,0,0,0,0,0,0,0
355,0,0,0,0,0,0,0,0,0
356,0,0,0,0,0,0,0,0,0
357,0,0,0,0,0,0,0,0,0
358,0,0,0,0,0,0,0,0,0
359,0,0,0,0,0,0,0,0,0
360,0,0,0,0,0,0,0,0,0
361,0,0,0,0,0,0,0,0,0
362,0,0,0,0,0,0,0,0,0
363,0,0,0,0,0,0,0,0,0
364,0,0,0,0,0,0,0,0,0
365,0,0,0,0,0,0,0,0,0
366,0,0,0,0,0,0,0,0,0
367,0,0,0,0,0,0,0,0,0
368,0,0,0,0,0,0,0,0,0
369,0,0,0,0,0,0,0,0,0
370,0,0,0,0,0,0,0,0,0
371,0,0,0,0,0,0,0,0,0
372,0,0,0,0,0,0,0,0,0
373,0,0,0,0,0,0,0,0,0
374,0,0,0,0,0,0,0,0,0
375,0,0,0,0,0,0,0,0,0
376,0,0,0,0,0,0,0,0,0
377,0,0,0,0,0,0,0,0,0
378,0,0,0,0,0,0,0,0,0
379,0,0,0,0,0,0,0,0,0
380,0,0,0,0,0,0,0,0,0
381,0,0,0,0,0,0,0,0,0
382,0,0,0,0,0,0,0,0,0
383,0.858955,0.730447,0.609082,0.583712,0.548914,0.39662,0.133898,0.0142973,3.87592
384,0,0,0,0,0,0,0,0,0
385,0,0,0,0,0,0,0,0,0
386,0,0,0,0,0,0,0,0,0
387,0,0,0,0,0,0,0,0,0
388,0,0,0,0,0,0,0,0,0
389,0,0,0,0,0,0,0,0,0
390,0,0,0,0,0,0,0,0,0
391,0,0,0,0,0,0,0,0,0
392,0,0,0,0,0,0,0,0,0
393,0.843912,0.704656,0.57646,0.551853,0.518151,0.365892,0.114865,0.0113214,3.68711
394,0,0,0,0,0,0,0,0,0
395,0,0,0,0,0,0,0,0,0
396,0,0,0,0,0,0,0,0,0
397,0,0,0,0,0,0,0,0,0
398,0,0,0,0,0,0,0,0,0
399,0,0,0,0,0,0,0,0,0
400,0,0,0,0,0,0,0,0,0
401,0,0,0,0,0,0,0,0,0
402,0,0,0,0,0,0,0,0,0
403,0,0,0,0,0,0,0,0,0
404,0,0,0,0,0,0,0,0,0
405,0,0,0,0,0,0,0,0,0
406,0,0,0,0,0,0,0,0,0
407,0,0,0,0,0,0,0,0,0
408,0,0,0,0,0,0,0,0,0
409,0.778292,0.597922,0.448881,0.428945,0.401702,0.258329,0.0604366,0.00461743,2.97913
410,0,0,0,0,0,0,0,0,0
411,0,0,0,0,0,0,0,0,0
412,0,0,0,0,0,0,0,0,0
413,0,0,0,0,0,0,0,0,0
414,0,0,0,0,0,0,0,0,0
415,0,0,0,0,0,0,0,0,0
416,0,0,0,0,0,0,0,0,0
417,0,0,0,0,0,0,0,0,0
418,0,0,0,0,0,0,0,0,0
419,0,0,0,0,0,0,0,0,0
420,0,0,0,0,0,0,0,0,0
421,0,0,0,0,0,0,0,0,0
422,0,0,0,0,0,0,0,0,0
423,0,0,0,0,0,0,0,0,0
424,0.802747,0.636459,0.493187,0.470517,0.439602,0.290504,0.073959,0.00574799,3.21272
425,0,0,0,0,0,0,0,0,0
426,0,0,0,0,0,0,0,0,0
427,0,0,0,0,0,0,0,0,0
428,0,0,0,0,0,0,0,0,0
429,0,0,0,0,0,0,0,0,0
430,0,0,0,0,0,0,0,0,0
431,0,0,0,0,0,0,0,0,0
432,0,0,0,0,0,0,0,0,0
433,0.772411,0.588584,0.437774,0.41724,0.389272,0.245908,0.054311,0.0037206,2.90922
434,0,0,0,0,0,0,0,0,0
435,0.83685,0.692302,0.560026,0.533638,0.497707,0.342333,0.0986513,0.00809802,3.56961
436,0,0,0,0,0,0,0,0,0
437,0,0,0,0,0,0,0,0,0
438,0,0,0,0,0,0,0,0,0
439,0,0,0,0,0,0,0,0,0
440,0,0,0,0,0,0,0,0,0
441,0,0,0,0,0,0,0,0,0
442,0,0,0,0,0,0,0,0,0
443,0.789102,0.614552,0.46722,0.444828,0.414372,0.266796,0.0625283,0.00434593,3.06374
444,0,0,0,0,0,0,0,0,0
445,0,0,0,0,0,0,0,0,0
446,0,0,0,0,0,0,0,0,0
447,0.793666,0.621691,0.475303,0.452299,0.421029,0.272152,0.0644177,0.00443829,3.105
448,0,0,0,0,0,0,0,0,0
449,0,0,0,0,0,0,0,0,0
450,0,0,0,0,0,0,0,0,0
451,0,0,0,0,0,0,0,0,0
452,0,0,0,0,0,0,0,0,0
453,0.810965,0.649418,0.507759,0.482851,0.449025,0.296374,0.0749806,0.00532987,3.2767
454,0,0,0,0,0,0,0,0,0
455,0,0,0,0,0,0,0,0,0
456,0,0,0,0,0,0,0,0,0
457,0,0,0,0,0,0,0,0,0
458,0,0,0,0,0,0,0,0,0
459,0,0,0,0,0,0,0,0,0
460,0,0,0,0,0,0,0,0,0
461,0,0,0,0,0,0,0,0,0
462,0,0,0,0,0,0,0,0,0
463,0,0,0,0,0,0,0,0,0
464,0,0,0,0,0,0,0,0,0
465,0,0,0,0,0,0,0,0,0
466,0,0,0,0,0,0,0,0,0
467,0,0,0,0,0,0,0,0,0
468,0,0,0,0,0,0,0,0,0
469,0.786773,0.610627,0.462094,0.438661,0.406907,0.25834,0.0578515,0.00361221,3.02486
470,1.60646,1.27384,0.985533,0.935427,0.867542,0.563224,0.135309,0.00884357,6.37618
471,0,0,0,0,0,0,0,0,0
472,0,0,0,0,0,0,0,0,0
473,0,0,0,0,0,0,0,0,0
474,0,0,0,0,0,0,0,0,0
475,0,0,0,0,0,0,0,0,0
476,0,0,0,0,0,0,0,0,0
477,0,0,0,0,0,0,0,0,0
478,0,0,0,0,0,0,0,0,0
479,0,0,0,0,0,0,0,0,0
480,0,0,0,0,0,0,0,0,0
481,0.822244,0.667549,0.528701,0.501251,0.464116,0.30742,0.0784715,0.00519354,3.37494
482,0,0,0,0,0,0,0,0,0
483,0,0,0,0,0,0,0,0,0
484,0,0,0,0,0,0,0,0,0
485,0.802927,0.636124,0.491292,0.465538,0.43072,0.277609,0.0650841,0.00400751,3.1733
486,0,0,0,0,0,0,0,0,0
487,0.794737,0.623036,0.476002,0.450995,0.417192,0.265827,0.0601227,0.00359856,3.09151
488,0,0,0,0,0,0,0,0,0
489,0.796907,0.626464,0.479925,0.454568,0.420306,0.268296,0.0610316,0.00363993,3.11114
490,0,0,0,0,0,0,0,0,0
491,0,0,0,0,0,0,0,0,0
492,0,0,0,0,0,0,0,0,0
493,0,0,0,0,0,0,0,0,0
494,0.824756,0.671551,0.53318,0.50473,0.466315,0.308183,0.0781027,0.00495328,3.39177
495,0,0,0,0,0,0,0,0,0
496,0,0,0,0,0,0,0,0,0
497,0,0,0,0,0,0,0,0,0
498,0,0,0,0,0,0,0,0,0
499,0,0,0,0,0,0,0,0,0
500,0,0,0,0,0,0,0,0,0
501,0,0,0,0,0,0,0,0,0
502,0,0,0,0,0,0,0,0,0
503,0,0,0,0,0,0,0,0,0
504,0,0,0,0,0,0,0,0,0
505,0,0,0,0,0,0,0,0,0
506,0,0,0,0,0,0,0,0,0
507,0,0,0,0,0,0,0,0,0
508,0,0,0,0,0,0,0,0,0
509,0,0,0,0,0,0,0,0,0
510,0,0,0,0,0,0,0,0,0
511,0,0,0,0,0,0,0,0,0
512,0,0,0,0,0,0,0,0,0
513,0,0,0,0,0,0,0,0,0
514,0,0,0,0,0,0,0,0,0
515,0,0,0,0,0,0,0,0,0
516,0,0,0,0,0,0,0,0,0
517,0,0,0,0,0,0,0,0,0
518,0,0,0,0,0,0,0,0,0
519,0,0,0,0,0,0,0,0,0
520,0,0,0,0,0,0,0,0,0
521,0.783704,0.605306,0.454813,0.429256,0.394879,0.244364,0.0503704,0.00256545,2.96526
522,0,0,0,0,0,0,0,0,0
523,0,0,0,0,0,0,0,0,0
524,0,0,0,0,0,0,0,0,0
525,0,0,0,0,0,0,0,0,0
526,0,0,0,0,0,0,0,0,0
527,0,0,0,0,0,0,0,0,0
528,0,0,0,0,0,0,0,0,0
529,0,0,0,0,0,0,0,0,0
530,0.748064,0.550774,0.393937,0.371465,0.341272,0.200254,0.0349539,0.00154986,2.64227
531,0,0,0,0,0,0,0,0,0
532,0,0,0,0,0,0,0,0,0
533,0,0,0,0,0,0,0,0,0
534,0,0,0,0,0,0,0,0,0
535,0,0,0,0,0,0,0,0,0
536,0,0,0,0,0,0,0,0,0
537,0.789206,0.613777,0.464117,0.437282,0.401266,0.248555,0.0513063,0.00250339,3.00801
538,0,0,0,0,0,0,0,0,0
539,0,0,0,0,0,0,0,0,0
540,0,0,0,0,0,0,0,0,0
541,0.796552,0.625384,0.477447,0.449644,0.41235,0.257602,0.0546516,0.00269272,3.07632
542,0,0,0,0,0,0,0,0,0
543,0,0,0,0,0,0,0,0,0
544,0,0,0,0,0,0,0,0,0
545,0,0,0,0,0,0,0,0,0
546,0,0,0,0,0,0,0,0,0
547,0.795117,0.623047,0.474605,0.446683,0.409258,0.254577,0.0532801,0.0025598,3.05913
548,0,0,0,0,0,0,0,0,0
549,0,0,0,0,0,0,0,0,0
550,0,0,0,0,0,0,0,0,0
551,0,0,0,0,0,0,0,0,0
552,0,0,0,0,0,0,0,0,0
553,0,0,0,0,0,0,0,0,0
554,0,0,0,0,0,0,0,0,0
555,0,0,0,0,0,0,0,0,0
556,0,0,0,0,0,0,0,0,0
557,0,0,0,0,0,0,0,0,0
558,0,0,0,0,0,0,0,0,0
559,0.762338,0.572003,0.416601,0.391547,0.358027,0.211809,0.0378893,0.00157689,2.75179
560,0,0,0,0,0,0,0,0,0
561,0,0,0,0,0,0,0,0,0
562,0,0,0,0,0,0,0,0,0
563,0,0,0,0,0,0,0,0,0
564,0,0,0,0,0,0,0,0,0
565,0,0,0,0,0,0,0,0,0
566,0,0,0,0,0,0,0,0,0
567,0,0,0,0,0,0,0,0,0
568,0,0,0,0,0,0,0,0,0
569,0,0,0,0,0,0,0,0,0
570,0,0,0,0,0,0,0,0,0
571,0,0,0,0,0,0,0,0,0
572,0,0,0,0,0,0,0,0,0
573,0,0,0,0,0,0,0,0,0
574,0,0,0,0,0,0,0,0,0
575,0,0,0,0,0,0,0,0,0
576,0,0,0,0,0,0,0,0,0
577,0,0,0,0,0,0,0,0,0
578,0,0,0,0,0,0,0,0,0
579,0,0,0,0,0,0,0,0,0
580,0,0,0,0,0,0,0,0,0
581,0,0,0,0,0,0,0,0,0
582,0,0,0,0,0,0,0,0,0
583,0,0,0,0,0,0,0,0,0
584,0,0,0,0,0,0,0,0,0
585,0,0,0,0,0,0,0,0,0
586,0,0,0,0,0,0,0,0,0
587,0.775819,0.592416,0.43877,0.411126,0.374283,0.223104,0.0408271,0.00160297,2.85795
588,0,0,0,0,0,0,0,0,0
589,0,0,0,0,0,0,0,0,0
590,0,0,0,0,0,0,0,0,0
591,0,0,0,0,0,0,0,0,0
592,0,0,0,0,0,0,0,0,0
593,0,0,0,0,0,0,0,0,0
594,0,0,0,0,0,0,0,0,0
595,0,0,0,0,0,0,0,0,0
596,0,0,0,0,0,0,0,0,0
597,0,0,0,0,0,0,0,0,0
598,0,0,0,0,0,0,0,0,0
599,0,0,0,0,0,0,0,0,0
600,0,0,0,0,0,0,0,0,0
601,0,0,0,0,0,0,0,0,0
602,0,0,0,0,0,0,0,0,0
603,0,0,0,0,0,0,0,0,0
604,0,0,0,0,0,0,0,0,0
605,0,0,0,0,0,0,0,0,0
606,0,0,0,0,0,0,0,0,0
607,0,0,0,0,0,0,0,0,0
608,0,0,0,0,0,0,0,0,0
609,0.750006,0.552963,0.394738,0.368963,0.334718,0.190674,0.0302544,0.00101275,2.62333
610,0,0,0,0,0,0,0,0,0
611,0,0,0,0,0,0,0,0,0
612,0,0,0,0,0,0,0,0,0
613,0,0,0,0,0,0,0,0,0
614,0,0,0,0,0,0,0,0,0
615,0,0,0,0,0,0,0,0,0
616,0,0,0,0,0,0,0,0,0
617,0,0,0,0,0,0,0,0,0
618,0,0,0,0,0,0,0,0,0
619,0,0,0,0,0,0,0,0,0
620,0,0,0,0,0,0,0,0,0
621,0,0,0,0,0,0,0,0,0
622,0,0,0,0,0,0,0,0,0
623,0,0,0,0,0,0,0,0,0
624,0,0,0,0,0,0,0,0,0
625,0,0,0,0,0,0,0,0,0
626,0,0,0,0,0,0,0,0,0
627,0,0,0,0,0,0,0,0,0
628,0,0,0,0,0,0,0,0,0
629,0.744957,0.545289,0.386094,0.360082,0.32562,0.182696,0.0276648,0.000851061,2.57325
630,0,0,0,0,0,0,0,0,0
631,0,0,0,0,0,0,0,0,0
632,0.702029,0.483465,0.321544,0.299775,0.270948,0.142422,0.0175587,0.000462733,2.2382
633,0,0,0,0,0,0,0,0,0
634,0,0,0,0,0,0,0,0,0
635,0,0,0,0,0,0,0,0,0
636,0,0,0,0,0,0,0,0,0
637,0,0,0,0,0,0,0,0,0
638,0,0,0,0,0,0,0,0,0
639,0.739806,0.537592,0.377668,0.351849,0.31769,0.176236,0.0257512,0.000753246,2.52735
640,0,0,0,0,0,0,0,0,0
641,0.755244,0.560542,0.402365,0.374772,0.338275,0.19169,0.0299312,0.000912062,2.65373
642,0,0,0,0,0,0,0,0,0
643,0,0,0,0,0,0,0,0,0
644,0,0,0,0,0,0,0,0,0
645,0,0,0,0,0,0,0,0,0
646,0,0,0,0,0,0,0,0,0
647,0,0,0,0,0,0,0,0,0
648,0,0,0,0,0,0,0,0,0
649,0,0,0,0,0,0,0,0,0
650,0,0,0,0,0,0,0,0,0
651,0,0,0,0,0,0,0,0,0
652,0,0,0,0,0,0,0,0,0
653,0,0,0,0,0,0,0,0,0
654,0,0,0,0,0,0,0,0,0
655,0,0,0,0,0,0,0,0,0
656,0,0,0,0,0,0,0,0,0
657,0,0,0,0,0,0,0,0,0
658,0,0,0,0,0,0,0,0,0
659,0,0,0,0,0,0,0,0,0
660,0,0,0,0,0,0,0,0,0
661,0,0,0,0,0,0,0,0,0
662,0,0,0,0,0,0,0,0,0
663,0,0,0,0,0,0,0,0,0
664,0,0,0,0,0,0,0,0,0
665,0,0,0,0,0,0,0,0,0
666,0,0,0,0,0,0,0,0,0
667,0,0,0,0,0,0,0,0,0
668,0,0,0,0,0,0,0,0,0
669,0,0,0,0,0,0,0,0,0
670,0,0,0,0,0,0,0,0,0
671,0,0,0,0,0,0,0,0,0
672,0,0,0,0,0,0,0,0,0
673,0,0,0,0,0,0,0,0,0
674,0,0,0,0,0,0,0,0,0
675,0,0,0,0,0,0,0,0,0
676,0,0,0,0,0,0,0,0,0
677,0,0,0,0,0,0,0,0,0
678,0,0,0,0,0,0,0,0,0
679,0,0,0,0,0,0,0,0,0
680,0,0,0,0,0,0,0,0,0
681,0,0,0,0,0,0,0,0,0
682,0,0,0,0,0,0,0,0,0
683,0,0,0,0,0,0,0,0,0
684,0,0,0,0,0,0,0,0,0
685,0,0,0,0,0,0,0,0,0
686,0,0,0,0,0,0,0,0,0
687,0,0,0,0,0,0,0,0,0
688,0.635569,0.39483,0.235694,0.218393,0.19566,0.0903079,0.00737369,0.000125003,1.77795
689,0,0,0,0,0,0,0,0,0
690,0,0,0,0,0,0,0,0,0
691,0,0,0,0,0,0,0,0,0
692,0,0,0,0,0,0,0,0,0
693,0,0,0,0,0,0,0,0,0
694,0,0,0,0,0,0,0,0,0
695,0,0,0,0,0,0,0,0,0
696,0,0,0,0,0,0,0,0,0
697,0,0,0,0,0,0,0,0,0
698,0,0,0,0,0,0,0,0,0
699,0,0,0,0,0,0,0,0,0
700,0,0,0,0,0,0,0,0,0
701,0,0,0,0,0,0,0,0,0
702,0,0,0,0,0,0,0,0,0
703,0,0,0,0,0,0,0,0,0
704,0,0,0,0,0,0,0,0,0
705,0,0,0,0,0,0,0,0,0
706,0,0,0,0,0,0,0,0,0
707,0,0,0,0,0,0,0,0,0
708,0.7387,0.535382,0.374039,0.345812,0.308829,0.166365,0.022197,0.000509422,2.49183
709,0,0,0,0,0,0,0,0,0
710,0,0,0,0,0,0,0,0,0
711,0,0,0,0,0,0,0,0,0
712,0,0,0,0,0,0,0,0,0
713,0,0,0,0,0,0,0,0,0
714,0,0,0,0,0,0,0,0,0
715,0,0,0,0,0,0,0,0,0
716,0,0,0,0,0,0,0,0,0
717,0,0,0,0,0,0,0,0,0
718,0,0,0,0,0,0,0,0,0
719,0,0,0,0,0,0,0,0,0
720,0,0,0,0,0,0,0,0,0
721,0,0,0,0,0,0,0,0,0
722,0.707957,0.491033,0.32769,0.3025,0.269559,0.137857,0.0155649,0.000304733,2.25246
723,0.736382,0.531845,0.369996,0.341498,0.304238,0.162326,0.0210113,0.000453562,2.46775
724,0,0,0,0,0,0,0,0,0
725,0,0,0,0,0,0,0,0,0
726,0,0,0,0,0,0,0,0,0
727,0,0,0,0,0,0,0,0,0
728,0,0,0,0,0,0,0,0,0
729,0,0,0,0,0,0,0,0,0
730,0,0,0,0,0,0,0,0,0
731,0,0,0,0,0,0,0,0,0
732,0,0,0,0,0,0,0,0,0
733,0,0,0,0,0,0,0,0,0
734,0.701132,0.481272,0.317445,0.292656,0.260293,0.130887,0.0138846,0.00024885,2.19782
735,0,0,0,0,0,0,0,0,0
736,0.70006,0.479957,0.316426,0.291629,0.259268,0.130368,0.0140376,0.000257857,2.192
737,0,0,0,0,0,0,0,0,0
738,0,0,0,0,0,0,0,0,0
739,0,0,0,0,0,0,0,0,0
740,0,0,0,0,0,0,0,0,0
741,0,0,0,0,0,0,0,0,0
742,1.41371,0.979682,0.653472,0.601884,0.534614,0.271784,0.0304755,0.000570595,4.48619
743,0,0,0,0,0,0,0,0,0
744,0,0,0,0,0,0,0,0,0
745,0,0,0,0,0,0,0,0,0
746,0.663297,0.430186,0.267819,0.246578,0.218895,0.103464,0.00916777,0.000143122,1.93955
747,0,0,0,0,0,0,0,0,0
748,0,0,0,0,0,0,0,0,0
749,0,0,0,0,0,0,0,0,0
750,0,0,0,0,0,0,0,0,0
751,0,0,0,0,0,0,0,0,0
752,0,0,0,0,0,0,0,0,0
753,0,0,0,0,0,0,0,0,0
754,0,0,0,0,0,0,0,0,0
755,0,0,0,0,0,0,0,0,0
756,0,0,0,0,0,0,0,0,0
757,0,0,0,0,0,0,0,0,0
758,0,0,0,0,0,0,0,0,0
759,0,0,0,0,0,0,0,0,0
760,0,0,0,0,0,0,0,0,0
761,0,0,0,0,0,0,0,0,0
762,0.673995,0.44425,0.281005,0.258247,0.228655,0.109239,0.0100197,0.000153798,2.00556
763,0,0,0,0,0,0,0,0,0
764,0,0,0,0,0,0,0,0,0
765,0,0,0,0,0,0,0,0,0
766,0.705843,0.487773,0.32377,0.297422,0.263179,0.131902,0.0140506,0.000237085,2.22418
767,0,0,0,0,0,0,0,0,0
768,0,0,0,0,0,0,0,0,0
769,0,0,0,0,0,0,0,0,0
770,0,0,0,0,0,0,0,0,0
771,0.681454,0.454217,0.290526,0.266728,0.235823,0.113614,0.0107148,0.000164133,2.05324
772,0,0,0,0,0,0,0,0,0
773,0,0,0,0,0,0,0,0,0
774,0,0,0,0,0,0,0,0,0
775,0,0,0,0,0,0,0,0,0
776,0.717197,0.503737,0.33985,0.31184,0.275491,0.139918,0.0155612,0.000264147,2.30386
777,0,0,0,0,0,0,0,0,0
778,0,0,0,0,0,0,0,0,0
779,0,0,0,0,0,0,0,0,0
780,0,0,0,0,0,0,0,0,0
781,0,0,0,0,0,0,0,0,0
782,0,0,0,0,0,0,0,0,0
783,0.609406,0.36203,0.205618,0.188541,0.166398,0.0706618,0.00444598,4.91024e-05,1.60715
784,0,0,0,0,0,0,0,0,0
785,0.72483,0.514578,0.35085,0.321615,0.283722,0.145216,0.0165456,0.000279125,2.35763
786,0,0,0,0,0,0,0,0,0
787,0,0,0,0,0,0,0,0,0
788,0,0,0,0,0,0,0,0,0
789,0,0,0,0,0,0,0,0,0
790,0,0,0,0,0,0,0,0,0
791,0,0,0,0,0,0,0,0,0
792,0,0,0,0,0,0,0,0,0
793,0.702908,0.483488,0.319074,0.29224,0.257497,0.127152,0.0129627,0.000198556,2.19552
794,0,0,0,0,0,0,0,0,0
795,0,0,0,0,0,0,0,0,0
796,0,0,0,0,0,0,0,0,0
797,0,0,0,0,0,0,0,0,0
798,0,0,0,0,0,0,0,0,0
799,0,0,0,0,0,0,0,0,0
800,0,0,0,0,0,0,0,0,0
801,0,0,0,0,0,0,0,0,0
802,0,0,0,0,0,0,0,0,0
803,0,0,0,0,0,0,0,0,0
804,0,0,0,0,0,0,0,0,0
805,0,0,0,0,0,0,0,0,0
806,0,0,0,0,0,0,0,0,0
807,0,0,0,0,0,0,0,0,0
808,0.688454,0.463445,0.298982,0.273365,0.240269,0.115315,0.010763,0.000148984,2.09074
809,0,0,0,0,0,0,0,0,0
810,0,0,0,0,0,0,0,0,0
811,0,0,0,0,0,0,0,0,0
812,0,0,0,0,0,0,0,0,0
813,0,0,0,0,0,0,0,0,0
814,0,0,0,0,0,0,0,0,0
815,0,0,0,0,0,0,0,0,0
816,0,0,0,0,0,0,0,0,0
817,0,0,0,0,0,0,0,0,0
818,0.664004,0.430646,0.267337,0.244173,0.214288,0.0985656,0.00806058,9.93158e-05,1.92717
819,0,0,0,0,0,0,0,0,0
820,0,0,0,0,0,0,0,0,0
821,0,0,0,0,0,0,0,0,0
822,0,0,0,0,0,0,0,0,0
823,0,0,0,0,0,0,0,0,0
824,0,0,0,0,0,0,0,0,0
825,0,0,0,0,0,0,0,0,0
826,0.690816,0.46654,0.301755,0.275368,0.241363,0.115462,0.0106745,0.00014044,2.10212
827,0.684995,0.458587,0.293941,0.268218,0.235071,0.111378,0.00997921,0.000127989,2.0623
828,0,0,0,0,0,0,0,0,0
829,0,0,0,0,0,0,0,0,0
830,0,0,0,0,0,0,0,0,0
831,0,0,0,0,0,0,0,0,0
832,0,0,0,0,0,0,0,0,0
833,0,0,0,0,0,0,0,0,0
834,0,0,0,0,0,0,0,0,0
835,0,0,0,0,0,0,0,0,0
836,0,0,0,0,0,0,0,0,0
837,0,0,0,0,0,0,0,0,0
838,0,0,0,0,0,0,0,0,0
839,0,0,0,0,0,0,0,0,0
840,0,0,0,0,0,0,0,0,0
841,0,0,0,0,0,0,0,0,0
842,0,0,0,0,0,0,0,0,0
843,0,0,0,0,0,0,0,0,0
844,0,0,0,0,0,0,0,0,0
845,0,0,0,0,0,0,0,0,0
846,0,0,0,0,0,0,0,0,0
847,0,0,0,0,0,0,0,0,0
848,0,0,0,0,0,0,0,0,0
849,0,0,0,0,0,0,0,0,0
850,0.583017,0.330686,0.178705,0.16264,0.142008,0.0560617,0.00283801,2.29301e-05,1.45598
851,0,0,0,0,0,0,0,0,0
852,0,0,0,0,0,0,0,0,0
853,0,0,0,0,0,0,0,0,0
854,0.667333,0.434776,0.270746,0.246309,0.21494,0.0979873,0.00780286,8.61705e-05,1.93998
855,0,0,0,0,0,0,0,0,0
856,0.665591,0.432461,0.268526,0.24424,0.213072,0.0967852,0.00761753,8.30011e-05,1.92838
857,0,0,0,0,0,0,0,0,0
858,0,0,0,0,0,0,0,0,0
859,0.741707,0.538505,0.374533,0.340519,0.296889,0.15124,0.0170426,0.000236678,2.46067
860,0,0,0,0,0,0,0,0,0
861,0,0,0,0,0,0,0,0,0
862,0,0,0,0,0,0,0,0,0
863,0,0,0,0,0,0,0,0,0
864,0.678833,0.45002,0.285147,0.259109,0.225733,0.104385,0.00870105,9.66993e-05,2.01202
865,0,0,0,0,0,0,0,0,0
866,0,0,0,0,0,0,0,0,0
867,1.28261,0.802509,0.479516,0.435582,0.379291,0.165123,0.0114458,0.000111334,3.55619
868,0,0,0,0,0,0,0,0,0
869,0,0,0,0,0,0,0,0,0
870,0,0,0,0,0,0,0,0,0
871,0,0,0,0,0,0,0,0,0
872,0,0,0,0,0,0,0,0,0
873,0,0,0,0,0,0,0,0,0
874,0,0,0,0,0,0,0,0,0
875,0,0,0,0,0,0,0,0,0
876,0,0,0,0,0,0,0,0,0
877,0,0,0,0,0,0,0,0,0
878,0,0,0,0,0,0,0,0,0
879,0,0,0,0,0,0,0,0,0
880,0,0,0,0,0,0,0,0,0
881,0,0,0,0,0,0,0,0,0
882,0,0,0,0,0,0,0,0,0
883,0,0,0,0,0,0,0,0,0
884,0,0,0,0,0,0,0,0,0
885,0,0,0,0,0,0,0,0,0
886,0,0,0,0,0,0,0,0,0
887,0,0,0,0,0,0,0,0,0
888,0,0,0,0,0,0,0,0,0
889,0,0,0,0,0,0,0,0,0
890,0,0,0,0,0,0,0,0,0
891,0,0,0,0,0,0,0,0,0
892,0,0,0,0,0,0,0,0,0
893,0,0,0,0,0,0,0,0,0
894,0,0,0,0,0,0,0,0,0
895,0,0,0,0,0,0,0,0,0
896,0,0,0,0,0,0,0,0,0
897,0,0,0,0,0,0,0,0,0
898,0,0,0,0,0,0,0,0,0
899,0,0,0,0,0,0,0,0,0
900,0,0,0,0,0,0,0,0,0
901,0,0,0,0,0,0,0,0,0
902,0,0,0,0,0,0,0,0,0
903,0,0,0,0,0,0,0,0,0
904,0,0,0,0,0,0,0,0,0
905,0.633258,0.390672,0.229604,0.207706,0.179796,0.0759595,0.00478783,3.95534e-05,1.72182
906,0,0,0,0,0,0,0,0,0
907,0,0,0,0,0,0,0,0,0
908,0,0,0,0,0,0,0,0,0
909,0,0,0,0,0,0,0,0,0
910,0,0,0,0,0,0,0,0,0
911,0,0,0,0,0,0,0,0,0
912,0,0,0,0,0,0,0,0,0
913,0,0,0,0,0,0,0,0,0
914,0.629873,0.386395,0.225693,0.203961,0.176299,0.0737861,0.0045182,3.57392e-05,1.70056
915,0,0,0,0,0,0,0,0,0
916,0,0,0,0,0,0,0,0,0
917,0,0,0,0,0,0,0,0,0
918,0,0,0,0,0,0,0,0,0
919,0,0,0,0,0,0,0,0,0
920,0,0,0,0,0,0,0,0,0
921,0,0,0,0,0,0,0,0,0
922,0,0,0,0,0,0,0,0,0
923,0,0,0,0,0,0,0,0,0
924,0,0,0,0,0,0,0,0,0
925,0,0,0,0,0,0,0,0,0
926,0,0,0,0,0,0,0,0,0
927,0,0,0,0,0,0,0,0,0
928,0,0,0,0,0,0,0,0,0
929,0.631461,0.388273,0.227184,0.204963,0.176736,0.0737223,0.00447123,3.38069e-05,1.70684
930,0,0,0,0,0,0,0,0,0
931,0,0,0,0,0,0,0,0,0
932,0,0,0,0,0,0,0,0,0
933,0,0,0,0,0,0,0,0,0
934,0,0,0,0,0,0,0,0,0
935,0,0,0,0,0,0,0,0,0
936,0,0,0,0,0,0,0,0,0
937,0,0,0,0,0,0,0,0,0
938,0,0,0,0,0,0,0,0,0
939,0,0,0,0,0,0,0,0,0
940,0,0,0,0,0,0,0,0,0
941,0,0,0,0,0,0,0,0,0
942,0,0,0,0,0,0,0,0,0
943,0.633582,0.390842,0.229325,0.206579,0.177742,0.074018,0.00447364,3.26353e-05,1.71659
944,0,0,0,0,0,0,0,0,0
945,0,0,0,0,0,0,0,0,0
946,0,0,0,0,0,0,0,0,0
947,0,0,0,0,0,0,0,0,0
948,0,0,0,0,0,0,0,0,0
949,0,0,0,0,0,0,0,0,0
950,0,0,0,0,0,0,0,0,0
951,0,0,0,0,0,0,0,0,0
952,0,0,0,0,0,0,0,0,0
953,0,0,0,0,0,0,0,0,0
954,0,0,0,0,0,0,0,0,0
955,0,0,0,0,0,0,0,0,0
956,0.640706,0.399688,0.237058,0.213242,0.183103,0.0767498,0.00472793,3.37499e-05,1.75531
957,0.632644,0.389584,0.228048,0.205113,0.176094,0.0728178,0.00430967,2.99253e-05,1.70864
958,0.629061,0.385064,0.223946,0.201405,0.172887,0.070964,0.00408236,2.75286e-05,1.68744
959,0,0,0,0,0,0,0,0,0
960,0,0,0,0,0,0,0,0,0
961,0,0,0,0,0,0,0,0,0
962,0,0,0,0,0,0,0,0,0
963,0,0,0,0,0,0,0,0,0
964,0,0,0,0,0,0,0,0,0
965,0,0,0,0,0,0,0,0,0
966,0,0,0,0,0,0,0,0,0
967,0,0,0,0,0,0,0,0,0
968,0,0,0,0,0,0,0,0,0
969,0,0,0,0,0,0,0,0,0
970,0,0,0,0,0,0,0,0,0
971,0,0,0,0,0,0,0,0,0
972,0,0,0,0,0,0,0,0,0
973,0,0,0,0,0,0,0,0,0
974,0,0,0,0,0,0,0,0,0
975,0,0,0,0,0,0,0,0,0
976,0,0,0,0,0,0,0,0,0
977,0,0,0,0,0,0,0,0,0
978,0.62318,0.377744,0.217389,0.195078,0.166929,0.067374,0.00370325,2.31911e-05,1.65142
979,0.624355,0.379172,0.218609,0.196152,0.167823,0.0678331,0.00374159,2.34002e-05,1.65771
980,0,0,0,0,0,0,0,0,0
981,0,0,0,0,0,0,0,0,0
982,0,0,0,0,0,0,0,0,0
983,0,0,0,0,0,0,0,0,0
984,0,0,0,0,0,0,0,0,0
985,0,0,0,0,0,0,0,0,0
986,0,0,0,0,0,0,0,0,0
987,0,0,0,0,0,0,0,0,0
988,0,0,0,0,0,0,0,0,0
989,0,0,0,0,0,0,0,0,0
990,0,0,0,0,0,0,0,0,0
991,0,0,0,0,0,0,0,0,0
992,0,0,0,0,0,0,0,0,0
993,0,0,0,0,0,0,0,0,0
994,0,0,0,0,0,0,0,0,0
995,0,0,0,0,0,0,0,0,0
996,0,0,0,0,0,0,0,0,0
997,0,0,0,0,0,0,0,0,0
998,0,0,0,0,0,0,0,0,0
999,0,0,0,0,0,0,0,0,0
1000,0,0,0,0,0,0,0,0,0
1001,0,0,0,0,0,0,0,0,0
1002,0,0,0,0,0,0,0,0,0
1003,0,0,0,0,0,0,0,0,0
1004,0,0,0,0,0,0,0,0,0
1005,0,0,0,0,0,0,0,0,0
1006,0.621467,0.375465,0.215084,0.192401,0.163896,0.0652154,0.00343463,1.94258e-05,1.63698
1007,0,0,0,0,0,0,0,0,0
1008,0,0,0,0,0,0,0,0,0
1009,0,0,0,0,0,0,0,0,0
1010,0.591749,0.339953,0.184923,0.165354,0.140776,0.0530626,0.00235725,1.17085e-05,1.47819
1011,0,0,0,0,0,0,0,0,0
1012,0,0,0,0,0,0,0,0,0
1013,0,0,0,0,0,0,0,0,0
1014,0,0,0,0,0,0,0,0,0
1015,0,0,0,0,0,0,0,0,0
1016,0,0,0,0,0,0,0,0,0
1017,0,0,0,0,0,0,0,0,0
1018,0,0,0,0,0,0,0,0,0
1019,0,0,0,0,0,0,0,0,0
1020,0,0,0,0,0,0,0,0,0
1021,0,0,0,0,0,0,0,0,0
1022,0,0,0,0,0,0,0,0,0
1023,0,0,0,0,0,0,0,0,0
1024,0.635562,0.392812,0.230154,0.205473,0.174537,0.070653,0.00393527,2.21596e-05,1.71315
1025,0,0,0,0,0,0,0,0,0
1026,0,0,0,0,0,0,0,0,0
1027,0,0,0,0,0,0,0,0,0
1028,0.610168,0.361651,0.202986,0.181146,0.153785,0.0595107,0.00288139,1.45838e-05,1.57214
1029,0,0,0,0,0,0,0,0,0
1030,0,0,0,0,0,0,0,0,0
1031,0,0,0,0,0,0,0,0,0
1032,0,0,0,0,0,0,0,0,0
1033,0,0,0,0,0,0,0,0,0
1034,0,0,0,0,0,0,0,0,0
1035,0,0,0,0,0,0,0,0,0
1036,0.615239,0.367716,0.208089,0.185546,0.157333,0.0612407,0.00302015,1.51871e-05,1.5982
1037,0,0,0,0,0,0,0,0,0
1038,0,0,0,0,0,0,0,0,0
1039,0,0,0,0,0,0,0,0,0
1040,0,0,0,0,0,0,0,0,0
1041,0,0,0,0,0,0,0,0,0
1042,0,0,0,0,0,0,0,0,0
1043,0,0,0,0,0,0,0,0,0
1044,0,0,0,0,0,0,0,0,0
1045,0,0,0,0,0,0,0,0,0
1046,0,0,0,0,0,0,0,0,0
1047,0,0,0,0,0,0,0,0,0
1048,0,0,0,0,0,0,0,0,0
1049,0,0,0,0,0,0,0,0,0
1050,0,0,0,0,0,0,0,0,0
1051,0.596568,0.345378,0.189064,0.168288,0.142343,0.0532827,0.0023302,1.0364e-05,1.49727
1052,0,0,0,0,0,0,0,0,0
1053,0,0,0,0,0,0,0,0,0
1054,0,0,0,0,0,0,0,0,0
1055,0,0,0,0,0,0,0,0,0
1056,0,0,0,0,0,0,0,0,0
1057,0,0,0,0,0,0,0,0,0
1058,0,0,0,0,0,0,0,0,0
1059,0,0,0,0,0,0,0,0,0
1060,0,0,0,0,0,0,0,0,0
1061,0.580424,0.326662,0.173659,0.15442,0.130426,0.047243,0.00186674,7.56404e-06,1.41471
1062,0,0,0,0,0,0,0,0,0
1063,0,0,0,0,0,0,0,0,0
1064,0,0,0,0,0,0,0,0,0
1065,0,0,0,0,0,0,0,0,0
1066,0,0,0,0,0,0,0,0,0
1067,0,0,0,0,0,0,0,0,0
1068,0,0,0,0,0,0,0,0,0
1069,0,0,0,0,0,0,0,0,0
1070,0,0,0,0,0,0,0,0,0
1071,0,0,0,0,0,0,0,0,0
1072,0,0,0,0,0,0,0,0,0
1073,0,0,0,0,0,0,0,0,0
1074,0.570318,0.315166,0.164344,0.145926,0.122998,0.0434901,0.00159357,5.91928e-06,1.36384
1075,0,0,0,0,0,0,0,0,0
1076,0,0,0,0,0,0,0,0,0
1077,0,0,0,0,0,0,0,0,0
1078,0,0,0,0,0,0,0,0,0
1079,0,0,0,0,0,0,0,0,0
1080,0,0,0,0,0,0,0,0,0
1081,0,0,0,0,0,0,0,0,0
1082,0,0,0,0,0,0,0,0,0
1083,0,0,0,0,0,0,0,0,0
1084,0,0,0,0,0,0,0,0,0
1085,0,0,0,0,0,0,0,0,0
1086,0.610502,0.361718,0.20246,0.179532,0.151036,0.0571894,0.00260094,1.09226e-05,1.56505
1087,0,0,0,0,0,0,0,0,0
1088,0.578155,0.32394,0.171236,0.151807,0.127668,0.0455677,0.00172424,6.33583e-06,1.4001
1089,0,0,0,0,0,0,0,0,0
1090,0,0,0,0,0,0,0,0,0
1091,0.593686,0.341798,0.185743,0.164614,0.138374,0.0507556,0.00209265,8.10821e-06,1.47707
1092,0,0,0,0,0,0,0,0,0
1093,0,0,0,0,0,0,0,0,0
1094,0,0,0,0,0,0,0,0,0
1095,0,0,0,0,0,0,0,0,0
1096,0,0,0,0,0,0,0,0,0
1097,0,0,0,0,0,0,0,0,0
1098,0,0,0,0,0,0,0,0,0
1099,0,0,0,0,0,0,0,0,0
1100,0,0,0,0,0,0,0,0,0
1101,0.511235,0.252008,0.116368,0.10302,0.0864655,0.0266094,0.000591308,1.28996e-06,1.0963
1102,0,0,0,0,0,0,0,0,0
1103,0,0,0,0,0,0,0,0,0
1104,0,0,0,0,0,0,0,0,0
1105,0,0,0,0,0,0,0,0,0
1106,0,0,0,0,0,0,0,0,0
1107,0.597869,0.346601,0.189562,0.167703,0.140616,0.0516442,0.00214031,7.99591e-06,1.49614
1108,0,0,0,0,0,0,0,0,0
1109,0,0,0,0,0,0,0,0,0
1110,0,0,0,0,0,0,0,0,0
1111,0,0,0,0,0,0,0,0,0
1112,0,0,0,0,0,0,0,0,0
1113,0,0,0,0,0,0,0,0,0
1114,0,0,0,0,0,0,0,0,0
1115,0,0,0,0,0,0,0,0,0
1116,0,0,0,0,0,0,0,0,0
1117,0,0,0,0,0,0,0,0,0
1118,0,0,0,0,0,0,0,0,0
1119,0,0,0,0,0,0,0,0,0
1120,0,0,0,0,0,0,0,0,0
1121,0,0,0,0,0,0,0,0,0
1122,0,0,0,0,0,0,0,0,0
1123,0,0,0,0,0,0,0,0,0
1124,0,0,0,0,0,0,0,0,0
1125,0,0,0,0,0,0,0,0,0
1126,0,0,0,0,0,0,0,0,0
1127,0.579049,0.324745,0.171536,0.151411,0.126545,0.0445521,0.00162078,5.2497e-06,1.39946
1128,0,0,0,0,0,0,0,0,0
1129,0,0,0,0,0,0,0,0,0
1130,0,0,0,0,0,0,0,0,0
1131,0,0,0,0,0,0,0,0,0
1132,0,0,0,0,0,0,0,0,0
1133,0.559852,0.303287,0.154598,0.13638,0.113886,0.0385988,0.00124866,3.68021e-06,1.30785
1134,0,0,0,0,0,0,0,0,0
1135,0,0,0,0,0,0,0,0,0
1136,0,0,0,0,0,0,0,0,0
1137,0,0,0,0,0,0,0,0,0
1138,0,0,0,0,0,0,0,0,0
1139,0,0,0,0,0,0,0,0,0
1140,0,0,0,0,0,0,0,0,0
1141,0,0,0,0,0,0,0,0,0
1142,0,0,0,0,0,0,0,0,0
1143,0.591522,0.339,0.182971,0.161233,0.13443,0.0481485,0.00185336,6.02282e-06,1.45917
1144,0,0,0,0,0,0,0,0,0
1145,0,0,0,0,0,0,0,0,0
1146,0,0,0,0,0,0,0,0,0
1147,0,0,0,0,0,0,0,0,0
1148,0,0,0,0,0,0,0,0,0
1149,0,0,0,0,0,0,0,0,0
1150,0,0,0,0,0,0,0,0,0
1151,0.585384,0.331867,0.177085,0.155906,0.129823,0.0458363,0.00168822,5.21209e-06,1.4276
1152,0,0,0,0,0,0,0,0,0
1153,0,0,0,0,0,0,0,0,0
1154,0,0,0,0,0,0,0,0,0
1155,0,0,0,0,0,0,0,0,0
1156,0,0,0,0,0,0,0,0,0
1157,0,0,0,0,0,0,0,0,0
1158,0,0,0,0,0,0,0,0,0
1159,0,0,0,0,0,0,0,0,0
1160,0,0,0,0,0,0,0,0,0
1161,0,0,0,0,0,0,0,0,0
1162,0,0,0,0,0,0,0,0,0
1163,0,0,0,0,0,0,0,0,0
1164,0.551193,0.293719,0.147034,0.129264,0.107417,0.0353827,0.00105119,2.70517e-06,1.26506
1165,0,0,0,0,0,0,0,0,0
1166,0,0,0,0,0,0,0,0,0
1167,0,0,0,0,0,0,0,0,0
1168,0,0,0,0,0,0,0,0,0
1169,0,0,0,0,0,0,0,0,0
1170,0,0,0,0,0,0,0,0,0
1171,0,0,0,0,0,0,0,0,0
1172,0,0,0,0,0,0,0,0,0
1173,0,0,0,0,0,0,0,0,0
1174,0,0,0,0,0,0,0,0,0
1175,0,0,0,0,0,0,0,0,0
1176,0,0,0,0,0,0,0,0,0
1177,0,0,0,0,0,0,0,0,0
1178,0,0,0,0,0,0,0,0,0
1179,0.540724,0.282287,0.13811,0.121218,0.100495,0.0321132,0.000849358,1.87744e-06,1.2158
1180,0,0,0,0,0,0,0,0,0
1181,0,0,0,0,0,0,0,0,0
1182,0.567332,0.311311,0.160461,0.140784,0.116655,0.0393563,0.00126259,3.2775e-06,1.33716
1183,0,0,0,0,0,0,0,0,0
1184,0,0,0,0,0,0,0,0,0
1185,0,0,0,0,0,0,0,0,0
1186,0,0,0,0,0,0,0,0,0
1187,0,0,0,0,0,0,0,0,0
1188,0,0,0,0,0,0,0,0,0
1189,0,0,0,0,0,0,0,0,0
1190,0,0,0,0,0,0,0,0,0
1191,0,0,0,0,0,0,0,0,0
1192,0,0,0,0,0,0,0,0,0
1193,0,0,0,0,0,0,0,0,0
1194,0,0,0,0,0,0,0,0,0
1195,0,0,0,0,0,0,0,0,0
1196,0,0,0,0,0,0,0,0,0
1197,0,0,0,0,0,0,0,0,0
1198,0,0,0,0,0,0,0,0,0
1199,0,0,0,0,0,0,0,0,0
1200,0,0,0,0,0,0,0,0,0
1201,0,0,0,0,0,0,0,0,0
1202,0,0,0,0,0,0,0,0,0
1203,0,0,0,0,0,0,0,0,0
1204,0,0,0,0,0,0,0,0,0
1205,0,0,0,0,0,0,0,0,0
1206,0,0,0,0,0,0,0,0,0
1207,0,0,0,0,0,0,0,0,0
1208,0,0,0,0,0,0,0,0,0
1209,0.539123,0.280635,0.136905,0.119757,0.0988081,0.0312395,0.000821325,1.73556e-06,1.20729
1210,0,0,0,0,0,0,0,0,0
1211,0,0,0,0,0,0,0,0,0
1212,0.559971,0.303038,0.153805,0.134502,0.110931,0.0364878,0.00108503,2.48155e-06,1.29982
1213,0,0,0,0,0,0,0,0,0
1214,0,0,0,0,0,0,0,0,0
1215,0,0,0,0,0,0,0,0,0
1216,0.579781,0.325128,0.171105,0.149561,0.123267,0.0420163,0.00139742,3.42051e-06,1.39226
1217,0,0,0,0,0,0,0,0,0
1218,0,0,0,0,0,0,0,0,0
1219,0,0,0,0,0,0,0,0,0
1220,0,0,0,0,0,0,0,0,0
1221,0.571465,0.315727,0.163612,0.142926,0.117698,0.039423,0.00124278,2.89246e-06,1.3521
1222,0,0,0,0,0,0,0,0,0
1223,0,0,0,0,0,0,0,0,0
1224,0,0,0,0,0,0,0,0,0
1225,0.554771,0.297301,0.149308,0.130381,0.107309,0.0347696,0.000987921,2.11818e-06,1.27483
1226,0,0,0,0,0,0,0,0,0
1227,0,0,0,0,0,0,0,0,0
1228,0,0,0,0,0,0,0,0,0
1229,0,0,0,0,0,0,0,0,0
1230,0,0,0,0,0,0,0,0,0
1231,0,0,0,0,0,0,0,0,0
1232,0,0,0,0,0,0,0,0,0
1233,0,0,0,0,0,0,0,0,0
1234,0,0,0,0,0,0,0,0,0
1235,0,0,0,0,0,0,0,0,0
1236,0,0,0,0,0,0,0,0,0
1237,0,0,0,0,0,0,0,0,0
1238,0,0,0,0,0,0,0,0,0
1239,0,0,0,0,0,0,0,0,0
1240,0,0,0,0,0,0,0,0,0
1241,0,0,0,0,0,0,0,0,0
1242,0,0,0,0,0,0,0,0,0
1243,0,0,0,0,0,0,0,0,0
1244,0,0,0,0,0,0,0,0,0
1245,0,0,0,0,0,0,0,0,0
1246,0,0,0,0,0,0,0,0,0
1247,0,0,0,0,0,0,0,0,0
1248,0,0,0,0,0,0,0,0,0
1249,0,0,0,0,0,0,0,0,0
1250,0,0,0,0,0,0,0,0,0
1251,0,0,0,0,0,0,0,0,0
1252,0.600129,0.348448,0.189721,0.165169,0.135355,0.0472077,0.00169289,3.98827e-06,1.48773
1253,0,0,0,0,0,0,0,0,0
1254,0,0,0,0,0,0,0,0,0
1255,0,0,0,0,0,0,0,0,0
1256,0,0,0,0,0,0,0,0,0
1257,0,0,0,0,0,0,0,0,0
1258,0,0,0,0,0,0,0,0,0
1259,0,0,0,0,0,0,0,0,0
1260,0,0,0,0,0,0,0,0,0
1261,0,0,0,0,0,0,0,0,0
1262,0,0,0,0,0,0,0,0,0
1263,0,0,0,0,0,0,0,0,0
1264,0,0,0,0,0,0,0,0,0
1265,0,0,0,0,0,0,0,0,0
1266,0,0,0,0,0,0,0,0,0
1267,0,0,0,0,0,0,0,0,0
1268,0,0,0,0,0,0,0,0,0
1269,0.563118,0.306218,0.155818,0.135403,0.11067,0.035831,0.00102153,1.96879e-06,1.30808
1270,0,0,0,0,0,0,0,0,0
1271,0,0,0,0,0,0,0,0,0
1272,0,0,0,0,0,0,0,0,0
1273,0.507482,0.248001,0.113099,0.0982384,0.0802448,0.0231957,0.000463278,6.87196e-07,1.07072
1274,0,0,0,0,0,0,0,0,0
1275,0,0,0,0,0,0,0,0,0
1276,0,0,0,0,0,0,0,0,0
1277,0,0,0,0,0,0,0,0,0
1278,0.554511,0.296776,0.148529,0.128948,0.105255,0.0334164,0.00089766,1.62653e-06,1.26833
1279,0.539086,0.280288,0.136181,0.118215,0.0964774,0.0297073,0.000725581,1.22721e-06,1.20068
1280,0,0,0,0,0,0,0,0,0
1281,0,0,0,0,0,0,0,0,0
1282,0,0,0,0,0,0,0,0,0
1283,0,0,0,0,0,0,0,0,0
1284,0,0,0,0,0,0,0,0,0
1285,0,0,0,0,0,0,0,0,0
1286,0,0,0,0,0,0,0,0,0
1287,0,0,0,0,0,0,0,0,0
1288,0,0,0,0,0,0,0,0,0
1289,0,0,0,0,0,0,0,0,0
1290,0,0,0,0,0,0,0,0,0
1291,0,0,0,0,0,0,0,0,0
1292,0,0,0,0,0,0,0,0,0
1293,0,0,0,0,0,0,0,0,0
1294,0,0,0,0,0,0,0,0,0
1295,0,0,0,0,0,0,0,0,0
1296,0,0,0,0,0,0,0,0,0
1297,1.12005,0.605587,0.30611,0.265178,0.215783,0.0687965,0.00188157,3.29483e-06,2.58339
1298,0,0,0,0,0,0,0,0,0
1299,0,0,0,0,0,0,0,0,0
1300,0,0,0,0,0,0,0,0,0
1301,0,0,0,0,0,0,0,0,0
1302,0,0,0,0,0,0,0,0,0
1303,0,0,0,0,0,0,0,0,0
1304,0,0,0,0,0,0,0,0,0
1305,0,0,0,0,0,0,0,0,0
1306,0,0,0,0,0,0,0,0,0
1307,0,0,0,0,0,0,0,0,0
1308,0,0,0,0,0,0,0,0,0
1309,0,0,0,0,0,0,0,0,0
1310,0,0,0,0,0,0,0,0,0
1311,0,0,0,0,0,0,0,0,0
1312,0,0,0,0,0,0,0,0,0
1313,0,0,0,0,0,0,0,0,0
1314,0,0,0,0,0,0,0,0,0
1315,0,0,0,0,0,0,0,0,0
1316,0,0,0,0,0,0,0,0,0
1317,0,0,0,0,0,0,0,0,0
1318,0,0,0,0,0,0,0,0,0
1319,0.512875,0.253202,0.116476,0.100655,0.0816223,0.0234602,0.000464441,6.12921e-07,1.08876
1320,0,0,0,0,0,0,0,0,0
1321,0,0,0,0,0,0,0,0,0
1322,0,0,0,0,0,0,0,0,0
1323,0,0,0,0,0,0,0,0,0
1324,0,0,0,0,0,0,0,0,0
1325,0,0,0,0,0,0,0,0,0
1326,0,0,0,0,0,0,0,0,0
1327,0,0,0,0,0,0,0,0,0
1328,0,0,0,0,0,0,0,0,0
1329,0,0,0,0,0,0,0,0,0
1330,0,0,0,0,0,0,0,0,0
1331,0,0,0,0,0,0,0,0,0
1332,0,0,0,0,0,0,0,0,0
1333,0,0,0,0,0,0,0,0,0
1334,0,0,0,0,0,0,0,0,0
1335,0,0,0,0,0,0,0,0,0
1336,0,0,0,0,0,0,0,0,0
1337,0.499231,0.239619,0.106965,0.0922561,0.0746043,0.0206621,0.000362155,4.15472e-07,1.0337
1338,0.399528,0.151632,0.0524957,0.045274,0.0366079,0.00762993,3.80382e-05,5.21324e-09,0.693206
1339,0,0,0,0,0,0,0,0,0
1340,0,0,0,0,0,0,0,0,0
1341,0,0,0,0,0,0,0,0,0
1342,0,0,0,0,0,0,0,0,0
1343,0,0,0,0,0,0,0,0,0
1344,0,0,0,0,0,0,0,0,0
1345,0.489471,0.230155,0.100532,0.0866315,0.0699678,0.0188933,0.000304227,3.1917e-07,0.995954
1346,0,0,0,0,0,0,0,0,0
1347,0,0,0,0,0,0,0,0,0
1348,0,0,0,0,0,0,0,0,0
1349,0,0,0,0,0,0,0,0,0
1350,0,0,0,0,0,0,0,0,0
1351,0.563481,0.306212,0.155175,0.13363,0.107824,0.0338644,0.000887203,1.31525e-06,1.30107
1352,0,0,0,0,0,0,0,0,0
1353,0,0,0,0,0,0,0,0,0
1354,0,0,0,0,0,0,0,0,0
1355,0,0,0,0,0,0,0,0,0
1356,0,0,0,0,0,0,0,0,0
1357,0,0,0,0,0,0,0,0,0
1358,0,0,0,0,0,0,0,0,0
1359,0,0,0,0,0,0,0,0,0
1360,0,0,0,0,0,0,0,0,0
1361,0,0,0,0,0,0,0,0,0
1362,0,0,0,0,0,0,0,0,0
1363,0,0,0,0,0,0,0,0,0
1364,0,0,0,0,0,0,0,0,0
1365,0,0,0,0,0,0,0,0,0
1366,0,0,0,0,0,0,0,0,0
1367,0,0,0,0,0,0,0,0,0
1368,0,0,0,0,0,0,0,0,0
1369,0,0,0,0,0,0,0,0,0
1370,0,0,0,0,0,0,0,0,0
1371,0,0,0,0,0,0,0,0,0
1372,0,0,0,0,0,0,0,0,0
1373,0,0,0,0,0,0,0,0,0
1374,0,0,0,0,0,0,0,0,0
1375,0,0,0,0,0,0,0,0,0
1376,0,0,0,0,0,0,0,0,0
1377,0,0,0,0,0,0,0,0,0
1378,0,0,0,0,0,0,0,0,0
1379,0,0,0,0,0,0,0,0,0
1380,0,0,0,0,0,0,0,0,0
1381,0,0,0,0,0,0,0,0,0
1382,0,0,0,0,0,0,0,0,0
1383,0,0,0,0,0,0,0,0,0
1384,0,0,0,0,0,0,0,0,0
1385,0,0,0,0,0,0,0,0,0
1386,0,0,0,0,0,0,0,0,0
1387,0,0,0,0,0,0,0,0,0
1388,0.536399,0.276987,0.133036,0.114098,0.0915299,0.0269028,0.000577153,6.80683e-07,1.17953
1389,0,0,0,0,0,0,0,0,0
1390,0,0,0,0,0,0,0,0,0
1391,0,0,0,0,0,0,0,0,0
1392,0,0,0,0,0,0,0,0,0
1393,0,0,0,0,0,0,0,0,0
1394,0.604925,0.353331,0.19244,0.164943,0.132202,0.0440998,0.00140479,2.15254e-06,1.49335
1395,0,0,0,0,0,0,0,0,0
1396,0,0,0,0,0,0,0,0,0
1397,0,0,0,0,0,0,0,0,0
1398,0,0,0,0,0,0,0,0,0
1399,0.648571,0.406848,0.238308,0.204144,0.163493,0.058648,0.00234445,4.15613e-06,1.72236
1400,0.484729,0.225557,0.097341,0.0833726,0.0667553,0.0175216,0.000264289,2.36242e-07,0.975541
1401,0,0,0,0,0,0,0,0,0
1402,0,0,0,0,0,0,0,0,0
1403,0,0,0,0,0,0,0,0,0
1404,0,0,0,0,0,0,0,0,0
1405,0,0,0,0,0,0,0,0,0
1406,0,0,0,0,0,0,0,0,0
1407,0.56995,0.313112,0.160091,0.137014,0.109587,0.0341286,0.000879317,1.12449e-06,1.32476
1408,0,0,0,0,0,0,0,0,0
1409,0.490078,0.230594,0.100613,0.0860902,0.0688348,0.0182194,0.000282393,2.51584e-07,0.994712
1410,0,0,0,0,0,0,0,0,0
1411,0,0,0,0,0,0,0,0,0
1412,0,0,0,0,0,0,0,0,0
1413,0,0,0,0,0,0,0,0,0
1414,0,0,0,0,0,0,0,0,0
1415,0,0,0,0,0,0,0,0,0
1416,0,0,0,0,0,0,0,0,0
1417,0,0,0,0,0,0,0,0,0
1418,0,0,0,0,0,0,0,0,0
1419,0,0,0,0,0,0,0,0,0
1420,0,0,0,0,0,0,0,0,0
1421,0,0,0,0,0,0,0,0,0
1422,0,0,0,0,0,0,0,0,0
1423,0,0,0,0,0,0,0,0,0
1424,0,0,0,0,0,0,0,0,0
1425,0,0,0,0,0,0,0,0,0
1426,0,0,0,0,0,0,0,0,0
1427,0,0,0,0,0,0,0,0,0
1428,0,0,0,0,0,0,0,0,0
1429,0,0,0,0,0,0,0,0,0
1430,0,0,0,0,0,0,0,0,0
1431,0,0,0,0,0,0,0,0,0
1432,0,0,0,0,0,0,0,0,0
1433,0,0,0,0,0,0,0,0,0
1434,0,0,0,0,0,0,0,0,0
1435,0,0,0,0,0,0,0,0,0
1436,0,0,0,0,0,0,0,0,0
1437,0,0,0,0,0,0,0,0,0
1438,0,0,0,0,0,0,0,0,0
1439,0,0,0,0,0,0,0,0,0
1440,0,0,0,0,0,0,0,0,0
1441,0,0,0,0,0,0,0,0,0
1442,0.433517,0.179745,0.0687915,0.0586504,0.0466554,0.0106848,0.00010522,6.24027e-08,0.798149
1443,0,0,0,0,0,0,0,0,0
1444,0,0,0,0,0,0,0,0,0
1445,0.49724,0.237341,0.104936,0.0894356,0.0711098,0.0188655,0.000296334,2.44177e-07,1.01922
1446,0,0,0,0,0,0,0,0,0
1447,0,0,0,0,0,0,0,0,0
1448,0,0,0,0,0,0,0,0,0
1449,0,0,0,0,0,0,0,0,0
1450,0,0,0,0,0,0,0,0,0
1451,0,0,0,0,0,0,0,0,0
1452,0,0,0,0,0,0,0,0,0
1453,0,0,0,0,0,0,0,0,0
1454,0,0,0,0,0,0,0,0,0
1455,0.52229,0.262149,0.121968,0.103835,0.0824275,0.0229643,0.000420965,3.7697e-07,1.11606
1456,0,0,0,0,0,0,0,0,0
1457,0,0,0,0,0,0,0,0,0
1458,0,0,0,0,0,0,0,0,0
1459,0,0,0,0,0,0,0,0,0
1460,0.489869,0.230211,0.100111,0.0851792,0.0675625,0.0175387,0.000257962,1.9539e-07,0.99073
1461,0,0,0,0,0,0,0,0,0
1462,0,0,0,0,0,0,0,0,0
1463,0,0,0,0,0,0,0,0,0
1464,0,0,0,0,0,0,0,0,0
1465,0,0,0,0,0,0,0,0,0
1466,0,0,0,0,0,0,0,0,0
1467,0,0,0,0,0,0,0,0,0
1468,0,0,0,0,0,0,0,0,0
1469,0,0,0,0,0,0,0,0,0
1470,0,0,0,0,0,0,0,0,0
1471,0,0,0,0,0,0,0,0,0
1472,0.476386,0.217514,0.0917952,0.0780072,0.0617656,0.0154949,0.000205008,1.40127e-07,0.941168
1473,0,0,0,0,0,0,0,0,0
1474,0,0,0,0,0,0,0,0,0
1475,0,0,0,0,0,0,0,0,0
1476,0,0,0,0,0,0,0,0,0
1477,0,0,0,0,0,0,0,0,0
1478,0,0,0,0,0,0,0,0,0
1479,0.474808,0.216028,0.090809,0.077111,0.0609906,0.0152051,0.000197323,1.30679e-07,0.93515
1480,0,0,0,0,0,0,0,0,0
1481,0,0,0,0,0,0,0,0,0
1482,0,0,0,0,0,0,0,0,0
1483,0,0,0,0,0,0,0,0,0
1484,0.525564,0.265361,0.12406,0.105285,0.0832054,0.0230868,0.000419301,3.4724e-07,1.12698
1485,0,0,0,0,0,0,0,0,0
1486,0,0,0,0,0,0,0,0,0
1487,0,0,0,0,0,0,0,0,0
1488,0.549035,0.289901,0.141858,0.120333,0.0950343,0.0275904,0.000577756,5.23228e-07,1.22433
1489,0,0,0,0,0,0,0,0,0
1490,0,0,0,0,0,0,0,0,0
1491,0,0,0,0,0,0,0,0,0
1492,0,0,0,0,0,0,0,0,0
1493,0,0,0,0,0,0,0,0,0
1494,0,0,0,0,0,0,0,0,0
1495,0,0,0,0,0,0,0,0,0
1496,0,0,0,0,0,0,0,0,0
1497,0,0,0,0,0,0,0,0,0
1498,0.476503,0.217537,0.0916968,0.0776987,0.0612693,0.0152279,0.000196644,1.2398e-07,0.940129
1499,0,0,0,0,0,0,0,0,0
1500,0,0,0,0,0,0,0,0,0
1501,0,0,0,0,0,0,0,0,0
1502,0,0,0,0,0,0,0,0,0
1503,0,0,0,0,0,0,0,0,0
1504,0.934728,0.418994,0.173598,0.147,0.115808,0.0282775,0.000349667,2.12784e-07,1.81875
1505,0.377932,0.13598,0.0448939,0.0380099,0.0299383,0.00577952,3.36393e-05,1.17794e-08,0.632568
1506,0,0,0,0,0,0,0,0,0
1507,0,0,0,0,0,0,0,0,0
1508,0,0,0,0,0,0,0,0,0
1509,0,0,0,0,0,0,0,0,0
1510,0,0,0,0,0,0,0,0,0
1511,0,0,0,0,0,0,0,0,0
1512,0,0,0,0,0,0,0,0,0
1513,0,0,0,0,0,0,0,0,0
1514,0,0,0,0,0,0,0,0,0
1515,0,0,0,0,0,0,0,0,0
1516,0,0,0,0,0,0,0,0,0
1517,0,0,0,0,0,0,0,0,0
1518,0,0,0,0,0,0,0,0,0
1519,0.950405,0.432538,0.181591,0.153518,0.120663,0.0296732,0.00037181,2.17913e-07,1.86876
1520,0.496318,0.236159,0.103746,0.0876909,0.0689061,0.0177372,0.000256075,1.64808e-07,1.01081
1521,0.986018,0.466066,0.20342,0.17193,0.135088,0.0345513,0.000490653,3.12947e-07,1.99757
1522,0,0,0,0,0,0,0,0,0
1523,0,0,0,0,0,0,0,0,0
1524,0,0,0,0,0,0,0,0,0
1525,0,0,0,0,0,0,0,0,0
1526,0,0,0,0,0,0,0,0,0
1527,0,0,0,0,0,0,0,0,0
1528,0,0,0,0,0,0,0,0,0
1529,0.457646,0.200148,0.0804627,0.0679462,0.0533188,0.0124597,0.000128105,5.99186e-08,0.87211
1530,0,0,0,0,0,0,0,0,0
1531,0,0,0,0,0,0,0,0,0
1532,0,0,0,0,0,0,0,0,0
1533,0,0,0,0,0,0,0,0,0
1534,0,0,0,0,0,0,0,0,0
1535,0,0,0,0,0,0,0,0,0
1536,0,0,0,0,0,0,0,0,0
1537,0,0,0,0,0,0,0,0,0
1538,0,0,0,0,0,0,0,0,0
1539,0.462607,0.204692,0.0833803,0.0703289,0.0550985,0.0130432,0.0001443,7.27521e-08,0.889294
1540,0.465044,0.206932,0.0848233,0.0715388,0.0560382,0.0133588,0.00015251,7.94563e-08,0.897888
1541,0.485208,0.225512,0.0966471,0.0815051,0.0638387,0.0159234,0.000209484,1.20377e-07,0.968844
1542,0,0,0,0,0,0,0,0,0
1543,0,0,0,0,0,0,0,0,0
1544,0,0,0,0,0,0,0,0,0
1545,0,0,0,0,0,0,0,0,0
1546,0,0,0,0,0,0,0,0,0
1547,0,0,0,0,0,0,0,0,0
1548,0,0,0,0,0,0,0,0,0
1549,0,0,0,0,0,0,0,0,0
1550,0,0,0,0,0,0,0,0,0
1551,0,0,0,0,0,0,0,0,0
1552,0,0,0,0,0,0,0,0,0
1553,0,0,0,0,0,0,0,0,0
1554,0,0,0,0,0,0,0,0,0
1555,0,0,0,0,0,0,0,0,0
1556,0,0,0,0,0,0,0,0,0
1557,0,0,0,0,0,0,0,0,0
1558,0.473301,0.21438,0.0894199,0.0752718,0.0588031,0.0141923,0.000168758,8.65991e-08,0.925537
1559,0,0,0,0,0,0,0,0,0
1560,0.482522,0.222926,0.0948838,0.0798509,0.0623579,0.0153552,0.000194713,1.04097e-07,0.95809
1561,0,0,0,0,0,0,0,0,0
1562,0,0,0,0,0,0,0,0,0
1563,0,0,0,0,0,0,0,0,0
1564,0,0,0,0,0,0,0,0,0
1565,0,0,0,0,0,0,0,0,0
1566,0,0,0,0,0,0,0,0,0
1567,0,0,0,0,0,0,0,0,0
1568,0,0,0,0,0,0,0,0,0
1569,0,0,0,0,0,0,0,0,0
1570,0,0,0,0,0,0,0,0,0
1571,0,0,0,0,0,0,0,0,0
1572,0,0,0,0,0,0,0,0,0
1573,0,0,0,0,0,0,0,0,0
1574,0.466264,0.207922,0.0852972,0.0716704,0.0558447,0.0131845,0.000146825,6.91263e-08,0.90033
1575,0,0,0,0,0,0,0,0,0
1576,0,0,0,0,0,0,0,0,0
1577,0,0,0,0,0,0,0,0,0
1578,0,0,0,0,0,0,0,0,0
1579,0,0,0,0,0,0,0,0,0
1580,0,0,0,0,0,0,0,0,0
1581,0.475059,0.215918,0.0902937,0.0758166,0.0590178,0.0141812,0.000166915,8.03696e-08,0.930454
1582,0,0,0,0,0,0,0,0,0
1583,0,0,0,0,0,0,0,0,0
1584,0,0,0,0,0,0,0,0,0
1585,0.411649,0.161502,0.0580826,0.0487466,0.03792,0.0077981,5.63061e-05,1.89703e-08,0.725755
1586,0,0,0,0,0,0,0,0,0
1587,0,0,0,0,0,0,0,0,0
1588,0,0,0,0,0,0,0,0,0
1589,0,0,0,0,0,0,0,0,0
1590,0,0,0,0,0,0,0,0,0
1591,0,0,0,0,0,0,0,0,0
1592,0,0,0,0,0,0,0,0,0
1593,0,0,0,0,0,0,0,0,0
1594,0,0,0,0,0,0,0,0,0
1595,0.476349,0.21706,0.0909565,0.076253,0.0592252,0.0141983,0.000166336,7.70759e-08,0.934208
1596,0.363876,0.125697,0.0396212,0.0332117,0.0257903,0.00461037,2.10704e-05,4.85755e-09,0.592827
1597,0,0,0,0,0,0,0,0,0
1598,0,0,0,0,0,0,0,0,0
1599,0,0,0,0,0,0,0,0,0
1600,0,0,0,0,0,0,0,0,0
1601,0,0,0,0,0,0,0,0,0
1602,0,0,0,0,0,0,0,0,0
1603,0.47689,0.217537,0.0912297,0.0764155,0.0592782,0.014189,0.000165753,7.52368e-08,0.935706
1604,0,0,0,0,0,0,0,0,0
1605,0,0,0,0,0,0,0,0,0
1606,0,0,0,0,0,0,0,0,0
1607,0,0,0,0,0,0,0,0,0
1608,0,0,0,0,0,0,0,0,0
1609,0,0,0,0,0,0,0,0,0
1610,0,0,0,0,0,0,0,0,0
1611,0.517092,0.25626,0.116936,0.0978625,0.0758217,0.0197347,0.000299781,1.60305e-07,1.08401
1612,0,0,0,0,0,0,0,0,0
1613,0,0,0,0,0,0,0,0,0
1614,0,0,0,0,0,0,0,0,0
1615,0,0,0,0,0,0,0,0,0
1616,0,0,0,0,0,0,0,0,0
1617,0,0,0,0,0,0,0,0,0
1618,0,0,0,0,0,0,0,0,0
1619,0,0,0,0,0,0,0,0,0
1620,0,0,0,0,0,0,0,0,0
1621,0,0,0,0,0,0,0,0,0
1622,0,0,0,0,0,0,0,0,0
1623,0,0,0,0,0,0,0,0,0
1624,0.446965,0.190714,0.0746378,0.0623748,0.0482293,0.0106891,9.85667e-05,3.6032e-08,0.833708
1625,0,0,0,0,0,0,0,0,0
1626,0,0,0,0,0,0,0,0,0
1627,0,0,0,0,0,0,0,0,0
1628,0,0,0,0,0,0,0,0,0
1629,0,0,0,0,0,0,0,0,0
1630,0.438563,0.18347,0.0703222,0.0587289,0.0453673,0.0098186,8.35864e-05,2.82036e-08,0.806354
1631,0,0,0,0,0,0,0,0,0
1632,0,0,0,0,0,0,0,0,0
1633,0,0,0,0,0,0,0,0,0
1634,0,0,0,0,0,0,0,0,0
1635,0,0,0,0,0,0,0,0,0
1636,0,0,0,0,0,0,0,0,0
1637,0,0,0,0,0,0,0,0,0
1638,0,0,0,0,0,0,0,0,0
1639,0,0,0,0,0,0,0,0,0
1640,0,0,0,0,0,0,0,0,0
1641,0,0,0,0,0,0,0,0,0
1642,0.38071,0.137646,0.0453651,0.0378359,0.0291726,0.00538029,2.72062e-05,5.9717e-09,0.636137
1643,0,0,0,0,0,0,0,0,0
1644,0.459976,0.202058,0.0813935,0.0678712,0.0523161,0.0118677,0.000117947,4.31868e-08,0.875601
1645,0,0,0,0,0,0,0,0,0
1646,0,0,0,0,0,0,0,0,0
1647,0,0,0,0,0,0,0,0,0
1648,0,0,0,0,0,0,0,0,0
1649,0.483747,0.223758,0.0950037,0.0791719,0.0609739,0.0145716,0.000170706,6.92444e-08,0.957397
1650,0,0,0,0,0,0,0,0,0
1651,0,0,0,0,0,0,0,0,0
1652,0,0,0,0,0,0,0,0,0
1653,0,0,0,0,0,0,0,0,0
1654,0.397225,0.150087,0.0517969,0.0431416,0.0331996,0.00640922,3.84853e-05,9.62573e-09,0.681898
1655,0,0,0,0,0,0,0,0,0
1656,0.511727,0.25064,0.112716,0.093863,0.0722121,0.0182421,0.000251314,1.10433e-07,1.05965
1657,0,0,0,0,0,0,0,0,0
1658,0,0,0,0,0,0,0,0,0
1659,0.410642,0.160527,0.0573536,0.0477438,0.0367128,0.00733251,4.90544e-05,1.30909e-08,0.72036
1660,0,0,0,0,0,0,0,0,0
1661,0,0,0,0,0,0,0,0,0
1662,0,0,0,0,0,0,0,0,0
1663,0,0,0,0,0,0,0,0,0
1664,0,0,0,0,0,0,0,0,0
1665,0,0,0,0,0,0,0,0,0
1666,0,0,0,0,0,0,0,0,0
1667,0,0,0,0,0,0,0,0,0
1668,0,0,0,0,0,0,0,0,0
1669,0,0,0,0,0,0,0,0,0
1670,0,0,0,0,0,0,0,0,0
1671,0,0,0,0,0,0,0,0,0
1672,0.369023,0.129245,0.0412407,0.0342817,0.0263078,0.00466179,2.14574e-05,4.25481e-09,0.604781
1673,0,0,0,0,0,0,0,0,0
1674,0,0,0,0,0,0,0,0,0
1675,0,0,0,0,0,0,0,0,0
1676,0,0,0,0,0,0,0,0,0
1677,0,0,0,0,0,0,0,0,0
1678,0,0,0,0,0,0,0,0,0
1679,0,0,0,0,0,0,0,0,0
1680,0,0,0,0,0,0,0,0,0
1681,0,0,0,0,0,0,0,0,0
1682,0,0,0,0,0,0,0,0,0
1683,0,0,0,0,0,0,0,0,0
1684,0,0,0,0,0,0,0,0,0
1685,0,0,0,0,0,0,0,0,0
1686,0,0,0,0,0,0,0,0,0
1687,0,0,0,0,0,0,0,0,0
1688,0,0,0,0,0,0,0,0,0
1689,0,0,0,0,0,0,0,0,0
1690,0,0,0,0,0,0,0,0,0
1691,0,0,0,0,0,0,0,0,0
1692,0,0,0,0,0,0,0,0,0
1693,0,0,0,0,0,0,0,0,0
1694,0,0,0,0,0,0,0,0,0
1695,0,0,0,0,0,0,0,0,0
1696,0,0,0,0,0,0,0,0,0
1697,0,0,0,0,0,0,0,0,0
1698,0,0,0,0,0,0,0,0,0
1699,0,0,0,0,0,0,0,0,0
1700,0,0,0,0,0,0,0,0,0
1701,0,0,0,0,0,0,0,0,0
1702,0,0,0,0,0,0,0,0,0
1703,0,0,0,0,0,0,0,0,0
1704,0.429248,0.17549,0.0655259,0.0542745,0.0414398,0.00854048,6.36485e-05,1.64169e-08,0.774582
1705,0,0,0,0,0,0,0,0,0
1706,0,0,0,0,0,0,0,0,0
1707,0,0,0,0,0,0,0,0,0
1708,0,0,0,0,0,0,0,0,0
1709,0,0,0,0,0,0,0,0,0
1710,0,0,0,0,0,0,0,0,0
1711,0.455577,0.197957,0.0786441,0.0650904,0.0496441,0.0108769,9.82105e-05,2.84635e-08,0.857888
1712,0,0,0,0,0,0,0,0,0
1713,0,0,0,0,0,0,0,0,0
1714,0.485367,0.225003,0.0954542,0.078985,0.0602217,0.0140902,0.000155049,5.07988e-08,0.959276
1715,0,0,0,0,0,0,0,0,0
1716,0,0,0,0,0,0,0,0,0
1717,0,0,0,0,0,0,0,0,0
1718,0,0,0,0,0,0,0,0,0
1719,0,0,0,0,0,0,0,0,0
1720,0.42217,0.169635,0.0621886,0.051424,0.0391703,0.00788613,5.47563e-05,1.29377e-08,0.752529
1721,0,0,0,0,0,0,0,0,0
1722,0,0,0,0,0,0,0,0,0
1723,0,0,0,0,0,0,0,0,0
1724,0,0,0,0,0,0,0,0,0
1725,0,0,0,0,0,0,0,0,0
1726,0,0,0,0,0,0,0,0,0
1727,0,0,0,0,0,0,0,0,0
1728,0,0,0,0,0,0,0,0,0
1729,0,0,0,0,0,0,0,0,0
1730,0,0,0,0,0,0,0,0,0
1731,0,0,0,0,0,0,0,0,0
1732,0,0,0,0,0,0,0,0,0
1733,0,0,0,0,0,0,0,0,0
1734,0.421409,0.168935,0.0617156,0.0509541,0.0387276,0.00772944,5.18808e-05,1.14198e-08,0.749523
1735,0,0,0,0,0,0,0,0,0
1736,0,0,0,0,0,0,0,0,0
1737,0,0,0,0,0,0,0,0,0
1738,0,0,0,0,0,0,0,0,0
1739,0,0,0,0,0,0,0,0,0
1740,0,0,0,0,0,0,0,0,0
1741,0,0,0,0,0,0,0,0,0
1742,0,0,0,0,0,0,0,0,0
1743,0,0,0,0,0,0,0,0,0
1744,0,0,0,0,0,0,0,0,0
1745,0,0,0,0,0,0,0,0,0
1746,0,0,0,0,0,0,0,0,0
1747,0,0,0,0,0,0,0,0,0
1748,0.406869,0.157318,0.0553663,0.0456396,0.0346106,0.00662291,3.92237e-05,7.67325e-09,0.706466
1749,0,0,0,0,0,0,0,0,0
1750,0,0,0,0,0,0,0,0,0
1751,0,0,0,0,0,0,0,0,0
1752,0,0,0,0,0,0,0,0,0
1753,0,0,0,0,0,0,0,0,0
1754,0,0,0,0,0,0,0,0,0
1755,0,0,0,0,0,0,0,0,0
1756,0,0,0,0,0,0,0,0,0
1757,0,0,0,0,0,0,0,0,0
1758,0,0,0,0,0,0,0,0,0
1759,0,0,0,0,0,0,0,0,0
1760,0,0,0,0,0,0,0,0,0
1761,0,0,0,0,0,0,0,0,0
1762,0,0,0,0,0,0,0,0,0
1763,0,0,0,0,0,0,0,0,0
1764,0,0,0,0,0,0,0,0,0
1765,0,0,0,0,0,0,0,0,0
1766,0,0,0,0,0,0,0,0,0
1767,0,0,0,0,0,0,0,0,0
1768,0,0,0,0,0,0,0,0,0
1769,0,0,0,0,0,0,0,0,0
1770,0.394749,0.147921,0.0503732,0.0414229,0.031305,0.00575412,3.01885e-05,5.1397e-09,0.671555
1771,0,0,0,0,0,0,0,0,0
1772,0,0,0,0,0,0,0,0,0
1773,0,0,0,0,0,0,0,0,0
1774,0.46226,0.203677,0.0818616,0.0672859,0.0508183,0.0110535,9.85453e-05,2.4192e-08,0.877055
1775,0,0,0,0,0,0,0,0,0
1776,0,0,0,0,0,0,0,0,0
1777,0,0,0,0,0,0,0,0,0
1778,0,0,0,0,0,0,0,0,0
1779,0,0,0,0,0,0,0,0,0
1780,0.415165,0.163804,0.0587787,0.0482844,0.0364366,0.00704463,4.33406e-05,8.05445e-09,0.729556
1781,0,0,0,0,0,0,0,0,0
1782,0,0,0,0,0,0,0,0,0
1783,0,0,0,0,0,0,0,0,0
1784,0,0,0,0,0,0,0,0,0
1785,0,0,0,0,0,0,0,0,0
1786,0,0,0,0,0,0,0,0,0
1787,0,0,0,0,0,0,0,0,0
1788,0,0,0,0,0,0,0,0,0
1789,0,0,0,0,0,0,0,0,0
1790,0,0,0,0,0,0,0,0,0
1791,0,0,0,0,0,0,0,0,0
1792,0,0,0,0,0,0,0,0,0
1793,0.399899,0.151768,0.0522865,0.0428898,0.0323002,0.00596256,3.1563e-05,5.0524e-09,0.685137
1794,0.795886,0.303265,0.105888,0.0868445,0.0653878,0.0123494,7.46191e-05,1.37736e-08,1.36969
1795,0,0,0,0,0,0,0,0,0
1796,0,0,0,0,0,0,0,0,0
1797,0,0,0,0,0,0,0,0,0
1798,0,0,0,0,0,0,0,0,0
1799,0,0,0,0,0,0,0,0,0
1800,0,0,0,0,0,0,0,0,0
1801,0,0,0,0,0,0,0,0,0
1802,0,0,0,0,0,0,0,0,0
1803,0.416898,0.165154,0.0594698,0.0487266,0.0366367,0.00706193,4.34279e-05,7.66401e-09,0.733991
1804,0,0,0,0,0,0,0,0,0
1805,0,0,0,0,0,0,0,0,0
1806,0,0,0,0,0,0,0,0,0
1807,0.426768,0.173162,0.0638905,0.0523277,0.039322,0.00776207,5.14587e-05,9.48771e-09,0.763284
1808,0,0,0,0,0,0,0,0,0
1809,0,0,0,0,0,0,0,0,0
1810,0,0,0,0,0,0,0,0,0
1811,0,0,0,0,0,0,0,0,0
1812,0,0,0,0,0,0,0,0,0
1813,0.399222,0.151242,0.0519977,0.0425565,0.0319467,0.00585422,3.07161e-05,4.71295e-09,0.682849
1814,0,0,0,0,0,0,0,0,0
1815,0,0,0,0,0,0,0,0,0
1816,0.466848,0.207658,0.0841311,0.0688344,0.0516511,0.0111854,9.90919e-05,2.18372e-08,0.890407
1817,0,0,0,0,0,0,0,0,0
1818,0,0,0,0,0,0,0,0,0
1819,0,0,0,0,0,0,0,0,0
1820,0.439416,0.18367,0.0698136,0.0570925,0.0428109,0.00867456,6.24754e-05,1.17783e-08,0.80154
1821,0,0,0,0,0,0,0,0,0
1822,0,0,0,0,0,0,0,0,0
1823,0,0,0,0,0,0,0,0,0
1824,0.413911,0.162709,0.0580758,0.047477,0.0355832,0.00675504,3.97138e-05,6.44539e-09,0.72455
1825,0,0,0,0,0,0,0,0,0
1826,0.391561,0.145399,0.0489559,0.0400092,0.0299733,0.00535666,2.6105e-05,3.69216e-09,0.661281
1827,0,0,0,0,0,0,0,0,0
1828,0,0,0,0,0,0,0,0,0
1829,0,0,0,0,0,0,0,0,0
1830,0,0,0,0,0,0,0,0,0
1831,0.409788,0.15943,0.0562937,0.0459821,0.0344226,0.00644928,3.64869e-05,5.66813e-09,0.712402
1832,0,0,0,0,0,0,0,0,0
1833,0,0,0,0,0,0,0,0,0
1834,0,0,0,0,0,0,0,0,0
1835,0,0,0,0,0,0,0,0,0
1836,0,0,0,0,0,0,0,0,0
1837,0,0,0,0,0,0,0,0,0
1838,0,0,0,0,0,0,0,0,0
1839,0,0,0,0,0,0,0,0,0
1840,0,0,0,0,0,0,0,0,0
1841,0,0,0,0,0,0,0,0,0
1842,0,0,0,0,0,0,0,0,0
1843,0.346796,0.113515,0.0334743,0.0273057,0.0204023,0.00315327,9.27925e-06,8.11822e-10,0.544655
1844,0.335738,0.10631,0.0303084,0.0247219,0.0184703,0.00275821,7.3121e-06,5.96354e-10,0.518314
1845,0,0,0,0,0,0,0,0,0
1846,0,0,0,0,0,0,0,0,0
1847,0,0,0,0,0,0,0,0,0
1848,0,0,0,0,0,0,0,0,0
1849,0.38347,0.139172,0.0456236,0.0371952,0.0277693,0.0047787,1.99198e-05,2.24951e-09,0.638029
1850,0,0,0,0,0,0,0,0,0
1851,0,0,0,0,0,0,0,0,0
1852,0,0,0,0,0,0,0,0,0
1853,0,0,0,0,0,0,0,0,0
1854,0,0,0,0,0,0,0,0,0
1855,0,0,0,0,0,0,0,0,0
1856,0,0,0,0,0,0,0,0,0
1857,0,0,0,0,0,0,0,0,0
1858,0,0,0,0,0,0,0,0,0
1859,0,0,0,0,0,0,0,0,0
1860,0,0,0,0,0,0,0,0,0
1861,0.414576,0.163147,0.0582115,0.0473924,0.0353138,0.00662741,3.78791e-05,5.49947e-09,0.725306
1862,0,0,0,0,0,0,0,0,0
1863,0,0,0,0,0,0,0,0,0
1864,0.412719,0.161661,0.0573986,0.0467138,0.0347903,0.00649002,3.64183e-05,5.17614e-09,0.719809
1865,0,0,0,0,0,0,0,0,0
1866,0,0,0,0,0,0,0,0,0
1867,0,0,0,0,0,0,0,0,0
1868,0,0,0,0,0,0,0,0,0
1869,0,0,0,0,0,0,0,0,0
1870,0,0,0,0,0,0,0,0,0
1871,0,0,0,0,0,0,0,0,0
1872,0,0,0,0,0,0,0,0,0
1873,0,0,0,0,0,0,0,0,0
1874,0,0,0,0,0,0,0,0,0
1875,0,0,0,0,0,0,0,0,0
1876,0,0,0,0,0,0,0,0,0
1877,0,0,0,0,0,0,0,0,0
1878,0,0,0,0,0,0,0,0,0
1879,0,0,0,0,0,0,0,0,0
1880,0,0,0,0,0,0,0,0,0
1881,0,0,0,0,0,0,0,0,0
1882,0,0,0,0,0,0,0,0,0
1883,0,0,0,0,0,0,0,0,0
1884,0,0,0,0,0,0,0,0,0
1885,0,0,0,0,0,0,0,0,0
1886,0,0,0,0,0,0,0,0,0
1887,0,0,0,0,0,0,0,0,0
1888,0,0,0,0,0,0,0,0,0
1889,0,0,0,0,0,0,0,0,0
1890,0,0,0,0,0,0,0,0,0
1891,0,0,0,0,0,0,0,0,0
1892,0,0,0,0,0,0,0,0,0
1893,0,0,0,0,0,0,0,0,0
1894,0,0,0,0,0,0,0,0,0
1895,0,0,0,0,0,0,0,0,0
1896,0,0,0,0,0,0,0,0,0
1897,0.393946,0.147038,0.0496267,0.0402451,0.0298223,0.00523188,2.43747e-05,2.80623e-09,0.665934
1898,0,0,0,0,0,0,0,0,0
1899,0,0,0,0,0,0,0,0,0
1900,0,0,0,0,0,0,0,0,0
1901,0,0,0,0,0,0,0,0,0
1902,0,0,0,0,0,0,0,0,0
1903,0,0,0,0,0,0,0,0,0
1904,0,0,0,0,0,0,0,0,0
1905,0,0,0,0,0,0,0,0,0
1906,0,0,0,0,0,0,0,0,0
1907,0,0,0,0,0,0,0,0,0
1908,0,0,0,0,0,0,0,0,0
1909,0,0,0,0,0,0,0,0,0
1910,0.403893,0.154625,0.0535301,0.0433464,0.0320534,0.00574816,2.87541e-05,3.36543e-09,0.693225
1911,0,0,0,0,0,0,0,0,0
1912,0,0,0,0,0,0,0,0,0
1913,0,0,0,0,0,0,0,0,0
1914,0,0,0,0,0,0,0,0,0
1915,0,0,0,0,0,0,0,0,0
1916,0,0,0,0,0,0,0,0,0
1917,0,0,0,0,0,0,0,0,0
1918,0,0,0,0,0,0,0,0,0
1919,0,0,0,0,0,0,0,0,0
1920,0,0,0,0,0,0,0,0,0
1921,0,0,0,0,0,0,0,0,0
1922,0,0,0,0,0,0,0,0,0
1923,0,0,0,0,0,0,0,0,0
1924,0,0,0,0,0,0,0,0,0
1925,0,0,0,0,0,0,0,0,0
1926,0,0,0,0,0,0,0,0,0
1927,0,0,0,0,0,0,0,0,0
1928,0,0,0,0,0,0,0,0,0
1929,0,0,0,0,0,0,0,0,0
1930,0.385374,0.140556,0.0462701,0.0373847,0.0275586,0.00466649,1.959e-05,1.92976e-09,0.64183
1931,0,0,0,0,0,0,0,0,0
1932,0,0,0,0,0,0,0,0,0
1933,0,0,0,0,0,0,0,0,0
1934,0,0,0,0,0,0,0,0,0
1935,0,0,0,0,0,0,0,0,0
1936,0,0,0,0,0,0,0,0,0
1937,0,0,0,0,0,0,0,0,0
1938,0.419501,0.166891,0.0600207,0.0484524,0.0356732,0.00659546,3.64442e-05,4.25976e-09,0.73717
1939,0,0,0,0,0,0,0,0,0
1940,0,0,0,0,0,0,0,0,0
1941,0,0,0,0,0,0,0,0,0
1942,0,0,0,0,0,0,0,0,0
1943,0,0,0,0,0,0,0,0,0
1944,0,0,0,0,0,0,0,0,0
1945,0,0,0,0,0,0,0,0,0
1946,0,0,0,0,0,0,0,0,0
1947,0,0,0,0,0,0,0,0,0
1948,0,0,0,0,0,0,0,0,0
1949,0,0,0,0,0,0,0,0,0
1950,0,0,0,0,0,0,0,0,0
1951,0,0,0,0,0,0,0,0,0
1952,0,0,0,0,0,0,0,0,0
1953,0,0,0,0,0,0,0,0,0
1954,0,0,0,0,0,0,0,0,0
1955,0,0,0,0,0,0,0,0,0
1956,0,0,0,0,0,0,0,0,0
1957,0.395069,0.147742,0.0498351,0.0401477,0.0294736,0.00507544,2.25166e-05,2.152e-09,0.667365
1958,0,0,0,0,0,0,0,0,0
1959,0,0,0,0,0,0,0,0,0
1960,0,0,0,0,0,0,0,0,0
1961,0,0,0,0,0,0,0,0,0
1962,0,0,0,0,0,0,0,0,0
1963,0,0,0,0,0,0,0,0,0
1964,0,0,0,0,0,0,0,0,0
1965,0,0,0,0,0,0,0,0,0
1966,0,0,0,0,0,0,0,0,0
1967,0,0,0,0,0,0,0,0,0
1968,0,0,0,0,0,0,0,0,0
1969,0,0,0,0,0,0,0,0,0
1970,0,0,0,0,0,0,0,0,0
1971,0,0,0,0,0,0,0,0,0
1972,0,0,0,0,0,0,0,0,0
1973,0,0,0,0,0,0,0,0,0
1974,0,0,0,0,0,0,0,0,0
1975,0,0,0,0,0,0,0,0,0
1976,0,0,0,0,0,0,0,0,0
1977,0,0,0,0,0,0,0,0,0
1978,0,0,0,0,0,0,0,0,0
1979,0,0,0,0,0,0,0,0,0
1980,0,0,0,0,0,0,0,0,0
1981,0,0,0,0,0,0,0,0,0
1982,0,0,0,0,0,0,0,0,0
1983,0,0,0,0,0,0,0,0,0
1984,0,0,0,0,0,0,0,0,0
1985,0,0,0,0,0,0,0,0,0
1986,0,0,0,0,0,0,0,0,0
1987,0,0,0,0,0,0,0,0,0
1988,0,0,0,0,0,0,0,0,0
1989,0,0,0,0,0,0,0,0,0
1990,0,0,0,0,0,0,0,0,0
1991,0,0,0,0,0,0,0,0,0
1992,0.424364,0.170691,0.0619456,0.049713,0.0362987,0.00666723,3.64447e-05,3.7002e-09,0.749717
1993,0.371776,0.130553,0.0412293,0.0330829,0.0241511,0.00384665,1.34497e-05,9.93067e-10,0.604653
1994,0,0,0,0,0,0,0,0,0
1995,0.717765,0.244803,0.0755649,0.0606234,0.0442449,0.00692971,2.39688e-05,1.8072e-09,1.14996
1996,0,0,0,0,0,0,0,0,0
1997,0,0,0,0,0,0,0,0,0
1998,0,0,0,0,0,0,0,0,0
1999,0,0,0,0,0,0,0,0,0
2000,0,0,0,0,0,0,0,0,0
2001,0,0,0,0,0,0,0,0,0
2002,0,0,0,0,0,0,0,0,0
2003,0,0,0,0,0,0,0,0,0
2004,0.366628,0.126901,0.0394756,0.0316388,0.023059,0.00360578,1.19453e-05,8.28946e-10,0.59132
2005,0,0,0,0,0,0,0,0,0
2006,0,0,0,0,0,0,0,0,0
2007,0,0,0,0,0,0,0,0,0
2008,0,0,0,0,0,0,0,0,0
2009,0,0,0,0,0,0,0,0,0
2010,0,0,0,0,0,0,0,0,0
2011,0,0,0,0,0,0,0,0,0
2012,0,0,0,0,0,0,0,0,0
2013,0,0,0,0,0,0,0,0,0
2014,0,0,0,0,0,0,0,0,0
2015,0,0,0,0,0,0,0,0,0
2016,0,0,0,0,0,0,0,0,0
2017,0,0,0,0,0,0,0,0,0
2018,0,0,0,0,0,0,0,0,0
2019,0,0,0,0,0,0,0,0,0
2020,0,0,0,0,0,0,0,0,0
2021,0,0,0,0,0,0,0,0,0
2022,0,0,0,0,0,0,0,0,0
2023,0,0,0,0,0,0,0,0,0
2024,0,0,0,0,0,0,0,0,0
2025,0,0,0,0,0,0,0,0,0
2026,0,0,0,0,0,0,0,0,0
2027,0,0,0,0,0,0,0,0,0
2028,0,0,0,0,0,0,0,0,0
2029,0,0,0,0,0,0,0,0,0
2030,0,0,0,0,0,0,0,0,0
2031,0,0,0,0,0,0,0,0,0
2032,0,0,0,0,0,0,0,0,0
2033,0,0,0,0,0,0,0,0,0
2034,0,0,0,0,0,0,0,0,0
2035,0,0,0,0,0,0,0,0,0
2036,0,0,0,0,0,0,0,0,0
2037,0,0,0,0,0,0,0,0,0
2038,0,0,0,0,0,0,0,0,0
2039,0,0,0,0,0,0,0,0,0
2040,0,0,0,0,0,0,0,0,0
2041,0,0,0,0,0,0,0,0,0
2042,0,0,0,0,0,0,0,0,0
2043,0,0,0,0,0,0,0,0,0
2044,0,0,0,0,0,0,0,0,0
2045,0,0,0,0,0,0,0,0,0
2046,0,0,0,0,0,0,0,0,0
2047,0,0,0,0,0,0,0,0,0
2048,0,0,0,0,0,0,0,0,0
2049,0,0,0,0,0,0,0,0,0
2050,0,0,0,0,0,0,0,0,0
2051,0,0,0,0,0,0,0,0,0
2052,0.388884,0.142887,0.0471567,0.0375961,0.0271975,0.00445474,1.72153e-05,1.18116e-09,0.648194
2053,0,0,0,0,0,0,0,0,0
2054,0,0,0,0,0,0,0,0,0
2055,0.400469,0.151629,0.0515919,0.0411168,0.0297288,0.005018,2.12929e-05,1.5445e-09,0.679574
2056,0,0,0,0,0,0,0,0,0
2057,0,0,0,0,0,0,0,0,0
2058,0,0,0,0,0,0,0,0,0
2059,0,0,0,0,0,0,0,0,0
2060,0,0,0,0,0,0,0,0,0
2061,0,0,0,0,0,0,0,0,0
2062,0.325644,0.0997101,0.0272924,0.0217344,0.0156978,0.00211686,4.44964e-06,1.93333e-10,0.492201
2063,0,0,0,0,0,0,0,0,0
2064,0,0,0,0,0,0,0,0,0
2065,0,0,0,0,0,0,0,0,0
2066,0,0,0,0,0,0,0,0,0
2067,0,0,0,0,0,0,0,0,0
2068,0,0,0,0,0,0,0,0,0
2069,0,0,0,0,0,0,0,0,0
2070,0,0,0,0,0,0,0,0,0
2071,0,0,0,0,0,0,0,0,0
2072,0,0,0,0,0,0,0,0,0
2073,0,0,0,0,0,0,0,0,0
2074,0,0,0,0,0,0,0,0,0
2075,0,0,0,0,0,0,0,0,0
2076,0,0,0,0,0,0,0,0,0
2077,0,0,0,0,0,0,0,0,0
2078,0,0,0,0,0,0,0,0,0
2079,0,0,0,0,0,0,0,0,0
2080,0,0,0,0,0,0,0,0,0
2081,0,0,0,0,0,0,0,0,0
2082,0,0,0,0,0,0,0,0,0
2083,0,0,0,0,0,0,0,0,0
2084,0,0,0,0,0,0,0,0,0
2085,0,0,0,0,0,0,0,0,0
2086,0,0,0,0,0,0,0,0,0
2087,0,0,0,0,0,0,0,0,0
2088,0.368907,0.128337,0.0399946,0.0317603,0.0228481,0.00349271,1.09543e-05,5.93863e-10,0.595351
2089,0,0,0,0,0,0,0,0,0
2090,0,0,0,0,0,0,0,0,0
2091,0,0,0,0,0,0,0,0,0
2092,0,0,0,0,0,0,0,0,0
2093,0,0,0,0,0,0,0,0,0
2094,0,0,0,0,0,0,0,0,0
2095,0,0,0,0,0,0,0,0,0
2096,0,0,0,0,0,0,0,0,0
2097,0,0,0,0,0,0,0,0,0
2098,0,0,0,0,0,0,0,0,0
2099,0,0,0,0,0,0,0,0,0
2100,0,0,0,0,0,0,0,0,0
2101,0,0,0,0,0,0,0,0,0
2102,0.330407,0.102412,0.0282134,0.0223688,0.0160557,0.0021385,4.00309e-06,1.26055e-10,0.5016
2103,0,0,0,0,0,0,0,0,0
2104,0,0,0,0,0,0,0,0,0
2105,0.378423,0.135096,0.0431988,0.0342385,0.0245639,0.0038354,1.28967e-05,7.02724e-10,0.619369
2106,0,0,0,0,0,0,0,0,0
2107,0,0,0,0,0,0,0,0,0
2108,0.733036,0.253781,0.0788012,0.0624374,0.0447759,0.00679358,2.11485e-05,1.09333e-09,1.17965
2109,0,0,0,0,0,0,0,0,0
2110,0,0,0,0,0,0,0,0,0
2111,0,0,0,0,0,0,0,0,0
2112,0,0,0,0,0,0,0,0,0
2113,0,0,0,0,0,0,0,0,0
2114,0,0,0,0,0,0,0,0,0
2115,0,0,0,0,0,0,0,0,0
2116,0,0,0,0,0,0,0,0,0
2117,0,0,0,0,0,0,0,0,0
2118,0,0,0,0,0,0,0,0,0
2119,0,0,0,0,0,0,0,0,0
2120,0,0,0,0,0,0,0,0,0
2121,0,0,0,0,0,0,0,0,0
2122,0,0,0,0,0,0,0,0,0
2123,0,0,0,0,0,0,0,0,0
2124,0,0,0,0,0,0,0,0,0
2125,0,0,0,0,0,0,0,0,0
2126,0,0,0,0,0,0,0,0,0
2127,0,0,0,0,0,0,0,0,0
2128,0,0,0,0,0,0,0,0,0
2129,0,0,0,0,0,0,0,0,0
2130,0,0,0,0,0,0,0,0,0
2131,0,0,0,0,0,0,0,0,0
2132,0,0,0,0,0,0,0,0,0
2133,0,0,0,0,0,0,0,0,0
2134,0,0,0,0,0,0,0,0,0
2135,0,0,0,0,0,0,0,0,0
2136,0.394439,0.14686,0.048962,0.038677,0.0276182,0.00446052,1.67575e-05,9.14395e-10,0.661033
2137,0.321588,0.0969573,0.0259628,0.020506,0.0146398,0.00187925,3.23669e-06,9.20958e-11,0.481536
2138,0.379515,0.135816,0.0434781,0.0343361,0.0245094,0.00379492,1.25002e-05,6.18284e-10,0.621463
2139,0,0,0,0,0,0,0,0,0
2140,0,0,0,0,0,0,0,0,0
2141,0,0,0,0,0,0,0,0,0
2142,0.694962,0.227195,0.0662902,0.0523302,0.0373323,0.00525144,1.27948e-05,5.05798e-10,1.08337
2143,0,0,0,0,0,0,0,0,0
2144,0,0,0,0,0,0,0,0,0
2145,0,0,0,0,0,0,0,0,0
2146,0,0,0,0,0,0,0,0,0
2147,0,0,0,0,0,0,0,0,0
2148,0,0,0,0,0,0,0,0,0
2149,0,0,0,0,0,0,0,0,0
2150,0,0,0,0,0,0,0,0,0
2151,0,0,0,0,0,0,0,0,0
2152,0.389384,0.143028,0.0469914,0.0370559,0.0263958,0.00417966,1.47704e-05,7.39873e-10,0.647049
2153,0,0,0,0,0,0,0,0,0
2154,0.346067,0.112633,0.0326993,0.0257797,0.0183575,0.00256061,6.10051e-06,2.31128e-10,0.538103
2155,0,0,0,0,0,0,0,0,0
2156,0,0,0,0,0,0,0,0,0
2157,0,0,0,0,0,0,0,0,0
2158,0,0,0,0,0,0,0,0,0
2159,0,0,0,0,0,0,0,0,0
2160,0,0,0,0,0,0,0,0,0
2161,0,0,0,0,0,0,0,0,0
2162,0,0,0,0,0,0,0,0,0
2163,0,0,0,0,0,0,0,0,0
2164,0,0,0,0,0,0,0,0,0
2165,0,0,0,0,0,0,0,0,0
2166,0,0,0,0,0,0,0,0,0
2167,0,0,0,0,0,0,0,0,0
2168,0,0,0,0,0,0,0,0,0
2169,0.349365,0.114795,0.0336345,0.0264736,0.0188083,0.00263708,6.40848e-06,2.37474e-10,0.54572
2170,0,0,0,0,0,0,0,0,0
2171,0.338629,0.107696,0.0304799,0.0239835,0.017032,0.00229879,4.86009e-06,1.57481e-10,0.520124
2172,0,0,0,0,0,0,0,0,0
2173,0,0,0,0,0,0,0,0,0
2174,0,0,0,0,0,0,0,0,0
2175,0,0,0,0,0,0,0,0,0
2176,0.34296,0.11055,0.0317474,0.0249668,0.0177164,0.00242755,5.48527e-06,1.88817e-10,0.530374
2177,0,0,0,0,0,0,0,0,0
2178,0,0,0,0,0,0,0,0,0
2179,0,0,0,0,0,0,0,0,0
2180,0,0,0,0,0,0,0,0,0
2181,0,0,0,0,0,0,0,0,0
2182,0,0,0,0,0,0,0,0,0
2183,0,0,0,0,0,0,0,0,0
2184,0,0,0,0,0,0,0,0,0
2185,0,0,0,0,0,0,0,0,0
2186,0,0,0,0,0,0,0,0,0
2187,0,0,0,0,0,0,0,0,0
2188,0,0,0,0,0,0,0,0,0
2189,0,0,0,0,0,0,0,0,0
2190,0,0,0,0,0,0,0,0,0
2191,0.312015,0.0912241,0.0236766,0.0185902,0.0131621,0.00161767,2.57493e-06,6.56624e-11,0.460288
2192,0,0,0,0,0,0,0,0,0
2193,0,0,0,0,0,0,0,0,0
2194,0,0,0,0,0,0,0,0,0
2195,0,0,0,0,0,0,0,0,0
2196,0,0,0,0,0,0,0,0,0
2197,0,0,0,0,0,0,0,0,0
2198,0,0,0,0,0,0,0,0,0
2199,0,0,0,0,0,0,0,0,0
2200,0,0,0,0,0,0,0,0,0
2201,0,0,0,0,0,0,0,0,0
2202,0.308907,0.0893189,0.0228778,0.0179404,0.0126796,0.00152889,2.23668e-06,5.00087e-11,0.453255
2203,0,0,0,0,0,0,0,0,0
2204,0,0,0,0,0,0,0,0,0
2205,0,0,0,0,0,0,0,0,0
2206,0,0,0,0,0,0,0,0,0
2207,0,0,0,0,0,0,0,0,0
2208,0,0,0,0,0,0,0,0,0
2209,0,0,0,0,0,0,0,0,0
2210,0,0,0,0,0,0,0,0,0
2211,0,0,0,0,0,0,0,0,0
2212,0,0,0,0,0,0,0,0,0
2213,0,0,0,0,0,0,0,0,0
2214,0,0,0,0,0,0,0,0,0
2215,0,0,0,0,0,0,0,0,0
2216,0,0,0,0,0,0,0,0,0
2217,0,0,0,0,0,0,0,0,0
2218,0.314158,0.0924935,0.0241706,0.0189207,0.0133391,0.00163999,2.66374e-06,6.55675e-11,0.464724
2219,0.247466,0.056792,0.0113952,0.00891994,0.00628837,0.000581109,3.20265e-07,2.63979e-12,0.331443
2220,0,0,0,0,0,0,0,0,0
2221,0,0,0,0,0,0,0,0,0
2222,0,0,0,0,0,0,0,0,0
2223,0,0,0,0,0,0,0,0,0
2224,0.337193,0.106743,0.0300366,0.0234973,0.0165504,0.00219106,4.49366e-06,1.285e-10,0.516216
2225,0,0,0,0,0,0,0,0,0
2226,0,0,0,0,0,0,0,0,0
2227,0.340803,0.109067,0.0310319,0.0242675,0.0170845,0.00228555,4.84968e-06,1.41041e-10,0.524544
2228,0,0,0,0,0,0,0,0,0
2229,0.362634,0.123673,0.0375439,0.0293544,0.0206602,0.00295088,7.66508e-06,2.54853e-10,0.576824
2230,0,0,0,0,0,0,0,0,0
2231,0,0,0,0,0,0,0,0,0
2232,0,0,0,0,0,0,0,0,0
2233,0,0,0,0,0,0,0,0,0
2234,0,0,0,0,0,0,0,0,0
2235,0,0,0,0,0,0,0,0,0
2236,0,0,0,0,0,0,0,0,0
2237,0,0,0,0,0,0,0,0,0
2238,0,0,0,0,0,0,0,0,0
2239,0,0,0,0,0,0,0,0,0
2240,0,0,0,0,0,0,0,0,0
2241,0,0,0,0,0,0,0,0,0
2242,0,0,0,0,0,0,0,0,0
2243,0,0,0,0,0,0,0,0,0
2244,0,0,0,0,0,0,0,0,0
2245,0.330389,0.10239,0.0281676,0.0219854,0.0154362,0.001985,3.72957e-06,9.51757e-11,0.500357
2246,0,0,0,0,0,0,0,0,0
2247,0,0,0,0,0,0,0,0,0
2248,0,0,0,0,0,0,0,0,0
2249,0,0,0,0,0,0,0,0,0
2250,0,0,0,0,0,0,0,0,0
2251,0.340154,0.108601,0.0307909,0.0240159,0.0168452,0.00222974,4.58895e-06,1.2276e-10,0.522641
2252,0,0,0,0,0,0,0,0,0
2253,0,0,0,0,0,0,0,0,0
2254,0,0,0,0,0,0,0,0,0
2255,0,0,0,0,0,0,0,0,0
2256,0,0,0,0,0,0,0,0,0
2257,0.335827,0.105816,0.0295959,0.0230693,0.0161668,0.00210727,4.14443e-06,1.06088e-10,0.512587
2258,0.670224,0.210877,0.0589133,0.0459155,0.0321715,0.00418725,8.17417e-06,2.06539e-10,1.0223
2259,0.321881,0.0970822,0.0259529,0.0202252,0.0141693,0.00176144,2.96883e-06,6.72608e-11,0.481075
2260,0,0,0,0,0,0,0,0,0
2261,0,0,0,0,0,0,0,0,0
2262,0,0,0,0,0,0,0,0,0
2263,0,0,0,0,0,0,0,0,0
2264,0,0,0,0,0,0,0,0,0
2265,0,0,0,0,0,0,0,0,0
2266,0,0,0,0,0,0,0,0,0
2267,0,0,0,0,0,0,0,0,0
2268,0,0,0,0,0,0,0,0,0
2269,0,0,0,0,0,0,0,0,0
2270,0,0,0,0,0,0,0,0,0
2271,0,0,0,0,0,0,0,0,0
2272,0,0,0,0,0,0,0,0,0
2273,0,0,0,0,0,0,0,0,0
2274,0,0,0,0,0,0,0,0,0
2275,0,0,0,0,0,0,0,0,0
2276,0,0,0,0,0,0,0,0,0
2277,0,0,0,0,0,0,0,0,0
2278,0,0,0,0,0,0,0,0,0
2279,0,0,0,0,0,0,0,0,0
2280,0,0,0,0,0,0,0,0,0
2281,0,0,0,0,0,0,0,0,0
2282,0,0,0,0,0,0,0,0,0
2283,0,0,0,0,0,0,0,0,0
2284,0.347458,0.113315,0.032787,0.0254822,0.0177847,0.00238102,5.10002e-06,1.29113e-10,0.539213
2285,0,0,0,0,0,0,0,0,0
2286,0,0,0,0,0,0,0,0,0
2287,0,0,0,0,0,0,0,0,0
2288,0,0,0,0,0,0,0,0,0
2289,0,0,0,0,0,0,0,0,0
2290,0,0,0,0,0,0,0,0,0
2291,0.333907,0.104526,0.028993,0.0225156,0.0156966,0.00200834,3.73431e-06,8.39508e-11,0.507651
2292,0.310298,0.0901043,0.0231479,0.0179747,0.0125292,0.00148244,2.16646e-06,4.12434e-11,0.455538
2293,0,0,0,0,0,0,0,0,0
2294,0.311044,0.0905404,0.0233154,0.0181004,0.0126126,0.00149498,2.19747e-06,4.17639e-11,0.45711
2295,0,0,0,0,0,0,0,0,0
2296,0,0,0,0,0,0,0,0,0
2297,0,0,0,0,0,0,0,0,0
2298,0,0,0,0,0,0,0,0,0
2299,0,0,0,0,0,0,0,0,0
2300,0,0,0,0,0,0,0,0,0
2301,0,0,0,0,0,0,0,0,0
2302,0,0,0,0,0,0,0,0,0
2303,0,0,0,0,0,0,0,0,0
2304,0,0,0,0,0,0,0,0,0
2305,0,0,0,0,0,0,0,0,0
2306,0,0,0,0,0,0,0,0,0
2307,0,0,0,0,0,0,0,0,0
2308,0,0,0,0,0,0,0,0,0
2309,0,0,0,0,0,0,0,0,0
2310,0,0,0,0,0,0,0,0,0
2311,0,0,0,0,0,0,0,0,0
2312,0,0,0,0,0,0,0,0,0
2313,0.32748,0.100465,0.0272773,0.0211321,0.0146822,0.00182703,3.13653e-06,6.3352e-11,0.492867
2314,0,0,0,0,0,0,0,0,0
2315,0,0,0,0,0,0,0,0,0
2316,0,0,0,0,0,0,0,0,0
2317,0,0,0,0,0,0,0,0,0
2318,0,0,0,0,0,0,0,0,0
2319,0,0,0,0,0,0,0,0,0
2320,0,0,0,0,0,0,0,0,0
2321,0,0,0,0,0,0,0,0,0
2322,0,0,0,0,0,0,0,0,0
2323,0.49458,0.130435,0.0338033,0.0261582,0.0181453,0.00233805,6.28962e-06,1.9853e-10,0.705466
2324,0,0,0,0,0,0,0,0,0
2325,0,0,0,0,0,0,0,0,0
2326,0,0,0,0,0,0,0,0,0
2327,0,0,0,0,0,0,0,0,0
2328,0,0,0,0,0,0,0,0,0
2329,0,0,0,0,0,0,0,0,0
2330,0,0,0,0,0,0,0,0,0
2331,0,0,0,0,0,0,0,0,0
2332,0,0,0,0,0,0,0,0,0
2333,0,0,0,0,0,0,0,0,0
2334,0.315451,0.0931007,0.0242769,0.0187638,0.012994,0.00154233,2.29479e-06,3.97871e-11,0.466131
2335,0.313513,0.0919467,0.0238221,0.0184117,0.0127496,0.00150335,2.19228e-06,3.74749e-11,0.461949
2336,0,0,0,0,0,0,0,0,0
2337,0,0,0,0,0,0,0,0,0
2338,0.344382,0.111205,0.0317865,0.0245585,0.0169976,0.00221362,4.40163e-06,9.2623e-11,0.531148
2339,0,0,0,0,0,0,0,0,0
2340,0,0,0,0,0,0,0,0,0
2341,0.284203,0.0752441,0.0174955,0.0135121,0.00934724,0.000979716,9.30817e-07,1.05019e-11,0.400782
2342,0,0,0,0,0,0,0,0,0
2343,0,0,0,0,0,0,0,0,0
2344,0,0,0,0,0,0,0,0,0
2345,0,0,0,0,0,0,0,0,0
2346,0,0,0,0,0,0,0,0,0
2347,0,0,0,0,0,0,0,0,0
2348,0,0,0,0,0,0,0,0,0
2349,0,0,0,0,0,0,0,0,0
2350,0,0,0,0,0,0,0,0,0
2351,0,0,0,0,0,0,0,0,0
2352,0,0,0,0,0,0,0,0,0
2353,0,0,0,0,0,0,0,0,0
2354,0,0,0,0,0,0,0,0,0
2355,0,0,0,0,0,0,0,0,0
2356,0,0,0,0,0,0,0,0,0
2357,0,0,0,0,0,0,0,0,0
2358,0,0,0,0,0,0,0,0,0
2359,0.324517,0.0985598,0.0264362,0.0203765,0.0140564,0.00170492,2.72428e-06,4.65671e-11,0.485653
2360,0,0,0,0,0,0,0,0,0
2361,0,0,0,0,0,0,0,0,0
2362,0,0,0,0,0,0,0,0,0
2363,0.325398,0.0990949,0.0266481,0.0205324,0.0141566,0.0017198,2.76067e-06,4.68824e-11,0.487553
2364,0,0,0,0,0,0,0,0,0
2365,0,0,0,0,0,0,0,0,0
2366,0,0,0,0,0,0,0,0,0
2367,0,0,0,0,0,0,0,0,0
2368,0,0,0,0,0,0,0,0,0
2369,0,0,0,0,0,0,0,0,0
2370,0,0,0,0,0,0,0,0,0
2371,0,0,0,0,0,0,0,0,0
2372,0,0,0,0,0,0,0,0,0
2373,0,0,0,0,0,0,0,0,0
2374,0.323267,0.097768,0.0260947,0.0200817,0.0138225,0.00166124,2.58381e-06,4.17566e-11,0.482698
2375,0,0,0,0,0,0,0,0,0
2376,0,0,0,0,0,0,0,0,0
2377,0,0,0,0,0,0,0,0,0
2378,0,0,0,0,0,0,0,0,0
2379,0,0,0,0,0,0,0,0,0
2380,0,0,0,0,0,0,0,0,0
2381,0,0,0,0,0,0,0,0,0
2382,0,0,0,0,0,0,0,0,0
2383,0,0,0,0,0,0,0,0,0
2384,0,0,0,0,0,0,0,0,0
2385,0,0,0,0,0,0,0,0,0
2386,0,0,0,0,0,0,0,0,0
2387,0,0,0,0,0,0,0,0,0
2388,0,0,0,0,0,0,0,0,0
2389,0,0,0,0,0,0,0,0,0
2390,0,0,0,0,0,0,0,0,0
2391,0,0,0,0,0,0,0,0,0
2392,0.345682,0.111962,0.0320313,0.0245995,0.0168831,0.00216695,4.16014e-06,7.44787e-11,0.533329
2393,0,0,0,0,0,0,0,0,0
2394,0,0,0,0,0,0,0,0,0
2395,0,0,0,0,0,0,0,0,0
2396,0,0,0,0,0,0,0,0,0
2397,0,0,0,0,0,0,0,0,0
2398,0,0,0,0,0,0,0,0,0
2399,0,0,0,0,0,0,0,0,0
2400,0.303857,0.0862129,0.021536,0.016525,0.0113276,0.00126311,1.56653e-06,2.02761e-11,0.440723
2401,0,0,0,0,0,0,0,0,0
2402,0.313591,0.0918859,0.0237137,0.0181924,0.0124671,0.00143593,1.96268e-06,2.69171e-11,0.461288
2403,0,0,0,0,0,0,0,0,0
2404,0,0,0,0,0,0,0,0,0
2405,0,0,0,0,0,0,0,0,0
2406,0,0,0,0,0,0,0,0,0
2407,0,0,0,0,0,0,0,0,0
2408,0,0,0,0,0,0,0,0,0
2409,0,0,0,0,0,0,0,0,0
2410,0.320052,0.0957591,0.025244,0.0193507,0.0132458,0.0015563,2.27371e-06,3.22014e-11,0.475211
2411,0,0,0,0,0,0,0,0,0
2412,0,0,0,0,0,0,0,0,0
2413,0,0,0,0,0,0,0,0,0
2414,0.323162,0.0975953,0.0259411,0.0198757,0.0135963,0.00160616,2.3418e-06,3.18414e-11,0.481779
2415,0,0,0,0,0,0,0,0,0
2416,0,0,0,0,0,0,0,0,0
2417,0,0,0,0,0,0,0,0,0
2418,0,0,0,0,0,0,0,0,0
2419,0,0,0,0,0,0,0,0,0
2420,0,0,0,0,0,0,0,0,0
2421,0,0,0,0,0,0,0,0,0
2422,0,0,0,0,0,0,0,0,0
2423,0,0,0,0,0,0,0,0,0
2424,0,0,0,0,0,0,0,0,0
2425,0,0,0,0,0,0,0,0,0
2426,0,0,0,0,0,0,0,0,0
2427,0,0,0,0,0,0,0,0,0
2428,0,0,0,0,0,0,0,0,0
2429,0,0,0,0,0,0,0,0,0
2430,0,0,0,0,0,0,0,0,0
2431,0,0,0,0,0,0,0,0,0
2432,0,0,0,0,0,0,0,0,0
2433,0,0,0,0,0,0,0,0,0
2434,0,0,0,0,0,0,0,0,0
2435,0,0,0,0,0,0,0,0,0
2436,0,0,0,0,0,0,0,0,0
2437,0,0,0,0,0,0,0,0,0
2438,0,0,0,0,0,0,0,0,0
2439,0,0,0,0,0,0,0,0,0
2440,0,0,0,0,0,0,0,0,0
2441,0,0,0,0,0,0,0,0,0
2442,0,0,0,0,0,0,0,0,0
2443,0.349057,0.114094,0.0328784,0.0251106,0.0171004,0.00217971,4.12798e-06,6.43758e-11,0.540425
2444,0,0,0,0,0,0,0,0,0
2445,0,0,0,0,0,0,0,0,0
2446,0,0,0,0,0,0,0,0,0
2447,0,0,0,0,0,0,0,0,0
2448,0,0,0,0,0,0,0,0,0
2449,0,0,0,0,0,0,0,0,0
2450,0.297621,0.0825947,0.0201257,0.0153588,0.0104479,0.0011197,1.23398e-06,1.29213e-11,0.427269
2451,0,0,0,0,0,0,0,0,0
2452,0.29475,0.0809891,0.019535,0.014905,0.0101363,0.00107467,1.147e-06,1.17089e-11,0.421391
2453,0,0,0,0,0,0,0,0,0
2454,0,0,0,0,0,0,0,0,0
2455,0,0,0,0,0,0,0,0,0
2456,0.316172,0.0933559,0.0242352,0.018482,0.0125602,0.00143386,1.93262e-06,2.30157e-11,0.466241
2457,0,0,0,0,0,0,0,0,0
2458,0,0,0,0,0,0,0,0,0
2459,0,0,0,0,0,0,0,0,0
2460,0,0,0,0,0,0,0,0,0
2461,0,0,0,0,0,0,0,0,0
2462,0,0,0,0,0,0,0,0,0
2463,0,0,0,0,0,0,0,0,0
2464,0.298547,0.0831005,0.020301,0.0154682,0.0104991,0.00112375,1.23834e-06,1.25278e-11,0.429041
2465,0.321414,0.0965057,0.0254769,0.0194112,0.0131747,0.00152645,2.15833e-06,2.60296e-11,0.477511
2466,0,0,0,0,0,0,0,0,0
2467,0,0,0,0,0,0,0,0,0
2468,0,0,0,0,0,0,0,0,0
2469,0,0,0,0,0,0,0,0,0
2470,0.332929,0.103446,0.0281689,0.02145,0.0145469,0.00172624,2.44516e-06,2.57623e-11,0.50227
2471,0.293954,0.0805255,0.0193494,0.0147333,0.00999095,0.00104975,1.09391e-06,1.04918e-11,0.419604
2472,0,0,0,0,0,0,0,0,0
2473,0.337668,0.106622,0.0296173,0.0225467,0.0152847,0.00186058,3.05928e-06,3.99626e-11,0.513602
2474,0,0,0,0,0,0,0,0,0
2475,0,0,0,0,0,0,0,0,0
2476,0,0,0,0,0,0,0,0,0
2477,0,0,0,0,0,0,0,0,0
2478,0,0,0,0,0,0,0,0,0
2479,0,0,0,0,0,0,0,0,0
2480,0.303188,0.0857137,0.0212594,0.0161714,0.0109507,0.00118514,1.35334e-06,1.34779e-11,0.438469
2481,0,0,0,0,0,0,0,0,0
2482,0,0,0,0,0,0,0,0,0
2483,0,0,0,0,0,0,0,0,0
2484,0.294656,0.0808981,0.0194726,0.0148059,0.0100201,0.0010508,1.0907e-06,1.00903e-11,0.420904
2485,0,0,0,0,0,0,0,0,0
2486,0,0,0,0,0,0,0,0,0
2487,0,0,0,0,0,0,0,0,0
2488,0,0,0,0,0,0,0,0,0
2489,0,0,0,0,0,0,0,0,0
2490,0,0,0,0,0,0,0,0,0
2491,0,0,0,0,0,0,0,0,0
2492,0,0,0,0,0,0,0,0,0
2493,0,0,0,0,0,0,0,0,0
2494,0,0,0,0,0,0,0,0,0
2495,0,0,0,0,0,0,0,0,0
2496,0,0,0,0,0,0,0,0,0
2497,0,0,0,0,0,0,0,0,0
2498,0,0,0,0,0,0,0,0,0
2499,0,0,0,0,0,0,0,0,0
2500,0,0,0,0,0,0,0,0,0
2501,0,0,0,0,0,0,0,0,0
2502,0,0,0,0,0,0,0,0,0
2503,0,0,0,0,0,0,0,0,0
2504,0,0,0,0,0,0,0,0,0
2505,0,0,0,0,0,0,0,0,0
2506,0,0,0,0,0,0,0,0,0
2507,0,0,0,0,0,0,0,0,0
2508,0,0,0,0,0,0,0,0,0
2509,0,0,0,0,0,0,0,0,0
2510,0,0,0,0,0,0,0,0,0
2511,0,0,0,0,0,0,0,0,0
2512,0,0,0,0,0,0,0,0,0
2513,0,0,0,0,0,0,0,0,0
2514,0,0,0,0,0,0,0,0,0
2515,0,0,0,0,0,0,0,0,0
2516,0,0,0,0,0,0,0,0,0
2517,0,0,0,0,0,0,0,0,0
2518,0,0,0,0,0,0,0,0,0
2519,0,0,0,0,0,0,0,0,0
2520,0,0,0,0,0,0,0,0,0
2521,0,0,0,0,0,0,0,0,0
2522,0,0,0,0,0,0,0,0,0
2523,0,0,0,0,0,0,0,0,0
2524,0,0,0,0,0,0,0,0,0
2525,0,0,0,0,0,0,0,0,0
2526,0,0,0,0,0,0,0,0,0
2527,0.330285,0.101877,0.0275753,0.0208682,0.0140297,0.00163888,2.40155e-06,2.53859e-11,0.496277
2528,0,0,0,0,0,0,0,0,0
2529,0,0,0,0,0,0,0,0,0
2530,0,0,0,0,0,0,0,0,0
2531,0,0,0,0,0,0,0,0,0
2532,0,0,0,0,0,0,0,0,0
2533,0,0,0,0,0,0,0,0,0
2534,0.280026,0.07288,0.0165604,0.0125223,0.00840919,0.000818688,6.69521e-07,4.52261e-12,0.391218
2535,0,0,0,0,0,0,0,0,0
2536,0,0,0,0,0,0,0,0,0
2537,0,0,0,0,0,0,0,0,0
2538,0,0,0,0,0,0,0,0,0
2539,0,0,0,0,0,0,0,0,0
2540,0.289996,0.0782376,0.0184454,0.0139388,0.00935213,0.000944403,8.71585e-07,6.36452e-12,0.410916
2541,0,0,0,0,0,0,0,0,0
2542,0,0,0,0,0,0,0,0,0
2543,0,0,0,0,0,0,0,0,0
2544,0.287441,0.0768639,0.0179656,0.0135702,0.00909912,0.000910602,8.25665e-07,5.97163e-12,0.405851
2545,0,0,0,0,0,0,0,0,0
2546,0,0,0,0,0,0,0,0,0
2547,0,0,0,0,0,0,0,0,0
2548,0,0,0,0,0,0,0,0,0
2549,0,0,0,0,0,0,0,0,0
2550,0,0,0,0,0,0,0,0,0
2551,0,0,0,0,0,0,0,0,0
2552,0,0,0,0,0,0,0,0,0
2553,0,0,0,0,0,0,0,0,0
2554,0,0,0,0,0,0,0,0,0
2555,0,0,0,0,0,0,0,0,0
2556,0.306497,0.0875202,0.0218652,0.0164929,0.0110374,0.00117818,1.30935e-06,1.05741e-11,0.444592
2557,0,0,0,0,0,0,0,0,0
2558,0,0,0,0,0,0,0,0,0
2559,0.281507,0.073668,0.0168329,0.0126938,0.00849199,0.000827031,6.91161e-07,4.55166e-12,0.394022
2560,0,0,0,0,0,0,0,0,0
2561,0,0,0,0,0,0,0,0,0
2562,0,0,0,0,0,0,0,0,0
2563,0,0,0,0,0,0,0,0,0
2564,0,0,0,0,0,0,0,0,0
2565,0,0,0,0,0,0,0,0,0
2566,0,0,0,0,0,0,0,0,0
2567,0,0,0,0,0,0,0,0,0
2568,0,0,0,0,0,0,0,0,0
2569,0,0,0,0,0,0,0,0,0
2570,0,0,0,0,0,0,0,0,0
2571,0,0,0,0,0,0,0,0,0
2572,0,0,0,0,0,0,0,0,0
2573,0,0,0,0,0,0,0,0,0
2574,0,0,0,0,0,0,0,0,0
2575,0,0,0,0,0,0,0,0,0
2576,0,0,0,0,0,0,0,0,0
2577,0,0,0,0,0,0,0,0,0
2578,0,0,0,0,0,0,0,0,0
2579,0,0,0,0,0,0,0,0,0
2580,0,0,0,0,0,0,0,0,0
2581,0,0,0,0,0,0,0,0,0
2582,0,0,0,0,0,0,0,0,0
2583,0.224084,0.0463124,0.00827557,0.0062241,0.00414837,0.000310397,1.06963e-07,3.19292e-13,0.289354
2584,0,0,0,0,0,0,0,0,0
2585,0.279208,0.0724172,0.0163758,0.0123143,0.00820562,0.000784784,6.20174e-07,3.66097e-12,0.389306
2586,0.284812,0.0753919,0.0174074,0.0130877,0.00871885,0.000851494,7.19163e-07,4.43521e-12,0.40027
2587,0,0,0,0,0,0,0,0,0
2588,0,0,0,0,0,0,0,0,0
2589,0,0,0,0,0,0,0,0,0
2590,0,0,0,0,0,0,0,0,0
2591,0,0,0,0,0,0,0,0,0
2592,0,0,0,0,0,0,0,0,0
2593,0,0,0,0,0,0,0,0,0
2594,0,0,0,0,0,0,0,0,0
2595,0,0,0,0,0,0,0,0,0
2596,0,0,0,0,0,0,0,0,0
2597,0,0,0,0,0,0,0,0,0
2598,0,0,0,0,0,0,0,0,0
2599,0,0,0,0,0,0,0,0,0
2600,0,0,0,0,0,0,0,0,0
2601,0,0,0,0,0,0,0,0,0
2602,0,0,0,0,0,0,0,0,0
2603,0,0,0,0,0,0,0,0,0
2604,0,0,0,0,0,0,0,0,0
2605,0,0,0,0,0,0,0,0,0
2606,0,0,0,0,0,0,0,0,0
2607,0,0,0,0,0,0,0,0,0
2608,0,0,0,0,0,0,0,0,0
2609,0,0,0,0,0,0,0,0,0
2610,0,0,0,0,0,0,0,0,0
2611,0.297355,0.0822438,0.0198443,0.0148797,0.00987515,0.00100217,9.60778e-07,6.10402e-12,0.425201
2612,0,0,0,0,0,0,0,0,0
2613,0,0,0,0,0,0,0,0,0
2614,0,0,0,0,0,0,0,0,0
2615,0,0,0,0,0,0,0,0,0
2616,0,0,0,0,0,0,0,0,0
2617,0,0,0,0,0,0,0,0,0
2618,0,0,0,0,0,0,0,0,0
2619,0.29485,0.0808368,0.0193238,0.0144759,0.00959469,0.000962251,8.90633e-07,5.40587e-12,0.420045
2620,0,0,0,0,0,0,0,0,0
2621,0.292514,0.0795406,0.0188529,0.0141202,0.00935622,0.000929676,8.3568e-07,4.9419e-12,0.415314
2622,0,0,0,0,0,0,0,0,0
2623,0,0,0,0,0,0,0,0,0
2624,0,0,0,0,0,0,0,0,0
2625,0,0,0,0,0,0,0,0,0
2626,0,0,0,0,0,0,0,0,0
2627,0.261454,0.063349,0.0133378,0.00998302,0.0066088,0.00058067,3.54394e-07,1.56566e-12,0.355313
2628,0.302323,0.0850279,0.020855,0.0156078,0.0103309,0.001061,1.05878e-06,6.61962e-12,0.435207
2629,0,0,0,0,0,0,0,0,0
2630,0,0,0,0,0,0,0,0,0
2631,0.28791,0.0769904,0.0179205,0.0134078,0.00887113,0.000862133,7.16346e-07,3.85323e-12,0.405963
2632,0,0,0,0,0,0,0,0,0
2633,0,0,0,0,0,0,0,0,0
2634,0,0,0,0,0,0,0,0,0
2635,0,0,0,0,0,0,0,0,0
2636,0,0,0,0,0,0,0,0,0
2637,0,0,0,0,0,0,0,0,0
2638,0,0,0,0,0,0,0,0,0
2639,0,0,0,0,0,0,0,0,0
2640,0,0,0,0,0,0,0,0,0
2641,0,0,0,0,0,0,0,0,0
2642,0,0,0,0,0,0,0,0,0
2643,0,0,0,0,0,0,0,0,0
2644,0,0,0,0,0,0,0,0,0
2645,0,0,0,0,0,0,0,0,0
2646,0,0,0,0,0,0,0,0,0
2647,0,0,0,0,0,0,0,0,0
2648,0,0,0,0,0,0,0,0,0
2649,0,0,0,0,0,0,0,0,0
2650,0,0,0,0,0,0,0,0,0
2651,0,0,0,0,0,0,0,0,0
2652,0,0,0,0,0,0,0,0,0
2653,0,0,0,0,0,0,0,0,0
2654,0.28308,0.074385,0.0169985,0.0126861,0.00836419,0.000793287,6.18007e-07,3.03226e-12,0.396308
2655,0,0,0,0,0,0,0,0,0
2656,0,0,0,0,0,0,0,0,0
2657,0,0,0,0,0,0,0,0,0
2658,0,0,0,0,0,0,0,0,0
2659,0,0,0,0,0,0,0,0,0
2660,0,0,0,0,0,0,0,0,0
2661,0,0,0,0,0,0,0,0,0
2662,0,0,0,0,0,0,0,0,0
2663,0,0,0,0,0,0,0,0,0
2664,0,0,0,0,0,0,0,0,0
2665,0,0,0,0,0,0,0,0,0
2666,0,0,0,0,0,0,0,0,0
2667,0,0,0,0,0,0,0,0,0
2668,0,0,0,0,0,0,0,0,0
2669,0,0,0,0,0,0,0,0,0
2670,0,0,0,0,0,0,0,0,0
2671,0,0,0,0,0,0,0,0,0
2672,0,0,0,0,0,0,0,0,0
2673,0,0,0,0,0,0,0,0,0
2674,0,0,0,0,0,0,0,0,0
2675,0,0,0,0,0,0,0,0,0
2676,0,0,0,0,0,0,0,0,0
2677,0,0,0,0,0,0,0,0,0
2678,0,0,0,0,0,0,0,0,0
2679,0,0,0,0,0,0,0,0,0
2680,0,0,0,0,0,0,0,0,0
2681,0,0,0,0,0,0,0,0,0
2682,0,0,0,0,0,0,0,0,0
2683,0,0,0,0,0,0,0,0,0
2684,0,0,0,0,0,0,0,0,0
2685,0,0,0,0,0,0,0,0,0
2686,0,0,0,0,0,0,0,0,0
2687,0,0,0,0,0,0,0,0,0
2688,0,0,0,0,0,0,0,0,0
2689,0,0,0,0,0,0,0,0,0
2690,0,0,0,0,0,0,0,0,0
2691,0,0,0,0,0,0,0,0,0
2692,0,0,0,0,0,0,0,0,0
2693,0,0,0,0,0,0,0,0,0
2694,0,0,0,0,0,0,0,0,0
2695,0,0,0,0,0,0,0,0,0
2696,0.254344,0.0598492,0.0121978,0.00906138,0.00593588,0.000495244,2.61113e-07,8.79332e-13,0.341884
2697,0,0,0,0,0,0,0,0,0
2698,0,0,0,0,0,0,0,0,0
2699,0.285847,0.0758203,0.0174656,0.0129702,0.00849242,0.000802338,6.24862e-07,2.74789e-12,0.401399
2700,0,0,0,0,0,0,0,0,0
2701,0,0,0,0,0,0,0,0,0
2702,0,0,0,0,0,0,0,0,0
2703,0.208292,0.0396542,0.00640644,0.00475562,0.00311205,0.000199027,3.06885e-08,1.09138e-14,0.26242
2704,0,0,0,0,0,0,0,0,0
2705,0.244912,0.0553823,0.0108133,0.0080249,0.00524958,0.000416915,1.82707e-07,5.04144e-13,0.324799
2706,0,0,0,0,0,0,0,0,0
2707,0,0,0,0,0,0,0,0,0
2708,0,0,0,0,0,0,0,0,0
2709,0,0,0,0,0,0,0,0,0
2710,0,0,0,0,0,0,0,0,0
2711,0.290707,0.078434,0.0183734,0.0136257,0.00890449,0.000852711,6.92742e-07,3.0313e-12,0.410898
2712,0,0,0,0,0,0,0,0,0
2713,0,0,0,0,0,0,0,0,0
2714,0,0,0,0,0,0,0,0,0
2715,0,0,0,0,0,0,0,0,0
2716,0,0,0,0,0,0,0,0,0
2717,0,0,0,0,0,0,0,0,0
2718,0,0,0,0,0,0,0,0,0
2719,0,0,0,0,0,0,0,0,0
2720,0,0,0,0,0,0,0,0,0
2721,0,0,0,0,0,0,0,0,0
2722,0,0,0,0,0,0,0,0,0
2723,0,0,0,0,0,0,0,0,0
2724,0,0,0,0,0,0,0,0,0
2725,0,0,0,0,0,0,0,0,0
2726,0,0,0,0,0,0,0,0,0
2727,0,0,0,0,0,0,0,0,0
2728,0,0,0,0,0,0,0,0,0
2729,0,0,0,0,0,0,0,0,0
2730,0,0,0,0,0,0,0,0,0
2731,0.267369,0.0661889,0.01419,0.0105011,0.0068423,0.000595548,3.61249e-07,1.23164e-12,0.365687
2732,0,0,0,0,0,0,0,0,0
2733,0,0,0,0,0,0,0,0,0
2734,0,0,0,0,0,0,0,0,0
2735,0.257983,0.0615509,0.0126997,0.0093942,0.00611741,0.000511151,2.71281e-07,8.26412e-13,0.348256
2736,0,0,0,0,0,0,0,0,0
2737,0,0,0,0,0,0,0,0,0
2738,0,0,0,0,0,0,0,0,0
2739,0,0,0,0,0,0,0,0,0
2740,0,0,0,0,0,0,0,0,0
2741,0,0,0,0,0,0,0,0,0
2742,0,0,0,0,0,0,0,0,0
2743,0,0,0,0,0,0,0,0,0
2744,0,0,0,0,0,0,0,0,0
2745,0,0,0,0,0,0,0,0,0
2746,0,0,0,0,0,0,0,0,0
2747,0,0,0,0,0,0,0,0,0
2748,0,0,0,0,0,0,0,0,0
2749,0,0,0,0,0,0,0,0,0
2750,0,0,0,0,0,0,0,0,0
2751,0.531198,0.130625,0.0278031,0.0205298,0.0133355,0.00114641,6.73202e-07,2.13693e-12,0.724638
2752,0,0,0,0,0,0,0,0,0
2753,0,0,0,0,0,0,0,0,0
2754,0,0,0,0,0,0,0,0,0
2755,0,0,0,0,0,0,0,0,0
2756,0,0,0,0,0,0,0,0,0
2757,0,0,0,0,0,0,0,0,0
2758,0,0,0,0,0,0,0,0,0
2759,0,0,0,0,0,0,0,0,0
2760,0,0,0,0,0,0,0,0,0
2761,0,0,0,0,0,0,0,0,0
2762,0,0,0,0,0,0,0,0,0
2763,0,0,0,0,0,0,0,0,0
2764,0,0,0,0,0,0,0,0,0
2765,0,0,0,0,0,0,0,0,0
2766,0,0,0,0,0,0,0,0,0
2767,0,0,0,0,0,0,0,0,0
2768,0.292414,0.0792898,0.0186214,0.0137241,0.00889127,0.000840232,6.58441e-07,2.41883e-12,0.413781
2769,0,0,0,0,0,0,0,0,0
2770,0,0,0,0,0,0,0,0,0
2771,0,0,0,0,0,0,0,0,0
2772,0,0,0,0,0,0,0,0,0
2773,0,0,0,0,0,0,0,0,0
2774,0,0,0,0,0,0,0,0,0
2775,0,0,0,0,0,0,0,0,0
2776,0,0,0,0,0,0,0,0,0
2777,0,0,0,0,0,0,0,0,0
2778,0,0,0,0,0,0,0,0,0
2779,0,0,0,0,0,0,0,0,0
2780,0,0,0,0,0,0,0,0,0
2781,0,0,0,0,0,0,0,0,0
2782,0,0,0,0,0,0,0,0,0
2783,0,0,0,0,0,0,0,0,0
2784,0,0,0,0,0,0,0,0,0
2785,0.262061,0.0635,0.0132893,0.00977677,0.00631812,0.000528741,2.86246e-07,7.86129e-13,0.355474
2786,0,0,0,0,0,0,0,0,0
2787,0,0,0,0,0,0,0,0,0
2788,0,0,0,0,0,0,0,0,0
2789,0,0,0,0,0,0,0,0,0
2790,0,0,0,0,0,0,0,0,0
2791,0,0,0,0,0,0,0,0,0
2792,0,0,0,0,0,0,0,0,0
2793,0.564277,0.148202,0.0338388,0.0248705,0.0160503,0.00147214,1.09599e-06,3.76935e-12,0.788712
2794,0,0,0,0,0,0,0,0,0
2795,0,0,0,0,0,0,0,0,0
2796,0,0,0,0,0,0,0,0,0
2797,0,0,0,0,0,0,0,0,0
2798,0,0,0,0,0,0,0,0,0
2799,0,0,0,0,0,0,0,0,0
2800,0,0,0,0,0,0,0,0,0
2801,0,0,0,0,0,0,0,0,0
2802,0,0,0,0,0,0,0,0,0
2803,0,0,0,0,0,0,0,0,0
2804,0,0,0,0,0,0,0,0,0
2805,0,0,0,0,0,0,0,0,0
2806,0,0,0,0,0,0,0,0,0
2807,0,0,0,0,0,0,0,0,0
2808,0,0,0,0,0,0,0,0,0
2809,0.289667,0.0777518,0.0180481,0.0132417,0.00852489,0.000787673,5.83018e-07,1.86971e-12,0.408022
2810,0,0,0,0,0,0,0,0,0
2811,0,0,0,0,0,0,0,0,0
2812,0,0,0,0,0,0,0,0,0
2813,0,0,0,0,0,0,0,0,0
2814,0,0,0,0,0,0,0,0,0
2815,0,0,0,0,0,0,0,0,0
2816,0,0,0,0,0,0,0,0,0
2817,0,0,0,0,0,0,0,0,0
2818,0,0,0,0,0,0,0,0,0
2819,0,0,0,0,0,0,0,0,0
2820,0,0,0,0,0,0,0,0,0
2821,0,0,0,0,0,0,0,0,0
2822,0,0,0,0,0,0,0,0,0
2823,0,0,0,0,0,0,0,0,0
2824,0,0,0,0,0,0,0,0,0
2825,0,0,0,0,0,0,0,0,0
2826,0,0,0,0,0,0,0,0,0
2827,0,0,0,0,0,0,0,0,0
2828,0,0,0,0,0,0,0,0,0
2829,0,0,0,0,0,0,0,0,0
2830,0.25232,0.0587605,0.0117832,0.00862565,0.00553553,0.000437851,1.9941e-07,4.29661e-13,0.337463
2831,0,0,0,0,0,0,0,0,0
2832,0.27159,0.0682123,0.0147796,0.0108167,0.00693953,0.000593956,3.47467e-07,8.92042e-13,0.372932
2833,0,0,0,0,0,0,0,0,0
2834,0,0,0,0,0,0,0,0,0
2835,0.236192,0.0513794,0.00960008,0.00702348,0.0045037,0.00033057,1.17825e-07,2.07391e-13,0.30903
2836,0,0,0,0,0,0,0,0,0
2837,0,0,0,0,0,0,0,0,0
2838,0,0,0,0,0,0,0,0,0
2839,0,0,0,0,0,0,0,0,0
2840,0,0,0,0,0,0,0,0,0
2841,0,0,0,0,0,0,0,0,0
2842,0,0,0,0,0,0,0,0,0
2843,0,0,0,0,0,0,0,0,0
2844,0,0,0,0,0,0,0,0,0
2845,0,0,0,0,0,0,0,0,0
2846,0,0,0,0,0,0,0,0,0
2847,0,0,0,0,0,0,0,0,0
2848,0,0,0,0,0,0,0,0,0
2849,0,0,0,0,0,0,0,0,0
2850,0,0,0,0,0,0,0,0,0
2851,0,0,0,0,0,0,0,0,0
2852,0,0,0,0,0,0,0,0,0
2853,0,0,0,0,0,0,0,0,0
2854,0,0,0,0,0,0,0,0,0
2855,0,0,0,0,0,0,0,0,0
2856,0,0,0,0,0,0,0,0,0
2857,0,0,0,0,0,0,0,0,0
2858,0,0,0,0,0,0,0,0,0
2859,0,0,0,0,0,0,0,0,0
2860,0,0,0,0,0,0,0,0,0
2861,0.262541,0.0636568,0.0132883,0.00969479,0.00619256,0.000506266,2.57667e-07,5.5732e-13,0.35588
2862,0,0,0,0,0,0,0,0,0
2863,0,0,0,0,0,0,0,0,0
2864,0,0,0,0,0,0,0,0,0
2865,0,0,0,0,0,0,0,0,0
2866,0,0,0,0,0,0,0,0,0
2867,0,0,0,0,0,0,0,0,0
2868,0,0,0,0,0,0,0,0,0
2869,0,0,0,0,0,0,0,0,0
2870,0,0,0,0,0,0,0,0,0
2871,0,0,0,0,0,0,0,0,0
2872,0,0,0,0,0,0,0,0,0
2873,0,0,0,0,0,0,0,0,0
2874,0,0,0,0,0,0,0,0,0
2875,0,0,0,0,0,0,0,0,0
2876,0,0,0,0,0,0,0,0,0
2877,0,0,0,0,0,0,0,0,0
2878,0,0,0,0,0,0,0,0,0
2879,0,0,0,0,0,0,0,0,0
2880,0,0,0,0,0,0,0,0,0
2881,0,0,0,0,0,0,0,0,0
2882,0,0,0,0,0,0,0,0,0
2883,0,0,0,0,0,0,0,0,0
2884,0,0,0,0,0,0,0,0,0
2885,0,0,0,0,0,0,0,0,0
2886,0,0,0,0,0,0,0,0,0
2887,0,0,0,0,0,0,0,0,0
2888,0,0,0,0,0,0,0,0,0
2889,0,0,0,0,0,0,0,0,0
2890,0,0,0,0,0,0,0,0,0
2891,0,0,0,0,0,0,0,0,0
2892,0,0,0,0,0,0,0,0,0
2893,0,0,0,0,0,0,0,0,0
2894,0,0,0,0,0,0,0,0,0
2895,0.239618,0.0528668,0.010004,0.00727113,0.00461997,0.000338374,1.22371e-07,1.89794e-13,0.314718
2896,0,0,0,0,0,0,0,0,0
2897,0,0,0,0,0,0,0,0,0
2898,0,0,0,0,0,0,0,0,0
2899,0,0,0,0,0,0,0,0,0
2900,0,0,0,0,0,0,0,0,0
2901,0,0,0,0,0,0,0,0,0
2902,0,0,0,0,0,0,0,0,0
2903,0,0,0,0,0,0,0,0,0
2904,0,0,0,0,0,0,0,0,0
2905,0.235644,0.0511025,0.00949935,0.00689679,0.00437546,0.000313941,1.06987e-07,1.55873e-13,0.307832
2906,0,0,0,0,0,0,0,0,0
2907,0,0,0,0,0,0,0,0,0
2908,0.188892,0.0325316,0.00473941,0.00343995,0.0021815,0.00012034,1.51893e-08,7.63449e-15,0.231905
2909,0,0,0,0,0,0,0,0,0
2910,0.250607,0.05788,0.0114703,0.00832336,0.00527665,0.000403517,1.67336e-07,2.75e-13,0.333961
2911,0,0,0,0,0,0,0,0,0
2912,0,0,0,0,0,0,0,0,0
2913,0,0,0,0,0,0,0,0,0
2914,0,0,0,0,0,0,0,0,0
2915,0,0,0,0,0,0,0,0,0
2916,0.249995,0.0575948,0.0113846,0.00825593,0.00522925,0.000398372,1.64033e-07,2.65665e-13,0.332858
2917,0,0,0,0,0,0,0,0,0
2918,0,0,0,0,0,0,0,0,0
2919,0,0,0,0,0,0,0,0,0
2920,0,0,0,0,0,0,0,0,0
2921,0,0,0,0,0,0,0,0,0
2922,0.227696,0.0476328,0.00851859,0.00617322,0.00390625,0.000267705,7.77461e-08,9.44339e-14,0.294195
2923,0,0,0,0,0,0,0,0,0
2924,0,0,0,0,0,0,0,0,0
2925,0,0,0,0,0,0,0,0,0
2926,0,0,0,0,0,0,0,0,0
2927,0,0,0,0,0,0,0,0,0
2928,0,0,0,0,0,0,0,0,0
2929,0,0,0,0,0,0,0,0,0
2930,0,0,0,0,0,0,0,0,0
2931,0,0,0,0,0,0,0,0,0
2932,0,0,0,0,0,0,0,0,0
2933,0,0,0,0,0,0,0,0,0
2934,0,0,0,0,0,0,0,0,0
2935,0,0,0,0,0,0,0,0,0
2936,0.158384,0.0225907,0.00266482,0.00192824,0.0012176,5.20258e-05,1.48236e-09,1.8457e-16,0.186837
2937,0,0,0,0,0,0,0,0,0
2938,0,0,0,0,0,0,0,0,0
2939,0,0,0,0,0,0,0,0,0
2940,0,0,0,0,0,0,0,0,0
2941,0,0,0,0,0,0,0,0,0
2942,0,0,0,0,0,0,0,0,0
2943,0,0,0,0,0,0,0,0,0
2944,0,0,0,0,0,0,0,0,0
2945,0.255096,0.0599612,0.0120786,0.00873139,0.00550592,0.000424023,1.80149e-07,2.74172e-13,0.341798
2946,0,0,0,0,0,0,0,0,0
2947,0,0,0,0,0,0,0,0,0
2948,0,0,0,0,0,0,0,0,0
2949,0,0,0,0,0,0,0,0,0
2950,0,0,0,0,0,0,0,0,0
2951,0,0,0,0,0,0,0,0,0
2952,0,0,0,0,0,0,0,0,0
2953,0,0,0,0,0,0,0,0,0
2954,0,0,0,0,0,0,0,0,0
2955,0,0,0,0,0,0,0,0,0
2956,0.268086,0.0663084,0.0140706,0.0101591,0.00639548,0.000518199,2.6015e-07,4.36528e-13,0.365538
2957,0,0,0,0,0,0,0,0,0
2958,0,0,0,0,0,0,0,0,0
2959,0,0,0,0,0,0,0,0,0
2960,0,0,0,0,0,0,0,0,0
2961,0,0,0,0,0,0,0,0,0
2962,0,0,0,0,0,0,0,0,0
2963,0,0,0,0,0,0,0,0,0
2964,0,0,0,0,0,0,0,0,0
2965,0,0,0,0,0,0,0,0,0
2966,0,0,0,0,0,0,0,0,0
2967,0,0,0,0,0,0,0,0,0
2968,0,0,0,0,0,0,0,0,0
2969,0,0,0,0,0,0,0,0,0
2970,0,0,0,0,0,0,0,0,0
2971,0,0,0,0,0,0,0,0,0
2972,0,0,0,0,0,0,0,0,0
2973,0,0,0,0,0,0,0,0,0
2974,0,0,0,0,0,0,0,0,0
2975,0,0,0,0,0,0,0,0,0
2976,0,0,0,0,0,0,0,0,0
2977,0,0,0,0,0,0,0,0,0
2978,0,0,0,0,0,0,0,0,0
2979,0,0,0,0,0,0,0,0,0
2980,0,0,0,0,0,0,0,0,0
2981,0,0,0,0,0,0,0,0,0
2982,0,0,0,0,0,0,0,0,0
2983,0,0,0,0,0,0,0,0,0
2984,0,0,0,0,0,0,0,0,0
2985,0,0,0,0,0,0,0,0,0
2986,0,0,0,0,0,0,0,0,0
2987,0,0,0,0,0,0,0,0,0
2988,0,0,0,0,0,0,0,0,0
2989,0,0,0,0,0,0,0,0,0
2990,0.246178,0.0557357,0.0107788,0.00775343,0.0048557,0.000354061,1.26434e-07,1.49675e-13,0.325656
2991,0,0,0,0,0,0,0,0,0
2992,0,0,0,0,0,0,0,0,0
2993,0,0,0,0,0,0,0,0,0
2994,0,0,0,0,0,0,0,0,0
2995,0,0,0,0,0,0,0,0,0
2996,0,0,0,0,0,0,0,0,0
2997,0,0,0,0,0,0,0,0,0
2998,0,0,0,0,0,0,0,0,0
2999,0,0,0,0,0,0,0,0,0
3000,0,0,0,0,0,0,0,0,0
3001,0,0,0,0,0,0,0,0,0
3002,0,0,0,0,0,0,0,0,0
3003,0,0,0,0,0,0,0,0,0
3004,0,0,0,0,0,0,0,0,0
3005,0,0,0,0,0,0,0,0,0
3006,0.222683,0.0455016,0.00792783,0.00569259,0.0035563,0.000232557,6.05086e-08,5.6706e-14,0.285594
3007,0,0,0,0,0,0,0,0,0
3008,0,0,0,0,0,0,0,0,0
3009,0.226515,0.0470996,0.00835315,0.00599599,0.0037441,0.000249118,6.8472e-08,6.61834e-14,0.291957
3010,0,0,0,0,0,0,0,0,0
3011,0,0,0,0,0,0,0,0,0
3012,0,0,0,0,0,0,0,0,0
3013,0,0,0,0,0,0,0,0,0
3014,0,0,0,0,0,0,0,0,0
3015,0,0,0,0,0,0,0,0,0
3016,0,0,0,0,0,0,0,0,0
3017,0,0,0,0,0,0,0,0,0
3018,0,0,0,0,0,0,0,0,0
3019,0,0,0,0,0,0,0,0,0
3020,0,0,0,0,0,0,0,0,0
3021,0.233025,0.0498729,0.00910572,0.00652786,0.00406897,0.000278021,8.31709e-08,8.27878e-14,0.302878
3022,0,0,0,0,0,0,0,0,0
3023,0,0,0,0,0,0,0,0,0
3024,0,0,0,0,0,0,0,0,0
3025,0,0,0,0,0,0,0,0,0
3026,0.258263,0.061416,0.0124852,0.00894575,0.00557193,0.000424246,1.77805e-07,2.20795e-13,0.347107
3027,0,0,0,0,0,0,0,0,0
3028,0,0,0,0,0,0,0,0,0
3029,0,0,0,0,0,0,0,0,0
3030,0,0,0,0,0,0,0,0,0
3031,0,0,0,0,0,0,0,0,0
3032,0,0,0,0,0,0,0,0,0
3033,0,0,0,0,0,0,0,0,0
3034,0,0,0,0,0,0,0,0,0
3035,0,0,0,0,0,0,0,0,0
3036,0,0,0,0,0,0,0,0,0
3037,0,0,0,0,0,0,0,0,0
3038,0.24371,0.0545974,0.0104367,0.00746809,0.00464299,0.000330919,1.13051e-07,1.17968e-13,0.321186
3039,0,0,0,0,0,0,0,0,0
3040,0,0,0,0,0,0,0,0,0
3041,0,0,0,0,0,0,0,0,0
3042,0,0,0,0,0,0,0,0,0
3043,0,0,0,0,0,0,0,0,0
3044,0,0,0,0,0,0,0,0,0
3045,0,0,0,0,0,0,0,0,0
3046,0,0,0,0,0,0,0,0,0
3047,0,0,0,0,0,0,0,0,0
3048,0,0,0,0,0,0,0,0,0
3049,0,0,0,0,0,0,0,0,0
3050,0,0,0,0,0,0,0,0,0
3051,0,0,0,0,0,0,0,0,0
3052,0,0,0,0,0,0,0,0,0
3053,0,0,0,0,0,0,0,0,0
3054,0,0,0,0,0,0,0,0,0
3055,0,0,0,0,0,0,0,0,0
3056,0,0,0,0,0,0,0,0,0
3057,0,0,0,0,0,0,0,0,0
3058,0,0,0,0,0,0,0,0,0
3059,0.226334,0.0469712,0.00829115,0.00591937,0.00366849,0.000239468,6.17148e-08,4.93799e-14,0.291424
3060,0,0,0,0,0,0,0,0,0
3061,0,0,0,0,0,0,0,0,0
3062,0,0,0,0,0,0,0,0,0
3063,0.21231,0.0412655,0.00681258,0.00486138,0.00301076,0.000183423,3.83349e-08,2.63927e-14,0.268444
3064,0,0,0,0,0,0,0,0,0
3065,0,0,0,0,0,0,0,0,0
3066,0,0,0,0,0,0,0,0,0
3067,0,0,0,0,0,0,0,0,0
3068,0,0,0,0,0,0,0,0,0
3069,0.200104,0.0365995,0.00567734,0.00404858,0.00250505,0.000143001,2.44639e-08,1.44587e-14,0.249078
3070,0,0,0,0,0,0,0,0,0
3071,0.190203,0.0330217,0.00485562,0.00346207,0.00214169,0.000115696,1.66315e-08,8.6468e-15,0.2338
3072,0,0,0,0,0,0,0,0,0
3073,0,0,0,0,0,0,0,0,0
3074,0,0,0,0,0,0,0,0,0
3075,0,0,0,0,0,0,0,0,0
3076,0,0,0,0,0,0,0,0,0
3077,0,0,0,0,0,0,0,0,0
3078,0,0,0,0,0,0,0,0,0
3079,0,0,0,0,0,0,0,0,0
3080,0,0,0,0,0,0,0,0,0
3081,0,0,0,0,0,0,0,0,0
3082,0,0,0,0,0,0,0,0,0
3083,0,0,0,0,0,0,0,0,0
3084,0,0,0,0,0,0,0,0,0
3085,0,0,0,0,0,0,0,0,0
3086,0.193214,0.0340843,0.00509228,0.0036246,0.00223688,0.000122356,1.84023e-08,9.53752e-15,0.238374
3087,0,0,0,0,0,0,0,0,0
3088,0.269018,0.0666361,0.0140847,0.0100236,0.00618455,0.00048187,2.18392e-07,2.43327e-13,0.366429
3089,0,0,0,0,0,0,0,0,0
3090,0,0,0,0,0,0,0,0,0
3091,0,0,0,0,0,0,0,0,0
3092,0,0,0,0,0,0,0,0,0
3093,0,0,0,0,0,0,0,0,0
3094,0,0,0,0,0,0,0,0,0
3095,0,0,0,0,0,0,0,0,0
3096,0,0,0,0,0,0,0,0,0
3097,0,0,0,0,0,0,0,0,0
3098,0,0,0,0,0,0,0,0,0
3099,0,0,0,0,0,0,0,0,0
3100,0,0,0,0,0,0,0,0,0
3101,0,0,0,0,0,0,0,0,0
3102,0,0,0,0,0,0,0,0,0
3103,0,0,0,0,0,0,0,0,0
3104,0,0,0,0,0,0,0,0,0
3105,0,0,0,0,0,0,0,0,0
3106,0,0,0,0,0,0,0,0,0
3107,0,0,0,0,0,0,0,0,0
3108,0,0,0,0,0,0,0,0,0
3109,0,0,0,0,0,0,0,0,0
3110,0,0,0,0,0,0,0,0,0
3111,0,0,0,0,0,0,0,0,0
3112,0.183435,0.0306229,0.00430601,0.00305641,0.00187893,9.54571e-05,1.0764e-08,3.86081e-15,0.223395
3113,0,0,0,0,0,0,0,0,0
3114,0,0,0,0,0,0,0,0,0
3115,0,0,0,0,0,0,0,0,0
3116,0,0,0,0,0,0,0,0,0
3117,0,0,0,0,0,0,0,0,0
3118,0,0,0,0,0,0,0,0,0
3119,0.2066,0.0390058,0.00623398,0.0044215,0.00271522,0.000157576,2.83119e-08,1.50283e-14,0.259134
3120,0,0,0,0,0,0,0,0,0
3121,0,0,0,0,0,0,0,0,0
3122,0,0,0,0,0,0,0,0,0
3123,0.198597,0.0359902,0.00551092,0.00390711,0.00239801,0.000132914,2.04049e-08,9.406e-15,0.246536
3124,0,0,0,0,0,0,0,0,0
3125,0,0,0,0,0,0,0,0,0
3126,0,0,0,0,0,0,0,0,0
3127,0,0,0,0,0,0,0,0,0
3128,0,0,0,0,0,0,0,0,0
3129,0,0,0,0,0,0,0,0,0
3130,0,0,0,0,0,0,0,0,0
3131,0,0,0,0,0,0,0,0,0
3132,0,0,0,0,0,0,0,0,0
3133,0,0,0,0,0,0,0,0,0
3134,0,0,0,0,0,0,0,0,0
3135,0,0,0,0,0,0,0,0,0
3136,0,0,0,0,0,0,0,0,0
3137,0,0,0,0,0,0,0,0,0
3138,0,0,0,0,0,0,0,0,0
3139,0,0,0,0,0,0,0,0,0
3140,0,0,0,0,0,0,0,0,0
3141,0,0,0,0,0,0,0,0,0
3142,0,0,0,0,0,0,0,0,0
3143,0,0,0,0,0,0,0,0,0
3144,0,0,0,0,0,0,0,0,0
3145,0,0,0,0,0,0,0,0,0
3146,0,0,0,0,0,0,0,0,0
3147,0.219244,0.0439922,0.00748087,0.00528934,0.00323409,0.000198759,4.35817e-08,2.52862e-14,0.279439
3148,0,0,0,0,0,0,0,0,0
3149,0,0,0,0,0,0,0,0,0
3150,0,0,0,0,0,0,0,0,0
3151,0,0,0,0,0,0,0,0,0
3152,0,0,0,0,0,0,0,0,0
3153,0,0,0,0,0,0,0,0,0
3154,0.208316,0.0396503,0.00638332,0.00450997,0.00275471,0.000159682,2.89623e-08,1.43039e-14,0.261774
3155,0.202246,0.0373515,0.00583282,0.00412067,0.00251663,0.000141475,2.3478e-08,1.0974e-14,0.252209
3156,0,0,0,0,0,0,0,0,0
3157,0,0,0,0,0,0,0,0,0
3158,0,0,0,0,0,0,0,0,0
3159,0,0,0,0,0,0,0,0,0
3160,0,0,0,0,0,0,0,0,0
3161,0,0,0,0,0,0,0,0,0
3162,0,0,0,0,0,0,0,0,0
3163,0,0,0,0,0,0,0,0,0
3164,0,0,0,0,0,0,0,0,0
3165,0.215782,0.0425663,0.00710187,0.00501189,0.00305641,0.000183118,3.65983e-08,1.86228e-14,0.273701
3166,0,0,0,0,0,0,0,0,0
3167,0,0,0,0,0,0,0,0,0
3168,0,0,0,0,0,0,0,0,0
3169,0.196312,0.0351415,0.00530718,0.00374356,0.00228142,0.000123298,1.78283e-08,7.12222e-15,0.242909
3170,0,0,0,0,0,0,0,0,0
3171,0,0,0,0,0,0,0,0,0
3172,0.242913,0.0541265,0.0102356,0.0072178,0.0043969,0.00029928,9.06646e-08,6.20149e-14,0.319189
3173,0,0,0,0,0,0,0,0,0
3174,0,0,0,0,0,0,0,0,0
3175,0,0,0,0,0,0,0,0,0
3176,0,0,0,0,0,0,0,0,0
3177,0,0,0,0,0,0,0,0,0
3178,0,0,0,0,0,0,0,0,0
3179,0,0,0,0,0,0,0,0,0
3180,0,0,0,0,0,0,0,0,0
3181,0,0,0,0,0,0,0,0,0
3182,0,0,0,0,0,0,0,0,0
3183,0,0,0,0,0,0,0,0,0
3184,0,0,0,0,0,0,0,0,0
3185,0,0,0,0,0,0,0,0,0
3186,0,0,0,0,0,0,0,0,0
3187,0,0,0,0,0,0,0,0,0
3188,0,0,0,0,0,0,0,0,0
3189,0,0,0,0,0,0,0,0,0
3190,0,0,0,0,0,0,0,0,0
3191,0,0,0,0,0,0,0,0,0
3192,0,0,0,0,0,0,0,0,0
3193,0,0,0,0,0,0,0,0,0
3194,0,0,0,0,0,0,0,0,0
3195,0,0,0,0,0,0,0,0,0
3196,0.176677,0.0283771,0.00383244,0.00269533,0.00163586,7.83448e-05,7.83376e-09,2.27237e-15,0.213296
3197,0,0,0,0,0,0,0,0,0
3198,0,0,0,0,0,0,0,0,0
3199,0,0,0,0,0,0,0,0,0
3200,0.193563,0.0341525,0.00508125,0.00357206,0.00216666,0.000114588,1.5857e-08,5.83192e-15,0.23865
3201,0,0,0,0,0,0,0,0,0
3202,0,0,0,0,0,0,0,0,0
3203,0,0,0,0,0,0,0,0,0
3204,0,0,0,0,0,0,0,0,0
3205,0,0,0,0,0,0,0,0,0
3206,0,0,0,0,0,0,0,0,0
3207,0,0,0,0,0,0,0,0,0
3208,0.207025,0.0391285,0.00624304,0.00438498,0.00265654,0.000150549,2.58295e-08,1.07899e-14,0.259588
3209,0,0,0,0,0,0,0,0,0
3210,0,0,0,0,0,0,0,0,0
3211,0,0,0,0,0,0,0,0,0
3212,0,0,0,0,0,0,0,0,0
3213,0.227875,0.047522,0.00838355,0.0058851,0.00356255,0.000223429,5.27033e-08,2.71856e-14,0.293452
3214,0,0,0,0,0,0,0,0,0
3215,0,0,0,0,0,0,0,0,0
3216,0,0,0,0,0,0,0,0,0
3217,0.238306,0.0520296,0.00961831,0.00674902,0.00408314,0.000268351,7.3341e-08,4.15504e-14,0.311054
3218,0,0,0,0,0,0,0,0,0
3219,0,0,0,0,0,0,0,0,0
3220,0,0,0,0,0,0,0,0,0
3221,0,0,0,0,0,0,0,0,0
3222,0,0,0,0,0,0,0,0,0
3223,0,0,0,0,0,0,0,0,0
3224,0,0,0,0,0,0,0,0,0
3225,0,0,0,0,0,0,0,0,0
3226,0,0,0,0,0,0,0,0,0
3227,0,0,0,0,0,0,0,0,0
3228,0,0,0,0,0,0,0,0,0
3229,0,0,0,0,0,0,0,0,0
3230,0,0,0,0,0,0,0,0,0
3231,0.224473,0.0460831,0.00799457,0.00560137,0.00338184,0.000207553,4.58801e-08,2.16309e-14,0.287741
3232,0,0,0,0,0,0,0,0,0
3233,0,0,0,0,0,0,0,0,0
3234,0,0,0,0,0,0,0,0,0
3235,0,0,0,0,0,0,0,0,0
3236,0,0,0,0,0,0,0,0,0
3237,0,0,0,0,0,0,0,0,0
3238,0,0,0,0,0,0,0,0,0
3239,0,0,0,0,0,0,0,0,0
3240,0,0,0,0,0,0,0,0,0
3241,0,0,0,0,0,0,0,0,0
3242,0,0,0,0,0,0,0,0,0
3243,0,0,0,0,0,0,0,0,0
3244,0,0,0,0,0,0,0,0,0
3245,0,0,0,0,0,0,0,0,0
3246,0,0,0,0,0,0,0,0,0
3247,0.233,0.0496863,0.00895538,0.00626313,0.00377181,0.000239665,5.92206e-08,2.89387e-14,0.301917
3248,0,0,0,0,0,0,0,0,0
3249,0,0,0,0,0,0,0,0,0
3250,0.235788,0.0508685,0.00926658,0.00647885,0.00390012,0.000249899,6.22042e-08,2.95473e-14,0.306552
3251,0,0,0,0,0,0,0,0,0
3252,0,0,0,0,0,0,0,0,0
3253,0,0,0,0,0,0,0,0,0
3254,0,0,0,0,0,0,0,0,0
3255,0,0,0,0,0,0,0,0,0
3256,0,0,0,0,0,0,0,0,0
3257,0,0,0,0,0,0,0,0,0
3258,0,0,0,0,0,0,0,0,0
3259,0,0,0,0,0,0,0,0,0
3260,0,0,0,0,0,0,0,0,0
3261,0,0,0,0,0,0,0,0,0
3262,0,0,0,0,0,0,0,0,0
3263,0,0,0,0,0,0,0,0,0
3264,0,0,0,0,0,0,0,0,0
3265,0,0,0,0,0,0,0,0,0
3266,0,0,0,0,0,0,0,0,0
3267,0,0,0,0,0,0,0,0,0
3268,0,0,0,0,0,0,0,0,0
3269,0,0,0,0,0,0,0,0,0
3270,0,0,0,0,0,0,0,0,0
3271,0,0,0,0,0,0,0,0,0
3272,0,0,0,0,0,0,0,0,0
3273,0,0,0,0,0,0,0,0,0
3274,0,0,0,0,0,0,0,0,0
3275,0,0,0,0,0,0,0,0,0
3276,0,0,0,0,0,0,0,0,0
3277,0,0,0,0,0,0,0,0,0
3278,0.208269,0.0395662,0.0063291,0.00441169,0.00264459,0.000147601,2.44613e-08,8.37215e-15,0.261369
3279,0,0,0,0,0,0,0,0,0
3280,0,0,0,0,0,0,0,0,0
3281,0,0,0,0,0,0,0,0,0
3282,0,0,0,0,0,0,0,0,0
3283,0.144999,0.0186105,0.00189761,0.00132197,0.000791832,2.52885e-05,1.5726e-12,7.37121e-16,0.167646
3284,0,0,0,0,0,0,0,0,0
3285,0,0,0,0,0,0,0,0,0
3286,0,0,0,0,0,0,0,0,0
3287,0,0,0,0,0,0,0,0,0
3288,0.153657,0.0213325,0.00246689,0.0017176,0.001028,4.08606e-05,2.20728e-09,3.03314e-16,0.180242
3289,0,0,0,0,0,0,0,0,0
3290,0,0,0,0,0,0,0,0,0
3291,0,0,0,0,0,0,0,0,0
3292,0.200132,0.0364857,0.00559117,0.00389119,0.00232748,0.00012383,1.76537e-08,5.21876e-15,0.248551
3293,0,0,0,0,0,0,0,0,0
3294,0,0,0,0,0,0,0,0,0
3295,0.214657,0.0420453,0.00693208,0.00482321,0.00288397,0.000165201,2.95941e-08,1.0168e-14,0.271507
3296,0,0,0,0,0,0,0,0,0
3297,0,0,0,0,0,0,0,0,0
3298,0,0,0,0,0,0,0,0,0
3299,0.214593,0.0420215,0.00692658,0.00481705,0.00287835,0.000164711,2.95455e-08,1.00992e-14,0.271402
3300,0,0,0,0,0,0,0,0,0
3301,0,0,0,0,0,0,0,0,0
3302,0,0,0,0,0,0,0,0,0
3303,0,0,0,0,0,0,0,0,0
3304,0,0,0,0,0,0,0,0,0
3305,0,0,0,0,0,0,0,0,0
3306,0,0,0,0,0,0,0,0,0
3307,0,0,0,0,0,0,0,0,0
3308,0,0,0,0,0,0,0,0,0
3309,0,0,0,0,0,0,0,0,0
3310,0,0,0,0,0,0,0,0,0
3311,0.211154,0.0406638,0.00658714,0.00457487,0.00272858,0.000152944,2.58321e-08,8.23301e-15,0.265862
3312,0,0,0,0,0,0,0,0,0
3313,0,0,0,0,0,0,0,0,0
3314,0,0,0,0,0,0,0,0,0
3315,0,0,0,0,0,0,0,0,0
3316,0,0,0,0,0,0,0,0,0
3317,0,0,0,0,0,0,0,0,0
3318,0.191311,0.03329,0.00485956,0.00337236,0.00200915,0.000101054,1.21613e-08,2.99455e-15,0.234943
3319,0,0,0,0,0,0,0,0,0
3320,0,0,0,0,0,0,0,0,0
3321,0,0,0,0,0,0,0,0,0
3322,0,0,0,0,0,0,0,0,0
3323,0,0,0,0,0,0,0,0,0
3324,0,0,0,0,0,0,0,0,0
3325,0,0,0,0,0,0,0,0,0
3326,0.230098,0.0483816,0.00856841,0.0059414,0.00353577,0.000216241,4.79921e-08,1.78049e-14,0.296742
3327,0,0,0,0,0,0,0,0,0
3328,0,0,0,0,0,0,0,0,0
3329,0.205856,0.0386118,0.00608364,0.00421694,0.00250829,0.00013603,2.07644e-08,5.88384e-15,0.257413
3330,0,0,0,0,0,0,0,0,0
3331,0,0,0,0,0,0,0,0,0
3332,0,0,0,0,0,0,0,0,0
3333,0,0,0,0,0,0,0,0,0
3334,0,0,0,0,0,0,0,0,0
3335,0,0,0,0,0,0,0,0,0
3336,0.221917,0.0449523,0.00765955,0.00530538,0.00315247,0.000184854,3.60016e-08,1.18695e-14,0.283171
3337,0,0,0,0,0,0,0,0,0
3338,0,0,0,0,0,0,0,0,0
3339,0,0,0,0,0,0,0,0,0
3340,0,0,0,0,0,0,0,0,0
3341,0,0,0,0,0,0,0,0,0
3342,0,0,0,0,0,0,0,0,0
3343,0,0,0,0,0,0,0,0,0
3344,0,0,0,0,0,0,0,0,0
3345,0,0,0,0,0,0,0,0,0
3346,0,0,0,0,0,0,0,0,0
3347,0,0,0,0,0,0,0,0,0
3348,0,0,0,0,0,0,0,0,0
3349,0.219701,0.0440399,0.00742067,0.00513259,0.00304377,0.000175877,3.2811e-08,1.01642e-14,0.279514
3350,0,0,0,0,0,0,0,0,0
3351,0,0,0,0,0,0,0,0,0
3352,0,0,0,0,0,0,0,0,0
3353,0,0,0,0,0,0,0,0,0
3354,0,0,0,0,0,0,0,0,0
3355,0,0,0,0,0,0,0,0,0
3356,0,0,0,0,0,0,0,0,0
3357,0,0,0,0,0,0,0,0,0
3358,0.240469,0.0528721,0.00978763,0.00676298,0.0040051,0.00025412,6.34634e-08,2.34975e-14,0.314151
3359,0,0,0,0,0,0,0,0,0
3360,0,0,0,0,0,0,0,0,0
3361,0,0,0,0,0,0,0,0,0
3362,0,0,0,0,0,0,0,0,0
3363,0,0,0,0,0,0,0,0,0
3364,0,0,0,0,0,0,0,0,0
3365,0,0,0,0,0,0,0,0,0
3366,0,0,0,0,0,0,0,0,0
3367,0,0,0,0,0,0,0,0,0
3368,0,0,0,0,0,0,0,0,0
3369,0,0,0,0,0,0,0,0,0
3370,0,0,0,0,0,0,0,0,0
3371,0,0,0,0,0,0,0,0,0
3372,0,0,0,0,0,0,0,0,0
3373,0,0,0,0,0,0,0,0,0
3374,0,0,0,0,0,0,0,0,0
3375,0,0,0,0,0,0,0,0,0
3376,0,0,0,0,0,0,0,0,0
3377,0,0,0,0,0,0,0,0,0
3378,0,0,0,0,0,0,0,0,0
3379,0,0,0,0,0,0,0,0,0
3380,0,0,0,0,0,0,0,0,0
3381,0,0,0,0,0,0,0,0,0
3382,0,0,0,0,0,0,0,0,0
3383,0,0,0,0,0,0,0,0,0
3384,0,0,0,0,0,0,0,0,0
3385,0,0,0,0,0,0,0,0,0
3386,0,0,0,0,0,0,0,0,0
3387,0,0,0,0,0,0,0,0,0
3388,0,0,0,0,0,0,0,0,0
3389,0,0,0,0,0,0,0,0,0
3390,0,0,0,0,0,0,0,0,0
3391,0,0,0,0,0,0,0,0,0
3392,0,0,0,0,0,0,0,0,0
3393,0,0,0,0,0,0,0,0,0
3394,0,0,0,0,0,0,0,0,0
3395,0,0,0,0,0,0,0,0,0
3396,0,0,0,0,0,0,0,0,0
3397,0,0,0,0,0,0,0,0,0
3398,0,0,0,0,0,0,0,0,0
3399,0,0,0,0,0,0,0,0,0
3400,0,0,0,0,0,0,0,0,0
3401,0,0,0,0,0,0,0,0,0
3402,0,0,0,0,0,0,0,0,0
3403,0,0,0,0,0,0,0,0,0
3404,0,0,0,0,0,0,0,0,0
3405,0,0,0,0,0,0,0,0,0
3406,0,0,0,0,0,0,0,0,0
3407,0,0,0,0,0,0,0,0,0
3408,0,0,0,0,0,0,0,0,0
3409,0,0,0,0,0,0,0,0,0
3410,0,0,0,0,0,0,0,0,0
3411,0.192884,0.0337963,0.00494943,0.0034002,0.00199754,9.84174e-05,1.12402e-08,2.10089e-15,0.237126
3412,0.168051,0.0255454,0.0032303,0.00221885,0.00130325,5.51208e-05,3.80843e-09,4.79914e-16,0.200404
3413,0,0,0,0,0,0,0,0,0
3414,0,0,0,0,0,0,0,0,0
3415,0,0,0,0,0,0,0,0,0
3416,0,0,0,0,0,0,0,0,0
3417,0,0,0,0,0,0,0,0,0
3418,0,0,0,0,0,0,0,0,0
3419,0,0,0,0,0,0,0,0,0
3420,0,0,0,0,0,0,0,0,0
3421,0,0,0,0,0,0,0,0,0
3422,0,0,0,0,0,0,0,0,0
3423,0,0,0,0,0,0,0,0,0
3424,0,0,0,0,0,0,0,0,0
3425,0,0,0,0,0,0,0,0,0
3426,0,0,0,0,0,0,0,0,0
3427,0,0,0,0,0,0,0,0,0
3428,0,0,0,0,0,0,0,0,0
3429,0,0,0,0,0,0,0,0,0
3430,0,0,0,0,0,0,0,0,0
3431,0,0,0,0,0,0,0,0,0
3432,0,0,0,0,0,0,0,0,0
3433,0,0,0,0,0,0,0,0,0
3434,0,0,0,0,0,0,0,0,0
3435,0.172642,0.026982,0.00351045,0.00240538,0.00140803,6.10552e-05,4.658e-09,6.10819e-16,0.207009
3436,0,0,0,0,0,0,0,0,0
3437,0,0,0,0,0,0,0,0,0
3438,0,0,0,0,0,0,0,0,0
3439,0,0,0,0,0,0,0,0,0
3440,0,0,0,0,0,0,0,0,0
3441,0.205493,0.0384037,0.00600016,0.00410842,0.00240256,0.000125483,1.72705e-08,3.40319e-15,0.256533
3442,0,0,0,0,0,0,0,0,0
3443,0,0,0,0,0,0,0,0,0
3444,0,0,0,0,0,0,0,0,0
3445,0,0,0,0,0,0,0,0,0
3446,0,0,0,0,0,0,0,0,0
3447,0,0,0,0,0,0,0,0,0
3448,0,0,0,0,0,0,0,0,0
3449,0,0,0,0,0,0,0,0,0
3450,0,0,0,0,0,0,0,0,0
3451,0.224526,0.0459479,0.00787511,0.00538637,0.00314513,0.000180135,3.31903e-08,7.84264e-15,0.28706
3452,0,0,0,0,0,0,0,0,0
3453,0,0,0,0,0,0,0,0,0
3454,0,0,0,0,0,0,0,0,0
3455,0,0,0,0,0,0,0,0,0
3456,0,0,0,0,0,0,0,0,0
3457,0,0,0,0,0,0,0,0,0
3458,0,0,0,0,0,0,0,0,0
3459,0.192965,0.033803,0.00494061,0.00337623,0.00196896,9.56539e-05,1.05656e-08,1.71174e-15,0.237149
3460,0,0,0,0,0,0,0,0,0
3461,0,0,0,0,0,0,0,0,0
3462,0,0,0,0,0,0,0,0,0
3463,0,0,0,0,0,0,0,0,0
3464,0,0,0,0,0,0,0,0,0
3465,0,0,0,0,0,0,0,0,0
3466,0,0,0,0,0,0,0,0,0
3467,0,0,0,0,0,0,0,0,0
3468,0,0,0,0,0,0,0,0,0
3469,0,0,0,0,0,0,0,0,0
3470,0,0,0,0,0,0,0,0,0
3471,0,0,0,0,0,0,0,0,0
3472,0,0,0,0,0,0,0,0,0
3473,0,0,0,0,0,0,0,0,0
3474,0,0,0,0,0,0,0,0,0
3475,0,0,0,0,0,0,0,0,0
3476,0,0,0,0,0,0,0,0,0
3477,0.212058,0.0409071,0.00659224,0.00449631,0.00261525,0.000139701,2.07265e-08,3.92648e-15,0.266809
3478,0.16704,0.0252211,0.00316211,0.00215643,0.00125402,5.17841e-05,3.4141e-09,3.61512e-16,0.198885
3479,0,0,0,0,0,0,0,0,0
3480,0,0,0,0,0,0,0,0,0
3481,0,0,0,0,0,0,0,0,0
3482,0.199194,0.0360369,0.00543845,0.00370718,0.00215451,0.000107516,1.29526e-08,2.10207e-15,0.246638
3483,0,0,0,0,0,0,0,0,0
3484,0,0,0,0,0,0,0,0,0
3485,0,0,0,0,0,0,0,0,0
3486,0,0,0,0,0,0,0,0,0
3487,0,0,0,0,0,0,0,0,0
3488,0,0,0,0,0,0,0,0,0
3489,0,0,0,0,0,0,0,0,0
3490,0,0,0,0,0,0,0,0,0
3491,0,0,0,0,0,0,0,0,0
3492,0,0,0,0,0,0,0,0,0
3493,0,0,0,0,0,0,0,0,0
3494,0,0,0,0,0,0,0,0,0
3495,0,0,0,0,0,0,0,0,0
3496,0,0,0,0,0,0,0,0,0
3497,0,0,0,0,0,0,0,0,0
3498,0.213297,0.041383,0.00670384,0.00456217,0.00264531,0.000141361,2.11245e-08,3.83108e-15,0.268733
3499,0,0,0,0,0,0,0,0,0
3500,0,0,0,0,0,0,0,0,0
3501,0,0,0,0,0,0,0,0,0
3502,0,0,0,0,0,0,0,0,0
3503,0,0,0,0,0,0,0,0,0
3504,0,0,0,0,0,0,0,0,0
3505,0,0,0,0,0,0,0,0,0
3506,0,0,0,0,0,0,0,0,0
3507,0,0,0,0,0,0,0,0,0
3508,0.211826,0.040796,0.00655499,0.00445583,0.00257962,0.000136298,1.96187e-08,3.35908e-15,0.266349
3509,0,0,0,0,0,0,0,0,0
3510,0,0,0,0,0,0,0,0,0
3511,0,0,0,0,0,0,0,0,0
3512,0,0,0,0,0,0,0,0,0
3513,0,0,0,0,0,0,0,0,0
3514,0.17436,0.0274922,0.00359698,0.00244354,0.0014134,6.03935e-05,4.43243e-09,4.5901e-16,0.209367
3515,0,0,0,0,0,0,0,0,0
3516,0,0,0,0,0,0,0,0,0
3517,0.205485,0.0383589,0.00596909,0.00405349,0.00234343,0.000119601,1.55327e-08,2.43008e-15,0.256329
3518,0,0,0,0,0,0,0,0,0
3519,0.186838,0.0316197,0.00444606,0.00301875,0.00174484,8.01338e-05,7.35702e-09,8.77489e-16,0.227747
3520,0.168194,0.0255628,0.00322228,0.00218752,0.00126412,5.19671e-05,3.41949e-09,3.27953e-16,0.200483
3521,0,0,0,0,0,0,0,0,0
3522,0,0,0,0,0,0,0,0,0
3523,0,0,0,0,0,0,0,0,0
3524,0,0,0,0,0,0,0,0,0
3525,0,0,0,0,0,0,0,0,0
3526,0,0,0,0,0,0,0,0,0
3527,0.507792,0.0778191,0.00989452,0.00671182,0.00387441,0.000160173,1.0374e-08,9.06471e-16,0.606252
3528,0,0,0,0,0,0,0,0,0
3529,0,0,0,0,0,0,0,0,0
3530,0,0,0,0,0,0,0,0,0
3531,0,0,0,0,0,0,0,0,0
3532,0,0,0,0,0,0,0,0,0
3533,0,0,0,0,0,0,0,0,0
3534,0,0,0,0,0,0,0,0,0
3535,0,0,0,0,0,0,0,0,0
3536,0,0,0,0,0,0,0,0,0
3537,0,0,0,0,0,0,0,0,0
3538,0,0,0,0,0,0,0,0,0
3539,0,0,0,0,0,0,0,0,0
3540,0,0,0,0,0,0,0,0,0
3541,0,0,0,0,0,0,0,0,0
3542,0,0,0,0,0,0,0,0,0
3543,0,0,0,0,0,0,0,0,0
3544,0,0,0,0,0,0,0,0,0
3545,0,0,0,0,0,0,0,0,0
3546,0.158557,0.0226602,0.00267598,0.00181152,0.00104276,3.976e-05,2.03034e-09,1.47839e-16,0.186787
3547,0,0,0,0,0,0,0,0,0
3548,0,0,0,0,0,0,0,0,0
3549,0,0,0,0,0,0,0,0,0
3550,0,0,0,0,0,0,0,0,0
3551,0,0,0,0,0,0,0,0,0
3552,0,0,0,0,0,0,0,0,0
3553,0,0,0,0,0,0,0,0,0
3554,0,0,0,0,0,0,0,0,0
3555,0,0,0,0,0,0,0,0,0
3556,0,0,0,0,0,0,0,0,0
3557,0,0,0,0,0,0,0,0,0
3558,0,0,0,0,0,0,0,0,0
3559,0,0,0,0,0,0,0,0,0
3560,0,0,0,0,0,0,0,0,0
3561,0,0,0,0,0,0,0,0,0
3562,0,0,0,0,0,0,0,0,0
3563,0,0,0,0,0,0,0,0,0
3564,0,0,0,0,0,0,0,0,0
3565,0,0,0,0,0,0,0,0,0
3566,0,0,0,0,0,0,0,0,0
3567,0,0,0,0,0,0,0,0,0
3568,0,0,0,0,0,0,0,0,0
3569,0,0,0,0,0,0,0,0,0
3570,0,0,0,0,0,0,0,0,0
3571,0,0,0,0,0,0,0,0,0
3572,0,0,0,0,0,0,0,0,0
3573,0,0,0,0,0,0,0,0,0
3574,0,0,0,0,0,0,0,0,0
3575,0,0,0,0,0,0,0,0,0
3576,0,0,0,0,0,0,0,0,0
3577,0,0,0,0,0,0,0,0,0
3578,0.163684,0.0241731,0.00295236,0.00199159,0.00114083,4.47565e-05,2.57183e-09,1.93829e-16,0.193987
3579,0.163951,0.0242386,0.00295981,0.00199648,0.00114353,4.47552e-05,2.49547e-09,1.77737e-16,0.194335
3580,0,0,0,0,0,0,0,0,0
3581,0,0,0,0,0,0,0,0,0
3582,0,0,0,0,0,0,0,0,0
3583,0,0,0,0,0,0,0,0,0
3584,0,0,0,0,0,0,0,0,0
3585,0,0,0,0,0,0,0,0,0
3586,0,0,0,0,0,0,0,0,0
3587,0,0,0,0,0,0,0,0,0
3588,0,0,0,0,0,0,0,0,0
3589,0,0,0,0,0,0,0,0,0
3590,0.177544,0.0284918,0.00378585,0.0025504,0.00145821,6.21375e-05,4.61451e-09,4.01203e-16,0.213893
3591,0,0,0,0,0,0,0,0,0
3592,0,0,0,0,0,0,0,0,0
3593,0.143958,0.0186223,0.00198292,0.0013355,0.000763325,2.58906e-05,9.28157e-10,4.70886e-17,0.166688
3594,0.159913,0.0230436,0.00274064,0.00184557,0.00105466,4.0054e-05,2.0538e-09,1.34261e-16,0.188637
3595,0.195895,0.0347759,0.00512392,0.00345026,0.00197148,9.33027e-05,9.66481e-09,1.05612e-15,0.24131
3596,0,0,0,0,0,0,0,0,0
3597,0,0,0,0,0,0,0,0,0
3598,0.18426,0.0307188,0.00424431,0.00285679,0.00163144,7.22463e-05,6.0952e-09,5.72719e-16,0.223783
3599,0,0,0,0,0,0,0,0,0
3600,0,0,0,0,0,0,0,0,0
3601,0,0,0,0,0,0,0,0,0
3602,0,0,0,0,0,0,0,0,0
3603,0,0,0,0,0,0,0,0,0
3604,0,0,0,0,0,0,0,0,0
3605,0,0,0,0,0,0,0,0,0
3606,0,0,0,0,0,0,0,0,0
3607,0,0,0,0,0,0,0,0,0
3608,0,0,0,0,0,0,0,0,0
3609,0,0,0,0,0,0,0,0,0
3610,0,0,0,0,0,0,0,0,0
3611,0,0,0,0,0,0,0,0,0
3612,0,0,0,0,0,0,0,0,0
3613,0,0,0,0,0,0,0,0,0
3614,0,0,0,0,0,0,0,0,0
3615,0,0,0,0,0,0,0,0,0
3616,0,0,0,0,0,0,0,0,0
3617,0,0,0,0,0,0,0,0,0
3618,0,0,0,0,0,0,0,0,0
3619,0,0,0,0,0,0,0,0,0
3620,0.170443,0.0262217,0.00333386,0.00223874,0.00127436,5.15496e-05,3.28089e-09,2.3889e-16,0.203563
3621,0,0,0,0,0,0,0,0,0
3622,0,0,0,0,0,0,0,0,0
3623,0,0,0,0,0,0,0,0,0
3624,0,0,0,0,0,0,0,0,0
3625,0,0,0,0,0,0,0,0,0
3626,0,0,0,0,0,0,0,0,0
3627,0,0,0,0,0,0,0,0,0
3628,0,0,0,0,0,0,0,0,0
3629,0,0,0,0,0,0,0,0,0
3630,0,0,0,0,0,0,0,0,0
3631,0,0,0,0,0,0,0,0,0
3632,0,0,0,0,0,0,0,0,0
3633,0,0,0,0,0,0,0,0,0
3634,0,0,0,0,0,0,0,0,0
3635,0,0,0,0,0,0,0,0,0
3636,0,0,0,0,0,0,0,0,0
3637,0,0,0,0,0,0,0,0,0
3638,0,0,0,0,0,0,0,0,0
3639,0,0,0,0,0,0,0,0,0
3640,0,0,0,0,0,0,0,0,0
3641,0,0,0,0,0,0,0,0,0
3642,0,0,0,0,0,0,0,0,0
3643,0,0,0,0,0,0,0,0,0
3644,0,0,0,0,0,0,0,0,0
3645,0,0,0,0,0,0,0,0,0
3646,0,0,0,0,0,0,0,0,0
3647,0,0,0,0,0,0,0,0,0
3648,0,0,0,0,0,0,0,0,0
3649,0,0,0,0,0,0,0,0,0
3650,0,0,0,0,0,0,0,0,0
3651,0.179087,0.0289612,0.00386715,0.00258792,0.00146613,6.17845e-05,4.43022e-09,3.17395e-16,0.216031
3652,0,0,0,0,0,0,0,0,0
3653,0,0,0,0,0,0,0,0,0
3654,0,0,0,0,0,0,0,0,0
3655,0,0,0,0,0,0,0,0,0
3656,0,0,0,0,0,0,0,0,0
3657,0,0,0,0,0,0,0,0,0
3658,0.186978,0.031608,0.00441716,0.0029538,0.0016717,7.37298e-05,6.15027e-09,4.87123e-16,0.227702
3659,0,0,0,0,0,0,0,0,0
3660,0,0,0,0,0,0,0,0,0
3661,0,0,0,0,0,0,0,0,0
3662,0,0,0,0,0,0,0,0,0
3663,0,0,0,0,0,0,0,0,0
3664,0,0,0,0,0,0,0,0,0
3665,0,0,0,0,0,0,0,0,0
3666,0,0,0,0,0,0,0,0,0
3667,0,0,0,0,0,0,0,0,0
3668,0,0,0,0,0,0,0,0,0
3669,0,0,0,0,0,0,0,0,0
3670,0,0,0,0,0,0,0,0,0
3671,0,0,0,0,0,0,0,0,0
3672,0,0,0,0,0,0,0,0,0
3673,0.170611,0.026252,0.00333109,0.00222383,0.00125567,5.0013e-05,3.05519e-09,1.88299e-16,0.203723
3674,0,0,0,0,0,0,0,0,0
3675,0,0,0,0,0,0,0,0,0
3676,0,0,0,0,0,0,0,0,0
3677,0,0,0,0,0,0,0,0,0
3678,0,0,0,0,0,0,0,0,0
3679,0,0,0,0,0,0,0,0,0
3680,0,0,0,0,0,0,0,0,0
3681,0,0,0,0,0,0,0,0,0
3682,0,0,0,0,0,0,0,0,0
3683,0,0,0,0,0,0,0,0,0
3684,0,0,0,0,0,0,0,0,0
3685,0,0,0,0,0,0,0,0,0
3686,0,0,0,0,0,0,0,0,0
3687,0,0,0,0,0,0,0,0,0
3688,0,0,0,0,0,0,0,0,0
3689,0,0,0,0,0,0,0,0,0
3690,0,0,0,0,0,0,0,0,0
3691,0,0,0,0,0,0,0,0,0
3692,0,0,0,0,0,0,0,0,0
3693,0,0,0,0,0,0,0,0,0
3694,0.167675,0.0253392,0.0031545,0.00210131,0.0011829,4.59857e-05,2.61891e-09,1.46489e-16,0.199499
3695,0,0,0,0,0,0,0,0,0
3696,0,0,0,0,0,0,0,0,0
3697,0.157254,0.0222425,0.00258572,0.00172178,0.000968745,3.50494e-05,1.57802e-09,7.30909e-17,0.184808
3698,0,0,0,0,0,0,0,0,0
3699,0,0,0,0,0,0,0,0,0
3700,0,0,0,0,0,0,0,0,0
3701,0,0,0,0,0,0,0,0,0
3702,0,0,0,0,0,0,0,0,0
3703,0,0,0,0,0,0,0,0,0
3704,0,0,0,0,0,0,0,0,0
3705,0,0,0,0,0,0,0,0,0
3706,0,0,0,0,0,0,0,0,0
3707,0,0,0,0,0,0,0,0,0
3708,0,0,0,0,0,0,0,0,0
3709,0,0,0,0,0,0,0,0,0
3710,0,0,0,0,0,0,0,0,0
3711,0,0,0,0,0,0,0,0,0
3712,0,0,0,0,0,0,0,0,0
3713,0,0,0,0,0,0,0,0,0
3714,0.19942,0.0359873,0.00536587,0.00356655,0.00200164,9.30568e-05,9.25587e-09,7.22642e-16,0.246434
3715,0,0,0,0,0,0,0,0,0
3716,0,0,0,0,0,0,0,0,0
3717,0,0,0,0,0,0,0,0,0
3718,0,0,0,0,0,0,0,0,0
3719,0,0,0,0,0,0,0,0,0
3720,0,0,0,0,0,0,0,0,0
3721,0,0,0,0,0,0,0,0,0
3722,0,0,0,0,0,0,0,0,0
3723,0,0,0,0,0,0,0,0,0
3724,0,0,0,0,0,0,0,0,0
3725,0,0,0,0,0,0,0,0,0
3726,0,0,0,0,0,0,0,0,0
3727,0,0,0,0,0,0,0,0,0
3728,0,0,0,0,0,0,0,0,0
3729,0,0,0,0,0,0,0,0,0
3730,0,0,0,0,0,0,0,0,0
3731,0,0,0,0,0,0,0,0,0
3732,0,0,0,0,0,0,0,0,0
3733,0,0,0,0,0,0,0,0,0
3734,0,0,0,0,0,0,0,0,0
3735,0,0,0,0,0,0,0,0,0
3736,0,0,0,0,0,0,0,0,0
3737,0,0,0,0,0,0,0,0,0
3738,0,0,0,0,0,0,0,0,0
3739,0,0,0,0,0,0,0,0,0
3740,0,0,0,0,0,0,0,0,0
3741,0,0,0,0,0,0,0,0,0
3742,0,0,0,0,0,0,0,0,0
3743,0,0,0,0,0,0,0,0,0
3744,0,0,0,0,0,0,0,0,0
3745,0,0,0,0,0,0,0,0,0
3746,0,0,0,0,0,0,0,0,0
3747,0,0,0,0,0,0,0,0,0
3748,0,0,0,0,0,0,0,0,0
3749,0.148384,0.0197328,0.00214322,0.00141907,0.000792202,2.62738e-05,8.59217e-10,2.53739e-17,0.172498
3750,0,0,0,0,0,0,0,0,0
3751,0,0,0,0,0,0,0,0,0
3752,0,0,0,0,0,0,0,0,0
3753,0,0,0,0,0,0,0,0,0
3754,0.152039,0.0207473,0.00231785,0.00153383,0.000855602,2.92659e-05,1.09873e-09,3.79232e-17,0.177523
3755,0,0,0,0,0,0,0,0,0
3756,0,0,0,0,0,0,0,0,0
3757,0,0,0,0,0,0,0,0,0
3758,0.1737,0.0271867,0.00349804,0.00231373,0.00128981,5.10081e-05,3.07826e-09,1.50892e-16,0.208039
3759,0,0,0,0,0,0,0,0,0
3760,0,0,0,0,0,0,0,0,0
3761,0.14169,0.0179444,0.00184782,0.00122187,0.000680868,2.12172e-05,5.36433e-10,1.11911e-17,0.163406
3762,0.162449,0.0237344,0.00284526,0.00188122,0.00104813,3.85139e-05,1.84236e-09,7.57011e-17,0.191997
3763,0,0,0,0,0,0,0,0,0
3764,0,0,0,0,0,0,0,0,0
3765,0,0,0,0,0,0,0,0,0
3766,0,0,0,0,0,0,0,0,0
3767,0,0,0,0,0,0,0,0,0
3768,0,0,0,0,0,0,0,0,0
3769,0,0,0,0,0,0,0,0,0
3770,0,0,0,0,0,0,0,0,0
3771,0,0,0,0,0,0,0,0,0
3772,0,0,0,0,0,0,0,0,0
3773,0,0,0,0,0,0,0,0,0
3774,0,0,0,0,0,0,0,0,0
3775,0,0,0,0,0,0,0,0,0
3776,0,0,0,0,0,0,0,0,0
3777,0,0,0,0,0,0,0,0,0
3778,0.196873,0.0350307,0.0051364,0.00339036,0.00188457,8.47982e-05,7.70748e-09,4.8161e-16,0.242399
3779,0,0,0,0,0,0,0,0,0
3780,0,0,0,0,0,0,0,0,0
3781,0,0,0,0,0,0,0,0,0
3782,0,0,0,0,0,0,0,0,0
3783,0,0,0,0,0,0,0,0,0
3784,0,0,0,0,0,0,0,0,0
3785,0,0,0,0,0,0,0,0,0
3786,0,0,0,0,0,0,0,0,0
3787,0.146279,0.0191873,0.00205841,0.00135729,0.000753404,2.45732e-05,8.15854e-10,2.4482e-17,0.16966
3788,0,0,0,0,0,0,0,0,0
3789,0.168356,0.0255094,0.00317196,0.00209114,0.00116043,4.40003e-05,2.34548e-09,9.79535e-17,0.200333
3790,0,0,0,0,0,0,0,0,0
3791,0,0,0,0,0,0,0,0,0
3792,0,0,0,0,0,0,0,0,0
3793,0,0,0,0,0,0,0,0,0
3794,0,0,0,0,0,0,0,0,0
3795,0,0,0,0,0,0,0,0,0
3796,0,0,0,0,0,0,0,0,0
3797,0,0,0,0,0,0,0,0,0
3798,0,0,0,0,0,0,0,0,0
3799,0,0,0,0,0,0,0,0,0
3800,0,0,0,0,0,0,0,0,0
3801,0,0,0,0,0,0,0,0,0
3802,0,0,0,0,0,0,0,0,0
3803,0,0,0,0,0,0,0,0,0
3804,0,0,0,0,0,0,0,0,0
3805,0,0,0,0,0,0,0,0,0
3806,0,0,0,0,0,0,0,0,0
3807,0,0,0,0,0,0,0,0,0
3808,0,0,0,0,0,0,0,0,0
3809,0,0,0,0,0,0,0,0,0
3810,0,0,0,0,0,0,0,0,0
3811,0,0,0,0,0,0,0,0,0
3812,0,0,0,0,0,0,0,0,0
3813,0,0,0,0,0,0,0,0,0
3814,0,0,0,0,0,0,0,0,0
3815,0,0,0,0,0,0,0,0,0
3816,0,0,0,0,0,0,0,0,0
3817,0,0,0,0,0,0,0,0,0
3818,0,0,0,0,0,0,0,0,0
3819,0,0,0,0,0,0,0,0,0
3820,0,0,0,0,0,0,0,0,0
3821,0,0,0,0,0,0,0,0,0
3822,0,0,0,0,0,0,0,0,0
3823,0.180665,0.0294149,0.00393141,0.00258226,0.00142568,5.7713e-05,3.79382e-09,1.68315e-16,0.218077
3824,0,0,0,0,0,0,0,0,0
3825,0,0,0,0,0,0,0,0,0
3826,0,0,0,0,0,0,0,0,0
3827,0,0,0,0,0,0,0,0,0
3828,0,0,0,0,0,0,0,0,0
3829,0,0,0,0,0,0,0,0,0
3830,0,0,0,0,0,0,0,0,0
3831,0,0,0,0,0,0,0,0,0
3832,0,0,0,0,0,0,0,0,0
3833,0,0,0,0,0,0,0,0,0
3834,0,0,0,0,0,0,0,0,0
3835,0,0,0,0,0,0,0,0,0
3836,0,0,0,0,0,0,0,0,0
3837,0,0,0,0,0,0,0,0,0
3838,0.161976,0.0235716,0.00280693,0.00184053,0.00101378,3.63332e-05,1.63569e-09,5.3468e-17,0.191245
3839,0,0,0,0,0,0,0,0,0
3840,0,0,0,0,0,0,0,0,0
3841,0,0,0,0,0,0,0,0,0
3842,0,0,0,0,0,0,0,0,0
3843,0,0,0,0,0,0,0,0,0
3844,0,0,0,0,0,0,0,0,0
3845,0,0,0,0,0,0,0,0,0
3846,0,0,0,0,0,0,0,0,0
3847,0,0,0,0,0,0,0,0,0
3848,0,0,0,0,0,0,0,0,0
3849,0,0,0,0,0,0,0,0,0
3850,0,0,0,0,0,0,0,0,0
3851,0,0,0,0,0,0,0,0,0
3852,0.154609,0.02144,0.00242745,0.00158929,0.000873564,2.96059e-05,1.11035e-09,3.03918e-17,0.180969
3853,0.155951,0.0218165,0.00249182,0.00163134,0.000896603,3.06471e-05,1.17712e-09,3.25997e-17,0.182818
3854,0,0,0,0,0,0,0,0,0
3855,0,0,0,0,0,0,0,0,0
3856,0,0,0,0,0,0,0,0,0
3857,0,0,0,0,0,0,0,0,0
3858,0,0,0,0,0,0,0,0,0
3859,0,0,0,0,0,0,0,0,0
3860,0,0,0,0,0,0,0,0,0
3861,0,0,0,0,0,0,0,0,0
3862,0,0,0,0,0,0,0,0,0
3863,0,0,0,0,0,0,0,0,0
3864,0,0,0,0,0,0,0,0,0
3865,0,0,0,0,0,0,0,0,0
3866,0,0,0,0,0,0,0,0,0
3867,0,0,0,0,0,0,0,0,0
3868,0,0,0,0,0,0,0,0,0
3869,0,0,0,0,0,0,0,0,0
3870,0.0685212,0.00370251,0.000113861,7.43985e-05,4.07816e-05,7.42946e-08,1.31515e-10,9.5141e-18,0.0724529
3871,0,0,0,0,0,0,0,0,0
3872,0,0,0,0,0,0,0,0,0
3873,0,0,0,0,0,0,0,0,0
3874,0,0,0,0,0,0,0,0,0
3875,0,0,0,0,0,0,0,0,0
3876,0,0,0,0,0,0,0,0,0
3877,0,0,0,0,0,0,0,0,0
3878,0,0,0,0,0,0,0,0,0
3879,0,0,0,0,0,0,0,0,0
3880,0,0,0,0,0,0,0,0,0
3881,0,0,0,0,0,0,0,0,0
3882,0,0,0,0,0,0,0,0,0
3883,0,0,0,0,0,0,0,0,0
3884,0,0,0,0,0,0,0,0,0
3885,0,0,0,0,0,0,0,0,0
3886,0,0,0,0,0,0,0,0,0
3887,0,0,0,0,0,0,0,0,0
3888,0,0,0,0,0,0,0,0,0
3889,0.117641,0.0122651,0.00102587,0.000668968,0.000365677,8.8677e-06,9.39518e-11,5.68335e-19,0.131975
3890,0,0,0,0,0,0,0,0,0
3891,0.164006,0.0241506,0.00290378,0.00189308,0.00103446,3.69389e-05,1.64702e-09,4.63388e-17,0.194025
3892,0,0,0,0,0,0,0,0,0
3893,0,0,0,0,0,0,0,0,0
3894,0,0,0,0,0,0,0,0,0
3895,0,0,0,0,0,0,0,0,0
3896,0.146478,0.0191974,0.0020464,0.00133347,0.00072817,2.29287e-05,6.77961e-10,1.3775e-17,0.169807
3897,0,0,0,0,0,0,0,0,0
3898,0,0,0,0,0,0,0,0,0
3899,0,0,0,0,0,0,0,0,0
3900,0,0,0,0,0,0,0,0,0
3901,0,0,0,0,0,0,0,0,0
3902,0,0,0,0,0,0,0,0,0
3903,0,0,0,0,0,0,0,0,0
3904,0,0,0,0,0,0,0,0,0
3905,0,0,0,0,0,0,0,0,0
3906,0,0,0,0,0,0,0,0,0
3907,0,0,0,0,0,0,0,0,0
3908,0,0,0,0,0,0,0,0,0
3909,0,0,0,0,0,0,0,0,0
3910,0.158338,0.0224864,0.00260421,0.00169441,0.000923357,3.16062e-05,1.24391e-09,3.08033e-17,0.186078
3911,0,0,0,0,0,0,0,0,0
3912,0,0,0,0,0,0,0,0,0
3913,0,0,0,0,0,0,0,0,0
3914,0,0,0,0,0,0,0,0,0
3915,0.166008,0.0247445,0.00301007,0.00195737,0.00106582,3.83036e-05,1.75255e-09,4.74442e-17,0.196824
3916,0,0,0,0,0,0,0,0,0
3917,0,0,0,0,0,0,0,0,0
3918,0,0,0,0,0,0,0,0,0
3919,0.15419,0.0212936,0.00239263,0.00155521,0.000846347,2.79705e-05,9.66818e-10,2.07508e-17,0.180306
3920,0,0,0,0,0,0,0,0,0
3921,0.132349,0.0156303,0.00149732,0.000972972,0.000529283,1.4866e-05,3.12156e-10,4.74984e-18,0.150994
3922,0,0,0,0,0,0,0,0,0
3923,0,0,0,0,0,0,0,0,0
3924,0,0,0,0,0,0,0,0,0
3925,0,0,0,0,0,0,0,0,0
3926,0,0,0,0,0,0,0,0,0
3927,0,0,0,0,0,0,0,0,0
3928,0,0,0,0,0,0,0,0,0
3929,0,0,0,0,0,0,0,0,0
3930,0,0,0,0,0,0,0,0,0
3931,0,0,0,0,0,0,0,0,0
3932,0.138493,0.0171331,0.00172048,0.00111666,0.00060646,1.78289e-05,4.33171e-10,7.12276e-18,0.159087
3933,0,0,0,0,0,0,0,0,0
3934,0,0,0,0,0,0,0,0,0
3935,0,0,0,0,0,0,0,0,0
3936,0,0,0,0,0,0,0,0,0
3937,0,0,0,0,0,0,0,0,0
3938,0.149238,0.0199327,0.0021646,0.00140394,0.000761754,2.42272e-05,7.5542e-10,1.46149e-17,0.173525
3939,0,0,0,0,0,0,0,0,0
3940,0,0,0,0,0,0,0,0,0
3941,0,0,0,0,0,0,0,0,0
3942,0,0,0,0,0,0,0,0,0
3943,0,0,0,0,0,0,0,0,0
3944,0,0,0,0,0,0,0,0,0
3945,0,0,0,0,0,0,0,0,0
3946,0,0,0,0,0,0,0,0,0
3947,0,0,0,0,0,0,0,0,0
3948,0,0,0,0,0,0,0,0,0
3949,0,0,0,0,0,0,0,0,0
3950,0,0,0,0,0,0,0,0,0
3951,0,0,0,0,0,0,0,0,0
3952,0,0,0,0,0,0,0,0,0
3953,0,0,0,0,0,0,0,0,0
3954,0.162327,0.023633,0.00280253,0.00181466,0.000982337,3.40773e-05,1.40673e-09,3.21505e-17,0.191593
3955,0,0,0,0,0,0,0,0,0
3956,0,0,0,0,0,0,0,0,0
3957,0,0,0,0,0,0,0,0,0
3958,0,0,0,0,0,0,0,0,0
3959,0,0,0,0,0,0,0,0,0
3960,0,0,0,0,0,0,0,0,0
3961,0.118967,0.0125522,0.00106337,0.000687999,0.000372033,9.03516e-06,1.06455e-10,7.56843e-19,0.133652
3962,0.126662,0.0142923,0.00130496,0.000844211,0.000456431,1.20895e-05,2.13383e-10,2.60502e-18,0.143572
3963,0,0,0,0,0,0,0,0,0
3964,0,0,0,0,0,0,0,0,0
3965,0,0,0,0,0,0,0,0,0
3966,0,0,0,0,0,0,0,0,0
3967,0,0,0,0,0,0,0,0,0
3968,0,0,0,0,0,0,0,0,0
3969,0,0,0,0,0,0,0,0,0
3970,0,0,0,0,0,0,0,0,0
3971,0.136854,0.0167186,0.0016556,0.00107002,0.000577752,1.65992e-05,3.80262e-10,5.48934e-18,0.156893
3972,0,0,0,0,0,0,0,0,0
3973,0,0,0,0,0,0,0,0,0
3974,0,0,0,0,0,0,0,0,0
3975,0.124281,0.0137459,0.00122813,0.000793352,0.000428073,1.1041e-05,1.77347e-10,1.91994e-18,0.140488
3976,0.30995,0.0433212,0.00495848,0.0032029,0.00172807,5.7916e-05,2.24265e-09,4.76436e-17,0.363218
3977,0,0,0,0,0,0,0,0,0
3978,0,0,0,0,0,0,0,0,0
3979,0,0,0,0,0,0,0,0,0
3980,0.167222,0.0250739,0.00305726,0.00197388,0.00106427,3.76615e-05,1.62336e-09,3.45711e-17,0.198429
3981,0,0,0,0,0,0,0,0,0
3982,0,0,0,0,0,0,0,0,0
3983,0,0,0,0,0,0,0,0,0
3984,0,0,0,0,0,0,0,0,0
3985,0,0,0,0,0,0,0,0,0
3986,0,0,0,0,0,0,0,0,0
3987,0,0,0,0,0,0,0,0,0
3988,0,0,0,0,0,0,0,0,0
3989,0,0,0,0,0,0,0,0,0
3990,0,0,0,0,0,0,0,0,0
3991,0,0,0,0,0,0,0,0,0
3992,0,0,0,0,0,0,0,0,0
3993,0,0,0,0,0,0,0,0,0
3994,0,0,0,0,0,0,0,0,0
3995,0,0,0,0,0,0,0,0,0
3996,0,0,0,0,0,0,0,0,0
3997,0,0,0,0,0,0,0,0,0
3998,0,0,0,0,0,0,0,0,0
3999,0,0,0,0,0,0,0,0,0
4000,0,0,0,0,0,0,0,0,0
4001,0.173625,0.027065,0.00343538,0.00221311,0.00118963,4.37359e-05,2.17829e-09,5.03427e-17,0.207572
4002,0,0,0,0,0,0,0,0,0
4003,0,0,0,0,0,0,0,0,0
4004,0,0,0,0,0,0,0,0,0
4005,0,0,0,0,0,0,0,0,0
4006,0,0,0,0,0,0,0,0,0
4007,0,0,0,0,0,0,0,0,0
4008,0,0,0,0,0,0,0,0,0
4009,0,0,0,0,0,0,0,0,0
4010,0,0,0,0,0,0,0,0,0
4011,0,0,0,0,0,0,0,0,0
4012,0,0,0,0,0,0,0,0,0
4013,0,0,0,0,0,0,0,0,0
4014,0,0,0,0,0,0,0,0,0
4015,0.13522,0.0163066,0.00159103,0.00102339,0.000548946,1.5373e-05,3.27727e-10,4.03117e-18,0.154705
4016,0,0,0,0,0,0,0,0,0
4017,0,0,0,0,0,0,0,0,0
4018,0,0,0,0,0,0,0,0,0
4019,0,0,0,0,0,0,0,0,0
4020,0.150242,0.0201838,0.00219867,0.0014134,0.00075753,2.37081e-05,7.15244e-10,1.1054e-17,0.174819
4021,0,0,0,0,0,0,0,0,0
4022,0,0,0,0,0,0,0,0,0
4023,0,0,0,0,0,0,0,0,0
4024,0,0,0,0,0,0,0,0,0
4025,0,0,0,0,0,0,0,0,0
4026,0,0,0,0,0,0,0,0,0
4027,0,0,0,0,0,0,0,0,0
4028,0,0,0,0,0,0,0,0,0
4029,0,0,0,0,0,0,0,0,0
4030,0,0,0,0,0,0,0,0,0
4031,0,0,0,0,0,0,0,0,0
4032,0,0,0,0,0,0,0,0,0
4033,0.144084,0.0185395,0.00193145,0.00123994,0.00066333,1.97756e-05,5.13366e-10,6.91625e-18,0.166478
4034,0,0,0,0,0,0,0,0,0
4035,0,0,0,0,0,0,0,0,0
4036,0,0,0,0,0,0,0,0,0
4037,0,0,0,0,0,0,0,0,0
4038,0,0,0,0,0,0,0,0,0
4039,0,0,0,0,0,0,0,0,0
4040,0,0,0,0,0,0,0,0,0
4041,0,0,0,0,0,0,0,0,0
4042,0,0,0,0,0,0,0,0,0
4043,0.18569,0.0309858,0.00420841,0.0026988,0.00144165,5.61915e-05,3.35866e-09,7.86259e-17,0.225081
4044,0,0,0,0,0,0,0,0,0
4045,0,0,0,0,0,0,0,0,0
4046,0,0,0,0,0,0,0,0,0
4047,0,0,0,0,0,0,0,0,0
4048,0,0,0,0,0,0,0,0,0
4049,0,0,0,0,0,0,0,0,0
4050,0,0,0,0,0,0,0,0,0
4051,0,0,0,0,0,0,0,0,0
4052,0,0,0,0,0,0,0,0,0
4053,0,0,0,0,0,0,0,0,0
4054,0,0,0,0,0,0,0,0,0
4055,0,0,0,0,0,0,0,0,0
4056,0,0,0,0,0,0,0,0,0
4057,0,0,0,0,0,0,0,0,0
4058,0,0,0,0,0,0,0,0,0
4059,0.146333,0.0191195,0.00202046,0.0012934,0.000689231,2.07055e-05,5.48878e-10,6.95769e-18,0.169476
4060,0,0,0,0,0,0,0,0,0
4061,0,0,0,0,0,0,0,0,0
4062,0,0,0,0,0,0,0,0,0
4063,0,0,0,0,0,0,0,0,0
4064,0,0,0,0,0,0,0,0,0
4065,0,0,0,0,0,0,0,0,0
4066,0,0,0,0,0,0,0,0,0
4067,0,0,0,0,0,0,0,0,0
4068,0,0,0,0,0,0,0,0,0
4069,0,0,0,0,0,0,0,0,0
4070,0,0,0,0,0,0,0,0,0
4071,0,0,0,0,0,0,0,0,0
4072,0,0,0,0,0,0,0,0,0
4073,0.135467,0.0163486,0.00159183,0.00101744,0.000541019,1.48954e-05,3.0074e-10,3.03063e-18,0.154981
4074,0,0,0,0,0,0,0,0,0
4075,0,0,0,0,0,0,0,0,0
4076,0,0,0,0,0,0,0,0,0
4077,0,0,0,0,0,0,0,0,0
4078,0,0,0,0,0,0,0,0,0
4079,0,0,0,0,0,0,0,0,0
4080,0,0,0,0,0,0,0,0,0
4081,0,0,0,0,0,0,0,0,0
4082,0,0,0,0,0,0,0,0,0
4083,0,0,0,0,0,0,0,0,0
4084,0,0,0,0,0,0,0,0,0
4085,0,0,0,0,0,0,0,0,0
4086,0,0,0,0,0,0,0,0,0
4087,0,0,0,0,0,0,0,0,0
4088,0,0,0,0,0,0,0,0,0
4089,0,0,0,0,0,0,0,0,0
4090,0,0,0,0,0,0,0,0,0
4091,0,0,0,0,0,0,0,0,0
4092,0,0,0,0,0,0,0,0,0
4093,0,0,0,0,0,0,0,0,0
4094,0,0,0,0,0,0,0,0,0
4095,0,0,0,0,0,0,0,0,0
4096,0,0,0,0,0,0,0,0,0
4097,0,0,0,0,0,0,0,0,0
4098,0,0,0,0,0,0,0,0,0
4099,0,0,0,0,0,0,0,0,0
4100,0,0,0,0,0,0,0,0,0
4101,0,0,0,0,0,0,0,0,0
4102,0,0,0,0,0,0,0,0,0
4103,0,0,0,0,0,0,0,0,0
4104,0,0,0,0,0,0,0,0,0
4105,0,0,0,0,0,0,0,0,0
4106,0,0,0,0,0,0,0,0,0
4107,0,0,0,0,0,0,0,0,0
4108,0,0,0,0,0,0,0,0,0
4109,0,0,0,0,0,0,0,0,0
4110,0,0,0,0,0,0,0,0,0
4111,0,0,0,0,0,0,0,0,0
4112,0,0,0,0,0,0,0,0,0
4113,0,0,0,0,0,0,0,0,0
4114,0,0,0,0,0,0,0,0,0
4115,0,0,0,0,0,0,0,0,0
4116,0,0,0,0,0,0,0,0,0
4117,0,0,0,0,0,0,0,0,0
4118,0,0,0,0,0,0,0,0,0
4119,0,0,0,0,0,0,0,0,0
4120,0,0,0,0,0,0,0,0,0
4121,0,0,0,0,0,0,0,0,0
4122,0,0,0,0,0,0,0,0,0
4123,0,0,0,0,0,0,0,0,0
4124,0,0,0,0,0,0,0,0,0
4125,0.154736,0.0213868,0.0023874,0.00151727,0.000800513,2.50266e-05,7.57085e-10,8.86015e-18,0.180853
4126,0,0,0,0,0,0,0,0,0
4127,0,0,0,0,0,0,0,0,0
4128,0,0,0,0,0,0,0,0,0
4129,0,0,0,0,0,0,0,0,0
4130,0,0,0,0,0,0,0,0,0
4131,0,0,0,0,0,0,0,0,0
4132,0,0,0,0,0,0,0,0,0
4133,0,0,0,0,0,0,0,0,0
4134,0,0,0,0,0,0,0,0,0
4135,0,0,0,0,0,0,0,0,0
4136,0,0,0,0,0,0,0,0,0
4137,0,0,0,0,0,0,0,0,0
4138,0.137344,0.0167975,0.00165446,0.00105006,0.00055299,1.51775e-05,3.08146e-10,2.66579e-18,0.157414
4139,0.115109,0.0117412,0.000959752,0.000609055,0.000320686,7.265e-06,8.0022e-11,4.42091e-19,0.128747
4140,0,0,0,0,0,0,0,0,0
4141,0,0,0,0,0,0,0,0,0
4142,0,0,0,0,0,0,0,0,0
4143,0,0,0,0,0,0,0,0,0
4144,0,0,0,0,0,0,0,0,0
4145,0.151642,0.0205281,0.00224272,0.00142235,0.000748275,2.27964e-05,6.42746e-10,6.88808e-18,0.176607
4146,0,0,0,0,0,0,0,0,0
4147,0,0,0,0,0,0,0,0,0
4148,0,0,0,0,0,0,0,0,0
4149,0,0,0,0,0,0,0,0,0
4150,0,0,0,0,0,0,0,0,0
4151,0,0,0,0,0,0,0,0,0
4152,0,0,0,0,0,0,0,0,0
4153,0,0,0,0,0,0,0,0,0
4154,0,0,0,0,0,0,0,0,0
4155,0,0,0,0,0,0,0,0,0
4156,0,0,0,0,0,0,0,0,0
4157,0.112675,0.011221,0.000891004,0.000564318,0.000296329,6.44814e-06,5.81102e-11,2.31944e-19,0.125654
4158,0,0,0,0,0,0,0,0,0
4159,0,0,0,0,0,0,0,0,0
4160,0,0,0,0,0,0,0,0,0
4161,0,0,0,0,0,0,0,0,0
4162,0,0,0,0,0,0,0,0,0
4163,0,0,0,0,0,0,0,0,0
4164,0,0,0,0,0,0,0,0,0
4165,0,0,0,0,0,0,0,0,0
4166,0.120834,0.0129538,0.00111387,0.000704781,0.000369591,8.77169e-06,1.13667e-10,6.68958e-19,0.135984
4167,0,0,0,0,0,0,0,0,0
4168,0.141594,0.0178567,0.00181218,0.00114633,0.000600933,1.6874e-05,3.67821e-10,3.07439e-18,0.163027
4169,0,0,0,0,0,0,0,0,0
4170,0,0,0,0,0,0,0,0,0
4171,0,0,0,0,0,0,0,0,0
4172,0,0,0,0,0,0,0,0,0
4173,0,0,0,0,0,0,0,0,0
4174,0,0,0,0,0,0,0,0,0
4175,0,0,0,0,0,0,0,0,0
4176,0,0,0,0,0,0,0,0,0
4177,0,0,0,0,0,0,0,0,0
4178,0,0,0,0,0,0,0,0,0
4179,0,0,0,0,0,0,0,0,0
4180,0,0,0,0,0,0,0,0,0
4181,0,0,0,0,0,0,0,0,0
4182,0.12124,0.0130377,0.00112364,0.000709695,0.000371255,8.79392e-06,1.13068e-10,6.31267e-19,0.136491
4183,0,0,0,0,0,0,0,0,0
4184,0,0,0,0,0,0,0,0,0
4185,0,0,0,0,0,0,0,0,0
4186,0,0,0,0,0,0,0,0,0
4187,0,0,0,0,0,0,0,0,0
4188,0,0,0,0,0,0,0,0,0
4189,0,0,0,0,0,0,0,0,0
4190,0,0,0,0,0,0,0,0,0
4191,0,0,0,0,0,0,0,0,0
4192,0.136773,0.0166431,0.00162737,0.00102676,0.000536337,1.44238e-05,2.76996e-10,2.00644e-18,0.156621
4193,0,0,0,0,0,0,0,0,0
4194,0,0,0,0,0,0,0,0,0
4195,0,0,0,0,0,0,0,0,0
4196,0,0,0,0,0,0,0,0,0
4197,0,0,0,0,0,0,0,0,0
4198,0,0,0,0,0,0,0,0,0
4199,0,0,0,0,0,0,0,0,0
4200,0,0,0,0,0,0,0,0,0
4201,0,0,0,0,0,0,0,0,0
4202,0,0,0,0,0,0,0,0,0
4203,0.114939,0.0116169,0.000924464,0.000582615,0.00030386,6.42547e-06,3.82893e-11,2.51288e-20,0.128373
4204,0.267882,0.0323851,0.00319067,0.00201043,0.00104825,2.8727e-05,6.31908e-10,5.12834e-18,0.306545
4205,0,0,0,0,0,0,0,0,0
4206,0,0,0,0,0,0,0,0,0
4207,0,0,0,0,0,0,0,0,0
4208,0,0,0,0,0,0,0,0,0
4209,0,0,0,0,0,0,0,0,0
4210,0,0,0,0,0,0,0,0,0
4211,0,0,0,0,0,0,0,0,0
4212,0,0,0,0,0,0,0,0,0
4213,0,0,0,0,0,0,0,0,0
4214,0,0,0,0,0,0,0,0,0
4215,0,0,0,0,0,0,0,0,0
4216,0,0,0,0,0,0,0,0,0
4217,0,0,0,0,0,0,0,0,0
4218,0,0,0,0,0,0,0,0,0
4219,0,0,0,0,0,0,0,0,0
4220,0,0,0,0,0,0,0,0,0
4221,0.134735,0.0161369,0.00155054,0.000975246,0.000507251,1.33069e-05,2.36911e-10,1.50855e-18,0.153919
4222,0,0,0,0,0,0,0,0,0
4223,0.144235,0.0185217,0.00191044,0.00120135,0.000624666,1.76004e-05,3.89675e-10,2.85421e-18,0.16651
4224,0,0,0,0,0,0,0,0,0
4225,0,0,0,0,0,0,0,0,0
4226,0,0,0,0,0,0,0,0,0
4227,0.11963,0.0126812,0.00107522,0.000675852,0.000351223,8.09709e-06,9.6326e-11,4.55419e-19,0.134421
4228,0,0,0,0,0,0,0,0,0
4229,0,0,0,0,0,0,0,0,0
4230,0,0,0,0,0,0,0,0,0
4231,0,0,0,0,0,0,0,0,0
4232,0,0,0,0,0,0,0,0,0
4233,0,0,0,0,0,0,0,0,0
4234,0,0,0,0,0,0,0,0,0
4235,0,0,0,0,0,0,0,0,0
4236,0,0,0,0,0,0,0,0,0
4237,0.113832,0.0114644,0.00092193,0.000578825,0.000300319,6.54089e-06,6.50759e-11,2.6325e-19,0.127104
4238,0,0,0,0,0,0,0,0,0
4239,0,0,0,0,0,0,0,0,0
4240,0,0,0,0,0,0,0,0,0
4241,0,0,0,0,0,0,0,0,0
4242,0,0,0,0,0,0,0,0,0
4243,0,0,0,0,0,0,0,0,0
4244,0,0,0,0,0,0,0,0,0
4245,0,0,0,0,0,0,0,0,0
4246,0,0,0,0,0,0,0,0,0
4247,0,0,0,0,0,0,0,0,0
4248,0,0,0,0,0,0,0,0,0
4249,0,0,0,0,0,0,0,0,0
4250,0,0,0,0,0,0,0,0,0
4251,0.120545,0.0128713,0.00109796,0.000688332,0.000356416,8.21479e-06,9.72622e-11,4.26503e-19,0.135567
4252,0,0,0,0,0,0,0,0,0
4253,0.124253,0.0136874,0.00120563,0.000755613,0.000391098,9.31291e-06,1.22751e-10,5.80444e-19,0.140302
4254,0.125917,0.014062,0.00125623,0.000787248,0.000407417,9.84226e-06,1.36012e-10,6.65166e-19,0.14244
4255,0.114828,0.0116667,0.000946244,0.000592967,0.000306859,6.71653e-06,6.82782e-11,2.69521e-19,0.128347
4256,0,0,0,0,0,0,0,0,0
4257,0,0,0,0,0,0,0,0,0
4258,0,0,0,0,0,0,0,0,0
4259,0,0,0,0,0,0,0,0,0
4260,0,0,0,0,0,0,0,0,0
4261,0.102655,0.00928545,0.000666833,0.000417568,0.000215873,4.1493e-06,2.69078e-11,7.14451e-20,0.113245
4262,0,0,0,0,0,0,0,0,0
4263,0,0,0,0,0,0,0,0,0
4264,0,0,0,0,0,0,0,0,0
4265,0,0,0,0,0,0,0,0,0
4266,0,0,0,0,0,0,0,0,0
4267,0,0,0,0,0,0,0,0,0
4268,0,0,0,0,0,0,0,0,0
4269,0.0830393,0.00598338,0.000332875,0.000208268,0.000107545,1.5253e-06,1.69572e-12,6.54447e-22,0.0896729
4270,0,0,0,0,0,0,0,0,0
4271,0,0,0,0,0,0,0,0,0
4272,0,0,0,0,0,0,0,0,0
4273,0.128024,0.0145377,0.00131993,0.000825475,0.000426003,1.04143e-05,1.49404e-10,7.12668e-19,0.145143
4274,0,0,0,0,0,0,0,0,0
4275,0,0,0,0,0,0,0,0,0
4276,0,0,0,0,0,0,0,0,0
4277,0,0,0,0,0,0,0,0,0
4278,0,0,0,0,0,0,0,0,0
4279,0,0,0,0,0,0,0,0,0
4280,0.124153,0.013648,0.00119621,0.000747578,0.000385432,9.04863e-06,1.10923e-10,4.4588e-19,0.14014
4281,0,0,0,0,0,0,0,0,0
4282,0.130763,0.015174,0.00140834,0.00087988,0.000453452,1.13159e-05,1.73898e-10,8.53762e-19,0.14869
4283,0,0,0,0,0,0,0,0,0
4284,0,0,0,0,0,0,0,0,0
4285,0.132521,0.0155866,0.001466,0.000915622,0.000471671,1.19163e-05,1.89184e-10,9.355e-19,0.150973
4286,0,0,0,0,0,0,0,0,0
4287,0,0,0,0,0,0,0,0,0
4288,0,0,0,0,0,0,0,0,0
4289,0,0,0,0,0,0,0,0,0
4290,0,0,0,0,0,0,0,0,0
4291,0.136,0.0164223,0.0015858,0.000989843,0.000509481,1.31969e-05,2.25209e-10,1.14454e-18,0.15552
4292,0,0,0,0,0,0,0,0,0
4293,0,0,0,0,0,0,0,0,0
4294,0,0,0,0,0,0,0,0,0
4295,0,0,0,0,0,0,0,0,0
4296,0,0,0,0,0,0,0,0,0
4297,0,0,0,0,0,0,0,0,0
4298,0,0,0,0,0,0,0,0,0
4299,0,0,0,0,0,0,0,0,0
4300,0,0,0,0,0,0,0,0,0
4301,0,0,0,0,0,0,0,0,0
4302,0,0,0,0,0,0,0,0,0
4303,0,0,0,0,0,0,0,0,0
4304,0,0,0,0,0,0,0,0,0
4305,0,0,0,0,0,0,0,0,0
4306,0,0,0,0,0,0,0,0,0
4307,0,0,0,0,0,0,0,0,0
4308,0,0,0,0,0,0,0,0,0
4309,0,0,0,0,0,0,0,0,0
4310,0,0,0,0,0,0,0,0,0
4311,0,0,0,0,0,0,0,0,0
4312,0,0,0,0,0,0,0,0,0
4313,0.157914,0.0222253,0.00250944,0.00156261,0.000801637,2.42559e-05,6.81102e-10,4.6966e-18,0.185037
4314,0,0,0,0,0,0,0,0,0
4315,0,0,0,0,0,0,0,0,0
4316,0,0,0,0,0,0,0,0,0
4317,0,0,0,0,0,0,0,0,0
4318,0,0,0,0,0,0,0,0,0
4319,0,0,0,0,0,0,0,0,0
4320,0,0,0,0,0,0,0,0,0
4321,0,0,0,0,0,0,0,0,0
4322,0,0,0,0,0,0,0,0,0
4323,0,0,0,0,0,0,0,0,0
4324,0,0,0,0,0,0,0,0,0
4325,0,0,0,0,0,0,0,0,0
4326,0,0,0,0,0,0,0,0,0
4327,0,0,0,0,0,0,0,0,0
4328,0,0,0,0,0,0,0,0,0
4329,0,0,0,0,0,0,0,0,0
4330,0,0,0,0,0,0,0,0,0
4331,0,0,0,0,0,0,0,0,0
4332,0,0,0,0,0,0,0,0,0
4333,0,0,0,0,0,0,0,0,0
4334,0,0,0,0,0,0,0,0,0
4335,0,0,0,0,0,0,0,0,0
4336,0,0,0,0,0,0,0,0,0
4337,0.1043,0.00958176,0.000697554,0.000433254,0.000221487,4.24563e-06,2.7881e-11,6.25452e-20,0.115239
4338,0,0,0,0,0,0,0,0,0
4339,0,0,0,0,0,0,0,0,0
4340,0,0,0,0,0,0,0,0,0
4341,0,0,0,0,0,0,0,0,0
4342,0,0,0,0,0,0,0,0,0
4343,0,0,0,0,0,0,0,0,0
4344,0,0,0,0,0,0,0,0,0
4345,0,0,0,0,0,0,0,0,0
4346,0,0,0,0,0,0,0,0,0
4347,0,0,0,0,0,0,0,0,0
4348,0.163545,0.0238477,0.00278809,0.00172947,0.000882575,2.7443e-05,8.42823e-10,5.65148e-18,0.192821
4349,0,0,0,0,0,0,0,0,0
4350,0,0,0,0,0,0,0,0,0
4351,0,0,0,0,0,0,0,0,0
4352,0,0,0,0,0,0,0,0,0
4353,0,0,0,0,0,0,0,0,0
4354,0.242741,0.026089,0.00223434,0.00138512,0.000706253,1.59755e-05,1.83021e-10,6.10483e-19,0.273171
4355,0,0,0,0,0,0,0,0,0
4356,0,0,0,0,0,0,0,0,0
4357,0,0,0,0,0,0,0,0,0
4358,0,0,0,0,0,0,0,0,0
4359,0,0,0,0,0,0,0,0,0
4360,0,0,0,0,0,0,0,0,0
4361,0,0,0,0,0,0,0,0,0
4362,0,0,0,0,0,0,0,0,0
4363,0,0,0,0,0,0,0,0,0
4364,0,0,0,0,0,0,0,0,0
4365,0,0,0,0,0,0,0,0,0
4366,0,0,0,0,0,0,0,0,0
4367,0,0,0,0,0,0,0,0,0
4368,0.13775,0.0168354,0.00164124,0.00101586,0.000516862,1.32788e-05,2.23863e-10,9.29236e-19,0.157772
4369,0,0,0,0,0,0,0,0,0
4370,0,0,0,0,0,0,0,0,0
4371,0.114366,0.0115514,0.000926975,0.000573581,0.000291712,6.1442e-06,5.61691e-11,1.5248e-19,0.127715
4372,0,0,0,0,0,0,0,0,0
4373,0,0,0,0,0,0,0,0,0
4374,0,0,0,0,0,0,0,0,0
4375,0,0,0,0,0,0,0,0,0
4376,0,0,0,0,0,0,0,0,0
4377,0,0,0,0,0,0,0,0,0
4378,0,0,0,0,0,0,0,0,0
4379,0,0,0,0,0,0,0,0,0
4380,0,0,0,0,0,0,0,0,0
4381,0,0,0,0,0,0,0,0,0
4382,0,0,0,0,0,0,0,0,0
4383,0,0,0,0,0,0,0,0,0
4384,0,0,0,0,0,0,0,0,0
4385,0,0,0,0,0,0,0,0,0
4386,0,0,0,0,0,0,0,0,0
4387,0,0,0,0,0,0,0,0,0
4388,0,0,0,0,0,0,0,0,0
4389,0,0,0,0,0,0,0,0,0
4390,0,0,0,0,0,0,0,0,0
4391,0.136487,0.0165215,0.00159403,0.000984169,0.000499025,1.26245e-05,2.04676e-10,7.85824e-19,0.156098
4392,0.115917,0.0118668,0.000964656,0.000595542,0.00030194,6.41177e-06,6.02196e-11,1.57668e-19,0.129652
4393,0,0,0,0,0,0,0,0,0
4394,0,0,0,0,0,0,0,0,0
4395,0,0,0,0,0,0,0,0,0
4396,0,0,0,0,0,0,0,0,0
4397,0,0,0,0,0,0,0,0,0
4398,0,0,0,0,0,0,0,0,0
4399,0.145036,0.0186786,0.00191856,0.00118358,0.000599467,1.61256e-05,3.14282e-10,1.33053e-18,0.167432
4400,0,0,0,0,0,0,0,0,0
4401,0,0,0,0,0,0,0,0,0
4402,0,0,0,0,0,0,0,0,0
4403,0,0,0,0,0,0,0,0,0
4404,0,0,0,0,0,0,0,0,0
4405,0,0,0,0,0,0,0,0,0
4406,0,0,0,0,0,0,0,0,0
4407,0,0,0,0,0,0,0,0,0
4408,0,0,0,0,0,0,0,0,0
4409,0,0,0,0,0,0,0,0,0
4410,0,0,0,0,0,0,0,0,0
4411,0,0,0,0,0,0,0,0,0
4412,0,0,0,0,0,0,0,0,0
4413,0,0,0,0,0,0,0,0,0
4414,0,0,0,0,0,0,0,0,0
4415,0,0,0,0,0,0,0,0,0
4416,0,0,0,0,0,0,0,0,0
4417,0,0,0,0,0,0,0,0,0
4418,0,0,0,0,0,0,0,0,0
4419,0,0,0,0,0,0,0,0,0
4420,0,0,0,0,0,0,0,0,0
4421,0,0,0,0,0,0,0,0,0
4422,0.118358,0.0123616,0.0010224,0.000629163,0.00031758,6.7945e-06,6.32517e-11,1.44594e-19,0.132696
4423,0,0,0,0,0,0,0,0,0
4424,0,0,0,0,0,0,0,0,0
4425,0,0,0,0,0,0,0,0,0
4426,0,0,0,0,0,0,0,0,0
4427,0,0,0,0,0,0,0,0,0
4428,0.0947054,0.00783423,0.00050545,0.000310839,0.000156761,2.55539e-06,7.99129e-12,4.33395e-21,0.103515
4429,0,0,0,0,0,0,0,0,0
4430,0,0,0,0,0,0,0,0,0
4431,0,0,0,0,0,0,0,0,0
4432,0,0,0,0,0,0,0,0,0
4433,0,0,0,0,0,0,0,0,0
4434,0,0,0,0,0,0,0,0,0
4435,0,0,0,0,0,0,0,0,0
4436,0,0,0,0,0,0,0,0,0
4437,0.122484,0.0132588,0.00113899,0.000699763,0.000352424,7.83401e-06,8.51773e-11,2.19693e-19,0.137942
4438,0.0805672,0.00566228,0.000311193,0.00019117,9.62678e-05,1.34497e-06,3.11702e-12,2.30819e-21,0.0868295
4439,0,0,0,0,0,0,0,0,0
4440,0,0,0,0,0,0,0,0,0
4441,0,0,0,0,0,0,0,0,0
4442,0,0,0,0,0,0,0,0,0
4443,0,0,0,0,0,0,0,0,0
4444,0,0,0,0,0,0,0,0,0
4445,0,0,0,0,0,0,0,0,0
4446,0,0,0,0,0,0,0,0,0
4447,0,0,0,0,0,0,0,0,0
4448,0,0,0,0,0,0,0,0,0
4449,0.136904,0.0166038,0.00160034,0.00098192,0.000493646,1.22943e-05,1.88769e-10,5.91907e-19,0.156596
4450,0,0,0,0,0,0,0,0,0
4451,0,0,0,0,0,0,0,0,0
4452,0,0,0,0,0,0,0,0,0
4453,0,0,0,0,0,0,0,0,0
4454,0,0,0,0,0,0,0,0,0
4455,0,0,0,0,0,0,0,0,0
4456,0,0,0,0,0,0,0,0,0
4457,0,0,0,0,0,0,0,0,0
4458,0,0,0,0,0,0,0,0,0
4459,0,0,0,0,0,0,0,0,0
4460,0,0,0,0,0,0,0,0,0
4461,0,0,0,0,0,0,0,0,0
4462,0,0,0,0,0,0,0,0,0
4463,0,0,0,0,0,0,0,0,0
4464,0,0,0,0,0,0,0,0,0
4465,0,0,0,0,0,0,0,0,0
4466,0.102369,0.00921288,0.000654194,0.000400647,0.000200907,3.64907e-06,2.10299e-11,3.19616e-20,0.112841
4467,0,0,0,0,0,0,0,0,0
4468,0,0,0,0,0,0,0,0,0
4469,0.108764,0.010418,0.000788736,0.00048287,0.000242018,4.69308e-06,3.34589e-11,5.91341e-20,0.1207
4470,0,0,0,0,0,0,0,0,0
4471,0,0,0,0,0,0,0,0,0
4472,0,0,0,0,0,0,0,0,0
4473,0,0,0,0,0,0,0,0,0
4474,0,0,0,0,0,0,0,0,0
4475,0,0,0,0,0,0,0,0,0
4476,0,0,0,0,0,0,0,0,0
4477,0.119095,0.0125102,0.00103904,0.000635576,0.00031819,6.75439e-06,6.23863e-11,1.25329e-19,0.133605
4478,0,0,0,0,0,0,0,0,0
4479,0.222659,0.0220418,0.00174142,0.00106496,0.000532976,1.087e-05,9.58019e-11,1.99099e-19,0.248051
4480,0.0891748,0.00695792,0.000425839,0.000260388,0.000130294,2.0196e-06,6.8457e-12,6.54248e-21,0.0969512
4481,0,0,0,0,0,0,0,0,0
4482,0,0,0,0,0,0,0,0,0
4483,0,0,0,0,0,0,0,0,0
4484,0,0,0,0,0,0,0,0,0
4485,0,0,0,0,0,0,0,0,0
4486,0,0,0,0,0,0,0,0,0
4487,0,0,0,0,0,0,0,0,0
4488,0,0,0,0,0,0,0,0,0
4489,0,0,0,0,0,0,0,0,0
4490,0,0,0,0,0,0,0,0,0
4491,0,0,0,0,0,0,0,0,0
4492,0,0,0,0,0,0,0,0,0
4493,0,0,0,0,0,0,0,0,0
4494,0,0,0,0,0,0,0,0,0
4495,0,0,0,0,0,0,0,0,0
4496,0,0,0,0,0,0,0,0,0
4497,0,0,0,0,0,0,0,0,0
4498,0,0,0,0,0,0,0,0,0
4499,0.0755142,0.0047979,0.000217894,0.000132962,6.63446e-05,6.19542e-07,1.73045e-12,3.49897e-20,0.0807299
4500,0,0,0,0,0,0,0,0,0
4501,0,0,0,0,0,0,0,0,0
4502,0,0,0,0,0,0,0,0,0
4503,0,0,0,0,0,0,0,0,0
4504,0,0,0,0,0,0,0,0,0
4505,0,0,0,0,0,0,0,0,0
4506,0,0,0,0,0,0,0,0,0
4507,0,0,0,0,0,0,0,0,0
4508,0,0,0,0,0,0,0,0,0
4509,0,0,0,0,0,0,0,0,0
4510,0,0,0,0,0,0,0,0,0
4511,0,0,0,0,0,0,0,0,0
4512,0,0,0,0,0,0,0,0,0
4513,0,0,0,0,0,0,0,0,0
4514,0,0,0,0,0,0,0,0,0
4515,0,0,0,0,0,0,0,0,0
4516,0,0,0,0,0,0,0,0,0
4517,0,0,0,0,0,0,0,0,0
4518,0,0,0,0,0,0,0,0,0
4519,0,0,0,0,0,0,0,0,0
4520,0,0,0,0,0,0,0,0,0
4521,0,0,0,0,0,0,0,0,0
4522,0,0,0,0,0,0,0,0,0
4523,0,0,0,0,0,0,0,0,0
4524,0,0,0,0,0,0,0,0,0
4525,0,0,0,0,0,0,0,0,0
4526,0,0,0,0,0,0,0,0,0
4527,0,0,0,0,0,0,0,0,0
4528,0,0,0,0,0,0,0,0,0
4529,0,0,0,0,0,0,0,0,0
4530,0,0,0,0,0,0,0,0,0
4531,0,0,0,0,0,0,0,0,0
4532,0,0,0,0,0,0,0,0,0
4533,0,0,0,0,0,0,0,0,0
4534,0,0,0,0,0,0,0,0,0
4535,0,0,0,0,0,0,0,0,0
4536,0,0,0,0,0,0,0,0,0
4537,0,0,0,0,0,0,0,0,0
4538,0,0,0,0,0,0,0,0,0
4539,0,0,0,0,0,0,0,0,0
4540,0,0,0,0,0,0,0,0,0
4541,0,0,0,0,0,0,0,0,0
4542,0,0,0,0,0,0,0,0,0
4543,0,0,0,0,0,0,0,0,0
4544,0,0,0,0,0,0,0,0,0
4545,0,0,0,0,0,0,0,0,0
4546,0,0,0,0,0,0,0,0,0
4547,0.0933409,0.00762903,0.000488952,0.000296819,0.000147055,2.35729e-06,9.15041e-12,8.3805e-21,0.101905
4548,0,0,0,0,0,0,0,0,0
4549,0,0,0,0,0,0,0,0,0
4550,0,0,0,0,0,0,0,0,0
4551,0,0,0,0,0,0,0,0,0
4552,0,0,0,0,0,0,0,0,0
4553,0,0,0,0,0,0,0,0,0
4554,0,0,0,0,0,0,0,0,0
4555,0,0,0,0,0,0,0,0,0
4556,0,0,0,0,0,0,0,0,0
4557,0,0,0,0,0,0,0,0,0
4558,0,0,0,0,0,0,0,0,0
4559,0.0935704,0.00766949,0.000493264,0.000299057,0.000147907,2.37697e-06,9.48307e-12,8.81572e-21,0.102182
4560,0,0,0,0,0,0,0,0,0
4561,0,0,0,0,0,0,0,0,0
4562,0.142412,0.01796,0.00179488,0.00108786,0.000537796,1.35519e-05,2.21131e-10,5.49207e-19,0.163806
4563,0,0,0,0,0,0,0,0,0
4564,0,0,0,0,0,0,0,0,0
4565,0,0,0,0,0,0,0,0,0
4566,0,0,0,0,0,0,0,0,0
4567,0,0,0,0,0,0,0,0,0
4568,0,0,0,0,0,0,0,0,0
4569,0.123576,0.0134561,0.00115393,0.000698871,0.000345148,7.3956e-06,6.93482e-11,1.06478e-19,0.139237
4570,0,0,0,0,0,0,0,0,0
4571,0,0,0,0,0,0,0,0,0
4572,0,0,0,0,0,0,0,0,0
4573,0,0,0,0,0,0,0,0,0
4574,0,0,0,0,0,0,0,0,0
4575,0,0,0,0,0,0,0,0,0
4576,0,0,0,0,0,0,0,0,0
4577,0,0,0,0,0,0,0,0,0
4578,0,0,0,0,0,0,0,0,0
4579,0,0,0,0,0,0,0,0,0
4580,0,0,0,0,0,0,0,0,0
4581,0,0,0,0,0,0,0,0,0
4582,0,0,0,0,0,0,0,0,0
4583,0,0,0,0,0,0,0,0,0
4584,0,0,0,0,0,0,0,0,0
4585,0,0,0,0,0,0,0,0,0
4586,0,0,0,0,0,0,0,0,0
4587,0,0,0,0,0,0,0,0,0
4588,0,0,0,0,0,0,0,0,0
4589,0,0,0,0,0,0,0,0,0
4590,0.112888,0.0112127,0.000876763,0.000529752,0.000260781,5.0806e-06,3.72019e-11,4.89358e-20,0.125773
4591,0,0,0,0,0,0,0,0,0
4592,0,0,0,0,0,0,0,0,0
4593,0,0,0,0,0,0,0,0,0
4594,0,0,0,0,0,0,0,0,0
4595,0,0,0,0,0,0,0,0,0
4596,0,0,0,0,0,0,0,0,0
4597,0,0,0,0,0,0,0,0,0
4598,0,0,0,0,0,0,0,0,0
4599,0.109187,0.0104794,0.000790959,0.000477472,0.000234753,4.40305e-06,2.8683e-11,3.40557e-20,0.121174
4600,0,0,0,0,0,0,0,0,0
4601,0,0,0,0,0,0,0,0,0
4602,0,0,0,0,0,0,0,0,0
4603,0.112601,0.0111527,0.000869081,0.000524409,0.00025768,4.98789e-06,3.58057e-11,4.49385e-20,0.12541
4604,0,0,0,0,0,0,0,0,0
4605,0,0,0,0,0,0,0,0,0
4606,0,0,0,0,0,0,0,0,0
4607,0,0,0,0,0,0,0,0,0
4608,0,0,0,0,0,0,0,0,0
4609,0,0,0,0,0,0,0,0,0
4610,0,0,0,0,0,0,0,0,0
4611,0,0,0,0,0,0,0,0,0
4612,0,0,0,0,0,0,0,0,0
4613,0,0,0,0,0,0,0,0,0
4614,0,0,0,0,0,0,0,0,0
4615,0,0,0,0,0,0,0,0,0
4616,0,0,0,0,0,0,0,0,0
4617,0,0,0,0,0,0,0,0,0
4618,0,0,0,0,0,0,0,0,0
4619,0,0,0,0,0,0,0,0,0
4620,0,0,0,0,0,0,0,0,0
4621,0,0,0,0,0,0,0,0,0
4622,0,0,0,0,0,0,0,0,0
4623,0,0,0,0,0,0,0,0,0
4624,0,0,0,0,0,0,0,0,0
4625,0,0,0,0,0,0,0,0,0
4626,0,0,0,0,0,0,0,0,0
4627,0,0,0,0,0,0,0,0,0
4628,0,0,0,0,0,0,0,0,0
4629,0,0,0,0,0,0,0,0,0
4630,0,0,0,0,0,0,0,0,0
4631,0,0,0,0,0,0,0,0,0
4632,0,0,0,0,0,0,0,0,0
4633,0,0,0,0,0,0,0,0,0
4634,0,0,0,0,0,0,0,0,0
4635,0,0,0,0,0,0,0,0,0
4636,0,0,0,0,0,0,0,0,0
4637,0,0,0,0,0,0,0,0,0
4638,0,0,0,0,0,0,0,0,0
4639,0,0,0,0,0,0,0,0,0
4640,0,0,0,0,0,0,0,0,0
4641,0,0,0,0,0,0,0,0,0
4642,0,0,0,0,0,0,0,0,0
4643,0,0,0,0,0,0,0,0,0
4644,0,0,0,0,0,0,0,0,0
4645,0,0,0,0,0,0,0,0,0
4646,0,0,0,0,0,0,0,0,0
4647,0,0,0,0,0,0,0,0,0
4648,0,0,0,0,0,0,0,0,0
4649,0,0,0,0,0,0,0,0,0
4650,0,0,0,0,0,0,0,0,0
4651,0,0,0,0,0,0,0,0,0
4652,0,0,0,0,0,0,0,0,0
4653,0,0,0,0,0,0,0,0,0
4654,0,0,0,0,0,0,0,0,0
4655,0.0323948,0.000776914,8.76135e-06,5.25672e-06,2.56303e-06,3.15941e-11,3.34647e-13,3.58128e-22,0.0331883
4656,0,0,0,0,0,0,0,0,0
4657,0,0,0,0,0,0,0,0,0
4658,0,0,0,0,0,0,0,0,0
4659,0,0,0,0,0,0,0,0,0
4660,0,0,0,0,0,0,0,0,0
4661,0,0,0,0,0,0,0,0,0
4662,0,0,0,0,0,0,0,0,0
4663,0,0,0,0,0,0,0,0,0
4664,0,0,0,0,0,0,0,0,0
4665,0,0,0,0,0,0,0,0,0
4666,0.123196,0.0133682,0.00114078,0.000683611,0.000332747,6.96365e-06,6.42064e-11,8.14226e-20,0.138729
4667,0,0,0,0,0,0,0,0,0
4668,0,0,0,0,0,0,0,0,0
4669,0,0,0,0,0,0,0,0,0
4670,0,0,0,0,0,0,0,0,0
4671,0,0,0,0,0,0,0,0,0
4672,0,0,0,0,0,0,0,0,0
4673,0,0,0,0,0,0,0,0,0
4674,0,0,0,0,0,0,0,0,0
4675,0,0,0,0,0,0,0,0,0
4676,0,0,0,0,0,0,0,0,0
4677,0,0,0,0,0,0,0,0,0
4678,0,0,0,0,0,0,0,0,0
4679,0,0,0,0,0,0,0,0,0
4680,0,0,0,0,0,0,0,0,0
4681,0,0,0,0,0,0,0,0,0
4682,0,0,0,0,0,0,0,0,0
4683,0,0,0,0,0,0,0,0,0
4684,0,0,0,0,0,0,0,0,0
4685,0,0,0,0,0,0,0,0,0
4686,0,0,0,0,0,0,0,0,0
4687,0,0,0,0,0,0,0,0,0
4688,0,0,0,0,0,0,0,0,0
4689,0,0,0,0,0,0,0,0,0
4690,0,0,0,0,0,0,0,0,0
4691,0,0,0,0,0,0,0,0,0
4692,0.0953023,0.00794209,0.000516591,0.000308694,0.000149678,2.35766e-06,8.89398e-12,5.57118e-21,0.104222
4693,0,0,0,0,0,0,0,0,0
4694,0.104926,0.00965209,0.000694737,0.000415091,0.000201231,3.51582e-06,1.84303e-11,1.45985e-20,0.115893
4695,0,0,0,0,0,0,0,0,0
4696,0,0,0,0,0,0,0,0,0
4697,0,0,0,0,0,0,0,0,0
4698,0,0,0,0,0,0,0,0,0
4699,0,0,0,0,0,0,0,0,0
4700,0,0,0,0,0,0,0,0,0
4701,0,0,0,0,0,0,0,0,0
4702,0,0,0,0,0,0,0,0,0
4703,0,0,0,0,0,0,0,0,0
4704,0,0,0,0,0,0,0,0,0
4705,0,0,0,0,0,0,0,0,0
4706,0,0,0,0,0,0,0,0,0
4707,0.109734,0.0105677,0.00079684,0.000475389,0.000229995,4.20162e-06,2.542e-11,2.156e-20,0.121808
4708,0,0,0,0,0,0,0,0,0
4709,0,0,0,0,0,0,0,0,0
4710,0,0,0,0,0,0,0,0,0
4711,0,0,0,0,0,0,0,0,0
4712,0.101442,0.00901176,0.000625515,0.000372983,0.000180322,3.0233e-06,1.39797e-11,9.68631e-21,0.111636
4713,0,0,0,0,0,0,0,0,0
4714,0,0,0,0,0,0,0,0,0
4715,0,0,0,0,0,0,0,0,0
4716,0,0,0,0,0,0,0,0,0
4717,0,0,0,0,0,0,0,0,0
4718,0,0,0,0,0,0,0,0,0
4719,0,0,0,0,0,0,0,0,0
4720,0,0,0,0,0,0,0,0,0
4721,0,0,0,0,0,0,0,0,0
4722,0.115425,0.0117027,0.000929168,0.000553448,0.000267176,5.12424e-06,3.58854e-11,3.21288e-20,0.128883
4723,0,0,0,0,0,0,0,0,0
4724,0,0,0,0,0,0,0,0,0
4725,0,0,0,0,0,0,0,0,0
4726,0,0,0,0,0,0,0,0,0
4727,0.108554,0.0103345,0.00076937,0.000458041,0.000220969,3.96523e-06,2.26384e-11,1.74416e-20,0.12034
4728,0,0,0,0,0,0,0,0,0
4729,0,0,0,0,0,0,0,0,0
4730,0,0,0,0,0,0,0,0,0
4731,0,0,0,0,0,0,0,0,0
4732,0,0,0,0,0,0,0,0,0
4733,0.218354,0.0209475,0.0015747,0.000936833,0.000451519,8.19086e-06,4.92809e-11,3.94645e-20,0.242273
4734,0,0,0,0,0,0,0,0,0
4735,0,0,0,0,0,0,0,0,0
4736,0,0,0,0,0,0,0,0,0
4737,0,0,0,0,0,0,0,0,0
4738,0,0,0,0,0,0,0,0,0
4739,0.109084,0.010435,0.000780258,0.000463878,0.000223361,4.01417e-06,2.30481e-11,1.72434e-20,0.120991
4740,0,0,0,0,0,0,0,0,0
4741,0,0,0,0,0,0,0,0,0
4742,0,0,0,0,0,0,0,0,0
4743,0,0,0,0,0,0,0,0,0
4744,0,0,0,0,0,0,0,0,0
4745,0.0847168,0.00625168,0.000358339,0.000212905,0.000102427,1.40077e-06,3.41682e-12,1.3766e-21,0.0916435
4746,0,0,0,0,0,0,0,0,0
4747,0,0,0,0,0,0,0,0,0
4748,0,0,0,0,0,0,0,0,0
4749,0,0,0,0,0,0,0,0,0
4750,0,0,0,0,0,0,0,0,0
4751,0,0,0,0,0,0,0,0,0
4752,0,0,0,0,0,0,0,0,0
4753,0.0802952,0.00560169,0.000302363,0.000179486,8.62447e-05,1.10305e-06,2.09357e-12,6.48204e-22,0.0864661
4754,0,0,0,0,0,0,0,0,0
4755,0,0,0,0,0,0,0,0,0
4756,0,0,0,0,0,0,0,0,0
4757,0,0,0,0,0,0,0,0,0
4758,0,0,0,0,0,0,0,0,0
4759,0,0,0,0,0,0,0,0,0
4760,0,0,0,0,0,0,0,0,0
4761,0,0,0,0,0,0,0,0,0
4762,0,0,0,0,0,0,0,0,0
4763,0,0,0,0,0,0,0,0,0
4764,0,0,0,0,0,0,0,0,0
4765,0,0,0,0,0,0,0,0,0
4766,0,0,0,0,0,0,0,0,0
4767,0,0,0,0,0,0,0,0,0
4768,0,0,0,0,0,0,0,0,0
4769,0.0840141,0.00613748,0.00034695,0.000205608,9.85696e-05,1.31622e-06,2.84148e-12,9.10182e-22,0.090804
4770,0,0,0,0,0,0,0,0,0
4771,0,0,0,0,0,0,0,0,0
4772,0.102034,0.00910918,0.000633824,0.000375506,0.000179949,2.9823e-06,1.33209e-11,7.67705e-21,0.112335
4773,0,0,0,0,0,0,0,0,0
4774,0,0,0,0,0,0,0,0,0
4775,0,0,0,0,0,0,0,0,0
4776,0,0,0,0,0,0,0,0,0
4777,0,0,0,0,0,0,0,0,0
4778,0,0,0,0,0,0,0,0,0
4779,0,0,0,0,0,0,0,0,0
4780,0,0,0,0,0,0,0,0,0
4781,0,0,0,0,0,0,0,0,0
4782,0.0997126,0.00869346,0.00059025,0.000349292,0.000167126,2.69539e-06,1.10953e-11,5.8959e-21,0.109515
4783,0,0,0,0,0,0,0,0,0
4784,0,0,0,0,0,0,0,0,0
4785,0,0,0,0,0,0,0,0,0
4786,0,0,0,0,0,0,0,0,0
4787,0,0,0,0,0,0,0,0,0
4788,0.0951294,0.00790232,0.00051052,0.000301913,0.000144328,2.20944e-06,7.73165e-12,3.60977e-21,0.103991
4789,0,0,0,0,0,0,0,0,0
4790,0.1045,0.00955454,0.000680184,0.000402186,0.000192222,3.24324e-06,1.51227e-11,8.38827e-21,0.115333
4791,0,0,0,0,0,0,0,0,0
4792,0.101702,0.00904645,0.000626623,0.000370434,0.000176993,2.90647e-06,1.26411e-11,6.7912e-21,0.111925
4793,0,0,0,0,0,0,0,0,0
4794,0,0,0,0,0,0,0,0,0
4795,0,0,0,0,0,0,0,0,0
4796,0,0,0,0,0,0,0,0,0
4797,0,0,0,0,0,0,0,0,0
4798,0,0,0,0,0,0,0,0,0
4799,0,0,0,0,0,0,0,0,0
4800,0,0,0,0,0,0,0,0,0
4801,0,0,0,0,0,0,0,0,0
4802,0,0,0,0,0,0,0,0,0
4803,0,0,0,0,0,0,0,0,0
4804,0,0,0,0,0,0,0,0,0
4805,0,0,0,0,0,0,0,0,0
4806,0,0,0,0,0,0,0,0,0
4807,0,0,0,0,0,0,0,0,0
4808,0,0,0,0,0,0,0,0,0
4809,0,0,0,0,0,0,0,0,0
4810,0,0,0,0,0,0,0,0,0
4811,0,0,0,0,0,0,0,0,0
4812,0,0,0,0,0,0,0,0,0
4813,0,0,0,0,0,0,0,0,0
4814,0,0,0,0,0,0,0,0,0
4815,0,0,0,0,0,0,0,0,0
4816,0,0,0,0,0,0,0,0,0
4817,0,0,0,0,0,0,0,0,0
4818,0,0,0,0,0,0,0,0,0
4819,0,0,0,0,0,0,0,0,0
4820,0,0,0,0,0,0,0,0,0
4821,0.089444,0.00697153,0.000421452,0.000248347,0.000118142,1.67735e-06,4.65734e-12,1.69896e-21,0.0972051
4822,0,0,0,0,0,0,0,0,0
4823,0,0,0,0,0,0,0,0,0
4824,0,0,0,0,0,0,0,0,0
4825,0.0785357,0.00535366,0.000281843,0.000166017,7.89348e-05,9.70537e-07,1.68762e-12,4.28291e-22,0.0844171
4826,0,0,0,0,0,0,0,0,0
4827,0,0,0,0,0,0,0,0,0
4828,0,0,0,0,0,0,0,0,0
4829,0.1078,0.0101749,0.000748024,0.000440394,0.000209247,3.62219e-06,1.87513e-11,1.03994e-20,0.119376
4830,0,0,0,0,0,0,0,0,0
4831,0.0854474,0.00635452,0.000366062,0.000215474,0.000102352,1.38054e-06,3.27904e-12,1.04904e-21,0.0924871
4832,0,0,0,0,0,0,0,0,0
4833,0,0,0,0,0,0,0,0,0
4834,0,0,0,0,0,0,0,0,0
4835,0,0,0,0,0,0,0,0,0
4836,0,0,0,0,0,0,0,0,0
4837,0.0935199,0.00762809,0.000482747,0.000283966,0.000134762,1.99734e-06,6.34756e-12,2.4377e-21,0.102051
4838,0.105246,0.00969091,0.000694318,0.000408403,0.000193806,3.26096e-06,1.54336e-11,7.84741e-21,0.116237
4839,0,0,0,0,0,0,0,0,0
4840,0,0,0,0,0,0,0,0,0
4841,0,0,0,0,0,0,0,0,0
4842,0,0,0,0,0,0,0,0,0
4843,0,0,0,0,0,0,0,0,0
4844,0,0,0,0,0,0,0,0,0
4845,0,0,0,0,0,0,0,0,0
4846,0,0,0,0,0,0,0,0,0
4847,0,0,0,0,0,0,0,0,0
4848,0,0,0,0,0,0,0,0,0
4849,0,0,0,0,0,0,0,0,0
4850,0,0,0,0,0,0,0,0,0
4851,0,0,0,0,0,0,0,0,0
4852,0,0,0,0,0,0,0,0,0
4853,0,0,0,0,0,0,0,0,0
4854,0,0,0,0,0,0,0,0,0
4855,0,0,0,0,0,0,0,0,0
4856,0,0,0,0,0,0,0,0,0
4857,0,0,0,0,0,0,0,0,0
4858,0,0,0,0,0,0,0,0,0
4859,0.0779486,0.00526033,0.000272615,0.000159988,7.56849e-05,9.02617e-07,1.32184e-12,2.37506e-22,0.0837181
4860,0,0,0,0,0,0,0,0,0
4861,0,0,0,0,0,0,0,0,0
4862,0.09634,0.00809752,0.000527817,0.000309641,0.000146407,2.22312e-06,7.61576e-12,2.87875e-21,0.105424
4863,0,0,0,0,0,0,0,0,0
4864,0,0,0,0,0,0,0,0,0
4865,0,0,0,0,0,0,0,0,0
4866,0,0,0,0,0,0,0,0,0
4867,0,0,0,0,0,0,0,0,0
4868,0,0,0,0,0,0,0,0,0
4869,0,0,0,0,0,0,0,0,0
4870,0,0,0,0,0,0,0,0,0
4871,0,0,0,0,0,0,0,0,0
4872,0,0,0,0,0,0,0,0,0
4873,0,0,0,0,0,0,0,0,0
4874,0,0,0,0,0,0,0,0,0
4875,0,0,0,0,0,0,0,0,0
4876,0,0,0,0,0,0,0,0,0
4877,0,0,0,0,0,0,0,0,0
4878,0,0,0,0,0,0,0,0,0
4879,0,0,0,0,0,0,0,0,0
4880,0,0,0,0,0,0,0,0,0
4881,0,0,0,0,0,0,0,0,0
4882,0,0,0,0,0,0,0,0,0
4883,0,0,0,0,0,0,0,0,0
4884,0,0,0,0,0,0,0,0,0
4885,0,0,0,0,0,0,0,0,0
4886,0,0,0,0,0,0,0,0,0
4887,0,0,0,0,0,0,0,0,0
4888,0,0,0,0,0,0,0,0,0
4889,0,0,0,0,0,0,0,0,0
4890,0,0,0,0,0,0,0,0,0
4891,0,0,0,0,0,0,0,0,0
4892,0,0,0,0,0,0,0,0,0
4893,0,0,0,0,0,0,0,0,0
4894,0,0,0,0,0,0,0,0,0
4895,0,0,0,0,0,0,0,0,0
4896,0.0951075,0.0078837,0.000505782,0.000295622,0.000139077,2.06066e-06,6.5192e-12,2.1144e-21,0.103934
4897,0,0,0,0,0,0,0,0,0
4898,0,0,0,0,0,0,0,0,0
4899,0,0,0,0,0,0,0,0,0
4900,0,0,0,0,0,0,0,0,0
4901,0,0,0,0,0,0,0,0,0
4902,0,0,0,0,0,0,0,0,0
4903,0,0,0,0,0,0,0,0,0
4904,0.0806801,0.00564835,0.000304757,0.000177977,8.36342e-05,1.03633e-06,1.87422e-12,4.01951e-22,0.0868958
4905,0,0,0,0,0,0,0,0,0
4906,0,0,0,0,0,0,0,0,0
4907,0,0,0,0,0,0,0,0,0
4908,0,0,0,0,0,0,0,0,0
4909,0,0,0,0,0,0,0,0,0
4910,0,0,0,0,0,0,0,0,0
4911,0,0,0,0,0,0,0,0,0
4912,0,0,0,0,0,0,0,0,0
4913,0,0,0,0,0,0,0,0,0
4914,0.0630025,0.00342038,0.000142093,8.28963e-05,3.88998e-05,3.67691e-07,2.80852e-13,3.13548e-23,0.0666871
4915,0,0,0,0,0,0,0,0,0
4916,0,0,0,0,0,0,0,0,0
4917,0,0,0,0,0,0,0,0,0
4918,0.105223,0.00967426,0.000689804,0.000402217,0.000188609,3.1001e-06,1.372e-11,5.38885e-21,0.116181
4919,0,0,0,0,0,0,0,0,0
4920,0,0,0,0,0,0,0,0,0
4921,0,0,0,0,0,0,0,0,0
4922,0,0,0,0,0,0,0,0,0
4923,0,0,0,0,0,0,0,0,0
4924,0,0,0,0,0,0,0,0,0
4925,0.0837249,0.00608794,0.000341339,0.000198893,9.31772e-05,1.19604e-06,2.43941e-12,5.45612e-22,0.0904474
4926,0,0,0,0,0,0,0,0,0
4927,0,0,0,0,0,0,0,0,0
4928,0,0,0,0,0,0,0,0,0
4929,0,0,0,0,0,0,0,0,0
4930,0,0,0,0,0,0,0,0,0
4931,0,0,0,0,0,0,0,0,0
4932,0,0,0,0,0,0,0,0,0
4933,0,0,0,0,0,0,0,0,0
4934,0,0,0,0,0,0,0,0,0
4935,0,0,0,0,0,0,0,0,0
4936,0,0,0,0,0,0,0,0,0
4937,0.106223,0.00985898,0.000709331,0.000412769,0.000193026,3.18884e-06,1.43781e-11,5.45969e-21,0.1174
4938,0,0,0,0,0,0,0,0,0
4939,0,0,0,0,0,0,0,0,0
4940,0,0,0,0,0,0,0,0,0
4941,0,0,0,0,0,0,0,0,0
4942,0,0,0,0,0,0,0,0,0
4943,0,0,0,0,0,0,0,0,0
4944,0.100486,0.00881039,0.000598029,0.000347756,0.000162467,2.52629e-06,9.47218e-12,3.12521e-21,0.110407
4945,0,0,0,0,0,0,0,0,0
4946,0,0,0,0,0,0,0,0,0
4947,0,0,0,0,0,0,0,0,0
4948,0,0,0,0,0,0,0,0,0
4949,0,0,0,0,0,0,0,0,0
4950,0,0,0,0,0,0,0,0,0
4951,0,0,0,0,0,0,0,0,0
4952,0.0988794,0.00852309,0.000567908,0.000329935,0.000153947,2.34152e-06,8.09567e-12,2.42602e-21,0.108457
4953,0,0,0,0,0,0,0,0,0
4954,0,0,0,0,0,0,0,0,0
4955,0,0,0,0,0,0,0,0,0
4956,0,0,0,0,0,0,0,0,0
4957,0,0,0,0,0,0,0,0,0
4958,0,0,0,0,0,0,0,0,0
4959,0,0,0,0,0,0,0,0,0
4960,0,0,0,0,0,0,0,0,0
4961,0.0709293,0.00434835,0.000204473,0.000118676,5.5301e-05,5.88293e-07,6.69973e-13,9.0815e-23,0.0756566
4962,0,0,0,0,0,0,0,0,0
4963,0,0,0,0,0,0,0,0,0
4964,0,0,0,0,0,0,0,0,0
4965,0,0,0,0,0,0,0,0,0
4966,0,0,0,0,0,0,0,0,0
4967,0,0,0,0,0,0,0,0,0
4968,0,0,0,0,0,0,0,0,0
4969,0,0,0,0,0,0,0,0,0
4970,0,0,0,0,0,0,0,0,0
4971,0,0,0,0,0,0,0,0,0
4972,0,0,0,0,0,0,0,0,0
4973,0,0,0,0,0,0,0,0,0
4974,0,0,0,0,0,0,0,0,0
4975,0,0,0,0,0,0,0,0,0
4976,0,0,0,0,0,0,0,0,0
4977,0,0,0,0,0,0,0,0,0
4978,0,0,0,0,0,0,0,0,0
4979,0,0,0,0,0,0,0,0,0
4980,0,0,0,0,0,0,0,0,0
4981,0,0,0,0,0,0,0,0,0
4982,0,0,0,0,0,0,0,0,0
4983,0.100102,0.00873463,0.000588737,0.000340884,0.000158327,2.42033e-06,8.55534e-12,2.4126e-21,0.109927
4984,0,0,0,0,0,0,0,0,0
4985,0,0,0,0,0,0,0,0,0
4986,0,0,0,0,0,0,0,0,0
4987,0,0,0,0,0,0,0,0,0
4988,0,0,0,0,0,0,0,0,0
4989,0,0,0,0,0,0,0,0,0
4990,0,0,0,0,0,0,0,0,0
4991,0,0,0,0,0,0,0,0,0
4992,0,0,0,0,0,0,0,0,0
4993,0,0,0,0,0,0,0,0,0
4994,0,0,0,0,0,0,0,0,0
4995,0,0,0,0,0,0,0,0,0
4996,0,0,0,0,0,0,0,0,0
4997,0,0,0,0,0,0,0,0,0
4998,0,0,0,0,0,0,0,0,0
4999,0,0,0,0,0,0,0,0,0
5000,0,0,0,0,0,0,0,0,0
5001,0,0,0,0,0,0,0,0,0
5002,0,0,0,0,0,0,0,0,0
5003,0,0,0,0,0,0,0,0,0
5004,0,0,0,0,0,0,0,0,0
5005,0,0,0,0,0,0,0,0,0
5006,0,0,0,0,0,0,0,0,0
5007,0,0,0,0,0,0,0,0,0
5008,0,0,0,0,0,0,0,0,0
5009,0,0,0,0,0,0,0,0,0
5010,0.0913459,0.00725397,0.000443633,0.000256112,0.000118478,1.63039e-06,4.17367e-12,8.79232e-22,0.0994197
5011,0,0,0,0,0,0,0,0,0
5012,0.0892791,0.00692547,0.000413517,0.000238695,0.000110402,1.48233e-06,3.51889e-12,7.02258e-22,0.0969686
5013,0,0,0,0,0,0,0,0,0
5014,0,0,0,0,0,0,0,0,0
5015,0,0,0,0,0,0,0,0,0
5016,0,0,0,0,0,0,0,0,0
5017,0,0,0,0,0,0,0,0,0
5018,0,0,0,0,0,0,0,0,0
5019,0,0,0,0,0,0,0,0,0
5020,0,0,0,0,0,0,0,0,0
5021,0.100007,0.00871436,0.000585865,0.000337842,0.000156046,2.36034e-06,8.14442e-12,2.06435e-21,0.109804
5022,0,0,0,0,0,0,0,0,0
5023,0,0,0,0,0,0,0,0,0
5024,0,0,0,0,0,0,0,0,0
5025,0,0,0,0,0,0,0,0,0
5026,0,0,0,0,0,0,0,0,0
5027,0,0,0,0,0,0,0,0,0
5028,0,0,0,0,0,0,0,0,0
5029,0,0,0,0,0,0,0,0,0
5030,0,0,0,0,0,0,0,0,0
5031,0,0,0,0,0,0,0,0,0
5032,0,0,0,0,0,0,0,0,0
5033,0,0,0,0,0,0,0,0,0
5034,0,0,0,0,0,0,0,0,0
5035,0,0,0,0,0,0,0,0,0
5036,0,0,0,0,0,0,0,0,0
5037,0,0,0,0,0,0,0,0,0
5038,0,0,0,0,0,0,0,0,0
5039,0.0753382,0.00490681,0.000244636,0.00014079,6.48541e-05,7.19234e-07,9.34051e-13,1.12406e-22,0.080696
5040,0,0,0,0,0,0,0,0,0
5041,0.0809942,0.00568279,0.00030584,0.00017597,8.10314e-05,9.71826e-07,1.62451e-12,2.34437e-22,0.0872408
5042,0,0,0,0,0,0,0,0,0
5043,0,0,0,0,0,0,0,0,0
5044,0,0,0,0,0,0,0,0,0
5045,0,0,0,0,0,0,0,0,0
5046,0,0,0,0,0,0,0,0,0
5047,0,0,0,0,0,0,0,0,0
5048,0,0,0,0,0,0,0,0,0
5049,0,0,0,0,0,0,0,0,0
5050,0,0,0,0,0,0,0,0,0
5051,0,0,0,0,0,0,0,0,0
5052,0,0,0,0,0,0,0,0,0
5053,0,0,0,0,0,0,0,0,0
5054,0,0,0,0,0,0,0,0,0
5055,0,0,0,0,0,0,0,0,0
5056,0.0801404,0.00556147,0.000295865,0.000169955,7.80897e-05,9.22786e-07,1.48071e-12,2.0083e-22,0.0862467
5057,0,0,0,0,0,0,0,0,0
5058,0,0,0,0,0,0,0,0,0
5059,0,0,0,0,0,0,0,0,0
5060,0,0,0,0,0,0,0,0,0
5061,0,0,0,0,0,0,0,0,0
5062,0,0,0,0,0,0,0,0,0
5063,0.067123,0.00387221,0.000169424,9.72517e-05,4.46399e-05,4.26943e-07,3.11481e-13,1.8806e-23,0.0713069
5064,0,0,0,0,0,0,0,0,0
5065,0,0,0,0,0,0,0,0,0
5066,0,0,0,0,0,0,0,0,0
5067,0,0,0,0,0,0,0,0,0
5068,0,0,0,0,0,0,0,0,0
5069,0,0,0,0,0,0,0,0,0
5070,0,0,0,0,0,0,0,0,0
5071,0,0,0,0,0,0,0,0,0
5072,0,0,0,0,0,0,0,0,0
5073,0.0835188,0.00604434,0.000335342,0.000192295,8.81435e-05,1.08277e-06,1.95404e-12,2.74046e-22,0.09018
5074,0,0,0,0,0,0,0,0,0
5075,0,0,0,0,0,0,0,0,0
5076,0,0,0,0,0,0,0,0,0
5077,0,0,0,0,0,0,0,0,0
5078,0.0905811,0.00712492,0.000430465,0.000246707,0.000113002,1.51328e-06,3.59202e-12,6.05719e-22,0.0984977
5079,0,0,0,0,0,0,0,0,0
5080,0,0,0,0,0,0,0,0,0
5081,0,0,0,0,0,0,0,0,0
5082,0,0,0,0,0,0,0,0,0
5083,0,0,0,0,0,0,0,0,0
5084,0,0,0,0,0,0,0,0,0
5085,0,0,0,0,0,0,0,0,0
5086,0,0,0,0,0,0,0,0,0
5087,0,0,0,0,0,0,0,0,0
5088,0,0,0,0,0,0,0,0,0
5089,0,0,0,0,0,0,0,0,0
5090,0,0,0,0,0,0,0,0,0
5091,0,0,0,0,0,0,0,0,0
5092,0.122389,0.0130349,0.00106028,0.000606752,0.000277347,4.91436e-06,2.1019e-11,2.44534e-21,0.137374
5093,0,0,0,0,0,0,0,0,0
5094,0,0,0,0,0,0,0,0,0
5095,0,0,0,0,0,0,0,0,0
5096,0.0824604,0.00588802,0.000321905,0.000184124,8.41089e-05,1.01246e-06,1.71774e-12,2.17041e-22,0.0889396
5097,0,0,0,0,0,0,0,0,0
5098,0,0,0,0,0,0,0,0,0
5099,0,0,0,0,0,0,0,0,0
5100,0,0,0,0,0,0,0,0,0
5101,0.073614,0.0046781,0.000226945,0.000129737,5.92204e-05,6.30102e-07,7.25863e-13,6.88349e-23,0.0787086
5102,0.084854,0.00623889,0.000351373,0.000200845,9.16634e-05,1.13586e-06,2.11185e-12,2.80159e-22,0.0917379
5103,0,0,0,0,0,0,0,0,0
5104,0,0,0,0,0,0,0,0,0
5105,0,0,0,0,0,0,0,0,0
5106,0,0,0,0,0,0,0,0,0
5107,0,0,0,0,0,0,0,0,0
5108,0,0,0,0,0,0,0,0,0
5109,0,0,0,0,0,0,0,0,0
5110,0,0,0,0,0,0,0,0,0
5111,0,0,0,0,0,0,0,0,0
5112,0,0,0,0,0,0,0,0,0
5113,0,0,0,0,0,0,0,0,0
5114,0,0,0,0,0,0,0,0,0
5115,0,0,0,0,0,0,0,0,0
5116,0,0,0,0,0,0,0,0,0
5117,0,0,0,0,0,0,0,0,0
5118,0,0,0,0,0,0,0,0,0
5119,0,0,0,0,0,0,0,0,0
5120,0,0,0,0,0,0,0,0,0
5121,0,0,0,0,0,0,0,0,0
5122,0,0,0,0,0,0,0,0,0
5123,0,0,0,0,0,0,0,0,0
5124,0.092245,0.00738745,0.000453795,0.000258764,0.00011771,1.58665e-06,3.8618e-12,5.87449e-22,0.100464
5125,0,0,0,0,0,0,0,0,0
5126,0,0,0,0,0,0,0,0,0
5127,0,0,0,0,0,0,0,0,0
5128,0,0,0,0,0,0,0,0,0
5129,0,0,0,0,0,0,0,0,0
5130,0,0,0,0,0,0,0,0,0
5131,0.0875498,0.00664465,0.000386206,0.000220061,0.000100004,1.27184e-06,2.57928e-12,3.38615e-22,0.094902
5132,0,0,0,0,0,0,0,0,0
5133,0,0,0,0,0,0,0,0,0
5134,0,0,0,0,0,0,0,0,0
5135,0,0,0,0,0,0,0,0,0
5136,0,0,0,0,0,0,0,0,0
5137,0,0,0,0,0,0,0,0,0
5138,0,0,0,0,0,0,0,0,0
5139,0,0,0,0,0,0,0,0,0
5140,0,0,0,0,0,0,0,0,0
5141,0,0,0,0,0,0,0,0,0
5142,0,0,0,0,0,0,0,0,0
5143,0,0,0,0,0,0,0,0,0
5144,0,0,0,0,0,0,0,0,0
5145,0,0,0,0,0,0,0,0,0
5146,0.169679,0.0128329,0.000763733,0.000434483,0.000197019,2.62359e-06,6.90112e-12,1.11002e-21,0.18391
5147,0,0,0,0,0,0,0,0,0
5148,0,0,0,0,0,0,0,0,0
5149,0,0,0,0,0,0,0,0,0
5150,0,0,0,0,0,0,0,0,0
5151,0,0,0,0,0,0,0,0,0
5152,0,0,0,0,0,0,0,0,0
5153,0.0738727,0.00470548,0.000228114,0.000129673,5.87397e-05,6.16274e-07,6.6959e-13,5.17185e-23,0.0789953
5154,0,0,0,0,0,0,0,0,0
5155,0,0,0,0,0,0,0,0,0
5156,0,0,0,0,0,0,0,0,0
5157,0,0,0,0,0,0,0,0,0
5158,0,0,0,0,0,0,0,0,0
5159,0,0,0,0,0,0,0,0,0
5160,0,0,0,0,0,0,0,0,0
5161,0,0,0,0,0,0,0,0,0
5162,0,0,0,0,0,0,0,0,0
5163,0,0,0,0,0,0,0,0,0
5164,0,0,0,0,0,0,0,0,0
5165,0,0,0,0,0,0,0,0,0
5166,0,0,0,0,0,0,0,0,0
5167,0,0,0,0,0,0,0,0,0
5168,0.0819639,0.00581013,0.000314407,0.000178428,8.06413e-05,9.45205e-07,1.4857e-12,1.47531e-22,0.0883484
5169,0,0,0,0,0,0,0,0,0
5170,0,0,0,0,0,0,0,0,0
5171,0,0,0,0,0,0,0,0,0
5172,0,0,0,0,0,0,0,0,0
5173,0,0,0,0,0,0,0,0,0
5174,0,0,0,0,0,0,0,0,0
5175,0.0760628,0.00499396,0.000249847,0.000141684,6.39693e-05,6.91196e-07,8.45913e-13,6.95584e-23,0.081513
5176,0,0,0,0,0,0,0,0,0
5177,0,0,0,0,0,0,0,0,0
5178,0,0,0,0,0,0,0,0,0
5179,0,0,0,0,0,0,0,0,0
5180,0,0,0,0,0,0,0,0,0
5181,0,0,0,0,0,0,0,0,0
5182,0,0,0,0,0,0,0,0,0
5183,0,0,0,0,0,0,0,0,0
5184,0,0,0,0,0,0,0,0,0
5185,0,0,0,0,0,0,0,0,0
5186,0,0,0,0,0,0,0,0,0
5187,0,0,0,0,0,0,0,0,0
5188,0,0,0,0,0,0,0,0,0
5189,0,0,0,0,0,0,0,0,0
5190,0,0,0,0,0,0,0,0,0
5191,0.0737852,0.00469108,0.000226598,0.000128288,5.77916e-05,5.98853e-07,6.2555e-13,4.23753e-23,0.0788896
5192,0,0,0,0,0,0,0,0,0
5193,0,0,0,0,0,0,0,0,0
5194,0,0,0,0,0,0,0,0,0
5195,0,0,0,0,0,0,0,0,0
5196,0,0,0,0,0,0,0,0,0
5197,0.0870726,0.00656503,0.00037805,0.000213893,9.62702e-05,1.19524e-06,2.26134e-12,2.3867e-22,0.0943271
5198,0,0,0,0,0,0,0,0,0
5199,0,0,0,0,0,0,0,0,0
5200,0.0479727,0.00194511,5.82235e-05,3.29289e-05,1.4813e-05,9.09693e-08,1.09156e-14,7.04614e-27,0.0500239
5201,0,0,0,0,0,0,0,0,0
5202,0,0,0,0,0,0,0,0,0
5203,0,0,0,0,0,0,0,0,0
5204,0.0870615,0.00656285,0.000377768,0.00021356,9.60145e-05,1.18973e-06,2.24188e-12,2.31853e-22,0.0943129
5205,0,0,0,0,0,0,0,0,0
5206,0,0,0,0,0,0,0,0,0
5207,0,0,0,0,0,0,0,0,0
5208,0,0,0,0,0,0,0,0,0
5209,0,0,0,0,0,0,0,0,0
5210,0,0,0,0,0,0,0,0,0
5211,0,0,0,0,0,0,0,0,0
5212,0,0,0,0,0,0,0,0,0
5213,0,0,0,0,0,0,0,0,0
5214,0,0,0,0,0,0,0,0,0
5215,0.0731816,0.00461321,0.000220824,0.000124693,5.59736e-05,5.72142e-07,5.80527e-13,3.69133e-23,0.0781969
5216,0,0,0,0,0,0,0,0,0
5217,0,0,0,0,0,0,0,0,0
5218,0.155923,0.0105114,0.000539146,0.000304341,0.000136554,1.49575e-06,1.87363e-12,1.42202e-22,0.167416
5219,0,0,0,0,0,0,0,0,0
5220,0,0,0,0,0,0,0,0,0
5221,0,0,0,0,0,0,0,0,0
5222,0,0,0,0,0,0,0,0,0
5223,0,0,0,0,0,0,0,0,0
5224,0.0590945,0.00298838,0.00011391,6.42603e-05,2.88081e-05,2.32125e-07,1.08e-13,3.66833e-24,0.0622901
5225,0,0,0,0,0,0,0,0,0
5226,0,0,0,0,0,0,0,0,0
5227,0.0805201,0.00560014,0.000296568,0.000167247,7.49438e-05,8.48388e-07,1.20501e-12,9.61465e-23,0.0866598
5228,0,0,0,0,0,0,0,0,0
5229,0,0,0,0,0,0,0,0,0
5230,0,0,0,0,0,0,0,0,0
5231,0,0,0,0,0,0,0,0,0
5232,0,0,0,0,0,0,0,0,0
5233,0,0,0,0,0,0,0,0,0
5234,0,0,0,0,0,0,0,0,0
5235,0,0,0,0,0,0,0,0,0
5236,0,0,0,0,0,0,0,0,0
5237,0,0,0,0,0,0,0,0,0
5238,0,0,0,0,0,0,0,0,0
5239,0,0,0,0,0,0,0,0,0
5240,0.0873373,0.00660148,0.000380515,0.000214286,9.58381e-05,1.17984e-06,2.1849e-12,2.03513e-22,0.0946306
5241,0,0,0,0,0,0,0,0,0
5242,0,0,0,0,0,0,0,0,0
5243,0,0,0,0,0,0,0,0,0
5244,0,0,0,0,0,0,0,0,0
5245,0,0,0,0,0,0,0,0,0
5246,0,0,0,0,0,0,0,0,0
5247,0,0,0,0,0,0,0,0,0
5248,0,0,0,0,0,0,0,0,0
5249,0,0,0,0,0,0,0,0,0
5250,0,0,0,0,0,0,0,0,0
5251,0,0,0,0,0,0,0,0,0
5252,0,0,0,0,0,0,0,0,0
5253,0,0,0,0,0,0,0,0,0
5254,0,0,0,0,0,0,0,0,0
5255,0,0,0,0,0,0,0,0,0
5256,0,0,0,0,0,0,0,0,0
5257,0,0,0,0,0,0,0,0,0
5258,0,0,0,0,0,0,0,0,0
5259,0,0,0,0,0,0,0,0,0
5260,0.0865908,0.00648579,0.000370101,0.000207963,9.2732e-05,1.12488e-06,1.99365e-12,1.70916e-22,0.0937485
5261,0,0,0,0,0,0,0,0,0
5262,0,0,0,0,0,0,0,0,0
5263,0,0,0,0,0,0,0,0,0
5264,0,0,0,0,0,0,0,0,0
5265,0,0,0,0,0,0,0,0,0
5266,0,0,0,0,0,0,0,0,0
5267,0,0,0,0,0,0,0,0,0
5268,0,0,0,0,0,0,0,0,0
5269,0,0,0,0,0,0,0,0,0
5270,0,0,0,0,0,0,0,0,0
5271,0,0,0,0,0,0,0,0,0
5272,0,0,0,0,0,0,0,0,0
5273,0,0,0,0,0,0,0,0,0
5274,0,0,0,0,0,0,0,0,0
5275,0,0,0,0,0,0,0,0,0
5276,0,0,0,0,0,0,0,0,0
5277,0,0,0,0,0,0,0,0,0
5278,0,0,0,0,0,0,0,0,0
5279,0,0,0,0,0,0,0,0,0
5280,0,0,0,0,0,0,0,0,0
5281,0,0,0,0,0,0,0,0,0
5282,0,0,0,0,0,0,0,0,0
5283,0,0,0,0,0,0,0,0,0
5284,0,0,0,0,0,0,0,0,0
5285,0,0,0,0,0,0,0,0,0
5286,0,0,0,0,0,0,0,0,0
5287,0,0,0,0,0,0,0,0,0
5288,0,0,0,0,0,0,0,0,0
5289,0,0,0,0,0,0,0,0,0
5290,0,0,0,0,0,0,0,0,0
5291,0,0,0,0,0,0,0,0,0
5292,0.074849,0.00481766,0.000234302,0.000131196,5.8224e-05,5.92198e-07,5.68134e-13,2.62177e-23,0.080091
5293,0,0,0,0,0,0,0,0,0
5294,0,0,0,0,0,0,0,0,0
5295,0,0,0,0,0,0,0,0,0
5296,0,0,0,0,0,0,0,0,0
5297,0,0,0,0,0,0,0,0,0
5298,0,0,0,0,0,0,0,0,0
5299,0,0,0,0,0,0,0,0,0
5300,0,0,0,0,0,0,0,0,0
5301,0,0,0,0,0,0,0,0,0
5302,0,0,0,0,0,0,0,0,0
5303,0,0,0,0,0,0,0,0,0
5304,0.0513432,0.00223722,7.24588e-05,4.0524e-05,1.79549e-05,1.18852e-07,2.58349e-14,3.16238e-25,0.0537115
5305,0.079625,0.00546847,0.000285029,0.000159387,7.06062e-05,7.72992e-07,9.96402e-13,6.0722e-23,0.0856093
5306,0,0,0,0,0,0,0,0,0
5307,0,0,0,0,0,0,0,0,0
5308,0,0,0,0,0,0,0,0,0
5309,0,0,0,0,0,0,0,0,0
5310,0,0,0,0,0,0,0,0,0
5311,0,0,0,0,0,0,0,0,0
5312,0,0,0,0,0,0,0,0,0
5313,0,0,0,0,0,0,0,0,0
5314,0,0,0,0,0,0,0,0,0
5315,0,0,0,0,0,0,0,0,0
5316,0,0,0,0,0,0,0,0,0
5317,0,0,0,0,0,0,0,0,0
5318,0,0,0,0,0,0,0,0,0
5319,0,0,0,0,0,0,0,0,0
5320,0,0,0,0,0,0,0,0,0
5321,0,0,0,0,0,0,0,0,0
5322,0.158403,0.01079,0.000554351,0.000309413,0.000136719,1.45636e-06,1.56204e-12,7.06411e-23,0.170195
5323,0,0,0,0,0,0,0,0,0
5324,0,0,0,0,0,0,0,0,0
5325,0,0,0,0,0,0,0,0,0
5326,0,0,0,0,0,0,0,0,0
5327,0,0,0,0,0,0,0,0,0
5328,0,0,0,0,0,0,0,0,0
5329,0,0,0,0,0,0,0,0,0
5330,0,0,0,0,0,0,0,0,0
5331,0,0,0,0,0,0,0,0,0
5332,0.152267,0.0100076,0.000499387,0.00027843,0.000122847,1.28177e-06,1.44553e-12,7.55552e-23,0.163176
5333,0.0791161,0.00536925,0.000273213,0.00015231,6.71906e-05,7.00346e-07,6.07082e-13,1.4629e-23,0.0849787
5334,0.0739791,0.00470941,0.000226871,0.000126468,5.57859e-05,5.59905e-07,5.51186e-13,2.57807e-23,0.0790982
5335,0,0,0,0,0,0,0,0,0
5336,0,0,0,0,0,0,0,0,0
5337,0,0,0,0,0,0,0,0,0
5338,0,0,0,0,0,0,0,0,0
5339,0,0,0,0,0,0,0,0,0
5340,0,0,0,0,0,0,0,0,0
5341,0,0,0,0,0,0,0,0,0
5342,0,0,0,0,0,0,0,0,0
5343,0,0,0,0,0,0,0,0,0
5344,0,0,0,0,0,0,0,0,0
5345,0,0,0,0,0,0,0,0,0
5346,0.0467759,0.00185102,5.4217e-05,3.01835e-05,1.32905e-05,7.85953e-08,1.18521e-14,9.40683e-26,0.0487247
5347,0,0,0,0,0,0,0,0,0
5348,0,0,0,0,0,0,0,0,0
5349,0,0,0,0,0,0,0,0,0
5350,0,0,0,0,0,0,0,0,0
5351,0,0,0,0,0,0,0,0,0
5352,0,0,0,0,0,0,0,0,0
5353,0,0,0,0,0,0,0,0,0
5354,0,0,0,0,0,0,0,0,0
5355,0,0,0,0,0,0,0,0,0
5356,0,0,0,0,0,0,0,0,0
5357,0,0,0,0,0,0,0,0,0
5358,0,0,0,0,0,0,0,0,0
5359,0,0,0,0,0,0,0,0,0
5360,0,0,0,0,0,0,0,0,0
5361,0,0,0,0,0,0,0,0,0
5362,0,0,0,0,0,0,0,0,0
5363,0,0,0,0,0,0,0,0,0
5364,0,0,0,0,0,0,0,0,0
5365,0,0,0,0,0,0,0,0,0
5366,0,0,0,0,0,0,0,0,0
5367,0,0,0,0,0,0,0,0,0
5368,0,0,0,0,0,0,0,0,0
5369,0,0,0,0,0,0,0,0,0
5370,0.0758694,0.00495294,0.000244408,0.000135715,5.95501e-05,6.07396e-07,6.27215e-13,2.74316e-23,0.0812626
5371,0,0,0,0,0,0,0,0,0
5372,0,0,0,0,0,0,0,0,0
5373,0,0,0,0,0,0,0,0,0
5374,0,0,0,0,0,0,0,0,0
5375,0,0,0,0,0,0,0,0,0
5376,0,0,0,0,0,0,0,0,0
5377,0,0,0,0,0,0,0,0,0
5378,0,0,0,0,0,0,0,0,0
5379,0,0,0,0,0,0,0,0,0
5380,0,0,0,0,0,0,0,0,0
5381,0,0,0,0,0,0,0,0,0
5382,0,0,0,0,0,0,0,0,0
5383,0,0,0,0,0,0,0,0,0
5384,0,0,0,0,0,0,0,0,0
5385,0,0,0,0,0,0,0,0,0
5386,0,0,0,0,0,0,0,0,0
5387,0,0,0,0,0,0,0,0,0
5388,0,0,0,0,0,0,0,0,0
5389,0,0,0,0,0,0,0,0,0
5390,0,0,0,0,0,0,0,0,0
5391,0.0594045,0.00301537,0.000114856,6.36317e-05,2.78343e-05,2.16661e-07,9.50481e-14,2.11801e-24,0.0626265
5392,0,0,0,0,0,0,0,0,0
5393,0,0,0,0,0,0,0,0,0
5394,0,0,0,0,0,0,0,0,0
5395,0,0,0,0,0,0,0,0,0
5396,0.0767111,0.00506243,0.000252289,0.0001397,6.10662e-05,6.25399e-07,6.53237e-13,2.68068e-23,0.0822272
5397,0.0806526,0.00560058,0.000293726,0.000162628,7.10792e-05,7.65514e-07,9.18756e-13,4.03006e-23,0.0867813
5398,0.0667109,0.00381436,0.000164117,9.08553e-05,3.97026e-05,3.49678e-07,2.27263e-13,6.61752e-24,0.0708203
5399,0.0742236,0.00473367,0.000227617,0.000125998,5.50524e-05,5.42617e-07,4.96557e-13,1.80689e-23,0.0793665
5400,0,0,0,0,0,0,0,0,0
5401,0,0,0,0,0,0,0,0,0
5402,0,0,0,0,0,0,0,0,0
5403,0,0,0,0,0,0,0,0,0
5404,0,0,0,0,0,0,0,0,0
5405,0,0,0,0,0,0,0,0,0
5406,0,0,0,0,0,0,0,0,0
5407,0,0,0,0,0,0,0,0,0
5408,0,0,0,0,0,0,0,0,0
5409,0.0640926,0.00351581,0.000144858,8.00965e-05,3.49436e-05,2.93492e-07,1.63212e-13,4.08756e-24,0.0678687
5410,0,0,0,0,0,0,0,0,0
5411,0,0,0,0,0,0,0,0,0
5412,0,0,0,0,0,0,0,0,0
5413,0,0,0,0,0,0,0,0,0
5414,0,0,0,0,0,0,0,0,0
5415,0,0,0,0,0,0,0,0,0
5416,0,0,0,0,0,0,0,0,0
5417,0,0,0,0,0,0,0,0,0
5418,0,0,0,0,0,0,0,0,0
5419,0.0587379,0.00293566,0.000109095,6.02566e-05,2.62494e-05,1.95437e-07,6.2839e-14,7.13195e-25,0.0618694
5420,0,0,0,0,0,0,0,0,0
5421,0.0667565,0.00381861,0.000164252,9.07053e-05,3.95042e-05,3.46175e-07,2.22554e-13,6.0906e-24,0.0708699
5422,0,0,0,0,0,0,0,0,0
5423,0,0,0,0,0,0,0,0,0
5424,0,0,0,0,0,0,0,0,0
5425,0,0,0,0,0,0,0,0,0
5426,0,0,0,0,0,0,0,0,0
5427,0,0,0,0,0,0,0,0,0
5428,0,0,0,0,0,0,0,0,0
5429,0,0,0,0,0,0,0,0,0
5430,0,0,0,0,0,0,0,0,0
5431,0,0,0,0,0,0,0,0,0
5432,0,0,0,0,0,0,0,0,0
5433,0,0,0,0,0,0,0,0,0
5434,0.0817079,0.00574999,0.000305617,0.00016853,7.32558e-05,7.94782e-07,1.00026e-12,4.25233e-23,0.0880061
5435,0,0,0,0,0,0,0,0,0
5436,0,0,0,0,0,0,0,0,0
5437,0,0,0,0,0,0,0,0,0
5438,0,0,0,0,0,0,0,0,0
5439,0,0,0,0,0,0,0,0,0
5440,0,0,0,0,0,0,0,0,0
5441,0,0,0,0,0,0,0,0,0
5442,0,0,0,0,0,0,0,0,0
5443,0,0,0,0,0,0,0,0,0
5444,0,0,0,0,0,0,0,0,0
5445,0,0,0,0,0,0,0,0,0
5446,0,0,0,0,0,0,0,0,0
5447,0,0,0,0,0,0,0,0,0
5448,0,0,0,0,0,0,0,0,0
5449,0,0,0,0,0,0,0,0,0
5450,0,0,0,0,0,0,0,0,0
5451,0.0795985,0.00545232,0.000281767,0.000155088,6.72426e-05,7.06437e-07,8.07622e-13,3.082e-23,0.0855556
5452,0,0,0,0,0,0,0,0,0
5453,0.0638438,0.00348743,0.000142959,7.86701e-05,3.41001e-05,2.82601e-07,1.53747e-13,3.46233e-24,0.0675872
5454,0,0,0,0,0,0,0,0,0
5455,0.0664997,0.00378612,0.000161783,8.90152e-05,3.85761e-05,3.33021e-07,2.03027e-13,4.83527e-24,0.0705755
5456,0,0,0,0,0,0,0,0,0
5457,0,0,0,0,0,0,0,0,0
5458,0,0,0,0,0,0,0,0,0
5459,0,0,0,0,0,0,0,0,0
5460,0.0769215,0.00508679,0.000253521,0.000139406,6.03645e-05,6.10027e-07,6.19104e-13,2.12796e-23,0.0824622
5461,0,0,0,0,0,0,0,0,0
5462,0,0,0,0,0,0,0,0,0
5463,0,0,0,0,0,0,0,0,0
5464,0,0,0,0,0,0,0,0,0
5465,0,0,0,0,0,0,0,0,0
5466,0.0685621,0.00402852,0.000177835,9.77257e-05,4.22797e-05,3.76844e-07,2.57529e-13,6.57616e-24,0.0729088
5467,0,0,0,0,0,0,0,0,0
5468,0,0,0,0,0,0,0,0,0
5469,0,0,0,0,0,0,0,0,0
5470,0,0,0,0,0,0,0,0,0
5471,0,0,0,0,0,0,0,0,0
5472,0,0,0,0,0,0,0,0,0
5473,0.0586049,0.00292949,0.00010945,6.01003e-05,2.5975e-05,1.94563e-07,7.56181e-14,1.23779e-24,0.0617301
5474,0,0,0,0,0,0,0,0,0
5475,0,0,0,0,0,0,0,0,0
5476,0.0639878,0.00350088,0.000143505,7.87771e-05,3.40333e-05,2.80288e-07,1.47833e-13,3.01735e-24,0.0677453
5477,0,0,0,0,0,0,0,0,0
5478,0,0,0,0,0,0,0,0,0
5479,0,0,0,0,0,0,0,0,0
5480,0,0,0,0,0,0,0,0,0
5481,0.0610028,0.00317215,0.000122951,6.7453e-05,2.91169e-05,2.2479e-07,9.00077e-14,1.31553e-24,0.0643947
5482,0.0676789,0.00392143,0.000170386,9.34671e-05,4.03409e-05,3.52012e-07,2.21924e-13,5.02551e-24,0.0719049
5483,0,0,0,0,0,0,0,0,0
5484,0,0,0,0,0,0,0,0,0
5485,0,0,0,0,0,0,0,0,0
5486,0,0,0,0,0,0,0,0,0
5487,0,0,0,0,0,0,0,0,0
5488,0,0,0,0,0,0,0,0,0
5489,0,0,0,0,0,0,0,0,0
5490,0,0,0,0,0,0,0,0,0
5491,0,0,0,0,0,0,0,0,0
5492,0,0,0,0,0,0,0,0,0
5493,0.0678938,0.00394717,0.000172128,9.43092e-05,4.06381e-05,3.55405e-07,2.28202e-13,5.15915e-24,0.0721484
5494,0,0,0,0,0,0,0,0,0
5495,0,0,0,0,0,0,0,0,0
5496,0,0,0,0,0,0,0,0,0
5497,0,0,0,0,0,0,0,0,0
5498,0.124668,0.00663384,0.000263119,0.000144091,6.20473e-05,4.87779e-07,1.96023e-13,2.38878e-24,0.131771
5499,0,0,0,0,0,0,0,0,0
5500,0,0,0,0,0,0,0,0,0
5501,0,0,0,0,0,0,0,0,0
5502,0,0,0,0,0,0,0,0,0
5503,0,0,0,0,0,0,0,0,0
5504,0,0,0,0,0,0,0,0,0
5505,0,0,0,0,0,0,0,0,0
5506,0,0,0,0,0,0,0,0,0
5507,0,0,0,0,0,0,0,0,0
5508,0,0,0,0,0,0,0,0,0
5509,0,0,0,0,0,0,0,0,0
5510,0,0,0,0,0,0,0,0,0
5511,0,0,0,0,0,0,0,0,0
5512,0,0,0,0,0,0,0,0,0
5513,0,0,0,0,0,0,0,0,0
5514,0,0,0,0,0,0,0,0,0
5515,0.0640382,0.00350548,0.000143644,7.85185e-05,3.37264e-05,2.7557e-07,1.43785e-13,2.66856e-24,0.0677999
5516,0,0,0,0,0,0,0,0,0
5517,0,0,0,0,0,0,0,0,0
5518,0.0687425,0.00404702,0.000178664,9.76322e-05,4.19198e-05,3.69498e-07,2.45163e-13,5.369e-24,0.0731081
5519,0,0,0,0,0,0,0,0,0
5520,0,0,0,0,0,0,0,0,0
5521,0,0,0,0,0,0,0,0,0
5522,0,0,0,0,0,0,0,0,0
5523,0,0,0,0,0,0,0,0,0
5524,0,0,0,0,0,0,0,0,0
5525,0,0,0,0,0,0,0,0,0
5526,0,0,0,0,0,0,0,0,0
5527,0,0,0,0,0,0,0,0,0
5528,0,0,0,0,0,0,0,0,0
5529,0,0,0,0,0,0,0,0,0
5530,0,0,0,0,0,0,0,0,0
5531,0,0,0,0,0,0,0,0,0
5532,0,0,0,0,0,0,0,0,0
5533,0,0,0,0,0,0,0,0,0
5534,0,0,0,0,0,0,0,0,0
5535,0,0,0,0,0,0,0,0,0
5536,0,0,0,0,0,0,0,0,0
5537,0,0,0,0,0,0,0,0,0
5538,0,0,0,0,0,0,0,0,0
5539,0,0,0,0,0,0,0,0,0
5540,0,0,0,0,0,0,0,0,0
5541,0,0,0,0,0,0,0,0,0
5542,0.133995,0.007744,0.000337957,0.000184198,7.88093e-05,6.88573e-07,4.6664e-13,1.00668e-23,0.142341
5543,0,0,0,0,0,0,0,0,0
5544,0,0,0,0,0,0,0,0,0
5545,0,0,0,0,0,0,0,0,0
5546,0,0,0,0,0,0,0,0,0
5547,0,0,0,0,0,0,0,0,0
5548,0,0,0,0,0,0,0,0,0
5549,0,0,0,0,0,0,0,0,0
5550,0,0,0,0,0,0,0,0,0
5551,0,0,0,0,0,0,0,0,0
5552,0,0,0,0,0,0,0,0,0
5553,0.0828822,0.00590835,0.00031677,0.000172447,7.36642e-05,7.8576e-07,9.47918e-13,2.8777e-23,0.0893542
5554,0,0,0,0,0,0,0,0,0
5555,0,0,0,0,0,0,0,0,0
5556,0.0547519,0.00254394,8.75128e-05,4.7627e-05,2.03365e-05,1.36461e-07,3.44526e-14,2.8278e-25,0.0574514
5557,0,0,0,0,0,0,0,0,0
5558,0.0639191,0.00348866,0.000142169,7.73558e-05,3.30208e-05,2.65452e-07,1.30098e-13,2.02436e-24,0.0676605
5559,0,0,0,0,0,0,0,0,0
5560,0,0,0,0,0,0,0,0,0
5561,0,0,0,0,0,0,0,0,0
5562,0,0,0,0,0,0,0,0,0
5563,0,0,0,0,0,0,0,0,0
5564,0.0698017,0.00416913,0.000186235,0.000101259,4.31823e-05,3.80629e-07,2.48322e-13,4.62705e-24,0.0743019
5565,0,0,0,0,0,0,0,0,0
5566,0,0,0,0,0,0,0,0,0
5567,0,0,0,0,0,0,0,0,0
5568,0,0,0,0,0,0,0,0,0
5569,0,0,0,0,0,0,0,0,0
5570,0.0647022,0.00357702,0.000147792,8.03095e-05,3.42208e-05,2.78758e-07,1.45303e-13,2.35139e-24,0.0685418
5571,0,0,0,0,0,0,0,0,0
5572,0,0,0,0,0,0,0,0,0
5573,0,0,0,0,0,0,0,0,0
5574,0,0,0,0,0,0,0,0,0
5575,0.0692376,0.004102,0.000181788,9.87291e-05,4.20385e-05,3.67175e-07,2.36188e-13,4.32451e-24,0.0736625
5576,0,0,0,0,0,0,0,0,0
5577,0,0,0,0,0,0,0,0,0
5578,0,0,0,0,0,0,0,0,0
5579,0,0,0,0,0,0,0,0,0
5580,0,0,0,0,0,0,0,0,0
5581,0,0,0,0,0,0,0,0,0
5582,0,0,0,0,0,0,0,0,0
5583,0,0,0,0,0,0,0,0,0
5584,0,0,0,0,0,0,0,0,0
5585,0,0,0,0,0,0,0,0,0
5586,0.0504142,0.0021539,6.81069e-05,3.69449e-05,1.57057e-05,9.65081e-08,1.97373e-14,1.47054e-25,0.0526889
5587,0.020438,0.000302285,2.0391e-06,1.10594e-06,4.70045e-07,9.17593e-12,2.55227e-15,4.61908e-26,0.0207439
5588,0,0,0,0,0,0,0,0,0
5589,0,0,0,0,0,0,0,0,0
5590,0,0,0,0,0,0,0,0,0
5591,0,0,0,0,0,0,0,0,0
5592,0,0,0,0,0,0,0,0,0
5593,0,0,0,0,0,0,0,0,0
5594,0,0,0,0,0,0,0,0,0
5595,0,0,0,0,0,0,0,0,0
5596,0,0,0,0,0,0,0,0,0
5597,0,0,0,0,0,0,0,0,0
5598,0,0,0,0,0,0,0,0,0
5599,0,0,0,0,0,0,0,0,0
5600,0,0,0,0,0,0,0,0,0
5601,0,0,0,0,0,0,0,0,0
5602,0,0,0,0,0,0,0,0,0
5603,0,0,0,0,0,0,0,0,0
5604,0,0,0,0,0,0,0,0,0
5605,0,0,0,0,0,0,0,0,0
5606,0,0,0,0,0,0,0,0,0
5607,0,0,0,0,0,0,0,0,0
5608,0,0,0,0,0,0,0,0,0
5609,0,0,0,0,0,0,0,0,0
5610,0,0,0,0,0,0,0,0,0
5611,0,0,0,0,0,0,0,0,0
5612,0.0547919,0.00255124,8.81898e-05,4.7702e-05,2.02002e-05,1.35639e-07,3.80492e-14,3.47672e-25,0.0574994
5613,0,0,0,0,0,0,0,0,0
5614,0,0,0,0,0,0,0,0,0
5615,0,0,0,0,0,0,0,0,0
5616,0,0,0,0,0,0,0,0,0
5617,0,0,0,0,0,0,0,0,0
5618,0.06646,0.0037734,0.000159868,8.64253e-05,3.65712e-05,3.02349e-07,1.64813e-13,2.41523e-24,0.0705165
5619,0,0,0,0,0,0,0,0,0
5620,0,0,0,0,0,0,0,0,0
5621,0,0,0,0,0,0,0,0,0
5622,0,0,0,0,0,0,0,0,0
5623,0,0,0,0,0,0,0,0,0
5624,0,0,0,0,0,0,0,0,0
5625,0,0,0,0,0,0,0,0,0
5626,0.061215,0.00319414,0.000124089,6.70212e-05,2.83249e-05,2.13937e-07,8.79972e-14,1.03564e-24,0.0646287
5627,0,0,0,0,0,0,0,0,0
5628,0,0,0,0,0,0,0,0,0
5629,0,0,0,0,0,0,0,0,0
5630,0,0,0,0,0,0,0,0,0
5631,0.0716901,0.00439898,0.000201731,0.000108896,4.59877e-05,4.1121e-07,2.8811e-13,4.89058e-24,0.0764461
5632,0,0,0,0,0,0,0,0,0
5633,0,0,0,0,0,0,0,0,0
5634,0,0,0,0,0,0,0,0,0
5635,0,0,0,0,0,0,0,0,0
5636,0,0,0,0,0,0,0,0,0
5637,0,0,0,0,0,0,0,0,0
5638,0,0,0,0,0,0,0,0,0
5639,0,0,0,0,0,0,0,0,0
5640,0,0,0,0,0,0,0,0,0
5641,0,0,0,0,0,0,0,0,0
5642,0,0,0,0,0,0,0,0,0
5643,0,0,0,0,0,0,0,0,0
5644,0,0,0,0,0,0,0,0,0
5645,0,0,0,0,0,0,0,0,0
5646,0,0,0,0,0,0,0,0,0
5647,0,0,0,0,0,0,0,0,0
5648,0,0,0,0,0,0,0,0,0
5649,0,0,0,0,0,0,0,0,0
5650,0,0,0,0,0,0,0,0,0
5651,0,0,0,0,0,0,0,0,0
5652,0,0,0,0,0,0,0,0,0
5653,0,0,0,0,0,0,0,0,0
5654,0,0,0,0,0,0,0,0,0
5655,0,0,0,0,0,0,0,0,0
5656,0,0,0,0,0,0,0,0,0
5657,0,0,0,0,0,0,0,0,0
5658,0,0,0,0,0,0,0,0,0
5659,0,0,0,0,0,0,0,0,0
5660,0,0,0,0,0,0,0,0,0
5661,0,0,0,0,0,0,0,0,0
5662,0,0,0,0,0,0,0,0,0
5663,0,0,0,0,0,0,0,0,0
5664,0,0,0,0,0,0,0,0,0
5665,0,0,0,0,0,0,0,0,0
5666,0.0627764,0.0033597,0.000133773,7.19435e-05,3.02298e-05,2.32221e-07,1.01368e-13,1.12773e-24,0.0663722
5667,0,0,0,0,0,0,0,0,0
5668,0,0,0,0,0,0,0,0,0
5669,0,0,0,0,0,0,0,0,0
5670,0.0663435,0.00375696,0.000158414,8.51514e-05,3.57548e-05,2.9079e-07,1.51029e-13,1.86189e-24,0.0703801
5671,0,0,0,0,0,0,0,0,0
5672,0,0,0,0,0,0,0,0,0
5673,0,0,0,0,0,0,0,0,0
5674,0,0,0,0,0,0,0,0,0
5675,0,0,0,0,0,0,0,0,0
5676,0,0,0,0,0,0,0,0,0
5677,0,0,0,0,0,0,0,0,0
5678,0,0,0,0,0,0,0,0,0
5679,0,0,0,0,0,0,0,0,0
5680,0,0,0,0,0,0,0,0,0
5681,0,0,0,0,0,0,0,0,0
5682,0,0,0,0,0,0,0,0,0
5683,0.0664542,0.00376942,0.000159171,8.54421e-05,3.5811e-05,2.9101e-07,1.51566e-13,1.82309e-24,0.0705043
5684,0,0,0,0,0,0,0,0,0
5685,0.0375226,0.00117648,2.67027e-05,1.43314e-05,6.00522e-06,2.52321e-08,1.15263e-15,7.45652e-28,0.0387462
5686,0,0,0,0,0,0,0,0,0
5687,0,0,0,0,0,0,0,0,0
5688,0,0,0,0,0,0,0,0,0
5689,0,0,0,0,0,0,0,0,0
5690,0.0758612,0.00492291,0.000237923,0.000127622,5.34363e-05,4.95777e-07,3.74275e-13,5.37184e-24,0.0812036
5691,0,0,0,0,0,0,0,0,0
5692,0.0664591,0.00376167,0.000157734,8.45841e-05,3.54023e-05,2.82959e-07,1.28241e-13,1.17311e-24,0.0704988
5693,0,0,0,0,0,0,0,0,0
5694,0,0,0,0,0,0,0,0,0
5695,0,0,0,0,0,0,0,0,0
5696,0,0,0,0,0,0,0,0,0
5697,0,0,0,0,0,0,0,0,0
5698,0,0,0,0,0,0,0,0,0
5699,0.0670941,0.00384244,0.000163759,8.77554e-05,3.66959e-05,3.00011e-07,1.59465e-13,1.8681e-24,0.0712251
5700,0,0,0,0,0,0,0,0,0
5701,0,0,0,0,0,0,0,0,0
5702,0,0,0,0,0,0,0,0,0
5703,0,0,0,0,0,0,0,0,0
5704,0,0,0,0,0,0,0,0,0
5705,0,0,0,0,0,0,0,0,0
5706,0,0,0,0,0,0,0,0,0
5707,0,0,0,0,0,0,0,0,0
5708,0,0,0,0,0,0,0,0,0
5709,0,0,0,0,0,0,0,0,0
5710,0,0,0,0,0,0,0,0,0
5711,0,0,0,0,0,0,0,0,0
5712,0,0,0,0,0,0,0,0,0
5713,0.0714388,0.00435961,0.000197903,0.000105885,4.41822e-05,3.83253e-07,2.40007e-13,2.94512e-24,0.0761467
5714,0,0,0,0,0,0,0,0,0
5715,0.0577418,0.00283174,0.000102726,5.49494e-05,2.29217e-05,1.57923e-07,4.76806e-14,3.43731e-25,0.0607543
5716,0,0,0,0,0,0,0,0,0
5717,0,0,0,0,0,0,0,0,0
5718,0,0,0,0,0,0,0,0,0
5719,0,0,0,0,0,0,0,0,0
5720,0,0,0,0,0,0,0,0,0
5721,0,0,0,0,0,0,0,0,0
5722,0,0,0,0,0,0,0,0,0
5723,0,0,0,0,0,0,0,0,0
5724,0,0,0,0,0,0,0,0,0
5725,0,0,0,0,0,0,0,0,0
5726,0,0,0,0,0,0,0,0,0
5727,0,0,0,0,0,0,0,0,0
5728,0,0,0,0,0,0,0,0,0
5729,0,0,0,0,0,0,0,0,0
5730,0,0,0,0,0,0,0,0,0
5731,0,0,0,0,0,0,0,0,0
5732,0,0,0,0,0,0,0,0,0
5733,0,0,0,0,0,0,0,0,0
5734,0,0,0,0,0,0,0,0,0
5735,0,0,0,0,0,0,0,0,0
5736,0,0,0,0,0,0,0,0,0
5737,0,0,0,0,0,0,0,0,0
5738,0,0,0,0,0,0,0,0,0
5739,0,0,0,0,0,0,0,0,0
5740,0,0,0,0,0,0,0,0,0
5741,0,0,0,0,0,0,0,0,0
5742,0,0,0,0,0,0,0,0,0
5743,0,0,0,0,0,0,0,0,0
5744,0,0,0,0,0,0,0,0,0
5745,0,0,0,0,0,0,0,0,0
5746,0,0,0,0,0,0,0,0,0
5747,0,0,0,0,0,0,0,0,0
5748,0,0,0,0,0,0,0,0,0
5749,0,0,0,0,0,0,0,0,0
5750,0,0,0,0,0,0,0,0,0
5751,0,0,0,0,0,0,0,0,0
5752,0.0515082,0.00224689,7.23036e-05,3.85229e-05,1.59835e-05,9.6874e-08,2.01171e-14,1.04922e-25,0.053882
5753,0,0,0,0,0,0,0,0,0
5754,0,0,0,0,0,0,0,0,0
5755,0,0,0,0,0,0,0,0,0
5756,0,0,0,0,0,0,0,0,0
5757,0,0,0,0,0,0,0,0,0
5758,0,0,0,0,0,0,0,0,0
5759,0,0,0,0,0,0,0,0,0
5760,0,0,0,0,0,0,0,0,0
5761,0,0,0,0,0,0,0,0,0
5762,0,0,0,0,0,0,0,0,0
5763,0,0,0,0,0,0,0,0,0
5764,0,0,0,0,0,0,0,0,0
5765,0,0,0,0,0,0,0,0,0
5766,0,0,0,0,0,0,0,0,0
5767,0,0,0,0,0,0,0,0,0
5768,0,0,0,0,0,0,0,0,0
5769,0,0,0,0,0,0,0,0,0
5770,0,0,0,0,0,0,0,0,0
5771,0,0,0,0,0,0,0,0,0
5772,0,0,0,0,0,0,0,0,0
5773,0,0,0,0,0,0,0,0,0
5774,0,0,0,0,0,0,0,0,0
5775,0,0,0,0,0,0,0,0,0
5776,0,0,0,0,0,0,0,0,0
5777,0,0,0,0,0,0,0,0,0
5778,0,0,0,0,0,0,0,0,0
5779,0,0,0,0,0,0,0,0,0
5780,0,0,0,0,0,0,0,0,0
5781,0,0,0,0,0,0,0,0,0
5782,0.0613342,0.00319952,0.000123535,6.56059e-05,2.71017e-05,1.96724e-07,7.24534e-14,5.27589e-25,0.0647502
5783,0,0,0,0,0,0,0,0,0
5784,0,0,0,0,0,0,0,0,0
5785,0,0,0,0,0,0,0,0,0
5786,0,0,0,0,0,0,0,0,0
5787,0,0,0,0,0,0,0,0,0
5788,0,0,0,0,0,0,0,0,0
5789,0,0,0,0,0,0,0,0,0
5790,0,0,0,0,0,0,0,0,0
5791,0,0,0,0,0,0,0,0,0
5792,0,0,0,0,0,0,0,0,0
5793,0,0,0,0,0,0,0,0,0
5794,0.0606909,0.00311347,0.000116631,6.18609e-05,2.55109e-05,1.75217e-07,3.9815e-14,8.45493e-26,0.0640085
5795,0,0,0,0,0,0,0,0,0
5796,0,0,0,0,0,0,0,0,0
5797,0,0,0,0,0,0,0,0,0
5798,0,0,0,0,0,0,0,0,0
5799,0,0,0,0,0,0,0,0,0
5800,0,0,0,0,0,0,0,0,0
5801,0,0,0,0,0,0,0,0,0
5802,0,0,0,0,0,0,0,0,0
5803,0,0,0,0,0,0,0,0,0
5804,0,0,0,0,0,0,0,0,0
5805,0,0,0,0,0,0,0,0,0
5806,0,0,0,0,0,0,0,0,0
5807,0,0,0,0,0,0,0,0,0
5808,0,0,0,0,0,0,0,0,0
5809,0,0,0,0,0,0,0,0,0
5810,0,0,0,0,0,0,0,0,0
5811,0,0,0,0,0,0,0,0,0
5812,0,0,0,0,0,0,0,0,0
5813,0.028998,0.000684026,1.10657e-05,5.85693e-06,2.40854e-06,6.42486e-09,9.32582e-18,6.75394e-31,0.0297013
5814,0,0,0,0,0,0,0,0,0
5815,0,0,0,0,0,0,0,0,0
5816,0,0,0,0,0,0,0,0,0
5817,0,0,0,0,0,0,0,0,0
5818,0.058272,0.00288161,0.000105118,5.56101e-05,2.28532e-05,1.5515e-07,4.58775e-14,2.56437e-25,0.0613373
5819,0.0575838,0.00281272,0.000101291,5.35803e-05,2.20161e-05,1.47422e-07,4.1548e-14,2.22147e-25,0.0605735
5820,0,0,0,0,0,0,0,0,0
5821,0.0716396,0.00437926,0.000198488,0.00010497,4.31178e-05,3.65401e-07,2.1759e-13,1.98847e-24,0.0763658
5822,0,0,0,0,0,0,0,0,0
5823,0,0,0,0,0,0,0,0,0
5824,0,0,0,0,0,0,0,0,0
5825,0,0,0,0,0,0,0,0,0
5826,0,0,0,0,0,0,0,0,0
5827,0,0,0,0,0,0,0,0,0
5828,0,0,0,0,0,0,0,0,0
5829,0,0,0,0,0,0,0,0,0
5830,0,0,0,0,0,0,0,0,0
5831,0,0,0,0,0,0,0,0,0
5832,0,0,0,0,0,0,0,0,0
5833,0.0674503,0.00387577,0.000164859,8.7078e-05,3.57094e-05,2.83021e-07,1.37333e-13,1.06113e-24,0.071614
5834,0,0,0,0,0,0,0,0,0
5835,0,0,0,0,0,0,0,0,0
5836,0,0,0,0,0,0,0,0,0
5837,0,0,0,0,0,0,0,0,0
5838,0,0,0,0,0,0,0,0,0
5839,0,0,0,0,0,0,0,0,0
5840,0,0,0,0,0,0,0,0,0
5841,0,0,0,0,0,0,0,0,0
5842,0,0,0,0,0,0,0,0,0
5843,0,0,0,0,0,0,0,0,0
5844,0,0,0,0,0,0,0,0,0
5845,0,0,0,0,0,0,0,0,0
5846,0,0,0,0,0,0,0,0,0
5847,0,0,0,0,0,0,0,0,0
5848,0,0,0,0,0,0,0,0,0
5849,0,0,0,0,0,0,0,0,0
5850,0,0,0,0,0,0,0,0,0
5851,0,0,0,0,0,0,0,0,0
5852,0,0,0,0,0,0,0,0,0
5853,0,0,0,0,0,0,0,0,0
5854,0,0,0,0,0,0,0,0,0
5855,0,0,0,0,0,0,0,0,0
5856,0,0,0,0,0,0,0,0,0
5857,0,0,0,0,0,0,0,0,0
5858,0,0,0,0,0,0,0,0,0
5859,0,0,0,0,0,0,0,0,0
5860,0,0,0,0,0,0,0,0,0
5861,0,0,0,0,0,0,0,0,0
5862,0,0,0,0,0,0,0,0,0
5863,0,0,0,0,0,0,0,0,0
5864,0,0,0,0,0,0,0,0,0
5865,0,0,0,0,0,0,0,0,0
5866,0,0,0,0,0,0,0,0,0
5867,0,0,0,0,0,0,0,0,0
5868,0,0,0,0,0,0,0,0,0
5869,0,0,0,0,0,0,0,0,0
5870,0,0,0,0,0,0,0,0,0
5871,0,0,0,0,0,0,0,0,0
5872,0,0,0,0,0,0,0,0,0
5873,0,0,0,0,0,0,0,0,0
5874,0,0,0,0,0,0,0,0,0
5875,0,0,0,0,0,0,0,0,0
5876,0.0556082,0.00261847,9.06276e-05,4.76442e-05,1.94143e-05,1.23321e-07,2.96052e-14,1.22027e-25,0.0583845
5877,0,0,0,0,0,0,0,0,0
5878,0,0,0,0,0,0,0,0,0
5879,0,0,0,0,0,0,0,0,0
5880,0,0,0,0,0,0,0,0,0
5881,0,0,0,0,0,0,0,0,0
5882,0,0,0,0,0,0,0,0,0
5883,0.036204,0.00108406,2.29475e-05,1.20549e-05,4.90727e-06,1.78797e-08,2.6095e-16,3.21755e-28,0.0373279
5884,0,0,0,0,0,0,0,0,0
5885,0,0,0,0,0,0,0,0,0
5886,0,0,0,0,0,0,0,0,0
5887,0.0677311,0.00390552,0.000166383,8.73706e-05,3.55478e-05,2.78972e-07,1.31899e-13,8.70603e-25,0.0719262
5888,0,0,0,0,0,0,0,0,0
5889,0.0561892,0.00267489,9.36655e-05,4.91717e-05,1.99986e-05,1.28396e-07,3.24475e-14,1.37314e-25,0.059027
5890,0,0,0,0,0,0,0,0,0
5891,0,0,0,0,0,0,0,0,0
5892,0,0,0,0,0,0,0,0,0
5893,0,0,0,0,0,0,0,0,0
5894,0,0,0,0,0,0,0,0,0
5895,0,0,0,0,0,0,0,0,0
5896,0,0,0,0,0,0,0,0,0
5897,0,0,0,0,0,0,0,0,0
5898,0,0,0,0,0,0,0,0,0
5899,0,0,0,0,0,0,0,0,0
5900,0,0,0,0,0,0,0,0,0
5901,0.0496072,0.00207098,6.29195e-05,3.29901e-05,1.33951e-05,7.33117e-08,9.65942e-15,1.86007e-26,0.0517876
5902,0,0,0,0,0,0,0,0,0
5903,0,0,0,0,0,0,0,0,0
5904,0,0,0,0,0,0,0,0,0
5905,0,0,0,0,0,0,0,0,0
5906,0,0,0,0,0,0,0,0,0
5907,0,0,0,0,0,0,0,0,0
5908,0,0,0,0,0,0,0,0,0
5909,0,0,0,0,0,0,0,0,0
5910,0,0,0,0,0,0,0,0,0
5911,0,0,0,0,0,0,0,0,0
5912,0,0,0,0,0,0,0,0,0
5913,0,0,0,0,0,0,0,0,0
5914,0,0,0,0,0,0,0,0,0
5915,0,0,0,0,0,0,0,0,0
5916,0,0,0,0,0,0,0,0,0
5917,0,0,0,0,0,0,0,0,0
5918,0,0,0,0,0,0,0,0,0
5919,0,0,0,0,0,0,0,0,0
5920,0,0,0,0,0,0,0,0,0
5921,0.0657237,0.00366935,0.000150749,7.88645e-05,3.19251e-05,2.38896e-07,9.43492e-14,4.78377e-25,0.0696549
5922,0,0,0,0,0,0,0,0,0
5923,0,0,0,0,0,0,0,0,0
5924,0,0,0,0,0,0,0,0,0
5925,0.0721406,0.00443469,0.000201351,0.000105297,4.26028e-05,3.53749e-07,1.99052e-13,1.33455e-24,0.0769249
5926,0,0,0,0,0,0,0,0,0
5927,0,0,0,0,0,0,0,0,0
5928,0,0,0,0,0,0,0,0,0
5929,0,0,0,0,0,0,0,0,0
5930,0,0,0,0,0,0,0,0,0
5931,0,0,0,0,0,0,0,0,0
5932,0,0,0,0,0,0,0,0,0
5933,0,0,0,0,0,0,0,0,0
5934,0.056388,0.00269207,9.43636e-05,4.93e-05,1.99209e-05,1.26779e-07,3.11625e-14,1.14644e-25,0.0592438
5935,0,0,0,0,0,0,0,0,0
5936,0,0,0,0,0,0,0,0,0
5937,0,0,0,0,0,0,0,0,0
5938,0,0,0,0,0,0,0,0,0
5939,0,0,0,0,0,0,0,0,0
5940,0,0,0,0,0,0,0,0,0
5941,0,0,0,0,0,0,0,0,0
5942,0,0,0,0,0,0,0,0,0
5943,0,0,0,0,0,0,0,0,0
5944,0,0,0,0,0,0,0,0,0
5945,0,0,0,0,0,0,0,0,0
5946,0,0,0,0,0,0,0,0,0
5947,0,0,0,0,0,0,0,0,0
5948,0,0,0,0,0,0,0,0,0
5949,0,0,0,0,0,0,0,0,0
5950,0,0,0,0,0,0,0,0,0
5951,0,0,0,0,0,0,0,0,0
5952,0,0,0,0,0,0,0,0,0
5953,0,0,0,0,0,0,0,0,0
5954,0,0,0,0,0,0,0,0,0
5955,0,0,0,0,0,0,0,0,0
5956,0,0,0,0,0,0,0,0,0
5957,0,0,0,0,0,0,0,0,0
5958,0,0,0,0,0,0,0,0,0
5959,0,0,0,0,0,0,0,0,0
5960,0,0,0,0,0,0,0,0,0
5961,0,0,0,0,0,0,0,0,0
5962,0.0634216,0.00339937,0.000132687,6.91149e-05,2.78153e-05,1.93193e-07,5.01367e-14,1.07978e-25,0.0670507
5963,0,0,0,0,0,0,0,0,0
5964,0,0,0,0,0,0,0,0,0
5965,0,0,0,0,0,0,0,0,0
5966,0,0,0,0,0,0,0,0,0
5967,0,0,0,0,0,0,0,0,0
5968,0,0,0,0,0,0,0,0,0
5969,0,0,0,0,0,0,0,0,0
5970,0,0,0,0,0,0,0,0,0
5971,0,0,0,0,0,0,0,0,0
5972,0,0,0,0,0,0,0,0,0
5973,0,0,0,0,0,0,0,0,0
5974,0.0500023,0.0021086,6.49714e-05,3.37983e-05,1.3578e-05,7.50547e-08,1.18137e-14,2.83471e-26,0.0522234
5975,0.103561,0.00451948,0.000143734,7.47622e-05,3.00301e-05,1.70463e-07,2.74338e-14,6.15407e-26,0.108329
5976,0,0,0,0,0,0,0,0,0
5977,0.0400723,0.00134497,3.27291e-05,1.70209e-05,6.8353e-06,2.95536e-08,2.0619e-15,2.58016e-27,0.0414739
5978,0,0,0,0,0,0,0,0,0
5979,0,0,0,0,0,0,0,0,0
5980,0,0,0,0,0,0,0,0,0
5981,0,0,0,0,0,0,0,0,0
5982,0,0,0,0,0,0,0,0,0
5983,0,0,0,0,0,0,0,0,0
5984,0,0,0,0,0,0,0,0,0
5985,0,0,0,0,0,0,0,0,0
5986,0,0,0,0,0,0,0,0,0
5987,0,0,0,0,0,0,0,0,0
5988,0,0,0,0,0,0,0,0,0
5989,0,0,0,0,0,0,0,0,0
5990,0.0579058,0.0028386,0.000102013,5.29745e-05,2.12316e-05,1.36977e-07,3.52977e-14,1.16135e-25,0.0609207
5991,0,0,0,0,0,0,0,0,0
5992,0,0,0,0,0,0,0,0,0
5993,0,0,0,0,0,0,0,0,0
5994,0,0,0,0,0,0,0,0,0
5995,0,0,0,0,0,0,0,0,0
5996,0,0,0,0,0,0,0,0,0
5997,0,0,0,0,0,0,0,0,0
5998,0,0,0,0,0,0,0,0,0
5999,0,0,0,0,0,0,0,0,0
6000,0,0,0,0,0,0,0,0,0
6001,0,0,0,0,0,0,0,0,0
6002,0,0,0,0,0,0,0,0,0
6003,0,0,0,0,0,0,0,0,0
6004,0,0,0,0,0,0,0,0,0
6005,0,0,0,0,0,0,0,0,0
6006,0,0,0,0,0,0,0,0,0
6007,0,0,0,0,0,0,0,0,0
6008,0,0,0,0,0,0,0,0,0
6009,0,0,0,0,0,0,0,0,0
6010,0,0,0,0,0,0,0,0,0
6011,0,0,0,0,0,0,0,0,0
6012,0.0604719,0.00309832,0.000116404,6.03031e-05,2.40911e-05,1.61895e-07,4.75127e-14,1.6189e-25,0.0637712
6013,0,0,0,0,0,0,0,0,0
6014,0,0,0,0,0,0,0,0,0
6015,0,0,0,0,0,0,0,0,0
6016,0,0,0,0,0,0,0,0,0
6017,0,0,0,0,0,0,0,0,0
6018,0.0486216,0.00198914,5.91991e-05,3.06484e-05,1.22334e-05,6.44463e-08,8.448e-15,1.50846e-26,0.0507129
6019,0,0,0,0,0,0,0,0,0
6020,0,0,0,0,0,0,0,0,0
6021,0,0,0,0,0,0,0,0,0
6022,0,0,0,0,0,0,0,0,0
6023,0,0,0,0,0,0,0,0,0
6024,0,0,0,0,0,0,0,0,0
6025,0,0,0,0,0,0,0,0,0
6026,0.0500584,0.00211225,6.50253e-05,3.36372e-05,1.34116e-05,7.33111e-08,1.12735e-14,2.35194e-26,0.0522828
6027,0,0,0,0,0,0,0,0,0
6028,0,0,0,0,0,0,0,0,0
6029,0,0,0,0,0,0,0,0,0
6030,0,0,0,0,0,0,0,0,0
6031,0,0,0,0,0,0,0,0,0
6032,0,0,0,0,0,0,0,0,0
6033,0,0,0,0,0,0,0,0,0
6034,0,0,0,0,0,0,0,0,0
6035,0,0,0,0,0,0,0,0,0
6036,0,0,0,0,0,0,0,0,0
6037,0,0,0,0,0,0,0,0,0
6038,0,0,0,0,0,0,0,0,0
6039,0,0,0,0,0,0,0,0,0
6040,0,0,0,0,0,0,0,0,0
6041,0,0,0,0,0,0,0,0,0
6042,0.0444669,0.00166033,4.50225e-05,2.32489e-05,9.2477e-06,4.41688e-08,4.36803e-15,6.21774e-27,0.0462048
6043,0.0595747,0.00300391,0.000110846,5.72354e-05,2.27645e-05,1.49124e-07,4.01869e-14,1.1796e-25,0.0627696
6044,0,0,0,0,0,0,0,0,0
6045,0,0,0,0,0,0,0,0,0
6046,0,0,0,0,0,0,0,0,0
6047,0,0,0,0,0,0,0,0,0
6048,0,0,0,0,0,0,0,0,0
6049,0,0,0,0,0,0,0,0,0
6050,0,0,0,0,0,0,0,0,0
6051,0,0,0,0,0,0,0,0,0
6052,0,0,0,0,0,0,0,0,0
6053,0,0,0,0,0,0,0,0,0
6054,0,0,0,0,0,0,0,0,0
6055,0,0,0,0,0,0,0,0,0
6056,0,0,0,0,0,0,0,0,0
6057,0,0,0,0,0,0,0,0,0
6058,0,0,0,0,0,0,0,0,0
6059,0,0,0,0,0,0,0,0,0
6060,0,0,0,0,0,0,0,0,0
6061,0,0,0,0,0,0,0,0,0
6062,0,0,0,0,0,0,0,0,0
6063,0,0,0,0,0,0,0,0,0
6064,0,0,0,0,0,0,0,0,0
6065,0,0,0,0,0,0,0,0,0
6066,0,0,0,0,0,0,0,0,0
6067,0,0,0,0,0,0,0,0,0
6068,0,0,0,0,0,0,0,0,0
6069,0,0,0,0,0,0,0,0,0
6070,0,0,0,0,0,0,0,0,0
6071,0,0,0,0,0,0,0,0,0
6072,0,0,0,0,0,0,0,0,0
6073,0,0,0,0,0,0,0,0,0
6074,0,0,0,0,0,0,0,0,0
6075,0.0396878,0.0013173,3.15878e-05,1.62532e-05,6.43401e-06,2.68591e-08,1.71069e-15,1.59477e-27,0.0410594
6076,0,0,0,0,0,0,0,0,0
6077,0,0,0,0,0,0,0,0,0
6078,0,0,0,0,0,0,0,0,0
6079,0,0,0,0,0,0,0,0,0
6080,0,0,0,0,0,0,0,0,0
6081,0,0,0,0,0,0,0,0,0
6082,0,0,0,0,0,0,0,0,0
6083,0,0,0,0,0,0,0,0,0
6084,0,0,0,0,0,0,0,0,0
6085,0,0,0,0,0,0,0,0,0
6086,0,0,0,0,0,0,0,0,0
6087,0,0,0,0,0,0,0,0,0
6088,0,0,0,0,0,0,0,0,0
6089,0,0,0,0,0,0,0,0,0
6090,0,0,0,0,0,0,0,0,0
6091,0,0,0,0,0,0,0,0,0
6092,0,0,0,0,0,0,0,0,0
6093,0.0525731,0.00232913,7.50828e-05,3.85581e-05,1.52236e-05,8.58286e-08,1.43052e-14,2.57408e-26,0.0550312
6094,0,0,0,0,0,0,0,0,0
6095,0,0,0,0,0,0,0,0,0
6096,0,0,0,0,0,0,0,0,0
6097,0,0,0,0,0,0,0,0,0
6098,0,0,0,0,0,0,0,0,0
6099,0,0,0,0,0,0,0,0,0
6100,0,0,0,0,0,0,0,0,0
6101,0,0,0,0,0,0,0,0,0
6102,0,0,0,0,0,0,0,0,0
6103,0,0,0,0,0,0,0,0,0
6104,0,0,0,0,0,0,0,0,0
6105,0,0,0,0,0,0,0,0,0
6106,0,0,0,0,0,0,0,0,0
6107,0,0,0,0,0,0,0,0,0
6108,0,0,0,0,0,0,0,0,0
6109,0,0,0,0,0,0,0,0,0
6110,0,0,0,0,0,0,0,0,0
6111,0.0458257,0.00176274,4.91367e-05,2.51865e-05,9.91917e-06,4.80126e-08,4.95359e-15,6.04749e-27,0.0476728
6112,0,0,0,0,0,0,0,0,0
6113,0,0,0,0,0,0,0,0,0
6114,0,0,0,0,0,0,0,0,0
6115,0,0,0,0,0,0,0,0,0
6116,0,0,0,0,0,0,0,0,0
6117,0,0,0,0,0,0,0,0,0
6118,0,0,0,0,0,0,0,0,0
6119,0,0,0,0,0,0,0,0,0
6120,0,0,0,0,0,0,0,0,0
6121,0,0,0,0,0,0,0,0,0
6122,0,0,0,0,0,0,0,0,0
6123,0,0,0,0,0,0,0,0,0
6124,0,0,0,0,0,0,0,0,0
6125,0,0,0,0,0,0,0,0,0
6126,0,0,0,0,0,0,0,0,0
6127,0,0,0,0,0,0,0,0,0
6128,0,0,0,0,0,0,0,0,0
6129,0,0,0,0,0,0,0,0,0
6130,0,0,0,0,0,0,0,0,0
6131,0,0,0,0,0,0,0,0,0
6132,0,0,0,0,0,0,0,0,0
6133,0,0,0,0,0,0,0,0,0
6134,0,0,0,0,0,0,0,0,0
6135,0.0509112,0.00218162,6.79026e-05,3.47155e-05,1.36244e-05,7.35303e-08,1.08253e-14,1.62649e-26,0.0532091
6136,0,0,0,0,0,0,0,0,0
6137,0,0,0,0,0,0,0,0,0
6138,0.0506196,0.00215629,6.67015e-05,3.40902e-05,1.33731e-05,7.16756e-08,1.03302e-14,1.51733e-26,0.0528901
6139,0,0,0,0,0,0,0,0,0
6140,0,0,0,0,0,0,0,0,0
6141,0,0,0,0,0,0,0,0,0
6142,0.0589471,0.00293363,0.000106236,5.42721e-05,2.12776e-05,1.33553e-07,3.07751e-14,5.987e-26,0.0620627
6143,0,0,0,0,0,0,0,0,0
6144,0,0,0,0,0,0,0,0,0
6145,0,0,0,0,0,0,0,0,0
6146,0,0,0,0,0,0,0,0,0
6147,0,0,0,0,0,0,0,0,0
6148,0,0,0,0,0,0,0,0,0
6149,0,0,0,0,0,0,0,0,0
6150,0,0,0,0,0,0,0,0,0
6151,0,0,0,0,0,0,0,0,0
6152,0,0,0,0,0,0,0,0,0
6153,0,0,0,0,0,0,0,0,0
6154,0,0,0,0,0,0,0,0,0
6155,0,0,0,0,0,0,0,0,0
6156,0,0,0,0,0,0,0,0,0
6157,0,0,0,0,0,0,0,0,0
6158,0.0518419,0.00226306,7.17664e-05,3.66001e-05,1.43162e-05,7.84499e-08,1.22556e-14,1.83363e-26,0.0542277
6159,0,0,0,0,0,0,0,0,0
6160,0,0,0,0,0,0,0,0,0
6161,0,0,0,0,0,0,0,0,0
6162,0,0,0,0,0,0,0,0,0
6163,0,0,0,0,0,0,0,0,0
6164,0,0,0,0,0,0,0,0,0
6165,0,0,0,0,0,0,0,0,0
6166,0,0,0,0,0,0,0,0,0
6167,0,0,0,0,0,0,0,0,0
6168,0,0,0,0,0,0,0,0,0
6169,0,0,0,0,0,0,0,0,0
6170,0.0413431,0.00143028,3.57205e-05,1.81932e-05,7.10384e-06,3.03973e-08,2.17512e-15,1.80384e-27,0.0428345
6171,0,0,0,0,0,0,0,0,0
6172,0.0401447,0.00134587,3.24641e-05,1.65317e-05,6.45353e-06,2.65323e-08,1.60292e-15,1.10416e-27,0.041546
6173,0,0,0,0,0,0,0,0,0
6174,0,0,0,0,0,0,0,0,0
6175,0.0345128,0.000981369,1.95651e-05,9.96004e-06,3.88648e-06,1.26245e-08,1.67841e-16,1.25215e-29,0.0355276
6176,0,0,0,0,0,0,0,0,0
6177,0,0,0,0,0,0,0,0,0
6178,0,0,0,0,0,0,0,0,0
6179,0,0,0,0,0,0,0,0,0
6180,0,0,0,0,0,0,0,0,0
6181,0,0,0,0,0,0,0,0,0
6182,0,0,0,0,0,0,0,0,0
6183,0,0,0,0,0,0,0,0,0
6184,0,0,0,0,0,0,0,0,0
6185,0,0,0,0,0,0,0,0,0
6186,0,0,0,0,0,0,0,0,0
6187,0,0,0,0,0,0,0,0,0
6188,0,0,0,0,0,0,0,0,0
6189,0,0,0,0,0,0,0,0,0
6190,0,0,0,0,0,0,0,0,0
6191,0.0934278,0.00366272,0.000103879,5.27877e-05,2.05489e-05,9.96872e-08,1.05719e-14,1.09272e-26,0.0972678
6192,0,0,0,0,0,0,0,0,0
6193,0,0,0,0,0,0,0,0,0
6194,0,0,0,0,0,0,0,0,0
6195,0,0,0,0,0,0,0,0,0
6196,0,0,0,0,0,0,0,0,0
6197,0,0,0,0,0,0,0,0,0
6198,0,0,0,0,0,0,0,0,0
6199,0,0,0,0,0,0,0,0,0
6200,0.0648427,0.00355592,0.000141934,7.20528e-05,2.801e-05,1.9191e-07,5.87332e-14,1.2114e-25,0.0686408
6201,0,0,0,0,0,0,0,0,0
6202,0,0,0,0,0,0,0,0,0
6203,0,0,0,0,0,0,0,0,0
6204,0,0,0,0,0,0,0,0,0
6205,0,0,0,0,0,0,0,0,0
6206,0,0,0,0,0,0,0,0,0
6207,0,0,0,0,0,0,0,0,0
6208,0,0,0,0,0,0,0,0,0
6209,0,0,0,0,0,0,0,0,0
6210,0,0,0,0,0,0,0,0,0
6211,0,0,0,0,0,0,0,0,0
6212,0,0,0,0,0,0,0,0,0
6213,0,0,0,0,0,0,0,0,0
6214,0,0,0,0,0,0,0,0,0
6215,0.0574138,0.00278043,9.78205e-05,4.95802e-05,1.92331e-05,1.15757e-07,2.42639e-14,3.8291e-26,0.0603609
6216,0,0,0,0,0,0,0,0,0
6217,0,0,0,0,0,0,0,0,0
6218,0,0,0,0,0,0,0,0,0
6219,0,0,0,0,0,0,0,0,0
6220,0,0,0,0,0,0,0,0,0
6221,0,0,0,0,0,0,0,0,0
6222,0,0,0,0,0,0,0,0,0
6223,0,0,0,0,0,0,0,0,0
6224,0,0,0,0,0,0,0,0,0
6225,0,0,0,0,0,0,0,0,0
6226,0,0,0,0,0,0,0,0,0
6227,0,0,0,0,0,0,0,0,0
6228,0,0,0,0,0,0,0,0,0
6229,0,0,0,0,0,0,0,0,0
6230,0,0,0,0,0,0,0,0,0
6231,0,0,0,0,0,0,0,0,0
6232,0,0,0,0,0,0,0,0,0
6233,0,0,0,0,0,0,0,0,0
6234,0,0,0,0,0,0,0,0,0
6235,0,0,0,0,0,0,0,0,0
6236,0,0,0,0,0,0,0,0,0
6237,0,0,0,0,0,0,0,0,0
6238,0,0,0,0,0,0,0,0,0
6239,0,0,0,0,0,0,0,0,0
6240,0.0111909,7.10082e-05,2.05e-08,1.03627e-08,4.00548e-09,3.83595e-10,1.98278e-16,1.29471e-28,0.0112619
6241,0,0,0,0,0,0,0,0,0
6242,0,0,0,0,0,0,0,0,0
6243,0,0,0,0,0,0,0,0,0
6244,0,0,0,0,0,0,0,0,0
6245,0,0,0,0,0,0,0,0,0
6246,0,0,0,0,0,0,0,0,0
6247,0,0,0,0,0,0,0,0,0
6248,0,0,0,0,0,0,0,0,0
6249,0,0,0,0,0,0,0,0,0
6250,0,0,0,0,0,0,0,0,0
6251,0.0438796,0.00161198,4.26921e-05,2.15559e-05,8.31905e-06,3.71834e-08,3.08129e-15,2.31314e-27,0.0455642
6252,0,0,0,0,0,0,0,0,0
6253,0,0,0,0,0,0,0,0,0
6254,0,0,0,0,0,0,0,0,0
6255,0,0,0,0,0,0,0,0,0
6256,0,0,0,0,0,0,0,0,0
6257,0,0,0,0,0,0,0,0,0
6258,0,0,0,0,0,0,0,0,0
6259,0,0,0,0,0,0,0,0,0
6260,0,0,0,0,0,0,0,0,0
6261,0,0,0,0,0,0,0,0,0
6262,0,0,0,0,0,0,0,0,0
6263,0,0,0,0,0,0,0,0,0
6264,0,0,0,0,0,0,0,0,0
6265,0,0,0,0,0,0,0,0,0
6266,0,0,0,0,0,0,0,0,0
6267,0,0,0,0,0,0,0,0,0
6268,0,0,0,0,0,0,0,0,0
6269,0,0,0,0,0,0,0,0,0
6270,0,0,0,0,0,0,0,0,0
6271,0,0,0,0,0,0,0,0,0
6272,0.0512935,0.00221031,6.88184e-05,3.46686e-05,1.33389e-05,6.99593e-08,9.47253e-15,9.36848e-27,0.0536207
6273,0.0526791,0.0023334,7.47568e-05,3.76544e-05,1.44847e-05,7.82527e-08,1.17129e-14,1.25087e-26,0.0551395
6274,0,0,0,0,0,0,0,0,0
6275,0,0,0,0,0,0,0,0,0
6276,0,0,0,0,0,0,0,0,0
6277,0,0,0,0,0,0,0,0,0
6278,0,0,0,0,0,0,0,0,0
6279,0,0,0,0,0,0,0,0,0
6280,0,0,0,0,0,0,0,0,0
6281,0,0,0,0,0,0,0,0,0
6282,0,0,0,0,0,0,0,0,0
6283,0.0529479,0.00235691,7.58403e-05,3.81578e-05,1.46565e-05,7.93282e-08,1.18938e-14,1.23028e-26,0.0554335
6284,0,0,0,0,0,0,0,0,0
6285,0,0,0,0,0,0,0,0,0
6286,0,0,0,0,0,0,0,0,0
6287,0,0,0,0,0,0,0,0,0
6288,0,0,0,0,0,0,0,0,0
6289,0,0,0,0,0,0,0,0,0
6290,0,0,0,0,0,0,0,0,0
6291,0.0943829,0.00382384,0.00011434,5.7481e-05,2.20543e-05,1.13035e-07,1.60698e-14,1.69726e-26,0.0984007
6292,0.0491343,0.0020242,6.00756e-05,3.01971e-05,1.15838e-05,5.74969e-08,6.42246e-15,5.08733e-27,0.0512604
6293,0,0,0,0,0,0,0,0,0
6294,0,0,0,0,0,0,0,0,0
6295,0,0,0,0,0,0,0,0,0
6296,0.0524924,0.00231545,7.37708e-05,3.70652e-05,1.42103e-05,7.59196e-08,1.09155e-14,1.05727e-26,0.054933
6297,0,0,0,0,0,0,0,0,0
6298,0.0417832,0.00145803,3.65305e-05,1.83516e-05,7.03437e-06,2.93663e-08,1.93316e-15,1.06179e-27,0.0433032
6299,0,0,0,0,0,0,0,0,0
6300,0,0,0,0,0,0,0,0,0
6301,0,0,0,0,0,0,0,0,0
6302,0.0490395,0.0020171,5.98156e-05,3.00357e-05,1.15061e-05,5.70578e-08,6.49654e-15,5.26218e-27,0.051158
6303,0,0,0,0,0,0,0,0,0
6304,0.0523884,0.0023065,7.33621e-05,3.68297e-05,1.41045e-05,7.51704e-08,1.08285e-14,1.04254e-26,0.0548193
6305,0,0,0,0,0,0,0,0,0
6306,0,0,0,0,0,0,0,0,0
6307,0,0,0,0,0,0,0,0,0
6308,0.10242,0.00446026,0.000142038,7.12772e-05,2.72816e-05,1.47246e-07,2.35736e-14,2.5272e-26,0.107121
6309,0,0,0,0,0,0,0,0,0
6310,0,0,0,0,0,0,0,0,0
6311,0,0,0,0,0,0,0,0,0
6312,0,0,0,0,0,0,0,0,0
6313,0,0,0,0,0,0,0,0,0
6314,0,0,0,0,0,0,0,0,0
6315,0,0,0,0,0,0,0,0,0
6316,0,0,0,0,0,0,0,0,0
6317,0,0,0,0,0,0,0,0,0
6318,0,0,0,0,0,0,0,0,0
6319,0,0,0,0,0,0,0,0,0
6320,0,0,0,0,0,0,0,0,0
6321,0,0,0,0,0,0,0,0,0
6322,0.0445809,0.0016624,4.45582e-05,2.23262e-05,8.52806e-06,3.79827e-08,3.09543e-15,1.8835e-27,0.0463188
6323,0,0,0,0,0,0,0,0,0
6324,0,0,0,0,0,0,0,0,0
6325,0,0,0,0,0,0,0,0,0
6326,0,0,0,0,0,0,0,0,0
6327,0,0,0,0,0,0,0,0,0
6328,0,0,0,0,0,0,0,0,0
6329,0,0,0,0,0,0,0,0,0
6330,0,0,0,0,0,0,0,0,0
6331,0,0,0,0,0,0,0,0,0
6332,0,0,0,0,0,0,0,0,0
6333,0,0,0,0,0,0,0,0,0
6334,0,0,0,0,0,0,0,0,0
6335,0,0,0,0,0,0,0,0,0
6336,0,0,0,0,0,0,0,0,0
6337,0,0,0,0,0,0,0,0,0
6338,0,0,0,0,0,0,0,0,0
6339,0,0,0,0,0,0,0,0,0
6340,0,0,0,0,0,0,0,0,0
6341,0,0,0,0,0,0,0,0,0
6342,0.0504479,0.00213528,6.51248e-05,3.25606e-05,1.24012e-05,6.2796e-08,7.69649e-15,5.96249e-27,0.0526933
6343,0,0,0,0,0,0,0,0,0
6344,0,0,0,0,0,0,0,0,0
6345,0,0,0,0,0,0,0,0,0
6346,0,0,0,0,0,0,0,0,0
6347,0,0,0,0,0,0,0,0,0
6348,0.046076,0.00176722,4.81333e-05,2.40494e-05,9.15143e-06,4.03749e-08,2.38417e-15,4.71396e-28,0.0479246
6349,0,0,0,0,0,0,0,0,0
6350,0,0,0,0,0,0,0,0,0
6351,0,0,0,0,0,0,0,0,0
6352,0,0,0,0,0,0,0,0,0
6353,0,0,0,0,0,0,0,0,0
6354,0,0,0,0,0,0,0,0,0
6355,0,0,0,0,0,0,0,0,0
6356,0.0441149,0.00162546,4.29195e-05,2.14272e-05,8.14484e-06,3.53893e-08,2.6025e-15,1.2938e-27,0.0458128
6357,0,0,0,0,0,0,0,0,0
6358,0,0,0,0,0,0,0,0,0
6359,0,0,0,0,0,0,0,0,0
6360,0,0,0,0,0,0,0,0,0
6361,0,0,0,0,0,0,0,0,0
6362,0,0,0,0,0,0,0,0,0
6363,0,0,0,0,0,0,0,0,0
6364,0,0,0,0,0,0,0,0,0
6365,0,0,0,0,0,0,0,0,0
6366,0,0,0,0,0,0,0,0,0
6367,0,0,0,0,0,0,0,0,0
6368,0,0,0,0,0,0,0,0,0
6369,0,0,0,0,0,0,0,0,0
6370,0,0,0,0,0,0,0,0,0
6371,0,0,0,0,0,0,0,0,0
6372,0.047759,0.00190972,5.48629e-05,2.73401e-05,1.03671e-05,4.90327e-08,4.82176e-15,2.92125e-27,0.0497613
6373,0,0,0,0,0,0,0,0,0
6374,0,0,0,0,0,0,0,0,0
6375,0,0,0,0,0,0,0,0,0
6376,0,0,0,0,0,0,0,0,0
6377,0,0,0,0,0,0,0,0,0
6378,0,0,0,0,0,0,0,0,0
6379,0,0,0,0,0,0,0,0,0
6380,0,0,0,0,0,0,0,0,0
6381,0,0,0,0,0,0,0,0,0
6382,0,0,0,0,0,0,0,0,0
6383,0,0,0,0,0,0,0,0,0
6384,0,0,0,0,0,0,0,0,0
6385,0,0,0,0,0,0,0,0,0
6386,0,0,0,0,0,0,0,0,0
6387,0,0,0,0,0,0,0,0,0
6388,0,0,0,0,0,0,0,0,0
6389,0,0,0,0,0,0,0,0,0
6390,0,0,0,0,0,0,0,0,0
6391,0,0,0,0,0,0,0,0,0
6392,0,0,0,0,0,0,0,0,0
6393,0,0,0,0,0,0,0,0,0
6394,0,0,0,0,0,0,0,0,0
6395,0,0,0,0,0,0,0,0,0
6396,0,0,0,0,0,0,0,0,0
6397,0,0,0,0,0,0,0,0,0
6398,0.0456627,0.00174284,4.76808e-05,2.36964e-05,8.95271e-06,4.00511e-08,3.29715e-15,1.63837e-27,0.0474859
6399,0.0536474,0.00241646,7.83691e-05,3.89421e-05,1.47097e-05,7.83658e-08,1.12827e-14,8.42074e-27,0.0561959
6400,0,0,0,0,0,0,0,0,0
6401,0,0,0,0,0,0,0,0,0
6402,0.0389681,0.00126372,2.92478e-05,1.45293e-05,5.48611e-06,2.06544e-08,9.83408e-16,3.25219e-28,0.0402811
6403,0,0,0,0,0,0,0,0,0
6404,0,0,0,0,0,0,0,0,0
6405,0,0,0,0,0,0,0,0,0
6406,0,0,0,0,0,0,0,0,0
6407,0,0,0,0,0,0,0,0,0
6408,0,0,0,0,0,0,0,0,0
6409,0,0,0,0,0,0,0,0,0
6410,0,0,0,0,0,0,0,0,0
6411,0,0,0,0,0,0,0,0,0
6412,0,0,0,0,0,0,0,0,0
6413,0,0,0,0,0,0,0,0,0
6414,0,0,0,0,0,0,0,0,0
6415,0,0,0,0,0,0,0,0,0
6416,0,0,0,0,0,0,0,0,0
6417,0,0,0,0,0,0,0,0,0
6418,0,0,0,0,0,0,0,0,0
6419,0.0461808,0.00178155,4.91753e-05,2.43836e-05,9.18421e-06,4.11993e-08,3.35345e-15,1.51921e-27,0.0480451
6420,0.0476065,0.00189649,5.4202e-05,2.6872e-05,1.01195e-05,4.71757e-08,4.48412e-15,2.37012e-27,0.0495943
6421,0.0353669,0.00103831,2.17011e-05,1.07576e-05,4.05042e-06,1.36971e-08,4.71629e-16,1.1999e-28,0.0364418
6422,0,0,0,0,0,0,0,0,0
6423,0,0,0,0,0,0,0,0,0
6424,0,0,0,0,0,0,0,0,0
6425,0,0,0,0,0,0,0,0,0
6426,0,0,0,0,0,0,0,0,0
6427,0,0,0,0,0,0,0,0,0
6428,0.0475218,0.00188815,5.37251e-05,2.66145e-05,1.00118e-05,4.62819e-08,4.1738e-15,2.00394e-27,0.0495003
6429,0,0,0,0,0,0,0,0,0
6430,0,0,0,0,0,0,0,0,0
6431,0,0,0,0,0,0,0,0,0
6432,0,0,0,0,0,0,0,0,0
6433,0,0,0,0,0,0,0,0,0
6434,0,0,0,0,0,0,0,0,0
6435,0,0,0,0,0,0,0,0,0
6436,0,0,0,0,0,0,0,0,0
6437,0,0,0,0,0,0,0,0,0
6438,0,0,0,0,0,0,0,0,0
6439,0.0440251,0.00161826,4.2573e-05,2.10649e-05,7.91159e-06,3.37678e-08,2.44368e-15,1.01996e-27,0.0457149
6440,0,0,0,0,0,0,0,0,0
6441,0,0,0,0,0,0,0,0,0
6442,0,0,0,0,0,0,0,0,0
6443,0,0,0,0,0,0,0,0,0
6444,0,0,0,0,0,0,0,0,0
6445,0,0,0,0,0,0,0,0,0
6446,0,0,0,0,0,0,0,0,0
6447,0,0,0,0,0,0,0,0,0
6448,0,0,0,0,0,0,0,0,0
6449,0,0,0,0,0,0,0,0,0
6450,0,0,0,0,0,0,0,0,0
6451,0,0,0,0,0,0,0,0,0
6452,0,0,0,0,0,0,0,0,0
6453,0,0,0,0,0,0,0,0,0
6454,0,0,0,0,0,0,0,0,0
6455,0,0,0,0,0,0,0,0,0
6456,0.047066,0.00185235,5.22287e-05,2.57945e-05,9.66381e-06,4.41216e-08,3.95137e-15,1.83447e-27,0.0490061
6457,0,0,0,0,0,0,0,0,0
6458,0,0,0,0,0,0,0,0,0
6459,0,0,0,0,0,0,0,0,0
6460,0,0,0,0,0,0,0,0,0
6461,0,0,0,0,0,0,0,0,0
6462,0,0,0,0,0,0,0,0,0
6463,0,0,0,0,0,0,0,0,0
6464,0,0,0,0,0,0,0,0,0
6465,0,0,0,0,0,0,0,0,0
6466,0,0,0,0,0,0,0,0,0
6467,0,0,0,0,0,0,0,0,0
6468,0,0,0,0,0,0,0,0,0
6469,0,0,0,0,0,0,0,0,0
6470,0,0,0,0,0,0,0,0,0
6471,0,0,0,0,0,0,0,0,0
6472,0,0,0,0,0,0,0,0,0
6473,0,0,0,0,0,0,0,0,0
6474,0,0,0,0,0,0,0,0,0
6475,0,0,0,0,0,0,0,0,0
6476,0,0,0,0,0,0,0,0,0
6477,0,0,0,0,0,0,0,0,0
6478,0,0,0,0,0,0,0,0,0
6479,0,0,0,0,0,0,0,0,0
6480,0,0,0,0,0,0,0,0,0
6481,0,0,0,0,0,0,0,0,0
6482,0,0,0,0,0,0,0,0,0
6483,0,0,0,0,0,0,0,0,0
6484,0,0,0,0,0,0,0,0,0
6485,0,0,0,0,0,0,0,0,0
6486,0,0,0,0,0,0,0,0,0
6487,0,0,0,0,0,0,0,0,0
6488,0,0,0,0,0,0,0,0,0
6489,0,0,0,0,0,0,0,0,0
6490,0,0,0,0,0,0,0,0,0
6491,0,0,0,0,0,0,0,0,0
6492,0,0,0,0,0,0,0,0,0
6493,0,0,0,0,0,0,0,0,0
6494,0,0,0,0,0,0,0,0,0
6495,0,0,0,0,0,0,0,0,0
6496,0,0,0,0,0,0,0,0,0
6497,0,0,0,0,0,0,0,0,0
6498,0,0,0,0,0,0,0,0,0
6499,0,0,0,0,0,0,0,0,0
6500,0,0,0,0,0,0,0,0,0
6501,0,0,0,0,0,0,0,0,0
6502,0,0,0,0,0,0,0,0,0
6503,0,0,0,0,0,0,0,0,0
6504,0,0,0,0,0,0,0,0,0
6505,0,0,0,0,0,0,0,0,0
6506,0,0,0,0,0,0,0,0,0
6507,0,0,0,0,0,0,0,0,0
6508,0,0,0,0,0,0,0,0,0
6509,0,0,0,0,0,0,0,0,0
6510,0,0,0,0,0,0,0,0,0
6511,0,0,0,0,0,0,0,0,0
6512,0,0,0,0,0,0,0,0,0
6513,0,0,0,0,0,0,0,0,0
6514,0,0,0,0,0,0,0,0,0
6515,0,0,0,0,0,0,0,0,0
6516,0,0,0,0,0,0,0,0,0
6517,0,0,0,0,0,0,0,0,0
6518,0.0389364,0.00126013,2.90072e-05,1.42313e-05,5.28449e-06,1.93506e-08,8.66442e-16,2.0878e-28,0.040245
6519,0,0,0,0,0,0,0,0,0
6520,0,0,0,0,0,0,0,0,0
6521,0.0297043,0.000727934,1.25944e-05,6.17672e-06,2.29249e-06,6.25696e-09,1.10027e-16,1.33405e-29,0.0304533
6522,0,0,0,0,0,0,0,0,0
6523,0,0,0,0,0,0,0,0,0
6524,0,0,0,0,0,0,0,0,0
6525,0.034387,0.000978444,1.96881e-05,9.65098e-06,3.57961e-06,1.13589e-08,3.10152e-16,4.80082e-29,0.0353984
6526,0.036819,0.00112483,2.43928e-05,1.19562e-05,4.43418e-06,1.52403e-08,5.56573e-16,1.12712e-28,0.0379846
6527,0,0,0,0,0,0,0,0,0
6528,0,0,0,0,0,0,0,0,0
6529,0,0,0,0,0,0,0,0,0
6530,0,0,0,0,0,0,0,0,0
6531,0,0,0,0,0,0,0,0,0
6532,0,0,0,0,0,0,0,0,0
6533,0,0,0,0,0,0,0,0,0
6534,0,0,0,0,0,0,0,0,0
6535,0,0,0,0,0,0,0,0,0
6536,0,0,0,0,0,0,0,0,0
6537,0,0,0,0,0,0,0,0,0
6538,0,0,0,0,0,0,0,0,0
6539,0,0,0,0,0,0,0,0,0
6540,0,0,0,0,0,0,0,0,0
6541,0,0,0,0,0,0,0,0,0
6542,0,0,0,0,0,0,0,0,0
6543,0,0,0,0,0,0,0,0,0
6544,0,0,0,0,0,0,0,0,0
6545,0,0,0,0,0,0,0,0,0
6546,0,0,0,0,0,0,0,0,0
6547,0,0,0,0,0,0,0,0,0
6548,0,0,0,0,0,0,0,0,0
6549,0,0,0,0,0,0,0,0,0
6550,0,0,0,0,0,0,0,0,0
6551,0,0,0,0,0,0,0,0,0
6552,0,0,0,0,0,0,0,0,0
6553,0,0,0,0,0,0,0,0,0
6554,0,0,0,0,0,0,0,0,0
6555,0,0,0,0,0,0,0,0,0
6556,0,0,0,0,0,0,0,0,0
6557,0,0,0,0,0,0,0,0,0
6558,0,0,0,0,0,0,0,0,0
6559,0,0,0,0,0,0,0,0,0
6560,0,0,0,0,0,0,0,0,0
6561,0,0,0,0,0,0,0,0,0
6562,0,0,0,0,0,0,0,0,0
6563,0,0,0,0,0,0,0,0,0
6564,0,0,0,0,0,0,0,0,0
6565,0.0303234,0.000757007,1.32687e-05,6.47681e-06,2.38873e-06,6.50114e-09,1.0442e-16,9.1865e-30,0.0311026
6566,0,0,0,0,0,0,0,0,0
6567,0,0,0,0,0,0,0,0,0
6568,0.019945,0.000300282,2.51609e-06,1.22768e-06,4.52542e-07,2.79695e-10,9.98591e-17,7.53042e-29,0.0202495
6569,0,0,0,0,0,0,0,0,0
6570,0,0,0,0,0,0,0,0,0
6571,0,0,0,0,0,0,0,0,0
6572,0,0,0,0,0,0,0,0,0
6573,0,0,0,0,0,0,0,0,0
6574,0,0,0,0,0,0,0,0,0
6575,0,0,0,0,0,0,0,0,0
6576,0,0,0,0,0,0,0,0,0
6577,0,0,0,0,0,0,0,0,0
6578,0,0,0,0,0,0,0,0,0
6579,0,0,0,0,0,0,0,0,0
6580,0,0,0,0,0,0,0,0,0
6581,0,0,0,0,0,0,0,0,0
6582,0,0,0,0,0,0,0,0,0
6583,0,0,0,0,0,0,0,0,0
6584,0,0,0,0,0,0,0,0,0
6585,0,0,0,0,0,0,0,0,0
6586,0,0,0,0,0,0,0,0,0
6587,0,0,0,0,0,0,0,0,0
6588,0,0,0,0,0,0,0,0,0
6589,0,0,0,0,0,0,0,0,0
6590,0,0,0,0,0,0,0,0,0
6591,0,0,0,0,0,0,0,0,0
6592,0,0,0,0,0,0,0,0,0
6593,0,0,0,0,0,0,0,0,0
6594,0.0408567,0.00138341,3.30332e-05,1.60743e-05,5.90376e-06,2.18455e-08,8.78676e-16,1.20883e-28,0.0422952
6595,0,0,0,0,0,0,0,0,0
6596,0,0,0,0,0,0,0,0,0
6597,0.0348623,0.00100588,2.05143e-05,9.9793e-06,3.66363e-06,1.16516e-08,3.33609e-16,4.71158e-29,0.0359023
6598,0,0,0,0,0,0,0,0,0
6599,0,0,0,0,0,0,0,0,0
6600,0,0,0,0,0,0,0,0,0
6601,0,0,0,0,0,0,0,0,0
6602,0,0,0,0,0,0,0,0,0
6603,0,0,0,0,0,0,0,0,0
6604,0,0,0,0,0,0,0,0,0
6605,0,0,0,0,0,0,0,0,0
6606,0,0,0,0,0,0,0,0,0
6607,0,0,0,0,0,0,0,0,0
6608,0,0,0,0,0,0,0,0,0
6609,0,0,0,0,0,0,0,0,0
6610,0,0,0,0,0,0,0,0,0
6611,0.0369492,0.00113181,2.45459e-05,1.19223e-05,4.36799e-06,1.47682e-08,5.19532e-16,8.32906e-29,0.0381219
6612,0,0,0,0,0,0,0,0,0
6613,0,0,0,0,0,0,0,0,0
6614,0,0,0,0,0,0,0,0,0
6615,0,0,0,0,0,0,0,0,0
6616,0,0,0,0,0,0,0,0,0
6617,0.0433195,0.00156192,4.00087e-05,1.94192e-05,7.10799e-06,2.84455e-08,1.69363e-15,3.85453e-28,0.044948
6618,0,0,0,0,0,0,0,0,0
6619,0,0,0,0,0,0,0,0,0
6620,0,0,0,0,0,0,0,0,0
6621,0,0,0,0,0,0,0,0,0
6622,0,0,0,0,0,0,0,0,0
6623,0,0,0,0,0,0,0,0,0
6624,0,0,0,0,0,0,0,0,0
6625,0,0,0,0,0,0,0,0,0
6626,0.0424519,0.00149847,3.7518e-05,1.81942e-05,6.65176e-06,2.59307e-08,1.40385e-15,2.86954e-28,0.0440127
6627,0,0,0,0,0,0,0,0,0
6628,0,0,0,0,0,0,0,0,0
6629,0,0,0,0,0,0,0,0,0
6630,0,0,0,0,0,0,0,0,0
6631,0.0088354,1.61541e-06,5.93309e-06,2.87558e-06,1.0505e-06,2.11262e-08,1.72391e-14,1.42139e-26,0.0088469
6632,0,0,0,0,0,0,0,0,0
6633,0,0,0,0,0,0,0,0,0
6634,0,0,0,0,0,0,0,0,0
6635,0.0361091,0.00107995,2.28365e-05,1.10637e-05,4.03955e-06,1.32463e-08,4.24539e-16,6.00232e-29,0.037227
6636,0.0455045,0.00172516,4.64847e-05,2.2517e-05,8.21966e-06,3.45063e-08,2.38754e-15,5.74741e-28,0.0473069
6637,0,0,0,0,0,0,0,0,0
6638,0,0,0,0,0,0,0,0,0
6639,0,0,0,0,0,0,0,0,0
6640,0,0,0,0,0,0,0,0,0
6641,0,0,0,0,0,0,0,0,0
6642,0,0,0,0,0,0,0,0,0
6643,0,0,0,0,0,0,0,0,0
6644,0,0,0,0,0,0,0,0,0
6645,0,0,0,0,0,0,0,0,0
6646,0,0,0,0,0,0,0,0,0
6647,0,0,0,0,0,0,0,0,0
6648,0,0,0,0,0,0,0,0,0
6649,0,0,0,0,0,0,0,0,0
6650,0,0,0,0,0,0,0,0,0
6651,0.0383041,0.00121621,2.72961e-05,1.32016e-05,4.80912e-06,1.66769e-08,6.26047e-16,9.26144e-29,0.0395656
6652,0,0,0,0,0,0,0,0,0
6653,0,0,0,0,0,0,0,0,0
6654,0,0,0,0,0,0,0,0,0
6655,0,0,0,0,0,0,0,0,0
6656,0,0,0,0,0,0,0,0,0
6657,0,0,0,0,0,0,0,0,0
6658,0.0364586,0.00110014,2.34235e-05,1.13199e-05,4.11937e-06,1.35085e-08,4.23119e-16,5.35234e-29,0.0375976
6659,0,0,0,0,0,0,0,0,0
6660,0,0,0,0,0,0,0,0,0
6661,0,0,0,0,0,0,0,0,0
6662,0,0,0,0,0,0,0,0,0
6663,0,0,0,0,0,0,0,0,0
6664,0,0,0,0,0,0,0,0,0
6665,0,0,0,0,0,0,0,0,0
6666,0.0360307,0.00107441,2.26106e-05,1.09173e-05,3.96818e-06,1.28535e-08,3.93116e-16,4.88856e-29,0.0371426
6667,0,0,0,0,0,0,0,0,0
6668,0,0,0,0,0,0,0,0,0
6669,0,0,0,0,0,0,0,0,0
6670,0,0,0,0,0,0,0,0,0
6671,0,0,0,0,0,0,0,0,0
6672,0,0,0,0,0,0,0,0,0
6673,0,0,0,0,0,0,0,0,0
6674,0,0,0,0,0,0,0,0,0
6675,0,0,0,0,0,0,0,0,0
6676,0,0,0,0,0,0,0,0,0
6677,0,0,0,0,0,0,0,0,0
6678,0.0321983,0.000853462,1.58382e-05,7.63725e-06,2.77104e-06,7.81066e-09,1.40238e-16,9.71387e-30,0.033078
6679,0,0,0,0,0,0,0,0,0
6680,0,0,0,0,0,0,0,0,0
6681,0,0,0,0,0,0,0,0,0
6682,0,0,0,0,0,0,0,0,0
6683,0,0,0,0,0,0,0,0,0
6684,0,0,0,0,0,0,0,0,0
6685,0,0,0,0,0,0,0,0,0
6686,0,0,0,0,0,0,0,0,0
6687,0.0368988,0.0011268,2.42612e-05,1.16875e-05,4.23511e-06,1.39657e-08,4.46654e-16,5.32258e-29,0.0380658
6688,0,0,0,0,0,0,0,0,0
6689,0,0,0,0,0,0,0,0,0
6690,0,0,0,0,0,0,0,0,0
6691,0,0,0,0,0,0,0,0,0
6692,0,0,0,0,0,0,0,0,0
6693,0,0,0,0,0,0,0,0,0
6694,0,0,0,0,0,0,0,0,0
6695,0,0,0,0,0,0,0,0,0
6696,0,0,0,0,0,0,0,0,0
6697,0,0,0,0,0,0,0,0,0
6698,0,0,0,0,0,0,0,0,0
6699,0,0,0,0,0,0,0,0,0
6700,0,0,0,0,0,0,0,0,0
6701,0,0,0,0,0,0,0,0,0
6702,0,0,0,0,0,0,0,0,0
6703,0,0,0,0,0,0,0,0,0
6704,0,0,0,0,0,0,0,0,0
6705,0,0,0,0,0,0,0,0,0
6706,0,0,0,0,0,0,0,0,0
6707,0,0,0,0,0,0,0,0,0
6708,0,0,0,0,0,0,0,0,0
6709,0,0,0,0,0,0,0,0,0
6710,0,0,0,0,0,0,0,0,0
6711,0,0,0,0,0,0,0,0,0
6712,0,0,0,0,0,0,0,0,0
6713,0.0471961,0.00185517,5.17018e-05,2.48368e-05,8.96619e-06,3.83265e-08,2.80059e-15,5.68265e-28,0.0491368
6714,0,0,0,0,0,0,0,0,0
6715,0,0,0,0,0,0,0,0,0
6716,0,0,0,0,0,0,0,0,0
6717,0,0,0,0,0,0,0,0,0
6718,0,0,0,0,0,0,0,0,0
6719,0,0,0,0,0,0,0,0,0
6720,0,0,0,0,0,0,0,0,0
6721,0,0,0,0,0,0,0,0,0
6722,0,0,0,0,0,0,0,0,0
6723,0,0,0,0,0,0,0,0,0
6724,0.0360863,0.00107686,2.26294e-05,1.08587e-05,3.91413e-06,1.25106e-08,3.68054e-16,3.831e-29,0.0372006
6725,0,0,0,0,0,0,0,0,0
6726,0,0,0,0,0,0,0,0,0
6727,0.043684,0.00158598,4.0736e-05,1.95398e-05,7.03983e-06,2.76145e-08,1.54829e-15,2.52651e-28,0.0453373
6728,0,0,0,0,0,0,0,0,0
6729,0,0,0,0,0,0,0,0,0
6730,0,0,0,0,0,0,0,0,0
6731,0,0,0,0,0,0,0,0,0
6732,0,0,0,0,0,0,0,0,0
6733,0,0,0,0,0,0,0,0,0
6734,0,0,0,0,0,0,0,0,0
6735,0,0,0,0,0,0,0,0,0
6736,0,0,0,0,0,0,0,0,0
6737,0,0,0,0,0,0,0,0,0
6738,0.0454029,0.0017145,4.58155e-05,2.1952e-05,7.89725e-06,3.21765e-08,2.0242e-15,3.4676e-28,0.0471931
6739,0,0,0,0,0,0,0,0,0
6740,0,0,0,0,0,0,0,0,0
6741,0,0,0,0,0,0,0,0,0
6742,0,0,0,0,0,0,0,0,0
6743,0,0,0,0,0,0,0,0,0
6744,0,0,0,0,0,0,0,0,0
6745,0,0,0,0,0,0,0,0,0
6746,0,0,0,0,0,0,0,0,0
6747,0,0,0,0,0,0,0,0,0
6748,0.0319278,0.000839183,1.54408e-05,7.39006e-06,2.65463e-06,7.34665e-09,1.32882e-16,8.74664e-30,0.0327925
6749,0,0,0,0,0,0,0,0,0
6750,0,0,0,0,0,0,0,0,0
6751,0,0,0,0,0,0,0,0,0
6752,0.0351077,0.00101717,2.06768e-05,9.89188e-06,3.55132e-06,1.08753e-08,2.7062e-16,2.21126e-29,0.036159
6753,0.0402433,0.00134265,3.15998e-05,1.51159e-05,5.42607e-06,1.93658e-08,8.09428e-16,1.00632e-28,0.0416381
6754,0,0,0,0,0,0,0,0,0
6755,0,0,0,0,0,0,0,0,0
6756,0,0,0,0,0,0,0,0,0
6757,0,0,0,0,0,0,0,0,0
6758,0,0,0,0,0,0,0,0,0
6759,0,0,0,0,0,0,0,0,0
6760,0,0,0,0,0,0,0,0,0
6761,0,0,0,0,0,0,0,0,0
6762,0,0,0,0,0,0,0,0,0
6763,0,0,0,0,0,0,0,0,0
6764,0,0,0,0,0,0,0,0,0
6765,0,0,0,0,0,0,0,0,0
6766,0,0,0,0,0,0,0,0,0
6767,0,0,0,0,0,0,0,0,0
6768,0,0,0,0,0,0,0,0,0
6769,0,0,0,0,0,0,0,0,0
6770,0,0,0,0,0,0,0,0,0
6771,0,0,0,0,0,0,0,0,0
6772,0,0,0,0,0,0,0,0,0
6773,0,0,0,0,0,0,0,0,0
6774,0,0,0,0,0,0,0,0,0
6775,0,0,0,0,0,0,0,0,0
6776,0,0,0,0,0,0,0,0,0
6777,0,0,0,0,0,0,0,0,0
6778,0.041239,0.00141024,3.40051e-05,1.62233e-05,5.80289e-06,2.11208e-08,9.38574e-16,1.14016e-28,0.0427053
6779,0,0,0,0,0,0,0,0,0
6780,0,0,0,0,0,0,0,0,0
6781,0,0,0,0,0,0,0,0,0
6782,0,0,0,0,0,0,0,0,0
6783,0,0,0,0,0,0,0,0,0
6784,0,0,0,0,0,0,0,0,0
6785,0,0,0,0,0,0,0,0,0
6786,0,0,0,0,0,0,0,0,0
6787,0,0,0,0,0,0,0,0,0
6788,0,0,0,0,0,0,0,0,0
6789,0,0,0,0,0,0,0,0,0
6790,0,0,0,0,0,0,0,0,0
6791,0,0,0,0,0,0,0,0,0
6792,0,0,0,0,0,0,0,0,0
6793,0,0,0,0,0,0,0,0,0
6794,0,0,0,0,0,0,0,0,0
6795,0,0,0,0,0,0,0,0,0
6796,0,0,0,0,0,0,0,0,0
6797,0,0,0,0,0,0,0,0,0
6798,0,0,0,0,0,0,0,0,0
6799,0,0,0,0,0,0,0,0,0
6800,0,0,0,0,0,0,0,0,0
6801,0.0298065,0.000726353,1.22257e-05,5.81831e-06,2.07429e-06,5.09785e-09,4.94986e-17,8.73819e-31,0.0305529
6802,0,0,0,0,0,0,0,0,0
6803,0,0,0,0,0,0,0,0,0
6804,0,0,0,0,0,0,0,0,0
6805,0,0,0,0,0,0,0,0,0
6806,0.0366768,0.00111135,2.36411e-05,1.12445e-05,4.00571e-06,1.27421e-08,3.68577e-16,3.03701e-29,0.0378271
6807,0,0,0,0,0,0,0,0,0
6808,0,0,0,0,0,0,0,0,0
6809,0,0,0,0,0,0,0,0,0
6810,0,0,0,0,0,0,0,0,0
6811,0,0,0,0,0,0,0,0,0
6812,0,0,0,0,0,0,0,0,0
6813,0.0380206,0.0011955,2.64158e-05,1.25542e-05,4.46746e-06,1.47608e-08,4.84468e-16,4.32186e-29,0.0392596
6814,0,0,0,0,0,0,0,0,0
6815,0,0,0,0,0,0,0,0,0
6816,0.0371136,0.00113737,2.44299e-05,1.16073e-05,4.12901e-06,1.32058e-08,3.78169e-16,2.88958e-29,0.0382911
6817,0,0,0,0,0,0,0,0,0
6818,0.0391901,0.00127115,2.89925e-05,1.37724e-05,4.89794e-06,1.67042e-08,6.06492e-16,5.75531e-29,0.0405089
6819,0,0,0,0,0,0,0,0,0
6820,0,0,0,0,0,0,0,0,0
6821,0,0,0,0,0,0,0,0,0
6822,0,0,0,0,0,0,0,0,0
6823,0,0,0,0,0,0,0,0,0
6824,0,0,0,0,0,0,0,0,0
6825,0,0,0,0,0,0,0,0,0
6826,0,0,0,0,0,0,0,0,0
6827,0,0,0,0,0,0,0,0,0
6828,0,0,0,0,0,0,0,0,0
6829,0,0,0,0,0,0,0,0,0
6830,0,0,0,0,0,0,0,0,0
6831,0,0,0,0,0,0,0,0,0
6832,0,0,0,0,0,0,0,0,0
6833,0,0,0,0,0,0,0,0,0
6834,0,0,0,0,0,0,0,0,0
6835,0,0,0,0,0,0,0,0,0
6836,0,0,0,0,0,0,0,0,0
6837,0,0,0,0,0,0,0,0,0
6838,0,0,0,0,0,0,0,0,0
6839,0.0411395,0.00140159,3.35633e-05,1.59067e-05,5.63948e-06,2.01025e-08,8.28652e-16,7.99237e-29,0.0425963
6840,0,0,0,0,0,0,0,0,0
6841,0,0,0,0,0,0,0,0,0
6842,0,0,0,0,0,0,0,0,0
6843,0,0,0,0,0,0,0,0,0
6844,0,0,0,0,0,0,0,0,0
6845,0,0,0,0,0,0,0,0,0
6846,0,0,0,0,0,0,0,0,0
6847,0,0,0,0,0,0,0,0,0
6848,0.0308934,0.000784648,1.3917e-05,6.5894e-06,2.33318e-06,6.11454e-09,9.72795e-17,4.75977e-30,0.0317008
6849,0,0,0,0,0,0,0,0,0
6850,0,0,0,0,0,0,0,0,0
6851,0,0,0,0,0,0,0,0,0
6852,0.034344,0.00097188,1.92321e-05,9.10187e-06,3.22086e-06,9.41732e-09,2.07642e-16,1.23599e-29,0.0353474
6853,0.0402936,0.00134395,3.1496e-05,1.49056e-05,5.27443e-06,1.83596e-08,7.10397e-16,6.41961e-29,0.0416892
6854,0,0,0,0,0,0,0,0,0
6855,0.0378234,0.00118229,2.59278e-05,1.22675e-05,4.33953e-06,1.41101e-08,4.41807e-16,3.42745e-29,0.0390483
6856,0,0,0,0,0,0,0,0,0
6857,0,0,0,0,0,0,0,0,0
6858,0,0,0,0,0,0,0,0,0
6859,0,0,0,0,0,0,0,0,0
6860,0,0,0,0,0,0,0,0,0
6861,0,0,0,0,0,0,0,0,0
6862,0,0,0,0,0,0,0,0,0
6863,0,0,0,0,0,0,0,0,0
6864,0,0,0,0,0,0,0,0,0
6865,0,0,0,0,0,0,0,0,0
6866,0,0,0,0,0,0,0,0,0
6867,0,0,0,0,0,0,0,0,0
6868,0,0,0,0,0,0,0,0,0
6869,0,0,0,0,0,0,0,0,0
6870,0,0,0,0,0,0,0,0,0
6871,0,0,0,0,0,0,0,0,0
6872,0,0,0,0,0,0,0,0,0
6873,0,0,0,0,0,0,0,0,0
6874,0,0,0,0,0,0,0,0,0
6875,0,0,0,0,0,0,0,0,0
6876,0,0,0,0,0,0,0,0,0
6877,0,0,0,0,0,0,0,0,0
6878,0,0,0,0,0,0,0,0,0
6879,0,0,0,0,0,0,0,0,0
6880,0,0,0,0,0,0,0,0,0
6881,0,0,0,0,0,0,0,0,0
6882,0,0,0,0,0,0,0,0,0
6883,0,0,0,0,0,0,0,0,0
6884,0,0,0,0,0,0,0,0,0
6885,0,0,0,0,0,0,0,0,0
6886,0,0,0,0,0,0,0,0,0
6887,0,0,0,0,0,0,0,0,0
6888,0,0,0,0,0,0,0,0,0
6889,0,0,0,0,0,0,0,0,0
6890,0,0,0,0,0,0,0,0,0
6891,0,0,0,0,0,0,0,0,0
6892,0,0,0,0,0,0,0,0,0
6893,0,0,0,0,0,0,0,0,0
6894,0,0,0,0,0,0,0,0,0
6895,0,0,0,0,0,0,0,0,0
6896,0,0,0,0,0,0,0,0,0
6897,0,0,0,0,0,0,0,0,0
6898,0,0,0,0,0,0,0,0,0
6899,0,0,0,0,0,0,0,0,0
6900,0,0,0,0,0,0,0,0,0
6901,0,0,0,0,0,0,0,0,0
6902,0,0,0,0,0,0,0,0,0
6903,0,0,0,0,0,0,0,0,0
6904,0,0,0,0,0,0,0,0,0
6905,0,0,0,0,0,0,0,0,0
6906,0.0392912,0.00127617,2.90509e-05,1.36702e-05,4.80059e-06,1.60506e-08,5.49911e-16,3.98282e-29,0.0406149
6907,0.0362625,0.0010847,2.26954e-05,1.06786e-05,3.74952e-06,1.14981e-08,3.00274e-16,1.79072e-29,0.0373843
6908,0,0,0,0,0,0,0,0,0
6909,0,0,0,0,0,0,0,0,0
6910,0,0,0,0,0,0,0,0,0
6911,0,0,0,0,0,0,0,0,0
6912,0.0326906,0.000879002,1.64843e-05,7.75202e-06,2.72001e-06,7.44763e-09,1.35879e-16,6.18067e-30,0.0335966
6913,0,0,0,0,0,0,0,0,0
6914,0,0,0,0,0,0,0,0,0
6915,0,0,0,0,0,0,0,0,0
6916,0,0,0,0,0,0,0,0,0
6917,0,0,0,0,0,0,0,0,0
6918,0.038922,0.0012517,2.81902e-05,1.32481e-05,4.64437e-06,1.53189e-08,5.02272e-16,3.4096e-29,0.0402198
6919,0.0325775,0.000872027,1.62448e-05,7.63299e-06,2.67525e-06,7.24315e-09,1.23716e-16,5.03336e-30,0.0334761
6920,0,0,0,0,0,0,0,0,0
6921,0,0,0,0,0,0,0,0,0
6922,0,0,0,0,0,0,0,0,0
6923,0,0,0,0,0,0,0,0,0
6924,0,0,0,0,0,0,0,0,0
6925,0,0,0,0,0,0,0,0,0
6926,0,0,0,0,0,0,0,0,0
6927,0,0,0,0,0,0,0,0,0
6928,0,0,0,0,0,0,0,0,0
6929,0,0,0,0,0,0,0,0,0
6930,0,0,0,0,0,0,0,0,0
6931,0,0,0,0,0,0,0,0,0
6932,0.0406272,0.00136502,3.21334e-05,1.50782e-05,5.27512e-06,1.81519e-08,6.79926e-16,4.88295e-29,0.0420447
6933,0,0,0,0,0,0,0,0,0
6934,0,0,0,0,0,0,0,0,0
6935,0,0,0,0,0,0,0,0,0
6936,0,0,0,0,0,0,0,0,0
6937,0,0,0,0,0,0,0,0,0
6938,0.0287986,0.000679146,1.11076e-05,5.20854e-06,1.82055e-06,4.29976e-09,4.80486e-17,1.38336e-30,0.0294959
6939,0,0,0,0,0,0,0,0,0
6940,0,0,0,0,0,0,0,0,0
6941,0,0,0,0,0,0,0,0,0
6942,0,0,0,0,0,0,0,0,0
6943,0,0,0,0,0,0,0,0,0
6944,0,0,0,0,0,0,0,0,0
6945,0,0,0,0,0,0,0,0,0
6946,0,0,0,0,0,0,0,0,0
6947,0.0309257,0.000784947,1.38523e-05,6.48978e-06,2.2657e-06,5.78446e-09,8.4244e-17,2.95252e-30,0.0317333
6948,0,0,0,0,0,0,0,0,0
6949,0.0409561,0.00138692,3.28805e-05,1.5401e-05,5.37513e-06,1.85566e-08,6.9868e-16,4.78333e-29,0.0423967
6950,0,0,0,0,0,0,0,0,0
6951,0,0,0,0,0,0,0,0,0
6952,0,0,0,0,0,0,0,0,0
6953,0,0,0,0,0,0,0,0,0
6954,0,0,0,0,0,0,0,0,0
6955,0,0,0,0,0,0,0,0,0
6956,0,0,0,0,0,0,0,0,0
6957,0,0,0,0,0,0,0,0,0
6958,0,0,0,0,0,0,0,0,0
6959,0,0,0,0,0,0,0,0,0
6960,0,0,0,0,0,0,0,0,0
6961,0,0,0,0,0,0,0,0,0
6962,0.0352214,0.00102146,2.0652e-05,9.6596e-06,3.36497e-06,9.84435e-09,2.20409e-16,1.00876e-29,0.0362765
6963,0,0,0,0,0,0,0,0,0
6964,0,0,0,0,0,0,0,0,0
6965,0,0,0,0,0,0,0,0,0
6966,0,0,0,0,0,0,0,0,0
6967,0,0,0,0,0,0,0,0,0
6968,0,0,0,0,0,0,0,0,0
6969,0,0,0,0,0,0,0,0,0
6970,0,0,0,0,0,0,0,0,0
6971,0,0,0,0,0,0,0,0,0
6972,0,0,0,0,0,0,0,0,0
6973,0,0,0,0,0,0,0,0,0
6974,0,0,0,0,0,0,0,0,0
6975,0,0,0,0,0,0,0,0,0
6976,0.0269059,0.000591616,9.0004e-06,4.20363e-06,1.46151e-06,3.18497e-09,2.80605e-17,6.33565e-31,0.0275122
6977,0,0,0,0,0,0,0,0,0
6978,0,0,0,0,0,0,0,0,0
6979,0,0,0,0,0,0,0,0,0
6980,0,0,0,0,0,0,0,0,0
6981,0,0,0,0,0,0,0,0,0
6982,0,0,0,0,0,0,0,0,0
6983,0,0,0,0,0,0,0,0,0
6984,0,0,0,0,0,0,0,0,0
6985,0.038295,0.00121002,2.6698e-05,1.24567e-05,4.3251e-06,1.3782e-08,4.07049e-16,2.15668e-29,0.0395485
6986,0,0,0,0,0,0,0,0,0
6987,0,0,0,0,0,0,0,0,0
6988,0,0,0,0,0,0,0,0,0
6989,0,0,0,0,0,0,0,0,0
6990,0,0,0,0,0,0,0,0,0
6991,0,0,0,0,0,0,0,0,0
6992,0,0,0,0,0,0,0,0,0
6993,0,0,0,0,0,0,0,0,0
6994,0,0,0,0,0,0,0,0,0
6995,0,0,0,0,0,0,0,0,0
6996,0,0,0,0,0,0,0,0,0
6997,0,0,0,0,0,0,0,0,0
6998,0,0,0,0,0,0,0,0,0
6999,0,0,0,0,0,0,0,0,0
7000,0,0,0,0,0,0,0,0,0
7001,0,0,0,0,0,0,0,0,0
7002,0,0,0,0,0,0,0,0,0
7003,0,0,0,0,0,0,0,0,0
7004,0,0,0,0,0,0,0,0,0
7005,0,0,0,0,0,0,0,0,0
7006,0,0,0,0,0,0,0,0,0
7007,0,0,0,0,0,0,0,0,0
7008,0,0,0,0,0,0,0,0,0
7009,0,0,0,0,0,0,0,0,0
7010,0,0,0,0,0,0,0,0,0
7011,0,0,0,0,0,0,0,0,0
7012,0,0,0,0,0,0,0,0,0
7013,0,0,0,0,0,0,0,0,0
7014,0,0,0,0,0,0,0,0,0
7015,0,0,0,0,0,0,0,0,0
7016,0,0,0,0,0,0,0,0,0
7017,0,0,0,0,0,0,0,0,0
7018,0,0,0,0,0,0,0,0,0
7019,0,0,0,0,0,0,0,0,0
7020,0,0,0,0,0,0,0,0,0
7021,0,0,0,0,0,0,0,0,0
7022,0,0,0,0,0,0,0,0,0
7023,0,0,0,0,0,0,0,0,0
7024,0,0,0,0,0,0,0,0,0
7025,0,0,0,0,0,0,0,0,0
7026,0,0,0,0,0,0,0,0,0
7027,0,0,0,0,0,0,0,0,0
7028,0,0,0,0,0,0,0,0,0
7029,0.0378597,0.00118142,2.56867e-05,1.19279e-05,4.11522e-06,1.27976e-08,3.49474e-16,1.55249e-29,0.0390829
7030,0.0380812,0.00119533,2.61397e-05,1.21379e-05,4.18751e-06,1.30941e-08,3.62399e-16,1.61544e-29,0.039319
7031,0,0,0,0,0,0,0,0,0
7032,0,0,0,0,0,0,0,0,0
7033,0,0,0,0,0,0,0,0,0
7034,0.0324351,0.000863271,1.59347e-05,7.39574e-06,2.54989e-06,6.69334e-09,1.06154e-16,3.1239e-30,0.0333242
7035,0.0347034,0.000988427,1.94886e-05,9.04445e-06,3.11799e-06,8.70472e-09,1.56297e-16,4.4295e-30,0.0357235
7036,0,0,0,0,0,0,0,0,0
7037,0,0,0,0,0,0,0,0,0
7038,0,0,0,0,0,0,0,0,0
7039,0,0,0,0,0,0,0,0,0
7040,0,0,0,0,0,0,0,0,0
7041,0,0,0,0,0,0,0,0,0
7042,0.0300055,0.000736974,1.25182e-05,5.80504e-06,1.99916e-06,4.8073e-09,5.73155e-17,1.33072e-30,0.0307628
7043,0,0,0,0,0,0,0,0,0
7044,0,0,0,0,0,0,0,0,0
7045,0,0,0,0,0,0,0,0,0
7046,0,0,0,0,0,0,0,0,0
7047,0,0,0,0,0,0,0,0,0
7048,0,0,0,0,0,0,0,0,0
7049,0,0,0,0,0,0,0,0,0
7050,0,0,0,0,0,0,0,0,0
7051,0,0,0,0,0,0,0,0,0
7052,0,0,0,0,0,0,0,0,0
7053,0.0322502,0.000853271,1.56504e-05,7.2489e-06,2.49244e-06,6.47977e-09,1.00534e-16,2.79952e-30,0.0331288
7054,0,0,0,0,0,0,0,0,0
7055,0,0,0,0,0,0,0,0,0
7056,0,0,0,0,0,0,0,0,0
7057,0,0,0,0,0,0,0,0,0
7058,0,0,0,0,0,0,0,0,0
7059,0,0,0,0,0,0,0,0,0
7060,0,0,0,0,0,0,0,0,0
7061,0,0,0,0,0,0,0,0,0
7062,0,0,0,0,0,0,0,0,0
7063,0,0,0,0,0,0,0,0,0
7064,0,0,0,0,0,0,0,0,0
7065,0,0,0,0,0,0,0,0,0
7066,0,0,0,0,0,0,0,0,0
7067,0,0,0,0,0,0,0,0,0
7068,0,0,0,0,0,0,0,0,0
7069,0,0,0,0,0,0,0,0,0
7070,0,0,0,0,0,0,0,0,0
7071,0,0,0,0,0,0,0,0,0
7072,0,0,0,0,0,0,0,0,0
7073,0,0,0,0,0,0,0,0,0
7074,0,0,0,0,0,0,0,0,0
7075,0,0,0,0,0,0,0,0,0
7076,0,0,0,0,0,0,0,0,0
7077,0,0,0,0,0,0,0,0,0
7078,0,0,0,0,0,0,0,0,0
7079,0,0,0,0,0,0,0,0,0
7080,0,0,0,0,0,0,0,0,0
7081,0,0,0,0,0,0,0,0,0
7082,0,0,0,0,0,0,0,0,0
7083,0,0,0,0,0,0,0,0,0
7084,0,0,0,0,0,0,0,0,0
7085,0,0,0,0,0,0,0,0,0
7086,0.0324994,0.000866273,1.59905e-05,7.38071e-06,2.52601e-06,6.56696e-09,1.02013e-16,2.61208e-30,0.0333915
7087,0,0,0,0,0,0,0,0,0
7088,0,0,0,0,0,0,0,0,0
7089,0,0,0,0,0,0,0,0,0
7090,0,0,0,0,0,0,0,0,0
7091,0.0165563,0.000197547,1.12472e-06,5.18806e-07,1.77409e-07,2.46481e-11,3.43333e-17,2.90602e-30,0.0167556
7092,0,0,0,0,0,0,0,0,0
7093,0,0,0,0,0,0,0,0,0
7094,0,0,0,0,0,0,0,0,0
7095,0,0,0,0,0,0,0,0,0
7096,0.0372858,0.00114444,2.441e-05,1.12545e-05,3.84615e-06,1.15772e-08,2.8736e-16,1.00874e-29,0.0384697
7097,0,0,0,0,0,0,0,0,0
7098,0,0,0,0,0,0,0,0,0
7099,0,0,0,0,0,0,0,0,0
7100,0,0,0,0,0,0,0,0,0
7101,0,0,0,0,0,0,0,0,0
7102,0,0,0,0,0,0,0,0,0
7103,0,0,0,0,0,0,0,0,0
7104,0,0,0,0,0,0,0,0,0
7105,0,0,0,0,0,0,0,0,0
7106,0,0,0,0,0,0,0,0,0
7107,0,0,0,0,0,0,0,0,0
7108,0,0,0,0,0,0,0,0,0
7109,0,0,0,0,0,0,0,0,0
7110,0,0,0,0,0,0,0,0,0
7111,0,0,0,0,0,0,0,0,0
7112,0,0,0,0,0,0,0,0,0
7113,0,0,0,0,0,0,0,0,0
7114,0,0,0,0,0,0,0,0,0
7115,0,0,0,0,0,0,0,0,0
7116,0,0,0,0,0,0,0,0,0
7117,0,0,0,0,0,0,0,0,0
7118,0,0,0,0,0,0,0,0,0
7119,0,0,0,0,0,0,0,0,0
7120,0.0309359,0.000783635,1.37164e-05,6.30793e-06,2.14835e-06,5.256e-09,6.791e-17,1.40625e-30,0.0317417
7121,0,0,0,0,0,0,0,0,0
7122,0,0,0,0,0,0,0,0,0
7123,0,0,0,0,0,0,0,0,0
7124,0,0,0,0,0,0,0,0,0
7125,0,0,0,0,0,0,0,0,0
7126,0.0234402,0.000445612,5.78509e-06,2.65869e-06,9.047e-07,1.61568e-09,7.07045e-18,5.67501e-32,0.0238952
7127,0,0,0,0,0,0,0,0,0
7128,0,0,0,0,0,0,0,0,0
7129,0,0,0,0,0,0,0,0,0
7130,0,0,0,0,0,0,0,0,0
7131,0,0,0,0,0,0,0,0,0
7132,0,0,0,0,0,0,0,0,0
7133,0,0,0,0,0,0,0,0,0
7134,0,0,0,0,0,0,0,0,0
7135,0,0,0,0,0,0,0,0,0
7136,0,0,0,0,0,0,0,0,0
7137,0,0,0,0,0,0,0,0,0
7138,0,0,0,0,0,0,0,0,0
7139,0,0,0,0,0,0,0,0,0
7140,0,0,0,0,0,0,0,0,0
7141,0,0,0,0,0,0,0,0,0
7142,0,0,0,0,0,0,0,0,0
7143,0,0,0,0,0,0,0,0,0
7144,0,0,0,0,0,0,0,0,0
7145,0,0,0,0,0,0,0,0,0
7146,0,0,0,0,0,0,0,0,0
7147,0,0,0,0,0,0,0,0,0
7148,0.0277647,0.000628524,9.77368e-06,4.48097e-06,1.51991e-06,3.26415e-09,2.69431e-17,3.54551e-31,0.028409
7149,0,0,0,0,0,0,0,0,0
7150,0,0,0,0,0,0,0,0,0
7151,0,0,0,0,0,0,0,0,0
7152,0,0,0,0,0,0,0,0,0
7153,0,0,0,0,0,0,0,0,0
7154,0,0,0,0,0,0,0,0,0
7155,0,0,0,0,0,0,0,0,0
7156,0,0,0,0,0,0,0,0,0
7157,0,0,0,0,0,0,0,0,0
7158,0,0,0,0,0,0,0,0,0
7159,0,0,0,0,0,0,0,0,0
7160,0.0297623,0.000723686,1.21128e-05,5.54646e-06,1.87818e-06,4.34465e-09,4.60381e-17,7.20385e-31,0.0305055
7161,0,0,0,0,0,0,0,0,0
7162,0,0,0,0,0,0,0,0,0
7163,0,0,0,0,0,0,0,0,0
7164,0,0,0,0,0,0,0,0,0
7165,0,0,0,0,0,0,0,0,0
7166,0,0,0,0,0,0,0,0,0
7167,0,0,0,0,0,0,0,0,0
7168,0.0308124,0.000776729,1.35025e-05,6.17736e-06,2.08938e-06,5.02612e-09,6.16075e-17,1.08065e-30,0.0316109
7169,0,0,0,0,0,0,0,0,0
7170,0,0,0,0,0,0,0,0,0
7171,0,0,0,0,0,0,0,0,0
7172,0,0,0,0,0,0,0,0,0
7173,0,0,0,0,0,0,0,0,0
7174,0,0,0,0,0,0,0,0,0
7175,0,0,0,0,0,0,0,0,0
7176,0.0211734,0.000361797,4.18905e-06,1.91493e-06,6.46995e-07,1.0119e-09,2.73443e-18,1.21819e-32,0.021542
7177,0,0,0,0,0,0,0,0,0
7178,0,0,0,0,0,0,0,0,0
7179,0,0,0,0,0,0,0,0,0
7180,0,0,0,0,0,0,0,0,0
7181,0,0,0,0,0,0,0,0,0
7182,0,0,0,0,0,0,0,0,0
7183,0,0,0,0,0,0,0,0,0
7184,0,0,0,0,0,0,0,0,0
7185,0,0,0,0,0,0,0,0,0
7186,0,0,0,0,0,0,0,0,0
7187,0.0295454,0.000713235,1.18545e-05,5.41224e-06,1.82556e-06,4.17939e-09,4.40172e-17,6.62425e-31,0.0302778
7188,0,0,0,0,0,0,0,0,0
7189,0,0,0,0,0,0,0,0,0
7190,0,0,0,0,0,0,0,0,0
7191,0,0,0,0,0,0,0,0,0
7192,0,0,0,0,0,0,0,0,0
7193,0,0,0,0,0,0,0,0,0
7194,0,0,0,0,0,0,0,0,0
7195,0,0,0,0,0,0,0,0,0
7196,0,0,0,0,0,0,0,0,0
7197,0,0,0,0,0,0,0,0,0
7198,0,0,0,0,0,0,0,0,0
7199,0.0350344,0.00100713,2.00047e-05,9.12138e-06,3.07136e-06,8.41552e-09,1.55563e-16,3.36701e-30,0.0360737
7200,0,0,0,0,0,0,0,0,0
7201,0,0,0,0,0,0,0,0,0
7202,0,0,0,0,0,0,0,0,0
7203,0.0297769,0.000724494,1.21337e-05,5.53027e-06,1.86116e-06,4.28169e-09,4.5943e-17,6.74642e-31,0.0305209
7204,0,0,0,0,0,0,0,0,0
7205,0,0,0,0,0,0,0,0,0
7206,0,0,0,0,0,0,0,0,0
7207,0,0,0,0,0,0,0,0,0
7208,0.0269063,0.000589479,8.85174e-06,4.03227e-06,1.35605e-06,2.78022e-09,2.02243e-17,2.14477e-31,0.02751
7209,0,0,0,0,0,0,0,0,0
7210,0,0,0,0,0,0,0,0,0
7211,0.0279861,0.00063881,1.00173e-05,4.56197e-06,1.53362e-06,3.29265e-09,2.83734e-17,3.48512e-31,0.028641
7212,0,0,0,0,0,0,0,0,0
7213,0,0,0,0,0,0,0,0,0
7214,0,0,0,0,0,0,0,0,0
7215,0,0,0,0,0,0,0,0,0
7216,0,0,0,0,0,0,0,0,0
7217,0,0,0,0,0,0,0,0,0
7218,0,0,0,0,0,0,0,0,0
7219,0,0,0,0,0,0,0,0,0
7220,0,0,0,0,0,0,0,0,0
7221,0,0,0,0,0,0,0,0,0
7222,0,0,0,0,0,0,0,0,0
7223,0,0,0,0,0,0,0,0,0
7224,0,0,0,0,0,0,0,0,0
7225,0,0,0,0,0,0,0,0,0
7226,0,0,0,0,0,0,0,0,0
7227,0,0,0,0,0,0,0,0,0
7228,0,0,0,0,0,0,0,0,0
7229,0,0,0,0,0,0,0,0,0
7230,0,0,0,0,0,0,0,0,0
7231,0,0,0,0,0,0,0,0,0
7232,0,0,0,0,0,0,0,0,0
7233,0,0,0,0,0,0,0,0,0
7234,0,0,0,0,0,0,0,0,0
7235,0,0,0,0,0,0,0,0,0
7236,0.0241163,0.000471906,6.30249e-06,2.8625e-06,9.58866e-07,1.73275e-09,8.4133e-18,6.1557e-32,0.0245983
7237,0,0,0,0,0,0,0,0,0
7238,0.024262,0.000473812,6.19895e-06,2.81481e-06,9.42594e-07,1.6126e-09,3.70484e-18,5.35707e-35,0.0247457
7239,0,0,0,0,0,0,0,0,0
7240,0,0,0,0,0,0,0,0,0
7241,0,0,0,0,0,0,0,0,0
7242,0,0,0,0,0,0,0,0,0
7243,0.0383304,0.00120056,2.56605e-05,1.16453e-05,3.89669e-06,1.1161e-08,1.76849e-16,1.48581e-30,0.0395721
7244,0,0,0,0,0,0,0,0,0
7245,0,0,0,0,0,0,0,0,0
7246,0,0,0,0,0,0,0,0,0
7247,0,0,0,0,0,0,0,0,0
7248,0,0,0,0,0,0,0,0,0
7249,0,0,0,0,0,0,0,0,0
7250,0,0,0,0,0,0,0,0,0
7251,0,0,0,0,0,0,0,0,0
7252,0,0,0,0,0,0,0,0,0
7253,0,0,0,0,0,0,0,0,0
7254,0,0,0,0,0,0,0,0,0
7255,0,0,0,0,0,0,0,0,0
7256,0,0,0,0,0,0,0,0,0
7257,0,0,0,0,0,0,0,0,0
7258,0,0,0,0,0,0,0,0,0
7259,0,0,0,0,0,0,0,0,0
7260,0,0,0,0,0,0,0,0,0
7261,0,0,0,0,0,0,0,0,0
7262,0,0,0,0,0,0,0,0,0
7263,0,0,0,0,0,0,0,0,0
7264,0,0,0,0,0,0,0,0,0
7265,0.0213429,0.000367581,4.28554e-06,1.94037e-06,6.4728e-07,1.00512e-09,2.78512e-18,1.07856e-32,0.0217173
7266,0,0,0,0,0,0,0,0,0
7267,0,0,0,0,0,0,0,0,0
7268,0,0,0,0,0,0,0,0,0
7269,0,0,0,0,0,0,0,0,0
7270,0,0,0,0,0,0,0,0,0
7271,0,0,0,0,0,0,0,0,0
7272,0,0,0,0,0,0,0,0,0
7273,0,0,0,0,0,0,0,0,0
7274,0,0,0,0,0,0,0,0,0
7275,0,0,0,0,0,0,0,0,0
7276,0,0,0,0,0,0,0,0,0
7277,0,0,0,0,0,0,0,0,0
7278,0,0,0,0,0,0,0,0,0
7279,0,0,0,0,0,0,0,0,0
7280,0,0,0,0,0,0,0,0,0
7281,0,0,0,0,0,0,0,0,0
7282,0,0,0,0,0,0,0,0,0
7283,0,0,0,0,0,0,0,0,0
7284,0,0,0,0,0,0,0,0,0
7285,0,0,0,0,0,0,0,0,0
7286,0.026326,0.000563482,8.24139e-06,3.72295e-06,1.23815e-06,2.4345e-09,1.56928e-17,1.25908e-31,0.0269027
7287,0,0,0,0,0,0,0,0,0
7288,0.0379575,0.00118307,2.54391e-05,1.14896e-05,3.8202e-06,1.11499e-08,2.51497e-16,4.95541e-30,0.0391813
7289,0,0,0,0,0,0,0,0,0
7290,0,0,0,0,0,0,0,0,0
7291,0,0,0,0,0,0,0,0,0
7292,0,0,0,0,0,0,0,0,0
7293,0,0,0,0,0,0,0,0,0
7294,0,0,0,0,0,0,0,0,0
7295,0,0,0,0,0,0,0,0,0
7296,0,0,0,0,0,0,0,0,0
7297,0,0,0,0,0,0,0,0,0
7298,0,0,0,0,0,0,0,0,0
7299,0,0,0,0,0,0,0,0,0
7300,0,0,0,0,0,0,0,0,0
7301,0,0,0,0,0,0,0,0,0
7302,0,0,0,0,0,0,0,0,0
7303,0,0,0,0,0,0,0,0,0
7304,0,0,0,0,0,0,0,0,0
7305,0,0,0,0,0,0,0,0,0
7306,0,0,0,0,0,0,0,0,0
7307,0,0,0,0,0,0,0,0,0
7308,0,0,0,0,0,0,0,0,0
7309,0,0,0,0,0,0,0,0,0
7310,0.0239708,0.000465798,6.16355e-06,2.77725e-06,9.20528e-07,1.6253e-09,7.44229e-18,4.37692e-32,0.0244465
7311,0,0,0,0,0,0,0,0,0
7312,0,0,0,0,0,0,0,0,0
7313,0,0,0,0,0,0,0,0,0
7314,0,0,0,0,0,0,0,0,0
7315,0.0300821,0.000738388,1.2425e-05,5.59575e-06,1.85347e-06,4.18969e-09,4.26557e-17,4.50263e-31,0.0308403
7316,0,0,0,0,0,0,0,0,0
7317,0,0,0,0,0,0,0,0,0
7318,0,0,0,0,0,0,0,0,0
7319,0.0181856,0.000265765,2.6185e-06,1.17875e-06,3.90203e-07,5.06249e-10,8.35604e-19,2.14879e-33,0.0184555
7320,0,0,0,0,0,0,0,0,0
7321,0,0,0,0,0,0,0,0,0
7322,0,0,0,0,0,0,0,0,0
7323,0,0,0,0,0,0,0,0,0
7324,0,0,0,0,0,0,0,0,0
7325,0,0,0,0,0,0,0,0,0
7326,0,0,0,0,0,0,0,0,0
7327,0,0,0,0,0,0,0,0,0
7328,0,0,0,0,0,0,0,0,0
7329,0,0,0,0,0,0,0,0,0
7330,0,0,0,0,0,0,0,0,0
7331,0,0,0,0,0,0,0,0,0
7332,0,0,0,0,0,0,0,0,0
7333,0,0,0,0,0,0,0,0,0
7334,0.0291023,0.000690274,1.12066e-05,5.03674e-06,1.66378e-06,3.61169e-09,3.23924e-17,2.97279e-31,0.0298105
7335,0,0,0,0,0,0,0,0,0
7336,0,0,0,0,0,0,0,0,0
7337,0.0227996,0.000420838,5.28205e-06,2.37306e-06,7.83488e-07,1.30514e-09,5.05319e-18,2.50406e-32,0.0232289
7338,0,0,0,0,0,0,0,0,0
7339,0,0,0,0,0,0,0,0,0
7340,0,0,0,0,0,0,0,0,0
7341,0,0,0,0,0,0,0,0,0
7342,0,0,0,0,0,0,0,0,0
7343,0,0,0,0,0,0,0,0,0
7344,0,0,0,0,0,0,0,0,0
7345,0,0,0,0,0,0,0,0,0
7346,0,0,0,0,0,0,0,0,0
7347,0,0,0,0,0,0,0,0,0
7348,0,0,0,0,0,0,0,0,0
7349,0,0,0,0,0,0,0,0,0
7350,0,0,0,0,0,0,0,0,0
7351,0,0,0,0,0,0,0,0,0
7352,0,0,0,0,0,0,0,0,0
7353,0,0,0,0,0,0,0,0,0
7354,0,0,0,0,0,0,0,0,0
7355,0,0,0,0,0,0,0,0,0
7356,0,0,0,0,0,0,0,0,0
7357,0,0,0,0,0,0,0,0,0
7358,0,0,0,0,0,0,0,0,0
7359,0,0,0,0,0,0,0,0,0
7360,0,0,0,0,0,0,0,0,0
7361,0,0,0,0,0,0,0,0,0
7362,0,0,0,0,0,0,0,0,0
7363,0,0,0,0,0,0,0,0,0
7364,0.0334056,0.000912179,1.70778e-05,7.65104e-06,2.51665e-06,6.27784e-09,8.64366e-17,9.81992e-31,0.034345
7365,0,0,0,0,0,0,0,0,0
7366,0,0,0,0,0,0,0,0,0
7367,0,0,0,0,0,0,0,0,0
7368,0,0,0,0,0,0,0,0,0
7369,0,0,0,0,0,0,0,0,0
7370,0,0,0,0,0,0,0,0,0
7371,0.0228297,0.000420429,5.2222e-06,2.33784e-06,7.6822e-07,1.24369e-09,3.85161e-18,1.18341e-32,0.0232585
7372,0,0,0,0,0,0,0,0,0
7373,0.0220779,0.000394031,4.77051e-06,2.13514e-06,7.01397e-07,1.11774e-09,3.75489e-18,1.52757e-32,0.0224796
7374,0,0,0,0,0,0,0,0,0
7375,0,0,0,0,0,0,0,0,0
7376,0,0,0,0,0,0,0,0,0
7377,0,0,0,0,0,0,0,0,0
7378,0,0,0,0,0,0,0,0,0
7379,0,0,0,0,0,0,0,0,0
7380,0.0299853,0.000732815,1.22436e-05,5.47583e-06,1.79704e-06,3.97937e-09,3.79232e-17,3.20825e-31,0.0307377
7381,0,0,0,0,0,0,0,0,0
7382,0,0,0,0,0,0,0,0,0
7383,0,0,0,0,0,0,0,0,0
7384,0,0,0,0,0,0,0,0,0
7385,0,0,0,0,0,0,0,0,0
7386,0,0,0,0,0,0,0,0,0
7387,0,0,0,0,0,0,0,0,0
7388,0,0,0,0,0,0,0,0,0
7389,0,0,0,0,0,0,0,0,0
7390,0,0,0,0,0,0,0,0,0
7391,0,0,0,0,0,0,0,0,0
7392,0,0,0,0,0,0,0,0,0
7393,0,0,0,0,0,0,0,0,0
7394,0,0,0,0,0,0,0,0,0
7395,0,0,0,0,0,0,0,0,0
7396,0,0,0,0,0,0,0,0,0
7397,0,0,0,0,0,0,0,0,0
7398,0,0,0,0,0,0,0,0,0
7399,0,0,0,0,0,0,0,0,0
7400,0,0,0,0,0,0,0,0,0
7401,0.0221134,0.000394805,4.76766e-06,2.12734e-06,6.9599e-07,1.09669e-09,3.4475e-18,1.187e-32,0.0225158
7402,0,0,0,0,0,0,0,0,0
7403,0,0,0,0,0,0,0,0,0
7404,0.0241169,0.000471182,6.25462e-06,2.78998e-06,9.12417e-07,1.58917e-09,7.13749e-18,3.3311e-32,0.024598
7405,0,0,0,0,0,0,0,0,0
7406,0,0,0,0,0,0,0,0,0
7407,0,0,0,0,0,0,0,0,0
7408,0,0,0,0,0,0,0,0,0
7409,0,0,0,0,0,0,0,0,0
7410,0,0,0,0,0,0,0,0,0
7411,0,0,0,0,0,0,0,0,0
7412,0,0,0,0,0,0,0,0,0
7413,0,0,0,0,0,0,0,0,0
7414,0,0,0,0,0,0,0,0,0
7415,0.0294678,0.000707029,1.15761e-05,5.15743e-06,1.68393e-06,3.62627e-09,3.16722e-17,2.29186e-31,0.0301933
7416,0,0,0,0,0,0,0,0,0
7417,0,0,0,0,0,0,0,0,0
7418,0,0,0,0,0,0,0,0,0
7419,0,0,0,0,0,0,0,0,0
7420,0,0,0,0,0,0,0,0,0
7421,0,0,0,0,0,0,0,0,0
7422,0,0,0,0,0,0,0,0,0
7423,0,0,0,0,0,0,0,0,0
7424,0,0,0,0,0,0,0,0,0
7425,0,0,0,0,0,0,0,0,0
7426,0,0,0,0,0,0,0,0,0
7427,0,0,0,0,0,0,0,0,0
7428,0,0,0,0,0,0,0,0,0
7429,0,0,0,0,0,0,0,0,0
7430,0.0292945,0.000698286,1.13437e-05,5.04599e-06,1.64412e-06,3.49881e-09,2.91673e-17,1.93923e-31,0.0300108
7431,0,0,0,0,0,0,0,0,0
7432,0,0,0,0,0,0,0,0,0
7433,0.0257934,0.000539705,7.67718e-06,3.41388e-06,1.11184e-06,2.06664e-09,1.14048e-17,5.71305e-32,0.0263453
7434,0,0,0,0,0,0,0,0,0
7435,0,0,0,0,0,0,0,0,0
7436,0,0,0,0,0,0,0,0,0
7437,0,0,0,0,0,0,0,0,0
7438,0,0,0,0,0,0,0,0,0
7439,0.0226553,0.000414729,5.13881e-06,2.28361e-06,7.43081e-07,1.196e-09,4.12898e-18,1.424e-32,0.0230782
7440,0,0,0,0,0,0,0,0,0
7441,0.0296467,0.000715553,1.17781e-05,5.2331e-06,1.70245e-06,3.66865e-09,3.22425e-17,2.20172e-31,0.0303809
7442,0,0,0,0,0,0,0,0,0
7443,0,0,0,0,0,0,0,0,0
7444,0,0,0,0,0,0,0,0,0
7445,0,0,0,0,0,0,0,0,0
7446,0.0255429,0.000528875,7.43418e-06,3.30112e-06,1.07309e-06,1.96332e-09,1.02057e-17,4.66647e-32,0.0260836
7447,0,0,0,0,0,0,0,0,0
7448,0,0,0,0,0,0,0,0,0
7449,0,0,0,0,0,0,0,0,0
7450,0,0,0,0,0,0,0,0,0
7451,0,0,0,0,0,0,0,0,0
7452,0,0,0,0,0,0,0,0,0
7453,0,0,0,0,0,0,0,0,0
7454,0,0,0,0,0,0,0,0,0
7455,0,0,0,0,0,0,0,0,0
7456,0,0,0,0,0,0,0,0,0
7457,0.0345742,0.000976654,1.8864e-05,8.3672e-06,2.7159e-06,6.86555e-09,9.87987e-17,9.06778e-31,0.0355808
7458,0,0,0,0,0,0,0,0,0
7459,0,0,0,0,0,0,0,0,0
7460,0,0,0,0,0,0,0,0,0
7461,0,0,0,0,0,0,0,0,0
7462,0,0,0,0,0,0,0,0,0
7463,0,0,0,0,0,0,0,0,0
7464,0,0,0,0,0,0,0,0,0
7465,0,0,0,0,0,0,0,0,0
7466,0,0,0,0,0,0,0,0,0
7467,0,0,0,0,0,0,0,0,0
7468,0,0,0,0,0,0,0,0,0
7469,0,0,0,0,0,0,0,0,0
7470,0,0,0,0,0,0,0,0,0
7471,0,0,0,0,0,0,0,0,0
7472,0,0,0,0,0,0,0,0,0
7473,0,0,0,0,0,0,0,0,0
7474,0,0,0,0,0,0,0,0,0
7475,0,0,0,0,0,0,0,0,0
7476,0.0247785,0.000496834,6.74321e-06,2.98483e-06,9.66196e-07,1.69256e-09,7.53499e-18,2.77539e-32,0.025286
7477,0,0,0,0,0,0,0,0,0
7478,0,0,0,0,0,0,0,0,0
7479,0,0,0,0,0,0,0,0,0
7480,0,0,0,0,0,0,0,0,0
7481,0,0,0,0,0,0,0,0,0
7482,0,0,0,0,0,0,0,0,0
7483,0,0,0,0,0,0,0,0,0
7484,0,0,0,0,0,0,0,0,0
7485,0,0,0,0,0,0,0,0,0
7486,0,0,0,0,0,0,0,0,0
7487,0,0,0,0,0,0,0,0,0
7488,0,0,0,0,0,0,0,0,0
7489,0,0,0,0,0,0,0,0,0
7490,0,0,0,0,0,0,0,0,0
7491,0.0244834,0.000485183,6.51324e-06,2.87837e-06,9.29734e-07,1.60991e-09,7.11613e-18,2.61435e-32,0.0249789
7492,0,0,0,0,0,0,0,0,0
7493,0,0,0,0,0,0,0,0,0
7494,0,0,0,0,0,0,0,0,0
7495,0,0,0,0,0,0,0,0,0
7496,0,0,0,0,0,0,0,0,0
7497,0.0269086,0.000587497,8.70815e-06,3.84599e-06,1.24127e-06,2.3763e-09,1.44201e-17,6.54319e-32,0.0275099
7498,0,0,0,0,0,0,0,0,0
7499,0,0,0,0,0,0,0,0,0
7500,0,0,0,0,0,0,0,0,0
7501,0,0,0,0,0,0,0,0,0
7502,0.0265651,0.000572341,8.36675e-06,3.69308e-06,1.19101e-06,2.2454e-09,1.29769e-17,5.6029e-32,0.0271507
7503,0,0,0,0,0,0,0,0,0
7504,0,0,0,0,0,0,0,0,0
7505,0,0,0,0,0,0,0,0,0
7506,0,0,0,0,0,0,0,0,0
7507,0,0,0,0,0,0,0,0,0
7508,0,0,0,0,0,0,0,0,0
7509,0,0,0,0,0,0,0,0,0
7510,0,0,0,0,0,0,0,0,0
7511,0.0197985,0.00031525,3.37657e-06,1.48906e-06,4.79634e-07,6.55483e-10,1.35176e-18,2.67253e-33,0.0201191
7512,0,0,0,0,0,0,0,0,0
7513,0,0,0,0,0,0,0,0,0
7514,0,0,0,0,0,0,0,0,0
7515,0,0,0,0,0,0,0,0,0
7516,0,0,0,0,0,0,0,0,0
7517,0,0,0,0,0,0,0,0,0
7518,0,0,0,0,0,0,0,0,0
7519,0,0,0,0,0,0,0,0,0
7520,0,0,0,0,0,0,0,0,0
7521,0,0,0,0,0,0,0,0,0
7522,0,0,0,0,0,0,0,0,0
7523,0,0,0,0,0,0,0,0,0
7524,0,0,0,0,0,0,0,0,0
7525,0,0,0,0,0,0,0,0,0
7526,0,0,0,0,0,0,0,0,0
7527,0,0,0,0,0,0,0,0,0
7528,0,0,0,0,0,0,0,0,0
7529,0,0,0,0,0,0,0,0,0
7530,0,0,0,0,0,0,0,0,0
7531,0,0,0,0,0,0,0,0,0
7532,0,0,0,0,0,0,0,0,0
7533,0,0,0,0,0,0,0,0,0
7534,0,0,0,0,0,0,0,0,0
7535,0,0,0,0,0,0,0,0,0
7536,0,0,0,0,0,0,0,0,0
7537,0,0,0,0,0,0,0,0,0
7538,0,0,0,0,0,0,0,0,0
7539,0,0,0,0,0,0,0,0,0
7540,0,0,0,0,0,0,0,0,0
7541,0,0,0,0,0,0,0,0,0
7542,0,0,0,0,0,0,0,0,0
7543,0,0,0,0,0,0,0,0,0
7544,0,0,0,0,0,0,0,0,0
7545,0,0,0,0,0,0,0,0,0
7546,0,0,0,0,0,0,0,0,0
7547,0,0,0,0,0,0,0,0,0
7548,0,0,0,0,0,0,0,0,0
7549,0,0,0,0,0,0,0,0,0
7550,0,0,0,0,0,0,0,0,0
7551,0,0,0,0,0,0,0,0,0
7552,0,0,0,0,0,0,0,0,0
7553,0,0,0,0,0,0,0,0,0
7554,0,0,0,0,0,0,0,0,0
7555,0,0,0,0,0,0,0,0,0
7556,0,0,0,0,0,0,0,0,0
7557,0.0207916,0.000347933,3.91565e-06,1.7183e-06,5.49861e-07,7.837e-10,1.85673e-18,3.61727e-33,0.0211457
7558,0,0,0,0,0,0,0,0,0
7559,0,0,0,0,0,0,0,0,0
7560,0.0255297,0.000527555,7.37226e-06,3.23407e-06,1.03446e-06,1.84073e-09,8.86178e-18,2.88003e-32,0.0260689
7561,0,0,0,0,0,0,0,0,0
7562,0,0,0,0,0,0,0,0,0
7563,0,0,0,0,0,0,0,0,0
7564,0,0,0,0,0,0,0,0,0
7565,0,0,0,0,0,0,0,0,0
7566,0,0,0,0,0,0,0,0,0
7567,0,0,0,0,0,0,0,0,0
7568,0,0,0,0,0,0,0,0,0
7569,0,0,0,0,0,0,0,0,0
7570,0,0,0,0,0,0,0,0,0
7571,0,0,0,0,0,0,0,0,0
7572,0,0,0,0,0,0,0,0,0
7573,0,0,0,0,0,0,0,0,0
7574,0,0,0,0,0,0,0,0,0
7575,0,0,0,0,0,0,0,0,0
7576,0,0,0,0,0,0,0,0,0
7577,0,0,0,0,0,0,0,0,0
7578,0,0,0,0,0,0,0,0,0
7579,0,0,0,0,0,0,0,0,0
7580,0.0250987,0.000509414,6.98068e-06,3.0556e-06,9.7454e-07,1.69172e-09,7.4854e-18,2.15095e-32,0.0256192
7581,0,0,0,0,0,0,0,0,0
7582,0,0,0,0,0,0,0,0,0
7583,0,0,0,0,0,0,0,0,0
7584,0,0,0,0,0,0,0,0,0
7585,0.029709,0.000716662,1.17108e-05,5.12353e-06,1.63299e-06,3.38756e-09,2.59488e-17,1.0689e-31,0.0304441
7586,0,0,0,0,0,0,0,0,0
7587,0,0,0,0,0,0,0,0,0
7588,0,0,0,0,0,0,0,0,0
7589,0,0,0,0,0,0,0,0,0
7590,0,0,0,0,0,0,0,0,0
7591,0,0,0,0,0,0,0,0,0
7592,0,0,0,0,0,0,0,0,0
7593,0,0,0,0,0,0,0,0,0
7594,0,0,0,0,0,0,0,0,0
7595,0,0,0,0,0,0,0,0,0
7596,0.025849,0.000540799,7.64531e-06,3.34112e-06,1.06332e-06,1.90199e-09,9.35653e-18,2.82942e-32,0.0264019
7597,0,0,0,0,0,0,0,0,0
7598,0,0,0,0,0,0,0,0,0
7599,0,0,0,0,0,0,0,0,0
7600,0,0,0,0,0,0,0,0,0
7601,0,0,0,0,0,0,0,0,0
7602,0,0,0,0,0,0,0,0,0
7603,0,0,0,0,0,0,0,0,0
7604,0,0,0,0,0,0,0,0,0
7605,0,0,0,0,0,0,0,0,0
7606,0,0,0,0,0,0,0,0,0
7607,0,0,0,0,0,0,0,0,0
7608,0,0,0,0,0,0,0,0,0
7609,0,0,0,0,0,0,0,0,0
7610,0,0,0,0,0,0,0,0,0
7611,0,0,0,0,0,0,0,0,0
7612,0,0,0,0,0,0,0,0,0
7613,0.0235988,0.000449432,5.76379e-06,2.51403e-06,7.9806e-07,1.28641e-09,4.52506e-18,1.01728e-32,0.0240573
7614,0,0,0,0,0,0,0,0,0
7615,0,0,0,0,0,0,0,0,0
7616,0,0,0,0,0,0,0,0,0
7617,0,0,0,0,0,0,0,0,0
7618,0,0,0,0,0,0,0,0,0
7619,0.0102058,7.31594e-05,2.36212e-07,1.02968e-07,3.266e-08,1.57909e-12,5.94128e-19,3.5132e-33,0.0102793
7620,0,0,0,0,0,0,0,0,0
7621,0,0,0,0,0,0,0,0,0
7622,0,0,0,0,0,0,0,0,0
7623,0,0,0,0,0,0,0,0,0
7624,0,0,0,0,0,0,0,0,0
7625,0,0,0,0,0,0,0,0,0
7626,0,0,0,0,0,0,0,0,0
7627,0.0234137,0.000442337,5.62634e-06,2.45044e-06,7.76345e-07,1.23857e-09,4.2571e-18,9.19046e-33,0.0238649
7628,0,0,0,0,0,0,0,0,0
7629,0,0,0,0,0,0,0,0,0
7630,0,0,0,0,0,0,0,0,0
7631,0,0,0,0,0,0,0,0,0
7632,0,0,0,0,0,0,0,0,0
7633,0,0,0,0,0,0,0,0,0
7634,0,0,0,0,0,0,0,0,0
7635,0,0,0,0,0,0,0,0,0
7636,0,0,0,0,0,0,0,0,0
7637,0,0,0,0,0,0,0,0,0
7638,0,0,0,0,0,0,0,0,0
7639,0,0,0,0,0,0,0,0,0
7640,0,0,0,0,0,0,0,0,0
7641,0,0,0,0,0,0,0,0,0
7642,0,0,0,0,0,0,0,0,0
7643,0.0203072,0.000331284,3.6205e-06,1.57414e-06,4.97583e-07,6.76562e-10,1.38648e-18,1.94862e-33,0.0206442
7644,0,0,0,0,0,0,0,0,0
7645,0,0,0,0,0,0,0,0,0
7646,0,0,0,0,0,0,0,0,0
7647,0.028054,0.000637802,9.79579e-06,4.25743e-06,1.34509e-06,2.59128e-09,1.60376e-17,4.95539e-32,0.0287072
7648,0,0,0,0,0,0,0,0,0
7649,0,0,0,0,0,0,0,0,0
7650,0,0,0,0,0,0,0,0,0
7651,0,0,0,0,0,0,0,0,0
7652,0,0,0,0,0,0,0,0,0
7653,0,0,0,0,0,0,0,0,0
7654,0,0,0,0,0,0,0,0,0
7655,0,0,0,0,0,0,0,0,0
7656,0,0,0,0,0,0,0,0,0
7657,0,0,0,0,0,0,0,0,0
7658,0.0234018,0.000441681,5.60588e-06,2.43361e-06,7.67694e-07,1.21473e-09,4.07064e-18,7.9685e-33,0.0238522
7659,0,0,0,0,0,0,0,0,0
7660,0,0,0,0,0,0,0,0,0
7661,0,0,0,0,0,0,0,0,0
7662,0,0,0,0,0,0,0,0,0
7663,0,0,0,0,0,0,0,0,0
7664,0,0,0,0,0,0,0,0,0
7665,0,0,0,0,0,0,0,0,0
7666,0,0,0,0,0,0,0,0,0
7667,0,0,0,0,0,0,0,0,0
7668,0,0,0,0,0,0,0,0,0
7669,0.024687,0.000491743,6.58137e-06,2.85357e-06,8.98711e-07,1.49391e-09,5.67875e-18,1.13246e-32,0.0251891
7670,0,0,0,0,0,0,0,0,0
7671,0,0,0,0,0,0,0,0,0
7672,0,0,0,0,0,0,0,0,0
7673,0,0,0,0,0,0,0,0,0
7674,0,0,0,0,0,0,0,0,0
7675,0,0,0,0,0,0,0,0,0
7676,0,0,0,0,0,0,0,0,0
7677,0,0,0,0,0,0,0,0,0
7678,0,0,0,0,0,0,0,0,0
7679,0,0,0,0,0,0,0,0,0
7680,0.0212028,0.000360996,4.10692e-06,1.77861e-06,5.59294e-07,7.83837e-10,1.69686e-18,2.10923e-33,0.0215702
7681,0,0,0,0,0,0,0,0,0
7682,0,0,0,0,0,0,0,0,0
7683,0,0,0,0,0,0,0,0,0
7684,0,0,0,0,0,0,0,0,0
7685,0,0,0,0,0,0,0,0,0
7686,0,0,0,0,0,0,0,0,0
7687,0,0,0,0,0,0,0,0,0
7688,0,0,0,0,0,0,0,0,0
7689,0,0,0,0,0,0,0,0,0
7690,0,0,0,0,0,0,0,0,0
7691,0,0,0,0,0,0,0,0,0
7692,0,0,0,0,0,0,0,0,0
7693,0,0,0,0,0,0,0,0,0
7694,0,0,0,0,0,0,0,0,0
7695,0,0,0,0,0,0,0,0,0
7696,0,0,0,0,0,0,0,0,0
7697,0,0,0,0,0,0,0,0,0
7698,0,0,0,0,0,0,0,0,0
7699,0,0,0,0,0,0,0,0,0
7700,0,0,0,0,0,0,0,0,0
7701,0,0,0,0,0,0,0,0,0
7702,0,0,0,0,0,0,0,0,0
7703,0,0,0,0,0,0,0,0,0
7704,0,0,0,0,0,0,0,0,0
7705,0,0,0,0,0,0,0,0,0
7706,0,0,0,0,0,0,0,0,0
7707,0,0,0,0,0,0,0,0,0
7708,0,0,0,0,0,0,0,0,0
7709,0,0,0,0,0,0,0,0,0
7710,0.0318093,0.000821831,1.43497e-05,6.19471e-06,1.93972e-06,4.20635e-09,3.76379e-17,1.27185e-31,0.0326536
7711,0,0,0,0,0,0,0,0,0
7712,0,0,0,0,0,0,0,0,0
7713,0,0,0,0,0,0,0,0,0
7714,0,0,0,0,0,0,0,0,0
7715,0,0,0,0,0,0,0,0,0
7716,0,0,0,0,0,0,0,0,0
7717,0.0186215,0.000277658,2.76036e-06,1.19071e-06,3.72461e-07,4.53179e-10,6.58511e-19,6.01067e-34,0.0189035
7718,0,0,0,0,0,0,0,0,0
7719,0,0,0,0,0,0,0,0,0
7720,0,0,0,0,0,0,0,0,0
7721,0,0,0,0,0,0,0,0,0
7722,0.0176511,0.000248441,2.31434e-06,9.97832e-07,3.11926e-07,3.51294e-10,3.5281e-19,1.89905e-34,0.0179031
7723,0,0,0,0,0,0,0,0,0
7724,0,0,0,0,0,0,0,0,0
7725,0,0,0,0,0,0,0,0,0
7726,0,0,0,0,0,0,0,0,0
7727,0,0,0,0,0,0,0,0,0
7728,0.0295954,0.00070935,1.14438e-05,4.93085e-06,1.5401e-06,3.06161e-09,2.03054e-17,5.11086e-32,0.0303227
7729,0,0,0,0,0,0,0,0,0
7730,0.0181599,0.000263608,2.54368e-06,1.09578e-06,3.42159e-07,4.01561e-10,5.02706e-19,3.77014e-34,0.0184275
7731,0,0,0,0,0,0,0,0,0
7732,0,0,0,0,0,0,0,0,0
7733,0,0,0,0,0,0,0,0,0
7734,0.0218439,0.000383664,4.50963e-06,1.94171e-06,6.059e-07,8.7267e-10,2.17139e-18,2.80082e-33,0.0222347
7735,0,0,0,0,0,0,0,0,0
7736,0,0,0,0,0,0,0,0,0
7737,0,0,0,0,0,0,0,0,0
7738,0,0,0,0,0,0,0,0,0
7739,0,0,0,0,0,0,0,0,0
7740,0,0,0,0,0,0,0,0,0
7741,0,0,0,0,0,0,0,0,0
7742,0,0,0,0,0,0,0,0,0
7743,0,0,0,0,0,0,0,0,0
7744,0,0,0,0,0,0,0,0,0
7745,0.021423,0.000368732,4.24251e-06,1.82467e-06,5.68537e-07,7.99192e-10,1.8348e-18,2.16224e-33,0.0217984
7746,0,0,0,0,0,0,0,0,0
7747,0,0,0,0,0,0,0,0,0
7748,0,0,0,0,0,0,0,0,0
7749,0,0,0,0,0,0,0,0,0
7750,0,0,0,0,0,0,0,0,0
7751,0,0,0,0,0,0,0,0,0
7752,0.0249309,0.000500976,6.74258e-06,2.89758e-06,9.01877e-07,1.48268e-09,5.42485e-18,8.38524e-33,0.0254425
7753,0,0,0,0,0,0,0,0,0
7754,0.0205268,0.000337896,3.70815e-06,1.59321e-06,4.95746e-07,6.61355e-10,1.26028e-18,1.22985e-33,0.0208705
7755,0,0,0,0,0,0,0,0,0
7756,0,0,0,0,0,0,0,0,0
7757,0,0,0,0,0,0,0,0,0
7758,0,0,0,0,0,0,0,0,0
7759,0,0,0,0,0,0,0,0,0
7760,0,0,0,0,0,0,0,0,0
7761,0,0,0,0,0,0,0,0,0
7762,0,0,0,0,0,0,0,0,0
7763,0,0,0,0,0,0,0,0,0
7764,0,0,0,0,0,0,0,0,0
7765,0,0,0,0,0,0,0,0,0
7766,0,0,0,0,0,0,0,0,0
7767,0,0,0,0,0,0,0,0,0
7768,0,0,0,0,0,0,0,0,0
7769,0,0,0,0,0,0,0,0,0
7770,0,0,0,0,0,0,0,0,0
7771,0,0,0,0,0,0,0,0,0
7772,0,0,0,0,0,0,0,0,0
7773,0,0,0,0,0,0,0,0,0
7774,0,0,0,0,0,0,0,0,0
7775,0,0,0,0,0,0,0,0,0
7776,0,0,0,0,0,0,0,0,0
7777,0,0,0,0,0,0,0,0,0
7778,0.0334682,0.000910153,1.6707e-05,7.15992e-06,2.22038e-06,5.00128e-09,5.06033e-17,1.56434e-31,0.0344044
7779,0,0,0,0,0,0,0,0,0
7780,0,0,0,0,0,0,0,0,0
7781,0,0,0,0,0,0,0,0,0
7782,0,0,0,0,0,0,0,0,0
7783,0,0,0,0,0,0,0,0,0
7784,0,0,0,0,0,0,0,0,0
7785,0,0,0,0,0,0,0,0,0
7786,0,0,0,0,0,0,0,0,0
7787,0,0,0,0,0,0,0,0,0
7788,0,0,0,0,0,0,0,0,0
7789,0,0,0,0,0,0,0,0,0
7790,0,0,0,0,0,0,0,0,0
7791,0,0,0,0,0,0,0,0,0
7792,0,0,0,0,0,0,0,0,0
7793,0,0,0,0,0,0,0,0,0
7794,0,0,0,0,0,0,0,0,0
7795,0,0,0,0,0,0,0,0,0
7796,0.0458614,0.000851409,1.06386e-05,4.5506e-06,1.40766e-06,2.14695e-09,6.67405e-18,8.86024e-33,0.0467294
7797,0,0,0,0,0,0,0,0,0
7798,0,0,0,0,0,0,0,0,0
7799,0,0,0,0,0,0,0,0,0
7800,0,0,0,0,0,0,0,0,0
7801,0,0,0,0,0,0,0,0,0
7802,0,0,0,0,0,0,0,0,0
7803,0,0,0,0,0,0,0,0,0
7804,0,0,0,0,0,0,0,0,0
7805,0,0,0,0,0,0,0,0,0
7806,0,0,0,0,0,0,0,0,0
7807,0,0,0,0,0,0,0,0,0
7808,0,0,0,0,0,0,0,0,0
7809,0,0,0,0,0,0,0,0,0
7810,0,0,0,0,0,0,0,0,0
7811,0,0,0,0,0,0,0,0,0
7812,0,0,0,0,0,0,0,0,0
7813,0,0,0,0,0,0,0,0,0
7814,0,0,0,0,0,0,0,0,0
7815,0,0,0,0,0,0,0,0,0
7816,0.0234987,0.00044433,5.61555e-06,2.3968e-06,7.3928e-07,1.1286e-09,3.3817e-18,4.02116e-33,0.0239518
7817,0,0,0,0,0,0,0,0,0
7818,0,0,0,0,0,0,0,0,0
7819,0,0,0,0,0,0,0,0,0
7820,0,0,0,0,0,0,0,0,0
7821,0,0,0,0,0,0,0,0,0
7822,0,0,0,0,0,0,0,0,0
7823,0,0,0,0,0,0,0,0,0
7824,0.021134,0.000358202,4.04239e-06,1.72393e-06,5.31154e-07,7.20005e-10,1.46228e-18,1.26632e-33,0.0214985
7825,0,0,0,0,0,0,0,0,0
7826,0,0,0,0,0,0,0,0,0
7827,0,0,0,0,0,0,0,0,0
7828,0,0,0,0,0,0,0,0,0
7829,0,0,0,0,0,0,0,0,0
7830,0,0,0,0,0,0,0,0,0
7831,0,0,0,0,0,0,0,0,0
7832,0,0,0,0,0,0,0,0,0
7833,0,0,0,0,0,0,0,0,0
7834,0,0,0,0,0,0,0,0,0
7835,0,0,0,0,0,0,0,0,0
7836,0,0,0,0,0,0,0,0,0
7837,0,0,0,0,0,0,0,0,0
7838,0,0,0,0,0,0,0,0,0
7839,0,0,0,0,0,0,0,0,0
7840,0,0,0,0,0,0,0,0,0
7841,0,0,0,0,0,0,0,0,0
7842,0,0,0,0,0,0,0,0,0
7843,0,0,0,0,0,0,0,0,0
7844,0,0,0,0,0,0,0,0,0
7845,0,0,0,0,0,0,0,0,0
7846,0,0,0,0,0,0,0,0,0
7847,0,0,0,0,0,0,0,0,0
7848,0,0,0,0,0,0,0,0,0
7849,0,0,0,0,0,0,0,0,0
7850,0.0200751,0.00032277,3.45042e-06,1.46734e-06,4.50416e-07,5.75415e-10,9.84205e-19,7.18114e-34,0.0204032
7851,0.0230655,0.000427708,5.29257e-06,2.25051e-06,6.90724e-07,1.02519e-09,2.82275e-18,2.89631e-33,0.0235014
7852,0,0,0,0,0,0,0,0,0
7853,0,0,0,0,0,0,0,0,0
7854,0,0,0,0,0,0,0,0,0
7855,0,0,0,0,0,0,0,0,0
7856,0.0228891,0.00042005,5.11478e-06,2.17385e-06,6.66766e-07,9.64132e-10,2.20207e-18,1.62702e-33,0.0233171
7857,0,0,0,0,0,0,0,0,0
7858,0,0,0,0,0,0,0,0,0
7859,0,0,0,0,0,0,0,0,0
7860,0.0197179,0.000309329,3.18057e-06,1.35113e-06,4.14159e-07,4.95866e-10,4.951e-19,8.91943e-35,0.0200322
7861,0,0,0,0,0,0,0,0,0
7862,0,0,0,0,0,0,0,0,0
7863,0,0,0,0,0,0,0,0,0
7864,0,0,0,0,0,0,0,0,0
7865,0,0,0,0,0,0,0,0,0
7866,0,0,0,0,0,0,0,0,0
7867,0,0,0,0,0,0,0,0,0
7868,0,0,0,0,0,0,0,0,0
7869,0,0,0,0,0,0,0,0,0
7870,0,0,0,0,0,0,0,0,0
7871,0,0,0,0,0,0,0,0,0
7872,0,0,0,0,0,0,0,0,0
7873,0,0,0,0,0,0,0,0,0
7874,0,0,0,0,0,0,0,0,0
7875,0,0,0,0,0,0,0,0,0
7876,0,0,0,0,0,0,0,0,0
7877,0,0,0,0,0,0,0,0,0
7878,0,0,0,0,0,0,0,0,0
7879,0.0239946,0.000463051,5.95981e-06,2.5266e-06,7.72377e-07,1.18603e-09,3.60825e-18,3.6528e-33,0.0244669
7880,0,0,0,0,0,0,0,0,0
7881,0,0,0,0,0,0,0,0,0
7882,0,0,0,0,0,0,0,0,0
7883,0,0,0,0,0,0,0,0,0
7884,0,0,0,0,0,0,0,0,0
7885,0.0265496,0.000568091,8.11665e-06,3.43877e-06,1.05033e-06,1.78959e-09,7.41491e-18,8.97282e-33,0.0271303
7886,0,0,0,0,0,0,0,0,0
7887,0,0,0,0,0,0,0,0,0
7888,0,0,0,0,0,0,0,0,0
7889,0,0,0,0,0,0,0,0,0
7890,0,0,0,0,0,0,0,0,0
7891,0,0,0,0,0,0,0,0,0
7892,0,0,0,0,0,0,0,0,0
7893,0,0,0,0,0,0,0,0,0
7894,0.0217302,0.000378642,4.38564e-06,1.85636e-06,5.66321e-07,7.78019e-10,1.65914e-18,1.24745e-33,0.0221156
7895,0.0220828,0.000391197,4.60829e-06,1.95032e-06,5.9487e-07,8.31322e-10,1.87182e-18,1.45861e-33,0.0224812
7896,0,0,0,0,0,0,0,0,0
7897,0,0,0,0,0,0,0,0,0
7898,0,0,0,0,0,0,0,0,0
7899,0,0,0,0,0,0,0,0,0
7900,0.0181302,0.000262428,2.51586e-06,1.06425e-06,3.24399e-07,3.67439e-10,4.34734e-19,2.17021e-34,0.0183965
7901,0,0,0,0,0,0,0,0,0
7902,0,0,0,0,0,0,0,0,0
7903,0,0,0,0,0,0,0,0,0
7904,0.02174,0.0003784,4.36296e-06,1.84473e-06,5.61952e-07,7.63054e-10,1.47844e-18,9.14548e-34,0.0221252
7905,0,0,0,0,0,0,0,0,0
7906,0,0,0,0,0,0,0,0,0
7907,0,0,0,0,0,0,0,0,0
7908,0,0,0,0,0,0,0,0,0
7909,0,0,0,0,0,0,0,0,0
7910,0,0,0,0,0,0,0,0,0
7911,0.0171361,0.000233253,2.0833e-06,8.80249e-07,2.67904e-07,2.78145e-10,2.13788e-19,5.59488e-35,0.0173726
7912,0,0,0,0,0,0,0,0,0
7913,0,0,0,0,0,0,0,0,0
7914,0,0,0,0,0,0,0,0,0
7915,0.022128,0.000392791,4.63534e-06,1.95767e-06,5.95461e-07,8.31077e-10,1.87845e-18,1.40842e-33,0.022528
7916,0,0,0,0,0,0,0,0,0
7917,0,0,0,0,0,0,0,0,0
7918,0,0,0,0,0,0,0,0,0
7919,0,0,0,0,0,0,0,0,0
7920,0,0,0,0,0,0,0,0,0
7921,0,0,0,0,0,0,0,0,0
7922,0,0,0,0,0,0,0,0,0
7923,0,0,0,0,0,0,0,0,0
7924,0,0,0,0,0,0,0,0,0
7925,0,0,0,0,0,0,0,0,0
7926,0,0,0,0,0,0,0,0,0
7927,0,0,0,0,0,0,0,0,0
7928,0,0,0,0,0,0,0,0,0
7929,0,0,0,0,0,0,0,0,0
7930,0,0,0,0,0,0,0,0,0
7931,0,0,0,0,0,0,0,0,0
7932,0.0199974,0.000319874,3.3913e-06,1.42966e-06,4.33811e-07,5.40871e-10,8.59224e-19,4.80953e-34,0.0203226
7933,0,0,0,0,0,0,0,0,0
7934,0,0,0,0,0,0,0,0,0
7935,0,0,0,0,0,0,0,0,0
7936,0.0199453,0.000318108,3.36068e-06,1.4162e-06,4.29508e-07,5.32847e-10,8.27635e-19,4.47307e-34,0.0202686
7937,0.0252536,0.000513022,6.93984e-06,2.92388e-06,8.86514e-07,1.4148e-09,4.81245e-18,4.46237e-33,0.0257774
7938,0,0,0,0,0,0,0,0,0
7939,0,0,0,0,0,0,0,0,0
7940,0,0,0,0,0,0,0,0,0
7941,0,0,0,0,0,0,0,0,0
7942,0,0,0,0,0,0,0,0,0
7943,0,0,0,0,0,0,0,0,0
7944,0,0,0,0,0,0,0,0,0
7945,0,0,0,0,0,0,0,0,0
7946,0,0,0,0,0,0,0,0,0
7947,0,0,0,0,0,0,0,0,0
7948,0,0,0,0,0,0,0,0,0
7949,0,0,0,0,0,0,0,0,0
7950,0.0190925,0.000291079,2.93453e-06,1.23477e-06,3.73742e-07,4.40706e-10,5.82606e-19,2.6995e-34,0.0193881
7951,0,0,0,0,0,0,0,0,0
7952,0,0,0,0,0,0,0,0,0
7953,0,0,0,0,0,0,0,0,0
7954,0,0,0,0,0,0,0,0,0
7955,0,0,0,0,0,0,0,0,0
7956,0,0,0,0,0,0,0,0,0
7957,0,0,0,0,0,0,0,0,0
7958,0.0250436,0.000504411,6.76267e-06,2.84293e-06,8.59449e-07,1.35499e-09,4.48514e-18,3.9208e-33,0.0255585
7959,0,0,0,0,0,0,0,0,0
7960,0,0,0,0,0,0,0,0,0
7961,0,0,0,0,0,0,0,0,0
7962,0,0,0,0,0,0,0,0,0
7963,0,0,0,0,0,0,0,0,0
7964,0,0,0,0,0,0,0,0,0
7965,0,0,0,0,0,0,0,0,0
7966,0,0,0,0,0,0,0,0,0
7967,0,0,0,0,0,0,0,0,0
7968,0.0180617,0.000260124,2.4738e-06,1.03889e-06,3.13645e-07,3.47521e-10,3.82087e-19,1.50463e-34,0.0183256
7969,0,0,0,0,0,0,0,0,0
7970,0,0,0,0,0,0,0,0,0
7971,0.0232046,0.000432141,5.34549e-06,2.24411e-06,6.77203e-07,9.81087e-10,2.49822e-18,1.76173e-33,0.023645
7972,0,0,0,0,0,0,0,0,0
7973,0,0,0,0,0,0,0,0,0
7974,0.0281187,0.000637692,9.64844e-06,4.04931e-06,1.22146e-06,2.17277e-09,1.0515e-17,1.15501e-32,0.0287713
7975,0,0,0,0,0,0,0,0,0
7976,0,0,0,0,0,0,0,0,0
7977,0.0161656,0.000206538,1.71479e-06,7.19419e-07,2.1691e-07,2.04248e-10,9.92586e-20,9.61523e-36,0.0163748
7978,0,0,0,0,0,0,0,0,0
7979,0,0,0,0,0,0,0,0,0
7980,0.0212453,0.000361194,4.06458e-06,1.70471e-06,5.13769e-07,6.73393e-10,1.23054e-18,6.52974e-34,0.0216128
7981,0,0,0,0,0,0,0,0,0
7982,0,0,0,0,0,0,0,0,0
7983,0,0,0,0,0,0,0,0,0
7984,0,0,0,0,0,0,0,0,0
7985,0,0,0,0,0,0,0,0,0
7986,0,0,0,0,0,0,0,0,0
7987,0.0213879,0.000366192,4.15215e-06,1.74021e-06,5.23975e-07,6.91897e-10,1.30887e-18,7.11486e-34,0.0217605
7988,0,0,0,0,0,0,0,0,0
7989,0,0,0,0,0,0,0,0,0
7990,0,0,0,0,0,0,0,0,0
7991,0,0,0,0,0,0,0,0,0
7992,0,0,0,0,0,0,0,0,0
7993,0,0,0,0,0,0,0,0,0
7994,0,0,0,0,0,0,0,0,0
7995,0,0,0,0,0,0,0,0,0
7996,0,0,0,0,0,0,0,0,0
7997,0.0241383,0.000467625,6.00877e-06,2.51547e-06,7.5627e-07,1.13081e-09,3.10691e-18,2.08579e-33,0.0246152
7998,0,0,0,0,0,0,0,0,0
7999,0,0,0,0,0,0,0,0,0
8000,0,0,0,0,0,0,0,0,0
8001,0,0,0,0,0,0,0,0,0
8002,0,0,0,0,0,0,0,0,0
8003,0.0190889,0.000290661,2.91898e-06,1.22127e-06,3.66884e-07,4.2604e-10,5.31434e-19,2.0215e-34,0.0193841
8004,0,0,0,0,0,0,0,0,0
8005,0,0,0,0,0,0,0,0,0
8006,0,0,0,0,0,0,0,0,0
8007,0,0,0,0,0,0,0,0,0
8008,0,0,0,0,0,0,0,0,0
8009,0,0,0,0,0,0,0,0,0
8010,0,0,0,0,0,0,0,0,0
8011,0,0,0,0,0,0,0,0,0
8012,0,0,0,0,0,0,0,0,0
8013,0,0,0,0,0,0,0,0,0
8014,0,0,0,0,0,0,0,0,0
8015,0,0,0,0,0,0,0,0,0
8016,0,0,0,0,0,0,0,0,0
8017,0,0,0,0,0,0,0,0,0
8018,0,0,0,0,0,0,0,0,0
8019,0,0,0,0,0,0,0,0,0
8020,0,0,0,0,0,0,0,0,0
8021,0,0,0,0,0,0,0,0,0
8022,0,0,0,0,0,0,0,0,0
8023,0,0,0,0,0,0,0,0,0
8024,0,0,0,0,0,0,0,0,0
8025,0,0,0,0,0,0,0,0,0
8026,0,0,0,0,0,0,0,0,0
8027,0,0,0,0,0,0,0,0,0
8028,0,0,0,0,0,0,0,0,0
8029,0,0,0,0,0,0,0,0,0
8030,0,0,0,0,0,0,0,0,0
8031,0,0,0,0,0,0,0,0,0
8032,0,0,0,0,0,0,0,0,0
8033,0,0,0,0,0,0,0,0,0
8034,0,0,0,0,0,0,0,0,0
8035,0,0,0,0,0,0,0,0,0
8036,0,0,0,0,0,0,0,0,0
8037,0,0,0,0,0,0,0,0,0
8038,0,0,0,0,0,0,0,0,0
8039,0,0,0,0,0,0,0,0,0
8040,0,0,0,0,0,0,0,0,0
8041,0,0,0,0,0,0,0,0,0
8042,0,0,0,0,0,0,0,0,0
8043,0,0,0,0,0,0,0,0,0
8044,0,0,0,0,0,0,0,0,0
8045,0,0,0,0,0,0,0,0,0
8046,0,0,0,0,0,0,0,0,0
8047,0,0,0,0,0,0,0,0,0
8048,0,0,0,0,0,0,0,0,0
8049,0,0,0,0,0,0,0,0,0
8050,0,0,0,0,0,0,0,0,0
8051,0,0,0,0,0,0,0,0,0
8052,0,0,0,0,0,0,0,0,0
8053,0,0,0,0,0,0,0,0,0
8054,0.0205824,0.000338511,3.67554e-06,1.52948e-06,4.56193e-07,5.69124e-10,9.07188e-19,3.69653e-34,0.0209266
8055,0.0148721,0.000175157,1.34987e-06,5.61632e-07,1.67484e-07,1.46889e-10,7.6265e-20,1.37207e-35,0.0150494
8056,0,0,0,0,0,0,0,0,0
8057,0,0,0,0,0,0,0,0,0
8058,0,0,0,0,0,0,0,0,0
8059,0.0119135,0.000110043,6.37936e-07,2.65319e-07,7.90805e-08,4.83644e-11,1.19204e-21,1.68751e-36,0.0120246
8060,0,0,0,0,0,0,0,0,0
8061,0,0,0,0,0,0,0,0,0
8062,0,0,0,0,0,0,0,0,0
8063,0,0,0,0,0,0,0,0,0
8064,0,0,0,0,0,0,0,0,0
8065,0,0,0,0,0,0,0,0,0
8066,0,0,0,0,0,0,0,0,0
8067,0,0,0,0,0,0,0,0,0
8068,0,0,0,0,0,0,0,0,0
8069,0,0,0,0,0,0,0,0,0
8070,0,0,0,0,0,0,0,0,0
8071,0,0,0,0,0,0,0,0,0
8072,0,0,0,0,0,0,0,0,0
8073,0,0,0,0,0,0,0,0,0
8074,0,0,0,0,0,0,0,0,0
8075,0,0,0,0,0,0,0,0,0
8076,0,0,0,0,0,0,0,0,0
8077,0,0,0,0,0,0,0,0,0
8078,0,0,0,0,0,0,0,0,0
8079,0,0,0,0,0,0,0,0,0
8080,0,0,0,0,0,0,0,0,0
8081,0,0,0,0,0,0,0,0,0
8082,0,0,0,0,0,0,0,0,0
8083,0,0,0,0,0,0,0,0,0
8084,0.0159999,0.000202693,1.67526e-06,6.9489e-07,2.06389e-07,1.92216e-10,1.12575e-19,1.83111e-35,0.0162052
8085,0,0,0,0,0,0,0,0,0
8086,0,0,0,0,0,0,0,0,0
8087,0,0,0,0,0,0,0,0,0
8088,0,0,0,0,0,0,0,0,0
8089,0,0,0,0,0,0,0,0,0
8090,0,0,0,0,0,0,0,0,0
8091,0,0,0,0,0,0,0,0,0
8092,0,0,0,0,0,0,0,0,0
8093,0,0,0,0,0,0,0,0,0
8094,0,0,0,0,0,0,0,0,0
8095,0,0,0,0,0,0,0,0,0
8096,0,0,0,0,0,0,0,0,0
8097,0,0,0,0,0,0,0,0,0
8098,0,0,0,0,0,0,0,0,0
8099,0,0,0,0,0,0,0,0,0
8100,0,0,0,0,0,0,0,0,0
8101,0,0,0,0,0,0,0,0,0
8102,0,0,0,0,0,0,0,0,0
8103,0,0,0,0,0,0,0,0,0
8104,0,0,0,0,0,0,0,0,0
8105,0,0,0,0,0,0,0,0,0
8106,0,0,0,0,0,0,0,0,0
8107,0,0,0,0,0,0,0,0,0
8108,0,0,0,0,0,0,0,0,0
8109,0,0,0,0,0,0,0,0,0
8110,0,0,0,0,0,0,0,0,0
8111,0,0,0,0,0,0,0,0,0
8112,0,0,0,0,0,0,0,0,0
8113,0,0,0,0,0,0,0,0,0
8114,0,0,0,0,0,0,0,0,0
8115,0,0,0,0,0,0,0,0,0
8116,0,0,0,0,0,0,0,0,0
8117,0,0,0,0,0,0,0,0,0
8118,0,0,0,0,0,0,0,0,0
8119,0,0,0,0,0,0,0,0,0
8120,0,0,0,0,0,0,0,0,0
8121,0,0,0,0,0,0,0,0,0
8122,0.0160886,0.000205152,1.70969e-06,7.06237e-07,2.08613e-07,1.95437e-10,1.23508e-19,2.09678e-35,0.0162964
8123,0,0,0,0,0,0,0,0,0
8124,0,0,0,0,0,0,0,0,0
8125,0,0,0,0,0,0,0,0,0
8126,0,0,0,0,0,0,0,0,0
8127,0,0,0,0,0,0,0,0,0
8128,0,0,0,0,0,0,0,0,0
8129,0,0,0,0,0,0,0,0,0
8130,0,0,0,0,0,0,0,0,0
8131,0,0,0,0,0,0,0,0,0
8132,0,0,0,0,0,0,0,0,0
8133,0,0,0,0,0,0,0,0,0
8134,0,0,0,0,0,0,0,0,0
8135,0,0,0,0,0,0,0,0,0
8136,0,0,0,0,0,0,0,0,0
8137,0,0,0,0,0,0,0,0,0
8138,0,0,0,0,0,0,0,0,0
8139,0,0,0,0,0,0,0,0,0
8140,0,0,0,0,0,0,0,0,0
8141,0,0,0,0,0,0,0,0,0
8142,0,0,0,0,0,0,0,0,0
8143,0,0,0,0,0,0,0,0,0
8144,0,0,0,0,0,0,0,0,0
8145,0,0,0,0,0,0,0,0,0
8146,0,0,0,0,0,0,0,0,0
8147,0,0,0,0,0,0,0,0,0
8148,0,0,0,0,0,0,0,0,0
8149,0,0,0,0,0,0,0,0,0
8150,0,0,0,0,0,0,0,0,0
8151,0,0,0,0,0,0,0,0,0
8152,0,0,0,0,0,0,0,0,0
8153,0,0,0,0,0,0,0,0,0
8154,0,0,0,0,0,0,0,0,0
8155,0,0,0,0,0,0,0,0,0
8156,0,0,0,0,0,0,0,0,0
8157,0,0,0,0,0,0,0,0,0
8158,0,0,0,0,0,0,0,0,0
8159,0,0,0,0,0,0,0,0,0
8160,0,0,0,0,0,0,0,0,0
8161,0,0,0,0,0,0,0,0,0
8162,0,0,0,0,0,0,0,0,0
8163,0,0,0,0,0,0,0,0,0
8164,0,0,0,0,0,0,0,0,0
8165,0,0,0,0,0,0,0,0,0
8166,0,0,0,0,0,0,0,0,0
8167,0.0156569,0.00019405,1.56861e-06,6.44896e-07,1.89305e-07,1.70511e-10,9.58887e-20,1.34894e-35,0.0158533
8168,0,0,0,0,0,0,0,0,0
8169,0.0175847,0.00024552,2.24199e-06,9.21513e-07,2.70417e-07,2.75811e-10,2.29376e-19,4.23934e-35,0.0178336
8170,0.0140072,0.000152588,1.04417e-06,4.29117e-07,1.25901e-07,8.9516e-11,4.2495e-21,4.06985e-36,0.0141614
8171,0,0,0,0,0,0,0,0,0
8172,0,0,0,0,0,0,0,0,0
8173,0,0,0,0,0,0,0,0,0
8174,0.0185633,0.000274116,2.65316e-06,1.0899e-06,3.19595e-07,3.46212e-10,3.54357e-19,7.67514e-35,0.0188415
8175,0,0,0,0,0,0,0,0,0
8176,0,0,0,0,0,0,0,0,0
8177,0,0,0,0,0,0,0,0,0
8178,0,0,0,0,0,0,0,0,0
8179,0.0167843,0.00022353,1.947e-06,7.99403e-07,2.34251e-07,2.27751e-10,1.67195e-19,2.85356e-35,0.0170108
8180,0,0,0,0,0,0,0,0,0
8181,0,0,0,0,0,0,0,0,0
8182,0,0,0,0,0,0,0,0,0
8183,0,0,0,0,0,0,0,0,0
8184,0,0,0,0,0,0,0,0,0
8185,0.0166185,0.000219019,1.88623e-06,7.73954e-07,2.26601e-07,2.17388e-10,1.52058e-19,2.44777e-35,0.0168404
8186,0,0,0,0,0,0,0,0,0
8187,0,0,0,0,0,0,0,0,0
8188,0,0,0,0,0,0,0,0,0
8189,0,0,0,0,0,0,0,0,0
8190,0,0,0,0,0,0,0,0,0
8191,0,0,0,0,0,0,0,0,0
8192,0,0,0,0,0,0,0,0,0
8193,0,0,0,0,0,0,0,0,0
8194,0,0,0,0,0,0,0,0,0
8195,0,0,0,0,0,0,0,0,0
8196,0,0,0,0,0,0,0,0,0
8197,0,0,0,0,0,0,0,0,0
8198,0,0,0,0,0,0,0,0,0
8199,0,0,0,0,0,0,0,0,0
8200,0,0,0,0,0,0,0,0,0
8201,0,0,0,0,0,0,0,0,0
8202,0,0,0,0,0,0,0,0,0
8203,0,0,0,0,0,0,0,0,0
8204,0,0,0,0,0,0,0,0,0
8205,0,0,0,0,0,0,0,0,0
8206,0.0186264,0.000275731,2.6694e-06,1.09289e-06,3.1905e-07,3.42974e-10,3.36295e-19,6.3368e-35,0.0189062
8207,0,0,0,0,0,0,0,0,0
8208,0,0,0,0,0,0,0,0,0
8209,0,0,0,0,0,0,0,0,0
8210,0.0164708,0.000214639,1.81873e-06,7.44241e-07,2.17124e-07,2.02611e-10,1.20967e-19,1.44711e-35,0.0166882
8211,0,0,0,0,0,0,0,0,0
8212,0.0195758,0.000305098,3.11659e-06,1.27516e-06,3.71944e-07,4.22709e-10,5.03605e-19,1.10158e-34,0.0198856
8213,0.0377069,0.000565911,5.56128e-06,2.27505e-06,6.63463e-07,7.23902e-10,7.4906e-19,1.45476e-34,0.0382813
8214,0,0,0,0,0,0,0,0,0
8215,0,0,0,0,0,0,0,0,0
8216,0,0,0,0,0,0,0,0,0
8217,0,0,0,0,0,0,0,0,0
8218,0,0,0,0,0,0,0,0,0
8219,0,0,0,0,0,0,0,0,0
8220,0,0,0,0,0,0,0,0,0
8221,0,0,0,0,0,0,0,0,0
8222,0,0,0,0,0,0,0,0,0
8223,0,0,0,0,0,0,0,0,0
8224,0.0167101,0.000221187,1.90766e-06,7.79496e-07,2.26974e-07,2.15897e-10,1.43332e-19,1.93779e-35,0.0169342
8225,0,0,0,0,0,0,0,0,0
8226,0,0,0,0,0,0,0,0,0
8227,0,0,0,0,0,0,0,0,0
8228,0,0,0,0,0,0,0,0,0
8229,0.018304,0.000266188,2.53099e-06,1.03368e-06,3.00786e-07,3.16539e-10,2.95525e-19,5.18541e-35,0.0185741
8230,0,0,0,0,0,0,0,0,0
8231,0,0,0,0,0,0,0,0,0
8232,0,0,0,0,0,0,0,0,0
8233,0,0,0,0,0,0,0,0,0
8234,0,0,0,0,0,0,0,0,0
8235,0,0,0,0,0,0,0,0,0
8236,0.0172505,0.000235801,2.09928e-06,8.56719e-07,2.49047e-07,2.4385e-10,1.74638e-19,2.35155e-35,0.0174895
8237,0,0,0,0,0,0,0,0,0
8238,0,0,0,0,0,0,0,0,0
8239,0,0,0,0,0,0,0,0,0
8240,0,0,0,0,0,0,0,0,0
8241,0,0,0,0,0,0,0,0,0
8242,0,0,0,0,0,0,0,0,0
8243,0,0,0,0,0,0,0,0,0
8244,0,0,0,0,0,0,0,0,0
8245,0,0,0,0,0,0,0,0,0
8246,0,0,0,0,0,0,0,0,0
8247,0,0,0,0,0,0,0,0,0
8248,0,0,0,0,0,0,0,0,0
8249,0,0,0,0,0,0,0,0,0
8250,0,0,0,0,0,0,0,0,0
8251,0,0,0,0,0,0,0,0,0
8252,0,0,0,0,0,0,0,0,0
8253,0,0,0,0,0,0,0,0,0
8254,0,0,0,0,0,0,0,0,0
8255,0,0,0,0,0,0,0,0,0
8256,0,0,0,0,0,0,0,0,0
8257,0,0,0,0,0,0,0,0,0
8258,0,0,0,0,0,0,0,0,0
8259,0,0,0,0,0,0,0,0,0
8260,0,0,0,0,0,0,0,0,0
8261,0,0,0,0,0,0,0,0,0
8262,0,0,0,0,0,0,0,0,0
8263,0,0,0,0,0,0,0,0,0
8264,0,0,0,0,0,0,0,0,0
8265,0,0,0,0,0,0,0,0,0
8266,0,0,0,0,0,0,0,0,0
8267,0,0,0,0,0,0,0,0,0
8268,0.0178547,0.000253007,2.33992e-06,9.51645e-07,2.75389e-07,2.79717e-10,2.34939e-19,3.47359e-35,0.0181113
8269,0,0,0,0,0,0,0,0,0
8270,0.0157454,0.000196083,1.58837e-06,6.45867e-07,1.86855e-07,1.65609e-10,9.03153e-20,9.74168e-36,0.0159439
8271,0,0,0,0,0,0,0,0,0
8272,0,0,0,0,0,0,0,0,0
8273,0.0171144,0.000232134,2.05145e-06,8.33904e-07,2.41157e-07,2.33419e-10,1.67158e-19,2.15735e-35,0.0173497
8274,0,0,0,0,0,0,0,0,0
8275,0,0,0,0,0,0,0,0,0
8276,0,0,0,0,0,0,0,0,0
8277,0,0,0,0,0,0,0,0,0
8278,0,0,0,0,0,0,0,0,0
8279,0.0177578,0.000250213,2.30018e-06,9.34392e-07,2.69981e-07,2.72039e-10,2.23501e-19,3.17351e-35,0.0180115
8280,0,0,0,0,0,0,0,0,0
8281,0,0,0,0,0,0,0,0,0
8282,0,0,0,0,0,0,0,0,0
8283,0,0,0,0,0,0,0,0,0
8284,0,0,0,0,0,0,0,0,0
8285,0,0,0,0,0,0,0,0,0
8286,0,0,0,0,0,0,0,0,0
8287,0,0,0,0,0,0,0,0,0
8288,0,0,0,0,0,0,0,0,0
8289,0,0,0,0,0,0,0,0,0
8290,0,0,0,0,0,0,0,0,0
8291,0,0,0,0,0,0,0,0,0
8292,0,0,0,0,0,0,0,0,0
8293,0,0,0,0,0,0,0,0,0
8294,0,0,0,0,0,0,0,0,0
8295,0,0,0,0,0,0,0,0,0
8296,0,0,0,0,0,0,0,0,0
8297,0,0,0,0,0,0,0,0,0
8298,0,0,0,0,0,0,0,0,0
8299,0,0,0,0,0,0,0,0,0
8300,0,0,0,0,0,0,0,0,0
8301,0,0,0,0,0,0,0,0,0
8302,0,0,0,0,0,0,0,0,0
8303,0,0,0,0,0,0,0,0,0
8304,0,0,0,0,0,0,0,0,0
8305,0,0,0,0,0,0,0,0,0
8306,0,0,0,0,0,0,0,0,0
8307,0,0,0,0,0,0,0,0,0
8308,0,0,0,0,0,0,0,0,0
8309,0,0,0,0,0,0,0,0,0
8310,0,0,0,0,0,0,0,0,0
8311,0,0,0,0,0,0,0,0,0
8312,0,0,0,0,0,0,0,0,0
8313,0,0,0,0,0,0,0,0,0
8314,0,0,0,0,0,0,0,0,0
8315,0,0,0,0,0,0,0,0,0
8316,0,0,0,0,0,0,0,0,0
8317,0,0,0,0,0,0,0,0,0
8318,0,0,0,0,0,0,0,0,0
8319,0.0169528,0.000227559,1.98624e-06,8.03418e-07,2.30832e-07,2.18642e-10,1.46358e-19,1.59483e-35,0.0171834
8320,0,0,0,0,0,0,0,0,0
8321,0,0,0,0,0,0,0,0,0
8322,0,0,0,0,0,0,0,0,0
8323,0,0,0,0,0,0,0,0,0
8324,0.034916,0.000482191,4.31097e-06,1.74278e-06,5.00356e-07,4.81187e-10,3.11395e-19,3.17658e-35,0.0354048
8325,0,0,0,0,0,0,0,0,0
8326,0,0,0,0,0,0,0,0,0
8327,0,0,0,0,0,0,0,0,0
8328,0,0,0,0,0,0,0,0,0
8329,0,0,0,0,0,0,0,0,0
8330,0,0,0,0,0,0,0,0,0
8331,0,0,0,0,0,0,0,0,0
8332,0,0,0,0,0,0,0,0,0
8333,0,0,0,0,0,0,0,0,0
8334,0,0,0,0,0,0,0,0,0
8335,0,0,0,0,0,0,0,0,0
8336,0,0,0,0,0,0,0,0,0
8337,0,0,0,0,0,0,0,0,0
8338,0.0150705,0.00017739,1.32161e-06,5.33495e-07,1.5287e-07,1.17768e-10,2.1002e-20,1.18834e-40,0.0152499
8339,0,0,0,0,0,0,0,0,0
8340,0,0,0,0,0,0,0,0,0
8341,0,0,0,0,0,0,0,0,0
8342,0,0,0,0,0,0,0,0,0
8343,0,0,0,0,0,0,0,0,0
8344,0.0158644,0.000198681,1.61075e-06,6.49809e-07,1.86047e-07,1.6212e-10,8.07346e-20,6.35603e-36,0.0160655
8345,0,0,0,0,0,0,0,0,0
8346,0,0,0,0,0,0,0,0,0
8347,0,0,0,0,0,0,0,0,0
8348,0,0,0,0,0,0,0,0,0
8349,0,0,0,0,0,0,0,0,0
8350,0,0,0,0,0,0,0,0,0
8351,0,0,0,0,0,0,0,0,0
8352,0,0,0,0,0,0,0,0,0
8353,0,0,0,0,0,0,0,0,0
8354,0,0,0,0,0,0,0,0,0
8355,0,0,0,0,0,0,0,0,0
8356,0,0,0,0,0,0,0,0,0
8357,0,0,0,0,0,0,0,0,0
8358,0,0,0,0,0,0,0,0,0
8359,0,0,0,0,0,0,0,0,0
8360,0,0,0,0,0,0,0,0,0
8361,0,0,0,0,0,0,0,0,0
8362,0,0,0,0,0,0,0,0,0
8363,0,0,0,0,0,0,0,0,0
8364,0,0,0,0,0,0,0,0,0
8365,0,0,0,0,0,0,0,0,0
8366,0,0,0,0,0,0,0,0,0
8367,0.0160415,0.000203257,1.66837e-06,6.71389e-07,1.91599e-07,1.68684e-10,8.88441e-20,7.09037e-36,0.0162473
8368,0,0,0,0,0,0,0,0,0
8369,0,0,0,0,0,0,0,0,0
8370,0,0,0,0,0,0,0,0,0
8371,0,0,0,0,0,0,0,0,0
8372,0,0,0,0,0,0,0,0,0
8373,0,0,0,0,0,0,0,0,0
8374,0,0,0,0,0,0,0,0,0
8375,0.0220898,0.00038853,4.45782e-06,1.79244e-06,5.10966e-07,6.32173e-10,9.60388e-19,1.56949e-34,0.0224851
8376,0,0,0,0,0,0,0,0,0
8377,0,0,0,0,0,0,0,0,0
8378,0,0,0,0,0,0,0,0,0
8379,0,0,0,0,0,0,0,0,0
8380,0,0,0,0,0,0,0,0,0
8381,0,0,0,0,0,0,0,0,0
8382,0,0,0,0,0,0,0,0,0
8383,0,0,0,0,0,0,0,0,0
8384,0,0,0,0,0,0,0,0,0
8385,0,0,0,0,0,0,0,0,0
8386,0,0,0,0,0,0,0,0,0
8387,0,0,0,0,0,0,0,0,0
8388,0,0,0,0,0,0,0,0,0
8389,0,0,0,0,0,0,0,0,0
8390,0,0,0,0,0,0,0,0,0
8391,0,0,0,0,0,0,0,0,0
8392,0,0,0,0,0,0,0,0,0
8393,0,0,0,0,0,0,0,0,0
8394,0.0348978,0.000503089,4.90093e-06,1.96665e-06,5.59144e-07,6.04143e-10,7.01879e-19,9.86169e-35,0.0354083
8395,0,0,0,0,0,0,0,0,0
8396,0,0,0,0,0,0,0,0,0
8397,0,0,0,0,0,0,0,0,0
8398,0,0,0,0,0,0,0,0,0
8399,0,0,0,0,0,0,0,0,0
8400,0,0,0,0,0,0,0,0,0
8401,0,0,0,0,0,0,0,0,0
8402,0,0,0,0,0,0,0,0,0
8403,0,0,0,0,0,0,0,0,0
8404,0,0,0,0,0,0,0,0,0
8405,0,0,0,0,0,0,0,0,0
8406,0.0147968,0.000172545,1.3001e-06,5.21027e-07,1.4788e-07,1.18556e-10,4.72647e-20,2.85788e-36,0.0149713
8407,0,0,0,0,0,0,0,0,0
8408,0,0,0,0,0,0,0,0,0
8409,0,0,0,0,0,0,0,0,0
8410,0,0,0,0,0,0,0,0,0
8411,0,0,0,0,0,0,0,0,0
8412,0,0,0,0,0,0,0,0,0
8413,0,0,0,0,0,0,0,0,0
8414,0,0,0,0,0,0,0,0,0
8415,0,0,0,0,0,0,0,0,0
8416,0,0,0,0,0,0,0,0,0
8417,0,0,0,0,0,0,0,0,0
8418,0,0,0,0,0,0,0,0,0
8419,0,0,0,0,0,0,0,0,0
8420,0,0,0,0,0,0,0,0,0
8421,0,0,0,0,0,0,0,0,0
8422,0,0,0,0,0,0,0,0,0
8423,0,0,0,0,0,0,0,0,0
8424,0,0,0,0,0,0,0,0,0
8425,0,0,0,0,0,0,0,0,0
8426,0.0366729,0.000539831,5.22734e-06,2.09046e-06,5.91666e-07,6.1852e-10,6.06374e-19,6.84893e-35,0.0372206
8427,0,0,0,0,0,0,0,0,0
8428,0,0,0,0,0,0,0,0,0
8429,0,0,0,0,0,0,0,0,0
8430,0,0,0,0,0,0,0,0,0
8431,0,0,0,0,0,0,0,0,0
8432,0,0,0,0,0,0,0,0,0
8433,0,0,0,0,0,0,0,0,0
8434,0,0,0,0,0,0,0,0,0
8435,0.0162045,0.000207262,1.71343e-06,6.84556e-07,1.93505e-07,1.69397e-10,8.77964e-20,5.8108e-36,0.0164143
8436,0,0,0,0,0,0,0,0,0
8437,0,0,0,0,0,0,0,0,0
8438,0,0,0,0,0,0,0,0,0
8439,0,0,0,0,0,0,0,0,0
8440,0,0,0,0,0,0,0,0,0
8441,0,0,0,0,0,0,0,0,0
8442,0,0,0,0,0,0,0,0,0
8443,0,0,0,0,0,0,0,0,0
8444,0,0,0,0,0,0,0,0,0
8445,0,0,0,0,0,0,0,0,0
8446,0,0,0,0,0,0,0,0,0
8447,0,0,0,0,0,0,0,0,0
8448,0,0,0,0,0,0,0,0,0
8449,0,0,0,0,0,0,0,0,0
8450,0,0,0,0,0,0,0,0,0
8451,0,0,0,0,0,0,0,0,0
8452,0,0,0,0,0,0,0,0,0
8453,0,0,0,0,0,0,0,0,0
8454,0,0,0,0,0,0,0,0,0
8455,0,0,0,0,0,0,0,0,0
8456,0,0,0,0,0,0,0,0,0
8457,0,0,0,0,0,0,0,0,0
8458,0,0,0,0,0,0,0,0,0
8459,0,0,0,0,0,0,0,0,0
8460,0,0,0,0,0,0,0,0,0
8461,0,0,0,0,0,0,0,0,0
8462,0.0131881,0.000136139,8.97796e-07,3.57663e-07,1.0072e-07,6.89687e-11,1.47543e-20,3.94806e-37,0.0133256
8463,0,0,0,0,0,0,0,0,0
8464,0,0,0,0,0,0,0,0,0
8465,0,0,0,0,0,0,0,0,0
8466,0,0,0,0,0,0,0,0,0
8467,0,0,0,0,0,0,0,0,0
8468,0,0,0,0,0,0,0,0,0
8469,0,0,0,0,0,0,0,0,0
8470,0,0,0,0,0,0,0,0,0
8471,0,0,0,0,0,0,0,0,0
8472,0,0,0,0,0,0,0,0,0
8473,0,0,0,0,0,0,0,0,0
8474,0,0,0,0,0,0,0,0,0
8475,0,0,0,0,0,0,0,0,0
8476,0,0,0,0,0,0,0,0,0
8477,0,0,0,0,0,0,0,0,0
8478,0,0,0,0,0,0,0,0,0
8479,0,0,0,0,0,0,0,0,0
8480,0,0,0,0,0,0,0,0,0
8481,0,0,0,0,0,0,0,0,0
8482,0,0,0,0,0,0,0,0,0
8483,0.0127198,0.000126867,8.12376e-07,3.22893e-07,9.06551e-08,6.06402e-11,1.37361e-20,4.56122e-37,0.0128479
8484,0,0,0,0,0,0,0,0,0
8485,0,0,0,0,0,0,0,0,0
8486,0,0,0,0,0,0,0,0,0
8487,0,0,0,0,0,0,0,0,0
8488,0,0,0,0,0,0,0,0,0
8489,0,0,0,0,0,0,0,0,0
8490,0,0,0,0,0,0,0,0,0
8491,0,0,0,0,0,0,0,0,0
8492,0,0,0,0,0,0,0,0,0
8493,0,0,0,0,0,0,0,0,0
8494,0,0,0,0,0,0,0,0,0
8495,0,0,0,0,0,0,0,0,0
8496,0,0,0,0,0,0,0,0,0
8497,0,0,0,0,0,0,0,0,0
8498,0,0,0,0,0,0,0,0,0
8499,0,0,0,0,0,0,0,0,0
8500,0.0158956,0.000199255,1.61152e-06,6.39379e-07,1.79088e-07,1.51664e-10,7.22463e-20,3.89536e-36,0.0160973
8501,0,0,0,0,0,0,0,0,0
8502,0,0,0,0,0,0,0,0,0
8503,0,0,0,0,0,0,0,0,0
8504,0,0,0,0,0,0,0,0,0
8505,0.0174553,0.000240819,2.14757e-06,8.51595e-07,2.38358e-07,2.22768e-10,1.44014e-19,9.45554e-36,0.0176993
8506,0,0,0,0,0,0,0,0,0
8507,0.0116761,0.000105071,5.8536e-07,2.32074e-07,6.49404e-08,3.53614e-11,1.47747e-21,9.77649e-39,0.0117821
8508,0,0,0,0,0,0,0,0,0
8509,0,0,0,0,0,0,0,0,0
8510,0,0,0,0,0,0,0,0,0
8511,0,0,0,0,0,0,0,0,0
8512,0,0,0,0,0,0,0,0,0
8513,0,0,0,0,0,0,0,0,0
8514,0,0,0,0,0,0,0,0,0
8515,0,0,0,0,0,0,0,0,0
8516,0,0,0,0,0,0,0,0,0
8517,0,0,0,0,0,0,0,0,0
8518,0,0,0,0,0,0,0,0,0
8519,0,0,0,0,0,0,0,0,0
8520,0,0,0,0,0,0,0,0,0
8521,0,0,0,0,0,0,0,0,0
8522,0,0,0,0,0,0,0,0,0
8523,0,0,0,0,0,0,0,0,0
8524,0,0,0,0,0,0,0,0,0
8525,0.0160866,0.000204019,1.66762e-06,6.5987e-07,1.84178e-07,1.56808e-10,7.54321e-20,3.79803e-36,0.0162931
8526,0,0,0,0,0,0,0,0,0
8527,0,0,0,0,0,0,0,0,0
8528,0,0,0,0,0,0,0,0,0
8529,0,0,0,0,0,0,0,0,0
8530,0,0,0,0,0,0,0,0,0
8531,0,0,0,0,0,0,0,0,0
8532,0,0,0,0,0,0,0,0,0
8533,0,0,0,0,0,0,0,0,0
8534,0,0,0,0,0,0,0,0,0
8535,0,0,0,0,0,0,0,0,0
8536,0,0,0,0,0,0,0,0,0
8537,0,0,0,0,0,0,0,0,0
8538,0,0,0,0,0,0,0,0,0
8539,0,0,0,0,0,0,0,0,0
8540,0.0151724,0.000181208,1.39267e-06,5.50219e-07,1.5326e-07,1.22255e-10,4.8268e-20,2.05296e-36,0.0153557
8541,0,0,0,0,0,0,0,0,0
8542,0,0,0,0,0,0,0,0,0
8543,0,0,0,0,0,0,0,0,0
8544,0,0,0,0,0,0,0,0,0
8545,0,0,0,0,0,0,0,0,0
8546,0,0,0,0,0,0,0,0,0
8547,0,0,0,0,0,0,0,0,0
8548,0,0,0,0,0,0,0,0,0
8549,0,0,0,0,0,0,0,0,0
8550,0.0166001,0.00021709,1.82457e-06,7.20082e-07,2.00291e-07,1.73879e-10,8.46299e-20,3.7213e-36,0.01682
8551,0,0,0,0,0,0,0,0,0
8552,0,0,0,0,0,0,0,0,0
8553,0,0,0,0,0,0,0,0,0
8554,0.0151242,0.000179977,1.37686e-06,5.4315e-07,1.5099e-07,1.19485e-10,4.57447e-20,1.81991e-36,0.0153063
8555,0,0,0,0,0,0,0,0,0
8556,0,0,0,0,0,0,0,0,0
8557,0,0,0,0,0,0,0,0,0
8558,0,0,0,0,0,0,0,0,0
8559,0,0,0,0,0,0,0,0,0
8560,0,0,0,0,0,0,0,0,0
8561,0.0178541,0.000251262,2.26959e-06,8.94651e-07,2.48458e-07,2.30692e-10,1.31406e-19,5.67205e-36,0.0181087
8562,0,0,0,0,0,0,0,0,0
8563,0,0,0,0,0,0,0,0,0
8564,0,0,0,0,0,0,0,0,0
8565,0.0149603,0.000176015,1.33035e-06,5.24178e-07,1.45487e-07,1.13463e-10,4.14654e-20,1.54841e-36,0.0151383
8566,0,0,0,0,0,0,0,0,0
8567,0,0,0,0,0,0,0,0,0
8568,0,0,0,0,0,0,0,0,0
8569,0,0,0,0,0,0,0,0,0
8570,0,0,0,0,0,0,0,0,0
8571,0,0,0,0,0,0,0,0,0
8572,0,0,0,0,0,0,0,0,0
8573,0,0,0,0,0,0,0,0,0
8574,0,0,0,0,0,0,0,0,0
8575,0,0,0,0,0,0,0,0,0
8576,0.018363,0.000266519,2.49524e-06,9.8205e-07,2.72165e-07,2.63485e-10,1.88395e-19,1.08837e-35,0.0186332
8577,0,0,0,0,0,0,0,0,0
8578,0,0,0,0,0,0,0,0,0
8579,0,0,0,0,0,0,0,0,0
8580,0,0,0,0,0,0,0,0,0
8581,0,0,0,0,0,0,0,0,0
8582,0,0,0,0,0,0,0,0,0
8583,0,0,0,0,0,0,0,0,0
8584,0,0,0,0,0,0,0,0,0
8585,0,0,0,0,0,0,0,0,0
8586,0,0,0,0,0,0,0,0,0
8587,0,0,0,0,0,0,0,0,0
8588,0,0,0,0,0,0,0,0,0
8589,0,0,0,0,0,0,0,0,0
8590,0,0,0,0,0,0,0,0,0
8591,0.0156298,0.000192257,1.51913e-06,5.96905e-07,1.6507e-07,1.34022e-10,5.54552e-20,2.10478e-36,0.0158243
8592,0,0,0,0,0,0,0,0,0
8593,0,0,0,0,0,0,0,0,0
8594,0.0181093,0.000259049,2.38801e-06,9.3806e-07,2.59325e-07,2.46274e-10,1.65876e-19,8.77052e-36,0.0183719
8595,0,0,0,0,0,0,0,0,0
8596,0,0,0,0,0,0,0,0,0
8597,0,0,0,0,0,0,0,0,0
8598,0,0,0,0,0,0,0,0,0
8599,0,0,0,0,0,0,0,0,0
8600,0,0,0,0,0,0,0,0,0
8601,0,0,0,0,0,0,0,0,0
8602,0,0,0,0,0,0,0,0,0
8603,0,0,0,0,0,0,0,0,0
8604,0,0,0,0,0,0,0,0,0
8605,0,0,0,0,0,0,0,0,0
8606,0,0,0,0,0,0,0,0,0
8607,0,0,0,0,0,0,0,0,0
8608,0,0,0,0,0,0,0,0,0
8609,0,0,0,0,0,0,0,0,0
8610,0,0,0,0,0,0,0,0,0
8611,0,0,0,0,0,0,0,0,0
8612,0,0,0,0,0,0,0,0,0
8613,0,0,0,0,0,0,0,0,0
8614,0.0150571,0.000178166,1.35141e-06,5.29715e-07,1.46023e-07,1.1315e-10,4.02307e-20,1.28318e-36,0.0152373
8615,0,0,0,0,0,0,0,0,0
8616,0,0,0,0,0,0,0,0,0
8617,0,0,0,0,0,0,0,0,0
8618,0,0,0,0,0,0,0,0,0
8619,0,0,0,0,0,0,0,0,0
8620,0,0,0,0,0,0,0,0,0
8621,0,0,0,0,0,0,0,0,0
8622,0,0,0,0,0,0,0,0,0
8623,0,0,0,0,0,0,0,0,0
8624,0,0,0,0,0,0,0,0,0
8625,0.0179456,0.000254225,2.31789e-06,9.07471e-07,2.49766e-07,2.33175e-10,1.49147e-19,7.01618e-36,0.0182033
8626,0,0,0,0,0,0,0,0,0
8627,0,0,0,0,0,0,0,0,0
8628,0,0,0,0,0,0,0,0,0
8629,0,0,0,0,0,0,0,0,0
8630,0,0,0,0,0,0,0,0,0
8631,0,0,0,0,0,0,0,0,0
8632,0,0,0,0,0,0,0,0,0
8633,0.0146114,0.000167568,1.22967e-06,4.81001e-07,1.32233e-07,9.86349e-11,3.0936e-20,8.5059e-37,0.0147808
8634,0,0,0,0,0,0,0,0,0
8635,0,0,0,0,0,0,0,0,0
8636,0,0,0,0,0,0,0,0,0
8637,0.0149839,0.000175394,1.29876e-06,5.07811e-07,1.39527e-07,1.02842e-10,2.3177e-20,2.1948e-37,0.0151613
8638,0,0,0,0,0,0,0,0,0
8639,0,0,0,0,0,0,0,0,0
8640,0,0,0,0,0,0,0,0,0
8641,0,0,0,0,0,0,0,0,0
8642,0,0,0,0,0,0,0,0,0
8643,0,0,0,0,0,0,0,0,0
8644,0,0,0,0,0,0,0,0,0
8645,0,0,0,0,0,0,0,0,0
8646,0,0,0,0,0,0,0,0,0
8647,0.0128867,0.000128753,8.03969e-07,3.1401e-07,8.6155e-08,5.24632e-11,4.88819e-21,1.13011e-39,0.0130166
8648,0,0,0,0,0,0,0,0,0
8649,0,0,0,0,0,0,0,0,0
8650,0,0,0,0,0,0,0,0,0
8651,0,0,0,0,0,0,0,0,0
8652,0,0,0,0,0,0,0,0,0
8653,0,0,0,0,0,0,0,0,0
8654,0,0,0,0,0,0,0,0,0
8655,0,0,0,0,0,0,0,0,0
8656,0,0,0,0,0,0,0,0,0
8657,0,0,0,0,0,0,0,0,0
8658,0,0,0,0,0,0,0,0,0
8659,0,0,0,0,0,0,0,0,0
8660,0,0,0,0,0,0,0,0,0
8661,0,0,0,0,0,0,0,0,0
8662,0.0156346,0.000192218,1.51466e-06,5.90662e-07,1.61727e-07,1.29256e-10,5.1279e-20,1.58223e-36,0.0158291
8663,0,0,0,0,0,0,0,0,0
8664,0,0,0,0,0,0,0,0,0
8665,0,0,0,0,0,0,0,0,0
8666,0,0,0,0,0,0,0,0,0
8667,0.0127974,0.000128064,8.16755e-07,3.18357e-07,8.71151e-08,5.59785e-11,1.10811e-20,2.03824e-37,0.0129267
8668,0,0,0,0,0,0,0,0,0
8669,0,0,0,0,0,0,0,0,0
8670,0,0,0,0,0,0,0,0,0
8671,0,0,0,0,0,0,0,0,0
8672,0,0,0,0,0,0,0,0,0
8673,0,0,0,0,0,0,0,0,0
8674,0,0,0,0,0,0,0,0,0
8675,0,0,0,0,0,0,0,0,0
8676,0,0,0,0,0,0,0,0,0
8677,0,0,0,0,0,0,0,0,0
8678,0.0260175,0.00026731,1.76759e-06,6.88162e-07,1.88016e-07,1.26274e-10,3.02468e-20,6.41144e-37,0.0262875
8679,0,0,0,0,0,0,0,0,0
8680,0,0,0,0,0,0,0,0,0
8681,0,0,0,0,0,0,0,0,0
8682,0,0,0,0,0,0,0,0,0
8683,0,0,0,0,0,0,0,0,0
8684,0,0,0,0,0,0,0,0,0
8685,0,0,0,0,0,0,0,0,0
8686,0,0,0,0,0,0,0,0,0
8687,0,0,0,0,0,0,0,0,0
8688,0,0,0,0,0,0,0,0,0
8689,0,0,0,0,0,0,0,0,0
8690,0,0,0,0,0,0,0,0,0
8691,0,0,0,0,0,0,0,0,0
8692,0,0,0,0,0,0,0,0,0
8693,0,0,0,0,0,0,0,0,0
8694,0,0,0,0,0,0,0,0,0
8695,0,0,0,0,0,0,0,0,0
8696,0,0,0,0,0,0,0,0,0
8697,0,0,0,0,0,0,0,0,0
8698,0,0,0,0,0,0,0,0,0
8699,0,0,0,0,0,0,0,0,0
8700,0,0,0,0,0,0,0,0,0
8701,0,0,0,0,0,0,0,0,0
8702,0,0,0,0,0,0,0,0,0
8703,0,0,0,0,0,0,0,0,0
8704,0,0,0,0,0,0,0,0,0
8705,0,0,0,0,0,0,0,0,0
8706,0,0,0,0,0,0,0,0,0
8707,0,0,0,0,0,0,0,0,0
8708,0,0,0,0,0,0,0,0,0
8709,0,0,0,0,0,0,0,0,0
8710,0,0,0,0,0,0,0,0,0
8711,0,0,0,0,0,0,0,0,0
8712,0,0,0,0,0,0,0,0,0
8713,0,0,0,0,0,0,0,0,0
8714,0,0,0,0,0,0,0,0,0
8715,0,0,0,0,0,0,0,0,0
8716,0,0,0,0,0,0,0,0,0
8717,0,0,0,0,0,0,0,0,0
8718,0,0,0,0,0,0,0,0,0
8719,0,0,0,0,0,0,0,0,0
8720,0,0,0,0,0,0,0,0,0
8721,0,0,0,0,0,0,0,0,0
8722,0,0,0,0,0,0,0,0,0
8723,0,0,0,0,0,0,0,0,0
8724,0,0,0,0,0,0,0,0,0
8725,0,0,0,0,0,0,0,0,0
8726,0,0,0,0,0,0,0,0,0
8727,0,0,0,0,0,0,0,0,0
8728,0,0,0,0,0,0,0,0,0
8729,0,0,0,0,0,0,0,0,0
8730,0,0,0,0,0,0,0,0,0
8731,0,0,0,0,0,0,0,0,0
8732,0,0,0,0,0,0,0,0,0
8733,0,0,0,0,0,0,0,0,0
8734,0,0,0,0,0,0,0,0,0
8735,0,0,0,0,0,0,0,0,0
8736,0,0,0,0,0,0,0,0,0
8737,0,0,0,0,0,0,0,0,0
8738,0,0,0,0,0,0,0,0,0
8739,0.0200985,0.000319348,3.26174e-06,1.26164e-06,3.41768e-07,3.50823e-10,3.03881e-19,1.32252e-35,0.0204227
8740,0,0,0,0,0,0,0,0,0
8741,0,0,0,0,0,0,0,0,0
8742,0,0,0,0,0,0,0,0,0
8743,0,0,0,0,0,0,0,0,0
8744,0.0126522,0.000125006,7.84754e-07,3.03355e-07,8.21094e-08,5.11629e-11,9.22713e-21,1.30085e-37,0.0127784
8745,0,0,0,0,0,0,0,0,0
8746,0,0,0,0,0,0,0,0,0
8747,0,0,0,0,0,0,0,0,0
8748,0,0,0,0,0,0,0,0,0
8749,0,0,0,0,0,0,0,0,0
8750,0,0,0,0,0,0,0,0,0
8751,0,0,0,0,0,0,0,0,0
8752,0,0,0,0,0,0,0,0,0
8753,0,0,0,0,0,0,0,0,0
8754,0,0,0,0,0,0,0,0,0
8755,0.0150862,0.000178566,1.34883e-06,5.2082e-07,1.40763e-07,1.05854e-10,3.47258e-20,7.34599e-37,0.0152668
8756,0,0,0,0,0,0,0,0,0
8757,0,0,0,0,0,0,0,0,0
8758,0,0,0,0,0,0,0,0,0
8759,0.0153996,0.000185979,1.43105e-06,5.52317e-07,1.49187e-07,1.13882e-10,3.78546e-20,7.61637e-37,0.0155877
8760,0,0,0,0,0,0,0,0,0
8761,0,0,0,0,0,0,0,0,0
8762,0,0,0,0,0,0,0,0,0
8763,0,0,0,0,0,0,0,0,0
8764,0,0,0,0,0,0,0,0,0
8765,0,0,0,0,0,0,0,0,0
8766,0,0,0,0,0,0,0,0,0
8767,0,0,0,0,0,0,0,0,0
8768,0,0,0,0,0,0,0,0,0
8769,0,0,0,0,0,0,0,0,0
8770,0,0,0,0,0,0,0,0,0
8771,0,0,0,0,0,0,0,0,0
8772,0,0,0,0,0,0,0,0,0
8773,0,0,0,0,0,0,0,0,0
8774,0,0,0,0,0,0,0,0,0
8775,0.0124923,0.000121658,7.50191e-07,2.89054e-07,7.79055e-08,4.72357e-11,7.55697e-21,8.61178e-38,0.0126151
8776,0,0,0,0,0,0,0,0,0
8777,0,0,0,0,0,0,0,0,0
8778,0,0,0,0,0,0,0,0,0
8779,0,0,0,0,0,0,0,0,0
8780,0,0,0,0,0,0,0,0,0
8781,0,0,0,0,0,0,0,0,0
8782,0,0,0,0,0,0,0,0,0
8783,0,0,0,0,0,0,0,0,0
8784,0,0,0,0,0,0,0,0,0
8785,0,0,0,0,0,0,0,0,0
8786,0,0,0,0,0,0,0,0,0
8787,0,0,0,0,0,0,0,0,0
8788,0,0,0,0,0,0,0,0,0
8789,0,0,0,0,0,0,0,0,0
8790,0,0,0,0,0,0,0,0,0
8791,0,0,0,0,0,0,0,0,0
8792,0,0,0,0,0,0,0,0,0
8793,0,0,0,0,0,0,0,0,0
8794,0,0,0,0,0,0,0,0,0
8795,0,0,0,0,0,0,0,0,0
8796,0,0,0,0,0,0,0,0,0
8797,0,0,0,0,0,0,0,0,0
8798,0,0,0,0,0,0,0,0,0
8799,0,0,0,0,0,0,0,0,0
8800,0,0,0,0,0,0,0,0,0
8801,0,0,0,0,0,0,0,0,0
8802,0,0,0,0,0,0,0,0,0
8803,0,0,0,0,0,0,0,0,0
8804,0,0,0,0,0,0,0,0,0
8805,0,0,0,0,0,0,0,0,0
8806,0.0122896,0.000117766,7.15098e-07,2.74616e-07,7.36912e-08,4.38823e-11,6.90198e-21,7.56202e-38,0.0124084
8807,0,0,0,0,0,0,0,0,0
8808,0.0155323,0.000188747,1.45287e-06,5.5785e-07,1.49664e-07,1.12454e-10,3.26906e-20,4.52354e-37,0.0157232
8809,0.0128695,0.000129247,8.22713e-07,3.15838e-07,8.47157e-08,5.28451e-11,9.49055e-21,1.11154e-37,0.013
8810,0.0117137,0.000106772,6.14985e-07,2.36066e-07,6.331e-08,3.56055e-11,4.56392e-21,4.1333e-38,0.0118214
8811,0.0120766,0.000113569,6.75208e-07,2.59158e-07,6.94943e-08,4.03492e-11,5.68196e-21,5.41314e-38,0.0121912
8812,0,0,0,0,0,0,0,0,0
8813,0,0,0,0,0,0,0,0,0
8814,0,0,0,0,0,0,0,0,0
8815,0,0,0,0,0,0,0,0,0
8816,0,0,0,0,0,0,0,0,0
8817,0,0,0,0,0,0,0,0,0
8818,0,0,0,0,0,0,0,0,0
8819,0,0,0,0,0,0,0,0,0
8820,0,0,0,0,0,0,0,0,0
8821,0,0,0,0,0,0,0,0,0
8822,0,0,0,0,0,0,0,0,0
8823,0,0,0,0,0,0,0,0,0
8824,0,0,0,0,0,0,0,0,0
8825,0,0,0,0,0,0,0,0,0
8826,0,0,0,0,0,0,0,0,0
8827,0,0,0,0,0,0,0,0,0
8828,0.0155992,0.000190687,1.48147e-06,5.67582e-07,1.51836e-07,1.15479e-10,3.78193e-20,6.24635e-37,0.0157921
8829,0,0,0,0,0,0,0,0,0
8830,0.014224,0.000158182,1.11575e-06,4.27392e-07,1.14306e-07,7.87672e-11,1.90267e-20,2.54489e-37,0.0143838
8831,0,0,0,0,0,0,0,0,0
8832,0,0,0,0,0,0,0,0,0
8833,0,0,0,0,0,0,0,0,0
8834,0,0,0,0,0,0,0,0,0
8835,0,0,0,0,0,0,0,0,0
8836,0,0,0,0,0,0,0,0,0
8837,0,0,0,0,0,0,0,0,0
8838,0,0,0,0,0,0,0,0,0
8839,0,0,0,0,0,0,0,0,0
8840,0,0,0,0,0,0,0,0,0
8841,0.0130777,0.000133459,8.62574e-07,3.30024e-07,8.81289e-08,5.55045e-11,1.0284e-20,1.13538e-37,0.0132124
8842,0,0,0,0,0,0,0,0,0
8843,0.0135364,0.00014301,9.56171e-07,3.65741e-07,9.76342e-08,6.34816e-11,1.26781e-20,1.41733e-37,0.0136808
8844,0,0,0,0,0,0,0,0,0
8845,0,0,0,0,0,0,0,0,0
8846,0,0,0,0,0,0,0,0,0
8847,0,0,0,0,0,0,0,0,0
8848,0,0,0,0,0,0,0,0,0
8849,0,0,0,0,0,0,0,0,0
8850,0,0,0,0,0,0,0,0,0
8851,0,0,0,0,0,0,0,0,0
8852,0,0,0,0,0,0,0,0,0
8853,0,0,0,0,0,0,0,0,0
8854,0,0,0,0,0,0,0,0,0
8855,0,0,0,0,0,0,0,0,0
8856,0,0,0,0,0,0,0,0,0
8857,0,0,0,0,0,0,0,0,0
8858,0,0,0,0,0,0,0,0,0
8859,0,0,0,0,0,0,0,0,0
8860,0,0,0,0,0,0,0,0,0
8861,0,0,0,0,0,0,0,0,0
8862,0,0,0,0,0,0,0,0,0
8863,0,0,0,0,0,0,0,0,0
8864,0,0,0,0,0,0,0,0,0
8865,0,0,0,0,0,0,0,0,0
8866,0,0,0,0,0,0,0,0,0
8867,0,0,0,0,0,0,0,0,0
8868,0,0,0,0,0,0,0,0,0
8869,0,0,0,0,0,0,0,0,0
8870,0,0,0,0,0,0,0,0,0
8871,0,0,0,0,0,0,0,0,0
8872,0,0,0,0,0,0,0,0,0
8873,0,0,0,0,0,0,0,0,0
8874,0,0,0,0,0,0,0,0,0
8875,0,0,0,0,0,0,0,0,0
8876,0,0,0,0,0,0,0,0,0
8877,0,0,0,0,0,0,0,0,0
8878,0,0,0,0,0,0,0,0,0
8879,0,0,0,0,0,0,0,0,0
8880,0,0,0,0,0,0,0,0,0
8881,0,0,0,0,0,0,0,0,0
8882,0,0,0,0,0,0,0,0,0
8883,0,0,0,0,0,0,0,0,0
8884,0,0,0,0,0,0,0,0,0
8885,0,0,0,0,0,0,0,0,0
8886,0,0,0,0,0,0,0,0,0
8887,0.0134897,0.000142008,9.45692e-07,3.60072e-07,9.55421e-08,6.14855e-11,1.21437e-20,1.23643e-37,0.0136331
8888,0,0,0,0,0,0,0,0,0
8889,0,0,0,0,0,0,0,0,0
8890,0.0145447,0.000165457,1.19347e-06,4.54258e-07,1.2048e-07,8.41688e-11,2.17509e-20,2.69796e-37,0.0147119
8891,0,0,0,0,0,0,0,0,0
8892,0,0,0,0,0,0,0,0,0
8893,0,0,0,0,0,0,0,0,0
8894,0,0,0,0,0,0,0,0,0
8895,0,0,0,0,0,0,0,0,0
8896,0,0,0,0,0,0,0,0,0
8897,0.0138358,0.000149509,1.0229e-06,3.89039e-07,1.03079e-07,6.81281e-11,1.47912e-20,1.59161e-37,0.0139868
8898,0,0,0,0,0,0,0,0,0
8899,0,0,0,0,0,0,0,0,0
8900,0,0,0,0,0,0,0,0,0
8901,0,0,0,0,0,0,0,0,0
8902,0,0,0,0,0,0,0,0,0
8903,0,0,0,0,0,0,0,0,0
8904,0,0,0,0,0,0,0,0,0
8905,0.0127666,0.000126561,7.86361e-07,2.98826e-07,7.9089e-08,4.66764e-11,5.9829e-21,3.0262e-38,0.0128944
8906,0,0,0,0,0,0,0,0,0
8907,0,0,0,0,0,0,0,0,0
8908,0,0,0,0,0,0,0,0,0
8909,0,0,0,0,0,0,0,0,0
8910,0,0,0,0,0,0,0,0,0
8911,0,0,0,0,0,0,0,0,0
8912,0,0,0,0,0,0,0,0,0
8913,0,0,0,0,0,0,0,0,0
8914,0,0,0,0,0,0,0,0,0
8915,0.0148953,0.000173542,1.28106e-06,4.86325e-07,1.28543e-07,9.1459e-11,2.48503e-20,2.96407e-37,0.0150708
8916,0,0,0,0,0,0,0,0,0
8917,0,0,0,0,0,0,0,0,0
8918,0,0,0,0,0,0,0,0,0
8919,0,0,0,0,0,0,0,0,0
8920,0.011103,9.57123e-05,5.19365e-07,1.97041e-07,5.20379e-08,2.70313e-11,2.77407e-21,1.66816e-38,0.0111995
8921,0,0,0,0,0,0,0,0,0
8922,0,0,0,0,0,0,0,0,0
8923,0,0,0,0,0,0,0,0,0
8924,0,0,0,0,0,0,0,0,0
8925,0,0,0,0,0,0,0,0,0
8926,0,0,0,0,0,0,0,0,0
8927,0,0,0,0,0,0,0,0,0
8928,0,0,0,0,0,0,0,0,0
8929,0,0,0,0,0,0,0,0,0
8930,0,0,0,0,0,0,0,0,0
8931,0,0,0,0,0,0,0,0,0
8932,0,0,0,0,0,0,0,0,0
8933,0,0,0,0,0,0,0,0,0
8934,0,0,0,0,0,0,0,0,0
8935,0,0,0,0,0,0,0,0,0
8936,0,0,0,0,0,0,0,0,0
8937,0,0,0,0,0,0,0,0,0
8938,0,0,0,0,0,0,0,0,0
8939,0,0,0,0,0,0,0,0,0
8940,0,0,0,0,0,0,0,0,0
8941,0,0,0,0,0,0,0,0,0
8942,0,0,0,0,0,0,0,0,0
8943,0,0,0,0,0,0,0,0,0
8944,0,0,0,0,0,0,0,0,0
8945,0,0,0,0,0,0,0,0,0
8946,0,0,0,0,0,0,0,0,0
8947,0,0,0,0,0,0,0,0,0
8948,0,0,0,0,0,0,0,0,0
8949,0,0,0,0,0,0,0,0,0
8950,0,0,0,0,0,0,0,0,0
8951,0,0,0,0,0,0,0,0,0
8952,0,0,0,0,0,0,0,0,0
8953,0,0,0,0,0,0,0,0,0
8954,0,0,0,0,0,0,0,0,0
8955,0,0,0,0,0,0,0,0,0
8956,0,0,0,0,0,0,0,0,0
8957,0,0,0,0,0,0,0,0,0
8958,0,0,0,0,0,0,0,0,0
8959,0,0,0,0,0,0,0,0,0
8960,0,0,0,0,0,0,0,0,0
8961,0,0,0,0,0,0,0,0,0
8962,0.0156315,0.000191288,1.48322e-06,5.60249e-07,1.4711e-07,1.09196e-10,3.42477e-20,4.05008e-37,0.0158249
8963,0,0,0,0,0,0,0,0,0
8964,0,0,0,0,0,0,0,0,0
8965,0,0,0,0,0,0,0,0,0
8966,0,0,0,0,0,0,0,0,0
8967,0,0,0,0,0,0,0,0,0
8968,0,0,0,0,0,0,0,0,0
8969,0,0,0,0,0,0,0,0,0
8970,0.0159329,0.000198799,1.57168e-06,5.93134e-07,1.55563e-07,1.17574e-10,3.89335e-20,4.6657e-37,0.016134
8971,0,0,0,0,0,0,0,0,0
8972,0,0,0,0,0,0,0,0,0
8973,0,0,0,0,0,0,0,0,0
8974,0.00814894,5.08336e-05,1.95414e-07,7.37141e-08,1.93219e-08,6.84583e-12,1.60669e-22,1.46909e-40,0.00820006
8975,0,0,0,0,0,0,0,0,0
8976,0,0,0,0,0,0,0,0,0
8977,0,0,0,0,0,0,0,0,0
8978,0,0,0,0,0,0,0,0,0
8979,0,0,0,0,0,0,0,0,0
8980,0.00789198,4.69527e-05,1.65987e-07,6.25775e-08,1.63904e-08,4.95455e-12,9.92123e-25,1.24461e-39,0.00793918
8981,0,0,0,0,0,0,0,0,0
8982,0,0,0,0,0,0,0,0,0
8983,0.00568077,2.10508e-05,2.73104e-08,1.02926e-08,2.69465e-09,1.55e-14,2.82012e-21,5.80919e-38,0.00570186
8984,0,0,0,0,0,0,0,0,0
8985,0,0,0,0,0,0,0,0,0
8986,0,0,0,0,0,0,0,0,0
8987,0,0,0,0,0,0,0,0,0
8988,0,0,0,0,0,0,0,0,0
8989,0,0,0,0,0,0,0,0,0
8990,0.01259,0.000123092,7.54489e-07,2.84133e-07,7.43141e-08,4.28472e-11,5.64927e-21,3.02831e-38,0.0127142
8991,0,0,0,0,0,0,0,0,0
8992,0,0,0,0,0,0,0,0,0
8993,0,0,0,0,0,0,0,0,0
8994,0.0120967,0.000113714,6.72008e-07,2.52971e-07,6.61293e-08,3.69289e-11,4.70573e-21,2.67895e-38,0.0122114
8995,0,0,0,0,0,0,0,0,0
8996,0,0,0,0,0,0,0,0,0
8997,0,0,0,0,0,0,0,0,0
8998,0,0,0,0,0,0,0,0,0
8999,0,0,0,0,0,0,0,0,0
9000,0,0,0,0,0,0,0,0,0
9001,0,0,0,0,0,0,0,0,0
9002,0,0,0,0,0,0,0,0,0
9003,0,0,0,0,0,0,0,0,0
9004,0,0,0,0,0,0,0,0,0
9005,0,0,0,0,0,0,0,0,0
9006,0,0,0,0,0,0,0,0,0
9007,0,0,0,0,0,0,0,0,0
9008,0,0,0,0,0,0,0,0,0
9009,0.0144817,0.000163676,1.16688e-06,4.38558e-07,1.14403e-07,7.71289e-11,1.76286e-20,1.44445e-37,0.0146471
9010,0,0,0,0,0,0,0,0,0
9011,0,0,0,0,0,0,0,0,0
9012,0,0,0,0,0,0,0,0,0
9013,0.0157504,0.000194084,1.51241e-06,5.68187e-07,1.48137e-07,1.09418e-10,3.36634e-20,3.41718e-37,0.0159467
9014,0,0,0,0,0,0,0,0,0
9015,0,0,0,0,0,0,0,0,0
9016,0,0,0,0,0,0,0,0,0
9017,0,0,0,0,0,0,0,0,0
9018,0,0,0,0,0,0,0,0,0
9019,0,0,0,0,0,0,0,0,0
9020,0,0,0,0,0,0,0,0,0
9021,0,0,0,0,0,0,0,0,0
9022,0.0112491,9.79104e-05,5.31866e-07,1.9962e-07,5.19794e-08,2.62989e-11,2.25762e-21,7.82136e-39,0.0113478
9023,0,0,0,0,0,0,0,0,0
9024,0,0,0,0,0,0,0,0,0
9025,0,0,0,0,0,0,0,0,0
9026,0,0,0,0,0,0,0,0,0
9027,0,0,0,0,0,0,0,0,0
9028,0.012314,0.000117775,7.06803e-07,2.65101e-07,6.89697e-08,3.88084e-11,4.97444e-21,2.5333e-38,0.0124328
9029,0,0,0,0,0,0,0,0,0
9030,0,0,0,0,0,0,0,0,0
9031,0,0,0,0,0,0,0,0,0
9032,0,0,0,0,0,0,0,0,0
9033,0,0,0,0,0,0,0,0,0
9034,0,0,0,0,0,0,0,0,0
9035,0,0,0,0,0,0,0,0,0
9036,0.0112102,9.72698e-05,5.27195e-07,1.97564e-07,5.13406e-08,2.5907e-11,2.2696e-21,8.07771e-39,0.0113082
9037,0.0110167,9.34553e-05,4.8971e-07,1.83498e-07,4.76791e-08,2.28081e-11,1.26177e-21,1.18056e-39,0.0111108
9038,0,0,0,0,0,0,0,0,0
9039,0,0,0,0,0,0,0,0,0
9040,0,0,0,0,0,0,0,0,0
9041,0,0,0,0,0,0,0,0,0
9042,0,0,0,0,0,0,0,0,0
9043,0,0,0,0,0,0,0,0,0
9044,0,0,0,0,0,0,0,0,0
9045,0,0,0,0,0,0,0,0,0
9046,0,0,0,0,0,0,0,0,0
9047,0,0,0,0,0,0,0,0,0
9048,0,0,0,0,0,0,0,0,0
9049,0,0,0,0,0,0,0,0,0
9050,0,0,0,0,0,0,0,0,0
9051,0,0,0,0,0,0,0,0,0
9052,0,0,0,0,0,0,0,0,0
9053,0,0,0,0,0,0,0,0,0
9054,0,0,0,0,0,0,0,0,0
9055,0,0,0,0,0,0,0,0,0
9056,0,0,0,0,0,0,0,0,0
9057,0,0,0,0,0,0,0,0,0
9058,0.00903202,6.23885e-05,2.6389e-07,9.86618e-08,2.55609e-08,9.72687e-12,2.33636e-22,4.41116e-41,0.0090948
9059,0,0,0,0,0,0,0,0,0
9060,0,0,0,0,0,0,0,0,0
9061,0,0,0,0,0,0,0,0,0
9062,0,0,0,0,0,0,0,0,0
9063,0,0,0,0,0,0,0,0,0
9064,0,0,0,0,0,0,0,0,0
9065,0,0,0,0,0,0,0,0,0
9066,0,0,0,0,0,0,0,0,0
9067,0,0,0,0,0,0,0,0,0
9068,0,0,0,0,0,0,0,0,0
9069,0,0,0,0,0,0,0,0,0
9070,0,0,0,0,0,0,0,0,0
9071,0,0,0,0,0,0,0,0,0
9072,0,0,0,0,0,0,0,0,0
9073,0,0,0,0,0,0,0,0,0
9074,0,0,0,0,0,0,0,0,0
9075,0.0139442,0.000151514,1.03578e-06,3.86546e-07,9.99061e-08,6.38012e-11,1.24687e-20,7.82226e-38,0.0140972
9076,0,0,0,0,0,0,0,0,0
9077,0,0,0,0,0,0,0,0,0
9078,0,0,0,0,0,0,0,0,0
9079,0,0,0,0,0,0,0,0,0
9080,0.00870984,5.7976e-05,2.36219e-07,8.81066e-08,2.27554e-08,8.31903e-12,1.84856e-22,4.90272e-41,0.00876816
9081,0,0,0,0,0,0,0,0,0
9082,0,0,0,0,0,0,0,0,0
9083,0,0,0,0,0,0,0,0,0
9084,0,0,0,0,0,0,0,0,0
9085,0,0,0,0,0,0,0,0,0
9086,0,0,0,0,0,0,0,0,0
9087,0,0,0,0,0,0,0,0,0
9088,0,0,0,0,0,0,0,0,0
9089,0.0102143,8.06131e-05,3.96968e-07,1.47934e-07,3.81631e-08,1.73737e-11,1.16906e-21,3.315e-39,0.0102955
9090,0,0,0,0,0,0,0,0,0
9091,0,0,0,0,0,0,0,0,0
9092,0,0,0,0,0,0,0,0,0
9093,0,0,0,0,0,0,0,0,0
9094,0,0,0,0,0,0,0,0,0
9095,0,0,0,0,0,0,0,0,0
9096,0,0,0,0,0,0,0,0,0
9097,0,0,0,0,0,0,0,0,0
9098,0,0,0,0,0,0,0,0,0
9099,0.0165305,0.000213766,1.74406e-06,6.49195e-07,1.67223e-07,1.27294e-10,4.28649e-20,3.66995e-37,0.0167469
9100,0,0,0,0,0,0,0,0,0
9101,0,0,0,0,0,0,0,0,0
9102,0,0,0,0,0,0,0,0,0
9103,0.0112028,9.7049e-05,5.2388e-07,1.94929e-07,5.01856e-08,2.49088e-11,2.08603e-21,6.16647e-39,0.0113006
9104,0,0,0,0,0,0,0,0,0
9105,0,0,0,0,0,0,0,0,0
9106,0,0,0,0,0,0,0,0,0
9107,0,0,0,0,0,0,0,0,0
9108,0.00880695,5.69388e-05,2.01986e-07,7.51177e-08,1.93264e-08,4.63008e-12,1.1184e-21,4.46161e-38,0.00886418
9109,0,0,0,0,0,0,0,0,0
9110,0,0,0,0,0,0,0,0,0
9111,0,0,0,0,0,0,0,0,0
9112,0,0,0,0,0,0,0,0,0
9113,0,0,0,0,0,0,0,0,0
9114,0,0,0,0,0,0,0,0,0
9115,0,0,0,0,0,0,0,0,0
9116,0,0,0,0,0,0,0,0,0
9117,0,0,0,0,0,0,0,0,0
9118,0,0,0,0,0,0,0,0,0
9119,0,0,0,0,0,0,0,0,0
9120,0,0,0,0,0,0,0,0,0
9121,0,0,0,0,0,0,0,0,0
9122,0,0,0,0,0,0,0,0,0
9123,0,0,0,0,0,0,0,0,0
9124,0,0,0,0,0,0,0,0,0
9125,0,0,0,0,0,0,0,0,0
9126,0,0,0,0,0,0,0,0,0
9127,0,0,0,0,0,0,0,0,0
9128,0,0,0,0,0,0,0,0,0
9129,0,0,0,0,0,0,0,0,0
9130,0,0,0,0,0,0,0,0,0
9131,0,0,0,0,0,0,0,0,0
9132,0,0,0,0,0,0,0,0,0
9133,0,0,0,0,0,0,0,0,0
9134,0,0,0,0,0,0,0,0,0
9135,0.0119001,0.000109795,6.33447e-07,2.34901e-07,6.02088e-08,3.19587e-11,3.49302e-21,1.24079e-38,0.0120109
9136,0,0,0,0,0,0,0,0,0
9137,0,0,0,0,0,0,0,0,0
9138,0,0,0,0,0,0,0,0,0
9139,0,0,0,0,0,0,0,0,0
9140,0,0,0,0,0,0,0,0,0
9141,0,0,0,0,0,0,0,0,0
9142,0,0,0,0,0,0,0,0,0
9143,0,0,0,0,0,0,0,0,0
9144,0,0,0,0,0,0,0,0,0
9145,0,0,0,0,0,0,0,0,0
9146,0,0,0,0,0,0,0,0,0
9147,0,0,0,0,0,0,0,0,0
9148,0,0,0,0,0,0,0,0,0
9149,0.0118444,0.000108729,6.23686e-07,2.30924e-07,5.90701e-08,3.10812e-11,3.30175e-21,1.10505e-38,0.011954
9150,0,0,0,0,0,0,0,0,0
9151,0,0,0,0,0,0,0,0,0
9152,0,0,0,0,0,0,0,0,0
9153,0,0,0,0,0,0,0,0,0
9154,0,0,0,0,0,0,0,0,0
9155,0,0,0,0,0,0,0,0,0
9156,0,0,0,0,0,0,0,0,0
9157,0,0,0,0,0,0,0,0,0
9158,0,0,0,0,0,0,0,0,0
9159,0,0,0,0,0,0,0,0,0
9160,0,0,0,0,0,0,0,0,0
9161,0,0,0,0,0,0,0,0,0
9162,0,0,0,0,0,0,0,0,0
9163,0,0,0,0,0,0,0,0,0
9164,0,0,0,0,0,0,0,0,0
9165,0,0,0,0,0,0,0,0,0
9166,0,0,0,0,0,0,0,0,0
9167,0,0,0,0,0,0,0,0,0
9168,0,0,0,0,0,0,0,0,0
9169,0,0,0,0,0,0,0,0,0
9170,0,0,0,0,0,0,0,0,0
9171,0,0,0,0,0,0,0,0,0
9172,0,0,0,0,0,0,0,0,0
9173,0,0,0,0,0,0,0,0,0
9174,0,0,0,0,0,0,0,0,0
9175,0,0,0,0,0,0,0,0,0
9176,0,0,0,0,0,0,0,0,0
9177,0.0125202,0.000121629,7.38698e-07,2.72701e-07,6.94868e-08,3.85704e-11,4.86052e-21,1.71251e-38,0.0126429
9178,0,0,0,0,0,0,0,0,0
9179,0,0,0,0,0,0,0,0,0
9180,0,0,0,0,0,0,0,0,0
9181,0,0,0,0,0,0,0,0,0
9182,0,0,0,0,0,0,0,0,0
9183,0,0,0,0,0,0,0,0,0
9184,0.00831172,5.29667e-05,2.0837e-07,7.68638e-08,1.95661e-08,6.92955e-12,2.04466e-22,2.38854e-40,0.00836499
9185,0,0,0,0,0,0,0,0,0
9186,0,0,0,0,0,0,0,0,0
9187,0.00859309,5.59772e-05,2.1894e-07,8.07415e-08,2.0546e-08,6.85623e-12,4.92892e-23,1.4712e-40,0.00864939
9188,0,0,0,0,0,0,0,0,0
9189,0,0,0,0,0,0,0,0,0
9190,0,0,0,0,0,0,0,0,0
9191,0.0116269,0.00010466,5.87504e-07,2.16576e-07,5.50827e-08,2.81289e-11,2.71955e-21,7.63757e-39,0.0117325
9192,0,0,0,0,0,0,0,0,0
9193,0,0,0,0,0,0,0,0,0
9194,0,0,0,0,0,0,0,0,0
9195,0,0,0,0,0,0,0,0,0
9196,0,0,0,0,0,0,0,0,0
9197,0,0,0,0,0,0,0,0,0
9198,0,0,0,0,0,0,0,0,0
9199,0,0,0,0,0,0,0,0,0
9200,0,0,0,0,0,0,0,0,0
9201,0,0,0,0,0,0,0,0,0
9202,0,0,0,0,0,0,0,0,0
9203,0,0,0,0,0,0,0,0,0
9204,0,0,0,0,0,0,0,0,0
9205,0,0,0,0,0,0,0,0,0
9206,0.00887585,6.05185e-05,2.55233e-07,9.39326e-08,2.38384e-08,9.04513e-12,3.38371e-22,4.55373e-40,0.00893674
9207,0,0,0,0,0,0,0,0,0
9208,0,0,0,0,0,0,0,0,0
9209,0,0,0,0,0,0,0,0,0
9210,0,0,0,0,0,0,0,0,0
9211,0,0,0,0,0,0,0,0,0
9212,0,0,0,0,0,0,0,0,0
9213,0,0,0,0,0,0,0,0,0
9214,0.00999263,7.69502e-05,3.67623e-07,1.35178e-07,3.42669e-08,1.4757e-11,8.26813e-22,1.46145e-39,0.0100701
9215,0,0,0,0,0,0,0,0,0
9216,0,0,0,0,0,0,0,0,0
9217,0,0,0,0,0,0,0,0,0
9218,0,0,0,0,0,0,0,0,0
9219,0.0100204,7.74076e-05,3.71231e-07,1.36435e-07,3.45626e-08,1.49484e-11,8.60476e-22,1.56009e-39,0.0100983
9220,0,0,0,0,0,0,0,0,0
9221,0,0,0,0,0,0,0,0,0
9222,0,0,0,0,0,0,0,0,0
9223,0,0,0,0,0,0,0,0,0
9224,0,0,0,0,0,0,0,0,0
9225,0,0,0,0,0,0,0,0,0
9226,0,0,0,0,0,0,0,0,0
9227,0,0,0,0,0,0,0,0,0
9228,0,0,0,0,0,0,0,0,0
9229,0,0,0,0,0,0,0,0,0
9230,0,0,0,0,0,0,0,0,0
9231,0,0,0,0,0,0,0,0,0
9232,0,0,0,0,0,0,0,0,0
9233,0,0,0,0,0,0,0,0,0
9234,0,0,0,0,0,0,0,0,0
9235,0,0,0,0,0,0,0,0,0
9236,0,0,0,0,0,0,0,0,0
9237,0,0,0,0,0,0,0,0,0
9238,0,0,0,0,0,0,0,0,0
9239,0,0,0,0,0,0,0,0,0
9240,0,0,0,0,0,0,0,0,0
9241,0,0,0,0,0,0,0,0,0
9242,0,0,0,0,0,0,0,0,0
9243,0.0104572,8.43173e-05,4.2158e-07,1.54545e-07,3.90197e-08,1.74959e-11,1.10342e-21,1.94384e-39,0.0105421
9244,0,0,0,0,0,0,0,0,0
9245,0,0,0,0,0,0,0,0,0
9246,0,0,0,0,0,0,0,0,0
9247,0,0,0,0,0,0,0,0,0
9248,0,0,0,0,0,0,0,0,0
9249,0,0,0,0,0,0,0,0,0
9250,0,0,0,0,0,0,0,0,0
9251,0,0,0,0,0,0,0,0,0
9252,0,0,0,0,0,0,0,0,0
9253,0,0,0,0,0,0,0,0,0
9254,0,0,0,0,0,0,0,0,0
9255,0,0,0,0,0,0,0,0,0
9256,0,0,0,0,0,0,0,0,0
9257,0,0,0,0,0,0,0,0,0
9258,0,0,0,0,0,0,0,0,0
9259,0,0,0,0,0,0,0,0,0
9260,0,0,0,0,0,0,0,0,0
9261,0.0120816,0.000112954,6.56813e-07,2.40332e-07,6.05326e-08,3.15776e-11,3.20874e-21,7.57789e-39,0.0121955
9262,0,0,0,0,0,0,0,0,0
9263,0,0,0,0,0,0,0,0,0
9264,0,0,0,0,0,0,0,0,0
9265,0,0,0,0,0,0,0,0,0
9266,0,0,0,0,0,0,0,0,0
9267,0,0,0,0,0,0,0,0,0
9268,0.00930857,6.64108e-05,2.91009e-07,1.06402e-07,2.6773e-08,1.03396e-11,3.59034e-22,2.97536e-40,0.00937541
9269,0,0,0,0,0,0,0,0,0
9270,0,0,0,0,0,0,0,0,0
9271,0,0,0,0,0,0,0,0,0
9272,0,0,0,0,0,0,0,0,0
9273,0,0,0,0,0,0,0,0,0
9274,0,0,0,0,0,0,0,0,0
9275,0.0106568,8.75437e-05,4.45327e-07,1.62702e-07,4.08988e-08,1.85338e-11,1.19349e-21,1.92572e-39,0.010745
9276,0,0,0,0,0,0,0,0,0
9277,0,0,0,0,0,0,0,0,0
9278,0,0,0,0,0,0,0,0,0
9279,0,0,0,0,0,0,0,0,0
9280,0,0,0,0,0,0,0,0,0
9281,0.0092018,6.49875e-05,2.82884e-07,1.03285e-07,2.59407e-08,9.99703e-12,3.80353e-22,4.03803e-40,0.0092672
9282,0,0,0,0,0,0,0,0,0
9283,0,0,0,0,0,0,0,0,0
9284,0,0,0,0,0,0,0,0,0
9285,0,0,0,0,0,0,0,0,0
9286,0,0,0,0,0,0,0,0,0
9287,0,0,0,0,0,0,0,0,0
9288,0,0,0,0,0,0,0,0,0
9289,0,0,0,0,0,0,0,0,0
9290,0,0,0,0,0,0,0,0,0
9291,0,0,0,0,0,0,0,0,0
9292,0,0,0,0,0,0,0,0,0
9293,0,0,0,0,0,0,0,0,0
9294,0,0,0,0,0,0,0,0,0
9295,0,0,0,0,0,0,0,0,0
9296,0,0,0,0,0,0,0,0,0
9297,0,0,0,0,0,0,0,0,0
9298,0,0,0,0,0,0,0,0,0
9299,0,0,0,0,0,0,0,0,0
9300,0,0,0,0,0,0,0,0,0
9301,0,0,0,0,0,0,0,0,0
9302,0,0,0,0,0,0,0,0,0
9303,0,0,0,0,0,0,0,0,0
9304,0,0,0,0,0,0,0,0,0
9305,0,0,0,0,0,0,0,0,0
9306,0,0,0,0,0,0,0,0,0
9307,0,0,0,0,0,0,0,0,0
9308,0,0,0,0,0,0,0,0,0
9309,0,0,0,0,0,0,0,0,0
9310,0,0,0,0,0,0,0,0,0
9311,0,0,0,0,0,0,0,0,0
9312,0,0,0,0,0,0,0,0,0
9313,0,0,0,0,0,0,0,0,0
9314,0,0,0,0,0,0,0,0,0
9315,0,0,0,0,0,0,0,0,0
9316,0,0,0,0,0,0,0,0,0
9317,0.0106642,8.76323e-05,4.45443e-07,1.6202e-07,4.04907e-08,1.82046e-11,1.1541e-21,1.67493e-39,0.0107524
9318,0,0,0,0,0,0,0,0,0
9319,0,0,0,0,0,0,0,0,0
9320,0,0,0,0,0,0,0,0,0
9321,0,0,0,0,0,0,0,0,0
9322,0.0238467,0.000224515,1.33921e-06,4.86855e-07,1.21588e-07,6.55664e-11,8.02532e-21,1.9042e-38,0.0240732
9323,0.0120179,0.000111678,6.44222e-07,2.34179e-07,5.84775e-08,2.99316e-11,2.89166e-21,5.6765e-39,0.0121305
9324,0,0,0,0,0,0,0,0,0
9325,0,0,0,0,0,0,0,0,0
9326,0,0,0,0,0,0,0,0,0
9327,0,0,0,0,0,0,0,0,0
9328,0,0,0,0,0,0,0,0,0
9329,0,0,0,0,0,0,0,0,0
9330,0,0,0,0,0,0,0,0,0
9331,0,0,0,0,0,0,0,0,0
9332,0,0,0,0,0,0,0,0,0
9333,0,0,0,0,0,0,0,0,0
9334,0,0,0,0,0,0,0,0,0
9335,0,0,0,0,0,0,0,0,0
9336,0,0,0,0,0,0,0,0,0
9337,0,0,0,0,0,0,0,0,0
9338,0,0,0,0,0,0,0,0,0
9339,0,0,0,0,0,0,0,0,0
9340,0,0,0,0,0,0,0,0,0
9341,0,0,0,0,0,0,0,0,0
9342,0,0,0,0,0,0,0,0,0
9343,0,0,0,0,0,0,0,0,0
9344,0,0,0,0,0,0,0,0,0
9345,0,0,0,0,0,0,0,0,0
9346,0,0,0,0,0,0,0,0,0
9347,0,0,0,0,0,0,0,0,0
9348,0,0,0,0,0,0,0,0,0
9349,0,0,0,0,0,0,0,0,0
9350,0,0,0,0,0,0,0,0,0
9351,0,0,0,0,0,0,0,0,0
9352,0,0,0,0,0,0,0,0,0
9353,0,0,0,0,0,0,0,0,0
9354,0,0,0,0,0,0,0,0,0
9355,0,0,0,0,0,0,0,0,0
9356,0,0,0,0,0,0,0,0,0
9357,0,0,0,0,0,0,0,0,0
9358,0,0,0,0,0,0,0,0,0
9359,0,0,0,0,0,0,0,0,0
9360,0,0,0,0,0,0,0,0,0
9361,0.02841,0.000316421,2.21686e-06,8.02587e-07,1.99359e-07,1.24883e-10,2.41512e-20,7.32113e-38,0.0287296
9362,0,0,0,0,0,0,0,0,0
9363,0,0,0,0,0,0,0,0,0
9364,0,0,0,0,0,0,0,0,0
9365,0,0,0,0,0,0,0,0,0
9366,0,0,0,0,0,0,0,0,0
9367,0,0,0,0,0,0,0,0,0
9368,0.00791746,4.76408e-05,1.73659e-07,6.28196e-08,1.55873e-08,4.84308e-12,7.39448e-23,1.87622e-41,0.00796535
9369,0,0,0,0,0,0,0,0,0
9370,0,0,0,0,0,0,0,0,0
9371,0,0,0,0,0,0,0,0,0
9372,0,0,0,0,0,0,0,0,0
9373,0,0,0,0,0,0,0,0,0
9374,0,0,0,0,0,0,0,0,0
9375,0,0,0,0,0,0,0,0,0
9376,0,0,0,0,0,0,0,0,0
9377,0,0,0,0,0,0,0,0,0
9378,0,0,0,0,0,0,0,0,0
9379,0,0,0,0,0,0,0,0,0
9380,0,0,0,0,0,0,0,0,0
9381,0,0,0,0,0,0,0,0,0
9382,0.0094238,6.81953e-05,3.04068e-07,1.09838e-07,2.72034e-08,1.05917e-11,4.38166e-22,4.10089e-40,0.00949243
9383,0.00353848,9.05812e-06,1.28798e-08,4.65207e-09,1.15202e-09,1.19831e-13,1.19295e-29,9.63281e-46,0.00354756
9384,0,0,0,0,0,0,0,0,0
9385,0,0,0,0,0,0,0,0,0
9386,0,0,0,0,0,0,0,0,0
9387,0,0,0,0,0,0,0,0,0
9388,0,0,0,0,0,0,0,0,0
9389,0,0,0,0,0,0,0,0,0
9390,0.0110956,9.49303e-05,5.02253e-07,1.81269e-07,4.48433e-08,2.07654e-11,1.47937e-21,1.98746e-39,0.0111912
9391,0,0,0,0,0,0,0,0,0
9392,0,0,0,0,0,0,0,0,0
9393,0,0,0,0,0,0,0,0,0
9394,0,0,0,0,0,0,0,0,0
9395,0,0,0,0,0,0,0,0,0
9396,0.0124724,0.000120253,7.18134e-07,2.59021e-07,6.40254e-08,3.34669e-11,3.42859e-21,5.72612e-39,0.0125937
9397,0,0,0,0,0,0,0,0,0
9398,0,0,0,0,0,0,0,0,0
9399,0,0,0,0,0,0,0,0,0
9400,0.00962476,7.11209e-05,3.2342e-07,1.16603e-07,2.88062e-08,1.1386e-11,4.85056e-22,4.30906e-40,0.00969635
9401,0,0,0,0,0,0,0,0,0
9402,0,0,0,0,0,0,0,0,0
9403,0,0,0,0,0,0,0,0,0
9404,0,0,0,0,0,0,0,0,0
9405,0,0,0,0,0,0,0,0,0
9406,0,0,0,0,0,0,0,0,0
9407,0,0,0,0,0,0,0,0,0
9408,0,0,0,0,0,0,0,0,0
9409,0.00652266,3.19975e-05,9.34102e-08,3.36463e-08,8.30215e-09,1.99411e-12,7.70977e-24,6.26634e-43,0.00655479
9410,0,0,0,0,0,0,0,0,0
9411,0,0,0,0,0,0,0,0,0
9412,0,0,0,0,0,0,0,0,0
9413,0,0,0,0,0,0,0,0,0
9414,0,0,0,0,0,0,0,0,0
9415,0,0,0,0,0,0,0,0,0
9416,0,0,0,0,0,0,0,0,0
9417,0.00995043,7.59357e-05,3.55378e-07,1.279e-07,3.15244e-08,1.27147e-11,5.35829e-22,3.95965e-40,0.0100269
9418,0,0,0,0,0,0,0,0,0
9419,0,0,0,0,0,0,0,0,0
9420,0,0,0,0,0,0,0,0,0
9421,0,0,0,0,0,0,0,0,0
9422,0,0,0,0,0,0,0,0,0
9423,0,0,0,0,0,0,0,0,0
9424,0,0,0,0,0,0,0,0,0
9425,0,0,0,0,0,0,0,0,0
9426,0,0,0,0,0,0,0,0,0
9427,0,0,0,0,0,0,0,0,0
9428,0,0,0,0,0,0,0,0,0
9429,0,0,0,0,0,0,0,0,0
9430,0,0,0,0,0,0,0,0,0
9431,0,0,0,0,0,0,0,0,0
9432,0.0118919,0.000109113,6.18379e-07,2.22194e-07,5.46501e-08,2.68839e-11,2.26596e-21,2.9844e-39,0.0120019
9433,0,0,0,0,0,0,0,0,0
9434,0,0,0,0,0,0,0,0,0
9435,0,0,0,0,0,0,0,0,0
9436,0,0,0,0,0,0,0,0,0
9437,0,0,0,0,0,0,0,0,0
9438,0.0132069,0.000134968,8.54377e-07,3.06793e-07,7.53944e-08,4.15173e-11,5.02812e-21,8.51608e-39,0.0133431
9439,0,0,0,0,0,0,0,0,0
9440,0.00888227,6.04248e-05,2.52242e-07,9.05534e-08,2.22461e-08,8.00267e-12,2.56116e-22,1.69546e-40,0.00894306
9441,0,0,0,0,0,0,0,0,0
9442,0,0,0,0,0,0,0,0,0
9443,0,0,0,0,0,0,0,0,0
9444,0,0,0,0,0,0,0,0,0
9445,0,0,0,0,0,0,0,0,0
9446,0,0,0,0,0,0,0,0,0
9447,0,0,0,0,0,0,0,0,0
9448,0,0,0,0,0,0,0,0,0
9449,0,0,0,0,0,0,0,0,0
9450,0,0,0,0,0,0,0,0,0
9451,0,0,0,0,0,0,0,0,0
9452,0,0,0,0,0,0,0,0,0
9453,0,0,0,0,0,0,0,0,0
9454,0,0,0,0,0,0,0,0,0
9455,0,0,0,0,0,0,0,0,0
9456,0,0,0,0,0,0,0,0,0
9457,0,0,0,0,0,0,0,0,0
9458,0,0,0,0,0,0,0,0,0
9459,0,0,0,0,0,0,0,0,0
9460,0,0,0,0,0,0,0,0,0
9461,0,0,0,0,0,0,0,0,0
9462,0,0,0,0,0,0,0,0,0
9463,0,0,0,0,0,0,0,0,0
9464,0,0,0,0,0,0,0,0,0
9465,0,0,0,0,0,0,0,0,0
9466,0.0180614,0.000126897,5.53428e-07,1.98135e-07,4.85019e-08,1.82822e-11,6.55276e-22,3.73471e-40,0.0181891
9467,0,0,0,0,0,0,0,0,0
9468,0,0,0,0,0,0,0,0,0
9469,0,0,0,0,0,0,0,0,0
9470,0,0,0,0,0,0,0,0,0
9471,0,0,0,0,0,0,0,0,0
9472,0,0,0,0,0,0,0,0,0
9473,0,0,0,0,0,0,0,0,0
9474,0,0,0,0,0,0,0,0,0
9475,0,0,0,0,0,0,0,0,0
9476,0,0,0,0,0,0,0,0,0
9477,0,0,0,0,0,0,0,0,0
9478,0,0,0,0,0,0,0,0,0
9479,0,0,0,0,0,0,0,0,0
9480,0,0,0,0,0,0,0,0,0
9481,0,0,0,0,0,0,0,0,0
9482,0,0,0,0,0,0,0,0,0
9483,0,0,0,0,0,0,0,0,0
9484,0,0,0,0,0,0,0,0,0
9485,0.00825727,5.17805e-05,1.96007e-07,7.00299e-08,1.7097e-08,5.40077e-12,8.77891e-23,1.87023e-41,0.00830934
9486,0,0,0,0,0,0,0,0,0
9487,0.0110982,9.48369e-05,4.99261e-07,1.78342e-07,4.35294e-08,1.96876e-11,1.29841e-21,1.27474e-39,0.0111938
9488,0,0,0,0,0,0,0,0,0
9489,0.0102752,8.11192e-05,3.93706e-07,1.40614e-07,3.43137e-08,1.42733e-11,7.2167e-22,5.82483e-40,0.0103568
9490,0,0,0,0,0,0,0,0,0
9491,0,0,0,0,0,0,0,0,0
9492,0,0,0,0,0,0,0,0,0
9493,0,0,0,0,0,0,0,0,0
9494,0,0,0,0,0,0,0,0,0
9495,0,0,0,0,0,0,0,0,0
9496,0,0,0,0,0,0,0,0,0
9497,0,0,0,0,0,0,0,0,0
9498,0,0,0,0,0,0,0,0,0
9499,0,0,0,0,0,0,0,0,0
9500,0,0,0,0,0,0,0,0,0
9501,0,0,0,0,0,0,0,0,0
9502,0,0,0,0,0,0,0,0,0
9503,0,0,0,0,0,0,0,0,0
9504,0,0,0,0,0,0,0,0,0
9505,0,0,0,0,0,0,0,0,0
9506,0.0128373,0.000127288,7.79119e-07,2.77744e-07,6.76105e-08,3.55031e-11,3.69079e-21,4.66544e-39,0.0129657
9507,0,0,0,0,0,0,0,0,0
9508,0,0,0,0,0,0,0,0,0
9509,0,0,0,0,0,0,0,0,0
9510,0,0,0,0,0,0,0,0,0
9511,0.00661496,3.31867e-05,1.00941e-07,3.59653e-08,8.74908e-09,2.23841e-12,2.35862e-23,5.55436e-42,0.00664829
9512,0.00685004,3.52571e-05,1.07521e-07,3.83066e-08,9.31757e-09,2.28821e-12,8.79612e-24,9.49808e-43,0.00688546
9513,0.00795658,4.82466e-05,1.78164e-07,6.34693e-08,1.54364e-08,4.81512e-12,9.45916e-23,3.44754e-41,0.00800508
9514,0.00965502,7.14552e-05,3.24065e-07,1.15424e-07,2.80658e-08,1.08268e-11,4.26663e-22,2.65129e-40,0.00972694
9515,0,0,0,0,0,0,0,0,0
9516,0,0,0,0,0,0,0,0,0
9517,0,0,0,0,0,0,0,0,0
9518,0,0,0,0,0,0,0,0,0
9519,0,0,0,0,0,0,0,0,0
9520,0,0,0,0,0,0,0,0,0
9521,0,0,0,0,0,0,0,0,0
9522,0,0,0,0,0,0,0,0,0
9523,0,0,0,0,0,0,0,0,0
9524,0.0072636,3.70648e-05,9.12681e-08,3.24734e-08,7.88521e-09,7.64968e-13,9.25081e-22,4.76212e-39,0.0073008
9525,0,0,0,0,0,0,0,0,0
9526,0,0,0,0,0,0,0,0,0
9527,0,0,0,0,0,0,0,0,0
9528,0,0,0,0,0,0,0,0,0
9529,0,0,0,0,0,0,0,0,0
9530,0,0,0,0,0,0,0,0,0
9531,0,0,0,0,0,0,0,0,0
9532,0,0,0,0,0,0,0,0,0
9533,0,0,0,0,0,0,0,0,0
9534,0,0,0,0,0,0,0,0,0
9535,0,0,0,0,0,0,0,0,0
9536,0.0103412,8.21197e-05,4.00227e-07,1.42229e-07,3.44817e-08,1.42758e-11,7.10084e-22,4.99618e-40,0.0104239
9537,0,0,0,0,0,0,0,0,0
9538,0,0,0,0,0,0,0,0,0
9539,0,0,0,0,0,0,0,0,0
9540,0.00885204,5.99178e-05,2.47887e-07,8.80546e-08,2.13358e-08,7.46216e-12,2.17798e-22,1.03508e-40,0.00891231
9541,0,0,0,0,0,0,0,0,0
9542,0,0,0,0,0,0,0,0,0
9543,0,0,0,0,0,0,0,0,0
9544,0,0,0,0,0,0,0,0,0
9545,0,0,0,0,0,0,0,0,0
9546,0,0,0,0,0,0,0,0,0
9547,0,0,0,0,0,0,0,0,0
9548,0,0,0,0,0,0,0,0,0
9549,0,0,0,0,0,0,0,0,0
9550,0.0018791,1.50839e-06,1.34961e-10,4.78904e-11,1.1588e-11,1.3683e-13,1.34672e-23,4.42767e-42,0.00188061
9551,0,0,0,0,0,0,0,0,0
9552,0,0,0,0,0,0,0,0,0
9553,0,0,0,0,0,0,0,0,0
9554,0,0,0,0,0,0,0,0,0
9555,0,0,0,0,0,0,0,0,0
9556,0,0,0,0,0,0,0,0,0
9557,0.0175115,0.000117276,4.79848e-07,1.70141e-07,4.11275e-08,1.41774e-11,3.93072e-22,1.69802e-40,0.0176295
9558,0,0,0,0,0,0,0,0,0
9559,0,0,0,0,0,0,0,0,0
9560,0,0,0,0,0,0,0,0,0
9561,0,0,0,0,0,0,0,0,0
9562,0,0,0,0,0,0,0,0,0
9563,0,0,0,0,0,0,0,0,0
9564,0,0,0,0,0,0,0,0,0
9565,0,0,0,0,0,0,0,0,0
9566,0,0,0,0,0,0,0,0,0
9567,0,0,0,0,0,0,0,0,0
9568,0,0,0,0,0,0,0,0,0
9569,0,0,0,0,0,0,0,0,0
9570,0,0,0,0,0,0,0,0,0
9571,0,0,0,0,0,0,0,0,0
9572,0,0,0,0,0,0,0,0,0
9573,0,0,0,0,0,0,0,0,0
9574,0,0,0,0,0,0,0,0,0
9575,0,0,0,0,0,0,0,0,0
9576,0,0,0,0,0,0,0,0,0
9577,0,0,0,0,0,0,0,0,0
9578,0,0,0,0,0,0,0,0,0
9579,0,0,0,0,0,0,0,0,0
9580,0,0,0,0,0,0,0,0,0
9581,0,0,0,0,0,0,0,0,0
9582,0,0,0,0,0,0,0,0,0
9583,0,0,0,0,0,0,0,0,0
9584,0,0,0,0,0,0,0,0,0
9585,0.00963817,7.11445e-05,3.21093e-07,1.13513e-07,2.73328e-08,1.03611e-11,3.89135e-22,1.96202e-40,0.00970978
9586,0,0,0,0,0,0,0,0,0
9587,0.0057673,2.44834e-05,5.8876e-08,2.08088e-08,5.00895e-09,8.75774e-13,4.9248e-25,7.66058e-42,0.00579187
9588,0,0,0,0,0,0,0,0,0
9589,0,0,0,0,0,0,0,0,0
9590,0,0,0,0,0,0,0,0,0
9591,0,0,0,0,0,0,0,0,0
9592,0,0,0,0,0,0,0,0,0
9593,0,0,0,0,0,0,0,0,0
9594,0,0,0,0,0,0,0,0,0
9595,0,0,0,0,0,0,0,0,0
9596,0,0,0,0,0,0,0,0,0
9597,0,0,0,0,0,0,0,0,0
9598,0,0,0,0,0,0,0,0,0
9599,0.00853863,5.56222e-05,2.20541e-07,7.7854e-08,1.87114e-08,6.18656e-12,1.48415e-22,5.11531e-41,0.00859457
9600,0,0,0,0,0,0,0,0,0
9601,0,0,0,0,0,0,0,0,0
9602,0.00950628,6.90979e-05,3.06107e-07,1.08018e-07,2.59479e-08,9.58525e-12,3.18481e-22,1.31827e-40,0.00957582
9603,0,0,0,0,0,0,0,0,0
9604,0,0,0,0,0,0,0,0,0
9605,0,0,0,0,0,0,0,0,0
9606,0,0,0,0,0,0,0,0,0
9607,0,0,0,0,0,0,0,0,0
9608,0.0107725,8.90775e-05,4.50882e-07,1.59001e-07,3.81618e-08,1.61779e-11,8.52997e-22,5.05539e-40,0.0108622
9609,0.021354,0.00017553,8.86438e-07,3.12571e-07,7.5012e-08,3.18618e-11,1.74938e-21,1.10511e-39,0.0215308
9610,0,0,0,0,0,0,0,0,0
9611,0,0,0,0,0,0,0,0,0
9612,0,0,0,0,0,0,0,0,0
9613,0,0,0,0,0,0,0,0,0
9614,0,0,0,0,0,0,0,0,0
9615,0,0,0,0,0,0,0,0,0
9616,0,0,0,0,0,0,0,0,0
9617,0,0,0,0,0,0,0,0,0
9618,0,0,0,0,0,0,0,0,0
9619,0,0,0,0,0,0,0,0,0
9620,0,0,0,0,0,0,0,0,0
9621,0,0,0,0,0,0,0,0,0
9622,0,0,0,0,0,0,0,0,0
9623,0,0,0,0,0,0,0,0,0
9624,0,0,0,0,0,0,0,0,0
9625,0,0,0,0,0,0,0,0,0
9626,0,0,0,0,0,0,0,0,0
9627,0,0,0,0,0,0,0,0,0
9628,0,0,0,0,0,0,0,0,0
9629,0,0,0,0,0,0,0,0,0
9630,0,0,0,0,0,0,0,0,0
9631,0,0,0,0,0,0,0,0,0
9632,0,0,0,0,0,0,0,0,0
9633,0,0,0,0,0,0,0,0,0
9634,0,0,0,0,0,0,0,0,0
9635,0,0,0,0,0,0,0,0,0
9636,0,0,0,0,0,0,0,0,0
9637,0,0,0,0,0,0,0,0,0
9638,0,0,0,0,0,0,0,0,0
9639,0,0,0,0,0,0,0,0,0
9640,0,0,0,0,0,0,0,0,0
9641,0,0,0,0,0,0,0,0,0
9642,0,0,0,0,0,0,0,0,0
9643,0,0,0,0,0,0,0,0,0
9644,0,0,0,0,0,0,0,0,0
9645,0,0,0,0,0,0,0,0,0
9646,0,0,0,0,0,0,0,0,0
9647,0,0,0,0,0,0,0,0,0
9648,0,0,0,0,0,0,0,0,0
9649,0,0,0,0,0,0,0,0,0
9650,0,0,0,0,0,0,0,0,0
9651,0,0,0,0,0,0,0,0,0
9652,0,0,0,0,0,0,0,0,0
9653,0,0,0,0,0,0,0,0,0
9654,0.00979581,7.34443e-05,3.35901e-07,1.17877e-07,2.81124e-08,1.06607e-11,3.99645e-22,1.66994e-40,0.00986974
9655,0,0,0,0,0,0,0,0,0
9656,0,0,0,0,0,0,0,0,0
9657,0,0,0,0,0,0,0,0,0
9658,0,0,0,0,0,0,0,0,0
9659,0,0,0,0,0,0,0,0,0
9660,0,0,0,0,0,0,0,0,0
9661,0,0,0,0,0,0,0,0,0
9662,0,0,0,0,0,0,0,0,0
9663,0,0,0,0,0,0,0,0,0
9664,0,0,0,0,0,0,0,0,0
9665,0,0,0,0,0,0,0,0,0
9666,0,0,0,0,0,0,0,0,0
9667,0,0,0,0,0,0,0,0,0
9668,0,0,0,0,0,0,0,0,0
9669,0,0,0,0,0,0,0,0,0
9670,0,0,0,0,0,0,0,0,0
9671,0,0,0,0,0,0,0,0,0
9672,0,0,0,0,0,0,0,0,0
9673,0,0,0,0,0,0,0,0,0
9674,0,0,0,0,0,0,0,0,0
9675,0.00802416,4.89975e-05,1.81395e-07,6.35184e-08,1.51055e-08,4.59311e-12,8.52989e-23,2.02844e-41,0.00807342
9676,0,0,0,0,0,0,0,0,0
9677,0,0,0,0,0,0,0,0,0
9678,0,0,0,0,0,0,0,0,0
9679,0,0,0,0,0,0,0,0,0
9680,0,0,0,0,0,0,0,0,0
9681,0,0,0,0,0,0,0,0,0
9682,0,0,0,0,0,0,0,0,0
9683,0.00764237,4.41917e-05,1.53204e-07,5.3599e-08,1.27316e-08,3.55506e-12,4.01641e-23,3.70065e-42,0.00768678
9684,0,0,0,0,0,0,0,0,0
9685,0,0,0,0,0,0,0,0,0
9686,0,0,0,0,0,0,0,0,0
9687,0,0,0,0,0,0,0,0,0
9688,0,0,0,0,0,0,0,0,0
9689,0,0,0,0,0,0,0,0,0
9690,0,0,0,0,0,0,0,0,0
9691,0.0187784,0.000140218,6.62136e-07,2.31459e-07,5.49205e-08,2.2083e-11,1.14517e-21,5.8678e-40,0.0189196
9692,0,0,0,0,0,0,0,0,0
9693,0,0,0,0,0,0,0,0,0
9694,0.00879604,5.90078e-05,2.40404e-07,8.40107e-08,1.9926e-08,6.66029e-12,1.67004e-22,4.6958e-41,0.00885539
9695,0,0,0,0,0,0,0,0,0
9696,0,0,0,0,0,0,0,0,0
9697,0,0,0,0,0,0,0,0,0
9698,0,0,0,0,0,0,0,0,0
9699,0,0,0,0,0,0,0,0,0
9700,0,0,0,0,0,0,0,0,0
9701,0,0,0,0,0,0,0,0,0
9702,0,0,0,0,0,0,0,0,0
9703,0,0,0,0,0,0,0,0,0
9704,0,0,0,0,0,0,0,0,0
9705,0,0,0,0,0,0,0,0,0
9706,0,0,0,0,0,0,0,0,0
9707,0.00613915,2.83863e-05,7.84749e-08,2.73859e-08,6.48389e-09,1.43879e-12,8.73845e-24,6.80142e-43,0.00616765
9708,0,0,0,0,0,0,0,0,0
9709,0,0,0,0,0,0,0,0,0
9710,0,0,0,0,0,0,0,0,0
9711,0,0,0,0,0,0,0,0,0
9712,0.00865553,5.70377e-05,2.27491e-07,7.93456e-08,1.87724e-08,6.09583e-12,1.33437e-22,3.01523e-41,0.00871289
9713,0,0,0,0,0,0,0,0,0
9714,0,0,0,0,0,0,0,0,0
9715,0,0,0,0,0,0,0,0,0
9716,0,0,0,0,0,0,0,0,0
9717,0,0,0,0,0,0,0,0,0
9718,0.00728811,3.94662e-05,1.22773e-07,4.27944e-08,1.01164e-08,2.31478e-12,3.01316e-27,2.31402e-41,0.00732775
9719,0,0,0,0,0,0,0,0,0
9720,0,0,0,0,0,0,0,0,0
9721,0,0,0,0,0,0,0,0,0
9722,0,0,0,0,0,0,0,0,0
9723,0,0,0,0,0,0,0,0,0
9724,0,0,0,0,0,0,0,0,0
9725,0,0,0,0,0,0,0,0,0
9726,0,0,0,0,0,0,0,0,0
9727,0,0,0,0,0,0,0,0,0
9728,0,0,0,0,0,0,0,0,0
9729,0,0,0,0,0,0,0,0,0
9730,0,0,0,0,0,0,0,0,0
9731,0,0,0,0,0,0,0,0,0
9732,0,0,0,0,0,0,0,0,0
9733,0,0,0,0,0,0,0,0,0
9734,0.0075444,4.31734e-05,1.48988e-07,5.18467e-08,1.22302e-08,3.41383e-12,4.69444e-23,7.3623e-42,0.00758779
9735,0,0,0,0,0,0,0,0,0
9736,0,0,0,0,0,0,0,0,0
9737,0,0,0,0,0,0,0,0,0
9738,0,0,0,0,0,0,0,0,0
9739,0.00694387,3.63057e-05,1.12907e-07,3.92694e-08,9.2567e-09,2.27473e-12,1.54777e-23,5.47838e-43,0.00698033
9740,0,0,0,0,0,0,0,0,0
9741,0,0,0,0,0,0,0,0,0
9742,0,0,0,0,0,0,0,0,0
9743,0,0,0,0,0,0,0,0,0
9744,0,0,0,0,0,0,0,0,0
9745,0,0,0,0,0,0,0,0,0
9746,0,0,0,0,0,0,0,0,0
9747,0,0,0,0,0,0,0,0,0
9748,0.0110504,9.36498e-05,4.84066e-07,1.68197e-07,3.95978e-08,1.67345e-11,8.8644e-22,3.72967e-40,0.0111448
9749,0,0,0,0,0,0,0,0,0
9750,0,0,0,0,0,0,0,0,0
9751,0,0,0,0,0,0,0,0,0
9752,0,0,0,0,0,0,0,0,0
9753,0.00944063,6.8001e-05,2.96943e-07,1.03123e-07,2.42609e-08,8.59271e-12,2.52559e-22,6.5902e-41,0.00950906
9754,0,0,0,0,0,0,0,0,0
9755,0,0,0,0,0,0,0,0,0
9756,0,0,0,0,0,0,0,0,0
9757,0,0,0,0,0,0,0,0,0
9758,0,0,0,0,0,0,0,0,0
9759,0,0,0,0,0,0,0,0,0
9760,0,0,0,0,0,0,0,0,0
9761,0,0,0,0,0,0,0,0,0
9762,0,0,0,0,0,0,0,0,0
9763,0.00838005,5.34387e-05,2.06193e-07,7.15311e-08,1.68053e-08,5.24581e-12,1.06108e-22,2.13885e-41,0.00843378
9764,0,0,0,0,0,0,0,0,0
9765,0,0,0,0,0,0,0,0,0
9766,0.0083389,5.29055e-05,2.03043e-07,7.04138e-08,1.65353e-08,5.12997e-12,1.01732e-22,2.00261e-41,0.0083921
9767,0,0,0,0,0,0,0,0,0
9768,0,0,0,0,0,0,0,0,0
9769,0,0,0,0,0,0,0,0,0
9770,0.0115177,0.000101809,5.48913e-07,1.90284e-07,4.46614e-08,1.96219e-11,1.17146e-21,5.04674e-40,0.0116202
9771,0,0,0,0,0,0,0,0,0
9772,0,0,0,0,0,0,0,0,0
9773,0,0,0,0,0,0,0,0,0
9774,0,0,0,0,0,0,0,0,0
9775,0,0,0,0,0,0,0,0,0
9776,0,0,0,0,0,0,0,0,0
9777,0,0,0,0,0,0,0,0,0
9778,0,0,0,0,0,0,0,0,0
9779,0,0,0,0,0,0,0,0,0
9780,0,0,0,0,0,0,0,0,0
9781,0,0,0,0,0,0,0,0,0
9782,0.00661249,3.30563e-05,9.93343e-08,3.43892e-08,8.05752e-09,1.94032e-12,1.73538e-23,1.86334e-42,0.00664569
9783,0,0,0,0,0,0,0,0,0
9784,0,0,0,0,0,0,0,0,0
9785,0,0,0,0,0,0,0,0,0
9786,0,0,0,0,0,0,0,0,0
9787,0.00846029,5.41849e-05,2.0745e-07,7.17839e-08,1.68087e-08,5.08108e-12,6.98679e-23,4.49237e-42,0.00851477
9788,0,0,0,0,0,0,0,0,0
9789,0,0,0,0,0,0,0,0,0
9790,0,0,0,0,0,0,0,0,0
9791,0,0,0,0,0,0,0,0,0
9792,0,0,0,0,0,0,0,0,0
9793,0,0,0,0,0,0,0,0,0
9794,0,0,0,0,0,0,0,0,0
9795,0,0,0,0,0,0,0,0,0
9796,0,0,0,0,0,0,0,0,0
9797,0,0,0,0,0,0,0,0,0
9798,0,0,0,0,0,0,0,0,0
9799,0,0,0,0,0,0,0,0,0
9800,0,0,0,0,0,0,0,0,0
9801,0,0,0,0,0,0,0,0,0
9802,0,0,0,0,0,0,0,0,0
9803,0,0,0,0,0,0,0,0,0
9804,0,0,0,0,0,0,0,0,0
9805,0.0119916,0.000110422,6.20008e-07,2.14141e-07,5.0021e-08,2.27603e-11,1.51599e-21,6.43831e-40,0.0121029
9806,0,0,0,0,0,0,0,0,0
9807,0,0,0,0,0,0,0,0,0
9808,0,0,0,0,0,0,0,0,0
9809,0,0,0,0,0,0,0,0,0
9810,0,0,0,0,0,0,0,0,0
9811,0,0,0,0,0,0,0,0,0
9812,0,0,0,0,0,0,0,0,0
9813,0,0,0,0,0,0,0,0,0
9814,0,0,0,0,0,0,0,0,0
9815,0,0,0,0,0,0,0,0,0
9816,0,0,0,0,0,0,0,0,0
9817,0,0,0,0,0,0,0,0,0
9818,0,0,0,0,0,0,0,0,0
9819,0,0,0,0,0,0,0,0,0
9820,0,0,0,0,0,0,0,0,0
9821,0,0,0,0,0,0,0,0,0
9822,0,0,0,0,0,0,0,0,0
9823,0,0,0,0,0,0,0,0,0
9824,0.00993673,7.54281e-05,3.473e-07,1.19711e-07,2.78899e-08,1.03232e-11,3.59761e-22,9.20096e-41,0.0100127
9825,0.00218701,1.41211e-06,3.73657e-09,1.28781e-09,2.99987e-10,9.06454e-13,2.07286e-22,1.00512e-40,0.00218842
9826,0.00664924,3.34194e-05,1.00887e-07,3.47672e-08,8.09765e-09,1.94552e-12,1.74634e-23,1.70395e-42,0.0066828
9827,0,0,0,0,0,0,0,0,0
9828,0,0,0,0,0,0,0,0,0
9829,0,0,0,0,0,0,0,0,0
9830,0,0,0,0,0,0,0,0,0
9831,0,0,0,0,0,0,0,0,0
9832,0,0,0,0,0,0,0,0,0
9833,0,0,0,0,0,0,0,0,0
9834,0,0,0,0,0,0,0,0,0
9835,0,0,0,0,0,0,0,0,0
9836,0,0,0,0,0,0,0,0,0
9837,0,0,0,0,0,0,0,0,0
9838,0,0,0,0,0,0,0,0,0
9839,0,0,0,0,0,0,0,0,0
9840,0.00715234,3.86783e-05,1.2539e-07,4.31448e-08,1.00288e-08,2.57145e-12,2.66142e-23,2.48697e-42,0.0071912
9841,0,0,0,0,0,0,0,0,0
9842,0,0,0,0,0,0,0,0,0
9843,0,0,0,0,0,0,0,0,0
9844,0,0,0,0,0,0,0,0,0
9845,0,0,0,0,0,0,0,0,0
9846,0,0,0,0,0,0,0,0,0
9847,0,0,0,0,0,0,0,0,0
9848,0.00919286,6.44011e-05,2.72881e-07,9.38165e-08,2.17836e-08,7.37156e-12,1.93606e-22,3.79654e-41,0.00925764
9849,0,0,0,0,0,0,0,0,0
9850,0,0,0,0,0,0,0,0,0
9851,0,0,0,0,0,0,0,0,0
9852,0,0,0,0,0,0,0,0,0
9853,0,0,0,0,0,0,0,0,0
9854,0.00898197,6.14261e-05,2.5378e-07,8.71919e-08,2.0228e-08,6.65863e-12,1.59306e-22,2.8516e-41,0.00904375
9855,0,0,0,0,0,0,0,0,0
9856,0,0,0,0,0,0,0,0,0
9857,0.0094541,6.81433e-05,2.97069e-07,1.02036e-07,2.36629e-08,8.22553e-12,2.33596e-22,4.68949e-41,0.00952267
9858,0,0,0,0,0,0,0,0,0
9859,0,0,0,0,0,0,0,0,0
9860,0,0,0,0,0,0,0,0,0
9861,0,0,0,0,0,0,0,0,0
9862,0,0,0,0,0,0,0,0,0
9863,0,0,0,0,0,0,0,0,0
9864,0,0,0,0,0,0,0,0,0
9865,0,0,0,0,0,0,0,0,0
9866,0,0,0,0,0,0,0,0,0
9867,0,0,0,0,0,0,0,0,0
9868,0.00766812,4.45534e-05,1.55535e-07,5.33581e-08,1.23548e-08,3.40841e-12,4.59479e-23,5.13895e-42,0.00771289
9869,0,0,0,0,0,0,0,0,0
9870,0,0,0,0,0,0,0,0,0
9871,0,0,0,0,0,0,0,0,0
9872,0,0,0,0,0,0,0,0,0
9873,0,0,0,0,0,0,0,0,0
9874,0,0,0,0,0,0,0,0,0
9875,0,0,0,0,0,0,0,0,0
9876,0,0,0,0,0,0,0,0,0
9877,0,0,0,0,0,0,0,0,0
9878,0,0,0,0,0,0,0,0,0
9879,0,0,0,0,0,0,0,0,0
9880,0,0,0,0,0,0,0,0,0
9881,0,0,0,0,0,0,0,0,0
9882,0,0,0,0,0,0,0,0,0
9883,0.00778669,4.59896e-05,1.6347e-07,5.5994e-08,1.29391e-08,3.63668e-12,5.36082e-23,6.42382e-42,0.00783291
9884,0,0,0,0,0,0,0,0,0
9885,0,0,0,0,0,0,0,0,0
9886,0,0,0,0,0,0,0,0,0
9887,0,0,0,0,0,0,0,0,0
9888,0,0,0,0,0,0,0,0,0
9889,0.00928389,6.56701e-05,2.80679e-07,9.60815e-08,2.21843e-08,7.52e-12,1.99361e-22,3.55467e-41,0.00934996
9890,0,0,0,0,0,0,0,0,0
9891,0,0,0,0,0,0,0,0,0
9892,0,0,0,0,0,0,0,0,0
9893,0,0,0,0,0,0,0,0,0
9894,0,0,0,0,0,0,0,0,0
9895,0,0,0,0,0,0,0,0,0
9896,0,0,0,0,0,0,0,0,0
9897,0.00685557,3.54263e-05,1.09131e-07,3.73257e-08,8.60864e-09,2.06475e-12,1.65305e-23,1.02692e-42,0.00689115
9898,0,0,0,0,0,0,0,0,0
9899,0,0,0,0,0,0,0,0,0
9900,0,0,0,0,0,0,0,0,0
9901,0,0,0,0,0,0,0,0,0
9902,0.00756118,4.32733e-05,1.48496e-07,5.0763e-08,1.16997e-08,3.14948e-12,3.89618e-23,3.7062e-42,0.00760467
9903,0,0,0,0,0,0,0,0,0
9904,0,0,0,0,0,0,0,0,0
9905,0,0,0,0,0,0,0,0,0
9906,0,0,0,0,0,0,0,0,0
9907,0,0,0,0,0,0,0,0,0
9908,0,0,0,0,0,0,0,0,0
9909,0,0,0,0,0,0,0,0,0
9910,0,0,0,0,0,0,0,0,0
9911,0,0,0,0,0,0,0,0,0
9912,0,0,0,0,0,0,0,0,0
9913,0,0,0,0,0,0,0,0,0
9914,0.0101686,7.88821e-05,3.69602e-07,1.2618e-07,2.90312e-08,1.07318e-11,3.63039e-22,6.9136e-41,0.010248
9915,0,0,0,0,0,0,0,0,0
9916,0,0,0,0,0,0,0,0,0
9917,0,0,0,0,0,0,0,0,0
9918,0,0,0,0,0,0,0,0,0
9919,0,0,0,0,0,0,0,0,0
9920,0,0,0,0,0,0,0,0,0
9921,0,0,0,0,0,0,0,0,0
9922,0,0,0,0,0,0,0,0,0
9923,0,0,0,0,0,0,0,0,0
9924,0,0,0,0,0,0,0,0,0
9925,0,0,0,0,0,0,0,0,0
9926,0,0,0,0,0,0,0,0,0
9927,0,0,0,0,0,0,0,0,0
9928,0,0,0,0,0,0,0,0,0
9929,0,0,0,0,0,0,0,0,0
9930,0,0,0,0,0,0,0,0,0
9931,0,0,0,0,0,0,0,0,0
9932,0,0,0,0,0,0,0,0,0
9933,0,0,0,0,0,0,0,0,0
9934,0,0,0,0,0,0,0,0,0
9935,0,0,0,0,0,0,0,0,0
9936,0.00835434,5.29947e-05,2.02244e-07,6.88895e-08,1.58036e-08,4.72938e-12,8.46925e-23,1.01096e-41,0.00840762
9937,0,0,0,0,0,0,0,0,0
9938,0,0,0,0,0,0,0,0,0
9939,0,0,0,0,0,0,0,0,0
9940,0,0,0,0,0,0,0,0,0
9941,0,0,0,0,0,0,0,0,0
9942,0,0,0,0,0,0,0,0,0
9943,0,0,0,0,0,0,0,0,0
9944,0,0,0,0,0,0,0,0,0
9945,0,0,0,0,0,0,0,0,0
9946,0,0,0,0,0,0,0,0,0
9947,0,0,0,0,0,0,0,0,0
9948,0,0,0,0,0,0,0,0,0
9949,0,0,0,0,0,0,0,0,0
9950,0,0,0,0,0,0,0,0,0
9951,0.00708376,3.79299e-05,1.2164e-07,4.13639e-08,9.4683e-09,2.36507e-12,2.40618e-23,1.85195e-42,0.00712186
9952,0,0,0,0,0,0,0,0,0
9953,0,0,0,0,0,0,0,0,0
9954,0,0,0,0,0,0,0,0,0
9955,0,0,0,0,0,0,0,0,0
9956,0,0,0,0,0,0,0,0,0
9957,0,0,0,0,0,0,0,0,0
9958,0,0,0,0,0,0,0,0,0
9959,0,0,0,0,0,0,0,0,0
9960,0,0,0,0,0,0,0,0,0
9961,0,0,0,0,0,0,0,0,0
9962,0,0,0,0,0,0,0,0,0
9963,0,0,0,0,0,0,0,0,0
9964,0,0,0,0,0,0,0,0,0
9965,0.00824485,5.15641e-05,1.93653e-07,6.57546e-08,1.50224e-08,4.39491e-12,7.27384e-23,7.51484e-42,0.00829668
9966,0,0,0,0,0,0,0,0,0
9967,0,0,0,0,0,0,0,0,0
9968,0,0,0,0,0,0,0,0,0
9969,0,0,0,0,0,0,0,0,0
9970,0,0,0,0,0,0,0,0,0
9971,0,0,0,0,0,0,0,0,0
9972,0,0,0,0,0,0,0,0,0
9973,0,0,0,0,0,0,0,0,0
9974,0,0,0,0,0,0,0,0,0
9975,0.0149189,8.42041e-05,2.84647e-07,9.65534e-08,2.20296e-08,5.77734e-12,6.77864e-23,5.34494e-42,0.0150035
9976,0,0,0,0,0,0,0,0,0
9977,0,0,0,0,0,0,0,0,0
9978,0,0,0,0,0,0,0,0,0
9979,0,0,0,0,0,0,0,0,0
9980,0,0,0,0,0,0,0,0,0
9981,0,0,0,0,0,0,0,0,0
9982,0,0,0,0,0,0,0,0,0
9983,0,0,0,0,0,0,0,0,0
9984,0,0,0,0,0,0,0,0,0
9985,0,0,0,0,0,0,0,0,0
9986,0,0,0,0,0,0,0,0,0
9987,0,0,0,0,0,0,0,0,0
9988,0,0,0,0,0,0,0,0,0
9989,0,0,0,0,0,0,0,0,0
9990,0,0,0,0,0,0,0,0,0
9991,0,0,0,0,0,0,0,0,0
9992,0,0,0,0,0,0,0,0,0
9993,0,0,0,0,0,0,0,0,0
9994,0,0,0,0,0,0,0,0,0
9995,0,0,0,0,0,0,0,0,0
9996,0,0,0,0,0,0,0,0,0
9997,0,0,0,0,0,0,0,0,0
9998,0,0,0,0,0,0,0,0,0
9999,0,0,0,0,0,0,0,0,0
10000,0,0,0,0,0,0,0,0,0
10001,0,0,0,0,0,0,0,0,0
10002,0,0,0,0,0,0,0,0,0
10003,0,0,0,0,0,0,0,0,0
10004,0,0,0,0,0,0,0,0,0
10005,0,0,0,0,0,0,0,0,0
10006,0,0,0,0,0,0,0,0,0
10007,0,0,0,0,0,0,0,0,0
10008,0,0,0,0,0,0,0,0,0
10009,0,0,0,0,0,0,0,0,0
10010,0,0,0,0,0,0,0,0,0
10011,0,0,0,0,0,0,0,0,0
10012,0,0,0,0,0,0,0,0,0
10013,0,0,0,0,0,0,0,0,0
10014,0,0,0,0,0,0,0,0,0
10015,0,0,0,0,0,0,0,0,0
10016,0,0,0,0,0,0,0,0,0
10017,0,0,0,0,0,0,0,0,0
10018,0,0,0,0,0,0,0,0,0
10019,0,0,0,0,0,0,0,0,0
10020,0,0,0,0,0,0,0,0,0
10021,0,0,0,0,0,0,0,0,0
10022,0,0,0,0,0,0,0,0,0
10023,0,0,0,0,0,0,0,0,0
10024,0,0,0,0,0,0,0,0,0
10025,0,0,0,0,0,0,0,0,0
10026,0,0,0,0,0,0,0,0,0
10027,0,0,0,0,0,0,0,0,0
10028,0,0,0,0,0,0,0,0,0
10029,0,0,0,0,0,0,0,0,0
10030,0,0,0,0,0,0,0,0,0
10031,0,0,0,0,0,0,0,0,0
10032,0,0,0,0,0,0,0,0,0
10033,0,0,0,0,0,0,0,0,0
10034,0,0,0,0,0,0,0,0,0
10035,0,0,0,0,0,0,0,0,0
10036,0,0,0,0,0,0,0,0,0
10037,0,0,0,0,0,0,0,0,0
10038,0.00146503,7.39456e-07,4.68444e-10,1.57843e-10,3.57025e-11,8.96246e-14,3.44063e-24,2.21886e-43,0.00146577
10039,0.0118741,0.000107864,5.91995e-07,1.99449e-07,4.51061e-08,1.91879e-11,1.02696e-21,2.00122e-40,0.0119828
10040,0,0,0,0,0,0,0,0,0
10041,0,0,0,0,0,0,0,0,0
10042,0,0,0,0,0,0,0,0,0
10043,0,0,0,0,0,0,0,0,0
10044,0.00703689,3.73704e-05,1.18418e-07,3.98767e-08,9.01261e-09,2.18541e-12,2.01676e-23,1.13132e-42,0.00707442
10045,0,0,0,0,0,0,0,0,0
10046,0,0,0,0,0,0,0,0,0
10047,0.00765655,4.43404e-05,1.53533e-07,5.16859e-08,1.1677e-08,3.09922e-12,3.8043e-23,2.59683e-42,0.00770111
10048,0,0,0,0,0,0,0,0,0
10049,0,0,0,0,0,0,0,0,0
10050,0,0,0,0,0,0,0,0,0
10051,0,0,0,0,0,0,0,0,0
10052,0.00889753,6.00032e-05,2.41838e-07,8.13655e-08,1.83682e-08,5.65292e-12,1.027e-22,8.10603e-42,0.00895788
10053,0,0,0,0,0,0,0,0,0
10054,0,0,0,0,0,0,0,0,0
10055,0,0,0,0,0,0,0,0,0
10056,0,0,0,0,0,0,0,0,0
10057,0.00790042,4.72306e-05,1.688e-07,5.67608e-08,1.28045e-08,3.50058e-12,4.67681e-23,3.25944e-42,0.00794789
10058,0,0,0,0,0,0,0,0,0
10059,0,0,0,0,0,0,0,0,0
10060,0,0,0,0,0,0,0,0,0
10061,0,0,0,0,0,0,0,0,0
10062,0,0,0,0,0,0,0,0,0
10063,0,0,0,0,0,0,0,0,0
10064,0,0,0,0,0,0,0,0,0
10065,0,0,0,0,0,0,0,0,0
10066,0,0,0,0,0,0,0,0,0
10067,0,0,0,0,0,0,0,0,0
10068,0,0,0,0,0,0,0,0,0
10069,0,0,0,0,0,0,0,0,0
10070,0,0,0,0,0,0,0,0,0
10071,0,0,0,0,0,0,0,0,0
10072,0,0,0,0,0,0,0,0,0
10073,0.0076445,4.41774e-05,1.52455e-07,5.11794e-08,1.15205e-08,3.03111e-12,3.60408e-23,2.23052e-42,0.0076889
10074,0,0,0,0,0,0,0,0,0
10075,0,0,0,0,0,0,0,0,0
10076,0,0,0,0,0,0,0,0,0
10077,0,0,0,0,0,0,0,0,0
10078,0,0,0,0,0,0,0,0,0
10079,0,0,0,0,0,0,0,0,0
10080,0,0,0,0,0,0,0,0,0
10081,0,0,0,0,0,0,0,0,0
10082,0,0,0,0,0,0,0,0,0
10083,0,0,0,0,0,0,0,0,0
10084,0,0,0,0,0,0,0,0,0
10085,0,0,0,0,0,0,0,0,0
10086,0,0,0,0,0,0,0,0,0
10087,0,0,0,0,0,0,0,0,0
10088,0,0,0,0,0,0,0,0,0
10089,0,0,0,0,0,0,0,0,0
10090,0,0,0,0,0,0,0,0,0
10091,0,0,0,0,0,0,0,0,0
10092,0,0,0,0,0,0,0,0,0
10093,0,0,0,0,0,0,0,0,0
10094,0,0,0,0,0,0,0,0,0
10095,0,0,0,0,0,0,0,0,0
10096,0,0,0,0,0,0,0,0,0
10097,0,0,0,0,0,0,0,0,0
10098,0,0,0,0,0,0,0,0,0
10099,0.00593017,2.63977e-05,6.96669e-08,2.33241e-08,5.23181e-09,1.04118e-12,5.14517e-24,1.59815e-43,0.00595666
10100,0,0,0,0,0,0,0,0,0
10101,0,0,0,0,0,0,0,0,0
10102,0.00252323,4.09658e-06,2.46541e-09,8.25119e-10,1.84999e-10,2.25203e-16,8.65789e-25,7.02237e-44,0.00252733
10103,0,0,0,0,0,0,0,0,0
10104,0,0,0,0,0,0,0,0,0
10105,0,0,0,0,0,0,0,0,0
10106,0,0,0,0,0,0,0,0,0
10107,0,0,0,0,0,0,0,0,0
10108,0,0,0,0,0,0,0,0,0
10109,0,0,0,0,0,0,0,0,0
10110,0,0,0,0,0,0,0,0,0
10111,0,0,0,0,0,0,0,0,0
10112,0.00435792,1.41064e-05,2.67233e-08,8.93453e-09,2.00052e-09,2.80641e-13,4.19034e-25,4.5253e-45,0.00437207
10113,0,0,0,0,0,0,0,0,0
10114,0,0,0,0,0,0,0,0,0
10115,0,0,0,0,0,0,0,0,0
10116,0,0,0,0,0,0,0,0,0
10117,0,0,0,0,0,0,0,0,0
10118,0,0,0,0,0,0,0,0,0
10119,0,0,0,0,0,0,0,0,0
10120,0,0,0,0,0,0,0,0,0
10121,0,0,0,0,0,0,0,0,0
10122,0,0,0,0,0,0,0,0,0
10123,0,0,0,0,0,0,0,0,0
10124,0,0,0,0,0,0,0,0,0
10125,0,0,0,0,0,0,0,0,0
10126,0,0,0,0,0,0,0,0,0
10127,0,0,0,0,0,0,0,0,0
10128,0,0,0,0,0,0,0,0,0
10129,0,0,0,0,0,0,0,0,0
10130,0,0,0,0,0,0,0,0,0
10131,0,0,0,0,0,0,0,0,0
10132,0,0,0,0,0,0,0,0,0
10133,0,0,0,0,0,0,0,0,0
10134,0,0,0,0,0,0,0,0,0
10135,0,0,0,0,0,0,0,0,0
10136,0,0,0,0,0,0,0,0,0
10137,0,0,0,0,0,0,0,0,0
10138,0,0,0,0,0,0,0,0,0
10139,0,0,0,0,0,0,0,0,0
10140,0,0,0,0,0,0,0,0,0
10141,0,0,0,0,0,0,0,0,0
10142,0.00196211,2.16486e-06,3.65511e-10,1.21808e-10,2.71594e-11,9.4864e-15,1.07168e-24,5.88244e-44,0.00196427
10143,0,0,0,0,0,0,0,0,0
10144,0,0,0,0,0,0,0,0,0
10145,0,0,0,0,0,0,0,0,0
10146,0,0,0,0,0,0,0,0,0
10147,0,0,0,0,0,0,0,0,0
10148,0,0,0,0,0,0,0,0,0
10149,0,0,0,0,0,0,0,0,0
10150,0,0,0,0,0,0,0,0,0
10151,0.00773653,4.51776e-05,1.56878e-07,5.22306e-08,1.16315e-08,3.02781e-12,3.38014e-23,1.56138e-42,0.00778193
10152,0.00922139,6.44477e-05,2.687e-07,8.94547e-08,1.99194e-08,6.24082e-12,1.22489e-22,8.22282e-42,0.00928622
10153,0,0,0,0,0,0,0,0,0
10154,0,0,0,0,0,0,0,0,0
10155,0,0,0,0,0,0,0,0,0
10156,0,0,0,0,0,0,0,0,0
10157,0,0,0,0,0,0,0,0,0
10158,0,0,0,0,0,0,0,0,0
10159,0,0,0,0,0,0,0,0,0
10160,0,0,0,0,0,0,0,0,0
10161,0,0,0,0,0,0,0,0,0
10162,0,0,0,0,0,0,0,0,0
10163,0,0,0,0,0,0,0,0,0
10164,0,0,0,0,0,0,0,0,0
10165,0,0,0,0,0,0,0,0,0
10166,0,0,0,0,0,0,0,0,0
10167,0,0,0,0,0,0,0,0,0
10168,0,0,0,0,0,0,0,0,0
10169,0,0,0,0,0,0,0,0,0
10170,0,0,0,0,0,0,0,0,0
10171,0,0,0,0,0,0,0,0,0
10172,0,0,0,0,0,0,0,0,0
10173,0,0,0,0,0,0,0,0,0
10174,0,0,0,0,0,0,0,0,0
10175,0,0,0,0,0,0,0,0,0
10176,0,0,0,0,0,0,0,0,0
10177,0,0,0,0,0,0,0,0,0
10178,0,0,0,0,0,0,0,0,0
10179,0,0,0,0,0,0,0,0,0
10180,0,0,0,0,0,0,0,0,0
10181,0,0,0,0,0,0,0,0,0
10182,0,0,0,0,0,0,0,0,0
10183,0,0,0,0,0,0,0,0,0
10184,0,0,0,0,0,0,0,0,0
10185,0,0,0,0,0,0,0,0,0
10186,0,0,0,0,0,0,0,0,0
10187,0,0,0,0,0,0,0,0,0
10188,0,0,0,0,0,0,0,0,0
10189,0,0,0,0,0,0,0,0,0
10190,0,0,0,0,0,0,0,0,0
10191,0,0,0,0,0,0,0,0,0
10192,0.00827851,5.18199e-05,1.93147e-07,6.40256e-08,1.41774e-08,3.94535e-12,5.55027e-23,2.80132e-42,0.00833061
10193,0,0,0,0,0,0,0,0,0
10194,0,0,0,0,0,0,0,0,0
10195,0.00730144,4.01794e-05,1.31271e-07,4.35038e-08,9.63003e-09,2.34168e-12,2.16385e-23,8.09775e-43,0.00734181
10196,0,0,0,0,0,0,0,0,0
10197,0,0,0,0,0,0,0,0,0
10198,0,0,0,0,0,0,0,0,0
10199,0,0,0,0,0,0,0,0,0
10200,0,0,0,0,0,0,0,0,0
10201,0,0,0,0,0,0,0,0,0
10202,0,0,0,0,0,0,0,0,0
10203,0,0,0,0,0,0,0,0,0
10204,0,0,0,0,0,0,0,0,0
10205,0,0,0,0,0,0,0,0,0
10206,0.0127058,6.07767e-05,1.7239e-07,5.70636e-08,1.26123e-08,2.6546e-12,1.57954e-23,4.26201e-43,0.0127669
10207,0,0,0,0,0,0,0,0,0
10208,0,0,0,0,0,0,0,0,0
10209,0,0,0,0,0,0,0,0,0
10210,0,0,0,0,0,0,0,0,0
10211,0,0,0,0,0,0,0,0,0
10212,0,0,0,0,0,0,0,0,0
10213,0,0,0,0,0,0,0,0,0
10214,0,0,0,0,0,0,0,0,0
10215,0,0,0,0,0,0,0,0,0
10216,0,0,0,0,0,0,0,0,0
10217,0,0,0,0,0,0,0,0,0
10218,0,0,0,0,0,0,0,0,0
10219,0,0,0,0,0,0,0,0,0
10220,0,0,0,0,0,0,0,0,0
10221,0,0,0,0,0,0,0,0,0
10222,0,0,0,0,0,0,0,0,0
10223,0,0,0,0,0,0,0,0,0
10224,0,0,0,0,0,0,0,0,0
10225,0,0,0,0,0,0,0,0,0
10226,0,0,0,0,0,0,0,0,0
10227,0,0,0,0,0,0,0,0,0
10228,0,0,0,0,0,0,0,0,0
10229,0,0,0,0,0,0,0,0,0
10230,0,0,0,0,0,0,0,0,0
10231,0,0,0,0,0,0,0,0,0
10232,0,0,0,0,0,0,0,0,0
10233,0,0,0,0,0,0,0,0,0
10234,0,0,0,0,0,0,0,0,0
10235,0,0,0,0,0,0,0,0,0
10236,0,0,0,0,0,0,0,0,0
10237,0,0,0,0,0,0,0,0,0
10238,0,0,0,0,0,0,0,0,0
10239,0,0,0,0,0,0,0,0,0
10240,0,0,0,0,0,0,0,0,0
10241,0,0,0,0,0,0,0,0,0
10242,0,0,0,0,0,0,0,0,0
10243,0,0,0,0,0,0,0,0,0
10244,0,0,0,0,0,0,0,0,0
10245,0,0,0,0,0,0,0,0,0
10246,0,0,0,0,0,0,0,0,0
10247,0,0,0,0,0,0,0,0,0
10248,0,0,0,0,0,0,0,0,0
10249,0,0,0,0,0,0,0,0,0
10250,0.00710334,3.79659e-05,1.20112e-07,3.95734e-08,8.69376e-09,2.0238e-12,1.62077e-23,4.70298e-43,0.00714147
10251,0,0,0,0,0,0,0,0,0
10252,0,0,0,0,0,0,0,0,0
10253,0.00557159,2.31169e-05,5.59381e-08,1.84237e-08,4.04564e-09,7.04932e-13,1.85404e-24,1.49413e-44,0.00559478
10254,0,0,0,0,0,0,0,0,0
10255,0,0,0,0,0,0,0,0,0
10256,0,0,0,0,0,0,0,0,0
10257,0,0,0,0,0,0,0,0,0
10258,0,0,0,0,0,0,0,0,0
10259,0,0,0,0,0,0,0,0,0
10260,0.00637065,3.0439e-05,8.57839e-08,2.82349e-08,6.19473e-09,1.2779e-12,6.94296e-24,1.47698e-43,0.00640121
10261,0.00825042,5.14179e-05,1.90342e-07,6.26418e-08,1.37415e-08,3.75068e-12,4.97154e-23,2.01543e-42,0.00830211
10262,0,0,0,0,0,0,0,0,0
10263,0,0,0,0,0,0,0,0,0
10264,0,0,0,0,0,0,0,0,0
10265,0,0,0,0,0,0,0,0,0
10266,0,0,0,0,0,0,0,0,0
10267,0,0,0,0,0,0,0,0,0
10268,0,0,0,0,0,0,0,0,0
10269,0.0146016,8.14577e-05,2.72858e-07,8.97184e-08,1.96585e-08,4.89397e-12,5.05561e-23,1.65674e-42,0.0146834
10270,0,0,0,0,0,0,0,0,0
10271,0,0,0,0,0,0,0,0,0
10272,0,0,0,0,0,0,0,0,0
10273,0,0,0,0,0,0,0,0,0
10274,0,0,0,0,0,0,0,0,0
10275,0,0,0,0,0,0,0,0,0
10276,0,0,0,0,0,0,0,0,0
10277,0,0,0,0,0,0,0,0,0
10278,0,0,0,0,0,0,0,0,0
10279,0,0,0,0,0,0,0,0,0
10280,0,0,0,0,0,0,0,0,0
10281,0,0,0,0,0,0,0,0,0
10282,0,0,0,0,0,0,0,0,0
10283,0,0,0,0,0,0,0,0,0
10284,0,0,0,0,0,0,0,0,0
10285,0,0,0,0,0,0,0,0,0
10286,0,0,0,0,0,0,0,0,0
10287,0,0,0,0,0,0,0,0,0
10288,0,0,0,0,0,0,0,0,0
10289,0,0,0,0,0,0,0,0,0
10290,0,0,0,0,0,0,0,0,0
10291,0,0,0,0,0,0,0,0,0
10292,0,0,0,0,0,0,0,0,0
10293,0.0056665,2.40003e-05,5.97339e-08,1.9592e-08,4.27896e-09,7.72977e-13,2.78126e-24,4.07818e-44,0.00569058
10294,0,0,0,0,0,0,0,0,0
10295,0,0,0,0,0,0,0,0,0
10296,0,0,0,0,0,0,0,0,0
10297,0,0,0,0,0,0,0,0,0
10298,0,0,0,0,0,0,0,0,0
10299,0,0,0,0,0,0,0,0,0
10300,0,0,0,0,0,0,0,0,0
10301,0,0,0,0,0,0,0,0,0
10302,0,0,0,0,0,0,0,0,0
10303,0.00580643,2.5208e-05,6.42962e-08,2.10657e-08,4.59438e-09,8.48872e-13,3.25404e-24,4.80615e-44,0.00583172
10304,0,0,0,0,0,0,0,0,0
10305,0,0,0,0,0,0,0,0,0
10306,0,0,0,0,0,0,0,0,0
10307,0,0,0,0,0,0,0,0,0
10308,0,0,0,0,0,0,0,0,0
10309,0,0,0,0,0,0,0,0,0
10310,0.00695393,3.63429e-05,1.12178e-07,3.67267e-08,8.00245e-09,1.79801e-12,1.29806e-23,3.02559e-43,0.00699043
10311,0,0,0,0,0,0,0,0,0
10312,0,0,0,0,0,0,0,0,0
10313,0,0,0,0,0,0,0,0,0
10314,0,0,0,0,0,0,0,0,0
10315,0,0,0,0,0,0,0,0,0
10316,0,0,0,0,0,0,0,0,0
10317,0,0,0,0,0,0,0,0,0
10318,0,0,0,0,0,0,0,0,0
10319,0,0,0,0,0,0,0,0,0
10320,0,0,0,0,0,0,0,0,0
10321,0,0,0,0,0,0,0,0,0
10322,0,0,0,0,0,0,0,0,0
10323,0,0,0,0,0,0,0,0,0
10324,0,0,0,0,0,0,0,0,0
10325,0.00695023,3.62865e-05,1.11763e-07,3.65311e-08,7.94295e-09,1.77413e-12,1.2458e-23,2.70122e-43,0.00698667
10326,0,0,0,0,0,0,0,0,0
10327,0,0,0,0,0,0,0,0,0
10328,0.00578939,2.47701e-05,6.06073e-08,1.98044e-08,4.30441e-09,7.23631e-13,7.97879e-25,5.61538e-45,0.00581424
10329,0,0,0,0,0,0,0,0,0
10330,0,0,0,0,0,0,0,0,0
10331,0,0,0,0,0,0,0,0,0
10332,0,0,0,0,0,0,0,0,0
10333,0.00775113,4.52644e-05,1.56375e-07,5.10714e-08,1.10927e-08,2.78423e-12,2.8388e-23,7.92194e-43,0.00779661
10334,0,0,0,0,0,0,0,0,0
10335,0,0,0,0,0,0,0,0,0
10336,0,0,0,0,0,0,0,0,0
10337,0,0,0,0,0,0,0,0,0
10338,0,0,0,0,0,0,0,0,0
10339,0,0,0,0,0,0,0,0,0
10340,0,0,0,0,0,0,0,0,0
10341,0,0,0,0,0,0,0,0,0
10342,0,0,0,0,0,0,0,0,0
10343,0,0,0,0,0,0,0,0,0
10344,0,0,0,0,0,0,0,0,0
10345,0,0,0,0,0,0,0,0,0
10346,0,0,0,0,0,0,0,0,0
10347,0.00550565,2.2402e-05,5.22409e-08,1.70367e-08,3.69335e-09,5.94221e-13,7.67666e-25,3.04726e-48,0.00552812
10348,0,0,0,0,0,0,0,0,0
10349,0,0,0,0,0,0,0,0,0
10350,0,0,0,0,0,0,0,0,0
10351,0,0,0,0,0,0,0,0,0
10352,0,0,0,0,0,0,0,0,0
10353,0,0,0,0,0,0,0,0,0
10354,0,0,0,0,0,0,0,0,0
10355,0,0,0,0,0,0,0,0,0
10356,0,0,0,0,0,0,0,0,0
10357,0,0,0,0,0,0,0,0,0
10358,0,0,0,0,0,0,0,0,0
10359,0.00502922,1.87887e-05,4.08362e-08,1.33004e-08,2.87859e-09,4.43762e-13,8.80673e-25,5.95114e-45,0.00504807
10360,0.00655913,3.21678e-05,9.22814e-08,3.0053e-08,6.50341e-09,1.32929e-12,6.25055e-24,7.34976e-44,0.00659142
10361,0.00129341,3.77351e-07,1.52203e-09,4.95632e-10,1.07242e-10,1.32701e-13,4.13464e-24,1.26115e-43,0.00129379
10362,0,0,0,0,0,0,0,0,0
10363,0.00640284,3.06904e-05,8.63525e-08,2.81138e-08,6.08145e-09,1.22659e-12,6.06416e-24,8.86528e-44,0.00643365
10364,0,0,0,0,0,0,0,0,0
10365,0,0,0,0,0,0,0,0,0
10366,0.00590516,2.60553e-05,6.73829e-08,2.19305e-08,4.74181e-09,8.7769e-13,3.35183e-24,4.12735e-44,0.00593131
10367,0,0,0,0,0,0,0,0,0
10368,0,0,0,0,0,0,0,0,0
10369,0,0,0,0,0,0,0,0,0
10370,0,0,0,0,0,0,0,0,0
10371,0,0,0,0,0,0,0,0,0
10372,0,0,0,0,0,0,0,0,0
10373,0,0,0,0,0,0,0,0,0
10374,0,0,0,0,0,0,0,0,0
10375,0,0,0,0,0,0,0,0,0
10376,0,0,0,0,0,0,0,0,0
10377,0,0,0,0,0,0,0,0,0
10378,0,0,0,0,0,0,0,0,0
10379,0,0,0,0,0,0,0,0,0
10380,0,0,0,0,0,0,0,0,0
10381,0,0,0,0,0,0,0,0,0
10382,0,0,0,0,0,0,0,0,0
10383,0,0,0,0,0,0,0,0,0
10384,0,0,0,0,0,0,0,0,0
10385,0,0,0,0,0,0,0,0,0
10386,0,0,0,0,0,0,0,0,0
10387,0,0,0,0,0,0,0,0,0
10388,0,0,0,0,0,0,0,0,0
10389,0,0,0,0,0,0,0,0,0
10390,0,0,0,0,0,0,0,0,0
10391,0,0,0,0,0,0,0,0,0
10392,0,0,0,0,0,0,0,0,0
10393,0,0,0,0,0,0,0,0,0
10394,0,0,0,0,0,0,0,0,0
10395,0,0,0,0,0,0,0,0,0
10396,0,0,0,0,0,0,0,0,0
10397,0,0,0,0,0,0,0,0,0
10398,0,0,0,0,0,0,0,0,0
10399,0,0,0,0,0,0,0,0,0
10400,0,0,0,0,0,0,0,0,0
10401,0,0,0,0,0,0,0,0,0
10402,0,0,0,0,0,0,0,0,0
10403,0,0,0,0,0,0,0,0,0
10404,0,0,0,0,0,0,0,0,0
10405,0,0,0,0,0,0,0,0,0
10406,0,0,0,0,0,0,0,0,0
10407,0,0,0,0,0,0,0,0,0
10408,0,0,0,0,0,0,0,0,0
10409,0,0,0,0,0,0,0,0,0
10410,0,0,0,0,0,0,0,0,0
10411,0,0,0,0,0,0,0,0,0
10412,0,0,0,0,0,0,0,0,0
10413,0,0,0,0,0,0,0,0,0
10414,0,0,0,0,0,0,0,0,0
10415,0,0,0,0,0,0,0,0,0
10416,0.00778633,4.56221e-05,1.57629e-07,5.10293e-08,1.09576e-08,2.7076e-12,2.61264e-23,5.59344e-43,0.00783217
10417,0,0,0,0,0,0,0,0,0
10418,0,0,0,0,0,0,0,0,0
10419,0,0,0,0,0,0,0,0,0
10420,0,0,0,0,0,0,0,0,0
10421,0,0,0,0,0,0,0,0,0
10422,0,0,0,0,0,0,0,0,0
10423,0,0,0,0,0,0,0,0,0
10424,0,0,0,0,0,0,0,0,0
10425,0.00682399,3.49106e-05,1.04908e-07,3.39308e-08,7.27733e-09,1.55564e-12,9.46588e-24,1.41791e-43,0.00685905
10426,0,0,0,0,0,0,0,0,0
10427,0,0,0,0,0,0,0,0,0
10428,0,0,0,0,0,0,0,0,0
10429,0,0,0,0,0,0,0,0,0
10430,0,0,0,0,0,0,0,0,0
10431,0,0,0,0,0,0,0,0,0
10432,0.00479373,1.70728e-05,3.54276e-08,1.14494e-08,2.45306e-09,3.58964e-13,6.72947e-25,4.37377e-45,0.00481085
10433,0,0,0,0,0,0,0,0,0
10434,0,0,0,0,0,0,0,0,0
10435,0.00781312,4.58746e-05,1.58332e-07,5.11532e-08,1.09553e-08,2.68367e-12,2.40811e-23,4.35075e-43,0.00785922
10436,0,0,0,0,0,0,0,0,0
10437,0.00774344,4.50037e-05,1.53371e-07,4.95433e-08,1.06085e-08,2.55532e-12,2.07788e-23,3.20284e-43,0.00778866
10438,0,0,0,0,0,0,0,0,0
10439,0,0,0,0,0,0,0,0,0
10440,0,0,0,0,0,0,0,0,0
10441,0,0,0,0,0,0,0,0,0
10442,0,0,0,0,0,0,0,0,0
10443,0,0,0,0,0,0,0,0,0
10444,0,0,0,0,0,0,0,0,0
10445,0,0,0,0,0,0,0,0,0
10446,0,0,0,0,0,0,0,0,0
10447,0,0,0,0,0,0,0,0,0
10448,0,0,0,0,0,0,0,0,0
10449,0,0,0,0,0,0,0,0,0
10450,0,0,0,0,0,0,0,0,0
10451,0.00700131,3.67072e-05,1.12657e-07,3.63383e-08,7.76626e-09,1.67974e-12,9.97377e-24,1.23671e-43,0.00703817
10452,0.00927602,6.5013e-05,2.69473e-07,8.69036e-08,1.85684e-08,5.49034e-12,9.29779e-23,2.69135e-42,0.00934141
10453,0,0,0,0,0,0,0,0,0
10454,0,0,0,0,0,0,0,0,0
10455,0,0,0,0,0,0,0,0,0
10456,0,0,0,0,0,0,0,0,0
10457,0,0,0,0,0,0,0,0,0
10458,0,0,0,0,0,0,0,0,0
10459,0,0,0,0,0,0,0,0,0
10460,0.00448766,1.48096e-05,2.78926e-08,8.98789e-09,1.91839e-09,2.45379e-13,2.01055e-25,2.69915e-46,0.00450251
10461,0,0,0,0,0,0,0,0,0
10462,0,0,0,0,0,0,0,0,0
10463,0,0,0,0,0,0,0,0,0
10464,0,0,0,0,0,0,0,0,0
10465,0,0,0,0,0,0,0,0,0
10466,0,0,0,0,0,0,0,0,0
10467,0,0,0,0,0,0,0,0,0
10468,0.0067675,3.43173e-05,1.02105e-07,3.28759e-08,7.00995e-09,1.47327e-12,8.58832e-24,1.13241e-43,0.00680196
10469,0,0,0,0,0,0,0,0,0
10470,0,0,0,0,0,0,0,0,0
10471,0,0,0,0,0,0,0,0,0
10472,0,0,0,0,0,0,0,0,0
10473,0,0,0,0,0,0,0,0,0
10474,0,0,0,0,0,0,0,0,0
10475,0,0,0,0,0,0,0,0,0
10476,0,0,0,0,0,0,0,0,0
10477,0,0,0,0,0,0,0,0,0
10478,0,0,0,0,0,0,0,0,0
10479,0,0,0,0,0,0,0,0,0
10480,0,0,0,0,0,0,0,0,0
10481,0,0,0,0,0,0,0,0,0
10482,0,0,0,0,0,0,0,0,0
10483,0,0,0,0,0,0,0,0,0
10484,0,0,0,0,0,0,0,0,0
10485,0,0,0,0,0,0,0,0,0
10486,0,0,0,0,0,0,0,0,0
10487,0,0,0,0,0,0,0,0,0
10488,0,0,0,0,0,0,0,0,0
10489,0.00516407,1.96243e-05,4.23853e-08,1.36161e-08,2.8947e-09,4.17956e-13,3.36218e-25,2.3655e-46,0.00518375
10490,0,0,0,0,0,0,0,0,0
10491,0,0,0,0,0,0,0,0,0
10492,0,0,0,0,0,0,0,0,0
10493,0,0,0,0,0,0,0,0,0
10494,0,0,0,0,0,0,0,0,0
10495,0,0,0,0,0,0,0,0,0
10496,0,0,0,0,0,0,0,0,0
10497,0,0,0,0,0,0,0,0,0
10498,0,0,0,0,0,0,0,0,0
10499,0.00405595,1.19419e-05,1.95108e-08,6.26091e-09,1.32915e-09,1.38815e-13,6.7466e-27,9.47565e-46,0.00406792
10500,0,0,0,0,0,0,0,0,0
10501,0,0,0,0,0,0,0,0,0
10502,0,0,0,0,0,0,0,0,0
10503,0,0,0,0,0,0,0,0,0
10504,0,0,0,0,0,0,0,0,0
10505,0,0,0,0,0,0,0,0,0
10506,0,0,0,0,0,0,0,0,0
10507,0,0,0,0,0,0,0,0,0
10508,0,0,0,0,0,0,0,0,0
10509,0,0,0,0,0,0,0,0,0
10510,0,0,0,0,0,0,0,0,0
10511,0,0,0,0,0,0,0,0,0
10512,0,0,0,0,0,0,0,0,0
10513,0,0,0,0,0,0,0,0,0
10514,0,0,0,0,0,0,0,0,0
10515,0,0,0,0,0,0,0,0,0
10516,0,0,0,0,0,0,0,0,0
10517,0,0,0,0,0,0,0,0,0
10518,0,0,0,0,0,0,0,0,0
10519,0,0,0,0,0,0,0,0,0
10520,0,0,0,0,0,0,0,0,0
10521,0,0,0,0,0,0,0,0,0
10522,0,0,0,0,0,0,0,0,0
10523,0,0,0,0,0,0,0,0,0
10524,0,0,0,0,0,0,0,0,0
10525,0,0,0,0,0,0,0,0,0
10526,0,0,0,0,0,0,0,0,0
10527,0,0,0,0,0,0,0,0,0
10528,0,0,0,0,0,0,0,0,0
10529,0,0,0,0,0,0,0,0,0
10530,0,0,0,0,0,0,0,0,0
10531,0,0,0,0,0,0,0,0,0
10532,0,0,0,0,0,0,0,0,0
10533,0,0,0,0,0,0,0,0,0
10534,0.00814675,4.99214e-05,1.79822e-07,5.74923e-08,1.21472e-08,3.06548e-12,3.15907e-23,5.20133e-43,0.00819692
10535,0,0,0,0,0,0,0,0,0
10536,0,0,0,0,0,0,0,0,0
10537,0,0,0,0,0,0,0,0,0
10538,0,0,0,0,0,0,0,0,0
10539,0,0,0,0,0,0,0,0,0
10540,0.00496115,1.81824e-05,3.82793e-08,1.22316e-08,2.58243e-09,3.69297e-13,5.1783e-25,1.41702e-45,0.00497938
10541,0,0,0,0,0,0,0,0,0
10542,0,0,0,0,0,0,0,0,0
10543,0,0,0,0,0,0,0,0,0
10544,0,0,0,0,0,0,0,0,0
10545,0,0,0,0,0,0,0,0,0
10546,0,0,0,0,0,0,0,0,0
10547,0,0,0,0,0,0,0,0,0
10548,0,0,0,0,0,0,0,0,0
10549,0,0,0,0,0,0,0,0,0
10550,0,0,0,0,0,0,0,0,0
10551,0,0,0,0,0,0,0,0,0
10552,0,0,0,0,0,0,0,0,0
10553,0,0,0,0,0,0,0,0,0
10554,0,0,0,0,0,0,0,0,0
10555,0,0,0,0,0,0,0,0,0
10556,0,0,0,0,0,0,0,0,0
10557,0,0,0,0,0,0,0,0,0
10558,0,0,0,0,0,0,0,0,0
10559,0,0,0,0,0,0,0,0,0
10560,0,0,0,0,0,0,0,0,0
10561,0,0,0,0,0,0,0,0,0
10562,0,0,0,0,0,0,0,0,0
10563,0,0,0,0,0,0,0,0,0
10564,0,0,0,0,0,0,0,0,0
10565,0,0,0,0,0,0,0,0,0
10566,0,0,0,0,0,0,0,0,0
10567,0,0,0,0,0,0,0,0,0
10568,0,0,0,0,0,0,0,0,0
10569,0,0,0,0,0,0,0,0,0
10570,0.00424177,1.31948e-05,2.33043e-08,7.42242e-09,1.5605e-09,1.83007e-13,1.03626e-25,1.72514e-47,0.004255
10571,0,0,0,0,0,0,0,0,0
10572,0,0,0,0,0,0,0,0,0
10573,0,0,0,0,0,0,0,0,0
10574,0,0,0,0,0,0,0,0,0
10575,0,0,0,0,0,0,0,0,0
10576,0,0,0,0,0,0,0,0,0
10577,0,0,0,0,0,0,0,0,0
10578,0,0,0,0,0,0,0,0,0
10579,0,0,0,0,0,0,0,0,0
10580,0,0,0,0,0,0,0,0,0
10581,0.00588953,2.58564e-05,6.6115e-08,2.10329e-08,4.41528e-09,7.78478e-13,2.61703e-24,1.73819e-44,0.00591547
10582,0,0,0,0,0,0,0,0,0
10583,0,0,0,0,0,0,0,0,0
10584,0,0,0,0,0,0,0,0,0
10585,0,0,0,0,0,0,0,0,0
10586,0,0,0,0,0,0,0,0,0
10587,0,0,0,0,0,0,0,0,0
10588,0.00475703,1.67358e-05,3.39446e-08,1.07917e-08,2.26351e-09,3.12132e-13,4.45061e-25,1.39179e-45,0.00477382
10589,0.0052534,2.04787e-05,4.6207e-08,1.46884e-08,3.08037e-09,4.74834e-13,9.89528e-25,4.22786e-45,0.00527394
10590,0,0,0,0,0,0,0,0,0
10591,0.00945886,3.4236e-05,7.39674e-08,2.35085e-08,4.92884e-09,7.50128e-13,1.82297e-24,1.02584e-44,0.00949319
10592,0,0,0,0,0,0,0,0,0
10593,0,0,0,0,0,0,0,0,0
10594,0,0,0,0,0,0,0,0,0
10595,0,0,0,0,0,0,0,0,0
10596,0,0,0,0,0,0,0,0,0
10597,0,0,0,0,0,0,0,0,0
10598,0,0,0,0,0,0,0,0,0
10599,0,0,0,0,0,0,0,0,0
10600,0,0,0,0,0,0,0,0,0
10601,0,0,0,0,0,0,0,0,0
10602,0,0,0,0,0,0,0,0,0
10603,0,0,0,0,0,0,0,0,0
10604,0,0,0,0,0,0,0,0,0
10605,0,0,0,0,0,0,0,0,0
10606,0,0,0,0,0,0,0,0,0
10607,0,0,0,0,0,0,0,0,0
10608,0,0,0,0,0,0,0,0,0
10609,0,0,0,0,0,0,0,0,0
10610,0.00472884,1.65589e-05,3.35218e-08,1.06317e-08,2.22305e-09,3.06529e-13,4.67599e-25,1.60451e-45,0.00474545
10611,0,0,0,0,0,0,0,0,0
10612,0,0,0,0,0,0,0,0,0
10613,0,0,0,0,0,0,0,0,0
10614,0,0,0,0,0,0,0,0,0
10615,0,0,0,0,0,0,0,0,0
10616,0,0,0,0,0,0,0,0,0
10617,0,0,0,0,0,0,0,0,0
10618,0,0,0,0,0,0,0,0,0
10619,0,0,0,0,0,0,0,0,0
10620,0,0,0,0,0,0,0,0,0
10621,0,0,0,0,0,0,0,0,0
10622,0,0,0,0,0,0,0,0,0
10623,0,0,0,0,0,0,0,0,0
10624,0,0,0,0,0,0,0,0,0
10625,0,0,0,0,0,0,0,0,0
10626,0,0,0,0,0,0,0,0,0
10627,0,0,0,0,0,0,0,0,0
10628,0,0,0,0,0,0,0,0,0
10629,0,0,0,0,0,0,0,0,0
10630,0,0,0,0,0,0,0,0,0
10631,0,0,0,0,0,0,0,0,0
10632,0,0,0,0,0,0,0,0,0
10633,0,0,0,0,0,0,0,0,0
10634,0,0,0,0,0,0,0,0,0
10635,0.00572956,2.44257e-05,6.04408e-08,1.91192e-08,3.98421e-09,6.71812e-13,1.93582e-24,9.83435e-45,0.00575407
10636,0,0,0,0,0,0,0,0,0
10637,0,0,0,0,0,0,0,0,0
10638,0,0,0,0,0,0,0,0,0
10639,0,0,0,0,0,0,0,0,0
10640,0,0,0,0,0,0,0,0,0
10641,0.00547908,2.23107e-05,5.26738e-08,1.66523e-08,3.46742e-09,5.56824e-13,1.3809e-24,6.24365e-45,0.00550147
10642,0,0,0,0,0,0,0,0,0
10643,0,0,0,0,0,0,0,0,0
10644,0,0,0,0,0,0,0,0,0
10645,0.0060564,2.73327e-05,7.16974e-08,2.26556e-08,4.71456e-09,8.42794e-13,2.93606e-24,1.67541e-44,0.00608383
10646,0,0,0,0,0,0,0,0,0
10647,0,0,0,0,0,0,0,0,0
10648,0.00614751,2.81729e-05,7.50739e-08,2.37161e-08,4.93349e-09,8.95997e-13,3.28711e-24,1.93781e-44,0.00617579
10649,0,0,0,0,0,0,0,0,0
10650,0,0,0,0,0,0,0,0,0
10651,0,0,0,0,0,0,0,0,0
10652,0,0,0,0,0,0,0,0,0
10653,0,0,0,0,0,0,0,0,0
10654,0,0,0,0,0,0,0,0,0
10655,0,0,0,0,0,0,0,0,0
10656,0,0,0,0,0,0,0,0,0
10657,0,0,0,0,0,0,0,0,0
10658,0.00550043,2.24765e-05,5.31968e-08,1.67866e-08,3.48703e-09,5.59163e-13,1.36871e-24,5.79086e-45,0.00552298
10659,0,0,0,0,0,0,0,0,0
10660,0,0,0,0,0,0,0,0,0
10661,0,0,0,0,0,0,0,0,0
10662,0,0,0,0,0,0,0,0,0
10663,0,0,0,0,0,0,0,0,0
10664,0,0,0,0,0,0,0,0,0
10665,0,0,0,0,0,0,0,0,0
10666,0,0,0,0,0,0,0,0,0
10667,0.00630998,2.96932e-05,8.1237e-08,2.56113e-08,5.31385e-09,9.87872e-13,3.89421e-24,2.29326e-44,0.00633979
10668,0,0,0,0,0,0,0,0,0
10669,0,0,0,0,0,0,0,0,0
10670,0,0,0,0,0,0,0,0,0
10671,0,0,0,0,0,0,0,0,0
10672,0,0,0,0,0,0,0,0,0
10673,0,0,0,0,0,0,0,0,0
10674,0.00559083,2.31441e-05,5.50533e-08,1.73435e-08,3.59498e-09,5.70466e-13,1.15595e-24,3.08919e-45,0.00561405
10675,0,0,0,0,0,0,0,0,0
10676,0,0,0,0,0,0,0,0,0
10677,0,0,0,0,0,0,0,0,0
10678,0,0,0,0,0,0,0,0,0
10679,0,0,0,0,0,0,0,0,0
10680,0,0,0,0,0,0,0,0,0
10681,0,0,0,0,0,0,0,0,0
10682,0,0,0,0,0,0,0,0,0
10683,0,0,0,0,0,0,0,0,0
10684,0,0,0,0,0,0,0,0,0
10685,0.00433018,1.38317e-05,2.53946e-08,7.99058e-09,1.65374e-09,2.03229e-13,2.12516e-25,4.49689e-46,0.00434404
10686,0,0,0,0,0,0,0,0,0
10687,0,0,0,0,0,0,0,0,0
10688,0,0,0,0,0,0,0,0,0
10689,0.00672931,3.37352e-05,9.78763e-08,3.07867e-08,6.36876e-09,1.24134e-12,5.09754e-24,2.40364e-44,0.00676318
10690,0,0,0,0,0,0,0,0,0
10691,0,0,0,0,0,0,0,0,0
10692,0,0,0,0,0,0,0,0,0
10693,0,0,0,0,0,0,0,0,0
10694,0,0,0,0,0,0,0,0,0
10695,0,0,0,0,0,0,0,0,0
10696,0,0,0,0,0,0,0,0,0
10697,0,0,0,0,0,0,0,0,0
10698,0,0,0,0,0,0,0,0,0
10699,0,0,0,0,0,0,0,0,0
10700,0,0,0,0,0,0,0,0,0
10701,0.00618539,2.84823e-05,7.59984e-08,2.38737e-08,4.9303e-09,8.85608e-13,3.04921e-24,1.43767e-44,0.00621398
10702,0,0,0,0,0,0,0,0,0
10703,0,0,0,0,0,0,0,0,0
10704,0,0,0,0,0,0,0,0,0
10705,0,0,0,0,0,0,0,0,0
10706,0.00449134,1.48963e-05,2.8425e-08,8.92472e-09,1.84189e-09,2.34887e-13,2.79604e-25,6.25574e-46,0.00450628
10707,0,0,0,0,0,0,0,0,0
10708,0,0,0,0,0,0,0,0,0
10709,0,0,0,0,0,0,0,0,0
10710,0,0,0,0,0,0,0,0,0
10711,0,0,0,0,0,0,0,0,0
10712,0,0,0,0,0,0,0,0,0
10713,0,0,0,0,0,0,0,0,0
10714,0,0,0,0,0,0,0,0,0
10715,0,0,0,0,0,0,0,0,0
10716,0,0,0,0,0,0,0,0,0
10717,0,0,0,0,0,0,0,0,0
10718,0,0,0,0,0,0,0,0,0
10719,0,0,0,0,0,0,0,0,0
10720,0,0,0,0,0,0,0,0,0
10721,0,0,0,0,0,0,0,0,0
10722,0,0,0,0,0,0,0,0,0
10723,0,0,0,0,0,0,0,0,0
10724,0,0,0,0,0,0,0,0,0
10725,0,0,0,0,0,0,0,0,0
10726,0,0,0,0,0,0,0,0,0
10727,0,0,0,0,0,0,0,0,0
10728,0,0,0,0,0,0,0,0,0
10729,0,0,0,0,0,0,0,0,0
10730,0,0,0,0,0,0,0,0,0
10731,0.00555881,2.2942e-05,5.47251e-08,1.71366e-08,3.5245e-09,5.62425e-13,1.36025e-24,4.73805e-45,0.00558183
10732,0,0,0,0,0,0,0,0,0
10733,0.00480753,1.70512e-05,3.46357e-08,1.08436e-08,2.22961e-09,2.98991e-13,3.72606e-25,6.42592e-46,0.00482463
10734,0,0,0,0,0,0,0,0,0
10735,0,0,0,0,0,0,0,0,0
10736,0,0,0,0,0,0,0,0,0
10737,0,0,0,0,0,0,0,0,0
10738,0,0,0,0,0,0,0,0,0
10739,0,0,0,0,0,0,0,0,0
10740,0,0,0,0,0,0,0,0,0
10741,0,0,0,0,0,0,0,0,0
10742,0,0,0,0,0,0,0,0,0
10743,0,0,0,0,0,0,0,0,0
10744,0,0,0,0,0,0,0,0,0
10745,0,0,0,0,0,0,0,0,0
10746,0,0,0,0,0,0,0,0,0
10747,0,0,0,0,0,0,0,0,0
10748,0,0,0,0,0,0,0,0,0
10749,0,0,0,0,0,0,0,0,0
10750,0,0,0,0,0,0,0,0,0
10751,0,0,0,0,0,0,0,0,0
10752,0,0,0,0,0,0,0,0,0
10753,0,0,0,0,0,0,0,0,0
10754,0,0,0,0,0,0,0,0,0
10755,0,0,0,0,0,0,0,0,0
10756,0,0,0,0,0,0,0,0,0
10757,0,0,0,0,0,0,0,0,0
10758,0,0,0,0,0,0,0,0,0
10759,0.00491747,1.78457e-05,3.70844e-08,1.15781e-08,2.3721e-09,3.24185e-13,4.32199e-25,7.48859e-46,0.00493536
10760,0,0,0,0,0,0,0,0,0
10761,0,0,0,0,0,0,0,0,0
10762,0,0,0,0,0,0,0,0,0
10763,0,0,0,0,0,0,0,0,0
10764,0,0,0,0,0,0,0,0,0
10765,0,0,0,0,0,0,0,0,0
10766,0,0,0,0,0,0,0,0,0
10767,0,0,0,0,0,0,0,0,0
10768,0,0,0,0,0,0,0,0,0
10769,0,0,0,0,0,0,0,0,0
10770,0.00662269,3.2694e-05,9.3537e-08,2.91692e-08,5.96717e-09,1.13844e-12,4.81171e-24,2.23785e-44,0.00665551
10771,0,0,0,0,0,0,0,0,0
10772,0.00410917,1.24316e-05,2.1551e-08,6.71953e-09,1.37434e-09,1.57105e-13,1.33758e-25,2.01159e-46,0.00412163
10773,0,0,0,0,0,0,0,0,0
10774,0,0,0,0,0,0,0,0,0
10775,0,0,0,0,0,0,0,0,0
10776,0,0,0,0,0,0,0,0,0
10777,0.00694401,3.59805e-05,1.08117e-07,3.3691e-08,6.88563e-09,1.37899e-12,6.75846e-24,3.40602e-44,0.00698014
10778,0,0,0,0,0,0,0,0,0
10779,0,0,0,0,0,0,0,0,0
10780,0,0,0,0,0,0,0,0,0
10781,0,0,0,0,0,0,0,0,0
10782,0,0,0,0,0,0,0,0,0
10783,0,0,0,0,0,0,0,0,0
10784,0,0,0,0,0,0,0,0,0
10785,0,0,0,0,0,0,0,0,0
10786,0.0058011,2.49538e-05,6.17612e-08,1.92273e-08,3.92469e-09,6.40119e-13,1.54459e-24,4.10639e-45,0.00582613
10787,0,0,0,0,0,0,0,0,0
10788,0,0,0,0,0,0,0,0,0
10789,0,0,0,0,0,0,0,0,0
10790,0,0,0,0,0,0,0,0,0
10791,0,0,0,0,0,0,0,0,0
10792,0.00531969,2.09543e-05,4.74793e-08,1.47721e-08,3.01294e-09,4.50065e-13,8.61886e-25,2.09076e-45,0.00534071
10793,0,0,0,0,0,0,0,0,0
10794,0,0,0,0,0,0,0,0,0
10795,0,0,0,0,0,0,0,0,0
10796,0,0,0,0,0,0,0,0,0
10797,0,0,0,0,0,0,0,0,0
10798,0,0,0,0,0,0,0,0,0
10799,0,0,0,0,0,0,0,0,0
10800,0,0,0,0,0,0,0,0,0
10801,0.00459192,1.55518e-05,3.01835e-08,9.38251e-09,1.91145e-09,2.43372e-13,2.82904e-25,4.73775e-46,0.00460752
10802,0,0,0,0,0,0,0,0,0
10803,0,0,0,0,0,0,0,0,0
10804,0,0,0,0,0,0,0,0,0
10805,0,0,0,0,0,0,0,0,0
10806,0,0,0,0,0,0,0,0,0
10807,0,0,0,0,0,0,0,0,0
10808,0,0,0,0,0,0,0,0,0
10809,0.0051124,1.93416e-05,4.20885e-08,1.3072e-08,2.66017e-09,3.81006e-13,6.55658e-25,1.46395e-45,0.0051318
10810,0,0,0,0,0,0,0,0,0
10811,0.00543557,2.18958e-05,5.07888e-08,1.57704e-08,3.20828e-09,4.90106e-13,1.02761e-24,2.60524e-45,0.00545754
10812,0,0,0,0,0,0,0,0,0
10813,0,0,0,0,0,0,0,0,0
10814,0,0,0,0,0,0,0,0,0
10815,0,0,0,0,0,0,0,0,0
10816,0,0,0,0,0,0,0,0,0
10817,0,0,0,0,0,0,0,0,0
10818,0,0,0,0,0,0,0,0,0
10819,0,0,0,0,0,0,0,0,0
10820,0,0,0,0,0,0,0,0,0
10821,0,0,0,0,0,0,0,0,0
10822,0,0,0,0,0,0,0,0,0
10823,0,0,0,0,0,0,0,0,0
10824,0.00652577,3.17035e-05,8.90301e-08,2.76071e-08,5.60644e-09,1.03874e-12,3.98197e-24,1.49148e-44,0.00655759
10825,0,0,0,0,0,0,0,0,0
10826,0,0,0,0,0,0,0,0,0
10827,0.00479634,1.69929e-05,3.45587e-08,1.07127e-08,2.1746e-09,2.89764e-13,3.98853e-25,7.28529e-46,0.00481339
10828,0,0,0,0,0,0,0,0,0
10829,0,0,0,0,0,0,0,0,0
10830,0,0,0,0,0,0,0,0,0
10831,0,0,0,0,0,0,0,0,0
10832,0,0,0,0,0,0,0,0,0
10833,0,0,0,0,0,0,0,0,0
10834,0,0,0,0,0,0,0,0,0
10835,0.00806973,4.86978e-05,1.70334e-07,5.27585e-08,1.06984e-08,2.46837e-12,1.81503e-23,9.8905e-44,0.00811866
10836,0,0,0,0,0,0,0,0,0
10837,0,0,0,0,0,0,0,0,0
10838,0,0,0,0,0,0,0,0,0
10839,0,0,0,0,0,0,0,0,0
10840,0.00464839,1.58584e-05,3.06462e-08,9.48729e-09,1.92255e-09,2.37698e-13,1.96011e-25,1.22176e-46,0.00466429
10841,0,0,0,0,0,0,0,0,0
10842,0,0,0,0,0,0,0,0,0
10843,0,0,0,0,0,0,0,0,0
10844,0,0,0,0,0,0,0,0,0
10845,0,0,0,0,0,0,0,0,0
10846,0,0,0,0,0,0,0,0,0
10847,0,0,0,0,0,0,0,0,0
10848,0,0,0,0,0,0,0,0,0
10849,0,0,0,0,0,0,0,0,0
10850,0,0,0,0,0,0,0,0,0
10851,0,0,0,0,0,0,0,0,0
10852,0,0,0,0,0,0,0,0,0
10853,0,0,0,0,0,0,0,0,0
10854,0,0,0,0,0,0,0,0,0
10855,0,0,0,0,0,0,0,0,0
10856,0.00592209,2.60338e-05,6.59353e-08,2.03764e-08,4.11989e-09,6.83019e-13,1.85256e-24,5.01423e-45,0.00594821
10857,0,0,0,0,0,0,0,0,0
10858,0,0,0,0,0,0,0,0,0
10859,0.0048467,1.73258e-05,3.54196e-08,1.09422e-08,2.21139e-09,2.93156e-13,3.76734e-25,5.55017e-46,0.00486407
10860,0.00406089,1.21197e-05,2.06446e-08,6.37726e-09,1.28871e-09,1.42277e-13,1.07577e-25,1.16648e-46,0.00407304
10861,0,0,0,0,0,0,0,0,0
10862,0.00377526,1.04296e-05,1.63292e-08,5.04331e-09,1.01892e-09,1.02276e-13,5.1497e-26,3.40895e-47,0.00378571
10863,0,0,0,0,0,0,0,0,0
10864,0,0,0,0,0,0,0,0,0
10865,0,0,0,0,0,0,0,0,0
10866,0,0,0,0,0,0,0,0,0
10867,0,0,0,0,0,0,0,0,0
10868,0.00492932,1.79509e-05,3.74946e-08,1.15724e-08,2.33594e-09,3.17497e-13,4.64944e-25,7.96423e-46,0.00494732
10869,0,0,0,0,0,0,0,0,0
10870,0,0,0,0,0,0,0,0,0
10871,0,0,0,0,0,0,0,0,0
10872,0,0,0,0,0,0,0,0,0
10873,0.0054952,2.23729e-05,5.23825e-08,1.61587e-08,3.25944e-09,4.97564e-13,1.05188e-24,2.31271e-45,0.00551765
10874,0,0,0,0,0,0,0,0,0
10875,0,0,0,0,0,0,0,0,0
10876,0,0,0,0,0,0,0,0,0
10877,0,0,0,0,0,0,0,0,0
10878,0,0,0,0,0,0,0,0,0
10879,0.0055231,2.25884e-05,5.30537e-08,1.63561e-08,3.29673e-09,5.03337e-13,1.04145e-24,2.15505e-45,0.00554576
10880,0,0,0,0,0,0,0,0,0
10881,0,0,0,0,0,0,0,0,0
10882,0,0,0,0,0,0,0,0,0
10883,0,0,0,0,0,0,0,0,0
10884,0,0,0,0,0,0,0,0,0
10885,0,0,0,0,0,0,0,0,0
10886,0,0,0,0,0,0,0,0,0
10887,0,0,0,0,0,0,0,0,0
10888,0,0,0,0,0,0,0,0,0
10889,0,0,0,0,0,0,0,0,0
10890,0,0,0,0,0,0,0,0,0
10891,0,0,0,0,0,0,0,0,0
10892,0,0,0,0,0,0,0,0,0
10893,0,0,0,0,0,0,0,0,0
10894,0,0,0,0,0,0,0,0,0
10895,0,0,0,0,0,0,0,0,0
10896,0,0,0,0,0,0,0,0,0
10897,0,0,0,0,0,0,0,0,0
10898,0,0,0,0,0,0,0,0,0
10899,0,0,0,0,0,0,0,0,0
10900,0,0,0,0,0,0,0,0,0
10901,0,0,0,0,0,0,0,0,0
10902,0,0,0,0,0,0,0,0,0
10903,0,0,0,0,0,0,0,0,0
10904,0,0,0,0,0,0,0,0,0
10905,0,0,0,0,0,0,0,0,0
10906,0.00501216,1.85153e-05,3.89963e-08,1.1988e-08,2.40738e-09,3.25042e-13,4.20892e-25,4.96819e-46,0.00503072
10907,0,0,0,0,0,0,0,0,0
10908,0,0,0,0,0,0,0,0,0
10909,0,0,0,0,0,0,0,0,0
10910,0,0,0,0,0,0,0,0,0
10911,0,0,0,0,0,0,0,0,0
10912,0,0,0,0,0,0,0,0,0
10913,0,0,0,0,0,0,0,0,0
10914,0,0,0,0,0,0,0,0,0
10915,0,0,0,0,0,0,0,0,0
10916,0,0,0,0,0,0,0,0,0
10917,0,0,0,0,0,0,0,0,0
10918,0,0,0,0,0,0,0,0,0
10919,0,0,0,0,0,0,0,0,0
10920,0.00490604,1.77486e-05,3.66745e-08,1.12578e-08,2.25648e-09,2.99454e-13,3.9171e-25,5.13678e-46,0.00492383
10921,0.00498865,1.83796e-05,3.87846e-08,1.1904e-08,2.38563e-09,3.24626e-13,4.78298e-25,7.192e-46,0.00500709
10922,0,0,0,0,0,0,0,0,0
10923,0.00379815,1.05633e-05,1.66648e-08,5.1136e-09,1.02446e-09,1.02996e-13,5.56385e-26,3.77127e-47,0.00380874
10924,0,0,0,0,0,0,0,0,0
10925,0,0,0,0,0,0,0,0,0
10926,0,0,0,0,0,0,0,0,0
10927,0,0,0,0,0,0,0,0,0
10928,0,0,0,0,0,0,0,0,0
10929,0.00487132,1.75124e-05,3.6028e-08,1.10491e-08,2.21201e-09,2.92878e-13,3.95928e-25,5.4907e-46,0.00488888
10930,0,0,0,0,0,0,0,0,0
10931,0,0,0,0,0,0,0,0,0
10932,0,0,0,0,0,0,0,0,0
10933,0,0,0,0,0,0,0,0,0
10934,0,0,0,0,0,0,0,0,0
10935,0,0,0,0,0,0,0,0,0
10936,0,0,0,0,0,0,0,0,0
10937,0,0,0,0,0,0,0,0,0
10938,0,0,0,0,0,0,0,0,0
10939,0,0,0,0,0,0,0,0,0
10940,0,0,0,0,0,0,0,0,0
10941,0,0,0,0,0,0,0,0,0
10942,0,0,0,0,0,0,0,0,0
10943,0,0,0,0,0,0,0,0,0
10944,0,0,0,0,0,0,0,0,0
10945,0,0,0,0,0,0,0,0,0
10946,0.0051111,1.92976e-05,4.17133e-08,1.27686e-08,2.55003e-09,3.53949e-13,5.53836e-25,8.10607e-46,0.00513045
10947,0.00411602,1.2441e-05,2.14045e-08,6.55144e-09,1.30826e-09,1.43645e-13,1.06782e-25,9.1071e-47,0.00412849
10948,0,0,0,0,0,0,0,0,0
10949,0,0,0,0,0,0,0,0,0
10950,0,0,0,0,0,0,0,0,0
10951,0,0,0,0,0,0,0,0,0
10952,0,0,0,0,0,0,0,0,0
10953,0,0,0,0,0,0,0,0,0
10954,0,0,0,0,0,0,0,0,0
10955,0,0,0,0,0,0,0,0,0
10956,0,0,0,0,0,0,0,0,0
10957,0.00737599,4.05675e-05,1.288e-07,3.93804e-08,7.85294e-09,1.61131e-12,8.56441e-24,2.87528e-44,0.00741673
10958,0,0,0,0,0,0,0,0,0
10959,0,0,0,0,0,0,0,0,0
10960,0,0,0,0,0,0,0,0,0
10961,0,0,0,0,0,0,0,0,0
10962,0,0,0,0,0,0,0,0,0
10963,0,0,0,0,0,0,0,0,0
10964,0,0,0,0,0,0,0,0,0
10965,0,0,0,0,0,0,0,0,0
10966,0,0,0,0,0,0,0,0,0
10967,0,0,0,0,0,0,0,0,0
10968,0,0,0,0,0,0,0,0,0
10969,0,0,0,0,0,0,0,0,0
10970,0,0,0,0,0,0,0,0,0
10971,0,0,0,0,0,0,0,0,0
10972,0,0,0,0,0,0,0,0,0
10973,0,0,0,0,0,0,0,0,0
10974,0,0,0,0,0,0,0,0,0
10975,0,0,0,0,0,0,0,0,0
10976,0,0,0,0,0,0,0,0,0
10977,0,0,0,0,0,0,0,0,0
10978,0.00447241,1.47169e-05,2.76002e-08,8.42023e-09,1.67434e-09,1.9978e-13,1.93981e-25,1.85982e-46,0.00448717
10979,0,0,0,0,0,0,0,0,0
10980,0,0,0,0,0,0,0,0,0
10981,0,0,0,0,0,0,0,0,0
10982,0,0,0,0,0,0,0,0,0
10983,0,0,0,0,0,0,0,0,0
10984,0,0,0,0,0,0,0,0,0
10985,0,0,0,0,0,0,0,0,0
10986,0,0,0,0,0,0,0,0,0
10987,0,0,0,0,0,0,0,0,0
10988,0,0,0,0,0,0,0,0,0
10989,0,0,0,0,0,0,0,0,0
10990,0,0,0,0,0,0,0,0,0
10991,0,0,0,0,0,0,0,0,0
10992,0,0,0,0,0,0,0,0,0
10993,0,0,0,0,0,0,0,0,0
10994,0,0,0,0,0,0,0,0,0
10995,0,0,0,0,0,0,0,0,0
10996,0,0,0,0,0,0,0,0,0
10997,0,0,0,0,0,0,0,0,0
10998,0.00550496,2.23976e-05,5.20876e-08,1.58583e-08,3.14506e-09,4.6494e-13,8.63019e-25,1.20142e-45,0.00552743
10999,0,0,0,0,0,0,0,0,0
11000,0,0,0,0,0,0,0,0,0
11001,0,0,0,0,0,0,0,0,0
11002,0,0,0,0,0,0,0,0,0
11003,0,0,0,0,0,0,0,0,0
11004,0,0,0,0,0,0,0,0,0
11005,0,0,0,0,0,0,0,0,0
11006,0,0,0,0,0,0,0,0,0
11007,0.00456457,1.5301e-05,2.90891e-08,8.84749e-09,1.75239e-09,2.09435e-13,1.88302e-25,1.38825e-46,0.00457991
11008,0,0,0,0,0,0,0,0,0
11009,0,0,0,0,0,0,0,0,0
11010,0,0,0,0,0,0,0,0,0
11011,0,0,0,0,0,0,0,0,0
11012,0,0,0,0,0,0,0,0,0
11013,0,0,0,0,0,0,0,0,0
11014,0.0050616,1.88992e-05,4.02752e-08,1.22404e-08,2.422e-09,3.27043e-13,4.65707e-25,5.28581e-46,0.00508055
11015,0,0,0,0,0,0,0,0,0
11016,0.00434785,1.38906e-05,2.52393e-08,7.66941e-09,1.51723e-09,1.74058e-13,1.49162e-25,1.18397e-46,0.00436177
11017,0,0,0,0,0,0,0,0,0
11018,0,0,0,0,0,0,0,0,0
11019,0,0,0,0,0,0,0,0,0
11020,0,0,0,0,0,0,0,0,0
11021,0.00404731,1.20108e-05,2.02238e-08,6.14232e-09,1.21434e-09,1.28674e-13,8.53191e-26,5.5272e-47,0.00405935
11022,0,0,0,0,0,0,0,0,0
11023,0,0,0,0,0,0,0,0,0
11024,0,0,0,0,0,0,0,0,0
11025,0,0,0,0,0,0,0,0,0
11026,0,0,0,0,0,0,0,0,0
11027,0,0,0,0,0,0,0,0,0
11028,0,0,0,0,0,0,0,0,0
11029,0,0,0,0,0,0,0,0,0
11030,0,0,0,0,0,0,0,0,0
11031,0,0,0,0,0,0,0,0,0
11032,0,0,0,0,0,0,0,0,0
11033,0,0,0,0,0,0,0,0,0
11034,0,0,0,0,0,0,0,0,0
11035,0,0,0,0,0,0,0,0,0
11036,0,0,0,0,0,0,0,0,0
11037,0,0,0,0,0,0,0,0,0
11038,0,0,0,0,0,0,0,0,0
11039,0,0,0,0,0,0,0,0,0
11040,0,0,0,0,0,0,0,0,0
11041,0,0,0,0,0,0,0,0,0
11042,0,0,0,0,0,0,0,0,0
11043,0,0,0,0,0,0,0,0,0
11044,0,0,0,0,0,0,0,0,0
11045,0,0,0,0,0,0,0,0,0
11046,0,0,0,0,0,0,0,0,0
11047,0,0,0,0,0,0,0,0,0
11048,0,0,0,0,0,0,0,0,0
11049,0,0,0,0,0,0,0,0,0
11050,0,0,0,0,0,0,0,0,0
11051,0,0,0,0,0,0,0,0,0
11052,0,0,0,0,0,0,0,0,0
11053,0,0,0,0,0,0,0,0,0
11054,0,0,0,0,0,0,0,0,0
11055,0,0,0,0,0,0,0,0,0
11056,0,0,0,0,0,0,0,0,0
11057,0,0,0,0,0,0,0,0,0
11058,0,0,0,0,0,0,0,0,0
11059,0,0,0,0,0,0,0,0,0
11060,0,0,0,0,0,0,0,0,0
11061,0,0,0,0,0,0,0,0,0
11062,0,0,0,0,0,0,0,0,0
11063,0.00407226,1.21402e-05,2.0456e-08,6.18506e-09,1.21573e-09,1.27412e-13,7.794e-26,3.97574e-47,0.00408443
11064,0,0,0,0,0,0,0,0,0
11065,0,0,0,0,0,0,0,0,0
11066,0,0,0,0,0,0,0,0,0
11067,0,0,0,0,0,0,0,0,0
11068,0.00417176,1.27608e-05,2.21197e-08,6.68465e-09,1.31306e-09,1.42036e-13,9.99012e-26,5.91375e-47,0.00418455
11069,0,0,0,0,0,0,0,0,0
11070,0,0,0,0,0,0,0,0,0
11071,0,0,0,0,0,0,0,0,0
11072,0,0,0,0,0,0,0,0,0
11073,0,0,0,0,0,0,0,0,0
11074,0,0,0,0,0,0,0,0,0
11075,0,0,0,0,0,0,0,0,0
11076,0,0,0,0,0,0,0,0,0
11077,0,0,0,0,0,0,0,0,0
11078,0,0,0,0,0,0,0,0,0
11079,0,0,0,0,0,0,0,0,0
11080,0,0,0,0,0,0,0,0,0
11081,0,0,0,0,0,0,0,0,0
11082,0,0,0,0,0,0,0,0,0
11083,0,0,0,0,0,0,0,0,0
11084,0,0,0,0,0,0,0,0,0
11085,0,0,0,0,0,0,0,0,0
11086,0,0,0,0,0,0,0,0,0
11087,0,0,0,0,0,0,0,0,0
11088,0,0,0,0,0,0,0,0,0
11089,0,0,0,0,0,0,0,0,0
11090,0,0,0,0,0,0,0,0,0
11091,0,0,0,0,0,0,0,0,0
11092,0,0,0,0,0,0,0,0,0
11093,0,0,0,0,0,0,0,0,0
11094,0.00530661,2.07793e-05,4.63757e-08,1.39773e-08,2.73604e-09,3.82005e-13,6.06748e-25,6.0868e-46,0.00532745
11095,0,0,0,0,0,0,0,0,0
11096,0,0,0,0,0,0,0,0,0
11097,0,0,0,0,0,0,0,0,0
11098,0.0048328,1.71882e-05,3.47454e-08,1.0467e-08,2.04766e-09,2.58007e-13,2.95158e-25,2.30146e-46,0.00485003
11099,0,0,0,0,0,0,0,0,0
11100,0,0,0,0,0,0,0,0,0
11101,0,0,0,0,0,0,0,0,0
11102,0,0,0,0,0,0,0,0,0
11103,0,0,0,0,0,0,0,0,0
11104,0.0028196,5.72528e-06,6.41226e-09,1.93043e-09,3.7733e-10,2.52305e-14,2.61604e-27,1.00488e-49,0.00282533
11105,0,0,0,0,0,0,0,0,0
11106,0,0,0,0,0,0,0,0,0
11107,0,0,0,0,0,0,0,0,0
11108,0,0,0,0,0,0,0,0,0
11109,0,0,0,0,0,0,0,0,0
11110,0,0,0,0,0,0,0,0,0
11111,0,0,0,0,0,0,0,0,0
11112,0,0,0,0,0,0,0,0,0
11113,0,0,0,0,0,0,0,0,0
11114,0.00625329,2.89641e-05,7.66741e-08,2.30593e-08,4.50128e-09,7.44992e-13,2.00075e-24,2.7261e-45,0.00628236
11115,0,0,0,0,0,0,0,0,0
11116,0.00501217,1.85049e-05,3.88585e-08,1.16844e-08,2.28031e-09,2.9799e-13,3.85031e-25,3.15629e-46,0.00503073
11117,0,0,0,0,0,0,0,0,0
11118,0,0,0,0,0,0,0,0,0
11119,0,0,0,0,0,0,0,0,0
11120,0,0,0,0,0,0,0,0,0
11121,0.00435522,1.39169e-05,2.51933e-08,7.57147e-09,1.47666e-09,1.65538e-13,1.31317e-25,7.46302e-47,0.00436917
11122,0,0,0,0,0,0,0,0,0
11123,0,0,0,0,0,0,0,0,0
11124,0,0,0,0,0,0,0,0,0
11125,0,0,0,0,0,0,0,0,0
11126,0.0065439,3.17528e-05,8.81249e-08,2.64703e-08,5.15888e-09,8.94351e-13,2.78188e-24,4.08567e-45,0.00657577
11127,0,0,0,0,0,0,0,0,0
11128,0,0,0,0,0,0,0,0,0
11129,0,0,0,0,0,0,0,0,0
11130,0,0,0,0,0,0,0,0,0
11131,0.00498729,1.83114e-05,3.81964e-08,1.1467e-08,2.23331e-09,2.88857e-13,3.58459e-25,2.71603e-46,0.00500565
11132,0,0,0,0,0,0,0,0,0
11133,0,0,0,0,0,0,0,0,0
11134,0,0,0,0,0,0,0,0,0
11135,0,0,0,0,0,0,0,0,0
11136,0,0,0,0,0,0,0,0,0
11137,0,0,0,0,0,0,0,0,0
11138,0,0,0,0,0,0,0,0,0
11139,0,0,0,0,0,0,0,0,0
11140,0,0,0,0,0,0,0,0,0
11141,0,0,0,0,0,0,0,0,0
11142,0,0,0,0,0,0,0,0,0
11143,0,0,0,0,0,0,0,0,0
11144,0,0,0,0,0,0,0,0,0
11145,0.00526222,2.03972e-05,4.489e-08,1.34569e-08,2.61592e-09,3.55705e-13,5.03505e-25,3.88862e-46,0.00528267
11146,0,0,0,0,0,0,0,0,0
11147,0,0,0,0,0,0,0,0,0
11148,0,0,0,0,0,0,0,0,0
11149,0,0,0,0,0,0,0,0,0
11150,0,0,0,0,0,0,0,0,0
11151,0,0,0,0,0,0,0,0,0
11152,0,0,0,0,0,0,0,0,0
11153,0,0,0,0,0,0,0,0,0
11154,0.00411284,1.23758e-05,2.10028e-08,6.28976e-09,1.22109e-09,1.26988e-13,7.70925e-26,3.17917e-47,0.00412524
11155,0,0,0,0,0,0,0,0,0
11156,0,0,0,0,0,0,0,0,0
11157,0,0,0,0,0,0,0,0,0
11158,0,0,0,0,0,0,0,0,0
11159,0,0,0,0,0,0,0,0,0
11160,0,0,0,0,0,0,0,0,0
11161,0,0,0,0,0,0,0,0,0
11162,0,0,0,0,0,0,0,0,0
11163,0,0,0,0,0,0,0,0,0
11164,0,0,0,0,0,0,0,0,0
11165,0,0,0,0,0,0,0,0,0
11166,0,0,0,0,0,0,0,0,0
11167,0.00353686,9.10457e-06,1.3132e-08,3.92736e-09,7.61126e-10,6.65987e-14,2.23194e-26,5.29416e-48,0.00354598
11168,0,0,0,0,0,0,0,0,0
11169,0,0,0,0,0,0,0,0,0
11170,0,0,0,0,0,0,0,0,0
11171,0.00451009,1.49175e-05,2.78851e-08,8.3357e-09,1.61451e-09,1.84897e-13,1.52948e-25,7.57121e-47,0.00452505
11172,0,0,0,0,0,0,0,0,0
11173,0,0,0,0,0,0,0,0,0
11174,0,0,0,0,0,0,0,0,0
11175,0,0,0,0,0,0,0,0,0
11176,0,0,0,0,0,0,0,0,0
11177,0.00276161,5.47223e-06,5.9349e-09,1.77312e-09,3.43176e-10,2.17463e-14,1.72691e-27,3.89213e-50,0.00276709
11178,0,0,0,0,0,0,0,0,0
11179,0,0,0,0,0,0,0,0,0
11180,0,0,0,0,0,0,0,0,0
11181,0,0,0,0,0,0,0,0,0
11182,0,0,0,0,0,0,0,0,0
11183,0.00849492,2.641e-05,4.62781e-08,1.38168e-08,2.67186e-09,2.85381e-13,1.86044e-25,7.30317e-47,0.00852139
11184,0,0,0,0,0,0,0,0,0
11185,0.00570414,2.40183e-05,5.75223e-08,1.71701e-08,3.31933e-09,4.89499e-13,9.13756e-25,7.97956e-46,0.00572824
11186,0,0,0,0,0,0,0,0,0
11187,0,0,0,0,0,0,0,0,0
11188,0,0,0,0,0,0,0,0,0
11189,0,0,0,0,0,0,0,0,0
11190,0,0,0,0,0,0,0,0,0
11191,0,0,0,0,0,0,0,0,0
11192,0,0,0,0,0,0,0,0,0
11193,0,0,0,0,0,0,0,0,0
11194,0,0,0,0,0,0,0,0,0
11195,0,0,0,0,0,0,0,0,0
11196,0,0,0,0,0,0,0,0,0
11197,0,0,0,0,0,0,0,0,0
11198,0,0,0,0,0,0,0,0,0
11199,0,0,0,0,0,0,0,0,0
11200,0,0,0,0,0,0,0,0,0
11201,0,0,0,0,0,0,0,0,0
11202,0,0,0,0,0,0,0,0,0
11203,0,0,0,0,0,0,0,0,0
11204,0,0,0,0,0,0,0,0,0
11205,0,0,0,0,0,0,0,0,0
11206,0,0,0,0,0,0,0,0,0
11207,0,0,0,0,0,0,0,0,0
11208,0,0,0,0,0,0,0,0,0
11209,0,0,0,0,0,0,0,0,0
11210,0,0,0,0,0,0,0,0,0
11211,0,0,0,0,0,0,0,0,0
11212,0,0,0,0,0,0,0,0,0
11213,0,0,0,0,0,0,0,0,0
11214,0,0,0,0,0,0,0,0,0
11215,0,0,0,0,0,0,0,0,0
11216,0,0,0,0,0,0,0,0,0
11217,0,0,0,0,0,0,0,0,0
11218,0,0,0,0,0,0,0,0,0
11219,0,0,0,0,0,0,0,0,0
11220,0,0,0,0,0,0,0,0,0
11221,0,0,0,0,0,0,0,0,0
11222,0,0,0,0,0,0,0,0,0
11223,0,0,0,0,0,0,0,0,0
11224,0,0,0,0,0,0,0,0,0
11225,0.00561338,2.32295e-05,5.45374e-08,1.62115e-08,3.11724e-09,4.46706e-13,7.52216e-25,5.41084e-46,0.00563668
11226,0,0,0,0,0,0,0,0,0
11227,0,0,0,0,0,0,0,0,0
11228,0,0,0,0,0,0,0,0,0
11229,0,0,0,0,0,0,0,0,0
11230,0,0,0,0,0,0,0,0,0
11231,0,0,0,0,0,0,0,0,0
11232,0.00363596,9.61933e-06,1.42337e-08,4.22785e-09,8.12164e-10,7.20895e-14,2.53757e-26,5.40079e-48,0.0036456
11233,0.00379464,1.0466e-05,1.60819e-08,4.7765e-09,9.1748e-10,8.39182e-14,2.87826e-26,4.49347e-48,0.00380513
11234,0,0,0,0,0,0,0,0,0
11235,0,0,0,0,0,0,0,0,0
11236,0,0,0,0,0,0,0,0,0
11237,0,0,0,0,0,0,0,0,0
11238,0,0,0,0,0,0,0,0,0
11239,0.00379631,1.05211e-05,1.64012e-08,4.86811e-09,9.34281e-10,8.80429e-14,4.0724e-26,1.17009e-47,0.00380685
11240,0,0,0,0,0,0,0,0,0
11241,0,0,0,0,0,0,0,0,0
11242,0,0,0,0,0,0,0,0,0
11243,0.00302029,6.58003e-06,7.91241e-09,2.34747e-09,4.50263e-10,3.17974e-14,4.39572e-27,2.5079e-49,0.00302688
11244,0,0,0,0,0,0,0,0,0
11245,0,0,0,0,0,0,0,0,0
11246,0,0,0,0,0,0,0,0,0
11247,0,0,0,0,0,0,0,0,0
11248,0,0,0,0,0,0,0,0,0
11249,0,0,0,0,0,0,0,0,0
11250,0,0,0,0,0,0,0,0,0
11251,0,0,0,0,0,0,0,0,0
11252,0.00449561,1.48061e-05,2.74845e-08,8.14641e-09,1.56062e-09,1.74966e-13,1.3594e-25,5.25082e-47,0.00451045
11253,0,0,0,0,0,0,0,0,0
11254,0,0,0,0,0,0,0,0,0
11255,0,0,0,0,0,0,0,0,0
11256,0,0,0,0,0,0,0,0,0
11257,0,0,0,0,0,0,0,0,0
11258,0,0,0,0,0,0,0,0,0
11259,0.00493508,1.78914e-05,3.66636e-08,1.08594e-08,2.07845e-09,2.57848e-13,2.79118e-25,1.36464e-46,0.00495303
11260,0,0,0,0,0,0,0,0,0
11261,0,0,0,0,0,0,0,0,0
11262,0,0,0,0,0,0,0,0,0
11263,0,0,0,0,0,0,0,0,0
11264,0,0,0,0,0,0,0,0,0
11265,0.00307607,6.82245e-06,8.33668e-09,2.46756e-09,4.71871e-10,3.36405e-14,4.48258e-27,1.56944e-49,0.00308291
11266,0,0,0,0,0,0,0,0,0
11267,0,0,0,0,0,0,0,0,0
11268,0,0,0,0,0,0,0,0,0
11269,0,0,0,0,0,0,0,0,0
11270,0,0,0,0,0,0,0,0,0
11271,0,0,0,0,0,0,0,0,0
11272,0,0,0,0,0,0,0,0,0
11273,0,0,0,0,0,0,0,0,0
11274,0,0,0,0,0,0,0,0,0
11275,0,0,0,0,0,0,0,0,0
11276,0,0,0,0,0,0,0,0,0
11277,0,0,0,0,0,0,0,0,0
11278,0,0,0,0,0,0,0,0,0
11279,0,0,0,0,0,0,0,0,0
11280,0,0,0,0,0,0,0,0,0
11281,0,0,0,0,0,0,0,0,0
11282,0,0,0,0,0,0,0,0,0
11283,0,0,0,0,0,0,0,0,0
11284,0,0,0,0,0,0,0,0,0
11285,0,0,0,0,0,0,0,0,0
11286,0.00317262,7.27803e-06,9.24818e-09,2.7315e-09,5.20903e-10,3.88877e-14,7.12428e-27,6.39045e-49,0.00317991
11287,0,0,0,0,0,0,0,0,0
11288,0,0,0,0,0,0,0,0,0
11289,0,0,0,0,0,0,0,0,0
11290,0,0,0,0,0,0,0,0,0
11291,0,0,0,0,0,0,0,0,0
11292,0,0,0,0,0,0,0,0,0
11293,0.00513886,1.94105e-05,4.14311e-08,1.22271e-08,2.32931e-09,2.99386e-13,3.61767e-25,1.74478e-46,0.00515833
11294,0,0,0,0,0,0,0,0,0
11295,0,0,0,0,0,0,0,0,0
11296,0,0,0,0,0,0,0,0,0
11297,0,0,0,0,0,0,0,0,0
11298,0,0,0,0,0,0,0,0,0
11299,0,0,0,0,0,0,0,0,0
11300,0,0,0,0,0,0,0,0,0
11301,0,0,0,0,0,0,0,0,0
11302,0,0,0,0,0,0,0,0,0
11303,0,0,0,0,0,0,0,0,0
11304,0,0,0,0,0,0,0,0,0
11305,0,0,0,0,0,0,0,0,0
11306,0,0,0,0,0,0,0,0,0
11307,0,0,0,0,0,0,0,0,0
11308,0,0,0,0,0,0,0,0,0
11309,0,0,0,0,0,0,0,0,0
11310,0,0,0,0,0,0,0,0,0
11311,0,0,0,0,0,0,0,0,0
11312,0,0,0,0,0,0,0,0,0
11313,0,0,0,0,0,0,0,0,0
11314,0.00459209,1.54386e-05,2.91843e-08,8.5941e-09,1.63262e-09,1.84183e-13,1.43848e-25,4.64428e-47,0.00460757
11315,0,0,0,0,0,0,0,0,0
11316,0,0,0,0,0,0,0,0,0
11317,0,0,0,0,0,0,0,0,0
11318,0,0,0,0,0,0,0,0,0
11319,0,0,0,0,0,0,0,0,0
11320,0,0,0,0,0,0,0,0,0
11321,0,0,0,0,0,0,0,0,0
11322,0,0,0,0,0,0,0,0,0
11323,0,0,0,0,0,0,0,0,0
11324,0,0,0,0,0,0,0,0,0
11325,0,0,0,0,0,0,0,0,0
11326,0,0,0,0,0,0,0,0,0
11327,0.003677,9.84856e-06,1.47748e-08,4.34474e-09,8.2388e-10,7.34333e-14,2.83391e-26,5.64154e-48,0.00368687
11328,0,0,0,0,0,0,0,0,0
11329,0,0,0,0,0,0,0,0,0
11330,0,0,0,0,0,0,0,0,0
11331,0,0,0,0,0,0,0,0,0
11332,0,0,0,0,0,0,0,0,0
11333,0,0,0,0,0,0,0,0,0
11334,0,0,0,0,0,0,0,0,0
11335,0,0,0,0,0,0,0,0,0
11336,0,0,0,0,0,0,0,0,0
11337,0,0,0,0,0,0,0,0,0
11338,0,0,0,0,0,0,0,0,0
11339,0,0,0,0,0,0,0,0,0
11340,0,0,0,0,0,0,0,0,0
11341,0,0,0,0,0,0,0,0,0
11342,0,0,0,0,0,0,0,0,0
11343,0,0,0,0,0,0,0,0,0
11344,0,0,0,0,0,0,0,0,0
11345,0,0,0,0,0,0,0,0,0
11346,0,0,0,0,0,0,0,0,0
11347,0,0,0,0,0,0,0,0,0
11348,0,0,0,0,0,0,0,0,0
11349,0,0,0,0,0,0,0,0,0
11350,0,0,0,0,0,0,0,0,0
11351,0,0,0,0,0,0,0,0,0
11352,0,0,0,0,0,0,0,0,0
11353,0,0,0,0,0,0,0,0,0
11354,0,0,0,0,0,0,0,0,0
11355,0,0,0,0,0,0,0,0,0
11356,0,0,0,0,0,0,0,0,0
11357,0,0,0,0,0,0,0,0,0
11358,0,0,0,0,0,0,0,0,0
11359,0,0,0,0,0,0,0,0,0
11360,0,0,0,0,0,0,0,0,0
11361,0,0,0,0,0,0,0,0,0
11362,0,0,0,0,0,0,0,0,0
11363,0,0,0,0,0,0,0,0,0
11364,0,0,0,0,0,0,0,0,0
11365,0,0,0,0,0,0,0,0,0
11366,0,0,0,0,0,0,0,0,0
11367,0,0,0,0,0,0,0,0,0
11368,0.00393038,1.12644e-05,1.80795e-08,5.29378e-09,9.98307e-10,9.46e-14,4.39919e-26,8.9153e-48,0.00394167
11369,0,0,0,0,0,0,0,0,0
11370,0.00451476,1.4913e-05,2.76628e-08,8.09818e-09,1.52676e-09,1.67555e-13,1.22363e-25,3.34865e-47,0.00452971
11371,0,0,0,0,0,0,0,0,0
11372,0,0,0,0,0,0,0,0,0
11373,0.00556463,2.27451e-05,5.22993e-08,1.5305e-08,2.88417e-09,3.92009e-13,5.27664e-25,2.00375e-46,0.00558745
11374,0,0,0,0,0,0,0,0,0
11375,0,0,0,0,0,0,0,0,0
11376,0,0,0,0,0,0,0,0,0
11377,0,0,0,0,0,0,0,0,0
11378,0,0,0,0,0,0,0,0,0
11379,0,0,0,0,0,0,0,0,0
11380,0,0,0,0,0,0,0,0,0
11381,0.00398605,1.15897e-05,1.88753e-08,5.51912e-09,1.03894e-09,9.97451e-14,4.85755e-26,9.89476e-48,0.00399767
11382,0,0,0,0,0,0,0,0,0
11383,0,0,0,0,0,0,0,0,0
11384,0.00353077,9.06201e-06,1.29818e-08,3.79472e-09,7.14054e-10,6.00466e-14,1.91384e-26,2.83774e-48,0.00353985
11385,0,0,0,0,0,0,0,0,0
11386,0,0,0,0,0,0,0,0,0
11387,0,0,0,0,0,0,0,0,0
11388,0,0,0,0,0,0,0,0,0
11389,0,0,0,0,0,0,0,0,0
11390,0,0,0,0,0,0,0,0,0
11391,0,0,0,0,0,0,0,0,0
11392,0,0,0,0,0,0,0,0,0
11393,0,0,0,0,0,0,0,0,0
11394,0,0,0,0,0,0,0,0,0
11395,0,0,0,0,0,0,0,0,0
11396,0,0,0,0,0,0,0,0,0
11397,0,0,0,0,0,0,0,0,0
11398,0,0,0,0,0,0,0,0,0
11399,0,0,0,0,0,0,0,0,0
11400,0,0,0,0,0,0,0,0,0
11401,0,0,0,0,0,0,0,0,0
11402,0,0,0,0,0,0,0,0,0
11403,0,0,0,0,0,0,0,0,0
11404,0.0047636,1.6622e-05,3.25916e-08,9.50648e-09,1.7839e-09,2.061e-13,1.7845e-25,5.09889e-47,0.00478027
11405,0.00471737,1.62883e-05,3.15597e-08,9.20451e-09,1.727e-09,1.96737e-13,1.5998e-25,4.24851e-47,0.0047337
11406,0,0,0,0,0,0,0,0,0
11407,0,0,0,0,0,0,0,0,0
11408,0.00508624,1.89728e-05,3.97877e-08,1.16006e-08,2.17569e-09,2.68651e-13,2.82041e-25,8.94336e-47,0.00510527
11409,0,0,0,0,0,0,0,0,0
11410,0,0,0,0,0,0,0,0,0
11411,0,0,0,0,0,0,0,0,0
11412,0,0,0,0,0,0,0,0,0
11413,0,0,0,0,0,0,0,0,0
11414,0,0,0,0,0,0,0,0,0
11415,0.000955887,2.73673e-07,2.06521e-10,6.01732e-11,1.12756e-11,1.04224e-14,4.07596e-26,1.61552e-47,0.000956161
11416,0,0,0,0,0,0,0,0,0
11417,0,0,0,0,0,0,0,0,0
11418,0,0,0,0,0,0,0,0,0
11419,0,0,0,0,0,0,0,0,0
11420,0.00298284,6.42566e-06,7.65807e-09,2.23018e-09,4.17634e-10,2.87471e-14,4.57814e-27,3.41374e-49,0.00298928
11421,0,0,0,0,0,0,0,0,0
11422,0,0,0,0,0,0,0,0,0
11423,0,0,0,0,0,0,0,0,0
11424,0,0,0,0,0,0,0,0,0
11425,0,0,0,0,0,0,0,0,0
11426,0,0,0,0,0,0,0,0,0
11427,0,0,0,0,0,0,0,0,0
11428,0,0,0,0,0,0,0,0,0
11429,0,0,0,0,0,0,0,0,0
11430,0,0,0,0,0,0,0,0,0
11431,0,0,0,0,0,0,0,0,0
11432,0,0,0,0,0,0,0,0,0
11433,0,0,0,0,0,0,0,0,0
11434,0,0,0,0,0,0,0,0,0
11435,0,0,0,0,0,0,0,0,0
11436,0,0,0,0,0,0,0,0,0
11437,0.00584648,2.51505e-05,6.09696e-08,1.7723e-08,3.31106e-09,4.71756e-13,7.75957e-25,3.1352e-46,0.00587172
11438,0,0,0,0,0,0,0,0,0
11439,0.00399507,1.16318e-05,1.8925e-08,5.49991e-09,1.02719e-09,9.74391e-14,4.54012e-26,7.63859e-48,0.00400673
11440,0,0,0,0,0,0,0,0,0
11441,0,0,0,0,0,0,0,0,0
11442,0,0,0,0,0,0,0,0,0
11443,0,0,0,0,0,0,0,0,0
11444,0,0,0,0,0,0,0,0,0
11445,0,0,0,0,0,0,0,0,0
11446,0,0,0,0,0,0,0,0,0
11447,0,0,0,0,0,0,0,0,0
11448,0,0,0,0,0,0,0,0,0
11449,0,0,0,0,0,0,0,0,0
11450,0,0,0,0,0,0,0,0,0
11451,0,0,0,0,0,0,0,0,0
11452,0,0,0,0,0,0,0,0,0
11453,0,0,0,0,0,0,0,0,0
11454,0.00349864,8.87266e-06,1.24808e-08,3.6217e-09,6.75102e-10,5.47138e-14,1.45365e-26,1.42616e-48,0.00350753
11455,0,0,0,0,0,0,0,0,0
11456,0,0,0,0,0,0,0,0,0
11457,0,0,0,0,0,0,0,0,0
11458,0,0,0,0,0,0,0,0,0
11459,0,0,0,0,0,0,0,0,0
11460,0,0,0,0,0,0,0,0,0
11461,0,0,0,0,0,0,0,0,0
11462,0,0,0,0,0,0,0,0,0
11463,0,0,0,0,0,0,0,0,0
11464,0,0,0,0,0,0,0,0,0
11465,0,0,0,0,0,0,0,0,0
11466,0,0,0,0,0,0,0,0,0
11467,0,0,0,0,0,0,0,0,0
11468,0,0,0,0,0,0,0,0,0
11469,0,0,0,0,0,0,0,0,0
11470,0.00300833,6.54252e-06,7.88469e-09,2.28402e-09,4.24801e-10,2.94608e-14,5.09798e-27,3.89187e-49,0.00301488
11471,0.00475394,1.65125e-05,3.20415e-08,9.28066e-09,1.72584e-09,1.93866e-13,1.44592e-25,2.85678e-47,0.0047705
11472,0,0,0,0,0,0,0,0,0
11473,0,0,0,0,0,0,0,0,0
11474,0,0,0,0,0,0,0,0,0
11475,0,0,0,0,0,0,0,0,0
11476,0,0,0,0,0,0,0,0,0
11477,0,0,0,0,0,0,0,0,0
11478,0.00347996,8.76931e-06,1.22305e-08,3.54002e-09,6.57714e-10,5.25035e-14,1.29298e-26,1.06253e-48,0.00348874
11479,0,0,0,0,0,0,0,0,0
11480,0,0,0,0,0,0,0,0,0
11481,0,0,0,0,0,0,0,0,0
11482,0,0,0,0,0,0,0,0,0
11483,0.003273,7.76154e-06,1.02194e-08,2.95616e-09,5.48814e-10,4.15933e-14,9.57038e-27,8.70567e-49,0.00328077
11484,0,0,0,0,0,0,0,0,0
11485,0,0,0,0,0,0,0,0,0
11486,0,0,0,0,0,0,0,0,0
11487,0,0,0,0,0,0,0,0,0
11488,0,0,0,0,0,0,0,0,0
11489,0,0,0,0,0,0,0,0,0
11490,0,0,0,0,0,0,0,0,0
11491,0,0,0,0,0,0,0,0,0
11492,0,0,0,0,0,0,0,0,0
11493,0,0,0,0,0,0,0,0,0
11494,0,0,0,0,0,0,0,0,0
11495,0,0,0,0,0,0,0,0,0
11496,0,0,0,0,0,0,0,0,0
11497,0,0,0,0,0,0,0,0,0
11498,0,0,0,0,0,0,0,0,0
11499,0,0,0,0,0,0,0,0,0
11500,0,0,0,0,0,0,0,0,0
11501,0,0,0,0,0,0,0,0,0
11502,0,0,0,0,0,0,0,0,0
11503,0,0,0,0,0,0,0,0,0
11504,0,0,0,0,0,0,0,0,0
11505,0.00462423,1.56281e-05,2.95444e-08,8.52732e-09,1.57857e-09,1.72485e-13,1.24664e-25,2.39725e-47,0.0046399
11506,0,0,0,0,0,0,0,0,0
11507,0,0,0,0,0,0,0,0,0
11508,0,0,0,0,0,0,0,0,0
11509,0.00447763,1.46396e-05,2.67485e-08,7.71701e-09,1.42777e-09,1.50548e-13,9.72577e-26,1.70832e-47,0.00449231
11510,0,0,0,0,0,0,0,0,0
11511,0,0,0,0,0,0,0,0,0
11512,0,0,0,0,0,0,0,0,0
11513,0,0,0,0,0,0,0,0,0
11514,0,0,0,0,0,0,0,0,0
11515,0.0031949,7.36971e-06,9.37305e-09,2.70244e-09,4.99588e-10,3.60313e-14,6.44032e-27,3.88606e-49,0.00320228
11516,0,0,0,0,0,0,0,0,0
11517,0,0,0,0,0,0,0,0,0
11518,0,0,0,0,0,0,0,0,0
11519,0,0,0,0,0,0,0,0,0
11520,0,0,0,0,0,0,0,0,0
11521,0,0,0,0,0,0,0,0,0
11522,0,0,0,0,0,0,0,0,0
11523,0.00376324,1.02847e-05,1.56108e-08,4.4969e-09,8.3037e-10,7.20739e-14,2.46685e-26,2.57655e-48,0.00377355
11524,0,0,0,0,0,0,0,0,0
11525,0.00572943,2.41127e-05,5.69856e-08,1.64126e-08,3.02997e-09,4.14087e-13,5.97733e-25,1.75278e-46,0.00575362
11526,0,0,0,0,0,0,0,0,0
11527,0,0,0,0,0,0,0,0,0
11528,0,0,0,0,0,0,0,0,0
11529,0,0,0,0,0,0,0,0,0
11530,0,0,0,0,0,0,0,0,0
11531,0,0,0,0,0,0,0,0,0
11532,0,0,0,0,0,0,0,0,0
11533,0,0,0,0,0,0,0,0,0
11534,0,0,0,0,0,0,0,0,0
11535,0,0,0,0,0,0,0,0,0
11536,0,0,0,0,0,0,0,0,0
11537,0,0,0,0,0,0,0,0,0
11538,0,0,0,0,0,0,0,0,0
11539,0.00357365,9.26848e-06,1.33528e-08,3.84003e-09,7.0755e-10,5.82351e-14,1.74261e-26,1.65925e-48,0.00358293
11540,0,0,0,0,0,0,0,0,0
11541,0,0,0,0,0,0,0,0,0
11542,0,0,0,0,0,0,0,0,0
11543,0,0,0,0,0,0,0,0,0
11544,0,0,0,0,0,0,0,0,0
11545,0,0,0,0,0,0,0,0,0
11546,0,0,0,0,0,0,0,0,0
11547,0,0,0,0,0,0,0,0,0
11548,0,0,0,0,0,0,0,0,0
11549,0.00451114,1.48535e-05,2.72947e-08,7.84101e-09,1.44275e-09,1.51883e-13,9.74269e-26,1.52758e-47,0.00452603
11550,0,0,0,0,0,0,0,0,0
11551,0,0,0,0,0,0,0,0,0
11552,0,0,0,0,0,0,0,0,0
11553,0,0,0,0,0,0,0,0,0
11554,0,0,0,0,0,0,0,0,0
11555,0,0,0,0,0,0,0,0,0
11556,0,0,0,0,0,0,0,0,0
11557,0,0,0,0,0,0,0,0,0
11558,0.00396064,1.14066e-05,1.82615e-08,5.24096e-09,9.63144e-10,8.78483e-14,3.56298e-26,3.89751e-48,0.00397207
11559,0,0,0,0,0,0,0,0,0
11560,0,0,0,0,0,0,0,0,0
11561,0,0,0,0,0,0,0,0,0
11562,0,0,0,0,0,0,0,0,0
11563,0,0,0,0,0,0,0,0,0
11564,0,0,0,0,0,0,0,0,0
11565,0.00371902,1.00408e-05,1.50464e-08,4.31534e-09,7.92356e-10,6.74896e-14,2.21619e-26,2.06516e-48,0.00372908
11566,0,0,0,0,0,0,0,0,0
11567,0,0,0,0,0,0,0,0,0
11568,0,0,0,0,0,0,0,0,0
11569,0,0,0,0,0,0,0,0,0
11570,0,0,0,0,0,0,0,0,0
11571,0,0,0,0,0,0,0,0,0
11572,0.0031477,7.15966e-06,8.99706e-09,2.57849e-09,4.72997e-10,3.3589e-14,6.19297e-27,3.73008e-49,0.00315487
11573,0,0,0,0,0,0,0,0,0
11574,0,0,0,0,0,0,0,0,0
11575,0,0,0,0,0,0,0,0,0
11576,0,0,0,0,0,0,0,0,0
11577,0,0,0,0,0,0,0,0,0
11578,0,0,0,0,0,0,0,0,0
11579,0,0,0,0,0,0,0,0,0
11580,0,0,0,0,0,0,0,0,0
11581,0,0,0,0,0,0,0,0,0
11582,0,0,0,0,0,0,0,0,0
11583,0,0,0,0,0,0,0,0,0
11584,0,0,0,0,0,0,0,0,0
11585,0,0,0,0,0,0,0,0,0
11586,0.00781458,2.2301e-05,3.5526e-08,1.01668e-08,1.86153e-09,1.69041e-13,7.00274e-26,7.47615e-48,0.00783693
11587,0,0,0,0,0,0,0,0,0
11588,0,0,0,0,0,0,0,0,0
11589,0,0,0,0,0,0,0,0,0
11590,0,0,0,0,0,0,0,0,0
11591,0,0,0,0,0,0,0,0,0
11592,0,0,0,0,0,0,0,0,0
11593,0,0,0,0,0,0,0,0,0
11594,0,0,0,0,0,0,0,0,0
11595,0,0,0,0,0,0,0,0,0
11596,0,0,0,0,0,0,0,0,0
11597,0,0,0,0,0,0,0,0,0
11598,0,0,0,0,0,0,0,0,0
11599,0,0,0,0,0,0,0,0,0
11600,0,0,0,0,0,0,0,0,0
11601,0,0,0,0,0,0,0,0,0
11602,0,0,0,0,0,0,0,0,0
11603,0,0,0,0,0,0,0,0,0
11604,0,0,0,0,0,0,0,0,0
11605,0.00726885,1.91868e-05,2.80988e-08,8.02523e-09,1.46564e-09,1.21245e-13,3.6538e-26,2.89055e-48,0.00728807
11606,0.00356728,9.22516e-06,1.32155e-08,3.77405e-09,6.89152e-10,5.56936e-14,1.56325e-26,1.18575e-48,0.00357652
11607,0,0,0,0,0,0,0,0,0
11608,0,0,0,0,0,0,0,0,0
11609,0,0,0,0,0,0,0,0,0
11610,0,0,0,0,0,0,0,0,0
11611,0,0,0,0,0,0,0,0,0
11612,0,0,0,0,0,0,0,0,0
11613,0,0,0,0,0,0,0,0,0
11614,0,0,0,0,0,0,0,0,0
11615,0,0,0,0,0,0,0,0,0
11616,0,0,0,0,0,0,0,0,0
11617,0,0,0,0,0,0,0,0,0
11618,0,0,0,0,0,0,0,0,0
11619,0,0,0,0,0,0,0,0,0
11620,0,0,0,0,0,0,0,0,0
11621,0,0,0,0,0,0,0,0,0
11622,0,0,0,0,0,0,0,0,0
11623,0,0,0,0,0,0,0,0,0
11624,0,0,0,0,0,0,0,0,0
11625,0,0,0,0,0,0,0,0,0
11626,0,0,0,0,0,0,0,0,0
11627,0,0,0,0,0,0,0,0,0
11628,0,0,0,0,0,0,0,0,0
11629,0,0,0,0,0,0,0,0,0
11630,0,0,0,0,0,0,0,0,0
11631,0,0,0,0,0,0,0,0,0
11632,0,0,0,0,0,0,0,0,0
11633,0,0,0,0,0,0,0,0,0
11634,0,0,0,0,0,0,0,0,0
11635,0.00488497,1.7424e-05,3.46069e-08,9.85282e-09,1.79211e-09,2.00806e-13,1.53511e-25,2.12268e-47,0.00490244
11636,0,0,0,0,0,0,0,0,0
11637,0,0,0,0,0,0,0,0,0
11638,0,0,0,0,0,0,0,0,0
11639,0,0,0,0,0,0,0,0,0
11640,0,0,0,0,0,0,0,0,0
11641,0,0,0,0,0,0,0,0,0
11642,0,0,0,0,0,0,0,0,0
11643,0.00284201,5.81328e-06,6.53189e-09,1.85808e-09,3.37588e-10,2.10862e-14,2.567e-27,9.44406e-50,0.00284783
11644,0.0062672,1.42566e-05,1.79787e-08,5.11357e-09,9.28907e-10,6.57561e-14,1.24739e-26,6.57185e-49,0.00628148
11645,0,0,0,0,0,0,0,0,0
11646,0,0,0,0,0,0,0,0,0
11647,0,0,0,0,0,0,0,0,0
11648,0,0,0,0,0,0,0,0,0
11649,0,0,0,0,0,0,0,0,0
11650,0,0,0,0,0,0,0,0,0
11651,0,0,0,0,0,0,0,0,0
11652,0,0,0,0,0,0,0,0,0
11653,0,0,0,0,0,0,0,0,0
11654,0,0,0,0,0,0,0,0,0
11655,0.00334036,8.05912e-06,1.07054e-08,3.04125e-09,5.51611e-10,4.07204e-14,8.20655e-27,4.05216e-49,0.00334843
11656,0,0,0,0,0,0,0,0,0
11657,0,0,0,0,0,0,0,0,0
11658,0,0,0,0,0,0,0,0,0
11659,0,0,0,0,0,0,0,0,0
11660,0.00446139,1.45001e-05,2.6186e-08,7.43557e-09,1.34783e-09,1.36603e-13,7.73739e-26,8.27298e-48,0.00447593
11661,0,0,0,0,0,0,0,0,0
11662,0,0,0,0,0,0,0,0,0
11663,0,0,0,0,0,0,0,0,0
11664,0,0,0,0,0,0,0,0,0
11665,0,0,0,0,0,0,0,0,0
11666,0,0,0,0,0,0,0,0,0
11667,0,0,0,0,0,0,0,0,0
11668,0,0,0,0,0,0,0,0,0
11669,0,0,0,0,0,0,0,0,0
11670,0,0,0,0,0,0,0,0,0
11671,0,0,0,0,0,0,0,0,0
11672,0,0,0,0,0,0,0,0,0
11673,0,0,0,0,0,0,0,0,0
11674,0,0,0,0,0,0,0,0,0
11675,0,0,0,0,0,0,0,0,0
11676,0,0,0,0,0,0,0,0,0
11677,0,0,0,0,0,0,0,0,0
11678,0,0,0,0,0,0,0,0,0
11679,0.00277757,5.51583e-06,5.93237e-09,1.68119e-09,3.03972e-10,1.76715e-14,1.31469e-27,1.80128e-50,0.0027831
11680,0,0,0,0,0,0,0,0,0
11681,0,0,0,0,0,0,0,0,0
11682,0,0,0,0,0,0,0,0,0
11683,0,0,0,0,0,0,0,0,0
11684,0,0,0,0,0,0,0,0,0
11685,0,0,0,0,0,0,0,0,0
11686,0,0,0,0,0,0,0,0,0
11687,0,0,0,0,0,0,0,0,0
11688,0,0,0,0,0,0,0,0,0
11689,0.00386659,1.08461e-05,1.68279e-08,4.76376e-09,8.60131e-10,7.42396e-14,2.5358e-26,1.75414e-48,0.00387746
11690,0,0,0,0,0,0,0,0,0
11691,0,0,0,0,0,0,0,0,0
11692,0,0,0,0,0,0,0,0,0
11693,0,0,0,0,0,0,0,0,0
11694,0,0,0,0,0,0,0,0,0
11695,0,0,0,0,0,0,0,0,0
11696,0,0,0,0,0,0,0,0,0
11697,0,0,0,0,0,0,0,0,0
11698,0,0,0,0,0,0,0,0,0
11699,0,0,0,0,0,0,0,0,0
11700,0,0,0,0,0,0,0,0,0
11701,0,0,0,0,0,0,0,0,0
11702,0,0,0,0,0,0,0,0,0
11703,0,0,0,0,0,0,0,0,0
11704,0.00958945,2.42879e-05,3.66484e-08,1.03579e-08,1.86632e-09,1.65307e-13,7.35217e-26,6.19459e-48,0.00961378
11705,0,0,0,0,0,0,0,0,0
11706,0,0,0,0,0,0,0,0,0
11707,0,0,0,0,0,0,0,0,0
11708,0,0,0,0,0,0,0,0,0
11709,0,0,0,0,0,0,0,0,0
11710,0,0,0,0,0,0,0,0,0
11711,0,0,0,0,0,0,0,0,0
11712,0,0,0,0,0,0,0,0,0
11713,0,0,0,0,0,0,0,0,0
11714,0,0,0,0,0,0,0,0,0
11715,0.00287117,5.9312e-06,6.72039e-09,1.89721e-09,3.41339e-10,2.12536e-14,2.59429e-27,8.05883e-50,0.00287711
11716,0,0,0,0,0,0,0,0,0
11717,0,0,0,0,0,0,0,0,0
11718,0,0,0,0,0,0,0,0,0
11719,0,0,0,0,0,0,0,0,0
11720,0,0,0,0,0,0,0,0,0
11721,0,0,0,0,0,0,0,0,0
11722,0,0,0,0,0,0,0,0,0
11723,0,0,0,0,0,0,0,0,0
11724,0,0,0,0,0,0,0,0,0
11725,0,0,0,0,0,0,0,0,0
11726,0,0,0,0,0,0,0,0,0
11727,0,0,0,0,0,0,0,0,0
11728,0,0,0,0,0,0,0,0,0
11729,0,0,0,0,0,0,0,0,0
11730,0,0,0,0,0,0,0,0,0
11731,0,0,0,0,0,0,0,0,0
11732,0,0,0,0,0,0,0,0,0
11733,0,0,0,0,0,0,0,0,0
11734,0,0,0,0,0,0,0,0,0
11735,0,0,0,0,0,0,0,0,0
11736,0,0,0,0,0,0,0,0,0
11737,0,0,0,0,0,0,0,0,0
11738,0.00269316,5.19671e-06,5.46065e-09,1.5379e-09,2.75843e-10,1.57115e-14,1.31668e-27,2.48815e-50,0.00269836
11739,0,0,0,0,0,0,0,0,0
11740,0,0,0,0,0,0,0,0,0
11741,0,0,0,0,0,0,0,0,0
11742,0,0,0,0,0,0,0,0,0
11743,0,0,0,0,0,0,0,0,0
11744,0,0,0,0,0,0,0,0,0
11745,0,0,0,0,0,0,0,0,0
11746,0,0,0,0,0,0,0,0,0
11747,0,0,0,0,0,0,0,0,0
11748,0,0,0,0,0,0,0,0,0
11749,0,0,0,0,0,0,0,0,0
11750,0.00390521,1.10555e-05,1.72711e-08,4.85798e-09,8.6993e-10,7.47459e-14,2.49846e-26,1.43769e-48,0.00391629
11751,0,0,0,0,0,0,0,0,0
11752,0,0,0,0,0,0,0,0,0
11753,0,0,0,0,0,0,0,0,0
11754,0,0,0,0,0,0,0,0,0
11755,0,0,0,0,0,0,0,0,0
11756,0,0,0,0,0,0,0,0,0
11757,0,0,0,0,0,0,0,0,0
11758,0,0,0,0,0,0,0,0,0
11759,0,0,0,0,0,0,0,0,0
11760,0,0,0,0,0,0,0,0,0
11761,0,0,0,0,0,0,0,0,0
11762,0,0,0,0,0,0,0,0,0
11763,0,0,0,0,0,0,0,0,0
11764,0,0,0,0,0,0,0,0,0
11765,0,0,0,0,0,0,0,0,0
11766,0,0,0,0,0,0,0,0,0
11767,0,0,0,0,0,0,0,0,0
11768,0,0,0,0,0,0,0,0,0
11769,0,0,0,0,0,0,0,0,0
11770,0,0,0,0,0,0,0,0,0
11771,0,0,0,0,0,0,0,0,0
11772,0,0,0,0,0,0,0,0,0
11773,0,0,0,0,0,0,0,0,0
11774,0,0,0,0,0,0,0,0,0
11775,0,0,0,0,0,0,0,0,0
11776,0,0,0,0,0,0,0,0,0
11777,0,0,0,0,0,0,0,0,0
11778,0,0,0,0,0,0,0,0,0
11779,0,0,0,0,0,0,0,0,0
11780,0,0,0,0,0,0,0,0,0
11781,0,0,0,0,0,0,0,0,0
11782,0,0,0,0,0,0,0,0,0
11783,0,0,0,0,0,0,0,0,0
11784,0,0,0,0,0,0,0,0,0
11785,0,0,0,0,0,0,0,0,0
11786,0,0,0,0,0,0,0,0,0
11787,0,0,0,0,0,0,0,0,0
11788,0,0,0,0,0,0,0,0,0
11789,0,0,0,0,0,0,0,0,0
11790,0,0,0,0,0,0,0,0,0
11791,0,0,0,0,0,0,0,0,0
11792,0,0,0,0,0,0,0,0,0
11793,0,0,0,0,0,0,0,0,0
11794,0,0,0,0,0,0,0,0,0
11795,0,0,0,0,0,0,0,0,0
11796,0,0,0,0,0,0,0,0,0
11797,0.00466561,1.58394e-05,2.97359e-08,8.32235e-09,1.48076e-09,1.52102e-13,8.81776e-26,6.53181e-48,0.00468149
11798,0,0,0,0,0,0,0,0,0
11799,0,0,0,0,0,0,0,0,0
11800,0,0,0,0,0,0,0,0,0
11801,0,0,0,0,0,0,0,0,0
11802,0,0,0,0,0,0,0,0,0
11803,0,0,0,0,0,0,0,0,0
11804,0,0,0,0,0,0,0,0,0
11805,0,0,0,0,0,0,0,0,0
11806,0,0,0,0,0,0,0,0,0
11807,0,0,0,0,0,0,0,0,0
11808,0,0,0,0,0,0,0,0,0
11809,0,0,0,0,0,0,0,0,0
11810,0,0,0,0,0,0,0,0,0
11811,0.00264526,5.01318e-06,5.17405e-09,1.44596e-09,2.56789e-10,1.42441e-14,1.16785e-27,2.01055e-50,0.00265028
11812,0.00620221,1.44112e-05,1.90334e-08,5.3188e-09,9.44481e-10,6.9813e-14,1.69363e-26,7.19458e-49,0.00621665
11813,0,0,0,0,0,0,0,0,0
11814,0,0,0,0,0,0,0,0,0
11815,0,0,0,0,0,0,0,0,0
11816,0,0,0,0,0,0,0,0,0
11817,0,0,0,0,0,0,0,0,0
11818,0,0,0,0,0,0,0,0,0
11819,0,0,0,0,0,0,0,0,0
11820,0,0,0,0,0,0,0,0,0
11821,0,0,0,0,0,0,0,0,0
11822,0,0,0,0,0,0,0,0,0
11823,0,0,0,0,0,0,0,0,0
11824,0,0,0,0,0,0,0,0,0
11825,0,0,0,0,0,0,0,0,0
11826,0,0,0,0,0,0,0,0,0
11827,0,0,0,0,0,0,0,0,0
11828,0,0,0,0,0,0,0,0,0
11829,0,0,0,0,0,0,0,0,0
11830,0.00352162,8.94566e-06,1.24412e-08,3.47001e-09,6.14671e-10,4.60328e-14,9.52582e-27,2.93794e-49,0.00353058
11831,0,0,0,0,0,0,0,0,0
11832,0,0,0,0,0,0,0,0,0
11833,0,0,0,0,0,0,0,0,0
11834,0,0,0,0,0,0,0,0,0
11835,0,0,0,0,0,0,0,0,0
11836,0,0,0,0,0,0,0,0,0
11837,0.00423774,1.29985e-05,2.18583e-08,6.0925e-09,1.07829e-09,9.74838e-14,3.42947e-26,1.35028e-48,0.00425077
11838,0,0,0,0,0,0,0,0,0
11839,0,0,0,0,0,0,0,0,0
11840,0.0033928,8.30283e-06,1.11364e-08,3.10283e-09,5.48893e-10,3.96907e-14,7.68573e-27,2.36384e-49,0.00340111
11841,0,0,0,0,0,0,0,0,0
11842,0,0,0,0,0,0,0,0,0
11843,0,0,0,0,0,0,0,0,0
11844,0.00380213,1.04566e-05,1.57995e-08,4.40052e-09,7.781e-10,6.3491e-14,1.78804e-26,7.05334e-49,0.00381261
11845,0,0,0,0,0,0,0,0,0
11846,0,0,0,0,0,0,0,0,0
11847,0,0,0,0,0,0,0,0,0
11848,0,0,0,0,0,0,0,0,0
11849,0,0,0,0,0,0,0,0,0
11850,0,0,0,0,0,0,0,0,0
11851,0,0,0,0,0,0,0,0,0
11852,0,0,0,0,0,0,0,0,0
11853,0,0,0,0,0,0,0,0,0
11854,0.00308979,6.87148e-06,8.3621e-09,2.32653e-09,4.1081e-10,2.68741e-14,3.86948e-27,9.54401e-50,0.00309667
11855,0,0,0,0,0,0,0,0,0
11856,0,0,0,0,0,0,0,0,0
11857,0,0,0,0,0,0,0,0,0
11858,0,0,0,0,0,0,0,0,0
11859,0,0,0,0,0,0,0,0,0
11860,0.00196277,2.71909e-06,2.00351e-09,5.5708e-10,9.82891e-11,3.73234e-15,6.19718e-29,5.70011e-53,0.0019655
11861,0,0,0,0,0,0,0,0,0
11862,0,0,0,0,0,0,0,0,0
11863,0,0,0,0,0,0,0,0,0
11864,0,0,0,0,0,0,0,0,0
11865,0,0,0,0,0,0,0,0,0
11866,0.00275977,5.44096e-06,5.79462e-09,1.6102e-09,2.8387e-10,1.5907e-14,1.13697e-27,1.03275e-50,0.00276522
11867,0,0,0,0,0,0,0,0,0
11868,0,0,0,0,0,0,0,0,0
11869,0,0,0,0,0,0,0,0,0
11870,0,0,0,0,0,0,0,0,0
11871,0,0,0,0,0,0,0,0,0
11872,0,0,0,0,0,0,0,0,0
11873,0,0,0,0,0,0,0,0,0
11874,0.00339201,8.28957e-06,1.1074e-08,3.07442e-09,5.41365e-10,3.86594e-14,7.01116e-27,1.81148e-49,0.00340031
11875,0,0,0,0,0,0,0,0,0
11876,0,0,0,0,0,0,0,0,0
11877,0,0,0,0,0,0,0,0,0
11878,0,0,0,0,0,0,0,0,0
11879,0,0,0,0,0,0,0,0,0
11880,0.00314193,7.09458e-06,8.73128e-09,2.42252e-09,4.26237e-10,2.79199e-14,3.80089e-27,7.71153e-50,0.00314903
11881,0,0,0,0,0,0,0,0,0
11882,0,0,0,0,0,0,0,0,0
11883,0,0,0,0,0,0,0,0,0
11884,0,0,0,0,0,0,0,0,0
11885,0,0,0,0,0,0,0,0,0
11886,0,0,0,0,0,0,0,0,0
11887,0,0,0,0,0,0,0,0,0
11888,0,0,0,0,0,0,0,0,0
11889,0.00313083,7.04084e-06,8.62036e-09,2.38958e-09,4.1995e-10,2.72851e-14,3.55057e-27,6.5214e-50,0.00313788
11890,0,0,0,0,0,0,0,0,0
11891,0,0,0,0,0,0,0,0,0
11892,0,0,0,0,0,0,0,0,0
11893,0.00508258,1.88066e-05,3.83954e-08,1.06386e-08,1.86858e-09,2.05277e-13,1.44389e-25,9.33006e-48,0.00510144
11894,0.0037586,1.0211e-05,1.5217e-08,4.21606e-09,7.40463e-10,5.90903e-14,1.56413e-26,5.24286e-49,0.00376883
11895,0,0,0,0,0,0,0,0,0
11896,0,0,0,0,0,0,0,0,0
11897,0,0,0,0,0,0,0,0,0
11898,0,0,0,0,0,0,0,0,0
11899,0,0,0,0,0,0,0,0,0
11900,0.00241343,4.15335e-06,3.86261e-09,1.06951e-09,1.87684e-10,9.17761e-15,4.86085e-28,4.61855e-51,0.00241759
11901,0,0,0,0,0,0,0,0,0
11902,0,0,0,0,0,0,0,0,0
11903,0,0,0,0,0,0,0,0,0
11904,0,0,0,0,0,0,0,0,0
11905,0.00250714,4.47225e-06,4.28372e-09,1.18541e-09,2.07866e-10,1.03366e-14,4.78846e-28,2.40381e-51,0.00251162
11906,0,0,0,0,0,0,0,0,0
11907,0,0,0,0,0,0,0,0,0
11908,0,0,0,0,0,0,0,0,0
11909,0,0,0,0,0,0,0,0,0
11910,0,0,0,0,0,0,0,0,0
11911,0,0,0,0,0,0,0,0,0
11912,0,0,0,0,0,0,0,0,0
11913,0,0,0,0,0,0,0,0,0
11914,0,0,0,0,0,0,0,0,0
11915,0,0,0,0,0,0,0,0,0
11916,0,0,0,0,0,0,0,0,0
11917,0,0,0,0,0,0,0,0,0
11918,0,0,0,0,0,0,0,0,0
11919,0,0,0,0,0,0,0,0,0
11920,0,0,0,0,0,0,0,0,0
11921,0,0,0,0,0,0,0,0,0
11922,0,0,0,0,0,0,0,0,0
11923,0,0,0,0,0,0,0,0,0
11924,0,0,0,0,0,0,0,0,0
11925,0,0,0,0,0,0,0,0,0
11926,0,0,0,0,0,0,0,0,0
11927,0,0,0,0,0,0,0,0,0
11928,0,0,0,0,0,0,0,0,0
11929,0,0,0,0,0,0,0,0,0
11930,0,0,0,0,0,0,0,0,0
11931,0,0,0,0,0,0,0,0,0
11932,0,0,0,0,0,0,0,0,0
11933,0,0,0,0,0,0,0,0,0
11934,0,0,0,0,0,0,0,0,0
11935,0,0,0,0,0,0,0,0,0
11936,0,0,0,0,0,0,0,0,0
11937,0,0,0,0,0,0,0,0,0
11938,0,0,0,0,0,0,0,0,0
11939,0,0,0,0,0,0,0,0,0
11940,0,0,0,0,0,0,0,0,0
11941,0.00273254,5.34873e-06,5.68984e-09,1.5686e-09,2.73733e-10,1.53441e-14,1.34068e-27,1.81462e-50,0.0027379
11942,0.00278746,5.56635e-06,6.03801e-09,1.66442e-09,2.90416e-10,1.65808e-14,1.51152e-27,2.06034e-50,0.00279304
11943,0,0,0,0,0,0,0,0,0
11944,0,0,0,0,0,0,0,0,0
11945,0,0,0,0,0,0,0,0,0
11946,0,0,0,0,0,0,0,0,0
11947,0,0,0,0,0,0,0,0,0
11948,0,0,0,0,0,0,0,0,0
11949,0,0,0,0,0,0,0,0,0
11950,0,0,0,0,0,0,0,0,0
11951,0,0,0,0,0,0,0,0,0
11952,0,0,0,0,0,0,0,0,0
11953,0,0,0,0,0,0,0,0,0
11954,0,0,0,0,0,0,0,0,0
11955,0,0,0,0,0,0,0,0,0
11956,0,0,0,0,0,0,0,0,0
11957,0,0,0,0,0,0,0,0,0
11958,0,0,0,0,0,0,0,0,0
11959,0.00209239,3.09075e-06,2.42276e-09,6.66658e-10,1.16055e-10,4.60884e-15,8.58813e-29,4.7789e-53,0.00209549
11960,0,0,0,0,0,0,0,0,0
11961,0,0,0,0,0,0,0,0,0
11962,0,0,0,0,0,0,0,0,0
11963,0,0,0,0,0,0,0,0,0
11964,0,0,0,0,0,0,0,0,0
11965,0.00114611,8.11003e-07,2.00658e-10,5.51796e-11,9.59825e-12,7.78413e-18,1.61731e-28,4.85965e-51,0.00114692
11966,0,0,0,0,0,0,0,0,0
11967,0,0,0,0,0,0,0,0,0
11968,0,0,0,0,0,0,0,0,0
11969,0,0,0,0,0,0,0,0,0
11970,0,0,0,0,0,0,0,0,0
11971,0,0,0,0,0,0,0,0,0
11972,0,0,0,0,0,0,0,0,0
11973,0,0,0,0,0,0,0,0,0
11974,0.00396218,1.13445e-05,1.77705e-08,4.88227e-09,8.48244e-10,7.00956e-14,2.02893e-26,5.71939e-49,0.00397355
11975,0,0,0,0,0,0,0,0,0
11976,0.00593561,1.26483e-05,1.46589e-08,4.02651e-09,6.9937e-10,4.25044e-14,4.74916e-27,6.95142e-50,0.00594828
11977,0,0,0,0,0,0,0,0,0
11978,0,0,0,0,0,0,0,0,0
11979,0,0,0,0,0,0,0,0,0
11980,0,0,0,0,0,0,0,0,0
11981,0,0,0,0,0,0,0,0,0
11982,0.00316348,7.18585e-06,8.87183e-09,2.4354e-09,4.22671e-10,2.73044e-14,3.58835e-27,5.50424e-50,0.00317068
11983,0,0,0,0,0,0,0,0,0
11984,0,0,0,0,0,0,0,0,0
11985,0,0,0,0,0,0,0,0,0
11986,0,0,0,0,0,0,0,0,0
11987,0,0,0,0,0,0,0,0,0
11988,0,0,0,0,0,0,0,0,0
11989,0,0,0,0,0,0,0,0,0
11990,0,0,0,0,0,0,0,0,0
11991,0.00297529,6.34765e-06,7.35323e-09,2.01659e-09,3.49553e-10,2.11492e-14,2.29738e-27,3.08382e-50,0.00298165
11992,0,0,0,0,0,0,0,0,0
11993,0,0,0,0,0,0,0,0,0
11994,0,0,0,0,0,0,0,0,0
11995,0,0,0,0,0,0,0,0,0
11996,0,0,0,0,0,0,0,0,0
11997,0,0,0,0,0,0,0,0,0
11998,0,0,0,0,0,0,0,0,0
11999,0,0,0,0,0,0,0,0,0
12000,0,0,0,0,0,0,0,0,0
12001,0,0,0,0,0,0,0,0,0
12002,0,0,0,0,0,0,0,0,0
12003,0,0,0,0,0,0,0,0,0
12004,0,0,0,0,0,0,0,0,0
12005,0,0,0,0,0,0,0,0,0
12006,0,0,0,0,0,0,0,0,0
12007,0,0,0,0,0,0,0,0,0
12008,0,0,0,0,0,0,0,0,0
12009,0,0,0,0,0,0,0,0,0
12010,0.00201412,2.86925e-06,2.18148e-09,5.97032e-10,1.03215e-10,3.99823e-15,9.24991e-29,2.97598e-52,0.00201699
12011,0,0,0,0,0,0,0,0,0
12012,0,0,0,0,0,0,0,0,0
12013,0,0,0,0,0,0,0,0,0
12014,0,0,0,0,0,0,0,0,0
12015,0,0,0,0,0,0,0,0,0
12016,0.00524246,9.89258e-06,1.01827e-08,2.78512e-09,4.81117e-10,2.5913e-14,2.07861e-27,2.23904e-50,0.00525237
12017,0.00378851,1.03444e-05,1.5383e-08,4.20717e-09,7.26695e-10,5.63244e-14,1.28291e-26,2.55435e-49,0.00379888
12018,0,0,0,0,0,0,0,0,0
12019,0,0,0,0,0,0,0,0,0
12020,0,0,0,0,0,0,0,0,0
12021,0,0,0,0,0,0,0,0,0
12022,0,0,0,0,0,0,0,0,0
12023,0.00216638,3.3233e-06,2.72071e-09,7.43663e-10,1.28355e-10,5.33738e-15,1.47091e-28,4.39543e-52,0.0021697
12024,0,0,0,0,0,0,0,0,0
12025,0,0,0,0,0,0,0,0,0
12026,0,0,0,0,0,0,0,0,0
12027,0,0,0,0,0,0,0,0,0
12028,0,0,0,0,0,0,0,0,0
12029,0,0,0,0,0,0,0,0,0
12030,0,0,0,0,0,0,0,0,0
12031,0,0,0,0,0,0,0,0,0
12032,0,0,0,0,0,0,0,0,0
12033,0,0,0,0,0,0,0,0,0
12034,0.00279349,5.58295e-06,6.03981e-09,1.64899e-09,2.84191e-10,1.59102e-14,1.35462e-27,1.37458e-50,0.00279908
12035,0,0,0,0,0,0,0,0,0
12036,0,0,0,0,0,0,0,0,0
12037,0,0,0,0,0,0,0,0,0
12038,0.0033398,8.02173e-06,1.0486e-08,2.86167e-09,4.92923e-10,3.3529e-14,5.36669e-27,8.64872e-50,0.00334783
12039,0,0,0,0,0,0,0,0,0
12040,0,0,0,0,0,0,0,0,0
12041,0.00218036,3.37941e-06,2.81866e-09,7.68919e-10,1.32379e-10,5.67566e-15,2.10479e-28,1.17235e-51,0.00218374
12042,0,0,0,0,0,0,0,0,0
12043,0,0,0,0,0,0,0,0,0
12044,0,0,0,0,0,0,0,0,0
12045,0,0,0,0,0,0,0,0,0
12046,0,0,0,0,0,0,0,0,0
12047,0,0,0,0,0,0,0,0,0
12048,0,0,0,0,0,0,0,0,0
12049,0,0,0,0,0,0,0,0,0
12050,0,0,0,0,0,0,0,0,0
12051,0,0,0,0,0,0,0,0,0
12052,0,0,0,0,0,0,0,0,0
12053,0,0,0,0,0,0,0,0,0
12054,0,0,0,0,0,0,0,0,0
12055,0,0,0,0,0,0,0,0,0
12056,0.00258048,4.74501e-06,4.69378e-09,1.27847e-09,2.19667e-10,1.11143e-14,6.45862e-28,4.26997e-51,0.00258523
12057,0,0,0,0,0,0,0,0,0
12058,0,0,0,0,0,0,0,0,0
12059,0,0,0,0,0,0,0,0,0
12060,0,0,0,0,0,0,0,0,0
12061,0,0,0,0,0,0,0,0,0
12062,0,0,0,0,0,0,0,0,0
12063,0,0,0,0,0,0,0,0,0
12064,0.00215851,3.30816e-06,2.72208e-09,7.40779e-10,1.27139e-10,5.34323e-15,1.82158e-28,8.74342e-52,0.00216182
12065,0,0,0,0,0,0,0,0,0
12066,0,0,0,0,0,0,0,0,0
12067,0,0,0,0,0,0,0,0,0
12068,0,0,0,0,0,0,0,0,0
12069,0,0,0,0,0,0,0,0,0
12070,0,0,0,0,0,0,0,0,0
12071,0,0,0,0,0,0,0,0,0
12072,0.00252714,4.53072e-06,4.3292e-09,1.17722e-09,2.01844e-10,9.69174e-15,3.91202e-28,1.14922e-51,0.00253168
12073,0,0,0,0,0,0,0,0,0
12074,0,0,0,0,0,0,0,0,0
12075,0,0,0,0,0,0,0,0,0
12076,0.00359321,9.2964e-06,1.30901e-08,3.55788e-09,6.09657e-10,4.44092e-14,8.7481e-27,1.4618e-49,0.00360252
12077,0,0,0,0,0,0,0,0,0
12078,0,0,0,0,0,0,0,0,0
12079,0,0,0,0,0,0,0,0,0
12080,0,0,0,0,0,0,0,0,0
12081,0,0,0,0,0,0,0,0,0
12082,0,0,0,0,0,0,0,0,0
12083,0,0,0,0,0,0,0,0,0
12084,0,0,0,0,0,0,0,0,0
12085,0,0,0,0,0,0,0,0,0
12086,0,0,0,0,0,0,0,0,0
12087,0,0,0,0,0,0,0,0,0
12088,0,0,0,0,0,0,0,0,0
12089,0,0,0,0,0,0,0,0,0
12090,0,0,0,0,0,0,0,0,0
12091,0,0,0,0,0,0,0,0,0
12092,0,0,0,0,0,0,0,0,0
12093,0,0,0,0,0,0,0,0,0
12094,0,0,0,0,0,0,0,0,0
12095,0,0,0,0,0,0,0,0,0
12096,0,0,0,0,0,0,0,0,0
12097,0,0,0,0,0,0,0,0,0
12098,0,0,0,0,0,0,0,0,0
12099,0,0,0,0,0,0,0,0,0
12100,0,0,0,0,0,0,0,0,0
12101,0,0,0,0,0,0,0,0,0
12102,0.00150213,1.56232e-06,8.33978e-10,2.26068e-10,3.86045e-11,9.71946e-16,1.86666e-30,3.07099e-54,0.00150369
12103,0,0,0,0,0,0,0,0,0
12104,0,0,0,0,0,0,0,0,0
12105,0,0,0,0,0,0,0,0,0
12106,0,0,0,0,0,0,0,0,0
12107,0,0,0,0,0,0,0,0,0
12108,0,0,0,0,0,0,0,0,0
12109,0,0,0,0,0,0,0,0,0
12110,0.0037665,1.02235e-05,1.51045e-08,4.09083e-09,6.9779e-10,5.30836e-14,1.2008e-26,2.03138e-49,0.00377675
12111,0,0,0,0,0,0,0,0,0
12112,0,0,0,0,0,0,0,0,0
12113,0,0,0,0,0,0,0,0,0
12114,0,0,0,0,0,0,0,0,0
12115,0,0,0,0,0,0,0,0,0
12116,0,0,0,0,0,0,0,0,0
12117,0,0,0,0,0,0,0,0,0
12118,0,0,0,0,0,0,0,0,0
12119,0,0,0,0,0,0,0,0,0
12120,0,0,0,0,0,0,0,0,0
12121,0,0,0,0,0,0,0,0,0
12122,0,0,0,0,0,0,0,0,0
12123,0,0,0,0,0,0,0,0,0
12124,0,0,0,0,0,0,0,0,0
12125,0,0,0,0,0,0,0,0,0
12126,0.00199044,2.80071e-06,2.10045e-09,5.67913e-10,9.6661e-11,3.63572e-15,8.23854e-29,2.28899e-52,0.00199325
12127,0,0,0,0,0,0,0,0,0
12128,0,0,0,0,0,0,0,0,0
12129,0,0,0,0,0,0,0,0,0
12130,0,0,0,0,0,0,0,0,0
12131,0,0,0,0,0,0,0,0,0
12132,0,0,0,0,0,0,0,0,0
12133,0,0,0,0,0,0,0,0,0
12134,0,0,0,0,0,0,0,0,0
12135,0,0,0,0,0,0,0,0,0
12136,0,0,0,0,0,0,0,0,0
12137,0.00272666,5.28227e-06,5.45561e-09,1.47342e-09,2.50421e-10,1.28817e-14,6.42429e-28,1.6608e-51,0.00273195
12138,0,0,0,0,0,0,0,0,0
12139,0,0,0,0,0,0,0,0,0
12140,0,0,0,0,0,0,0,0,0
12141,0,0,0,0,0,0,0,0,0
12142,0,0,0,0,0,0,0,0,0
12143,0,0,0,0,0,0,0,0,0
12144,0,0,0,0,0,0,0,0,0
12145,0.00167288,1.88625e-06,1.0078e-09,2.71942e-10,4.61667e-11,9.33234e-16,5.53991e-29,2.48595e-51,0.00167477
12146,0,0,0,0,0,0,0,0,0
12147,0,0,0,0,0,0,0,0,0
12148,0,0,0,0,0,0,0,0,0
12149,0,0,0,0,0,0,0,0,0
12150,0,0,0,0,0,0,0,0,0
12151,0,0,0,0,0,0,0,0,0
12152,0,0,0,0,0,0,0,0,0
12153,0,0,0,0,0,0,0,0,0
12154,0.00250633,4.47343e-06,4.29105e-09,1.15676e-09,1.96136e-10,9.49696e-15,5.07866e-28,2.66143e-51,0.00251081
12155,0,0,0,0,0,0,0,0,0
12156,0,0,0,0,0,0,0,0,0
12157,0,0,0,0,0,0,0,0,0
12158,0,0,0,0,0,0,0,0,0
12159,0,0,0,0,0,0,0,0,0
12160,0,0,0,0,0,0,0,0,0
12161,0,0,0,0,0,0,0,0,0
12162,0,0,0,0,0,0,0,0,0
12163,0,0,0,0,0,0,0,0,0
12164,0,0,0,0,0,0,0,0,0
12165,0,0,0,0,0,0,0,0,0
12166,0,0,0,0,0,0,0,0,0
12167,0,0,0,0,0,0,0,0,0
12168,0.00281389,5.65797e-06,6.13585e-09,1.65171e-09,2.79544e-10,1.53385e-14,1.24174e-27,8.71623e-51,0.00281956
12169,0,0,0,0,0,0,0,0,0
12170,0,0,0,0,0,0,0,0,0
12171,0,0,0,0,0,0,0,0,0
12172,0,0,0,0,0,0,0,0,0
12173,0,0,0,0,0,0,0,0,0
12174,0,0,0,0,0,0,0,0,0
12175,0.00258565,4.76686e-06,4.72999e-09,1.27232e-09,2.1513e-10,1.07693e-14,6.56289e-28,3.72065e-51,0.00259043
12176,0,0,0,0,0,0,0,0,0
12177,0.00261338,4.87029e-06,4.88479e-09,1.31368e-09,2.22062e-10,1.12305e-14,7.03747e-28,4.02444e-51,0.00261826
12178,0,0,0,0,0,0,0,0,0
12179,0,0,0,0,0,0,0,0,0
12180,0,0,0,0,0,0,0,0,0
12181,0,0,0,0,0,0,0,0,0
12182,0,0,0,0,0,0,0,0,0
12183,0,0,0,0,0,0,0,0,0
12184,0,0,0,0,0,0,0,0,0
12185,0,0,0,0,0,0,0,0,0
12186,0,0,0,0,0,0,0,0,0
12187,0,0,0,0,0,0,0,0,0
12188,0,0,0,0,0,0,0,0,0
12189,0,0,0,0,0,0,0,0,0
12190,0,0,0,0,0,0,0,0,0
12191,0.00283937,5.74195e-06,6.21467e-09,1.66885e-09,2.81563e-10,1.51752e-14,1.00141e-27,4.28775e-51,0.00284512
12192,0,0,0,0,0,0,0,0,0
12193,0,0,0,0,0,0,0,0,0
12194,0,0,0,0,0,0,0,0,0
12195,0,0,0,0,0,0,0,0,0
12196,0,0,0,0,0,0,0,0,0
12197,0,0,0,0,0,0,0,0,0
12198,0,0,0,0,0,0,0,0,0
12199,0,0,0,0,0,0,0,0,0
12200,0,0,0,0,0,0,0,0,0
12201,0,0,0,0,0,0,0,0,0
12202,0,0,0,0,0,0,0,0,0
12203,0,0,0,0,0,0,0,0,0
12204,0,0,0,0,0,0,0,0,0
12205,0,0,0,0,0,0,0,0,0
12206,0,0,0,0,0,0,0,0,0
12207,0.00537445,1.13861e-05,1.40516e-08,3.76713e-09,6.34237e-10,4.1469e-14,6.53368e-27,6.67347e-50,0.00538586
12208,0,0,0,0,0,0,0,0,0
12209,0,0,0,0,0,0,0,0,0
12210,0,0,0,0,0,0,0,0,0
12211,0,0,0,0,0,0,0,0,0
12212,0,0,0,0,0,0,0,0,0
12213,0,0,0,0,0,0,0,0,0
12214,0,0,0,0,0,0,0,0,0
12215,0,0,0,0,0,0,0,0,0
12216,0.00282915,5.71742e-06,6.2239e-09,1.66696e-09,2.80301e-10,1.53152e-14,1.22872e-27,7.60339e-51,0.00283488
12217,0,0,0,0,0,0,0,0,0
12218,0,0,0,0,0,0,0,0,0
12219,0,0,0,0,0,0,0,0,0
12220,0,0,0,0,0,0,0,0,0
12221,0,0,0,0,0,0,0,0,0
12222,0,0,0,0,0,0,0,0,0
12223,0,0,0,0,0,0,0,0,0
12224,0,0,0,0,0,0,0,0,0
12225,0,0,0,0,0,0,0,0,0
12226,0,0,0,0,0,0,0,0,0
12227,0,0,0,0,0,0,0,0,0
12228,0,0,0,0,0,0,0,0,0
12229,0,0,0,0,0,0,0,0,0
12230,0,0,0,0,0,0,0,0,0
12231,0.00300837,6.47235e-06,7.50446e-09,2.00676e-09,3.36755e-10,1.95585e-14,1.88515e-27,1.26301e-50,0.00301485
12232,0,0,0,0,0,0,0,0,0
12233,0,0,0,0,0,0,0,0,0
12234,0,0,0,0,0,0,0,0,0
12235,0,0,0,0,0,0,0,0,0
12236,0,0,0,0,0,0,0,0,0
12237,0.00310687,6.90821e-06,8.28237e-09,2.21353e-09,3.71181e-10,2.22841e-14,2.37931e-27,1.68568e-50,0.00311379
12238,0,0,0,0,0,0,0,0,0
12239,0,0,0,0,0,0,0,0,0
12240,0,0,0,0,0,0,0,0,0
12241,0,0,0,0,0,0,0,0,0
12242,0,0,0,0,0,0,0,0,0
12243,0,0,0,0,0,0,0,0,0
12244,0,0,0,0,0,0,0,0,0
12245,0,0,0,0,0,0,0,0,0
12246,0,0,0,0,0,0,0,0,0
12247,0,0,0,0,0,0,0,0,0
12248,0,0,0,0,0,0,0,0,0
12249,0,0,0,0,0,0,0,0,0
12250,0,0,0,0,0,0,0,0,0
12251,0,0,0,0,0,0,0,0,0
12252,0,0,0,0,0,0,0,0,0
12253,0,0,0,0,0,0,0,0,0
12254,0,0,0,0,0,0,0,0,0
12255,0,0,0,0,0,0,0,0,0
12256,0,0,0,0,0,0,0,0,0
12257,0,0,0,0,0,0,0,0,0
12258,0,0,0,0,0,0,0,0,0
12259,0,0,0,0,0,0,0,0,0
12260,0,0,0,0,0,0,0,0,0
12261,0,0,0,0,0,0,0,0,0
12262,0,0,0,0,0,0,0,0,0
12263,0,0,0,0,0,0,0,0,0
12264,0,0,0,0,0,0,0,0,0
12265,0,0,0,0,0,0,0,0,0
12266,0,0,0,0,0,0,0,0,0
12267,0,0,0,0,0,0,0,0,0
12268,0,0,0,0,0,0,0,0,0
12269,0,0,0,0,0,0,0,0,0
12270,0,0,0,0,0,0,0,0,0
12271,0,0,0,0,0,0,0,0,0
12272,0,0,0,0,0,0,0,0,0
12273,0,0,0,0,0,0,0,0,0
12274,0,0,0,0,0,0,0,0,0
12275,0,0,0,0,0,0,0,0,0
12276,0,0,0,0,0,0,0,0,0
12277,0,0,0,0,0,0,0,0,0
12278,0,0,0,0,0,0,0,0,0
12279,0,0,0,0,0,0,0,0,0
12280,0,0,0,0,0,0,0,0,0
12281,0,0,0,0,0,0,0,0,0
12282,0,0,0,0,0,0,0,0,0
12283,0,0,0,0,0,0,0,0,0
12284,0,0,0,0,0,0,0,0,0
12285,0,0,0,0,0,0,0,0,0
12286,0,0,0,0,0,0,0,0,0
12287,0,0,0,0,0,0,0,0,0
12288,0,0,0,0,0,0,0,0,0
12289,0,0,0,0,0,0,0,0,0
12290,0,0,0,0,0,0,0,0,0
12291,0,0,0,0,0,0,0,0,0
12292,0,0,0,0,0,0,0,0,0
12293,0,0,0,0,0,0,0,0,0
12294,0,0,0,0,0,0,0,0,0
12295,0,0,0,0,0,0,0,0,0
12296,0,0,0,0,0,0,0,0,0
12297,0,0,0,0,0,0,0,0,0
12298,0.0016379,1.87564e-06,1.12323e-09,2.98273e-10,4.96069e-11,1.41659e-15,1.06134e-29,3.73072e-54,0.00163978
12299,0,0,0,0,0,0,0,0,0
12300,0,0,0,0,0,0,0,0,0
12301,0,0,0,0,0,0,0,0,0
12302,0,0,0,0,0,0,0,0,0
12303,0,0,0,0,0,0,0,0,0
12304,0.00316579,7.17026e-06,8.74127e-09,2.31976e-09,3.85493e-10,2.32673e-14,2.52967e-27,1.52712e-50,0.00317298
12305,0,0,0,0,0,0,0,0,0
12306,0,0,0,0,0,0,0,0,0
12307,0,0,0,0,0,0,0,0,0
12308,0,0,0,0,0,0,0,0,0
12309,0,0,0,0,0,0,0,0,0
12310,0,0,0,0,0,0,0,0,0
12311,0,0,0,0,0,0,0,0,0
12312,0,0,0,0,0,0,0,0,0
12313,0,0,0,0,0,0,0,0,0
12314,0,0,0,0,0,0,0,0,0
12315,0.00371631,9.91706e-06,1.42822e-08,3.78583e-09,6.28188e-10,4.4814e-14,8.11875e-27,6.70558e-50,0.00372625
12316,0,0,0,0,0,0,0,0,0
12317,0,0,0,0,0,0,0,0,0
12318,0,0,0,0,0,0,0,0,0
12319,0,0,0,0,0,0,0,0,0
12320,0,0,0,0,0,0,0,0,0
12321,0,0,0,0,0,0,0,0,0
12322,0.00263232,4.93078e-06,4.94305e-09,1.30926e-09,2.17034e-10,1.06789e-14,6.05177e-28,2.16752e-51,0.00263726
12323,0,0,0,0,0,0,0,0,0
12324,0,0,0,0,0,0,0,0,0
12325,0,0,0,0,0,0,0,0,0
12326,0,0,0,0,0,0,0,0,0
12327,0,0,0,0,0,0,0,0,0
12328,0,0,0,0,0,0,0,0,0
12329,0,0,0,0,0,0,0,0,0
12330,0.00361231,9.35849e-06,1.30619e-08,3.45711e-09,5.72531e-10,3.94182e-14,6.32626e-27,4.55914e-50,0.00362168
12331,0,0,0,0,0,0,0,0,0
12332,0,0,0,0,0,0,0,0,0
12333,0,0,0,0,0,0,0,0,0
12334,0,0,0,0,0,0,0,0,0
12335,0,0,0,0,0,0,0,0,0
12336,0,0,0,0,0,0,0,0,0
12337,0,0,0,0,0,0,0,0,0
12338,0,0,0,0,0,0,0,0,0
12339,0,0,0,0,0,0,0,0,0
12340,0,0,0,0,0,0,0,0,0
12341,0,0,0,0,0,0,0,0,0
12342,0.00382468,1.05106e-05,1.55929e-08,4.12154e-09,6.81409e-10,4.99099e-14,9.90345e-27,8.21868e-50,0.00383521
12343,0,0,0,0,0,0,0,0,0
12344,0,0,0,0,0,0,0,0,0
12345,0,0,0,0,0,0,0,0,0
12346,0,0,0,0,0,0,0,0,0
12347,0,0,0,0,0,0,0,0,0
12348,0,0,0,0,0,0,0,0,0
12349,0,0,0,0,0,0,0,0,0
12350,0,0,0,0,0,0,0,0,0
12351,0,0,0,0,0,0,0,0,0
12352,0,0,0,0,0,0,0,0,0
12353,0,0,0,0,0,0,0,0,0
12354,0,0,0,0,0,0,0,0,0
12355,0,0,0,0,0,0,0,0,0
12356,0,0,0,0,0,0,0,0,0
12357,0,0,0,0,0,0,0,0,0
12358,0,0,0,0,0,0,0,0,0
12359,0,0,0,0,0,0,0,0,0
12360,0,0,0,0,0,0,0,0,0
12361,0,0,0,0,0,0,0,0,0
12362,0,0,0,0,0,0,0,0,0
12363,0,0,0,0,0,0,0,0,0
12364,0,0,0,0,0,0,0,0,0
12365,0,0,0,0,0,0,0,0,0
12366,0,0,0,0,0,0,0,0,0
12367,0,0,0,0,0,0,0,0,0
12368,0,0,0,0,0,0,0,0,0
12369,0,0,0,0,0,0,0,0,0
12370,0,0,0,0,0,0,0,0,0
12371,0,0,0,0,0,0,0,0,0
12372,0,0,0,0,0,0,0,0,0
12373,0,0,0,0,0,0,0,0,0
12374,0,0,0,0,0,0,0,0,0
12375,0,0,0,0,0,0,0,0,0
12376,0,0,0,0,0,0,0,0,0
12377,0,0,0,0,0,0,0,0,0
12378,0,0,0,0,0,0,0,0,0
12379,0.00444042,6.97637e-06,5.82479e-09,1.53369e-09,2.52313e-10,1.01779e-14,3.03724e-28,5.82453e-52,0.00444741
12380,0,0,0,0,0,0,0,0,0
12381,0,0,0,0,0,0,0,0,0
12382,0,0,0,0,0,0,0,0,0
12383,0,0,0,0,0,0,0,0,0
12384,0,0,0,0,0,0,0,0,0
12385,0,0,0,0,0,0,0,0,0
12386,0,0,0,0,0,0,0,0,0
12387,0,0,0,0,0,0,0,0,0
12388,0,0,0,0,0,0,0,0,0
12389,0,0,0,0,0,0,0,0,0
12390,0.0021041,3.10967e-06,2.40629e-09,6.32849e-10,1.03957e-10,3.78449e-15,5.74518e-29,1.9123e-53,0.00210722
12391,0,0,0,0,0,0,0,0,0
12392,0,0,0,0,0,0,0,0,0
12393,0,0,0,0,0,0,0,0,0
12394,0.00204882,2.96342e-06,2.27232e-09,5.97344e-10,9.80674e-11,3.61653e-15,8.15141e-29,1.23098e-52,0.00205179
12395,0,0,0,0,0,0,0,0,0
12396,0,0,0,0,0,0,0,0,0
12397,0,0,0,0,0,0,0,0,0
12398,0,0,0,0,0,0,0,0,0
12399,0,0,0,0,0,0,0,0,0
12400,0.00412263,6.03691e-06,4.70626e-09,1.23642e-09,2.02827e-10,7.61047e-15,1.75621e-28,2.44126e-52,0.00412868
12401,0.00233804,3.87318e-06,3.41349e-09,8.96742e-10,1.47096e-10,6.253e-15,2.2221e-28,4.61524e-52,0.00234192
12402,0,0,0,0,0,0,0,0,0
12403,0,0,0,0,0,0,0,0,0
12404,0,0,0,0,0,0,0,0,0
12405,0,0,0,0,0,0,0,0,0
12406,0,0,0,0,0,0,0,0,0
12407,0,0,0,0,0,0,0,0,0
12408,0,0,0,0,0,0,0,0,0
12409,0,0,0,0,0,0,0,0,0
12410,0,0,0,0,0,0,0,0,0
12411,0,0,0,0,0,0,0,0,0
12412,0,0,0,0,0,0,0,0,0
12413,0,0,0,0,0,0,0,0,0
12414,0,0,0,0,0,0,0,0,0
12415,0,0,0,0,0,0,0,0,0
12416,0,0,0,0,0,0,0,0,0
12417,0,0,0,0,0,0,0,0,0
12418,0,0,0,0,0,0,0,0,0
12419,0,0,0,0,0,0,0,0,0
12420,0,0,0,0,0,0,0,0,0
12421,0,0,0,0,0,0,0,0,0
12422,0,0,0,0,0,0,0,0,0
12423,0,0,0,0,0,0,0,0,0
12424,0,0,0,0,0,0,0,0,0
12425,0,0,0,0,0,0,0,0,0
12426,0,0,0,0,0,0,0,0,0
12427,0,0,0,0,0,0,0,0,0
12428,0,0,0,0,0,0,0,0,0
12429,0,0,0,0,0,0,0,0,0
12430,0.00188276,2.49669e-06,1.75077e-09,4.58502e-10,7.4909e-11,2.50829e-15,4.23447e-29,4.84953e-53,0.00188526
12431,0.00200421,2.83415e-06,2.12308e-09,5.55975e-10,9.08282e-11,3.25491e-15,6.82763e-29,9.15184e-53,0.00200705
12432,0,0,0,0,0,0,0,0,0
12433,0,0,0,0,0,0,0,0,0
12434,0,0,0,0,0,0,0,0,0
12435,0,0,0,0,0,0,0,0,0
12436,0,0,0,0,0,0,0,0,0
12437,0,0,0,0,0,0,0,0,0
12438,0,0,0,0,0,0,0,0,0
12439,0,0,0,0,0,0,0,0,0
12440,0,0,0,0,0,0,0,0,0
12441,0,0,0,0,0,0,0,0,0
12442,0,0,0,0,0,0,0,0,0
12443,0,0,0,0,0,0,0,0,0
12444,0.000805794,4.18415e-07,9.4017e-11,2.45867e-11,4.00961e-12,2.60562e-17,2.97551e-31,2.30652e-55,0.000806212
12445,0,0,0,0,0,0,0,0,0
12446,0,0,0,0,0,0,0,0,0
12447,0,0,0,0,0,0,0,0,0
12448,0,0,0,0,0,0,0,0,0
12449,0,0,0,0,0,0,0,0,0
12450,0,0,0,0,0,0,0,0,0
12451,0,0,0,0,0,0,0,0,0
12452,0,0,0,0,0,0,0,0,0
12453,0,0,0,0,0,0,0,0,0
12454,0,0,0,0,0,0,0,0,0
12455,0,0,0,0,0,0,0,0,0
12456,0,0,0,0,0,0,0,0,0
12457,0,0,0,0,0,0,0,0,0
12458,0,0,0,0,0,0,0,0,0
12459,0,0,0,0,0,0,0,0,0
12460,0.00201956,2.87637e-06,2.16709e-09,5.65797e-10,9.20771e-11,3.299e-15,6.84093e-29,8.31434e-53,0.00202244
12461,0.00472465,7.94062e-06,7.12364e-09,1.85968e-09,3.02599e-10,1.30314e-14,5.00166e-28,9.71728e-52,0.0047326
12462,0,0,0,0,0,0,0,0,0
12463,0,0,0,0,0,0,0,0,0
12464,0,0,0,0,0,0,0,0,0
12465,0,0,0,0,0,0,0,0,0
12466,0,0,0,0,0,0,0,0,0
12467,0,0,0,0,0,0,0,0,0
12468,0,0,0,0,0,0,0,0,0
12469,0,0,0,0,0,0,0,0,0
12470,0,0,0,0,0,0,0,0,0
12471,0,0,0,0,0,0,0,0,0
12472,0,0,0,0,0,0,0,0,0
12473,0,0,0,0,0,0,0,0,0
12474,0,0,0,0,0,0,0,0,0
12475,0,0,0,0,0,0,0,0,0
12476,0,0,0,0,0,0,0,0,0
12477,0,0,0,0,0,0,0,0,0
12478,0,0,0,0,0,0,0,0,0
12479,0,0,0,0,0,0,0,0,0
12480,0,0,0,0,0,0,0,0,0
12481,0,0,0,0,0,0,0,0,0
12482,0,0,0,0,0,0,0,0,0
12483,0,0,0,0,0,0,0,0,0
12484,0,0,0,0,0,0,0,0,0
12485,0,0,0,0,0,0,0,0,0
12486,0,0,0,0,0,0,0,0,0
12487,0,0,0,0,0,0,0,0,0
12488,0,0,0,0,0,0,0,0,0
12489,0,0,0,0,0,0,0,0,0
12490,0,0,0,0,0,0,0,0,0
12491,0,0,0,0,0,0,0,0,0
12492,0,0,0,0,0,0,0,0,0
12493,0,0,0,0,0,0,0,0,0
12494,0,0,0,0,0,0,0,0,0
12495,0,0,0,0,0,0,0,0,0
12496,0,0,0,0,0,0,0,0,0
12497,0,0,0,0,0,0,0,0,0
12498,0,0,0,0,0,0,0,0,0
12499,0,0,0,0,0,0,0,0,0
12500,0,0,0,0,0,0,0,0,0
12501,0,0,0,0,0,0,0,0,0
12502,0,0,0,0,0,0,0,0,0
12503,0,0,0,0,0,0,0,0,0
12504,0,0,0,0,0,0,0,0,0
12505,0,0,0,0,0,0,0,0,0
12506,0,0,0,0,0,0,0,0,0
12507,0,0,0,0,0,0,0,0,0
12508,0.00434655,6.70958e-06,5.51602e-09,1.43286e-09,2.3167e-10,9.06251e-15,2.60272e-28,3.68839e-52,0.00435327
12509,0,0,0,0,0,0,0,0,0
12510,0,0,0,0,0,0,0,0,0
12511,0,0,0,0,0,0,0,0,0
12512,0,0,0,0,0,0,0,0,0
12513,0,0,0,0,0,0,0,0,0
12514,0,0,0,0,0,0,0,0,0
12515,0.00220539,3.43704e-06,2.83695e-09,7.36437e-10,1.18966e-10,4.64124e-15,1.27715e-28,1.67998e-52,0.00220883
12516,0,0,0,0,0,0,0,0,0
12517,0,0,0,0,0,0,0,0,0
12518,0.00222843,3.50804e-06,2.92163e-09,7.58141e-10,1.22415e-10,4.80745e-15,1.32179e-28,1.66837e-52,0.00223194
12519,0,0,0,0,0,0,0,0,0
12520,0,0,0,0,0,0,0,0,0
12521,0,0,0,0,0,0,0,0,0
12522,0,0,0,0,0,0,0,0,0
12523,0,0,0,0,0,0,0,0,0
12524,0,0,0,0,0,0,0,0,0
12525,0,0,0,0,0,0,0,0,0
12526,0,0,0,0,0,0,0,0,0
12527,0,0,0,0,0,0,0,0,0
12528,0,0,0,0,0,0,0,0,0
12529,0,0,0,0,0,0,0,0,0
12530,0,0,0,0,0,0,0,0,0
12531,0.00182732,2.34623e-06,1.58548e-09,4.10859e-10,6.62242e-11,2.09554e-15,2.92878e-29,2.22101e-53,0.00182966
12532,0,0,0,0,0,0,0,0,0
12533,0,0,0,0,0,0,0,0,0
12534,0,0,0,0,0,0,0,0,0
12535,0,0,0,0,0,0,0,0,0
12536,0,0,0,0,0,0,0,0,0
12537,0,0,0,0,0,0,0,0,0
12538,0,0,0,0,0,0,0,0,0
12539,0,0,0,0,0,0,0,0,0
12540,0,0,0,0,0,0,0,0,0
12541,0,0,0,0,0,0,0,0,0
12542,0,0,0,0,0,0,0,0,0
12543,0,0,0,0,0,0,0,0,0
12544,0,0,0,0,0,0,0,0,0
12545,0,0,0,0,0,0,0,0,0
12546,0.00194213,2.6552e-06,1.91413e-09,4.95272e-10,7.9675e-11,2.6906e-15,4.6865e-29,4.09338e-53,0.00194479
12547,0,0,0,0,0,0,0,0,0
12548,0,0,0,0,0,0,0,0,0
12549,0,0,0,0,0,0,0,0,0
12550,0.001625,1.84919e-06,1.1035e-09,2.85385e-10,4.58814e-11,1.27391e-15,1.17924e-29,6.34913e-54,0.00162685
12551,0,0,0,0,0,0,0,0,0
12552,0,0,0,0,0,0,0,0,0
12553,0,0,0,0,0,0,0,0,0
12554,0,0,0,0,0,0,0,0,0
12555,0,0,0,0,0,0,0,0,0
12556,0.00257595,4.70556e-06,4.56301e-09,1.17938e-09,1.89465e-10,8.65164e-15,3.89662e-28,6.50795e-52,0.00258066
12557,0,0,0,0,0,0,0,0,0
12558,0,0,0,0,0,0,0,0,0
12559,0,0,0,0,0,0,0,0,0
12560,0,0,0,0,0,0,0,0,0
12561,0,0,0,0,0,0,0,0,0
12562,0,0,0,0,0,0,0,0,0
12563,0,0,0,0,0,0,0,0,0
12564,0,0,0,0,0,0,0,0,0
12565,0,0,0,0,0,0,0,0,0
12566,0,0,0,0,0,0,0,0,0
12567,0,0,0,0,0,0,0,0,0
12568,0,0,0,0,0,0,0,0,0
12569,0,0,0,0,0,0,0,0,0
12570,0,0,0,0,0,0,0,0,0
12571,0,0,0,0,0,0,0,0,0
12572,0,0,0,0,0,0,0,0,0
12573,0,0,0,0,0,0,0,0,0
12574,0,0,0,0,0,0,0,0,0
12575,0,0,0,0,0,0,0,0,0
12576,0,0,0,0,0,0,0,0,0
12577,0,0,0,0,0,0,0,0,0
12578,0,0,0,0,0,0,0,0,0
12579,0,0,0,0,0,0,0,0,0
12580,0,0,0,0,0,0,0,0,0
12581,0,0,0,0,0,0,0,0,0
12582,0,0,0,0,0,0,0,0,0
12583,0,0,0,0,0,0,0,0,0
12584,0,0,0,0,0,0,0,0,0
12585,0,0,0,0,0,0,0,0,0
12586,0,0,0,0,0,0,0,0,0
12587,0,0,0,0,0,0,0,0,0
12588,0.00286652,5.83944e-06,6.32078e-09,1.62821e-09,2.60445e-10,1.32224e-14,8.23056e-28,1.57052e-51,0.00287237
12589,0,0,0,0,0,0,0,0,0
12590,0,0,0,0,0,0,0,0,0
12591,0.000760892,3.3627e-07,4.06547e-11,1.04694e-11,1.67403e-12,1.97583e-18,8.46028e-30,1.50929e-53,0.000761228
12592,0,0,0,0,0,0,0,0,0
12593,0,0,0,0,0,0,0,0,0
12594,0,0,0,0,0,0,0,0,0
12595,0,0,0,0,0,0,0,0,0
12596,0.00169152,2.0032e-06,1.24142e-09,3.19524e-10,5.10571e-11,1.45804e-15,1.43135e-29,6.79886e-54,0.00169353
12597,0,0,0,0,0,0,0,0,0
12598,0,0,0,0,0,0,0,0,0
12599,0,0,0,0,0,0,0,0,0
12600,0,0,0,0,0,0,0,0,0
12601,0.00224262,3.55034e-06,2.96697e-09,7.63256e-10,1.21879e-10,4.73697e-15,1.27109e-28,1.28941e-52,0.00224618
12602,0.00217305,3.33147e-06,2.69529e-09,6.93271e-10,1.10684e-10,4.16405e-15,1.01751e-28,9.73982e-53,0.00217638
12603,0,0,0,0,0,0,0,0,0
12604,0,0,0,0,0,0,0,0,0
12605,0,0,0,0,0,0,0,0,0
12606,0,0,0,0,0,0,0,0,0
12607,0,0,0,0,0,0,0,0,0
12608,0,0,0,0,0,0,0,0,0
12609,0,0,0,0,0,0,0,0,0
12610,0.00271691,5.2375e-06,5.35502e-09,1.37621e-09,2.19476e-10,1.04738e-14,5.38842e-28,8.52108e-52,0.00272216
12611,0,0,0,0,0,0,0,0,0
12612,0,0,0,0,0,0,0,0,0
12613,0,0,0,0,0,0,0,0,0
12614,0,0,0,0,0,0,0,0,0
12615,0,0,0,0,0,0,0,0,0
12616,0,0,0,0,0,0,0,0,0
12617,0,0,0,0,0,0,0,0,0
12618,0,0,0,0,0,0,0,0,0
12619,0,0,0,0,0,0,0,0,0
12620,0,0,0,0,0,0,0,0,0
12621,0,0,0,0,0,0,0,0,0
12622,0,0,0,0,0,0,0,0,0
12623,0,0,0,0,0,0,0,0,0
12624,0,0,0,0,0,0,0,0,0
12625,0,0,0,0,0,0,0,0,0
12626,0,0,0,0,0,0,0,0,0
12627,0,0,0,0,0,0,0,0,0
12628,0,0,0,0,0,0,0,0,0
12629,0,0,0,0,0,0,0,0,0
12630,0,0,0,0,0,0,0,0,0
12631,0,0,0,0,0,0,0,0,0
12632,0,0,0,0,0,0,0,0,0
12633,0,0,0,0,0,0,0,0,0
12634,0,0,0,0,0,0,0,0,0
12635,0,0,0,0,0,0,0,0,0
12636,0,0,0,0,0,0,0,0,0
12637,0,0,0,0,0,0,0,0,0
12638,0,0,0,0,0,0,0,0,0
12639,0,0,0,0,0,0,0,0,0
12640,0,0,0,0,0,0,0,0,0
12641,0,0,0,0,0,0,0,0,0
12642,0,0,0,0,0,0,0,0,0
12643,0,0,0,0,0,0,0,0,0
12644,0,0,0,0,0,0,0,0,0
12645,0,0,0,0,0,0,0,0,0
12646,0,0,0,0,0,0,0,0,0
12647,0,0,0,0,0,0,0,0,0
12648,0,0,0,0,0,0,0,0,0
12649,0,0,0,0,0,0,0,0,0
12650,0,0,0,0,0,0,0,0,0
12651,0.000750076,3.19731e-07,3.32873e-11,8.51852e-12,1.35118e-12,5.25509e-18,7.66349e-30,8.03457e-54,0.000750396
12652,0.00307683,6.72621e-06,7.78855e-09,1.99284e-09,3.16034e-10,1.69252e-14,1.19045e-27,1.96729e-51,0.00308357
12653,0,0,0,0,0,0,0,0,0
12654,0,0,0,0,0,0,0,0,0
12655,0,0,0,0,0,0,0,0,0
12656,0,0,0,0,0,0,0,0,0
12657,0,0,0,0,0,0,0,0,0
12658,0,0,0,0,0,0,0,0,0
12659,0.00290277,5.98011e-06,6.52216e-09,1.6677e-09,2.64246e-10,1.33188e-14,7.8833e-28,1.16151e-51,0.00290875
12660,0,0,0,0,0,0,0,0,0
12661,0,0,0,0,0,0,0,0,0
12662,0,0,0,0,0,0,0,0,0
12663,0,0,0,0,0,0,0,0,0
12664,0,0,0,0,0,0,0,0,0
12665,0,0,0,0,0,0,0,0,0
12666,0,0,0,0,0,0,0,0,0
12667,0,0,0,0,0,0,0,0,0
12668,0,0,0,0,0,0,0,0,0
12669,0,0,0,0,0,0,0,0,0
12670,0,0,0,0,0,0,0,0,0
12671,0,0,0,0,0,0,0,0,0
12672,0,0,0,0,0,0,0,0,0
12673,0,0,0,0,0,0,0,0,0
12674,0,0,0,0,0,0,0,0,0
12675,0,0,0,0,0,0,0,0,0
12676,0,0,0,0,0,0,0,0,0
12677,0,0,0,0,0,0,0,0,0
12678,0,0,0,0,0,0,0,0,0
12679,0,0,0,0,0,0,0,0,0
12680,0,0,0,0,0,0,0,0,0
12681,0,0,0,0,0,0,0,0,0
12682,0,0,0,0,0,0,0,0,0
12683,0,0,0,0,0,0,0,0,0
12684,0,0,0,0,0,0,0,0,0
12685,0,0,0,0,0,0,0,0,0
12686,0,0,0,0,0,0,0,0,0
12687,0,0,0,0,0,0,0,0,0
12688,0,0,0,0,0,0,0,0,0
12689,0,0,0,0,0,0,0,0,0
12690,0,0,0,0,0,0,0,0,0
12691,0,0,0,0,0,0,0,0,0
12692,0,0,0,0,0,0,0,0,0
12693,0,0,0,0,0,0,0,0,0
12694,0,0,0,0,0,0,0,0,0
12695,0,0,0,0,0,0,0,0,0
12696,0,0,0,0,0,0,0,0,0
12697,0,0,0,0,0,0,0,0,0
12698,0,0,0,0,0,0,0,0,0
12699,0,0,0,0,0,0,0,0,0
12700,0,0,0,0,0,0,0,0,0
12701,0,0,0,0,0,0,0,0,0
12702,0,0,0,0,0,0,0,0,0
12703,0,0,0,0,0,0,0,0,0
12704,0.00189716,2.52654e-06,1.76316e-09,4.48695e-10,7.06639e-11,2.24373e-15,3.20257e-29,1.59739e-53,0.00189969
12705,0,0,0,0,0,0,0,0,0
12706,0.00250429,4.43053e-06,4.12717e-09,1.05005e-09,1.65319e-10,7.02963e-15,2.43114e-28,2.15613e-52,0.00250873
12707,0,0,0,0,0,0,0,0,0
12708,0,0,0,0,0,0,0,0,0
12709,0,0,0,0,0,0,0,0,0
12710,4.54858e-07,3.77946e-07,7.31441e-10,1.86033e-10,2.92765e-11,1.61025e-15,5.94468e-29,4.40846e-53,8.3375e-07
12711,0,0,0,0,0,0,0,0,0
12712,0,0,0,0,0,0,0,0,0
12713,0,0,0,0,0,0,0,0,0
12714,0,0,0,0,0,0,0,0,0
12715,0,0,0,0,0,0,0,0,0
12716,0,0,0,0,0,0,0,0,0
12717,0,0,0,0,0,0,0,0,0
12718,0,0,0,0,0,0,0,0,0
12719,0,0,0,0,0,0,0,0,0
12720,0,0,0,0,0,0,0,0,0
12721,0,0,0,0,0,0,0,0,0
12722,0,0,0,0,0,0,0,0,0
12723,0,0,0,0,0,0,0,0,0
12724,0,0,0,0,0,0,0,0,0
12725,0,0,0,0,0,0,0,0,0
12726,0,0,0,0,0,0,0,0,0
12727,0,0,0,0,0,0,0,0,0
12728,0,0,0,0,0,0,0,0,0
12729,0,0,0,0,0,0,0,0,0
12730,0,0,0,0,0,0,0,0,0
12731,0,0,0,0,0,0,0,0,0
12732,0,0,0,0,0,0,0,0,0
12733,0,0,0,0,0,0,0,0,0
12734,0.00231268,3.77174e-06,3.23414e-09,8.20456e-10,1.28693e-10,5.01437e-15,1.34997e-28,9.64697e-53,0.00231646
12735,0,0,0,0,0,0,0,0,0
12736,0,0,0,0,0,0,0,0,0
12737,0,0,0,0,0,0,0,0,0
12738,0,0,0,0,0,0,0,0,0
12739,0,0,0,0,0,0,0,0,0
12740,0,0,0,0,0,0,0,0,0
12741,0,0,0,0,0,0,0,0,0
12742,0,0,0,0,0,0,0,0,0
12743,0,0,0,0,0,0,0,0,0
12744,0,0,0,0,0,0,0,0,0
12745,0,0,0,0,0,0,0,0,0
12746,0,0,0,0,0,0,0,0,0
12747,0,0,0,0,0,0,0,0,0
12748,0,0,0,0,0,0,0,0,0
12749,0,0,0,0,0,0,0,0,0
12750,0.00236566,3.94741e-06,3.46199e-09,8.76815e-10,1.37244e-10,5.45438e-15,1.55379e-28,1.10145e-52,0.00236961
12751,0,0,0,0,0,0,0,0,0
12752,0,0,0,0,0,0,0,0,0
12753,0,0,0,0,0,0,0,0,0
12754,0,0,0,0,0,0,0,0,0
12755,0,0,0,0,0,0,0,0,0
12756,0.00175073,2.13976e-06,1.35731e-09,3.43555e-10,5.37333e-11,1.51889e-15,1.34722e-29,3.50808e-54,0.00175287
12757,0,0,0,0,0,0,0,0,0
12758,0,0,0,0,0,0,0,0,0
12759,0.00196672,2.71581e-06,1.96321e-09,4.96737e-10,7.76556e-11,2.53157e-15,3.92315e-29,1.79677e-53,0.00196944
12760,0,0,0,0,0,0,0,0,0
12761,0,0,0,0,0,0,0,0,0
12762,0,0,0,0,0,0,0,0,0
12763,0,0,0,0,0,0,0,0,0
12764,0,0,0,0,0,0,0,0,0
12765,0,0,0,0,0,0,0,0,0
12766,0,0,0,0,0,0,0,0,0
12767,0,0,0,0,0,0,0,0,0
12768,0,0,0,0,0,0,0,0,0
12769,0,0,0,0,0,0,0,0,0
12770,0,0,0,0,0,0,0,0,0
12771,0,0,0,0,0,0,0,0,0
12772,0,0,0,0,0,0,0,0,0
12773,0,0,0,0,0,0,0,0,0
12774,0,0,0,0,0,0,0,0,0
12775,0,0,0,0,0,0,0,0,0
12776,0,0,0,0,0,0,0,0,0
12777,0.00184834,2.39301e-06,1.61666e-09,4.08274e-10,6.36704e-11,1.92731e-15,2.32409e-29,8.29933e-54,0.00185074
12778,0,0,0,0,0,0,0,0,0
12779,0,0,0,0,0,0,0,0,0
12780,0,0,0,0,0,0,0,0,0
12781,0,0,0,0,0,0,0,0,0
12782,0.00199604,2.79731e-06,2.05082e-09,5.17656e-10,8.06765e-11,2.65639e-15,4.22922e-29,1.84902e-53,0.00199884
12783,0,0,0,0,0,0,0,0,0
12784,0.00227524,3.64545e-06,3.0623e-09,7.7283e-10,1.20418e-10,4.54925e-15,1.09805e-28,6.28075e-53,0.00227889
12785,0,0,0,0,0,0,0,0,0
12786,0,0,0,0,0,0,0,0,0
12787,0,0,0,0,0,0,0,0,0
12788,0,0,0,0,0,0,0,0,0
12789,0,0,0,0,0,0,0,0,0
12790,0,0,0,0,0,0,0,0,0
12791,0,0,0,0,0,0,0,0,0
12792,0,0,0,0,0,0,0,0,0
12793,0,0,0,0,0,0,0,0,0
12794,0,0,0,0,0,0,0,0,0
12795,0,0,0,0,0,0,0,0,0
12796,0,0,0,0,0,0,0,0,0
12797,0,0,0,0,0,0,0,0,0
12798,0,0,0,0,0,0,0,0,0
12799,0,0,0,0,0,0,0,0,0
12800,0,0,0,0,0,0,0,0,0
12801,0,0,0,0,0,0,0,0,0
12802,0,0,0,0,0,0,0,0,0
12803,0,0,0,0,0,0,0,0,0
12804,0,0,0,0,0,0,0,0,0
12805,0,0,0,0,0,0,0,0,0
12806,0,0,0,0,0,0,0,0,0
12807,0,0,0,0,0,0,0,0,0
12808,0,0,0,0,0,0,0,0,0
12809,0,0,0,0,0,0,0,0,0
12810,0,0,0,0,0,0,0,0,0
12811,0,0,0,0,0,0,0,0,0
12812,0,0,0,0,0,0,0,0,0
12813,0,0,0,0,0,0,0,0,0
12814,0,0,0,0,0,0,0,0,0
12815,0,0,0,0,0,0,0,0,0
12816,0,0,0,0,0,0,0,0,0
12817,0,0,0,0,0,0,0,0,0
12818,0,0,0,0,0,0,0,0,0
12819,0,0,0,0,0,0,0,0,0
12820,0,0,0,0,0,0,0,0,0
12821,0,0,0,0,0,0,0,0,0
12822,0,0,0,0,0,0,0,0,0
12823,0,0,0,0,0,0,0,0,0
12824,0,0,0,0,0,0,0,0,0
12825,0,0,0,0,0,0,0,0,0
12826,0,0,0,0,0,0,0,0,0
12827,0,0,0,0,0,0,0,0,0
12828,0,0,0,0,0,0,0,0,0
12829,0,0,0,0,0,0,0,0,0
12830,0,0,0,0,0,0,0,0,0
12831,0,0,0,0,0,0,0,0,0
12832,0,0,0,0,0,0,0,0,0
12833,0,0,0,0,0,0,0,0,0
12834,0,0,0,0,0,0,0,0,0
12835,0,0,0,0,0,0,0,0,0
12836,0,0,0,0,0,0,0,0,0
12837,0,0,0,0,0,0,0,0,0
12838,0,0,0,0,0,0,0,0,0
12839,0,0,0,0,0,0,0,0,0
12840,0,0,0,0,0,0,0,0,0
12841,0,0,0,0,0,0,0,0,0
12842,0,0,0,0,0,0,0,0,0
12843,0,0,0,0,0,0,0,0,0
12844,0,0,0,0,0,0,0,0,0
12845,0,0,0,0,0,0,0,0,0
12846,0,0,0,0,0,0,0,0,0
12847,0,0,0,0,0,0,0,0,0
12848,0,0,0,0,0,0,0,0,0
12849,0,0,0,0,0,0,0,0,0
12850,0,0,0,0,0,0,0,0,0
12851,0,0,0,0,0,0,0,0,0
12852,0,0,0,0,0,0,0,0,0
12853,0,0,0,0,0,0,0,0,0
12854,0,0,0,0,0,0,0,0,0
12855,0,0,0,0,0,0,0,0,0
12856,0,0,0,0,0,0,0,0,0
12857,0,0,0,0,0,0,0,0,0
12858,0,0,0,0,0,0,0,0,0
12859,0,0,0,0,0,0,0,0,0
12860,0.00193707,2.6293e-06,1.86009e-09,4.65709e-10,7.18296e-11,2.24813e-15,3.03238e-29,9.54994e-54,0.00193971
12861,0,0,0,0,0,0,0,0,0
12862,0,0,0,0,0,0,0,0,0
12863,0,0,0,0,0,0,0,0,0
12864,0,0,0,0,0,0,0,0,0
12865,0,0,0,0,0,0,0,0,0
12866,0,0,0,0,0,0,0,0,0
12867,0,0,0,0,0,0,0,0,0
12868,0,0,0,0,0,0,0,0,0
12869,0,0,0,0,0,0,0,0,0
12870,0.00243778,4.1884e-06,3.76935e-09,9.42694e-10,1.45194e-10,5.79984e-15,1.67568e-28,8.75191e-53,0.00244198
12871,0,0,0,0,0,0,0,0,0
12872,0,0,0,0,0,0,0,0,0
12873,0,0,0,0,0,0,0,0,0
12874,0,0,0,0,0,0,0,0,0
12875,0,0,0,0,0,0,0,0,0
12876,0,0,0,0,0,0,0,0,0
12877,0,0,0,0,0,0,0,0,0
12878,0,0,0,0,0,0,0,0,0
12879,0,0,0,0,0,0,0,0,0
12880,0,0,0,0,0,0,0,0,0
12881,0,0,0,0,0,0,0,0,0
12882,0.00348007,4.28832e-06,2.78319e-09,6.95221e-10,1.06913e-10,3.09203e-15,3.4934e-29,9.60841e-54,0.00348436
12883,0,0,0,0,0,0,0,0,0
12884,0,0,0,0,0,0,0,0,0
12885,0,0,0,0,0,0,0,0,0
12886,0.00200659,2.81955e-06,2.05933e-09,5.14166e-10,7.90228e-11,2.53267e-15,3.51424e-29,9.86601e-54,0.00200941
12887,0,0,0,0,0,0,0,0,0
12888,0,0,0,0,0,0,0,0,0
12889,0,0,0,0,0,0,0,0,0
12890,0.00355612,4.4828e-06,2.97676e-09,7.42955e-10,1.14132e-10,3.3732e-15,4.09378e-29,1.17716e-53,0.00356061
12891,0,0,0,0,0,0,0,0,0
12892,0,0,0,0,0,0,0,0,0
12893,0,0,0,0,0,0,0,0,0
12894,0,0,0,0,0,0,0,0,0
12895,0,0,0,0,0,0,0,0,0
12896,0,0,0,0,0,0,0,0,0
12897,0,0,0,0,0,0,0,0,0
12898,0,0,0,0,0,0,0,0,0
12899,0,0,0,0,0,0,0,0,0
12900,0,0,0,0,0,0,0,0,0
12901,0.00196378,2.70171e-06,1.93501e-09,4.82368e-10,7.3987e-11,2.3277e-15,3.18666e-29,9.09114e-54,0.00196649
12902,0,0,0,0,0,0,0,0,0
12903,0.0021294,3.18365e-06,2.48325e-09,6.18935e-10,9.49141e-11,3.2586e-15,5.88886e-29,2.0453e-53,0.00213259
12904,0,0,0,0,0,0,0,0,0
12905,0,0,0,0,0,0,0,0,0
12906,0,0,0,0,0,0,0,0,0
12907,0.00225753,3.58136e-06,2.96385e-09,7.38389e-10,1.13167e-10,4.11599e-15,8.71695e-29,3.24836e-53,0.00226112
12908,0,0,0,0,0,0,0,0,0
12909,0,0,0,0,0,0,0,0,0
12910,0,0,0,0,0,0,0,0,0
12911,0,0,0,0,0,0,0,0,0
12912,0,0,0,0,0,0,0,0,0
12913,0,0,0,0,0,0,0,0,0
12914,0,0,0,0,0,0,0,0,0
12915,0,0,0,0,0,0,0,0,0
12916,0,0,0,0,0,0,0,0,0
12917,0,0,0,0,0,0,0,0,0
12918,0,0,0,0,0,0,0,0,0
12919,0,0,0,0,0,0,0,0,0
12920,0,0,0,0,0,0,0,0,0
12921,0,0,0,0,0,0,0,0,0
12922,0,0,0,0,0,0,0,0,0
12923,0.00237731,3.97335e-06,3.46185e-09,8.61071e-10,1.31699e-10,5.02353e-15,1.20457e-28,4.54374e-53,0.00238128
12924,0,0,0,0,0,0,0,0,0
12925,0,0,0,0,0,0,0,0,0
12926,0,0,0,0,0,0,0,0,0
12927,0,0,0,0,0,0,0,0,0
12928,0,0,0,0,0,0,0,0,0
12929,0,0,0,0,0,0,0,0,0
12930,0,0,0,0,0,0,0,0,0
12931,0,0,0,0,0,0,0,0,0
12932,0,0,0,0,0,0,0,0,0
12933,0,0,0,0,0,0,0,0,0
12934,0,0,0,0,0,0,0,0,0
12935,0,0,0,0,0,0,0,0,0
12936,0,0,0,0,0,0,0,0,0
12937,0,0,0,0,0,0,0,0,0
12938,0,0,0,0,0,0,0,0,0
12939,0,0,0,0,0,0,0,0,0
12940,0,0,0,0,0,0,0,0,0
12941,0,0,0,0,0,0,0,0,0
12942,0,0,0,0,0,0,0,0,0
12943,0.00118783,9.72183e-07,4.06073e-10,1.00791e-10,1.53745e-11,2.7383e-16,5.58963e-31,3.08877e-56,0.0011888
12944,0,0,0,0,0,0,0,0,0
12945,0,0,0,0,0,0,0,0,0
12946,0,0,0,0,0,0,0,0,0
12947,0,0,0,0,0,0,0,0,0
12948,0,0,0,0,0,0,0,0,0
12949,0,0,0,0,0,0,0,0,0
12950,0,0,0,0,0,0,0,0,0
12951,0,0,0,0,0,0,0,0,0
12952,0,0,0,0,0,0,0,0,0
12953,0,0,0,0,0,0,0,0,0
12954,0,0,0,0,0,0,0,0,0
12955,0,0,0,0,0,0,0,0,0
12956,0,0,0,0,0,0,0,0,0
12957,0,0,0,0,0,0,0,0,0
12958,0,0,0,0,0,0,0,0,0
12959,0,0,0,0,0,0,0,0,0
12960,0,0,0,0,0,0,0,0,0
12961,0,0,0,0,0,0,0,0,0
12962,0,0,0,0,0,0,0,0,0
12963,0,0,0,0,0,0,0,0,0
12964,0.00202125,2.86072e-06,2.10282e-09,5.20767e-10,7.92086e-11,2.52724e-15,3.55741e-29,8.5987e-54,0.00202411
12965,0,0,0,0,0,0,0,0,0
12966,0,0,0,0,0,0,0,0,0
12967,0,0,0,0,0,0,0,0,0
12968,0,0,0,0,0,0,0,0,0
12969,0,0,0,0,0,0,0,0,0
12970,0,0,0,0,0,0,0,0,0
12971,0,0,0,0,0,0,0,0,0
12972,0,0,0,0,0,0,0,0,0
12973,0,0,0,0,0,0,0,0,0
12974,0,0,0,0,0,0,0,0,0
12975,0,0,0,0,0,0,0,0,0
12976,0,0,0,0,0,0,0,0,0
12977,0,0,0,0,0,0,0,0,0
12978,0,0,0,0,0,0,0,0,0
12979,0,0,0,0,0,0,0,0,0
12980,0,0,0,0,0,0,0,0,0
12981,0,0,0,0,0,0,0,0,0
12982,0,0,0,0,0,0,0,0,0
12983,0,0,0,0,0,0,0,0,0
12984,0,0,0,0,0,0,0,0,0
12985,0,0,0,0,0,0,0,0,0
12986,0,0,0,0,0,0,0,0,0
12987,0,0,0,0,0,0,0,0,0
12988,0.000915969,5.31753e-07,1.24888e-10,3.08534e-11,4.67816e-12,2.17889e-17,1.82767e-30,1.17309e-54,0.000916501
12989,0,0,0,0,0,0,0,0,0
12990,0,0,0,0,0,0,0,0,0
12991,0,0,0,0,0,0,0,0,0
12992,0,0,0,0,0,0,0,0,0
12993,0,0,0,0,0,0,0,0,0
12994,0,0,0,0,0,0,0,0,0
12995,0,0,0,0,0,0,0,0,0
12996,0,0,0,0,0,0,0,0,0
12997,0,0,0,0,0,0,0,0,0
12998,0,0,0,0,0,0,0,0,0
12999,0,0,0,0,0,0,0,0,0
13000,0,0,0,0,0,0,0,0,0
13001,0,0,0,0,0,0,0,0,0
13002,0,0,0,0,0,0,0,0,0
13003,0,0,0,0,0,0,0,0,0
13004,0,0,0,0,0,0,0,0,0
13005,0,0,0,0,0,0,0,0,0
13006,0,0,0,0,0,0,0,0,0
13007,0,0,0,0,0,0,0,0,0
13008,0,0,0,0,0,0,0,0,0
13009,0,0,0,0,0,0,0,0,0
13010,0,0,0,0,0,0,0,0,0
13011,0,0,0,0,0,0,0,0,0
13012,0,0,0,0,0,0,0,0,0
13013,0,0,0,0,0,0,0,0,0
13014,0,0,0,0,0,0,0,0,0
13015,0,0,0,0,0,0,0,0,0
13016,0,0,0,0,0,0,0,0,0
13017,0,0,0,0,0,0,0,0,0
13018,0,0,0,0,0,0,0,0,0
13019,0.00203699,2.90434e-06,2.14767e-09,5.28822e-10,7.98442e-11,2.53959e-15,3.55521e-29,7.46644e-54,0.0020399
13020,0,0,0,0,0,0,0,0,0
13021,0,0,0,0,0,0,0,0,0
13022,0,0,0,0,0,0,0,0,0
13023,0,0,0,0,0,0,0,0,0
13024,0,0,0,0,0,0,0,0,0
13025,0,0,0,0,0,0,0,0,0
13026,0,0,0,0,0,0,0,0,0
13027,0.00159625,1.77184e-06,1.01361e-09,2.49394e-10,3.76185e-11,9.18878e-16,5.60198e-30,6.39165e-55,0.00159802
13028,0,0,0,0,0,0,0,0,0
13029,0,0,0,0,0,0,0,0,0
13030,0,0,0,0,0,0,0,0,0
13031,0,0,0,0,0,0,0,0,0
13032,0,0,0,0,0,0,0,0,0
13033,0,0,0,0,0,0,0,0,0
13034,0.0018712,2.44505e-06,1.65297e-09,4.06376e-10,6.12339e-11,1.77271e-15,1.85112e-29,3.04903e-54,0.00187365
13035,0,0,0,0,0,0,0,0,0
13036,0,0,0,0,0,0,0,0,0
13037,0,0,0,0,0,0,0,0,0
13038,0,0,0,0,0,0,0,0,0
13039,0,0,0,0,0,0,0,0,0
13040,0,0,0,0,0,0,0,0,0
13041,0,0,0,0,0,0,0,0,0
13042,0,0,0,0,0,0,0,0,0
13043,0,0,0,0,0,0,0,0,0
13044,0,0,0,0,0,0,0,0,0
13045,0.00181813,2.30658e-06,1.51285e-09,3.71524e-10,5.5905e-11,1.56696e-15,1.48535e-29,2.2381e-54,0.00182043
13046,0,0,0,0,0,0,0,0,0
13047,0,0,0,0,0,0,0,0,0
13048,0,0,0,0,0,0,0,0,0
13049,0.00159257,1.7633e-06,1.00566e-09,2.46852e-10,3.71225e-11,9.00774e-16,5.40443e-30,5.788e-55,0.00159433
13050,0.00166481,1.92805e-06,1.15004e-09,2.8227e-10,4.24447e-11,1.07607e-15,7.25625e-30,8.17213e-55,0.00166674
13051,0,0,0,0,0,0,0,0,0
13052,0,0,0,0,0,0,0,0,0
13053,0,0,0,0,0,0,0,0,0
13054,0,0,0,0,0,0,0,0,0
13055,0,0,0,0,0,0,0,0,0
13056,0,0,0,0,0,0,0,0,0
13057,0,0,0,0,0,0,0,0,0
13058,0,0,0,0,0,0,0,0,0
13059,0,0,0,0,0,0,0,0,0
13060,0,0,0,0,0,0,0,0,0
13061,0,0,0,0,0,0,0,0,0
13062,0,0,0,0,0,0,0,0,0
13063,0,0,0,0,0,0,0,0,0
13064,0,0,0,0,0,0,0,0,0
13065,0,0,0,0,0,0,0,0,0
13066,0,0,0,0,0,0,0,0,0
13067,0,0,0,0,0,0,0,0,0
13068,0,0,0,0,0,0,0,0,0
13069,0,0,0,0,0,0,0,0,0
13070,0,0,0,0,0,0,0,0,0
13071,0,0,0,0,0,0,0,0,0
13072,0.00183201,2.33903e-06,1.5392e-09,3.769e-10,5.6504e-11,1.57559e-15,1.41245e-29,1.8009e-54,0.00183435
13073,0,0,0,0,0,0,0,0,0
13074,0,0,0,0,0,0,0,0,0
13075,0,0,0,0,0,0,0,0,0
13076,0,0,0,0,0,0,0,0,0
13077,0,0,0,0,0,0,0,0,0
13078,0,0,0,0,0,0,0,0,0
13079,0,0,0,0,0,0,0,0,0
13080,0,0,0,0,0,0,0,0,0
13081,0,0,0,0,0,0,0,0,0
13082,0,0,0,0,0,0,0,0,0
13083,0,0,0,0,0,0,0,0,0
13084,0,0,0,0,0,0,0,0,0
13085,0,0,0,0,0,0,0,0,0
13086,0,0,0,0,0,0,0,0,0
13087,0,0,0,0,0,0,0,0,0
13088,0,0,0,0,0,0,0,0,0
13089,0.00157018,1.71269e-06,9.60843e-10,2.34862e-10,3.51303e-11,8.32567e-16,4.65301e-30,4.28825e-55,0.00157189
13090,0,0,0,0,0,0,0,0,0
13091,0,0,0,0,0,0,0,0,0
13092,0,0,0,0,0,0,0,0,0
13093,0,0,0,0,0,0,0,0,0
13094,0,0,0,0,0,0,0,0,0
13095,0,0,0,0,0,0,0,0,0
13096,0,0,0,0,0,0,0,0,0
13097,0,0,0,0,0,0,0,0,0
13098,0,0,0,0,0,0,0,0,0
13099,0,0,0,0,0,0,0,0,0
13100,0.00253233,4.50909e-06,4.17382e-09,1.01904e-09,1.52201e-10,6.00298e-15,1.64387e-28,4.46733e-53,0.00253684
13101,0,0,0,0,0,0,0,0,0
13102,0,0,0,0,0,0,0,0,0
13103,0,0,0,0,0,0,0,0,0
13104,0.0016903,1.98673e-06,1.20066e-09,2.93019e-10,4.37413e-11,1.11282e-15,7.55829e-30,7.39361e-55,0.00169229
13105,0,0,0,0,0,0,0,0,0
13106,0.00171662,2.04882e-06,1.25629e-09,3.06549e-10,4.57518e-11,1.17893e-15,8.15844e-30,7.778e-55,0.00171867
13107,0,0,0,0,0,0,0,0,0
13108,0,0,0,0,0,0,0,0,0
13109,0,0,0,0,0,0,0,0,0
13110,0,0,0,0,0,0,0,0,0
13111,0,0,0,0,0,0,0,0,0
13112,0,0,0,0,0,0,0,0,0
13113,0,0,0,0,0,0,0,0,0
13114,0,0,0,0,0,0,0,0,0
13115,0,0,0,0,0,0,0,0,0
13116,0,0,0,0,0,0,0,0,0
13117,0,0,0,0,0,0,0,0,0
13118,0,0,0,0,0,0,0,0,0
13119,0,0,0,0,0,0,0,0,0
13120,0,0,0,0,0,0,0,0,0
13121,0,0,0,0,0,0,0,0,0
13122,0,0,0,0,0,0,0,0,0
13123,0,0,0,0,0,0,0,0,0
13124,0,0,0,0,0,0,0,0,0
13125,0,0,0,0,0,0,0,0,0
13126,0,0,0,0,0,0,0,0,0
13127,0,0,0,0,0,0,0,0,0
13128,0,0,0,0,0,0,0,0,0
13129,0,0,0,0,0,0,0,0,0
13130,0,0,0,0,0,0,0,0,0
13131,0,0,0,0,0,0,0,0,0
13132,0,0,0,0,0,0,0,0,0
13133,0,0,0,0,0,0,0,0,0
13134,0,0,0,0,0,0,0,0,0
13135,0,0,0,0,0,0,0,0,0
13136,0,0,0,0,0,0,0,0,0
13137,0,0,0,0,0,0,0,0,0
13138,0,0,0,0,0,0,0,0,0
13139,0,0,0,0,0,0,0,0,0
13140,0,0,0,0,0,0,0,0,0
13141,0,0,0,0,0,0,0,0,0
13142,0,0,0,0,0,0,0,0,0
13143,0,0,0,0,0,0,0,0,0
13144,0,0,0,0,0,0,0,0,0
13145,0,0,0,0,0,0,0,0,0
13146,0,0,0,0,0,0,0,0,0
13147,0,0,0,0,0,0,0,0,0
13148,0,0,0,0,0,0,0,0,0
13149,0.0012478,1.05872e-06,4.43133e-10,1.0765e-10,1.59756e-11,2.60599e-16,9.60906e-32,2.13911e-56,0.00124886
13150,0,0,0,0,0,0,0,0,0
13151,0,0,0,0,0,0,0,0,0
13152,0,0,0,0,0,0,0,0,0
13153,0,0,0,0,0,0,0,0,0
13154,0,0,0,0,0,0,0,0,0
13155,0.00106794,7.34971e-07,2.15216e-10,5.22486e-11,7.74754e-12,5.66453e-17,2.11329e-30,1.11298e-54,0.00106867
13156,0,0,0,0,0,0,0,0,0
13157,0.00274449,5.29958e-06,5.31131e-09,1.28919e-09,1.91116e-10,8.07486e-15,2.66404e-28,6.83562e-53,0.0027498
13158,0,0,0,0,0,0,0,0,0
13159,0,0,0,0,0,0,0,0,0
13160,0,0,0,0,0,0,0,0,0
13161,0,0,0,0,0,0,0,0,0
13162,0,0,0,0,0,0,0,0,0
13163,0,0,0,0,0,0,0,0,0
13164,0,0,0,0,0,0,0,0,0
13165,0,0,0,0,0,0,0,0,0
13166,0,0,0,0,0,0,0,0,0
13167,0.00134544,1.25084e-06,5.93975e-10,1.44022e-10,2.1322e-11,4.19994e-16,1.30034e-30,6.37758e-56,0.00134669
13168,0.0013306,1.21508e-06,5.58352e-10,1.35367e-10,2.00373e-11,3.72133e-16,6.65198e-31,7.16462e-57,0.00133182
13169,0,0,0,0,0,0,0,0,0
13170,0,0,0,0,0,0,0,0,0
13171,0,0,0,0,0,0,0,0,0
13172,0,0,0,0,0,0,0,0,0
13173,0,0,0,0,0,0,0,0,0
13174,0.00173502,2.09318e-06,1.29672e-09,3.14177e-10,4.64677e-11,1.19864e-15,8.55889e-30,7.32188e-55,0.00173711
13175,0,0,0,0,0,0,0,0,0
13176,0,0,0,0,0,0,0,0,0
13177,0,0,0,0,0,0,0,0,0
13178,0,0,0,0,0,0,0,0,0
13179,0,0,0,0,0,0,0,0,0
13180,0,0,0,0,0,0,0,0,0
13181,0.00129675,1.16028e-06,5.29225e-10,1.28123e-10,1.89305e-11,3.56582e-16,9.50026e-31,3.9768e-56,0.00129791
13182,0,0,0,0,0,0,0,0,0
13183,0,0,0,0,0,0,0,0,0
13184,0.00167395,1.94733e-06,1.16308e-09,2.81509e-10,4.15811e-11,1.0332e-15,6.67788e-30,5.31856e-55,0.0016759
13185,0,0,0,0,0,0,0,0,0
13186,0,0,0,0,0,0,0,0,0
13187,0,0,0,0,0,0,0,0,0
13188,0,0,0,0,0,0,0,0,0
13189,0,0,0,0,0,0,0,0,0
13190,0,0,0,0,0,0,0,0,0
13191,0,0,0,0,0,0,0,0,0
13192,0,0,0,0,0,0,0,0,0
13193,0.00151109,1.58149e-06,8.46397e-10,2.04667e-10,3.01946e-11,6.68245e-16,2.94215e-30,1.69718e-55,0.00151267
13194,0,0,0,0,0,0,0,0,0
13195,0,0,0,0,0,0,0,0,0
13196,0,0,0,0,0,0,0,0,0
13197,0,0,0,0,0,0,0,0,0
13198,0,0,0,0,0,0,0,0,0
13199,0,0,0,0,0,0,0,0,0
13200,0,0,0,0,0,0,0,0,0
13201,0,0,0,0,0,0,0,0,0
13202,0.00229958,3.70356e-06,3.082e-09,7.44511e-10,1.09698e-10,3.80995e-15,6.96164e-29,1.08383e-53,0.00230329
13203,0,0,0,0,0,0,0,0,0
13204,0,0,0,0,0,0,0,0,0
13205,0,0,0,0,0,0,0,0,0
13206,0,0,0,0,0,0,0,0,0
13207,0,0,0,0,0,0,0,0,0
13208,0,0,0,0,0,0,0,0,0
13209,0,0,0,0,0,0,0,0,0
13210,0,0,0,0,0,0,0,0,0
13211,0,0,0,0,0,0,0,0,0
13212,0,0,0,0,0,0,0,0,0
13213,0,0,0,0,0,0,0,0,0
13214,0,0,0,0,0,0,0,0,0
13215,0,0,0,0,0,0,0,0,0
13216,0,0,0,0,0,0,0,0,0
13217,0,0,0,0,0,0,0,0,0
13218,0,0,0,0,0,0,0,0,0
13219,0,0,0,0,0,0,0,0,0
13220,0,0,0,0,0,0,0,0,0
13221,0,0,0,0,0,0,0,0,0
13222,0,0,0,0,0,0,0,0,0
13223,0,0,0,0,0,0,0,0,0
13224,0,0,0,0,0,0,0,0,0
13225,0,0,0,0,0,0,0,0,0
13226,0.00327081,7.55578e-06,9.0785e-09,2.18769e-09,3.21331e-10,1.6153e-14,9.23413e-28,2.9446e-52,0.00327838
13227,0,0,0,0,0,0,0,0,0
13228,0,0,0,0,0,0,0,0,0
13229,0,0,0,0,0,0,0,0,0
13230,0,0,0,0,0,0,0,0,0
13231,0,0,0,0,0,0,0,0,0
13232,0,0,0,0,0,0,0,0,0
13233,0,0,0,0,0,0,0,0,0
13234,0.00159141,1.75608e-06,9.91459e-10,2.38711e-10,3.50236e-11,8.13665e-16,4.21827e-30,2.49096e-55,0.00159316
13235,0,0,0,0,0,0,0,0,0
13236,0,0,0,0,0,0,0,0,0
13237,0,0,0,0,0,0,0,0,0
13238,0,0,0,0,0,0,0,0,0
13239,0,0,0,0,0,0,0,0,0
13240,0,0,0,0,0,0,0,0,0
13241,0,0,0,0,0,0,0,0,0
13242,0,0,0,0,0,0,0,0,0
13243,0,0,0,0,0,0,0,0,0
13244,0,0,0,0,0,0,0,0,0
13245,0,0,0,0,0,0,0,0,0
13246,0,0,0,0,0,0,0,0,0
13247,0,0,0,0,0,0,0,0,0
13248,0,0,0,0,0,0,0,0,0
13249,0,0,0,0,0,0,0,0,0
13250,0,0,0,0,0,0,0,0,0
13251,0,0,0,0,0,0,0,0,0
13252,0,0,0,0,0,0,0,0,0
13253,0,0,0,0,0,0,0,0,0
13254,0,0,0,0,0,0,0,0,0
13255,0,0,0,0,0,0,0,0,0
13256,0,0,0,0,0,0,0,0,0
13257,0,0,0,0,0,0,0,0,0
13258,0,0,0,0,0,0,0,0,0
13259,0,0,0,0,0,0,0,0,0
13260,0,0,0,0,0,0,0,0,0
13261,0,0,0,0,0,0,0,0,0
13262,0,0,0,0,0,0,0,0,0
13263,0,0,0,0,0,0,0,0,0
13264,0,0,0,0,0,0,0,0,0
13265,0,0,0,0,0,0,0,0,0
13266,0,0,0,0,0,0,0,0,0
13267,0,0,0,0,0,0,0,0,0
13268,0,0,0,0,0,0,0,0,0
13269,0,0,0,0,0,0,0,0,0
13270,0.00140244,1.3578e-06,6.68806e-10,1.60427e-10,2.34258e-11,4.69355e-16,1.49341e-30,5.50736e-56,0.0014038
13271,0,0,0,0,0,0,0,0,0
13272,0,0,0,0,0,0,0,0,0
13273,0,0,0,0,0,0,0,0,0
13274,0,0,0,0,0,0,0,0,0
13275,0.000880028,5.25288e-07,1.55842e-10,3.73619e-11,5.45195e-12,6.37053e-17,2.8845e-32,1.53216e-58,0.000880553
13276,0,0,0,0,0,0,0,0,0
13277,0,0,0,0,0,0,0,0,0
13278,0,0,0,0,0,0,0,0,0
13279,0.00272753,5.22744e-06,5.18259e-09,1.242e-09,1.81146e-10,7.42052e-15,2.25852e-28,4.0935e-53,0.00273277
13280,0,0,0,0,0,0,0,0,0
13281,0,0,0,0,0,0,0,0,0
13282,0,0,0,0,0,0,0,0,0
13283,0,0,0,0,0,0,0,0,0
13284,0,0,0,0,0,0,0,0,0
13285,0,0,0,0,0,0,0,0,0
13286,0,0,0,0,0,0,0,0,0
13287,0,0,0,0,0,0,0,0,0
13288,0,0,0,0,0,0,0,0,0
13289,0,0,0,0,0,0,0,0,0
13290,0,0,0,0,0,0,0,0,0
13291,0,0,0,0,0,0,0,0,0
13292,0.00259639,2.31668e-06,1.04235e-09,2.49457e-10,3.63199e-11,6.5308e-16,1.24086e-30,1.92532e-56,0.00259871
13293,0,0,0,0,0,0,0,0,0
13294,0.0013421,1.23851e-06,5.77206e-10,1.3811e-10,2.0103e-11,3.75698e-16,8.69602e-31,2.06501e-56,0.00134334
13295,0,0,0,0,0,0,0,0,0
13296,0.00182029,2.30314e-06,1.49179e-09,3.56866e-10,5.19301e-11,1.37213e-15,1.0537e-29,6.89464e-55,0.0018226
13297,0,0,0,0,0,0,0,0,0
13298,0,0,0,0,0,0,0,0,0
13299,0,0,0,0,0,0,0,0,0
13300,0,0,0,0,0,0,0,0,0
13301,0,0,0,0,0,0,0,0,0
13302,0,0,0,0,0,0,0,0,0
13303,0,0,0,0,0,0,0,0,0
13304,0,0,0,0,0,0,0,0,0
13305,0.00142776,1.40859e-06,7.07899e-10,1.69186e-10,2.45901e-11,5.01415e-16,1.74279e-30,6.54329e-56,0.00142917
13306,0,0,0,0,0,0,0,0,0
13307,0,0,0,0,0,0,0,0,0
13308,0,0,0,0,0,0,0,0,0
13309,0,0,0,0,0,0,0,0,0
13310,0,0,0,0,0,0,0,0,0
13311,0,0,0,0,0,0,0,0,0
13312,0,0,0,0,0,0,0,0,0
13313,0,0,0,0,0,0,0,0,0
13314,0,0,0,0,0,0,0,0,0
13315,0,0,0,0,0,0,0,0,0
13316,0,0,0,0,0,0,0,0,0
13317,0,0,0,0,0,0,0,0,0
13318,0,0,0,0,0,0,0,0,0
13319,0,0,0,0,0,0,0,0,0
13320,0,0,0,0,0,0,0,0,0
13321,0,0,0,0,0,0,0,0,0
13322,0,0,0,0,0,0,0,0,0
13323,0,0,0,0,0,0,0,0,0
13324,0,0,0,0,0,0,0,0,0
13325,0,0,0,0,0,0,0,0,0
13326,0,0,0,0,0,0,0,0,0
13327,0,0,0,0,0,0,0,0,0
13328,0,0,0,0,0,0,0,0,0
13329,0,0,0,0,0,0,0,0,0
13330,0,0,0,0,0,0,0,0,0
13331,0,0,0,0,0,0,0,0,0
13332,0,0,0,0,0,0,0,0,0
13333,0,0,0,0,0,0,0,0,0
13334,0,0,0,0,0,0,0,0,0
13335,0,0,0,0,0,0,0,0,0
13336,0,0,0,0,0,0,0,0,0
13337,0,0,0,0,0,0,0,0,0
13338,0,0,0,0,0,0,0,0,0
13339,0,0,0,0,0,0,0,0,0
13340,0,0,0,0,0,0,0,0,0
13341,0,0,0,0,0,0,0,0,0
13342,0,0,0,0,0,0,0,0,0
13343,0,0,0,0,0,0,0,0,0
13344,0,0,0,0,0,0,0,0,0
13345,0,0,0,0,0,0,0,0,0
13346,0,0,0,0,0,0,0,0,0
13347,0,0,0,0,0,0,0,0,0
13348,0,0,0,0,0,0,0,0,0
13349,0,0,0,0,0,0,0,0,0
13350,0,0,0,0,0,0,0,0,0
13351,0,0,0,0,0,0,0,0,0
13352,0,0,0,0,0,0,0,0,0
13353,0,0,0,0,0,0,0,0,0
13354,0,0,0,0,0,0,0,0,0
13355,0,0,0,0,0,0,0,0,0
13356,0,0,0,0,0,0,0,0,0
13357,0,0,0,0,0,0,0,0,0
13358,0,0,0,0,0,0,0,0,0
13359,0,0,0,0,0,0,0,0,0
13360,0,0,0,0,0,0,0,0,0
13361,0,0,0,0,0,0,0,0,0
13362,0,0,0,0,0,0,0,0,0
13363,0,0,0,0,0,0,0,0,0
13364,0,0,0,0,0,0,0,0,0
13365,0,0,0,0,0,0,0,0,0
13366,0,0,0,0,0,0,0,0,0
13367,0,0,0,0,0,0,0,0,0
13368,0.0015297,1.61784e-06,8.70426e-10,2.06662e-10,2.97853e-11,6.43143e-16,2.63446e-30,9.23718e-56,0.00153132
13369,0,0,0,0,0,0,0,0,0
13370,0,0,0,0,0,0,0,0,0
13371,0,0,0,0,0,0,0,0,0
13372,0,0,0,0,0,0,0,0,0
13373,0,0,0,0,0,0,0,0,0
13374,0,0,0,0,0,0,0,0,0
13375,0,0,0,0,0,0,0,0,0
13376,0,0,0,0,0,0,0,0,0
13377,0,0,0,0,0,0,0,0,0
13378,0,0,0,0,0,0,0,0,0
13379,0,0,0,0,0,0,0,0,0
13380,0,0,0,0,0,0,0,0,0
13381,0,0,0,0,0,0,0,0,0
13382,0,0,0,0,0,0,0,0,0
13383,0,0,0,0,0,0,0,0,0
13384,0,0,0,0,0,0,0,0,0
13385,0,0,0,0,0,0,0,0,0
13386,0,0,0,0,0,0,0,0,0
13387,0,0,0,0,0,0,0,0,0
13388,0,0,0,0,0,0,0,0,0
13389,0,0,0,0,0,0,0,0,0
13390,0,0,0,0,0,0,0,0,0
13391,0,0,0,0,0,0,0,0,0
13392,0,0,0,0,0,0,0,0,0
13393,0,0,0,0,0,0,0,0,0
13394,0,0,0,0,0,0,0,0,0
13395,0,0,0,0,0,0,0,0,0
13396,0.0014654,1.4816e-06,7.59573e-10,1.7982e-10,2.58209e-11,5.27061e-16,1.77107e-30,4.87593e-56,0.00146688
13397,0,0,0,0,0,0,0,0,0
13398,0,0,0,0,0,0,0,0,0
13399,0,0,0,0,0,0,0,0,0
13400,0.00121107,1.00426e-06,4.17843e-10,9.8874e-11,1.41894e-11,2.31496e-16,3.37351e-31,3.79597e-57,0.00121208
13401,0,0,0,0,0,0,0,0,0
13402,0,0,0,0,0,0,0,0,0
13403,0,0,0,0,0,0,0,0,0
13404,0,0,0,0,0,0,0,0,0
13405,0,0,0,0,0,0,0,0,0
13406,0,0,0,0,0,0,0,0,0
13407,0,0,0,0,0,0,0,0,0
13408,0,0,0,0,0,0,0,0,0
13409,0,0,0,0,0,0,0,0,0
13410,0,0,0,0,0,0,0,0,0
13411,0.00143415,1.41725e-06,7.0862e-10,1.67487e-10,2.40008e-11,4.75373e-16,1.42453e-30,3.37626e-56,0.00143557
13412,0,0,0,0,0,0,0,0,0
13413,0,0,0,0,0,0,0,0,0
13414,0,0,0,0,0,0,0,0,0
13415,0,0,0,0,0,0,0,0,0
13416,0.000672501,2.87184e-07,5.20995e-11,1.23083e-11,1.76272e-12,8.77037e-18,9.69218e-35,4.01828e-57,0.000672788
13417,0,0,0,0,0,0,0,0,0
13418,0,0,0,0,0,0,0,0,0
13419,0.0013918,1.32359e-06,6.25336e-10,1.47682e-10,2.11407e-11,3.82697e-16,5.13554e-31,2.31163e-58,0.00139312
13420,0,0,0,0,0,0,0,0,0
13421,0,0,0,0,0,0,0,0,0
13422,0,0,0,0,0,0,0,0,0
13423,0,0,0,0,0,0,0,0,0
13424,0,0,0,0,0,0,0,0,0
13425,0,0,0,0,0,0,0,0,0
13426,0,0,0,0,0,0,0,0,0
13427,0,0,0,0,0,0,0,0,0
13428,0,0,0,0,0,0,0,0,0
13429,0,0,0,0,0,0,0,0,0
13430,0,0,0,0,0,0,0,0,0
13431,0,0,0,0,0,0,0,0,0
13432,0,0,0,0,0,0,0,0,0
13433,0,0,0,0,0,0,0,0,0
13434,0,0,0,0,0,0,0,0,0
13435,0,0,0,0,0,0,0,0,0
13436,0,0,0,0,0,0,0,0,0
13437,0,0,0,0,0,0,0,0,0
13438,0,0,0,0,0,0,0,0,0
13439,0,0,0,0,0,0,0,0,0
13440,0,0,0,0,0,0,0,0,0
13441,0,0,0,0,0,0,0,0,0
13442,0,0,0,0,0,0,0,0,0
13443,0,0,0,0,0,0,0,0,0
13444,0,0,0,0,0,0,0,0,0
13445,0,0,0,0,0,0,0,0,0
13446,0.00157268,1.70953e-06,9.4346e-10,2.22184e-10,3.16915e-11,6.92801e-16,2.94642e-30,8.65012e-56,0.00157439
13447,0,0,0,0,0,0,0,0,0
13448,0,0,0,0,0,0,0,0,0
13449,0,0,0,0,0,0,0,0,0
13450,0,0,0,0,0,0,0,0,0
13451,0,0,0,0,0,0,0,0,0
13452,0,0,0,0,0,0,0,0,0
13453,0,0,0,0,0,0,0,0,0
13454,0,0,0,0,0,0,0,0,0
13455,0,0,0,0,0,0,0,0,0
13456,0,0,0,0,0,0,0,0,0
13457,0,0,0,0,0,0,0,0,0
13458,0,0,0,0,0,0,0,0,0
13459,0,0,0,0,0,0,0,0,0
13460,0,0,0,0,0,0,0,0,0
13461,0,0,0,0,0,0,0,0,0
13462,0,0,0,0,0,0,0,0,0
13463,0,0,0,0,0,0,0,0,0
13464,0,0,0,0,0,0,0,0,0
13465,0,0,0,0,0,0,0,0,0
13466,0,0,0,0,0,0,0,0,0
13467,0.00100761,6.9295e-07,2.38838e-10,5.61239e-11,7.9831e-12,1.07191e-16,9.63601e-32,8.64383e-58,0.0010083
13468,0,0,0,0,0,0,0,0,0
13469,0.0018298,2.32182e-06,1.49884e-09,3.52139e-10,5.00758e-11,1.27826e-15,8.71852e-30,3.30624e-55,0.00183213
13470,0,0,0,0,0,0,0,0,0
13471,0,0,0,0,0,0,0,0,0
13472,0,0,0,0,0,0,0,0,0
13473,0.00109344,8.09543e-07,2.94008e-10,6.90411e-11,9.81191e-12,1.33128e-16,5.57774e-32,9.16605e-59,0.00109425
13474,0.000897851,5.18954e-07,1.29008e-10,3.02912e-11,4.30425e-12,2.79594e-17,2.16018e-31,2.67383e-56,0.00089837
13475,0,0,0,0,0,0,0,0,0
13476,0,0,0,0,0,0,0,0,0
13477,0,0,0,0,0,0,0,0,0
13478,0,0,0,0,0,0,0,0,0
13479,0,0,0,0,0,0,0,0,0
13480,0,0,0,0,0,0,0,0,0
13481,0,0,0,0,0,0,0,0,0
13482,0,0,0,0,0,0,0,0,0
13483,0,0,0,0,0,0,0,0,0
13484,0,0,0,0,0,0,0,0,0
13485,0,0,0,0,0,0,0,0,0
13486,0,0,0,0,0,0,0,0,0
13487,0,0,0,0,0,0,0,0,0
13488,0,0,0,0,0,0,0,0,0
13489,0,0,0,0,0,0,0,0,0
13490,0,0,0,0,0,0,0,0,0
13491,0,0,0,0,0,0,0,0,0
13492,0,0,0,0,0,0,0,0,0
13493,0,0,0,0,0,0,0,0,0
13494,0,0,0,0,0,0,0,0,0
13495,0,0,0,0,0,0,0,0,0
13496,0,0,0,0,0,0,0,0,0
13497,0,0,0,0,0,0,0,0,0
13498,0,0,0,0,0,0,0,0,0
13499,0,0,0,0,0,0,0,0,0
13500,0,0,0,0,0,0,0,0,0
13501,0,0,0,0,0,0,0,0,0
13502,0,0,0,0,0,0,0,0,0
13503,0,0,0,0,0,0,0,0,0
13504,0.00148973,1.52971e-06,7.9389e-10,1.85841e-10,2.63053e-11,5.33532e-16,1.75502e-30,3.5952e-56,0.00149126
13505,0,0,0,0,0,0,0,0,0
13506,0,0,0,0,0,0,0,0,0
13507,0,0,0,0,0,0,0,0,0
13508,0,0,0,0,0,0,0,0,0
13509,0,0,0,0,0,0,0,0,0
13510,0,0,0,0,0,0,0,0,0
13511,0,0,0,0,0,0,0,0,0
13512,0,0,0,0,0,0,0,0,0
13513,0,0,0,0,0,0,0,0,0
13514,0,0,0,0,0,0,0,0,0
13515,0,0,0,0,0,0,0,0,0
13516,0,0,0,0,0,0,0,0,0
13517,0,0,0,0,0,0,0,0,0
13518,0,0,0,0,0,0,0,0,0
13519,0.00112138,8.59575e-07,3.30067e-10,7.71368e-11,1.08954e-11,1.61554e-16,1.93629e-31,1.79194e-57,0.00112224
13520,0,0,0,0,0,0,0,0,0
13521,0,0,0,0,0,0,0,0,0
13522,0,0,0,0,0,0,0,0,0
13523,0,0,0,0,0,0,0,0,0
13524,0,0,0,0,0,0,0,0,0
13525,0,0,0,0,0,0,0,0,0
13526,0,0,0,0,0,0,0,0,0
13527,0,0,0,0,0,0,0,0,0
13528,0,0,0,0,0,0,0,0,0
13529,0.00167667,1.94122e-06,1.13583e-09,2.65187e-10,3.7411e-11,8.51177e-16,3.86701e-30,8.8137e-56,0.00167861
13530,0,0,0,0,0,0,0,0,0
13531,0,0,0,0,0,0,0,0,0
13532,0,0,0,0,0,0,0,0,0
13533,0,0,0,0,0,0,0,0,0
13534,0,0,0,0,0,0,0,0,0
13535,0,0,0,0,0,0,0,0,0
13536,0.00163117,1.83839e-06,1.04932e-09,2.44806e-10,3.45026e-11,7.68083e-16,3.43527e-30,8.20258e-56,0.00163301
13537,0,0,0,0,0,0,0,0,0
13538,0,0,0,0,0,0,0,0,0
13539,0,0,0,0,0,0,0,0,0
13540,0,0,0,0,0,0,0,0,0
13541,0,0,0,0,0,0,0,0,0
13542,0,0,0,0,0,0,0,0,0
13543,0,0,0,0,0,0,0,0,0
13544,0,0,0,0,0,0,0,0,0
13545,0,0,0,0,0,0,0,0,0
13546,0.000984247,6.5222e-07,2.09942e-10,4.89267e-11,6.88623e-12,8.07543e-17,1.55904e-32,1.35244e-58,0.000984899
13547,0,0,0,0,0,0,0,0,0
13548,0,0,0,0,0,0,0,0,0
13549,0.00123165,1.04009e-06,4.41457e-10,1.02848e-10,1.44697e-11,2.37236e-16,4.03929e-31,4.67191e-57,0.00123269
13550,0,0,0,0,0,0,0,0,0
13551,0,0,0,0,0,0,0,0,0
13552,0.00299307,6.28553e-06,6.77539e-09,1.57812e-09,2.21956e-10,9.43049e-15,3.16587e-28,2.96399e-53,0.00299937
13553,0,0,0,0,0,0,0,0,0
13554,0,0,0,0,0,0,0,0,0
13555,0,0,0,0,0,0,0,0,0
13556,0.00160051,1.76882e-06,9.89162e-10,2.30295e-10,3.23722e-11,7.03594e-16,2.93126e-30,6.36165e-56,0.00160228
13557,0,0,0,0,0,0,0,0,0
13558,0,0,0,0,0,0,0,0,0
13559,0.000583978,2.26937e-07,4.2525e-11,9.89746e-12,1.39071e-12,9.47823e-18,5.46968e-34,1.11029e-62,0.000584205
13560,0,0,0,0,0,0,0,0,0
13561,0,0,0,0,0,0,0,0,0
13562,0,0,0,0,0,0,0,0,0
13563,0,0,0,0,0,0,0,0,0
13564,0.00131691,1.18937e-06,5.38985e-10,1.25375e-10,1.7604e-11,3.06432e-16,5.98427e-31,6.79541e-57,0.0013181
13565,0,0,0,0,0,0,0,0,0
13566,0,0,0,0,0,0,0,0,0
13567,0,0,0,0,0,0,0,0,0
13568,0,0,0,0,0,0,0,0,0
13569,0,0,0,0,0,0,0,0,0
13570,0,0,0,0,0,0,0,0,0
13571,0,0,0,0,0,0,0,0,0
13572,0.00215437,3.22836e-06,2.46291e-09,5.72429e-10,8.02901e-11,2.38856e-15,2.63953e-29,1.07958e-54,0.0021576
13573,0,0,0,0,0,0,0,0,0
13574,0,0,0,0,0,0,0,0,0
13575,0,0,0,0,0,0,0,0,0
13576,0,0,0,0,0,0,0,0,0
13577,0,0,0,0,0,0,0,0,0
13578,0,0,0,0,0,0,0,0,0
13579,0,0,0,0,0,0,0,0,0
13580,0,0,0,0,0,0,0,0,0
13581,0,0,0,0,0,0,0,0,0
13582,0,0,0,0,0,0,0,0,0
13583,0,0,0,0,0,0,0,0,0
13584,0,0,0,0,0,0,0,0,0
13585,0,0,0,0,0,0,0,0,0
13586,0,0,0,0,0,0,0,0,0
13587,0,0,0,0,0,0,0,0,0
13588,0,0,0,0,0,0,0,0,0
13589,0,0,0,0,0,0,0,0,0
13590,0,0,0,0,0,0,0,0,0
13591,0,0,0,0,0,0,0,0,0
13592,0.00196641,2.68125e-06,1.85402e-09,4.30005e-10,6.01516e-11,1.61004e-15,1.25471e-29,3.70835e-55,0.0019691
13593,0,0,0,0,0,0,0,0,0
13594,0,0,0,0,0,0,0,0,0
13595,0,0,0,0,0,0,0,0,0
13596,0,0,0,0,0,0,0,0,0
13597,0.00137395,1.29657e-06,6.14934e-10,1.42557e-10,1.99302e-11,3.62401e-16,8.37392e-31,1.03385e-56,0.00137525
13598,0,0,0,0,0,0,0,0,0
13599,0,0,0,0,0,0,0,0,0
13600,0,0,0,0,0,0,0,0,0
13601,0,0,0,0,0,0,0,0,0
13602,0,0,0,0,0,0,0,0,0
13603,0,0,0,0,0,0,0,0,0
13604,0,0,0,0,0,0,0,0,0
13605,0,0,0,0,0,0,0,0,0
13606,0,0,0,0,0,0,0,0,0
13607,0.000828149,4.6388e-07,1.28411e-10,2.9738e-11,4.152e-12,4.31575e-17,1.59463e-32,4.6463e-59,0.000828614
13608,0,0,0,0,0,0,0,0,0
13609,0,0,0,0,0,0,0,0,0
13610,0,0,0,0,0,0,0,0,0
13611,0.00157764,1.7153e-06,9.39911e-10,2.17564e-10,3.03577e-11,6.38163e-16,2.32206e-30,3.80336e-56,0.00157935
13612,0,0,0,0,0,0,0,0,0
13613,0,0,0,0,0,0,0,0,0
13614,0,0,0,0,0,0,0,0,0
13615,0,0,0,0,0,0,0,0,0
13616,0,0,0,0,0,0,0,0,0
13617,0.000975014,6.40963e-07,2.05467e-10,4.75334e-11,6.62781e-12,7.7466e-17,2.29799e-32,9.49758e-61,0.000975655
13618,0,0,0,0,0,0,0,0,0
13619,0,0,0,0,0,0,0,0,0
13620,0.0010044,6.85325e-07,2.31797e-10,5.36062e-11,7.47128e-12,9.49075e-17,6.39844e-32,2.59692e-58,0.00100509
13621,0,0,0,0,0,0,0,0,0
13622,0,0,0,0,0,0,0,0,0
13623,0,0,0,0,0,0,0,0,0
13624,0,0,0,0,0,0,0,0,0
13625,0,0,0,0,0,0,0,0,0
13626,0,0,0,0,0,0,0,0,0
13627,0.00244425,2.3003e-06,1.18496e-09,2.73827e-10,3.81265e-11,7.90719e-16,3.08089e-30,5.10616e-56,0.00244655
13628,0,0,0,0,0,0,0,0,0
13629,0,0,0,0,0,0,0,0,0
13630,0,0,0,0,0,0,0,0,0
13631,0,0,0,0,0,0,0,0,0
13632,0,0,0,0,0,0,0,0,0
13633,0,0,0,0,0,0,0,0,0
13634,0,0,0,0,0,0,0,0,0
13635,0,0,0,0,0,0,0,0,0
13636,0,0,0,0,0,0,0,0,0
13637,0,0,0,0,0,0,0,0,0
13638,0,0,0,0,0,0,0,0,0
13639,0,0,0,0,0,0,0,0,0
13640,0,0,0,0,0,0,0,0,0
13641,0,0,0,0,0,0,0,0,0
13642,0,0,0,0,0,0,0,0,0
13643,0,0,0,0,0,0,0,0,0
13644,0,0,0,0,0,0,0,0,0
13645,0,0,0,0,0,0,0,0,0
13646,0,0,0,0,0,0,0,0,0
13647,0,0,0,0,0,0,0,0,0
13648,0,0,0,0,0,0,0,0,0
13649,0,0,0,0,0,0,0,0,0
13650,0,0,0,0,0,0,0,0,0
13651,0,0,0,0,0,0,0,0,0
13652,0,0,0,0,0,0,0,0,0
13653,0,0,0,0,0,0,0,0,0
13654,0,0,0,0,0,0,0,0,0
13655,0,0,0,0,0,0,0,0,0
13656,0,0,0,0,0,0,0,0,0
13657,0,0,0,0,0,0,0,0,0
13658,0,0,0,0,0,0,0,0,0
13659,0.00163403,1.84196e-06,1.04723e-09,2.41193e-10,3.34404e-11,7.25604e-16,2.9891e-30,4.88036e-56,0.00163587
13660,0,0,0,0,0,0,0,0,0
13661,0,0,0,0,0,0,0,0,0
13662,0.000719271,3.47794e-07,8.23562e-11,1.89616e-11,2.62783e-12,2.29047e-17,4.4223e-33,5.54989e-60,0.000719619
13663,0,0,0,0,0,0,0,0,0
13664,0,0,0,0,0,0,0,0,0
13665,0,0,0,0,0,0,0,0,0
13666,0,0,0,0,0,0,0,0,0
13667,0.000947747,6.09381e-07,1.93985e-10,4.46427e-11,6.18332e-12,7.34284e-17,4.13862e-32,1.37955e-58,0.000948357
13668,0,0,0,0,0,0,0,0,0
13669,0,0,0,0,0,0,0,0,0
13670,0,0,0,0,0,0,0,0,0
13671,0,0,0,0,0,0,0,0,0
13672,0,0,0,0,0,0,0,0,0
13673,0,0,0,0,0,0,0,0,0
13674,0,0,0,0,0,0,0,0,0
13675,0,0,0,0,0,0,0,0,0
13676,0,0,0,0,0,0,0,0,0
13677,0,0,0,0,0,0,0,0,0
13678,0,0,0,0,0,0,0,0,0
13679,0.000938572,5.95974e-07,1.86255e-10,4.28092e-11,5.91977e-12,6.82405e-17,3.128e-32,6.85103e-59,0.000939168
13680,0,0,0,0,0,0,0,0,0
13681,0,0,0,0,0,0,0,0,0
13682,0,0,0,0,0,0,0,0,0
13683,0,0,0,0,0,0,0,0,0
13684,0.00133986,1.2317e-06,5.67924e-10,1.30464e-10,1.80287e-11,3.1444e-16,6.53739e-31,6.18779e-57,0.00134109
13685,0,0,0,0,0,0,0,0,0
13686,0,0,0,0,0,0,0,0,0
13687,0,0,0,0,0,0,0,0,0
13688,0,0,0,0,0,0,0,0,0
13689,0,0,0,0,0,0,0,0,0
13690,0,0,0,0,0,0,0,0,0
13691,0,0,0,0,0,0,0,0,0
13692,0,0,0,0,0,0,0,0,0
13693,0,0,0,0,0,0,0,0,0
13694,0,0,0,0,0,0,0,0,0
13695,0,0,0,0,0,0,0,0,0
13696,0,0,0,0,0,0,0,0,0
13697,0,0,0,0,0,0,0,0,0
13698,0.00196405,2.67191e-06,1.83801e-09,4.21638e-10,5.81624e-11,1.52197e-15,1.11661e-29,2.44745e-55,0.00196672
13699,0,0,0,0,0,0,0,0,0
13700,0,0,0,0,0,0,0,0,0
13701,0,0,0,0,0,0,0,0,0
13702,0.00185232,2.37212e-06,1.53277e-09,3.51445e-10,4.84493e-11,1.18711e-15,7.015e-30,1.28539e-55,0.00185469
13703,0,0,0,0,0,0,0,0,0
13704,0,0,0,0,0,0,0,0,0
13705,0,0,0,0,0,0,0,0,0
13706,0,0,0,0,0,0,0,0,0
13707,0,0,0,0,0,0,0,0,0
13708,0,0,0,0,0,0,0,0,0
13709,0,0,0,0,0,0,0,0,0
13710,0,0,0,0,0,0,0,0,0
13711,0,0,0,0,0,0,0,0,0
13712,0,0,0,0,0,0,0,0,0
13713,0,0,0,0,0,0,0,0,0
13714,0,0,0,0,0,0,0,0,0
13715,0,0,0,0,0,0,0,0,0
13716,0.00120318,9.88935e-07,4.05258e-10,9.27835e-11,1.27669e-11,1.9554e-16,2.60016e-31,1.56481e-57,0.00120417
13717,0,0,0,0,0,0,0,0,0
13718,0,0,0,0,0,0,0,0,0
13719,0,0,0,0,0,0,0,0,0
13720,0,0,0,0,0,0,0,0,0
13721,0,0,0,0,0,0,0,0,0
13722,0,0,0,0,0,0,0,0,0
13723,0.0015913,1.74371e-06,9.60391e-10,2.19723e-10,3.02058e-11,6.268e-16,2.21909e-30,2.71623e-56,0.00159304
13724,0,0,0,0,0,0,0,0,0
13725,0,0,0,0,0,0,0,0,0
13726,0,0,0,0,0,0,0,0,0
13727,0,0,0,0,0,0,0,0,0
13728,0,0,0,0,0,0,0,0,0
13729,0,0,0,0,0,0,0,0,0
13730,0,0,0,0,0,0,0,0,0
13731,0,0,0,0,0,0,0,0,0
13732,0,0,0,0,0,0,0,0,0
13733,0,0,0,0,0,0,0,0,0
13734,0.00170464,2.00445e-06,1.18644e-09,2.71123e-10,3.72166e-11,8.29928e-16,3.69377e-30,5.18343e-56,0.00170665
13735,0,0,0,0,0,0,0,0,0
13736,0,0,0,0,0,0,0,0,0
13737,0,0,0,0,0,0,0,0,0
13738,0,0,0,0,0,0,0,0,0
13739,0,0,0,0,0,0,0,0,0
13740,0,0,0,0,0,0,0,0,0
13741,0,0,0,0,0,0,0,0,0
13742,0,0,0,0,0,0,0,0,0
13743,0,0,0,0,0,0,0,0,0
13744,0,0,0,0,0,0,0,0,0
13745,0,0,0,0,0,0,0,0,0
13746,0,0,0,0,0,0,0,0,0
13747,0,0,0,0,0,0,0,0,0
13748,0,0,0,0,0,0,0,0,0
13749,0,0,0,0,0,0,0,0,0
13750,0,0,0,0,0,0,0,0,0
13751,0,0,0,0,0,0,0,0,0
13752,0,0,0,0,0,0,0,0,0
13753,0,0,0,0,0,0,0,0,0
13754,0,0,0,0,0,0,0,0,0
13755,0,0,0,0,0,0,0,0,0
13756,0,0,0,0,0,0,0,0,0
13757,0,0,0,0,0,0,0,0,0
13758,0,0,0,0,0,0,0,0,0
13759,0,0,0,0,0,0,0,0,0
13760,0,0,0,0,0,0,0,0,0
13761,0,0,0,0,0,0,0,0,0
13762,0,0,0,0,0,0,0,0,0
13763,0,0,0,0,0,0,0,0,0
13764,0,0,0,0,0,0,0,0,0
13765,0,0,0,0,0,0,0,0,0
13766,0,0,0,0,0,0,0,0,0
13767,0,0,0,0,0,0,0,0,0
13768,0,0,0,0,0,0,0,0,0
13769,0,0,0,0,0,0,0,0,0
13770,0,0,0,0,0,0,0,0,0
13771,0,0,0,0,0,0,0,0,0
13772,0,0,0,0,0,0,0,0,0
13773,0,0,0,0,0,0,0,0,0
13774,0,0,0,0,0,0,0,0,0
13775,0,0,0,0,0,0,0,0,0
13776,0,0,0,0,0,0,0,0,0
13777,0,0,0,0,0,0,0,0,0
13778,0.00115503,9.08906e-07,3.54851e-10,8.0723e-11,1.10169e-11,1.58384e-16,1.66267e-31,6.7625e-58,0.00115593
13779,0,0,0,0,0,0,0,0,0
13780,0,0,0,0,0,0,0,0,0
13781,0,0,0,0,0,0,0,0,0
13782,0,0,0,0,0,0,0,0,0
13783,0,0,0,0,0,0,0,0,0
13784,0,0,0,0,0,0,0,0,0
13785,0,0,0,0,0,0,0,0,0
13786,0,0,0,0,0,0,0,0,0
13787,0,0,0,0,0,0,0,0,0
13788,0,0,0,0,0,0,0,0,0
13789,0,0,0,0,0,0,0,0,0
13790,0,0,0,0,0,0,0,0,0
13791,0,0,0,0,0,0,0,0,0
13792,0,0,0,0,0,0,0,0,0
13793,0,0,0,0,0,0,0,0,0
13794,0,0,0,0,0,0,0,0,0
13795,0,0,0,0,0,0,0,0,0
13796,0,0,0,0,0,0,0,0,0
13797,0,0,0,0,0,0,0,0,0
13798,0,0,0,0,0,0,0,0,0
13799,0,0,0,0,0,0,0,0,0
13800,0,0,0,0,0,0,0,0,0
13801,0,0,0,0,0,0,0,0,0
13802,0,0,0,0,0,0,0,0,0
13803,0,0,0,0,0,0,0,0,0
13804,0,0,0,0,0,0,0,0,0
13805,0,0,0,0,0,0,0,0,0
13806,0,0,0,0,0,0,0,0,0
13807,0,0,0,0,0,0,0,0,0
13808,0,0,0,0,0,0,0,0,0
13809,0,0,0,0,0,0,0,0,0
13810,0,0,0,0,0,0,0,0,0
13811,0,0,0,0,0,0,0,0,0
13812,0,0,0,0,0,0,0,0,0
13813,0,0,0,0,0,0,0,0,0
13814,0,0,0,0,0,0,0,0,0
13815,0,0,0,0,0,0,0,0,0
13816,0,0,0,0,0,0,0,0,0
13817,0,0,0,0,0,0,0,0,0
13818,0,0,0,0,0,0,0,0,0
13819,0,0,0,0,0,0,0,0,0
13820,0,0,0,0,0,0,0,0,0
13821,0,0,0,0,0,0,0,0,0
13822,0.00118302,9.54111e-07,3.81914e-10,8.64824e-11,1.17343e-11,1.72096e-16,1.9722e-31,7.96413e-58,0.00118398
13823,0,0,0,0,0,0,0,0,0
13824,0,0,0,0,0,0,0,0,0
13825,0,0,0,0,0,0,0,0,0
13826,0,0,0,0,0,0,0,0,0
13827,0.00112921,8.67352e-07,3.29548e-10,7.45882e-11,1.01142e-11,1.40049e-16,1.28908e-31,4.1403e-58,0.00113008
13828,0,0,0,0,0,0,0,0,0
13829,0,0,0,0,0,0,0,0,0
13830,0,0,0,0,0,0,0,0,0
13831,0,0,0,0,0,0,0,0,0
13832,0,0,0,0,0,0,0,0,0
13833,0,0,0,0,0,0,0,0,0
13834,0,0,0,0,0,0,0,0,0
13835,0,0,0,0,0,0,0,0,0
13836,0,0,0,0,0,0,0,0,0
13837,0,0,0,0,0,0,0,0,0
13838,0,0,0,0,0,0,0,0,0
13839,0,0,0,0,0,0,0,0,0
13840,0,0,0,0,0,0,0,0,0
13841,0,0,0,0,0,0,0,0,0
13842,0,0,0,0,0,0,0,0,0
13843,0,0,0,0,0,0,0,0,0
13844,0,0,0,0,0,0,0,0,0
13845,0,0,0,0,0,0,0,0,0
13846,0,0,0,0,0,0,0,0,0
13847,0,0,0,0,0,0,0,0,0
13848,0,0,0,0,0,0,0,0,0
13849,0,0,0,0,0,0,0,0,0
13850,0,0,0,0,0,0,0,0,0
13851,0,0,0,0,0,0,0,0,0
13852,0,0,0,0,0,0,0,0,0
13853,0,0,0,0,0,0,0,0,0
13854,0,0,0,0,0,0,0,0,0
13855,0,0,0,0,0,0,0,0,0
13856,0,0,0,0,0,0,0,0,0
13857,0.000117323,1.15329e-11,1.09292e-11,2.46582e-12,3.33019e-13,1.09099e-17,9.93619e-33,1.63178e-65,0.000117323
13858,0,0,0,0,0,0,0,0,0
13859,0,0,0,0,0,0,0,0,0
13860,0.00122824,1.02904e-06,4.27832e-10,9.64936e-11,1.30262e-11,1.9735e-16,2.51599e-31,1.00137e-57,0.00122927
13861,0,0,0,0,0,0,0,0,0
13862,0,0,0,0,0,0,0,0,0
13863,0,0,0,0,0,0,0,0,0
13864,0.00103825,7.32387e-07,2.55554e-10,5.76126e-11,7.77311e-12,9.85287e-17,7.30326e-32,2.00877e-58,0.00103898
13865,0.001526,1.59855e-06,8.36509e-10,1.88577e-10,2.54417e-11,4.88477e-16,1.3439e-30,9.43564e-57,0.0015276
13866,0,0,0,0,0,0,0,0,0
13867,0,0,0,0,0,0,0,0,0
13868,0,0,0,0,0,0,0,0,0
13869,0,0,0,0,0,0,0,0,0
13870,0.00128836,1.13258e-06,4.93585e-10,1.11215e-10,1.49948e-11,2.37263e-16,3.33335e-31,1.28841e-57,0.00128949
13871,0.00103338,7.24955e-07,2.5117e-10,5.65869e-11,7.62829e-12,9.56903e-17,6.70725e-32,1.68409e-58,0.00103411
13872,0.00118716,9.59108e-07,3.82947e-10,8.6266e-11,1.16276e-11,1.67862e-16,1.72538e-31,5.0345e-58,0.00118812
13873,0,0,0,0,0,0,0,0,0
13874,0,0,0,0,0,0,0,0,0
13875,0,0,0,0,0,0,0,0,0
13876,0,0,0,0,0,0,0,0,0
13877,0,0,0,0,0,0,0,0,0
13878,0,0,0,0,0,0,0,0,0
13879,0,0,0,0,0,0,0,0,0
13880,0,0,0,0,0,0,0,0,0
13881,0,0,0,0,0,0,0,0,0
13882,0,0,0,0,0,0,0,0,0
13883,0,0,0,0,0,0,0,0,0
13884,0,0,0,0,0,0,0,0,0
13885,0,0,0,0,0,0,0,0,0
13886,0,0,0,0,0,0,0,0,0
13887,0,0,0,0,0,0,0,0,0
13888,0,0,0,0,0,0,0,0,0
13889,0,0,0,0,0,0,0,0,0
13890,0,0,0,0,0,0,0,0,0
13891,0,0,0,0,0,0,0,0,0
13892,0,0,0,0,0,0,0,0,0
13893,0,0,0,0,0,0,0,0,0
13894,0,0,0,0,0,0,0,0,0
13895,0,0,0,0,0,0,0,0,0
13896,0,0,0,0,0,0,0,0,0
13897,0,0,0,0,0,0,0,0,0
13898,0,0,0,0,0,0,0,0,0
13899,0,0,0,0,0,0,0,0,0
13900,0,0,0,0,0,0,0,0,0
13901,0,0,0,0,0,0,0,0,0
13902,0,0,0,0,0,0,0,0,0
13903,0,0,0,0,0,0,0,0,0
13904,0,0,0,0,0,0,0,0,0
13905,0,0,0,0,0,0,0,0,0
13906,0.00106232,7.60545e-07,2.64179e-10,5.92994e-11,7.95667e-12,9.65085e-17,3.75935e-32,5.9584e-60,0.00106308
13907,0,0,0,0,0,0,0,0,0
13908,0,0,0,0,0,0,0,0,0
13909,0,0,0,0,0,0,0,0,0
13910,0,0,0,0,0,0,0,0,0
13911,0,0,0,0,0,0,0,0,0
13912,0,0,0,0,0,0,0,0,0
13913,0,0,0,0,0,0,0,0,0
13914,0,0,0,0,0,0,0,0,0
13915,0,0,0,0,0,0,0,0,0
13916,0,0,0,0,0,0,0,0,0
13917,0,0,0,0,0,0,0,0,0
13918,0.000963043,6.28279e-07,2.01897e-10,4.52625e-11,6.06354e-12,6.99247e-17,3.80629e-32,7.18785e-59,0.000963672
13919,0,0,0,0,0,0,0,0,0
13920,0,0,0,0,0,0,0,0,0
13921,0,0,0,0,0,0,0,0,0
13922,0,0,0,0,0,0,0,0,0
13923,0.000833866,4.53066e-07,1.10489e-10,2.47568e-11,3.31425e-12,2.3602e-17,1.11176e-32,4.63967e-58,0.000834319
13924,0,0,0,0,0,0,0,0,0
13925,0,0,0,0,0,0,0,0,0
13926,0,0,0,0,0,0,0,0,0
13927,0,0,0,0,0,0,0,0,0
13928,0,0,0,0,0,0,0,0,0
13929,0,0,0,0,0,0,0,0,0
13930,0,0,0,0,0,0,0,0,0
13931,0,0,0,0,0,0,0,0,0
13932,0,0,0,0,0,0,0,0,0
13933,0,0,0,0,0,0,0,0,0
13934,0,0,0,0,0,0,0,0,0
13935,0,0,0,0,0,0,0,0,0
13936,0,0,0,0,0,0,0,0,0
13937,0,0,0,0,0,0,0,0,0
13938,0,0,0,0,0,0,0,0,0
13939,0,0,0,0,0,0,0,0,0
13940,0,0,0,0,0,0,0,0,0
13941,0,0,0,0,0,0,0,0,0
13942,0.00117663,9.43047e-07,3.74272e-10,8.3695e-11,1.11762e-11,1.59581e-16,1.73507e-31,5.17926e-58,0.00117757
13943,0,0,0,0,0,0,0,0,0
13944,0.00131587,1.18142e-06,5.25221e-10,1.17424e-10,1.56758e-11,2.502e-16,3.67306e-31,1.2478e-57,0.00131705
13945,0,0,0,0,0,0,0,0,0
13946,0,0,0,0,0,0,0,0,0
13947,0,0,0,0,0,0,0,0,0
13948,0,0,0,0,0,0,0,0,0
13949,0,0,0,0,0,0,0,0,0
13950,0,0,0,0,0,0,0,0,0
13951,0,0,0,0,0,0,0,0,0
13952,0,0,0,0,0,0,0,0,0
13953,0,0,0,0,0,0,0,0,0
13954,0.000971135,6.38878e-07,2.06928e-10,4.62177e-11,6.16217e-12,7.12519e-17,3.94909e-32,6.99652e-59,0.000971774
13955,0,0,0,0,0,0,0,0,0
13956,0,0,0,0,0,0,0,0,0
13957,0,0,0,0,0,0,0,0,0
13958,0,0,0,0,0,0,0,0,0
13959,0.000711333,3.39563e-07,7.89884e-11,1.76328e-11,2.34938e-12,1.92659e-17,3.46106e-33,2.52584e-60,0.000711673
13960,0,0,0,0,0,0,0,0,0
13961,0,0,0,0,0,0,0,0,0
13962,0.000977689,6.43757e-07,2.05905e-10,4.59511e-11,6.12019e-12,6.81777e-17,2.38266e-32,9.9159e-60,0.000978333
13963,0,0,0,0,0,0,0,0,0
13964,0,0,0,0,0,0,0,0,0
13965,0,0,0,0,0,0,0,0,0
13966,0,0,0,0,0,0,0,0,0
13967,0,0,0,0,0,0,0,0,0
13968,0,0,0,0,0,0,0,0,0
13969,0,0,0,0,0,0,0,0,0
13970,0,0,0,0,0,0,0,0,0
13971,0,0,0,0,0,0,0,0,0
13972,0,0,0,0,0,0,0,0,0
13973,0,0,0,0,0,0,0,0,0
13974,0,0,0,0,0,0,0,0,0
13975,0,0,0,0,0,0,0,0,0
13976,0,0,0,0,0,0,0,0,0
13977,0.00102905,7.16067e-07,2.43838e-10,5.43318e-11,7.22208e-12,8.65649e-17,4.62449e-32,5.45648e-59,0.00102977
13978,0,0,0,0,0,0,0,0,0
13979,0,0,0,0,0,0,0,0,0
13980,0,0,0,0,0,0,0,0,0
13981,0,0,0,0,0,0,0,0,0
13982,0,0,0,0,0,0,0,0,0
13983,0,0,0,0,0,0,0,0,0
13984,0,0,0,0,0,0,0,0,0
13985,0,0,0,0,0,0,0,0,0
13986,0,0,0,0,0,0,0,0,0
13987,0,0,0,0,0,0,0,0,0
13988,0,0,0,0,0,0,0,0,0
13989,0,0,0,0,0,0,0,0,0
13990,0,0,0,0,0,0,0,0,0
13991,0,0,0,0,0,0,0,0,0
13992,0,0,0,0,0,0,0,0,0
13993,0.00099457,6.70138e-07,2.22125e-10,4.94092e-11,6.55346e-12,7.70458e-17,4.48652e-32,7.3972e-59,0.000995241
13994,0,0,0,0,0,0,0,0,0
13995,0,0,0,0,0,0,0,0,0
13996,0,0,0,0,0,0,0,0,0
13997,0,0,0,0,0,0,0,0,0
13998,0,0,0,0,0,0,0,0,0
13999,0,0,0,0,0,0,0,0,0
14000,0,0,0,0,0,0,0,0,0
14001,0,0,0,0,0,0,0,0,0
14002,0,0,0,0,0,0,0,0,0
14003,0,0,0,0,0,0,0,0,0
14004,0,0,0,0,0,0,0,0,0
14005,0,0,0,0,0,0,0,0,0
14006,0,0,0,0,0,0,0,0,0
14007,0,0,0,0,0,0,0,0,0
14008,0,0,0,0,0,0,0,0,0
14009,0,0,0,0,0,0,0,0,0
14010,0,0,0,0,0,0,0,0,0
14011,0,0,0,0,0,0,0,0,0
14012,0,0,0,0,0,0,0,0,0
14013,0,0,0,0,0,0,0,0,0
14014,0,0,0,0,0,0,0,0,0
14015,0,0,0,0,0,0,0,0,0
14016,0,0,0,0,0,0,0,0,0
14017,0,0,0,0,0,0,0,0,0
14018,0,0,0,0,0,0,0,0,0
14019,0.00118377,9.5348e-07,3.79158e-10,8.41111e-11,1.11178e-11,1.5681e-16,1.62356e-31,3.78277e-58,0.00118472
14020,0,0,0,0,0,0,0,0,0
14021,0,0,0,0,0,0,0,0,0
14022,0,0,0,0,0,0,0,0,0
14023,0,0,0,0,0,0,0,0,0
14024,0,0,0,0,0,0,0,0,0
14025,0,0,0,0,0,0,0,0,0
14026,0,0,0,0,0,0,0,0,0
14027,0,0,0,0,0,0,0,0,0
14028,0.000791478,4.21232e-07,1.09297e-10,2.42228e-11,3.19788e-12,2.89808e-17,7.14391e-33,5.4684e-60,0.000791899
14029,0,0,0,0,0,0,0,0,0
14030,0,0,0,0,0,0,0,0,0
14031,0,0,0,0,0,0,0,0,0
14032,0,0,0,0,0,0,0,0,0
14033,0,0,0,0,0,0,0,0,0
14034,0,0,0,0,0,0,0,0,0
14035,0,0,0,0,0,0,0,0,0
14036,0,0,0,0,0,0,0,0,0
14037,0,0,0,0,0,0,0,0,0
14038,0,0,0,0,0,0,0,0,0
14039,0,0,0,0,0,0,0,0,0
14040,0,0,0,0,0,0,0,0,0
14041,0,0,0,0,0,0,0,0,0
14042,0,0,0,0,0,0,0,0,0
14043,0,0,0,0,0,0,0,0,0
14044,0,0,0,0,0,0,0,0,0
14045,0,0,0,0,0,0,0,0,0
14046,0,0,0,0,0,0,0,0,0
14047,0,0,0,0,0,0,0,0,0
14048,0,0,0,0,0,0,0,0,0
14049,0,0,0,0,0,0,0,0,0
14050,0,0,0,0,0,0,0,0,0
14051,0.00112643,8.60286e-07,3.22331e-10,7.12667e-11,9.38017e-12,1.22977e-16,9.33665e-32,1.39381e-58,0.00112729
14052,0,0,0,0,0,0,0,0,0
14053,0,0,0,0,0,0,0,0,0
14054,0,0,0,0,0,0,0,0,0
14055,0.00124007,1.04738e-06,4.36935e-10,9.65668e-11,1.27037e-11,1.87153e-16,2.23921e-31,5.32289e-58,0.00124112
14056,0,0,0,0,0,0,0,0,0
14057,0,0,0,0,0,0,0,0,0
14058,0,0,0,0,0,0,0,0,0
14059,0,0,0,0,0,0,0,0,0
14060,0,0,0,0,0,0,0,0,0
14061,0,0,0,0,0,0,0,0,0
14062,0,0,0,0,0,0,0,0,0
14063,0,0,0,0,0,0,0,0,0
14064,0,0,0,0,0,0,0,0,0
14065,0,0,0,0,0,0,0,0,0
14066,0,0,0,0,0,0,0,0,0
14067,0,0,0,0,0,0,0,0,0
14068,0,0,0,0,0,0,0,0,0
14069,0.00270901,1.71385e-06,5.48872e-10,1.21134e-10,1.59069e-11,1.83159e-16,1.12409e-31,1.68073e-58,0.00271073
14070,0,0,0,0,0,0,0,0,0
14071,0,0,0,0,0,0,0,0,0
14072,0,0,0,0,0,0,0,0,0
14073,0,0,0,0,0,0,0,0,0
14074,0,0,0,0,0,0,0,0,0
14075,0,0,0,0,0,0,0,0,0
14076,0,0,0,0,0,0,0,0,0
14077,0,0,0,0,0,0,0,0,0
14078,0,0,0,0,0,0,0,0,0
14079,0,0,0,0,0,0,0,0,0
14080,0,0,0,0,0,0,0,0,0
14081,0,0,0,0,0,0,0,0,0
14082,0,0,0,0,0,0,0,0,0
14083,0,0,0,0,0,0,0,0,0
14084,0,0,0,0,0,0,0,0,0
14085,0,0,0,0,0,0,0,0,0
14086,0,0,0,0,0,0,0,0,0
14087,0,0,0,0,0,0,0,0,0
14088,0,0,0,0,0,0,0,0,0
14089,0,0,0,0,0,0,0,0,0
14090,0,0,0,0,0,0,0,0,0
14091,0,0,0,0,0,0,0,0,0
14092,0,0,0,0,0,0,0,0,0
14093,0,0,0,0,0,0,0,0,0
14094,0,0,0,0,0,0,0,0,0
14095,0,0,0,0,0,0,0,0,0
14096,0,0,0,0,0,0,0,0,0
14097,0,0,0,0,0,0,0,0,0
14098,0,0,0,0,0,0,0,0,0
14099,0,0,0,0,0,0,0,0,0
14100,0,0,0,0,0,0,0,0,0
14101,0,0,0,0,0,0,0,0,0
14102,0,0,0,0,0,0,0,0,0
14103,0,0,0,0,0,0,0,0,0
14104,0,0,0,0,0,0,0,0,0
14105,0,0,0,0,0,0,0,0,0
14106,0,0,0,0,0,0,0,0,0
14107,0,0,0,0,0,0,0,0,0
14108,0,0,0,0,0,0,0,0,0
14109,0,0,0,0,0,0,0,0,0
14110,0,0,0,0,0,0,0,0,0
14111,0,0,0,0,0,0,0,0,0
14112,0,0,0,0,0,0,0,0,0
14113,0,0,0,0,0,0,0,0,0
14114,0,0,0,0,0,0,0,0,0
14115,0.00233991,2.02202e-06,9.22579e-10,2.02641e-10,2.64491e-11,4.43546e-16,9.1597e-31,2.84812e-57,0.00234193
14116,0,0,0,0,0,0,0,0,0
14117,0,0,0,0,0,0,0,0,0
14118,0,0,0,0,0,0,0,0,0
14119,0,0,0,0,0,0,0,0,0
14120,0,0,0,0,0,0,0,0,0
14121,0,0,0,0,0,0,0,0,0
14122,0,0,0,0,0,0,0,0,0
14123,0,0,0,0,0,0,0,0,0
14124,0,0,0,0,0,0,0,0,0
14125,0,0,0,0,0,0,0,0,0
14126,0,0,0,0,0,0,0,0,0
14127,0,0,0,0,0,0,0,0,0
14128,0,0,0,0,0,0,0,0,0
14129,0,0,0,0,0,0,0,0,0
14130,0.00104977,7.46537e-07,2.60465e-10,5.71184e-11,7.44001e-12,9.00908e-17,5.80323e-32,7.3002e-59,0.00105052
14131,0,0,0,0,0,0,0,0,0
14132,0,0,0,0,0,0,0,0,0
14133,0,0,0,0,0,0,0,0,0
14134,0,0,0,0,0,0,0,0,0
14135,0,0,0,0,0,0,0,0,0
14136,0.00148939,7.55619e-07,1.88048e-10,4.12141e-11,5.36448e-12,4.60749e-17,1.03595e-32,7.6547e-60,0.00149014
14137,0.00072912,3.46085e-07,7.41244e-11,1.62424e-11,2.11359e-12,1.32714e-17,8.79458e-34,2.13534e-59,0.000729466
14138,0,0,0,0,0,0,0,0,0
14139,0,0,0,0,0,0,0,0,0
14140,0,0,0,0,0,0,0,0,0
14141,0,0,0,0,0,0,0,0,0
14142,0,0,0,0,0,0,0,0,0
14143,0,0,0,0,0,0,0,0,0
14144,0,0,0,0,0,0,0,0,0
14145,0.000826812,4.59763e-07,1.24434e-10,2.72464e-11,3.54221e-12,3.29086e-17,8.96529e-33,5.68003e-60,0.000827272
14146,0,0,0,0,0,0,0,0,0
14147,0.000763403,3.90795e-07,9.69981e-11,2.12333e-11,2.75951e-12,2.33851e-17,4.60519e-33,2.16303e-60,0.000763794
14148,0,0,0,0,0,0,0,0,0
14149,0,0,0,0,0,0,0,0,0
14150,0,0,0,0,0,0,0,0,0
14151,0,0,0,0,0,0,0,0,0
14152,0,0,0,0,0,0,0,0,0
14153,0,0,0,0,0,0,0,0,0
14154,0,0,0,0,0,0,0,0,0
14155,0,0,0,0,0,0,0,0,0
14156,0,0,0,0,0,0,0,0,0
14157,0,0,0,0,0,0,0,0,0
14158,0.00100988,6.89012e-07,2.29537e-10,5.01887e-11,6.51307e-12,7.45101e-17,3.80845e-32,3.48585e-59,0.00101057
14159,0,0,0,0,0,0,0,0,0
14160,0,0,0,0,0,0,0,0,0
14161,0,0,0,0,0,0,0,0,0
14162,0,0,0,0,0,0,0,0,0
14163,0,0,0,0,0,0,0,0,0
14164,0,0,0,0,0,0,0,0,0
14165,0,0,0,0,0,0,0,0,0
14166,0,0,0,0,0,0,0,0,0
14167,0,0,0,0,0,0,0,0,0
14168,0,0,0,0,0,0,0,0,0
14169,0.000858111,4.95859e-07,1.39654e-10,3.05017e-11,3.95266e-12,3.81648e-17,1.19919e-32,8.13264e-60,0.000858608
14170,0,0,0,0,0,0,0,0,0
14171,0.000645811,2.78323e-07,5.78598e-11,1.2635e-11,1.637e-12,1.15201e-17,1.26303e-33,3.70873e-61,0.000646089
14172,0,0,0,0,0,0,0,0,0
14173,0,0,0,0,0,0,0,0,0
14174,0,0,0,0,0,0,0,0,0
14175,0,0,0,0,0,0,0,0,0
14176,0,0,0,0,0,0,0,0,0
14177,0,0,0,0,0,0,0,0,0
14178,0,0,0,0,0,0,0,0,0
14179,0,0,0,0,0,0,0,0,0
14180,0,0,0,0,0,0,0,0,0
14181,0,0,0,0,0,0,0,0,0
14182,0,0,0,0,0,0,0,0,0
14183,0,0,0,0,0,0,0,0,0
14184,0,0,0,0,0,0,0,0,0
14185,0,0,0,0,0,0,0,0,0
14186,0,0,0,0,0,0,0,0,0
14187,0.00092156,5.72946e-07,1.73883e-10,3.79068e-11,4.90062e-12,5.09497e-17,2.03301e-32,1.57345e-59,0.000922133
14188,0,0,0,0,0,0,0,0,0
14189,0,0,0,0,0,0,0,0,0
14190,0,0,0,0,0,0,0,0,0
14191,0,0,0,0,0,0,0,0,0
14192,0,0,0,0,0,0,0,0,0
14193,0,0,0,0,0,0,0,0,0
14194,0,0,0,0,0,0,0,0,0
14195,0,0,0,0,0,0,0,0,0
14196,0,0,0,0,0,0,0,0,0
14197,0,0,0,0,0,0,0,0,0
14198,0.00100455,6.81965e-07,2.26197e-10,4.92547e-11,6.3584e-12,7.21582e-17,3.7362e-32,3.3116e-59,0.00100524
14199,0,0,0,0,0,0,0,0,0
14200,0.00165735,1.87988e-06,1.0534e-09,2.29325e-10,2.95953e-11,5.73117e-16,1.56169e-30,4.35065e-57,0.00165923
14201,0,0,0,0,0,0,0,0,0
14202,0,0,0,0,0,0,0,0,0
14203,0,0,0,0,0,0,0,0,0
14204,0,0,0,0,0,0,0,0,0
14205,0.00080507,4.34799e-07,1.13729e-10,2.47472e-11,3.19181e-12,2.82344e-17,6.32787e-33,2.81265e-60,0.000805505
14206,0,0,0,0,0,0,0,0,0
14207,0,0,0,0,0,0,0,0,0
14208,0,0,0,0,0,0,0,0,0
14209,0,0,0,0,0,0,0,0,0
14210,0,0,0,0,0,0,0,0,0
14211,0,0,0,0,0,0,0,0,0
14212,0,0,0,0,0,0,0,0,0
14213,0.00159082,8.52683e-07,2.22142e-10,4.82954e-11,6.22209e-12,5.49869e-17,1.32112e-32,7.13467e-60,0.00159167
14214,0,0,0,0,0,0,0,0,0
14215,4.29112e-05,2.19365e-07,1.35519e-10,2.9458e-11,3.79435e-12,6.19891e-17,6.44443e-32,7.88491e-59,4.31307e-05
14216,0.000667768,2.96615e-07,6.30159e-11,1.36956e-11,1.76371e-12,1.24265e-17,1.14827e-33,1.79677e-61,0.000668064
14217,0,0,0,0,0,0,0,0,0
14218,0.00121949,1.009e-06,4.08783e-10,8.88279e-11,1.14367e-11,1.58243e-16,1.48046e-31,1.81765e-58,0.0012205
14219,0,0,0,0,0,0,0,0,0
14220,0,0,0,0,0,0,0,0,0
14221,0,0,0,0,0,0,0,0,0
14222,0,0,0,0,0,0,0,0,0
14223,0,0,0,0,0,0,0,0,0
14224,0,0,0,0,0,0,0,0,0
14225,0,0,0,0,0,0,0,0,0
14226,0,0,0,0,0,0,0,0,0
14227,0,0,0,0,0,0,0,0,0
14228,0.000630774,2.63332e-07,5.20737e-11,1.13033e-11,1.45332e-12,9.35885e-18,4.95855e-34,9.27853e-63,0.000631038
14229,0,0,0,0,0,0,0,0,0
14230,0,0,0,0,0,0,0,0,0
14231,0,0,0,0,0,0,0,0,0
14232,0,0,0,0,0,0,0,0,0
14233,0,0,0,0,0,0,0,0,0
14234,0,0,0,0,0,0,0,0,0
14235,0.00100527,6.80903e-07,2.23819e-10,4.85489e-11,6.2366e-12,6.90538e-17,2.9778e-32,1.76654e-59,0.00100595
14236,0,0,0,0,0,0,0,0,0
14237,0,0,0,0,0,0,0,0,0
14238,0,0,0,0,0,0,0,0,0
14239,0,0,0,0,0,0,0,0,0
14240,0,0,0,0,0,0,0,0,0
14241,0,0,0,0,0,0,0,0,0
14242,0,0,0,0,0,0,0,0,0
14243,0,0,0,0,0,0,0,0,0
14244,0,0,0,0,0,0,0,0,0
14245,0,0,0,0,0,0,0,0,0
14246,0,0,0,0,0,0,0,0,0
14247,0,0,0,0,0,0,0,0,0
14248,0,0,0,0,0,0,0,0,0
14249,0,0,0,0,0,0,0,0,0
14250,0,0,0,0,0,0,0,0,0
14251,0,0,0,0,0,0,0,0,0
14252,0,0,0,0,0,0,0,0,0
14253,0,0,0,0,0,0,0,0,0
14254,0,0,0,0,0,0,0,0,0
14255,0,0,0,0,0,0,0,0,0
14256,0,0,0,0,0,0,0,0,0
14257,0,0,0,0,0,0,0,0,0
14258,0,0,0,0,0,0,0,0,0
14259,0,0,0,0,0,0,0,0,0
14260,0,0,0,0,0,0,0,0,0
14261,0,0,0,0,0,0,0,0,0
14262,0,0,0,0,0,0,0,0,0
14263,0,0,0,0,0,0,0,0,0
14264,0,0,0,0,0,0,0,0,0
14265,0,0,0,0,0,0,0,0,0
14266,0,0,0,0,0,0,0,0,0
14267,0,0,0,0,0,0,0,0,0
14268,0,0,0,0,0,0,0,0,0
14269,0,0,0,0,0,0,0,0,0
14270,0,0,0,0,0,0,0,0,0
14271,0.000654372,2.85304e-07,5.974e-11,1.29094e-11,1.65038e-12,1.14715e-17,1.17786e-33,2.43593e-61,0.000654658
14272,0,0,0,0,0,0,0,0,0
14273,0,0,0,0,0,0,0,0,0
14274,0,0,0,0,0,0,0,0,0
14275,0,0,0,0,0,0,0,0,0
14276,0,0,0,0,0,0,0,0,0
14277,0,0,0,0,0,0,0,0,0
14278,0,0,0,0,0,0,0,0,0
14279,0,0,0,0,0,0,0,0,0
14280,0,0,0,0,0,0,0,0,0
14281,0,0,0,0,0,0,0,0,0
14282,0,0,0,0,0,0,0,0,0
14283,0,0,0,0,0,0,0,0,0
14284,0,0,0,0,0,0,0,0,0
14285,0,0,0,0,0,0,0,0,0
14286,0,0,0,0,0,0,0,0,0
14287,0,0,0,0,0,0,0,0,0
14288,0,0,0,0,0,0,0,0,0
14289,0,0,0,0,0,0,0,0,0
14290,0,0,0,0,0,0,0,0,0
14291,0,0,0,0,0,0,0,0,0
14292,0.000824602,4.56381e-07,1.22309e-10,2.63721e-11,3.36212e-12,3.01293e-17,7.28846e-33,2.8662e-60,0.000825058
14293,0,0,0,0,0,0,0,0,0
14294,0,0,0,0,0,0,0,0,0
14295,0,0,0,0,0,0,0,0,0
14296,0,0,0,0,0,0,0,0,0
14297,0,0,0,0,0,0,0,0,0
14298,0.00142666,6.92293e-07,1.64481e-10,3.54442e-11,4.5153e-12,3.62008e-17,6.74095e-33,2.42378e-60,0.00142736
14299,0.000934639,5.88501e-07,1.80144e-10,3.88149e-11,4.94396e-12,5.07929e-17,1.92688e-32,1.05681e-59,0.000935228
14300,0,0,0,0,0,0,0,0,0
14301,0,0,0,0,0,0,0,0,0
14302,0,0,0,0,0,0,0,0,0
14303,0,0,0,0,0,0,0,0,0
14304,0.00094611,6.03182e-07,1.8697e-10,4.02661e-11,5.12564e-12,5.32939e-17,2.0981e-32,1.16638e-59,0.000946713
14305,0,0,0,0,0,0,0,0,0
14306,0,0,0,0,0,0,0,0,0
14307,0.00064173,2.74122e-07,5.61392e-11,1.2087e-11,1.53809e-12,1.03848e-17,9.63319e-34,1.62888e-61,0.000642004
14308,0.000686036,3.11996e-07,6.72503e-11,1.44771e-11,1.84187e-12,1.28129e-17,9.56529e-34,6.23139e-62,0.000686348
14309,0,0,0,0,0,0,0,0,0
14310,0.00102498,7.09198e-07,2.38869e-10,5.1413e-11,6.53971e-12,7.38887e-17,3.74102e-32,2.41792e-59,0.00102569
14311,0.00103006,7.16229e-07,2.42371e-10,5.21595e-11,6.63346e-12,7.52549e-17,3.83968e-32,2.46875e-59,0.00103078
14312,0,0,0,0,0,0,0,0,0
14313,0,0,0,0,0,0,0,0,0
14314,0,0,0,0,0,0,0,0,0
14315,0.000155413,9.37077e-10,1.04222e-11,2.24207e-12,2.85002e-13,1.18574e-17,2.72311e-32,3.05205e-59,0.000155414
14316,0,0,0,0,0,0,0,0,0
14317,0,0,0,0,0,0,0,0,0
14318,0,0,0,0,0,0,0,0,0
14319,0,0,0,0,0,0,0,0,0
14320,0.000821211,4.51889e-07,1.19975e-10,2.57955e-11,3.27674e-12,2.88255e-17,6.27105e-33,1.97654e-60,0.000821663
14321,0,0,0,0,0,0,0,0,0
14322,0,0,0,0,0,0,0,0,0
14323,0.0006834,3.09875e-07,6.67408e-11,1.43448e-11,1.82139e-12,1.26931e-17,1.04972e-33,1.02172e-61,0.00068371
14324,0,0,0,0,0,0,0,0,0
14325,0,0,0,0,0,0,0,0,0
14326,0,0,0,0,0,0,0,0,0
14327,0,0,0,0,0,0,0,0,0
14328,0,0,0,0,0,0,0,0,0
14329,0,0,0,0,0,0,0,0,0
14330,0,0,0,0,0,0,0,0,0
14331,0,0,0,0,0,0,0,0,0
14332,0,0,0,0,0,0,0,0,0
14333,0,0,0,0,0,0,0,0,0
14334,0,0,0,0,0,0,0,0,0
14335,0,0,0,0,0,0,0,0,0
14336,0,0,0,0,0,0,0,0,0
14337,0,0,0,0,0,0,0,0,0
14338,0,0,0,0,0,0,0,0,0
14339,0,0,0,0,0,0,0,0,0
14340,0.000928855,5.80443e-07,1.75811e-10,3.77209e-11,4.7788e-12,4.81132e-17,1.66967e-32,7.46655e-60,0.000929436
14341,0,0,0,0,0,0,0,0,0
14342,0,0,0,0,0,0,0,0,0
14343,0,0,0,0,0,0,0,0,0
14344,0,0,0,0,0,0,0,0,0
14345,0,0,0,0,0,0,0,0,0
14346,0,0,0,0,0,0,0,0,0
14347,0,0,0,0,0,0,0,0,0
14348,0,0,0,0,0,0,0,0,0
14349,0,0,0,0,0,0,0,0,0
14350,0.000886184,5.28e-07,1.52495e-10,3.26861e-11,4.13577e-12,3.96921e-17,1.21634e-32,5.03967e-60,0.000886712
14351,0,0,0,0,0,0,0,0,0
14352,0,0,0,0,0,0,0,0,0
14353,0,0,0,0,0,0,0,0,0
14354,0.00113436,8.70557e-07,3.25633e-10,6.9762e-11,8.82134e-12,1.10139e-16,7.65902e-32,5.54352e-59,0.00113523
14355,0.000756599,3.76413e-07,8.66594e-11,1.85649e-11,2.34743e-12,1.64806e-17,1.78715e-34,1.19876e-60,0.000756976
14356,0,0,0,0,0,0,0,0,0
14357,0,0,0,0,0,0,0,0,0
14358,0,0,0,0,0,0,0,0,0
14359,0,0,0,0,0,0,0,0,0
14360,0,0,0,0,0,0,0,0,0
14361,0,0,0,0,0,0,0,0,0
14362,0.00074028,3.66236e-07,8.71932e-11,1.86643e-11,2.35758e-12,1.84558e-17,2.85963e-33,6.66397e-61,0.000740646
14363,0,0,0,0,0,0,0,0,0
14364,0,0,0,0,0,0,0,0,0
14365,0,0,0,0,0,0,0,0,0
14366,0,0,0,0,0,0,0,0,0
14367,0,0,0,0,0,0,0,0,0
14368,0,0,0,0,0,0,0,0,0
14369,0,0,0,0,0,0,0,0,0
14370,0,0,0,0,0,0,0,0,0
14371,0,0,0,0,0,0,0,0,0
14372,0,0,0,0,0,0,0,0,0
14373,0,0,0,0,0,0,0,0,0
14374,0,0,0,0,0,0,0,0,0
14375,0,0,0,0,0,0,0,0,0
14376,0,0,0,0,0,0,0,0,0
14377,0,0,0,0,0,0,0,0,0
14378,0,0,0,0,0,0,0,0,0
14379,0,0,0,0,0,0,0,0,0
14380,0,0,0,0,0,0,0,0,0
14381,0,0,0,0,0,0,0,0,0
14382,0,0,0,0,0,0,0,0,0
14383,0,0,0,0,0,0,0,0,0
14384,0,0,0,0,0,0,0,0,0
14385,0,0,0,0,0,0,0,0,0
14386,0,0,0,0,0,0,0,0,0
14387,0,0,0,0,0,0,0,0,0
14388,0,0,0,0,0,0,0,0,0
14389,0,0,0,0,0,0,0,0,0
14390,0.00105044,7.44672e-07,2.5651e-10,5.47513e-11,6.89089e-12,7.85912e-17,4.1094e-32,2.21531e-59,0.00105119
14391,0.000807534,4.36569e-07,1.13672e-10,2.426e-11,3.05284e-12,2.6045e-17,5.2451e-33,1.34726e-60,0.00080797
14392,0,0,0,0,0,0,0,0,0
14393,0,0,0,0,0,0,0,0,0
14394,0,0,0,0,0,0,0,0,0
14395,0,0,0,0,0,0,0,0,0
14396,0,0,0,0,0,0,0,0,0
14397,0,0,0,0,0,0,0,0,0
14398,0,0,0,0,0,0,0,0,0
14399,0,0,0,0,0,0,0,0,0
14400,0,0,0,0,0,0,0,0,0
14401,0,0,0,0,0,0,0,0,0
14402,0,0,0,0,0,0,0,0,0
14403,0,0,0,0,0,0,0,0,0
14404,0,0,0,0,0,0,0,0,0
14405,0,0,0,0,0,0,0,0,0
14406,0,0,0,0,0,0,0,0,0
14407,0,0,0,0,0,0,0,0,0
14408,0,0,0,0,0,0,0,0,0
14409,0.000932807,5.85269e-07,1.77813e-10,3.78772e-11,4.75497e-12,4.75392e-17,1.64559e-32,6.31312e-60,0.000933393
14410,0,0,0,0,0,0,0,0,0
14411,0,0,0,0,0,0,0,0,0
14412,0,0,0,0,0,0,0,0,0
14413,0,0,0,0,0,0,0,0,0
14414,0,0,0,0,0,0,0,0,0
14415,0,0,0,0,0,0,0,0,0
14416,0,0,0,0,0,0,0,0,0
14417,0,0,0,0,0,0,0,0,0
14418,0,0,0,0,0,0,0,0,0
14419,0,0,0,0,0,0,0,0,0
14420,0.00153005,8.27118e-07,2.24677e-10,4.78062e-11,5.99285e-12,5.51495e-17,1.9e-32,1.13123e-59,0.00153087
14421,0,0,0,0,0,0,0,0,0
14422,0,0,0,0,0,0,0,0,0
14423,0,0,0,0,0,0,0,0,0
14424,0,0,0,0,0,0,0,0,0
14425,0,0,0,0,0,0,0,0,0
14426,0,0,0,0,0,0,0,0,0
14427,0,0,0,0,0,0,0,0,0
14428,0,0,0,0,0,0,0,0,0
14429,0,0,0,0,0,0,0,0,0
14430,0.000713135,3.39449e-07,7.76125e-11,1.6497e-11,2.06527e-12,1.5363e-17,2.07333e-33,3.80048e-61,0.000713475
14431,0,0,0,0,0,0,0,0,0
14432,0,0,0,0,0,0,0,0,0
14433,0,0,0,0,0,0,0,0,0
14434,0,0,0,0,0,0,0,0,0
14435,0,0,0,0,0,0,0,0,0
14436,0,0,0,0,0,0,0,0,0
14437,0,0,0,0,0,0,0,0,0
14438,0,0,0,0,0,0,0,0,0
14439,0.000917233,5.65221e-07,1.6829e-10,3.57369e-11,4.46854e-12,4.34819e-17,1.36375e-32,4.42755e-60,0.000917798
14440,0.00113966,8.76293e-07,3.26227e-10,6.92679e-11,8.66008e-12,1.05341e-16,6.26641e-32,2.88525e-59,0.00114054
14441,0,0,0,0,0,0,0,0,0
14442,0,0,0,0,0,0,0,0,0
14443,0,0,0,0,0,0,0,0,0
14444,0,0,0,0,0,0,0,0,0
14445,0,0,0,0,0,0,0,0,0
14446,0,0,0,0,0,0,0,0,0
14447,0,0,0,0,0,0,0,0,0
14448,0,0,0,0,0,0,0,0,0
14449,0,0,0,0,0,0,0,0,0
14450,0,0,0,0,0,0,0,0,0
14451,0,0,0,0,0,0,0,0,0
14452,0,0,0,0,0,0,0,0,0
14453,0,0,0,0,0,0,0,0,0
14454,0,0,0,0,0,0,0,0,0
14455,0,0,0,0,0,0,0,0,0
14456,0,0,0,0,0,0,0,0,0
14457,0,0,0,0,0,0,0,0,0
14458,0,0,0,0,0,0,0,0,0
14459,0.00067135,2.98713e-07,6.29692e-11,1.33438e-11,1.66409e-12,1.11208e-17,8.34549e-34,5.33844e-62,0.000671649
14460,0,0,0,0,0,0,0,0,0
14461,0,0,0,0,0,0,0,0,0
14462,0,0,0,0,0,0,0,0,0
14463,0,0,0,0,0,0,0,0,0
14464,0,0,0,0,0,0,0,0,0
14465,0,0,0,0,0,0,0,0,0
14466,0,0,0,0,0,0,0,0,0
14467,0,0,0,0,0,0,0,0,0
14468,0,0,0,0,0,0,0,0,0
14469,0,0,0,0,0,0,0,0,0
14470,0,0,0,0,0,0,0,0,0
14471,0,0,0,0,0,0,0,0,0
14472,0,0,0,0,0,0,0,0,0
14473,0,0,0,0,0,0,0,0,0
14474,0,0,0,0,0,0,0,0,0
14475,0,0,0,0,0,0,0,0,0
14476,0,0,0,0,0,0,0,0,0
14477,0,0,0,0,0,0,0,0,0
14478,0,0,0,0,0,0,0,0,0
14479,0,0,0,0,0,0,0,0,0
14480,0,0,0,0,0,0,0,0,0
14481,0,0,0,0,0,0,0,0,0
14482,0,0,0,0,0,0,0,0,0
14483,0,0,0,0,0,0,0,0,0
14484,0,0,0,0,0,0,0,0,0
14485,0,0,0,0,0,0,0,0,0
14486,0,0,0,0,0,0,0,0,0
14487,0,0,0,0,0,0,0,0,0
14488,0,0,0,0,0,0,0,0,0
14489,0,0,0,0,0,0,0,0,0
14490,0,0,0,0,0,0,0,0,0
14491,0,0,0,0,0,0,0,0,0
14492,0,0,0,0,0,0,0,0,0
14493,0,0,0,0,0,0,0,0,0
14494,0,0,0,0,0,0,0,0,0
14495,0,0,0,0,0,0,0,0,0
14496,0,0,0,0,0,0,0,0,0
14497,0.00161459,8.821e-07,2.34301e-10,4.94558e-11,6.13682e-12,5.31447e-17,1.21641e-32,2.7966e-60,0.00161547
14498,0,0,0,0,0,0,0,0,0
14499,0,0,0,0,0,0,0,0,0
14500,0,0,0,0,0,0,0,0,0
14501,0,0,0,0,0,0,0,0,0
14502,0.00186008,1.20219e-06,3.87571e-10,8.17663e-11,1.01396e-11,1.09039e-16,5.36458e-32,2.19783e-59,0.00186128
14503,0,0,0,0,0,0,0,0,0
14504,0.000971308,6.33328e-07,1.98739e-10,4.19183e-11,5.19663e-12,5.24872e-17,1.74206e-32,4.51476e-60,0.000971942
14505,0,0,0,0,0,0,0,0,0
14506,0,0,0,0,0,0,0,0,0
14507,0,0,0,0,0,0,0,0,0
14508,0,0,0,0,0,0,0,0,0
14509,0,0,0,0,0,0,0,0,0
14510,0,0,0,0,0,0,0,0,0
14511,0,0,0,0,0,0,0,0,0
14512,0,0,0,0,0,0,0,0,0
14513,0,0,0,0,0,0,0,0,0
14514,0,0,0,0,0,0,0,0,0
14515,0,0,0,0,0,0,0,0,0
14516,0,0,0,0,0,0,0,0,0
14517,0.000580666,2.23346e-07,4.08426e-11,8.60302e-12,1.0647e-12,6.18333e-18,3.6656e-34,2.79272e-62,0.00058089
14518,0,0,0,0,0,0,0,0,0
14519,0,0,0,0,0,0,0,0,0
14520,0,0,0,0,0,0,0,0,0
14521,0,0,0,0,0,0,0,0,0
14522,0,0,0,0,0,0,0,0,0
14523,0,0,0,0,0,0,0,0,0
14524,0.00064023,2.72512e-07,5.54075e-11,1.16629e-11,1.44213e-12,9.36261e-18,8.25306e-34,8.80145e-62,0.000640502
14525,0.00082737,4.53993e-07,1.17242e-10,2.46751e-11,3.05053e-12,2.43543e-17,2.10591e-33,5.09867e-63,0.000827824
14526,0.000873511,5.11102e-07,1.43727e-10,3.02465e-11,3.73887e-12,3.37358e-17,8.15814e-33,1.70238e-60,0.000874023
14527,0,0,0,0,0,0,0,0,0
14528,0,0,0,0,0,0,0,0,0
14529,0.000897809,5.40619e-07,1.56744e-10,3.29766e-11,4.07491e-12,3.79942e-17,1.04159e-32,2.43895e-60,0.00089835
14530,0,0,0,0,0,0,0,0,0
14531,0,0,0,0,0,0,0,0,0
14532,0,0,0,0,0,0,0,0,0
14533,0,0,0,0,0,0,0,0,0
14534,0,0,0,0,0,0,0,0,0
14535,0,0,0,0,0,0,0,0,0
14536,0,0,0,0,0,0,0,0,0
14537,0,0,0,0,0,0,0,0,0
14538,0,0,0,0,0,0,0,0,0
14539,0,0,0,0,0,0,0,0,0
14540,0,0,0,0,0,0,0,0,0
14541,0,0,0,0,0,0,0,0,0
14542,0,0,0,0,0,0,0,0,0
14543,0,0,0,0,0,0,0,0,0
14544,0,0,0,0,0,0,0,0,0
14545,0,0,0,0,0,0,0,0,0
14546,0,0,0,0,0,0,0,0,0
14547,0,0,0,0,0,0,0,0,0
14548,0,0,0,0,0,0,0,0,0
14549,0,0,0,0,0,0,0,0,0
14550,0,0,0,0,0,0,0,0,0
14551,0.000830263,4.60978e-07,1.22753e-10,2.57659e-11,3.17456e-12,2.69729e-17,5.40098e-33,9.26235e-61,0.000830724
14552,0,0,0,0,0,0,0,0,0
14553,0,0,0,0,0,0,0,0,0
14554,0,0,0,0,0,0,0,0,0
14555,0,0,0,0,0,0,0,0,0
14556,0,0,0,0,0,0,0,0,0
14557,0,0,0,0,0,0,0,0,0
14558,0,0,0,0,0,0,0,0,0
14559,0,0,0,0,0,0,0,0,0
14560,0,0,0,0,0,0,0,0,0
14561,0,0,0,0,0,0,0,0,0
14562,0,0,0,0,0,0,0,0,0
14563,0,0,0,0,0,0,0,0,0
14564,0,0,0,0,0,0,0,0,0
14565,0,0,0,0,0,0,0,0,0
14566,0,0,0,0,0,0,0,0,0
14567,0,0,0,0,0,0,0,0,0
14568,0,0,0,0,0,0,0,0,0
14569,0.000600552,2.36328e-07,4.30732e-11,9.02429e-12,1.10925e-12,6.08518e-18,1.38937e-34,3.68312e-64,0.000600789
14570,0,0,0,0,0,0,0,0,0
14571,0,0,0,0,0,0,0,0,0
14572,0,0,0,0,0,0,0,0,0
14573,0,0,0,0,0,0,0,0,0
14574,0,0,0,0,0,0,0,0,0
14575,0.000632913,2.64695e-07,5.21691e-11,1.09231e-11,1.34157e-12,8.20029e-18,4.55438e-34,1.52967e-62,0.000633178
14576,0,0,0,0,0,0,0,0,0
14577,0,0,0,0,0,0,0,0,0
14578,0,0,0,0,0,0,0,0,0
14579,0,0,0,0,0,0,0,0,0
14580,0,0,0,0,0,0,0,0,0
14581,0,0,0,0,0,0,0,0,0
14582,0,0,0,0,0,0,0,0,0
14583,0,0,0,0,0,0,0,0,0
14584,0,0,0,0,0,0,0,0,0
14585,0,0,0,0,0,0,0,0,0
14586,0,0,0,0,0,0,0,0,0
14587,0,0,0,0,0,0,0,0,0
14588,0,0,0,0,0,0,0,0,0
14589,0,0,0,0,0,0,0,0,0
14590,0,0,0,0,0,0,0,0,0
14591,0,0,0,0,0,0,0,0,0
14592,0,0,0,0,0,0,0,0,0
14593,0,0,0,0,0,0,0,0,0
14594,0,0,0,0,0,0,0,0,0
14595,0,0,0,0,0,0,0,0,0
14596,0,0,0,0,0,0,0,0,0
14597,0,0,0,0,0,0,0,0,0
14598,0.000977777,6.42263e-07,2.03208e-10,4.24468e-11,5.19765e-12,5.24089e-17,1.85311e-32,4.39787e-60,0.00097842
14599,0,0,0,0,0,0,0,0,0
14600,0,0,0,0,0,0,0,0,0
14601,0,0,0,0,0,0,0,0,0
14602,0,0,0,0,0,0,0,0,0
14603,0,0,0,0,0,0,0,0,0
14604,0,0,0,0,0,0,0,0,0
14605,0,0,0,0,0,0,0,0,0
14606,0,0,0,0,0,0,0,0,0
14607,0,0,0,0,0,0,0,0,0
14608,0,0,0,0,0,0,0,0,0
14609,0,0,0,0,0,0,0,0,0
14610,0.000851405,4.85042e-07,1.32547e-10,2.76522e-11,3.38067e-12,2.92634e-17,6.36569e-33,1.02981e-60,0.000851891
14611,0,0,0,0,0,0,0,0,0
14612,0,0,0,0,0,0,0,0,0
14613,0,0,0,0,0,0,0,0,0
14614,0,0,0,0,0,0,0,0,0
14615,0,0,0,0,0,0,0,0,0
14616,0,0,0,0,0,0,0,0,0
14617,0.00110563,8.23376e-07,2.95827e-10,6.16672e-11,7.53165e-12,8.60963e-17,4.45933e-32,1.29647e-59,0.00110646
14618,0,0,0,0,0,0,0,0,0
14619,0.00107291,7.74804e-07,2.69792e-10,5.62337e-11,6.86709e-12,7.60336e-17,3.57363e-32,9.71128e-60,0.00107368
14620,0,0,0,0,0,0,0,0,0
14621,0,0,0,0,0,0,0,0,0
14622,0,0,0,0,0,0,0,0,0
14623,0,0,0,0,0,0,0,0,0
14624,0,0,0,0,0,0,0,0,0
14625,0,0,0,0,0,0,0,0,0
14626,0,0,0,0,0,0,0,0,0
14627,0,0,0,0,0,0,0,0,0
14628,0,0,0,0,0,0,0,0,0
14629,0,0,0,0,0,0,0,0,0
14630,0,0,0,0,0,0,0,0,0
14631,0,0,0,0,0,0,0,0,0
14632,0,0,0,0,0,0,0,0,0
14633,0,0,0,0,0,0,0,0,0
14634,0,0,0,0,0,0,0,0,0
14635,0,0,0,0,0,0,0,0,0
14636,0,0,0,0,0,0,0,0,0
14637,0,0,0,0,0,0,0,0,0
14638,0,0,0,0,0,0,0,0,0
14639,0,0,0,0,0,0,0,0,0
14640,0,0,0,0,0,0,0,0,0
14641,0,0,0,0,0,0,0,0,0
14642,0,0,0,0,0,0,0,0,0
14643,0.000706472,3.3217e-07,7.44857e-11,1.54864e-11,1.88515e-12,1.32513e-17,1.49563e-33,1.39297e-61,0.000706804
14644,0.000557609,2.05428e-07,3.58017e-11,7.44296e-12,9.05923e-13,4.90145e-18,2.32957e-34,1.09809e-62,0.000557815
14645,0,0,0,0,0,0,0,0,0
14646,0,0,0,0,0,0,0,0,0
14647,0,0,0,0,0,0,0,0,0
14648,0,0,0,0,0,0,0,0,0
14649,0.00142276,6.7391e-07,1.51863e-10,3.15528e-11,3.8376e-12,2.69164e-17,2.74537e-33,1.97636e-61,0.00142344
14650,0,0,0,0,0,0,0,0,0
14651,0,0,0,0,0,0,0,0,0
14652,0,0,0,0,0,0,0,0,0
14653,0,0,0,0,0,0,0,0,0
14654,0,0,0,0,0,0,0,0,0
14655,0.000881686,5.19707e-07,1.46467e-10,3.04129e-11,3.69608e-12,3.2626e-17,7.21452e-33,9.85762e-61,0.000882206
14656,0,0,0,0,0,0,0,0,0
14657,0,0,0,0,0,0,0,0,0
14658,0,0,0,0,0,0,0,0,0
14659,0,0,0,0,0,0,0,0,0
14660,0,0,0,0,0,0,0,0,0
14661,0,0,0,0,0,0,0,0,0
14662,0.00123148,1.02386e-06,4.11205e-10,8.53186e-11,1.03587e-11,1.31699e-16,9.53823e-32,3.13382e-59,0.00123251
14663,0,0,0,0,0,0,0,0,0
14664,0,0,0,0,0,0,0,0,0
14665,0,0,0,0,0,0,0,0,0
14666,0,0,0,0,0,0,0,0,0
14667,0,0,0,0,0,0,0,0,0
14668,0,0,0,0,0,0,0,0,0
14669,0,0,0,0,0,0,0,0,0
14670,0,0,0,0,0,0,0,0,0
14671,0,0,0,0,0,0,0,0,0
14672,0,0,0,0,0,0,0,0,0
14673,0,0,0,0,0,0,0,0,0
14674,0.000823254,4.52495e-07,1.18818e-10,2.46225e-11,2.98477e-12,2.4485e-17,4.41198e-33,5.14289e-61,0.000823707
14675,0,0,0,0,0,0,0,0,0
14676,0,0,0,0,0,0,0,0,0
14677,0,0,0,0,0,0,0,0,0
14678,0,0,0,0,0,0,0,0,0
14679,0.000641608,2.73103e-07,5.52209e-11,1.14381e-11,1.38573e-12,8.70153e-18,6.83154e-34,4.42107e-62,0.000641881
14680,0,0,0,0,0,0,0,0,0
14681,0,0,0,0,0,0,0,0,0
14682,0,0,0,0,0,0,0,0,0
14683,0,0,0,0,0,0,0,0,0
14684,0,0,0,0,0,0,0,0,0
14685,0,0,0,0,0,0,0,0,0
14686,0,0,0,0,0,0,0,0,0
14687,0.00092839,5.77343e-07,1.72063e-10,3.56097e-11,4.30951e-12,4.01926e-17,1.09523e-32,1.68173e-60,0.000928968
14688,0,0,0,0,0,0,0,0,0
14689,0,0,0,0,0,0,0,0,0
14690,0,0,0,0,0,0,0,0,0
14691,0,0,0,0,0,0,0,0,0
14692,0,0,0,0,0,0,0,0,0
14693,0,0,0,0,0,0,0,0,0
14694,0.000245311,3.47453e-08,1.58571e-12,3.27926e-13,3.96475e-14,8.71949e-21,2.80112e-35,2.99996e-63,0.000245346
14695,0,0,0,0,0,0,0,0,0
14696,0,0,0,0,0,0,0,0,0
14697,0,0,0,0,0,0,0,0,0
14698,0,0,0,0,0,0,0,0,0
14699,0,0,0,0,0,0,0,0,0
14700,0,0,0,0,0,0,0,0,0
14701,0,0,0,0,0,0,0,0,0
14702,0.00038197,8.56053e-08,6.34838e-12,1.31177e-12,1.58432e-13,6.67101e-20,7.92972e-34,2.74147e-61,0.000382056
14703,0,0,0,0,0,0,0,0,0
14704,0,0,0,0,0,0,0,0,0
14705,0,0,0,0,0,0,0,0,0
14706,0,0,0,0,0,0,0,0,0
14707,0,0,0,0,0,0,0,0,0
14708,0,0,0,0,0,0,0,0,0
14709,0,0,0,0,0,0,0,0,0
14710,0,0,0,0,0,0,0,0,0
14711,0,0,0,0,0,0,0,0,0
14712,0,0,0,0,0,0,0,0,0
14713,0,0,0,0,0,0,0,0,0
14714,0,0,0,0,0,0,0,0,0
14715,0,0,0,0,0,0,0,0,0
14716,0,0,0,0,0,0,0,0,0
14717,0.000473571,1.47032e-07,2.13385e-11,4.40254e-12,5.30713e-13,2.32953e-18,5.10299e-35,9.11215e-64,0.000473718
14718,0,0,0,0,0,0,0,0,0
14719,0,0,0,0,0,0,0,0,0
14720,0,0,0,0,0,0,0,0,0
14721,0,0,0,0,0,0,0,0,0
14722,0,0,0,0,0,0,0,0,0
14723,0.0010706,7.70408e-07,2.66384e-10,5.4927e-11,6.61622e-12,7.14319e-17,3.09717e-32,6.06379e-60,0.00107137
14724,0,0,0,0,0,0,0,0,0
14725,0,0,0,0,0,0,0,0,0
14726,0,0,0,0,0,0,0,0,0
14727,0,0,0,0,0,0,0,0,0
14728,0,0,0,0,0,0,0,0,0
14729,0,0,0,0,0,0,0,0,0
14730,0,0,0,0,0,0,0,0,0
14731,0,0,0,0,0,0,0,0,0
14732,0,0,0,0,0,0,0,0,0
14733,0,0,0,0,0,0,0,0,0
14734,0,0,0,0,0,0,0,0,0
14735,0,0,0,0,0,0,0,0,0
14736,0,0,0,0,0,0,0,0,0
14737,0,0,0,0,0,0,0,0,0
14738,0,0,0,0,0,0,0,0,0
14739,0,0,0,0,0,0,0,0,0
14740,0.000653946,2.83648e-07,5.83616e-11,1.20117e-11,1.44348e-12,9.13195e-18,7.35977e-34,4.16342e-62,0.00065423
14741,0,0,0,0,0,0,0,0,0
14742,0,0,0,0,0,0,0,0,0
14743,0,0,0,0,0,0,0,0,0
14744,0,0,0,0,0,0,0,0,0
14745,0,0,0,0,0,0,0,0,0
14746,0,0,0,0,0,0,0,0,0
14747,0,0,0,0,0,0,0,0,0
14748,0,0,0,0,0,0,0,0,0
14749,0,0,0,0,0,0,0,0,0
14750,0,0,0,0,0,0,0,0,0
14751,0,0,0,0,0,0,0,0,0
14752,0,0,0,0,0,0,0,0,0
14753,0,0,0,0,0,0,0,0,0
14754,0,0,0,0,0,0,0,0,0
14755,0,0,0,0,0,0,0,0,0
14756,0.000740143,3.62711e-07,8.36365e-11,1.7185e-11,2.06084e-12,1.4356e-17,1.25955e-33,4.78016e-62,0.000740506
14757,0,0,0,0,0,0,0,0,0
14758,0,0,0,0,0,0,0,0,0
14759,0,0,0,0,0,0,0,0,0
14760,0,0,0,0,0,0,0,0,0
14761,0,0,0,0,0,0,0,0,0
14762,0.000289961,5.38924e-08,4.52528e-12,9.29307e-13,1.11364e-13,2.67323e-19,5.00782e-37,1.74385e-67,0.000290015
14763,0,0,0,0,0,0,0,0,0
14764,0.000883544,5.21609e-07,1.46955e-10,3.01718e-11,3.61465e-12,3.13838e-17,6.77063e-33,7.14046e-61,0.000884065
14765,0,0,0,0,0,0,0,0,0
14766,0,0,0,0,0,0,0,0,0
14767,0,0,0,0,0,0,0,0,0
14768,0,0,0,0,0,0,0,0,0
14769,0,0,0,0,0,0,0,0,0
14770,0,0,0,0,0,0,0,0,0
14771,0,0,0,0,0,0,0,0,0
14772,0,0,0,0,0,0,0,0,0
14773,0,0,0,0,0,0,0,0,0
14774,0,0,0,0,0,0,0,0,0
14775,0.000894354,5.34704e-07,1.52645e-10,3.13034e-11,3.74466e-12,3.2923e-17,7.46426e-33,8.02882e-61,0.000894889
14776,0,0,0,0,0,0,0,0,0
14777,0,0,0,0,0,0,0,0,0
14778,0,0,0,0,0,0,0,0,0
14779,0,0,0,0,0,0,0,0,0
14780,0,0,0,0,0,0,0,0,0
14781,0,0,0,0,0,0,0,0,0
14782,0,0,0,0,0,0,0,0,0
14783,0,0,0,0,0,0,0,0,0
14784,0,0,0,0,0,0,0,0,0
14785,0,0,0,0,0,0,0,0,0
14786,0,0,0,0,0,0,0,0,0
14787,0,0,0,0,0,0,0,0,0
14788,0,0,0,0,0,0,0,0,0
14789,0,0,0,0,0,0,0,0,0
14790,0,0,0,0,0,0,0,0,0
14791,0,0,0,0,0,0,0,0,0
14792,0,0,0,0,0,0,0,0,0
14793,0,0,0,0,0,0,0,0,0
14794,0,0,0,0,0,0,0,0,0
14795,0,0,0,0,0,0,0,0,0
14796,0,0,0,0,0,0,0,0,0
14797,0,0,0,0,0,0,0,0,0
14798,0,0,0,0,0,0,0,0,0
14799,0,0,0,0,0,0,0,0,0
14800,0,0,0,0,0,0,0,0,0
14801,0,0,0,0,0,0,0,0,0
14802,0,0,0,0,0,0,0,0,0
14803,0,0,0,0,0,0,0,0,0
14804,0,0,0,0,0,0,0,0,0
14805,0,0,0,0,0,0,0,0,0
14806,0,0,0,0,0,0,0,0,0
14807,0,0,0,0,0,0,0,0,0
14808,0,0,0,0,0,0,0,0,0
14809,0,0,0,0,0,0,0,0,0
14810,0,0,0,0,0,0,0,0,0
14811,0,0,0,0,0,0,0,0,0
14812,0,0,0,0,0,0,0,0,0
14813,0,0,0,0,0,0,0,0,0
14814,0,0,0,0,0,0,0,0,0
14815,0,0,0,0,0,0,0,0,0
14816,0.000358417,7.99005e-08,7.33015e-12,1.49678e-12,1.78078e-13,3.59909e-19,1.93535e-35,3.936e-63,0.000358496
14817,0,0,0,0,0,0,0,0,0
14818,0,0,0,0,0,0,0,0,0
14819,0,0,0,0,0,0,0,0,0
14820,0,0,0,0,0,0,0,0,0
14821,0,0,0,0,0,0,0,0,0
14822,0,0,0,0,0,0,0,0,0
14823,0,0,0,0,0,0,0,0,0
14824,0,0,0,0,0,0,0,0,0
14825,0,0,0,0,0,0,0,0,0
14826,0,0,0,0,0,0,0,0,0
14827,0,0,0,0,0,0,0,0,0
14828,0,0,0,0,0,0,0,0,0
14829,0,0,0,0,0,0,0,0,0
14830,0,0,0,0,0,0,0,0,0
14831,0,0,0,0,0,0,0,0,0
14832,0,0,0,0,0,0,0,0,0
14833,0,0,0,0,0,0,0,0,0
14834,0,0,0,0,0,0,0,0,0
14835,0,0,0,0,0,0,0,0,0
14836,0,0,0,0,0,0,0,0,0
14837,0,0,0,0,0,0,0,0,0
14838,0,0,0,0,0,0,0,0,0
14839,0,0,0,0,0,0,0,0,0
14840,0,0,0,0,0,0,0,0,0
14841,0,0,0,0,0,0,0,0,0
14842,0,0,0,0,0,0,0,0,0
14843,0,0,0,0,0,0,0,0,0
14844,0,0,0,0,0,0,0,0,0
14845,0,0,0,0,0,0,0,0,0
14846,0,0,0,0,0,0,0,0,0
14847,0,0,0,0,0,0,0,0,0
14848,0,0,0,0,0,0,0,0,0
14849,0,0,0,0,0,0,0,0,0
14850,0,0,0,0,0,0,0,0,0
14851,0,0,0,0,0,0,0,0,0
14852,0,0,0,0,0,0,0,0,0
14853,0,0,0,0,0,0,0,0,0
14854,0,0,0,0,0,0,0,0,0
14855,0,0,0,0,0,0,0,0,0
14856,0,0,0,0,0,0,0,0,0
14857,0,0,0,0,0,0,0,0,0
14858,0,0,0,0,0,0,0,0,0
14859,0,0,0,0,0,0,0,0,0
14860,0,0,0,0,0,0,0,0,0
14861,0,0,0,0,0,0,0,0,0
14862,0,0,0,0,0,0,0,0,0
14863,0,0,0,0,0,0,0,0,0
14864,0,0,0,0,0,0,0,0,0
14865,0,0,0,0,0,0,0,0,0
14866,0,0,0,0,0,0,0,0,0
14867,0.000899722,5.39804e-07,1.53706e-10,3.12221e-11,3.69006e-12,3.16846e-17,6.2869e-33,4.43349e-61,0.000900262
14868,0,0,0,0,0,0,0,0,0
14869,0,0,0,0,0,0,0,0,0
14870,0,0,0,0,0,0,0,0,0
14871,0,0,0,0,0,0,0,0,0
14872,0.000836955,4.65975e-07,1.2276e-10,2.49229e-11,2.94359e-12,2.32827e-17,3.49847e-33,1.93335e-61,0.000837422
14873,0,0,0,0,0,0,0,0,0
14874,0,0,0,0,0,0,0,0,0
14875,0,0,0,0,0,0,0,0,0
14876,0,0,0,0,0,0,0,0,0
14877,0.00120747,9.80878e-07,3.81785e-10,7.74678e-11,9.14321e-12,1.08365e-16,6.21613e-32,9.772e-60,0.00120846
14878,0,0,0,0,0,0,0,0,0
14879,0,0,0,0,0,0,0,0,0
14880,0,0,0,0,0,0,0,0,0
14881,0,0,0,0,0,0,0,0,0
14882,0,0,0,0,0,0,0,0,0
14883,0,0,0,0,0,0,0,0,0
14884,0,0,0,0,0,0,0,0,0
14885,0,0,0,0,0,0,0,0,0
14886,0,0,0,0,0,0,0,0,0
14887,0,0,0,0,0,0,0,0,0
14888,0,0,0,0,0,0,0,0,0
14889,0,0,0,0,0,0,0,0,0
14890,0,0,0,0,0,0,0,0,0
14891,0.000519333,1.77422e-07,2.84329e-11,5.76087e-12,6.78672e-13,3.23603e-18,1.06026e-34,2.1119e-63,0.000519511
14892,0,0,0,0,0,0,0,0,0
14893,0.000542429,1.93604e-07,3.23863e-11,6.5609e-12,7.72774e-13,3.83748e-18,1.37998e-34,2.77187e-63,0.000542622
14894,0,0,0,0,0,0,0,0,0
14895,0,0,0,0,0,0,0,0,0
14896,0,0,0,0,0,0,0,0,0
14897,0,0,0,0,0,0,0,0,0
14898,0,0,0,0,0,0,0,0,0
14899,0,0,0,0,0,0,0,0,0
14900,0,0,0,0,0,0,0,0,0
14901,0,0,0,0,0,0,0,0,0
14902,0,0,0,0,0,0,0,0,0
14903,0,0,0,0,0,0,0,0,0
14904,0,0,0,0,0,0,0,0,0
14905,0,0,0,0,0,0,0,0,0
14906,0,0,0,0,0,0,0,0,0
14907,0,0,0,0,0,0,0,0,0
14908,0,0,0,0,0,0,0,0,0
14909,0,0,0,0,0,0,0,0,0
14910,0.00087259,5.07534e-07,1.40089e-10,2.83282e-11,3.32897e-12,2.75737e-17,5.07839e-33,3.23328e-61,0.000873098
14911,0,0,0,0,0,0,0,0,0
14912,0,0,0,0,0,0,0,0,0
14913,0,0,0,0,0,0,0,0,0
14914,0,0,0,0,0,0,0,0,0
14915,0,0,0,0,0,0,0,0,0
14916,0,0,0,0,0,0,0,0,0
14917,0,0,0,0,0,0,0,0,0
14918,0,0,0,0,0,0,0,0,0
14919,0,0,0,0,0,0,0,0,0
14920,0,0,0,0,0,0,0,0,0
14921,0,0,0,0,0,0,0,0,0
14922,0,0,0,0,0,0,0,0,0
14923,0,0,0,0,0,0,0,0,0
14924,0,0,0,0,0,0,0,0,0
14925,0,0,0,0,0,0,0,0,0
14926,0,0,0,0,0,0,0,0,0
14927,0,0,0,0,0,0,0,0,0
14928,0,0,0,0,0,0,0,0,0
14929,0,0,0,0,0,0,0,0,0
14930,0,0,0,0,0,0,0,0,0
14931,0,0,0,0,0,0,0,0,0
14932,0,0,0,0,0,0,0,0,0
14933,0,0,0,0,0,0,0,0,0
14934,0.000547697,1.96416e-07,3.26352e-11,6.58338e-12,7.71268e-13,3.71055e-18,9.41502e-35,6.9593e-64,0.000547894
14935,0,0,0,0,0,0,0,0,0
14936,0,0,0,0,0,0,0,0,0
14937,0,0,0,0,0,0,0,0,0
14938,0,0,0,0,0,0,0,0,0
14939,0,0,0,0,0,0,0,0,0
14940,0.000496469,1.60097e-07,2.35677e-11,4.75109e-12,5.56143e-13,2.31153e-18,2.61403e-35,1.28509e-65,0.000496629
14941,0.000804533,4.3028e-07,1.08832e-10,2.1937e-11,2.56743e-12,1.93311e-17,2.61753e-33,1.22271e-61,0.000804964
14942,0,0,0,0,0,0,0,0,0
14943,0.00086739,5.01064e-07,1.37101e-10,2.76314e-11,3.23334e-12,2.63674e-17,4.56776e-33,2.51618e-61,0.000867891
14944,0,0,0,0,0,0,0,0,0
14945,0,0,0,0,0,0,0,0,0
14946,0,0,0,0,0,0,0,0,0
14947,0,0,0,0,0,0,0,0,0
14948,0,0,0,0,0,0,0,0,0
14949,0,0,0,0,0,0,0,0,0
14950,0,0,0,0,0,0,0,0,0
14951,0,0,0,0,0,0,0,0,0
14952,0,0,0,0,0,0,0,0,0
14953,0,0,0,0,0,0,0,0,0
14954,0,0,0,0,0,0,0,0,0
14955,0,0,0,0,0,0,0,0,0
14956,0,0,0,0,0,0,0,0,0
14957,0,0,0,0,0,0,0,0,0
14958,0,0,0,0,0,0,0,0,0
14959,0,0,0,0,0,0,0,0,0
14960,0,0,0,0,0,0,0,0,0
14961,0,0,0,0,0,0,0,0,0
14962,0,0,0,0,0,0,0,0,0
14963,0,0,0,0,0,0,0,0,0
14964,0,0,0,0,0,0,0,0,0
14965,0,0,0,0,0,0,0,0,0
14966,0,0,0,0,0,0,0,0,0
14967,0,0,0,0,0,0,0,0,0
14968,0,0,0,0,0,0,0,0,0
14969,0,0,0,0,0,0,0,0,0
14970,0,0,0,0,0,0,0,0,0
14971,0,0,0,0,0,0,0,0,0
14972,0,0,0,0,0,0,0,0,0
14973,0,0,0,0,0,0,0,0,0
14974,0.00102026,6.95939e-07,2.25513e-10,4.53e-11,5.27871e-12,5.08993e-17,1.49291e-32,1.10107e-60,0.00102096
14975,0,0,0,0,0,0,0,0,0
14976,0,0,0,0,0,0,0,0,0
14977,0,0,0,0,0,0,0,0,0
14978,0,0,0,0,0,0,0,0,0
14979,0,0,0,0,0,0,0,0,0
14980,0,0,0,0,0,0,0,0,0
14981,0.000649868,2.79195e-07,5.64281e-11,1.13274e-11,1.31883e-12,7.85513e-18,5.20103e-34,1.36164e-62,0.000650148
14982,0.000661335,2.88966e-07,5.92901e-11,1.19006e-11,1.38538e-12,8.34871e-18,5.51518e-34,1.35769e-62,0.000661624
14983,0,0,0,0,0,0,0,0,0
14984,0,0,0,0,0,0,0,0,0
14985,0,0,0,0,0,0,0,0,0
14986,0,0,0,0,0,0,0,0,0
14987,0,0,0,0,0,0,0,0,0
14988,0,0,0,0,0,0,0,0,0
14989,0.00037181,8.31749e-08,6.85021e-12,1.37397e-12,1.598e-13,1.78673e-19,1.45906e-34,1.69459e-62,0.000371893
14990,0.000627712,2.59825e-07,5.03723e-11,1.0102e-11,1.17473e-12,6.6594e-18,3.55472e-34,7.09242e-63,0.000627972
14991,0,0,0,0,0,0,0,0,0
14992,0,0,0,0,0,0,0,0,0
14993,0,0,0,0,0,0,0,0,0
14994,0,0,0,0,0,0,0,0,0
14995,0,0,0,0,0,0,0,0,0
14996,0,0,0,0,0,0,0,0,0
14997,0,0,0,0,0,0,0,0,0
14998,0,0,0,0,0,0,0,0,0
14999,0,0,0,0,0,0,0,0,0
15000,0.000785694,4.09989e-07,1.01023e-10,2.02388e-11,2.35041e-12,1.70815e-17,2.10308e-33,8.07367e-62,0.000786104
15001,0,0,0,0,0,0,0,0,0
15002,0,0,0,0,0,0,0,0,0
15003,0,0,0,0,0,0,0,0,0
15004,0.000623747,2.56447e-07,4.93464e-11,9.88257e-12,1.14719e-12,6.43759e-18,3.32786e-34,6.30979e-63,0.000624004
15005,0,0,0,0,0,0,0,0,0
15006,0,0,0,0,0,0,0,0,0
15007,0,0,0,0,0,0,0,0,0
15008,0,0,0,0,0,0,0,0,0
15009,0,0,0,0,0,0,0,0,0
15010,0.000495421,1.60379e-07,2.40173e-11,4.80683e-12,5.57533e-13,2.39394e-18,4.60325e-35,2.90133e-64,0.000495582
15011,0,0,0,0,0,0,0,0,0
15012,0,0,0,0,0,0,0,0,0
15013,0,0,0,0,0,0,0,0,0
15014,0,0,0,0,0,0,0,0,0
15015,0,0,0,0,0,0,0,0,0
15016,0.00066777,2.94813e-07,6.11764e-11,1.22358e-11,1.41802e-12,8.61876e-18,6.0381e-34,1.4878e-62,0.000668065
15017,0,0,0,0,0,0,0,0,0
15018,0,0,0,0,0,0,0,0,0
15019,0,0,0,0,0,0,0,0,0
15020,0,0,0,0,0,0,0,0,0
15021,0,0,0,0,0,0,0,0,0
15022,0,0,0,0,0,0,0,0,0
15023,0,0,0,0,0,0,0,0,0
15024,0.00156763,9.4932e-07,3.01e-10,6.01525e-11,6.96379e-12,6.87824e-17,2.4284e-32,1.84072e-60,0.00156858
15025,0.000817212,4.43445e-07,1.13411e-10,2.26626e-11,2.62336e-12,1.9657e-17,2.56915e-33,9.14827e-62,0.000817655
15026,0.000655265,2.80385e-07,5.48531e-11,1.09593e-11,1.26835e-12,6.90771e-18,1.4551e-34,4.21063e-64,0.000655546
15027,0,0,0,0,0,0,0,0,0
15028,0,0,0,0,0,0,0,0,0
15029,0,0,0,0,0,0,0,0,0
15030,0,0,0,0,0,0,0,0,0
15031,0,0,0,0,0,0,0,0,0
15032,0,0,0,0,0,0,0,0,0
15033,0,0,0,0,0,0,0,0,0
15034,0,0,0,0,0,0,0,0,0
15035,0,0,0,0,0,0,0,0,0
15036,0,0,0,0,0,0,0,0,0
15037,0,0,0,0,0,0,0,0,0
15038,0,0,0,0,0,0,0,0,0
15039,0,0,0,0,0,0,0,0,0
15040,0,0,0,0,0,0,0,0,0
15041,0,0,0,0,0,0,0,0,0
15042,0,0,0,0,0,0,0,0,0
15043,0,0,0,0,0,0,0,0,0
15044,0,0,0,0,0,0,0,0,0
15045,0,0,0,0,0,0,0,0,0
15046,0.000825643,4.52789e-07,1.17063e-10,2.33405e-11,2.69426e-12,2.03612e-17,2.76858e-33,9.78986e-62,0.000826096
15047,0,0,0,0,0,0,0,0,0
15048,0,0,0,0,0,0,0,0,0
15049,0,0,0,0,0,0,0,0,0
15050,0,0,0,0,0,0,0,0,0
15051,0,0,0,0,0,0,0,0,0
15052,0,0,0,0,0,0,0,0,0
15053,0,0,0,0,0,0,0,0,0
15054,0,0,0,0,0,0,0,0,0
15055,0,0,0,0,0,0,0,0,0
15056,0,0,0,0,0,0,0,0,0
15057,0,0,0,0,0,0,0,0,0
15058,0,0,0,0,0,0,0,0,0
15059,0,0,0,0,0,0,0,0,0
15060,0,0,0,0,0,0,0,0,0
15061,0,0,0,0,0,0,0,0,0
15062,0,0,0,0,0,0,0,0,0
15063,0,0,0,0,0,0,0,0,0
15064,0,0,0,0,0,0,0,0,0
15065,0,0,0,0,0,0,0,0,0
15066,0,0,0,0,0,0,0,0,0
15067,0,0,0,0,0,0,0,0,0
15068,0,0,0,0,0,0,0,0,0
15069,0,0,0,0,0,0,0,0,0
15070,0,0,0,0,0,0,0,0,0
15071,0,0,0,0,0,0,0,0,0
15072,0,0,0,0,0,0,0,0,0
15073,0,0,0,0,0,0,0,0,0
15074,0,0,0,0,0,0,0,0,0
15075,0,0,0,0,0,0,0,0,0
15076,0,0,0,0,0,0,0,0,0
15077,0,0,0,0,0,0,0,0,0
15078,0,0,0,0,0,0,0,0,0
15079,0,0,0,0,0,0,0,0,0
15080,0,0,0,0,0,0,0,0,0
15081,0,0,0,0,0,0,0,0,0
15082,0,0,0,0,0,0,0,0,0
15083,0,0,0,0,0,0,0,0,0
15084,0,0,0,0,0,0,0,0,0
15085,0,0,0,0,0,0,0,0,0
15086,0,0,0,0,0,0,0,0,0
15087,0.000682926,3.08034e-07,6.50883e-11,1.29224e-11,1.48363e-12,9.0519e-18,6.24866e-34,1.22156e-62,0.000683234
15088,0,0,0,0,0,0,0,0,0
15089,0,0,0,0,0,0,0,0,0
15090,0,0,0,0,0,0,0,0,0
15091,0,0,0,0,0,0,0,0,0
15092,0,0,0,0,0,0,0,0,0
15093,0.000789132,4.12677e-07,1.01357e-10,2.01109e-11,2.30718e-12,1.63812e-17,1.79412e-33,4.68217e-62,0.000789545
15094,0,0,0,0,0,0,0,0,0
15095,0,0,0,0,0,0,0,0,0
15096,0.000689027,3.13884e-07,6.71107e-11,1.33119e-11,1.52662e-12,9.44174e-18,7.02514e-34,1.48011e-62,0.000689341
15097,0,0,0,0,0,0,0,0,0
15098,0,0,0,0,0,0,0,0,0
15099,0,0,0,0,0,0,0,0,0
15100,0,0,0,0,0,0,0,0,0
15101,5.71498e-05,7.4901e-09,1.90375e-11,3.77419e-12,4.32528e-13,7.92269e-18,4.25192e-33,2.51992e-61,5.71574e-05
15102,0.000660552,2.87579e-07,5.84461e-11,1.15856e-11,1.32753e-12,7.73563e-18,4.44289e-34,6.91834e-63,0.00066084
15103,0,0,0,0,0,0,0,0,0
15104,0,0,0,0,0,0,0,0,0
15105,0,0,0,0,0,0,0,0,0
15106,0,0,0,0,0,0,0,0,0
15107,0,0,0,0,0,0,0,0,0
15108,0,0,0,0,0,0,0,0,0
15109,0,0,0,0,0,0,0,0,0
15110,0,0,0,0,0,0,0,0,0
15111,0,0,0,0,0,0,0,0,0
15112,0,0,0,0,0,0,0,0,0
15113,0,0,0,0,0,0,0,0,0
15114,0,0,0,0,0,0,0,0,0
15115,0,0,0,0,0,0,0,0,0
15116,0,0,0,0,0,0,0,0,0
15117,0,0,0,0,0,0,0,0,0
15118,0.00070134,3.2521e-07,7.07315e-11,1.39981e-11,1.60067e-12,1.00306e-17,7.73114e-34,1.56505e-62,0.000701665
15119,0,0,0,0,0,0,0,0,0
15120,0,0,0,0,0,0,0,0,0
15121,0,0,0,0,0,0,0,0,0
15122,0,0,0,0,0,0,0,0,0
15123,0,0,0,0,0,0,0,0,0
15124,0,0,0,0,0,0,0,0,0
15125,0.00126001,5.30785e-07,1.06077e-10,2.09778e-11,2.39658e-12,1.39383e-17,9.0815e-34,1.66389e-62,0.00126054
15126,0,0,0,0,0,0,0,0,0
15127,0.000754396,3.76805e-07,8.83326e-11,1.74649e-11,1.99469e-12,1.34568e-17,1.28941e-33,2.91866e-62,0.000754773
15128,0,0,0,0,0,0,0,0,0
15129,0,0,0,0,0,0,0,0,0
15130,0,0,0,0,0,0,0,0,0
15131,0,0,0,0,0,0,0,0,0
15132,0,0,0,0,0,0,0,0,0
15133,0,0,0,0,0,0,0,0,0
15134,0,0,0,0,0,0,0,0,0
15135,0,0,0,0,0,0,0,0,0
15136,0,0,0,0,0,0,0,0,0
15137,0,0,0,0,0,0,0,0,0
15138,0,0,0,0,0,0,0,0,0
15139,0.00037218,8.38587e-08,7.11811e-12,1.40569e-12,1.60303e-13,2.06709e-19,8.97218e-35,6.87552e-63,0.000372264
15140,0,0,0,0,0,0,0,0,0
15141,0,0,0,0,0,0,0,0,0
15142,0,0,0,0,0,0,0,0,0
15143,0,0,0,0,0,0,0,0,0
15144,0,0,0,0,0,0,0,0,0
15145,0,0,0,0,0,0,0,0,0
15146,0,0,0,0,0,0,0,0,0
15147,0,0,0,0,0,0,0,0,0
15148,0,0,0,0,0,0,0,0,0
15149,0,0,0,0,0,0,0,0,0
15150,0,0,0,0,0,0,0,0,0
15151,0,0,0,0,0,0,0,0,0
15152,0,0,0,0,0,0,0,0,0
15153,0,0,0,0,0,0,0,0,0
15154,0,0,0,0,0,0,0,0,0
15155,0,0,0,0,0,0,0,0,0
15156,0,0,0,0,0,0,0,0,0
15157,0,0,0,0,0,0,0,0,0
15158,0,0,0,0,0,0,0,0,0
15159,0,0,0,0,0,0,0,0,0
15160,0.000361483,8.38261e-08,8.71333e-12,1.71699e-12,1.95265e-13,5.43549e-19,1.41111e-36,2.93787e-67,0.000361567
15161,0,0,0,0,0,0,0,0,0
15162,0,0,0,0,0,0,0,0,0
15163,0,0,0,0,0,0,0,0,0
15164,0,0,0,0,0,0,0,0,0
15165,0,0,0,0,0,0,0,0,0
15166,0,0,0,0,0,0,0,0,0
15167,0,0,0,0,0,0,0,0,0
15168,0,0,0,0,0,0,0,0,0
15169,0,0,0,0,0,0,0,0,0
15170,0,0,0,0,0,0,0,0,0
15171,0.000607048,2.42506e-07,4.51803e-11,8.8928e-12,1.00988e-12,5.34879e-18,2.41006e-34,2.87936e-63,0.000607291
15172,0,0,0,0,0,0,0,0,0
15173,0,0,0,0,0,0,0,0,0
15174,0,0,0,0,0,0,0,0,0
15175,0,0,0,0,0,0,0,0,0
15176,0,0,0,0,0,0,0,0,0
15177,0.000614475,2.48486e-07,4.68468e-11,9.21467e-12,1.04555e-12,5.59528e-18,2.58492e-34,3.05869e-63,0.000614724
15178,0,0,0,0,0,0,0,0,0
15179,0,0,0,0,0,0,0,0,0
15180,0,0,0,0,0,0,0,0,0
15181,0,0,0,0,0,0,0,0,0
15182,0,0,0,0,0,0,0,0,0
15183,0,0,0,0,0,0,0,0,0
15184,0,0,0,0,0,0,0,0,0
15185,0.000661208,2.87971e-07,5.84389e-11,1.14856e-11,1.30191e-12,7.47691e-18,4.14408e-34,5.12468e-63,0.000661496
15186,0,0,0,0,0,0,0,0,0
15187,0,0,0,0,0,0,0,0,0
15188,0,0,0,0,0,0,0,0,0
15189,0,0,0,0,0,0,0,0,0
15190,0,0,0,0,0,0,0,0,0
15191,0,0,0,0,0,0,0,0,0
15192,0,0,0,0,0,0,0,0,0
15193,0,0,0,0,0,0,0,0,0
15194,0,0,0,0,0,0,0,0,0
15195,0,0,0,0,0,0,0,0,0
15196,0,0,0,0,0,0,0,0,0
15197,0.000908757,5.49088e-07,1.56129e-10,3.0648e-11,3.46856e-12,2.81868e-17,4.87252e-33,1.40927e-61,0.000909306
15198,0,0,0,0,0,0,0,0,0
15199,0,0,0,0,0,0,0,0,0
15200,0,0,0,0,0,0,0,0,0
15201,0,0,0,0,0,0,0,0,0
15202,0,0,0,0,0,0,0,0,0
15203,0,0,0,0,0,0,0,0,0
15204,0,0,0,0,0,0,0,0,0
15205,0,0,0,0,0,0,0,0,0
15206,0,0,0,0,0,0,0,0,0
15207,0,0,0,0,0,0,0,0,0
15208,0,0,0,0,0,0,0,0,0
15209,0,0,0,0,0,0,0,0,0
15210,0,0,0,0,0,0,0,0,0
15211,0,0,0,0,0,0,0,0,0
15212,0,0,0,0,0,0,0,0,0
15213,0.000604226,2.39998e-07,4.43509e-11,8.69096e-12,9.81438e-13,5.10995e-18,2.14832e-34,2.14202e-63,0.000604466
15214,0,0,0,0,0,0,0,0,0
15215,0,0,0,0,0,0,0,0,0
15216,0,0,0,0,0,0,0,0,0
15217,0,0,0,0,0,0,0,0,0
15218,0,0,0,0,0,0,0,0,0
15219,0,0,0,0,0,0,0,0,0
15220,0,0,0,0,0,0,0,0,0
15221,0,0,0,0,0,0,0,0,0
15222,0,0,0,0,0,0,0,0,0
15223,0,0,0,0,0,0,0,0,0
15224,0.000724024,3.46114e-07,7.72527e-11,1.5121e-11,1.70509e-12,1.07402e-17,8.13824e-34,1.18053e-62,0.00072437
15225,0,0,0,0,0,0,0,0,0
15226,0,0,0,0,0,0,0,0,0
15227,0,0,0,0,0,0,0,0,0
15228,0,0,0,0,0,0,0,0,0
15229,0,0,0,0,0,0,0,0,0
15230,0,0,0,0,0,0,0,0,0
15231,0,0,0,0,0,0,0,0,0
15232,0,0,0,0,0,0,0,0,0
15233,0,0,0,0,0,0,0,0,0
15234,0.000726837,3.48658e-07,7.80026e-11,1.5253e-11,1.71784e-12,1.08134e-17,8.0497e-34,1.10028e-62,0.000727186
15235,0,0,0,0,0,0,0,0,0
15236,0,0,0,0,0,0,0,0,0
15237,0,0,0,0,0,0,0,0,0
15238,0,0,0,0,0,0,0,0,0
15239,0.000517142,1.74923e-07,2.73638e-11,5.34797e-12,6.01898e-13,2.62519e-18,6.15591e-35,3.62073e-64,0.000517317
15240,0,0,0,0,0,0,0,0,0
15241,0,0,0,0,0,0,0,0,0
15242,0.000631049,2.61471e-07,5.01957e-11,9.80705e-12,1.1033e-12,5.90238e-18,2.49412e-34,2.03719e-63,0.000631311
15243,0,0,0,0,0,0,0,0,0
15244,0,0,0,0,0,0,0,0,0
15245,0,0,0,0,0,0,0,0,0
15246,0,0,0,0,0,0,0,0,0
15247,0,0,0,0,0,0,0,0,0
15248,0,0,0,0,0,0,0,0,0
15249,0,0,0,0,0,0,0,0,0
15250,0,0,0,0,0,0,0,0,0
15251,0,0,0,0,0,0,0,0,0
15252,0,0,0,0,0,0,0,0,0
15253,0,0,0,0,0,0,0,0,0
15254,0,0,0,0,0,0,0,0,0
15255,0,0,0,0,0,0,0,0,0
15256,0.000804973,4.2887e-07,1.06856e-10,2.08464e-11,2.34087e-12,1.64129e-17,1.74408e-33,2.97061e-62,0.000805402
15257,0,0,0,0,0,0,0,0,0
15258,0,0,0,0,0,0,0,0,0
15259,0.00085771,4.87879e-07,1.30073e-10,2.53695e-11,2.84789e-12,2.14172e-17,2.87268e-33,5.83449e-62,0.000858198
15260,0,0,0,0,0,0,0,0,0
15261,0,0,0,0,0,0,0,0,0
15262,0.000564272,2.08659e-07,3.57275e-11,6.96596e-12,7.81639e-13,3.72364e-18,1.15129e-34,7.79927e-64,0.00056448
15263,0,0,0,0,0,0,0,0,0
15264,0,0,0,0,0,0,0,0,0
15265,0,0,0,0,0,0,0,0,0
15266,0,0,0,0,0,0,0,0,0
15267,0,0,0,0,0,0,0,0,0
15268,0,0,0,0,0,0,0,0,0
15269,0,0,0,0,0,0,0,0,0
15270,0,0,0,0,0,0,0,0,0
15271,0,0,0,0,0,0,0,0,0
15272,0,0,0,0,0,0,0,0,0
15273,0,0,0,0,0,0,0,0,0
15274,0,0,0,0,0,0,0,0,0
15275,0,0,0,0,0,0,0,0,0
15276,0,0,0,0,0,0,0,0,0
15277,0,0,0,0,0,0,0,0,0
15278,0,0,0,0,0,0,0,0,0
15279,0,0,0,0,0,0,0,0,0
15280,0,0,0,0,0,0,0,0,0
15281,0,0,0,0,0,0,0,0,0
15282,0,0,0,0,0,0,0,0,0
15283,0,0,0,0,0,0,0,0,0
15284,0.000483833,1.52043e-07,2.17949e-11,4.23987e-12,4.74392e-13,1.84323e-18,2.27365e-35,3.1495e-65,0.000483985
15285,0,0,0,0,0,0,0,0,0
15286,0,0,0,0,0,0,0,0,0
15287,0,0,0,0,0,0,0,0,0
15288,0,0,0,0,0,0,0,0,0
15289,0,0,0,0,0,0,0,0,0
15290,0,0,0,0,0,0,0,0,0
15291,0,0,0,0,0,0,0,0,0
15292,0,0,0,0,0,0,0,0,0
15293,0,0,0,0,0,0,0,0,0
15294,0.000547303,1.88879e-07,2.73694e-11,5.31854e-12,5.94267e-13,1.90715e-18,1.10256e-34,1.82335e-62,0.000547492
15295,0,0,0,0,0,0,0,0,0
15296,0,0,0,0,0,0,0,0,0
15297,0,0,0,0,0,0,0,0,0
15298,0,0,0,0,0,0,0,0,0
15299,0.000599045,2.32796e-07,4.08737e-11,7.93912e-12,8.86561e-13,4.13271e-18,7.10904e-35,1.05666e-64,0.000599278
15300,0,0,0,0,0,0,0,0,0
15301,0,0,0,0,0,0,0,0,0
15302,0,0,0,0,0,0,0,0,0
15303,0,0,0,0,0,0,0,0,0
15304,0,0,0,0,0,0,0,0,0
15305,0,0,0,0,0,0,0,0,0
15306,0,0,0,0,0,0,0,0,0
15307,0,0,0,0,0,0,0,0,0
15308,0,0,0,0,0,0,0,0,0
15309,0,0,0,0,0,0,0,0,0
15310,0,0,0,0,0,0,0,0,0
15311,0,0,0,0,0,0,0,0,0
15312,0,0,0,0,0,0,0,0,0
15313,0,0,0,0,0,0,0,0,0
15314,0,0,0,0,0,0,0,0,0
15315,0,0,0,0,0,0,0,0,0
15316,0,0,0,0,0,0,0,0,0
15317,0,0,0,0,0,0,0,0,0
15318,0,0,0,0,0,0,0,0,0
15319,0.00058616,2.2532e-07,4.01044e-11,7.77369e-12,8.65831e-13,4.25612e-18,1.47671e-34,9.64905e-64,0.000586385
15320,0,0,0,0,0,0,0,0,0
15321,0,0,0,0,0,0,0,0,0
15322,0,0,0,0,0,0,0,0,0
15323,0,0,0,0,0,0,0,0,0
15324,0,0,0,0,0,0,0,0,0
15325,0,0,0,0,0,0,0,0,0
15326,0,0,0,0,0,0,0,0,0
15327,0,0,0,0,0,0,0,0,0
15328,0.000562712,2.07482e-07,3.54043e-11,6.85592e-12,7.62664e-13,3.58923e-18,1.10042e-34,6.54671e-64,0.00056292
15329,0,0,0,0,0,0,0,0,0
15330,0,0,0,0,0,0,0,0,0
15331,0,0,0,0,0,0,0,0,0
15332,0,0,0,0,0,0,0,0,0
15333,0,0,0,0,0,0,0,0,0
15334,0,0,0,0,0,0,0,0,0
15335,0,0,0,0,0,0,0,0,0
15336,0,0,0,0,0,0,0,0,0
15337,0,0,0,0,0,0,0,0,0
15338,0,0,0,0,0,0,0,0,0
15339,0,0,0,0,0,0,0,0,0
15340,0,0,0,0,0,0,0,0,0
15341,0,0,0,0,0,0,0,0,0
15342,0,0,0,0,0,0,0,0,0
15343,0,0,0,0,0,0,0,0,0
15344,0,0,0,0,0,0,0,0,0
15345,0,0,0,0,0,0,0,0,0
15346,0,0,0,0,0,0,0,0,0
15347,0.00061644,2.4949e-07,4.67884e-11,9.0427e-12,1.00343e-12,5.18133e-18,2.11172e-34,1.44961e-63,0.000616689
15348,0,0,0,0,0,0,0,0,0
15349,0,0,0,0,0,0,0,0,0
15350,0,0,0,0,0,0,0,0,0
15351,0,0,0,0,0,0,0,0,0
15352,0,0,0,0,0,0,0,0,0
15353,0,0,0,0,0,0,0,0,0
15354,0,0,0,0,0,0,0,0,0
15355,0,0,0,0,0,0,0,0,0
15356,0.000676648,3.01417e-07,6.23863e-11,1.20457e-11,1.33504e-12,7.62266e-18,4.31537e-34,3.71468e-63,0.000676949
15357,0,0,0,0,0,0,0,0,0
15358,0,0,0,0,0,0,0,0,0
15359,0.000576069,2.1732e-07,3.78569e-11,7.307e-12,8.09496e-13,3.85895e-18,1.19251e-34,6.25769e-64,0.000576286
15360,0,0,0,0,0,0,0,0,0
15361,0,0,0,0,0,0,0,0,0
15362,0,0,0,0,0,0,0,0,0
15363,0,0,0,0,0,0,0,0,0
15364,0,0,0,0,0,0,0,0,0
15365,0,0,0,0,0,0,0,0,0
15366,0,0,0,0,0,0,0,0,0
15367,0,0,0,0,0,0,0,0,0
15368,0,0,0,0,0,0,0,0,0
15369,0,0,0,0,0,0,0,0,0
15370,0,0,0,0,0,0,0,0,0
15371,0,0,0,0,0,0,0,0,0
15372,0,0,0,0,0,0,0,0,0
15373,0,0,0,0,0,0,0,0,0
15374,0,0,0,0,0,0,0,0,0
15375,0.000550635,1.98477e-07,3.30529e-11,6.36939e-12,7.04171e-13,3.20817e-18,8.93471e-35,4.43086e-64,0.000550833
15376,0,0,0,0,0,0,0,0,0
15377,0,0,0,0,0,0,0,0,0
15378,0,0,0,0,0,0,0,0,0
15379,0,0,0,0,0,0,0,0,0
15380,0,0,0,0,0,0,0,0,0
15381,0.00133738,6.00175e-07,1.27481e-10,2.45505e-11,2.71203e-12,1.61185e-17,1.13545e-33,1.13199e-62,0.00133798
15382,0,0,0,0,0,0,0,0,0
15383,0,0,0,0,0,0,0,0,0
15384,0,0,0,0,0,0,0,0,0
15385,0,0,0,0,0,0,0,0,0
15386,0,0,0,0,0,0,0,0,0
15387,0,0,0,0,0,0,0,0,0
15388,0,0,0,0,0,0,0,0,0
15389,0.000760572,3.81538e-07,8.89386e-11,1.71133e-11,1.88842e-12,1.20749e-17,9.47941e-34,9.06889e-63,0.000760953
15390,0.000437144,1.23909e-07,1.6014e-11,3.08107e-12,3.39949e-13,1.17829e-18,1.21852e-35,2.33147e-65,0.000437268
15391,0,0,0,0,0,0,0,0,0
15392,0,0,0,0,0,0,0,0,0
15393,0,0,0,0,0,0,0,0,0
15394,0,0,0,0,0,0,0,0,0
15395,0,0,0,0,0,0,0,0,0
15396,0,0,0,0,0,0,0,0,0
15397,0,0,0,0,0,0,0,0,0
15398,0,0,0,0,0,0,0,0,0
15399,0,0,0,0,0,0,0,0,0
15400,0,0,0,0,0,0,0,0,0
15401,0,0,0,0,0,0,0,0,0
15402,0,0,0,0,0,0,0,0,0
15403,0,0,0,0,0,0,0,0,0
15404,0,0,0,0,0,0,0,0,0
15405,0,0,0,0,0,0,0,0,0
15406,0,0,0,0,0,0,0,0,0
15407,0,0,0,0,0,0,0,0,0
15408,0,0,0,0,0,0,0,0,0
15409,0,0,0,0,0,0,0,0,0
15410,0,0,0,0,0,0,0,0,0
15411,0,0,0,0,0,0,0,0,0
15412,0,0,0,0,0,0,0,0,0
15413,0,0,0,0,0,0,0,0,0
15414,0,0,0,0,0,0,0,0,0
15415,0,0,0,0,0,0,0,0,0
15416,0,0,0,0,0,0,0,0,0
15417,0,0,0,0,0,0,0,0,0
15418,0,0,0,0,0,0,0,0,0
15419,0,0,0,0,0,0,0,0,0
15420,0,0,0,0,0,0,0,0,0
15421,0,0,0,0,0,0,0,0,0
15422,0,0,0,0,0,0,0,0,0
15423,0,0,0,0,0,0,0,0,0
15424,0,0,0,0,0,0,0,0,0
15425,0,0,0,0,0,0,0,0,0
15426,0,0,0,0,0,0,0,0,0
15427,0,0,0,0,0,0,0,0,0
15428,0,0,0,0,0,0,0,0,0
15429,0,0,0,0,0,0,0,0,0
15430,0,0,0,0,0,0,0,0,0
15431,0,0,0,0,0,0,0,0,0
15432,0,0,0,0,0,0,0,0,0
15433,0,0,0,0,0,0,0,0,0
15434,0,0,0,0,0,0,0,0,0
15435,0.000601531,2.37197e-07,4.32066e-11,8.27442e-12,9.07613e-13,4.48307e-18,1.59851e-34,8.01343e-64,0.000601768
15436,0,0,0,0,0,0,0,0,0
15437,0,0,0,0,0,0,0,0,0
15438,0,0,0,0,0,0,0,0,0
15439,0,0,0,0,0,0,0,0,0
15440,0.00047593,1.47574e-07,2.10177e-11,4.02302e-12,4.40997e-13,1.69249e-18,2.73891e-35,7.77791e-65,0.000476077
15441,0,0,0,0,0,0,0,0,0
15442,0,0,0,0,0,0,0,0,0
15443,0,0,0,0,0,0,0,0,0
15444,0,0,0,0,0,0,0,0,0
15445,0,0,0,0,0,0,0,0,0
15446,0,0,0,0,0,0,0,0,0
15447,0.000862192,2.51676e-07,3.49937e-11,6.69368e-12,7.33127e-13,2.83515e-18,5.43755e-35,1.83862e-64,0.000862444
15448,0,0,0,0,0,0,0,0,0
15449,0,0,0,0,0,0,0,0,0
15450,0,0,0,0,0,0,0,0,0
15451,0,0,0,0,0,0,0,0,0
15452,0,0,0,0,0,0,0,0,0
15453,0,0,0,0,0,0,0,0,0
15454,0,0,0,0,0,0,0,0,0
15455,0,0,0,0,0,0,0,0,0
15456,0,0,0,0,0,0,0,0,0
15457,0,0,0,0,0,0,0,0,0
15458,0,0,0,0,0,0,0,0,0
15459,0,0,0,0,0,0,0,0,0
15460,0,0,0,0,0,0,0,0,0
15461,0,0,0,0,0,0,0,0,0
15462,0,0,0,0,0,0,0,0,0
15463,0,0,0,0,0,0,0,0,0
15464,0,0,0,0,0,0,0,0,0
15465,0,0,0,0,0,0,0,0,0
15466,0,0,0,0,0,0,0,0,0
15467,0,0,0,0,0,0,0,0,0
15468,0,0,0,0,0,0,0,0,0
15469,0,0,0,0,0,0,0,0,0
15470,0,0,0,0,0,0,0,0,0
15471,0,0,0,0,0,0,0,0,0
15472,0,0,0,0,0,0,0,0,0
15473,0,0,0,0,0,0,0,0,0
15474,0,0,0,0,0,0,0,0,0
15475,0,0,0,0,0,0,0,0,0
15476,0,0,0,0,0,0,0,0,0
15477,0,0,0,0,0,0,0,0,0
15478,0,0,0,0,0,0,0,0,0
15479,0,0,0,0,0,0,0,0,0
15480,0,0,0,0,0,0,0,0,0
15481,0,0,0,0,0,0,0,0,0
15482,0,0,0,0,0,0,0,0,0
15483,0,0,0,0,0,0,0,0,0
15484,0,0,0,0,0,0,0,0,0
15485,0,0,0,0,0,0,0,0,0
15486,0,0,0,0,0,0,0,0,0
15487,0,0,0,0,0,0,0,0,0
15488,0,0,0,0,0,0,0,0,0
15489,0,0,0,0,0,0,0,0,0
15490,0,0,0,0,0,0,0,0,0
15491,0,0,0,0,0,0,0,0,0
15492,0,0,0,0,0,0,0,0,0
15493,0,0,0,0,0,0,0,0,0
15494,0,0,0,0,0,0,0,0,0
15495,0,0,0,0,0,0,0,0,0
15496,0,0,0,0,0,0,0,0,0
15497,0,0,0,0,0,0,0,0,0
15498,0,0,0,0,0,0,0,0,0
15499,0,0,0,0,0,0,0,0,0
15500,0.000463906,1.39872e-07,1.92786e-11,3.66715e-12,3.98822e-13,1.45982e-18,1.96e-35,3.95393e-65,0.000464046
15501,0,0,0,0,0,0,0,0,0
15502,0,0,0,0,0,0,0,0,0
15503,0,0,0,0,0,0,0,0,0
15504,0,0,0,0,0,0,0,0,0
15505,0,0,0,0,0,0,0,0,0
15506,0,0,0,0,0,0,0,0,0
15507,0,0,0,0,0,0,0,0,0
15508,0,0,0,0,0,0,0,0,0
15509,0,0,0,0,0,0,0,0,0
15510,0,0,0,0,0,0,0,0,0
15511,0,0,0,0,0,0,0,0,0
15512,0,0,0,0,0,0,0,0,0
15513,0,0,0,0,0,0,0,0,0
15514,0,0,0,0,0,0,0,0,0
15515,0,0,0,0,0,0,0,0,0
15516,0,0,0,0,0,0,0,0,0
15517,0,0,0,0,0,0,0,0,0
15518,0,0,0,0,0,0,0,0,0
15519,0,0,0,0,0,0,0,0,0
15520,0,0,0,0,0,0,0,0,0
15521,0,0,0,0,0,0,0,0,0
15522,0,0,0,0,0,0,0,0,0
15523,0,0,0,0,0,0,0,0,0
15524,0.000946219,2.9123e-07,4.10118e-11,7.78221e-12,8.43748e-13,3.14935e-18,4.56715e-35,9.35211e-65,0.00094651
15525,0,0,0,0,0,0,0,0,0
15526,0,0,0,0,0,0,0,0,0
15527,0,0,0,0,0,0,0,0,0
15528,0,0,0,0,0,0,0,0,0
15529,0.000579043,2.19252e-07,3.8173e-11,7.23998e-12,7.84472e-13,3.63683e-18,1.04986e-34,3.5014e-64,0.000579263
15530,0.000570206,2.12104e-07,3.61087e-11,6.84762e-12,7.41845e-13,3.33727e-18,8.08918e-35,2.08528e-64,0.000570418
15531,0,0,0,0,0,0,0,0,0
15532,0,0,0,0,0,0,0,0,0
15533,0,0,0,0,0,0,0,0,0
15534,0,0,0,0,0,0,0,0,0
15535,0,0,0,0,0,0,0,0,0
15536,0,0,0,0,0,0,0,0,0
15537,0,0,0,0,0,0,0,0,0
15538,0,0,0,0,0,0,0,0,0
15539,0,0,0,0,0,0,0,0,0
15540,0,0,0,0,0,0,0,0,0
15541,0,0,0,0,0,0,0,0,0
15542,0,0,0,0,0,0,0,0,0
15543,0,0,0,0,0,0,0,0,0
15544,0,0,0,0,0,0,0,0,0
15545,0,0,0,0,0,0,0,0,0
15546,0,0,0,0,0,0,0,0,0
15547,0,0,0,0,0,0,0,0,0
15548,0.000375347,8.95892e-08,9.3572e-12,1.77118e-12,1.91429e-13,4.88006e-19,3.02732e-37,4.29176e-66,0.000375437
15549,0,0,0,0,0,0,0,0,0
15550,0,0,0,0,0,0,0,0,0
15551,0,0,0,0,0,0,0,0,0
15552,0,0,0,0,0,0,0,0,0
15553,0,0,0,0,0,0,0,0,0
15554,0,0,0,0,0,0,0,0,0
15555,0,0,0,0,0,0,0,0,0
15556,0,0,0,0,0,0,0,0,0
15557,0,0,0,0,0,0,0,0,0
15558,0,0,0,0,0,0,0,0,0
15559,0,0,0,0,0,0,0,0,0
15560,0,0,0,0,0,0,0,0,0
15561,0,0,0,0,0,0,0,0,0
15562,0,0,0,0,0,0,0,0,0
15563,0,0,0,0,0,0,0,0,0
15564,0.000463399,1.39495e-07,1.91688e-11,3.62218e-12,3.90643e-13,1.41143e-18,1.84153e-35,3.14692e-65,0.000463538
15565,0,0,0,0,0,0,0,0,0
15566,0,0,0,0,0,0,0,0,0
15567,0,0,0,0,0,0,0,0,0
15568,0,0,0,0,0,0,0,0,0
15569,0,0,0,0,0,0,0,0,0
15570,0,0,0,0,0,0,0,0,0
15571,0,0,0,0,0,0,0,0,0
15572,0,0,0,0,0,0,0,0,0
15573,0,0,0,0,0,0,0,0,0
15574,0,0,0,0,0,0,0,0,0
15575,0,0,0,0,0,0,0,0,0
15576,0,0,0,0,0,0,0,0,0
15577,0,0,0,0,0,0,0,0,0
15578,0,0,0,0,0,0,0,0,0
15579,0,0,0,0,0,0,0,0,0
15580,0,0,0,0,0,0,0,0,0
15581,0,0,0,0,0,0,0,0,0
15582,0,0,0,0,0,0,0,0,0
15583,0,0,0,0,0,0,0,0,0
15584,0.000369157,8.79827e-08,9.5144e-12,1.79421e-12,1.93004e-13,5.44003e-19,3.25644e-36,3.04463e-66,0.000369245
15585,0,0,0,0,0,0,0,0,0
15586,0,0,0,0,0,0,0,0,0
15587,0,0,0,0,0,0,0,0,0
15588,0,0,0,0,0,0,0,0,0
15589,0,0,0,0,0,0,0,0,0
15590,0,0,0,0,0,0,0,0,0
15591,0,0,0,0,0,0,0,0,0
15592,0,0,0,0,0,0,0,0,0
15593,0,0,0,0,0,0,0,0,0
15594,0,0,0,0,0,0,0,0,0
15595,0,0,0,0,0,0,0,0,0
15596,0,0,0,0,0,0,0,0,0
15597,0,0,0,0,0,0,0,0,0
15598,0,0,0,0,0,0,0,0,0
15599,0,0,0,0,0,0,0,0,0
15600,0,0,0,0,0,0,0,0,0
15601,0,0,0,0,0,0,0,0,0
15602,0,0,0,0,0,0,0,0,0
15603,0,0,0,0,0,0,0,0,0
15604,0,0,0,0,0,0,0,0,0
15605,0,0,0,0,0,0,0,0,0
15606,0,0,0,0,0,0,0,0,0
15607,0,0,0,0,0,0,0,0,0
15608,0,0,0,0,0,0,0,0,0
15609,0,0,0,0,0,0,0,0,0
15610,0,0,0,0,0,0,0,0,0
15611,0,0,0,0,0,0,0,0,0
15612,0.000609235,2.42593e-07,4.42776e-11,8.32576e-12,8.92342e-13,4.26819e-18,1.31875e-34,3.56695e-64,0.000609478
15613,0,0,0,0,0,0,0,0,0
15614,0,0,0,0,0,0,0,0,0
15615,0,0,0,0,0,0,0,0,0
15616,0,0,0,0,0,0,0,0,0
15617,0,0,0,0,0,0,0,0,0
15618,0,0,0,0,0,0,0,0,0
15619,0,0,0,0,0,0,0,0,0
15620,0,0,0,0,0,0,0,0,0
15621,0,0,0,0,0,0,0,0,0
15622,0,0,0,0,0,0,0,0,0
15623,0,0,0,0,0,0,0,0,0
15624,0,0,0,0,0,0,0,0,0
15625,0,0,0,0,0,0,0,0,0
15626,0,0,0,0,0,0,0,0,0
15627,0,0,0,0,0,0,0,0,0
15628,0,0,0,0,0,0,0,0,0
15629,0,0,0,0,0,0,0,0,0
15630,0.000347339,7.59353e-08,7.10364e-12,1.33328e-12,1.42566e-13,3.08405e-19,1.32911e-39,4.05569e-66,0.000347415
15631,0,0,0,0,0,0,0,0,0
15632,0,0,0,0,0,0,0,0,0
15633,0,0,0,0,0,0,0,0,0
15634,0,0,0,0,0,0,0,0,0
15635,0,0,0,0,0,0,0,0,0
15636,0,0,0,0,0,0,0,0,0
15637,0,0,0,0,0,0,0,0,0
15638,0,0,0,0,0,0,0,0,0
15639,0,0,0,0,0,0,0,0,0
15640,0,0,0,0,0,0,0,0,0
15641,0,0,0,0,0,0,0,0,0
15642,0,0,0,0,0,0,0,0,0
15643,0,0,0,0,0,0,0,0,0
15644,0,0,0,0,0,0,0,0,0
15645,0,0,0,0,0,0,0,0,0
15646,0,0,0,0,0,0,0,0,0
15647,0,0,0,0,0,0,0,0,0
15648,0,0,0,0,0,0,0,0,0
15649,0,0,0,0,0,0,0,0,0
15650,0,0,0,0,0,0,0,0,0
15651,0,0,0,0,0,0,0,0,0
15652,0,0,0,0,0,0,0,0,0
15653,0,0,0,0,0,0,0,0,0
15654,0,0,0,0,0,0,0,0,0
15655,0,0,0,0,0,0,0,0,0
15656,0.000592812,2.29437e-07,4.0632e-11,7.60535e-12,8.10422e-13,3.73208e-18,1.02877e-34,2.30385e-64,0.000593041
15657,0,0,0,0,0,0,0,0,0
15658,0.000191885,2.04993e-08,6.28431e-13,1.17608e-13,1.25298e-14,3.66182e-22,2.08627e-36,6.27723e-66,0.000191905
15659,0,0,0,0,0,0,0,0,0
15660,0,0,0,0,0,0,0,0,0
15661,0,0,0,0,0,0,0,0,0
15662,0,0,0,0,0,0,0,0,0
15663,0,0,0,0,0,0,0,0,0
15664,0,0,0,0,0,0,0,0,0
15665,0,0,0,0,0,0,0,0,0
15666,0.00039412,1.00266e-07,1.15398e-11,2.15773e-12,2.29625e-13,6.78141e-19,4.55577e-36,3.59113e-66,0.00039422
15667,0,0,0,0,0,0,0,0,0
15668,0,0,0,0,0,0,0,0,0
15669,0,0,0,0,0,0,0,0,0
15670,0,0,0,0,0,0,0,0,0
15671,0,0,0,0,0,0,0,0,0
15672,0,0,0,0,0,0,0,0,0
15673,0,0,0,0,0,0,0,0,0
15674,0,0,0,0,0,0,0,0,0
15675,0,0,0,0,0,0,0,0,0
15676,0.000471557,1.44322e-07,2.01012e-11,3.75466e-12,3.99046e-13,1.43413e-18,1.83993e-35,2.32625e-65,0.000471701
15677,0,0,0,0,0,0,0,0,0
15678,0,0,0,0,0,0,0,0,0
15679,0,0,0,0,0,0,0,0,0
15680,0,0,0,0,0,0,0,0,0
15681,0,0,0,0,0,0,0,0,0
15682,0,0,0,0,0,0,0,0,0
15683,0,0,0,0,0,0,0,0,0
15684,0,0,0,0,0,0,0,0,0
15685,0,0,0,0,0,0,0,0,0
15686,0,0,0,0,0,0,0,0,0
15687,0,0,0,0,0,0,0,0,0
15688,0,0,0,0,0,0,0,0,0
15689,0,0,0,0,0,0,0,0,0
15690,0,0,0,0,0,0,0,0,0
15691,0,0,0,0,0,0,0,0,0
15692,0,0,0,0,0,0,0,0,0
15693,0,0,0,0,0,0,0,0,0
15694,0,0,0,0,0,0,0,0,0
15695,0,0,0,0,0,0,0,0,0
15696,0,0,0,0,0,0,0,0,0
15697,0.000400097,1.03203e-07,1.20028e-11,2.23727e-12,2.37145e-13,7.01019e-19,4.46878e-36,2.84878e-66,0.000400201
15698,0,0,0,0,0,0,0,0,0
15699,0.000564367,2.07637e-07,3.48892e-11,6.5016e-12,6.8894e-13,2.98798e-18,6.90825e-35,1.24714e-64,0.000564575
15700,0,0,0,0,0,0,0,0,0
15701,0,0,0,0,0,0,0,0,0
15702,0.000579637,2.19206e-07,3.78952e-11,7.05953e-12,7.47763e-13,3.33889e-18,8.50943e-35,1.64698e-64,0.000579857
15703,0,0,0,0,0,0,0,0,0
15704,0,0,0,0,0,0,0,0,0
15705,0,0,0,0,0,0,0,0,0
15706,0,0,0,0,0,0,0,0,0
15707,0,0,0,0,0,0,0,0,0
15708,0,0,0,0,0,0,0,0,0
15709,0,0,0,0,0,0,0,0,0
15710,0,0,0,0,0,0,0,0,0
15711,0,0,0,0,0,0,0,0,0
15712,0,0,0,0,0,0,0,0,0
15713,0,0,0,0,0,0,0,0,0
15714,0.000390887,9.85705e-08,1.12309e-11,2.08957e-12,2.20979e-13,6.41059e-19,4.09567e-36,2.76602e-66,0.000390986
15715,0,0,0,0,0,0,0,0,0
15716,0,0,0,0,0,0,0,0,0
15717,0,0,0,0,0,0,0,0,0
15718,0,0,0,0,0,0,0,0,0
15719,0,0,0,0,0,0,0,0,0
15720,0,0,0,0,0,0,0,0,0
15721,0,0,0,0,0,0,0,0,0
15722,0.000531612,1.83522e-07,2.8744e-11,5.34356e-12,5.64508e-13,2.25302e-18,3.67819e-35,4.20089e-65,0.000531796
15723,0,0,0,0,0,0,0,0,0
15724,0,0,0,0,0,0,0,0,0
15725,0,0,0,0,0,0,0,0,0
15726,0,0,0,0,0,0,0,0,0
15727,0,0,0,0,0,0,0,0,0
15728,0,0,0,0,0,0,0,0,0
15729,0,0,0,0,0,0,0,0,0
15730,0,0,0,0,0,0,0,0,0
15731,0.00051308,1.70646e-07,2.56795e-11,4.76976e-12,5.03345e-13,1.92073e-18,2.64875e-35,2.52739e-65,0.00051325
15732,0,0,0,0,0,0,0,0,0
15733,0,0,0,0,0,0,0,0,0
15734,0,0,0,0,0,0,0,0,0
15735,0,0,0,0,0,0,0,0,0
15736,0,0,0,0,0,0,0,0,0
15737,0,0,0,0,0,0,0,0,0
15738,0,0,0,0,0,0,0,0,0
15739,0,0,0,0,0,0,0,0,0
15740,0,0,0,0,0,0,0,0,0
15741,0,0,0,0,0,0,0,0,0
15742,0,0,0,0,0,0,0,0,0
15743,0,0,0,0,0,0,0,0,0
15744,0,0,0,0,0,0,0,0,0
15745,0,0,0,0,0,0,0,0,0
15746,0,0,0,0,0,0,0,0,0
15747,0,0,0,0,0,0,0,0,0
15748,0,0,0,0,0,0,0,0,0
15749,0,0,0,0,0,0,0,0,0
15750,0,0,0,0,0,0,0,0,0
15751,0,0,0,0,0,0,0,0,0
15752,0,0,0,0,0,0,0,0,0
15753,0,0,0,0,0,0,0,0,0
15754,0,0,0,0,0,0,0,0,0
15755,0,0,0,0,0,0,0,0,0
15756,0,0,0,0,0,0,0,0,0
15757,0,0,0,0,0,0,0,0,0
15758,0.00021606,2.60482e-08,9.01224e-13,1.66919e-13,1.75513e-14,5.60121e-22,4.69839e-36,1.44972e-65,0.000216086
15759,0,0,0,0,0,0,0,0,0
15760,0,0,0,0,0,0,0,0,0
15761,0,0,0,0,0,0,0,0,0
15762,0,0,0,0,0,0,0,0,0
15763,0,0,0,0,0,0,0,0,0
15764,0,0,0,0,0,0,0,0,0
15765,0,0,0,0,0,0,0,0,0
15766,0,0,0,0,0,0,0,0,0
15767,0,0,0,0,0,0,0,0,0
15768,0,0,0,0,0,0,0,0,0
15769,0,0,0,0,0,0,0,0,0
15770,0,0,0,0,0,0,0,0,0
15771,0,0,0,0,0,0,0,0,0
15772,0,0,0,0,0,0,0,0,0
15773,0,0,0,0,0,0,0,0,0
15774,0,0,0,0,0,0,0,0,0
15775,0,0,0,0,0,0,0,0,0
15776,0,0,0,0,0,0,0,0,0
15777,0,0,0,0,0,0,0,0,0
15778,0,0,0,0,0,0,0,0,0
15779,0,0,0,0,0,0,0,0,0
15780,0,0,0,0,0,0,0,0,0
15781,0,0,0,0,0,0,0,0,0
15782,0,0,0,0,0,0,0,0,0
15783,0,0,0,0,0,0,0,0,0
15784,0.000276783,4.84372e-08,3.70198e-12,6.83831e-13,7.16617e-14,1.31003e-19,9.52561e-38,5.1758e-70,0.000276832
15785,0,0,0,0,0,0,0,0,0
15786,0,0,0,0,0,0,0,0,0
15787,0.00033346,6.84723e-08,5.66699e-12,1.04644e-12,1.09612e-13,1.75731e-19,2.1889e-36,2.01351e-65,0.000333529
15788,0,0,0,0,0,0,0,0,0
15789,0,0,0,0,0,0,0,0,0
15790,0,0,0,0,0,0,0,0,0
15791,0,0,0,0,0,0,0,0,0
15792,0,0,0,0,0,0,0,0,0
15793,0,0,0,0,0,0,0,0,0
15794,0,0,0,0,0,0,0,0,0
15795,0,0,0,0,0,0,0,0,0
15796,0,0,0,0,0,0,0,0,0
15797,0,0,0,0,0,0,0,0,0
15798,0,0,0,0,0,0,0,0,0
15799,0,0,0,0,0,0,0,0,0
15800,0,0,0,0,0,0,0,0,0
15801,0,0,0,0,0,0,0,0,0
15802,0,0,0,0,0,0,0,0,0
15803,0,0,0,0,0,0,0,0,0
15804,0,0,0,0,0,0,0,0,0
15805,0,0,0,0,0,0,0,0,0
15806,0,0,0,0,0,0,0,0,0
15807,0,0,0,0,0,0,0,0,0
15808,0,0,0,0,0,0,0,0,0
15809,0.000541306,1.90154e-07,3.02339e-11,5.57018e-12,5.81792e-13,2.3231e-18,3.81585e-35,3.58225e-65,0.000541496
15810,0,0,0,0,0,0,0,0,0
15811,0.000378744,9.18129e-08,9.88573e-12,1.82091e-12,1.90137e-13,5.0049e-19,1.69012e-36,2.07242e-67,0.000378836
15812,0,0,0,0,0,0,0,0,0
15813,0,0,0,0,0,0,0,0,0
15814,0.000230098,3.32918e-08,2.09169e-12,3.85161e-13,4.02021e-14,5.98824e-20,2.60707e-38,3.5057e-70,0.000230131
15815,0,0,0,0,0,0,0,0,0
15816,0,0,0,0,0,0,0,0,0
15817,0,0,0,0,0,0,0,0,0
15818,0,0,0,0,0,0,0,0,0
15819,0.000384455,9.50992e-08,1.05674e-11,1.94503e-12,2.02908e-13,5.61736e-19,2.98864e-36,1.28672e-66,0.00038455
15820,0,0,0,0,0,0,0,0,0
15821,0,0,0,0,0,0,0,0,0
15822,0,0,0,0,0,0,0,0,0
15823,0,0,0,0,0,0,0,0,0
15824,0,0,0,0,0,0,0,0,0
15825,0,0,0,0,0,0,0,0,0
15826,0,0,0,0,0,0,0,0,0
15827,0,0,0,0,0,0,0,0,0
15828,0,0,0,0,0,0,0,0,0
15829,0,0,0,0,0,0,0,0,0
15830,0,0,0,0,0,0,0,0,0
15831,0,0,0,0,0,0,0,0,0
15832,0,0,0,0,0,0,0,0,0
15833,0,0,0,0,0,0,0,0,0
15834,0,0,0,0,0,0,0,0,0
15835,0,0,0,0,0,0,0,0,0
15836,0,0,0,0,0,0,0,0,0
15837,0,0,0,0,0,0,0,0,0
15838,0,0,0,0,0,0,0,0,0
15839,0,0,0,0,0,0,0,0,0
15840,0,0,0,0,0,0,0,0,0
15841,0,0,0,0,0,0,0,0,0
15842,0,0,0,0,0,0,0,0,0
15843,0.000439719,1.24918e-07,1.6012e-11,2.93965e-12,3.0568e-13,9.78252e-19,8.48536e-36,5.08863e-66,0.000439844
15844,0,0,0,0,0,0,0,0,0
15845,0,0,0,0,0,0,0,0,0
15846,0,0,0,0,0,0,0,0,0
15847,0,0,0,0,0,0,0,0,0
15848,0,0,0,0,0,0,0,0,0
15849,0.000473361,1.44994e-07,2.00597e-11,3.68058e-12,3.82438e-13,1.32075e-18,1.43993e-35,9.8465e-66,0.000473506
15850,0,0,0,0,0,0,0,0,0
15851,0,0,0,0,0,0,0,0,0
15852,0,0,0,0,0,0,0,0,0
15853,0,0,0,0,0,0,0,0,0
15854,0,0,0,0,0,0,0,0,0
15855,0,0,0,0,0,0,0,0,0
15856,0,0,0,0,0,0,0,0,0
15857,0,0,0,0,0,0,0,0,0
15858,0.000428273,1.18434e-07,1.47713e-11,2.70775e-12,2.81025e-13,8.73273e-19,6.9847e-36,3.86664e-66,0.000428392
15859,0,0,0,0,0,0,0,0,0
15860,0,0,0,0,0,0,0,0,0
15861,0,0,0,0,0,0,0,0,0
15862,0,0,0,0,0,0,0,0,0
15863,0,0,0,0,0,0,0,0,0
15864,0,0,0,0,0,0,0,0,0
15865,0.000582804,2.21098e-07,3.81115e-11,6.98118e-12,7.23878e-13,3.12897e-18,7.07414e-35,8.058e-65,0.000583025
15866,0,0,0,0,0,0,0,0,0
15867,0,0,0,0,0,0,0,0,0
15868,0,0,0,0,0,0,0,0,0
15869,0,0,0,0,0,0,0,0,0
15870,0.000291483,5.41907e-08,4.47983e-12,8.20174e-13,8.49871e-14,1.71802e-19,3.27488e-37,5.54201e-68,0.000291537
15871,0,0,0,0,0,0,0,0,0
15872,0,0,0,0,0,0,0,0,0
15873,0,0,0,0,0,0,0,0,0
15874,0.000447559,1.29378e-07,1.6853e-11,3.08433e-12,3.1945e-13,1.03264e-18,9.12241e-36,5.0278e-66,0.000447688
15875,0,0,0,0,0,0,0,0,0
15876,0,0,0,0,0,0,0,0,0
15877,0,0,0,0,0,0,0,0,0
15878,0.000633248,2.61542e-07,4.91554e-11,8.99204e-12,9.30793e-13,4.38498e-18,1.29698e-34,1.72465e-64,0.000633509
15879,0,0,0,0,0,0,0,0,0
15880,0,0,0,0,0,0,0,0,0
15881,0,0,0,0,0,0,0,0,0
15882,0,0,0,0,0,0,0,0,0
15883,0,0,0,0,0,0,0,0,0
15884,0.000523636,1.77959e-07,2.73979e-11,5.00867e-12,5.18038e-13,1.98892e-18,3.11194e-35,2.61641e-65,0.000523814
15885,0,0,0,0,0,0,0,0,0
15886,0,0,0,0,0,0,0,0,0
15887,0,0,0,0,0,0,0,0,0
15888,0,0,0,0,0,0,0,0,0
15889,0,0,0,0,0,0,0,0,0
15890,0,0,0,0,0,0,0,0,0
15891,0,0,0,0,0,0,0,0,0
15892,0,0,0,0,0,0,0,0,0
15893,0,0,0,0,0,0,0,0,0
15894,0,0,0,0,0,0,0,0,0
15895,0,0,0,0,0,0,0,0,0
15896,0,0,0,0,0,0,0,0,0
15897,0,0,0,0,0,0,0,0,0
15898,0,0,0,0,0,0,0,0,0
15899,0,0,0,0,0,0,0,0,0
15900,0.000621995,2.5206e-07,4.63962e-11,8.46788e-12,8.74002e-13,4.01082e-18,1.07917e-34,1.24554e-64,0.000622247
15901,0,0,0,0,0,0,0,0,0
15902,0,0,0,0,0,0,0,0,0
15903,0,0,0,0,0,0,0,0,0
15904,0,0,0,0,0,0,0,0,0
15905,0,0,0,0,0,0,0,0,0
15906,0,0,0,0,0,0,0,0,0
15907,0,0,0,0,0,0,0,0,0
15908,0,0,0,0,0,0,0,0,0
15909,0,0,0,0,0,0,0,0,0
15910,0,0,0,0,0,0,0,0,0
15911,0,0,0,0,0,0,0,0,0
15912,0,0,0,0,0,0,0,0,0
15913,0,0,0,0,0,0,0,0,0
15914,0,0,0,0,0,0,0,0,0
15915,0,0,0,0,0,0,0,0,0
15916,0.00114234,4.47637e-07,8.3487e-11,1.52126e-11,1.56693e-12,7.55243e-18,2.71322e-34,3.85761e-64,0.00114278
15917,0,0,0,0,0,0,0,0,0
15918,0,0,0,0,0,0,0,0,0
15919,0,0,0,0,0,0,0,0,0
15920,0,0,0,0,0,0,0,0,0
15921,0,0,0,0,0,0,0,0,0
15922,0,0,0,0,0,0,0,0,0
15923,0,0,0,0,0,0,0,0,0
15924,0,0,0,0,0,0,0,0,0
15925,0.000755602,3.7392e-07,8.44522e-11,1.53737e-11,1.5816e-12,8.92156e-18,4.65665e-34,8.21984e-64,0.000755976
15926,0,0,0,0,0,0,0,0,0
15927,0,0,0,0,0,0,0,0,0
15928,0,0,0,0,0,0,0,0,0
15929,0,0,0,0,0,0,0,0,0
15930,0,0,0,0,0,0,0,0,0
15931,0,0,0,0,0,0,0,0,0
15932,0,0,0,0,0,0,0,0,0
15933,0,0,0,0,0,0,0,0,0
15934,0,0,0,0,0,0,0,0,0
15935,0,0,0,0,0,0,0,0,0
15936,0,0,0,0,0,0,0,0,0
15937,0,0,0,0,0,0,0,0,0
15938,0,0,0,0,0,0,0,0,0
15939,0,0,0,0,0,0,0,0,0
15940,0,0,0,0,0,0,0,0,0
15941,0,0,0,0,0,0,0,0,0
15942,0,0,0,0,0,0,0,0,0
15943,0,0,0,0,0,0,0,0,0
15944,0,0,0,0,0,0,0,0,0
15945,0.000324328,6.73277e-08,6.2382e-12,1.13331e-12,1.16294e-13,2.62314e-19,7.53741e-37,1.57048e-67,0.000324395
15946,0,0,0,0,0,0,0,0,0
15947,0,0,0,0,0,0,0,0,0
15948,0,0,0,0,0,0,0,0,0
15949,0,0,0,0,0,0,0,0,0
15950,0,0,0,0,0,0,0,0,0
15951,0,0,0,0,0,0,0,0,0
15952,0.000130581,1.0129e-08,3.00082e-13,5.44761e-14,5.58478e-15,2.83074e-21,2.27552e-39,8.41507e-70,0.000130591
15953,0,0,0,0,0,0,0,0,0
15954,0,0,0,0,0,0,0,0,0
15955,0,0,0,0,0,0,0,0,0
15956,0,0,0,0,0,0,0,0,0
15957,0,0,0,0,0,0,0,0,0
15958,0,0,0,0,0,0,0,0,0
15959,0,0,0,0,0,0,0,0,0
15960,0,0,0,0,0,0,0,0,0
15961,0,0,0,0,0,0,0,0,0
15962,0,0,0,0,0,0,0,0,0
15963,0,0,0,0,0,0,0,0,0
15964,0,0,0,0,0,0,0,0,0
15965,0,0,0,0,0,0,0,0,0
15966,0,0,0,0,0,0,0,0,0
15967,0,0,0,0,0,0,0,0,0
15968,0,0,0,0,0,0,0,0,0
15969,0,0,0,0,0,0,0,0,0
15970,0,0,0,0,0,0,0,0,0
15971,0,0,0,0,0,0,0,0,0
15972,0,0,0,0,0,0,0,0,0
15973,0,0,0,0,0,0,0,0,0
15974,0,0,0,0,0,0,0,0,0
15975,0,0,0,0,0,0,0,0,0
15976,0,0,0,0,0,0,0,0,0
15977,0,0,0,0,0,0,0,0,0
15978,0,0,0,0,0,0,0,0,0
15979,0,0,0,0,0,0,0,0,0
15980,0,0,0,0,0,0,0,0,0
15981,0,0,0,0,0,0,0,0,0
15982,0,0,0,0,0,0,0,0,0
15983,0,0,0,0,0,0,0,0,0
15984,0,0,0,0,0,0,0,0,0
15985,0,0,0,0,0,0,0,0,0
15986,0,0,0,0,0,0,0,0,0
15987,0.000444521,1.27275e-07,1.63166e-11,2.9515e-12,3.01219e-13,9.35577e-19,6.93269e-36,2.32498e-66,0.000444648
15988,0,0,0,0,0,0,0,0,0
15989,0,0,0,0,0,0,0,0,0
15990,0,0,0,0,0,0,0,0,0
15991,0,0,0,0,0,0,0,0,0
15992,0,0,0,0,0,0,0,0,0
15993,0,0,0,0,0,0,0,0,0
15994,0,0,0,0,0,0,0,0,0
15995,0,0,0,0,0,0,0,0,0
15996,0,0,0,0,0,0,0,0,0
15997,0,0,0,0,0,0,0,0,0
15998,0,0,0,0,0,0,0,0,0
15999,0,0,0,0,0,0,0,0,0
16000,0,0,0,0,0,0,0,0,0
16001,0.000462605,1.38143e-07,1.85327e-11,3.34729e-12,3.40957e-13,1.11171e-18,1.01192e-35,4.11419e-66,0.000462743
16002,0,0,0,0,0,0,0,0,0
16003,0,0,0,0,0,0,0,0,0
16004,0,0,0,0,0,0,0,0,0
16005,0,0,0,0,0,0,0,0,0
16006,0,0,0,0,0,0,0,0,0
16007,0,0,0,0,0,0,0,0,0
16008,0,0,0,0,0,0,0,0,0
16009,0,0,0,0,0,0,0,0,0
16010,0,0,0,0,0,0,0,0,0
16011,0.000323486,6.69236e-08,6.16701e-12,1.11279e-12,1.13213e-13,2.51156e-19,6.87555e-37,1.18037e-67,0.000323553
16012,0,0,0,0,0,0,0,0,0
16013,0,0,0,0,0,0,0,0,0
16014,0,0,0,0,0,0,0,0,0
16015,0,0,0,0,0,0,0,0,0
16016,0,0,0,0,0,0,0,0,0
16017,0,0,0,0,0,0,0,0,0
16018,0,0,0,0,0,0,0,0,0
16019,0,0,0,0,0,0,0,0,0
16020,0,0,0,0,0,0,0,0,0
16021,0,0,0,0,0,0,0,0,0
16022,0,0,0,0,0,0,0,0,0
16023,0,0,0,0,0,0,0,0,0
16024,0.00037923,9.23193e-08,1.00389e-11,1.80886e-12,1.83697e-13,4.8113e-19,2.19719e-36,5.1625e-67,0.000379323
16025,0,0,0,0,0,0,0,0,0
16026,0,0,0,0,0,0,0,0,0
16027,0,0,0,0,0,0,0,0,0
16028,0,0,0,0,0,0,0,0,0
16029,0,0,0,0,0,0,0,0,0
16030,0,0,0,0,0,0,0,0,0
16031,0,0,0,0,0,0,0,0,0
16032,0,0,0,0,0,0,0,0,0
16033,0,0,0,0,0,0,0,0,0
16034,0.000360423,8.33265e-08,8.60471e-12,1.54889e-12,1.57097e-13,3.90558e-19,1.55353e-36,3.34792e-67,0.000360506
16035,0,0,0,0,0,0,0,0,0
16036,0,0,0,0,0,0,0,0,0
16037,0,0,0,0,0,0,0,0,0
16038,0,0,0,0,0,0,0,0,0
16039,0,0,0,0,0,0,0,0,0
16040,0,0,0,0,0,0,0,0,0
16041,0.000407144,1.06633e-07,1.25017e-11,2.24875e-12,2.27872e-13,6.43708e-19,3.78673e-36,1.04232e-66,0.00040725
16042,0,0,0,0,0,0,0,0,0
16043,0,0,0,0,0,0,0,0,0
16044,0,0,0,0,0,0,0,0,0
16045,0.000382551,9.39116e-08,1.02862e-11,1.84956e-12,1.87336e-13,4.9199e-19,2.22701e-36,4.76533e-67,0.000382645
16046,0,0,0,0,0,0,0,0,0
16047,0,0,0,0,0,0,0,0,0
16048,0,0,0,0,0,0,0,0,0
16049,0,0,0,0,0,0,0,0,0
16050,0,0,0,0,0,0,0,0,0
16051,0,0,0,0,0,0,0,0,0
16052,0,0,0,0,0,0,0,0,0
16053,0.000309117,6.09437e-08,5.32714e-12,9.57046e-13,9.68305e-14,2.01352e-19,4.33525e-37,5.34952e-68,0.000309177
16054,0,0,0,0,0,0,0,0,0
16055,0,0,0,0,0,0,0,0,0
16056,0,0,0,0,0,0,0,0,0
16057,0,0,0,0,0,0,0,0,0
16058,0,0,0,0,0,0,0,0,0
16059,0,0,0,0,0,0,0,0,0
16060,0,0,0,0,0,0,0,0,0
16061,0,0,0,0,0,0,0,0,0
16062,0,0,0,0,0,0,0,0,0
16063,0,0,0,0,0,0,0,0,0
16064,0,0,0,0,0,0,0,0,0
16065,0,0,0,0,0,0,0,0,0
16066,0,0,0,0,0,0,0,0,0
16067,0.000350343,7.8531e-08,7.82522e-12,1.40376e-12,1.41762e-13,3.3622e-19,1.08931e-36,1.69861e-67,0.000350422
16068,0,0,0,0,0,0,0,0,0
16069,0,0,0,0,0,0,0,0,0
16070,0,0,0,0,0,0,0,0,0
16071,0,0,0,0,0,0,0,0,0
16072,0.000367415,8.60102e-08,8.8513e-12,1.58699e-12,1.6016e-13,3.84076e-19,9.35712e-37,4.06355e-68,0.000367501
16073,0,0,0,0,0,0,0,0,0
16074,0.000516273,1.72493e-07,2.59311e-11,4.64841e-12,4.69004e-13,1.69995e-18,2.20217e-35,9.81826e-66,0.000516445
16075,0,0,0,0,0,0,0,0,0
16076,0,0,0,0,0,0,0,0,0
16077,0,0,0,0,0,0,0,0,0
16078,0,0,0,0,0,0,0,0,0
16079,0,0,0,0,0,0,0,0,0
16080,0,0,0,0,0,0,0,0,0
16081,0,0,0,0,0,0,0,0,0
16082,0,0,0,0,0,0,0,0,0
16083,0,0,0,0,0,0,0,0,0
16084,0,0,0,0,0,0,0,0,0
16085,0,0,0,0,0,0,0,0,0
16086,0.000587746,2.2392e-07,3.83532e-11,6.86664e-12,6.91725e-13,2.84264e-18,5.0983e-35,2.4715e-65,0.00058797
16087,0,0,0,0,0,0,0,0,0
16088,0,0,0,0,0,0,0,0,0
16089,0,0,0,0,0,0,0,0,0
16090,0,0,0,0,0,0,0,0,0
16091,0,0,0,0,0,0,0,0,0
16092,0,0,0,0,0,0,0,0,0
16093,0.000182788,2.03789e-08,9.20136e-13,1.6463e-13,1.65706e-14,1.47578e-20,3.4721e-39,4.75188e-69,0.000182808
16094,0,0,0,0,0,0,0,0,0
16095,0,0,0,0,0,0,0,0,0
16096,0,0,0,0,0,0,0,0,0
16097,0,0,0,0,0,0,0,0,0
16098,0,0,0,0,0,0,0,0,0
16099,0,0,0,0,0,0,0,0,0
16100,0,0,0,0,0,0,0,0,0
16101,0,0,0,0,0,0,0,0,0
16102,0,0,0,0,0,0,0,0,0
16103,0,0,0,0,0,0,0,0,0
16104,0,0,0,0,0,0,0,0,0
16105,0,0,0,0,0,0,0,0,0
16106,0,0,0,0,0,0,0,0,0
16107,0,0,0,0,0,0,0,0,0
16108,0,0,0,0,0,0,0,0,0
16109,0,0,0,0,0,0,0,0,0
16110,0,0,0,0,0,0,0,0,0
16111,0,0,0,0,0,0,0,0,0
16112,0,0,0,0,0,0,0,0,0
16113,0,0,0,0,0,0,0,0,0
16114,0,0,0,0,0,0,0,0,0
16115,0,0,0,0,0,0,0,0,0
16116,0,0,0,0,0,0,0,0,0
16117,0,0,0,0,0,0,0,0,0
16118,0,0,0,0,0,0,0,0,0
16119,0,0,0,0,0,0,0,0,0
16120,0,0,0,0,0,0,0,0,0
16121,0,0,0,0,0,0,0,0,0
16122,0,0,0,0,0,0,0,0,0
16123,0,0,0,0,0,0,0,0,0
16124,0,0,0,0,0,0,0,0,0
16125,0,0,0,0,0,0,0,0,0
16126,0,0,0,0,0,0,0,0,0
16127,0,0,0,0,0,0,0,0,0
16128,0,0,0,0,0,0,0,0,0
16129,0,0,0,0,0,0,0,0,0
16130,0,0,0,0,0,0,0,0,0
16131,0,0,0,0,0,0,0,0,0
16132,0,0,0,0,0,0,0,0,0
16133,0,0,0,0,0,0,0,0,0
16134,0,0,0,0,0,0,0,0,0
16135,0,0,0,0,0,0,0,0,0
16136,0,0,0,0,0,0,0,0,0
16137,0,0,0,0,0,0,0,0,0
16138,0,0,0,0,0,0,0,0,0
16139,0,0,0,0,0,0,0,0,0
16140,0,0,0,0,0,0,0,0,0
16141,0,0,0,0,0,0,0,0,0
16142,0,0,0,0,0,0,0,0,0
16143,0,0,0,0,0,0,0,0,0
16144,0,0,0,0,0,0,0,0,0
16145,0,0,0,0,0,0,0,0,0
16146,0,0,0,0,0,0,0,0,0
16147,0,0,0,0,0,0,0,0,0
16148,0,0,0,0,0,0,0,0,0
16149,0,0,0,0,0,0,0,0,0
16150,0,0,0,0,0,0,0,0,0
16151,0,0,0,0,0,0,0,0,0
16152,0,0,0,0,0,0,0,0,0
16153,0,0,0,0,0,0,0,0,0
16154,0,0,0,0,0,0,0,0,0
16155,0,0,0,0,0,0,0,0,0
16156,0,0,0,0,0,0,0,0,0
16157,0.000348282,7.75479e-08,7.66033e-12,1.36148e-12,1.3589e-13,3.15078e-19,9.70419e-37,1.20366e-67,0.00034836
16158,0,0,0,0,0,0,0,0,0
16159,0,0,0,0,0,0,0,0,0
16160,0,0,0,0,0,0,0,0,0
16161,0,0,0,0,0,0,0,0,0
16162,0,0,0,0,0,0,0,0,0
16163,0,0,0,0,0,0,0,0,0
16164,0,0,0,0,0,0,0,0,0
16165,0,0,0,0,0,0,0,0,0
16166,0,0,0,0,0,0,0,0,0
16167,0,0,0,0,0,0,0,0,0
16168,0,0,0,0,0,0,0,0,0
16169,0,0,0,0,0,0,0,0,0
16170,0,0,0,0,0,0,0,0,0
16171,0,0,0,0,0,0,0,0,0
16172,0,0,0,0,0,0,0,0,0
16173,0,0,0,0,0,0,0,0,0
16174,0,0,0,0,0,0,0,0,0
16175,0,0,0,0,0,0,0,0,0
16176,0,0,0,0,0,0,0,0,0
16177,0,0,0,0,0,0,0,0,0
16178,0.000512968,1.6998e-07,2.52344e-11,4.4752e-12,4.45447e-13,1.56372e-18,1.80504e-35,5.56176e-66,0.000513138
16179,0,0,0,0,0,0,0,0,0
16180,0,0,0,0,0,0,0,0,0
16181,0,0,0,0,0,0,0,0,0
16182,0.000368678,8.70022e-08,9.11458e-12,1.61575e-12,1.60741e-13,3.94154e-19,1.45079e-36,1.92568e-67,0.000368765
16183,0,0,0,0,0,0,0,0,0
16184,0,0,0,0,0,0,0,0,0
16185,0,0,0,0,0,0,0,0,0
16186,0,0,0,0,0,0,0,0,0
16187,0,0,0,0,0,0,0,0,0
16188,0,0,0,0,0,0,0,0,0
16189,0,0,0,0,0,0,0,0,0
16190,0,0,0,0,0,0,0,0,0
16191,0,0,0,0,0,0,0,0,0
16192,0,0,0,0,0,0,0,0,0
16193,0,0,0,0,0,0,0,0,0
16194,0,0,0,0,0,0,0,0,0
16195,0,0,0,0,0,0,0,0,0
16196,0,0,0,0,0,0,0,0,0
16197,0,0,0,0,0,0,0,0,0
16198,0,0,0,0,0,0,0,0,0
16199,0,0,0,0,0,0,0,0,0
16200,0,0,0,0,0,0,0,0,0
16201,0,0,0,0,0,0,0,0,0
16202,0,0,0,0,0,0,0,0,0
16203,0,0,0,0,0,0,0,0,0
16204,0,0,0,0,0,0,0,0,0
16205,0,0,0,0,0,0,0,0,0
16206,0,0,0,0,0,0,0,0,0
16207,0,0,0,0,0,0,0,0,0
16208,0,0,0,0,0,0,0,0,0
16209,0,0,0,0,0,0,0,0,0
16210,0,0,0,0,0,0,0,0,0
16211,0,0,0,0,0,0,0,0,0
16212,0,0,0,0,0,0,0,0,0
16213,0,0,0,0,0,0,0,0,0
16214,0,0,0,0,0,0,0,0,0
16215,0.000447343,1.28777e-07,1.65414e-11,2.92235e-12,2.8948e-13,8.71461e-19,6.25604e-36,1.26456e-66,0.000447472
16216,0.000401699,1.03493e-07,1.18537e-11,2.09407e-12,2.07419e-13,5.5434e-19,2.68968e-36,4.0157e-67,0.000401802
16217,0,0,0,0,0,0,0,0,0
16218,0.000396436,1.00807e-07,1.1402e-11,2.01385e-12,1.99421e-13,5.2678e-19,2.50426e-36,3.74944e-67,0.000396537
16219,0,0,0,0,0,0,0,0,0
16220,0,0,0,0,0,0,0,0,0
16221,0,0,0,0,0,0,0,0,0
16222,0,0,0,0,0,0,0,0,0
16223,0,0,0,0,0,0,0,0,0
16224,0,0,0,0,0,0,0,0,0
16225,0,0,0,0,0,0,0,0,0
16226,0,0,0,0,0,0,0,0,0
16227,0,0,0,0,0,0,0,0,0
16228,0,0,0,0,0,0,0,0,0
16229,0,0,0,0,0,0,0,0,0
16230,0,0,0,0,0,0,0,0,0
16231,0.000294455,5.51417e-08,4.55273e-12,8.03013e-13,7.93805e-14,1.51329e-19,2.52956e-37,1.69445e-68,0.00029451
16232,0,0,0,0,0,0,0,0,0
16233,0,0,0,0,0,0,0,0,0
16234,0,0,0,0,0,0,0,0,0
16235,0,0,0,0,0,0,0,0,0
16236,0,0,0,0,0,0,0,0,0
16237,0,0,0,0,0,0,0,0,0
16238,0,0,0,0,0,0,0,0,0
16239,0.00037934,9.17262e-08,9.74617e-12,1.71765e-12,1.69623e-13,4.11787e-19,1.2377e-36,9.32825e-68,0.000379432
16240,0,0,0,0,0,0,0,0,0
16241,0,0,0,0,0,0,0,0,0
16242,0,0,0,0,0,0,0,0,0
16243,0,0,0,0,0,0,0,0,0
16244,0,0,0,0,0,0,0,0,0
16245,0,0,0,0,0,0,0,0,0
16246,0,0,0,0,0,0,0,0,0
16247,0,0,0,0,0,0,0,0,0
16248,0,0,0,0,0,0,0,0,0
16249,0,0,0,0,0,0,0,0,0
16250,0,0,0,0,0,0,0,0,0
16251,0,0,0,0,0,0,0,0,0
16252,0.000516401,1.72111e-07,2.56344e-11,4.51188e-12,4.44828e-13,1.54636e-18,1.71936e-35,4.22975e-66,0.000516573
16253,0,0,0,0,0,0,0,0,0
16254,0.000360521,8.31489e-08,8.50608e-12,1.49676e-12,1.47517e-13,3.49796e-19,1.19672e-36,1.31071e-67,0.000360604
16255,0,0,0,0,0,0,0,0,0
16256,0,0,0,0,0,0,0,0,0
16257,0,0,0,0,0,0,0,0,0
16258,0,0,0,0,0,0,0,0,0
16259,0,0,0,0,0,0,0,0,0
16260,0,0,0,0,0,0,0,0,0
16261,0,0,0,0,0,0,0,0,0
16262,0,0,0,0,0,0,0,0,0
16263,0,0,0,0,0,0,0,0,0
16264,0,0,0,0,0,0,0,0,0
16265,0,0,0,0,0,0,0,0,0
16266,0,0,0,0,0,0,0,0,0
16267,0,0,0,0,0,0,0,0,0
16268,0.000285666,5.1849e-08,4.14373e-12,7.28062e-13,7.1622e-14,1.31356e-19,1.96634e-37,1.12572e-68,0.000285717
16269,0,0,0,0,0,0,0,0,0
16270,0,0,0,0,0,0,0,0,0
16271,0,0,0,0,0,0,0,0,0
16272,0,0,0,0,0,0,0,0,0
16273,0,0,0,0,0,0,0,0,0
16274,0,0,0,0,0,0,0,0,0
16275,0,0,0,0,0,0,0,0,0
16276,0,0,0,0,0,0,0,0,0
16277,0.000380981,9.28877e-08,1.00339e-11,1.76148e-12,1.73098e-13,4.31085e-19,1.67053e-36,1.81116e-67,0.000381074
16278,0,0,0,0,0,0,0,0,0
16279,0,0,0,0,0,0,0,0,0
16280,0,0,0,0,0,0,0,0,0
16281,0,0,0,0,0,0,0,0,0
16282,0,0,0,0,0,0,0,0,0
16283,0,0,0,0,0,0,0,0,0
16284,0.000435941,1.22007e-07,1.51656e-11,2.66031e-12,2.61169e-13,7.49178e-19,4.47716e-36,6.36723e-67,0.000436063
16285,0,0,0,0,0,0,0,0,0
16286,0,0,0,0,0,0,0,0,0
16287,0,0,0,0,0,0,0,0,0
16288,0,0,0,0,0,0,0,0,0
16289,0,0,0,0,0,0,0,0,0
16290,0,0,0,0,0,0,0,0,0
16291,0,0,0,0,0,0,0,0,0
16292,0,0,0,0,0,0,0,0,0
16293,0,0,0,0,0,0,0,0,0
16294,0,0,0,0,0,0,0,0,0
16295,0,0,0,0,0,0,0,0,0
16296,0,0,0,0,0,0,0,0,0
16297,0,0,0,0,0,0,0,0,0
16298,0,0,0,0,0,0,0,0,0
16299,0.000414347,1.10131e-07,1.29987e-11,2.27666e-12,2.23067e-13,6.06796e-19,3.15178e-36,4.05403e-67,0.000414457
16300,0,0,0,0,0,0,0,0,0
16301,0,0,0,0,0,0,0,0,0
16302,0,0,0,0,0,0,0,0,0
16303,0.000460067,1.35465e-07,1.75613e-11,3.07468e-12,3.01122e-13,8.8485e-19,4.66153e-36,3.82863e-67,0.000460202
16304,0,0,0,0,0,0,0,0,0
16305,0,0,0,0,0,0,0,0,0
16306,0,0,0,0,0,0,0,0,0
16307,0,0,0,0,0,0,0,0,0
16308,0,0,0,0,0,0,0,0,0
16309,0,0,0,0,0,0,0,0,0
16310,0,0,0,0,0,0,0,0,0
16311,0,0,0,0,0,0,0,0,0
16312,0,0,0,0,0,0,0,0,0
16313,0,0,0,0,0,0,0,0,0
16314,0,0,0,0,0,0,0,0,0
16315,0,0,0,0,0,0,0,0,0
16316,0,0,0,0,0,0,0,0,0
16317,0,0,0,0,0,0,0,0,0
16318,0,0,0,0,0,0,0,0,0
16319,0,0,0,0,0,0,0,0,0
16320,0,0,0,0,0,0,0,0,0
16321,0,0,0,0,0,0,0,0,0
16322,0,0,0,0,0,0,0,0,0
16323,0,0,0,0,0,0,0,0,0
16324,0,0,0,0,0,0,0,0,0
16325,0,0,0,0,0,0,0,0,0
16326,0.000299779,5.71174e-08,4.78626e-12,8.3595e-13,8.1618e-14,1.55449e-19,2.59632e-37,1.36674e-68,0.000299836
16327,0,0,0,0,0,0,0,0,0
16328,0,0,0,0,0,0,0,0,0
16329,0,0,0,0,0,0,0,0,0
16330,0,0,0,0,0,0,0,0,0
16331,0,0,0,0,0,0,0,0,0
16332,0,0,0,0,0,0,0,0,0
16333,0,0,0,0,0,0,0,0,0
16334,0,0,0,0,0,0,0,0,0
16335,0,0,0,0,0,0,0,0,0
16336,0.00051575,1.71531e-07,2.54364e-11,4.438e-12,4.32734e-13,1.47706e-18,1.56156e-35,3.00811e-66,0.000515922
16337,0,0,0,0,0,0,0,0,0
16338,0,0,0,0,0,0,0,0,0
16339,0,0,0,0,0,0,0,0,0
16340,0,0,0,0,0,0,0,0,0
16341,0.000387511,9.59915e-08,1.05002e-11,1.83123e-12,1.78462e-13,4.44076e-19,1.66394e-36,1.42679e-67,0.000387607
16342,0,0,0,0,0,0,0,0,0
16343,0,0,0,0,0,0,0,0,0
16344,0,0,0,0,0,0,0,0,0
16345,0,0,0,0,0,0,0,0,0
16346,0,0,0,0,0,0,0,0,0
16347,0,0,0,0,0,0,0,0,0
16348,0,0,0,0,0,0,0,0,0
16349,0,0,0,0,0,0,0,0,0
16350,0,0,0,0,0,0,0,0,0
16351,0,0,0,0,0,0,0,0,0
16352,0,0,0,0,0,0,0,0,0
16353,0,0,0,0,0,0,0,0,0
16354,0,0,0,0,0,0,0,0,0
16355,0.000435786,1.21792e-07,1.50774e-11,2.6257e-12,2.5542e-13,7.20392e-19,4.04237e-36,4.50334e-67,0.000435908
16356,0,0,0,0,0,0,0,0,0
16357,0,0,0,0,0,0,0,0,0
16358,0,0,0,0,0,0,0,0,0
16359,0,0,0,0,0,0,0,0,0
16360,0,0,0,0,0,0,0,0,0
16361,0,0,0,0,0,0,0,0,0
16362,0,0,0,0,0,0,0,0,0
16363,0,0,0,0,0,0,0,0,0
16364,0,0,0,0,0,0,0,0,0
16365,0.000289613,5.32647e-08,4.30459e-12,7.48837e-13,7.27462e-14,1.32875e-19,1.98384e-37,8.96709e-69,0.000289666
16366,0,0,0,0,0,0,0,0,0
16367,0,0,0,0,0,0,0,0,0
16368,0,0,0,0,0,0,0,0,0
16369,0,0,0,0,0,0,0,0,0
16370,0,0,0,0,0,0,0,0,0
16371,0,0,0,0,0,0,0,0,0
16372,0,0,0,0,0,0,0,0,0
16373,0,0,0,0,0,0,0,0,0
16374,0,0,0,0,0,0,0,0,0
16375,0,0,0,0,0,0,0,0,0
16376,0,0,0,0,0,0,0,0,0
16377,0,0,0,0,0,0,0,0,0
16378,0,0,0,0,0,0,0,0,0
16379,0,0,0,0,0,0,0,0,0
16380,0.000234154,3.45861e-08,2.22769e-12,3.86918e-13,3.7512e-14,5.40132e-20,3.69507e-38,8.82111e-70,0.000234188
16381,0,0,0,0,0,0,0,0,0
16382,0,0,0,0,0,0,0,0,0
16383,0,0,0,0,0,0,0,0,0
16384,0,0,0,0,0,0,0,0,0
16385,0,0,0,0,0,0,0,0,0
16386,0,0,0,0,0,0,0,0,0
16387,0,0,0,0,0,0,0,0,0
16388,0,0,0,0,0,0,0,0,0
16389,0,0,0,0,0,0,0,0,0
16390,0,0,0,0,0,0,0,0,0
16391,0,0,0,0,0,0,0,0,0
16392,0,0,0,0,0,0,0,0,0
16393,0,0,0,0,0,0,0,0,0
16394,0,0,0,0,0,0,0,0,0
16395,0,0,0,0,0,0,0,0,0
16396,0,0,0,0,0,0,0,0,0
16397,0,0,0,0,0,0,0,0,0
16398,0,0,0,0,0,0,0,0,0
16399,0,0,0,0,0,0,0,0,0
16400,0,0,0,0,0,0,0,0,0
16401,0,0,0,0,0,0,0,0,0
16402,0,0,0,0,0,0,0,0,0
16403,0,0,0,0,0,0,0,0,0
16404,0,0,0,0,0,0,0,0,0
16405,0,0,0,0,0,0,0,0,0
16406,0,0,0,0,0,0,0,0,0
16407,0,0,0,0,0,0,0,0,0
16408,0,0,0,0,0,0,0,0,0
16409,0,0,0,0,0,0,0,0,0
16410,0.000493014,1.56223e-07,2.19379e-11,3.79867e-12,3.66865e-13,1.16461e-18,9.36195e-36,1.15126e-66,0.00049317
16411,0,0,0,0,0,0,0,0,0
16412,0,0,0,0,0,0,0,0,0
16413,0,0,0,0,0,0,0,0,0
16414,0,0,0,0,0,0,0,0,0
16415,0,0,0,0,0,0,0,0,0
16416,0.000308388,6.0442e-08,5.20218e-12,9.00217e-13,8.68712e-14,1.67621e-19,2.94596e-37,1.29359e-68,0.000308448
16417,0,0,0,0,0,0,0,0,0
16418,0,0,0,0,0,0,0,0,0
16419,0,0,0,0,0,0,0,0,0
16420,0,0,0,0,0,0,0,0,0
16421,0,0,0,0,0,0,0,0,0
16422,0,0,0,0,0,0,0,0,0
16423,0,0,0,0,0,0,0,0,0
16424,0,0,0,0,0,0,0,0,0
16425,0,0,0,0,0,0,0,0,0
16426,0,0,0,0,0,0,0,0,0
16427,0,0,0,0,0,0,0,0,0
16428,0,0,0,0,0,0,0,0,0
16429,0,0,0,0,0,0,0,0,0
16430,0.000690551,1.5191e-07,1.4699e-11,2.54002e-12,2.44676e-13,5.30372e-19,1.32774e-36,7.11401e-68,0.000690703
16431,0,0,0,0,0,0,0,0,0
16432,0,0,0,0,0,0,0,0,0
16433,0,0,0,0,0,0,0,0,0
16434,0,0,0,0,0,0,0,0,0
16435,0,0,0,0,0,0,0,0,0
16436,0,0,0,0,0,0,0,0,0
16437,0,0,0,0,0,0,0,0,0
16438,0,0,0,0,0,0,0,0,0
16439,0,0,0,0,0,0,0,0,0
16440,0,0,0,0,0,0,0,0,0
16441,0,0,0,0,0,0,0,0,0
16442,0,0,0,0,0,0,0,0,0
16443,0,0,0,0,0,0,0,0,0
16444,0.000356707,8.10943e-08,8.10585e-12,1.3986e-12,1.34469e-13,3.00214e-19,8.13554e-37,4.35271e-68,0.000356789
16445,0,0,0,0,0,0,0,0,0
16446,0,0,0,0,0,0,0,0,0
16447,0,0,0,0,0,0,0,0,0
16448,0,0,0,0,0,0,0,0,0
16449,0,0,0,0,0,0,0,0,0
16450,0,0,0,0,0,0,0,0,0
16451,0,0,0,0,0,0,0,0,0
16452,0,0,0,0,0,0,0,0,0
16453,0,0,0,0,0,0,0,0,0
16454,0,0,0,0,0,0,0,0,0
16455,0,0,0,0,0,0,0,0,0
16456,0,0,0,0,0,0,0,0,0
16457,0,0,0,0,0,0,0,0,0
16458,0,0,0,0,0,0,0,0,0
16459,0,0,0,0,0,0,0,0,0
16460,0.000316456,6.36593e-08,5.62002e-12,9.68123e-13,9.28913e-14,1.82612e-19,3.4089e-37,1.39816e-68,0.00031652
16461,0,0,0,0,0,0,0,0,0
16462,0,0,0,0,0,0,0,0,0
16463,0,0,0,0,0,0,0,0,0
16464,0,0,0,0,0,0,0,0,0
16465,0.000984594,3.11668e-07,4.37153e-11,7.52674e-12,7.21729e-13,2.27166e-18,1.80939e-35,1.96147e-66,0.000984905
16466,0,0,0,0,0,0,0,0,0
16467,0,0,0,0,0,0,0,0,0
16468,0,0,0,0,0,0,0,0,0
16469,0,0,0,0,0,0,0,0,0
16470,0,0,0,0,0,0,0,0,0
16471,0,0,0,0,0,0,0,0,0
16472,0,0,0,0,0,0,0,0,0
16473,0,0,0,0,0,0,0,0,0
16474,0,0,0,0,0,0,0,0,0
16475,0,0,0,0,0,0,0,0,0
16476,0,0,0,0,0,0,0,0,0
16477,0,0,0,0,0,0,0,0,0
16478,0,0,0,0,0,0,0,0,0
16479,0,0,0,0,0,0,0,0,0
16480,0,0,0,0,0,0,0,0,0
16481,0,0,0,0,0,0,0,0,0
16482,0,0,0,0,0,0,0,0,0
16483,0,0,0,0,0,0,0,0,0
16484,0,0,0,0,0,0,0,0,0
16485,0,0,0,0,0,0,0,0,0
16486,0,0,0,0,0,0,0,0,0
16487,0,0,0,0,0,0,0,0,0
16488,0.000321857,6.56617e-08,5.83809e-12,1.00277e-12,9.58633e-14,1.86945e-19,3.01241e-37,8.49436e-69,0.000321922
16489,0,0,0,0,0,0,0,0,0
16490,0,0,0,0,0,0,0,0,0
16491,0,0,0,0,0,0,0,0,0
16492,0,0,0,0,0,0,0,0,0
16493,0,0,0,0,0,0,0,0,0
16494,0,0,0,0,0,0,0,0,0
16495,0,0,0,0,0,0,0,0,0
16496,0.00035576,8.05709e-08,8.00137e-12,1.37318e-12,1.31134e-13,2.87814e-19,7.27457e-37,3.17375e-68,0.000355841
16497,0,0,0,0,0,0,0,0,0
16498,0,0,0,0,0,0,0,0,0
16499,0,0,0,0,0,0,0,0,0
16500,0,0,0,0,0,0,0,0,0
16501,0,0,0,0,0,0,0,0,0
16502,0,0,0,0,0,0,0,0,0
16503,0,0,0,0,0,0,0,0,0
16504,0,0,0,0,0,0,0,0,0
16505,0,0,0,0,0,0,0,0,0
16506,0,0,0,0,0,0,0,0,0
16507,0.00030263,5.79292e-08,4.82012e-12,8.2634e-13,7.88069e-14,1.43042e-19,1.8307e-37,4.19568e-69,0.000302688
16508,0,0,0,0,0,0,0,0,0
16509,0,0,0,0,0,0,0,0,0
16510,0,0,0,0,0,0,0,0,0
16511,0,0,0,0,0,0,0,0,0
16512,0,0,0,0,0,0,0,0,0
16513,0,0,0,0,0,0,0,0,0
16514,0,0,0,0,0,0,0,0,0
16515,0,0,0,0,0,0,0,0,0
16516,0.000324657,6.69475e-08,6.04128e-12,1.03465e-12,9.85487e-14,1.95697e-19,3.66336e-37,1.25152e-68,0.000324724
16517,0,0,0,0,0,0,0,0,0
16518,0,0,0,0,0,0,0,0,0
16519,0,0,0,0,0,0,0,0,0
16520,0,0,0,0,0,0,0,0,0
16521,0,0,0,0,0,0,0,0,0
16522,0,0,0,0,0,0,0,0,0
16523,0,0,0,0,0,0,0,0,0
16524,0,0,0,0,0,0,0,0,0
16525,0,0,0,0,0,0,0,0,0
16526,0,0,0,0,0,0,0,0,0
16527,0,0,0,0,0,0,0,0,0
16528,0,0,0,0,0,0,0,0,0
16529,0,0,0,0,0,0,0,0,0
16530,0,0,0,0,0,0,0,0,0
16531,0,0,0,0,0,0,0,0,0
16532,0,0,0,0,0,0,0,0,0
16533,0,0,0,0,0,0,0,0,0
16534,0,0,0,0,0,0,0,0,0
16535,0,0,0,0,0,0,0,0,0
16536,0,0,0,0,0,0,0,0,0
16537,0,0,0,0,0,0,0,0,0
16538,0,0,0,0,0,0,0,0,0
16539,0,0,0,0,0,0,0,0,0
16540,0,0,0,0,0,0,0,0,0
16541,0,0,0,0,0,0,0,0,0
16542,0.000421531,1.13616e-07,1.34788e-11,2.30235e-12,2.18564e-13,5.7191e-19,2.55581e-36,1.52039e-67,0.000421645
16543,0,0,0,0,0,0,0,0,0
16544,0,0,0,0,0,0,0,0,0
16545,0,0,0,0,0,0,0,0,0
16546,0,0,0,0,0,0,0,0,0
16547,0,0,0,0,0,0,0,0,0
16548,0,0,0,0,0,0,0,0,0
16549,0,0,0,0,0,0,0,0,0
16550,0,0,0,0,0,0,0,0,0
16551,0,0,0,0,0,0,0,0,0
16552,0,0,0,0,0,0,0,0,0
16553,0,0,0,0,0,0,0,0,0
16554,0.000288226,5.2286e-08,4.08248e-12,6.96476e-13,6.60143e-14,1.09941e-19,8.64488e-38,5.67545e-70,0.000288279
16555,0,0,0,0,0,0,0,0,0
16556,0,0,0,0,0,0,0,0,0
16557,0,0,0,0,0,0,0,0,0
16558,0,0,0,0,0,0,0,0,0
16559,0.000313872,6.23315e-08,5.37575e-12,9.16671e-13,8.68327e-14,1.61967e-19,2.21906e-37,4.3519e-69,0.000313934
16560,0,0,0,0,0,0,0,0,0
16561,0,0,0,0,0,0,0,0,0
16562,0,0,0,0,0,0,0,0,0
16563,0,0,0,0,0,0,0,0,0
16564,0,0,0,0,0,0,0,0,0
16565,0.000163475,1.6629e-08,7.23824e-13,1.23343e-13,1.16739e-14,1.08325e-20,1.72459e-39,8.1044e-72,0.000163491
16566,0,0,0,0,0,0,0,0,0
16567,0,0,0,0,0,0,0,0,0
16568,0,0,0,0,0,0,0,0,0
16569,0,0,0,0,0,0,0,0,0
16570,0,0,0,0,0,0,0,0,0
16571,0,0,0,0,0,0,0,0,0
16572,0,0,0,0,0,0,0,0,0
16573,0,0,0,0,0,0,0,0,0
16574,0,0,0,0,0,0,0,0,0
16575,0,0,0,0,0,0,0,0,0
16576,0,0,0,0,0,0,0,0,0
16577,0,0,0,0,0,0,0,0,0
16578,0,0,0,0,0,0,0,0,0
16579,0,0,0,0,0,0,0,0,0
16580,0,0,0,0,0,0,0,0,0
16581,0,0,0,0,0,0,0,0,0
16582,0.000163254,1.61553e-08,6.40841e-13,1.09018e-13,1.02961e-14,7.55561e-21,3.21519e-40,1.09884e-70,0.00016327
16583,0,0,0,0,0,0,0,0,0
16584,0,0,0,0,0,0,0,0,0
16585,0,0,0,0,0,0,0,0,0
16586,0.000411619,1.08202e-07,1.24926e-11,2.12421e-12,2.00501e-13,5.06306e-19,2.01714e-36,9.83239e-68,0.000411728
16587,0.000288476,5.25749e-08,4.15897e-12,7.07099e-13,6.67323e-14,1.13851e-19,1.24524e-37,2.18284e-69,0.000288529
16588,0.000242777,3.71228e-08,2.46133e-12,4.1846e-13,3.9491e-14,5.65327e-20,3.78981e-38,5.21056e-70,0.000242814
16589,0,0,0,0,0,0,0,0,0
16590,0,0,0,0,0,0,0,0,0
16591,0,0,0,0,0,0,0,0,0
16592,0,0,0,0,0,0,0,0,0
16593,0.000375348,8.97708e-08,9.41209e-12,1.59933e-12,1.50829e-13,3.45016e-19,1.01697e-36,3.9894e-68,0.000375438
16594,0,0,0,0,0,0,0,0,0
16595,0,0,0,0,0,0,0,0,0
16596,0,0,0,0,0,0,0,0,0
16597,0,0,0,0,0,0,0,0,0
16598,0,0,0,0,0,0,0,0,0
16599,0,0,0,0,0,0,0,0,0
16600,0,0,0,0,0,0,0,0,0
16601,0,0,0,0,0,0,0,0,0
16602,0.000229188,3.29945e-08,2.05134e-12,3.48254e-13,3.28058e-14,4.37144e-20,2.25057e-38,2.33572e-70,0.000229221
16603,0,0,0,0,0,0,0,0,0
16604,0,0,0,0,0,0,0,0,0
16605,0,0,0,0,0,0,0,0,0
16606,0,0,0,0,0,0,0,0,0
16607,0,0,0,0,0,0,0,0,0
16608,0.000344039,7.5155e-08,7.16232e-12,1.21518e-12,1.1438e-13,2.3584e-19,4.81354e-37,1.31319e-68,0.000344114
16609,0,0,0,0,0,0,0,0,0
16610,0.00023521,3.48202e-08,2.23379e-12,3.78908e-13,3.56554e-14,4.92307e-20,2.99183e-38,3.70901e-70,0.000235245
16611,0,0,0,0,0,0,0,0,0
16612,0,0,0,0,0,0,0,0,0
16613,0,0,0,0,0,0,0,0,0
16614,0,0,0,0,0,0,0,0,0
16615,0,0,0,0,0,0,0,0,0
16616,0,0,0,0,0,0,0,0,0
16617,0,0,0,0,0,0,0,0,0
16618,0,0,0,0,0,0,0,0,0
16619,0.000309986,6.00973e-08,4.92498e-12,8.34616e-13,7.84442e-14,1.31187e-19,4.21255e-38,1.72826e-69,0.000310046
16620,0,0,0,0,0,0,0,0,0
16621,0,0,0,0,0,0,0,0,0
16622,0,0,0,0,0,0,0,0,0
16623,0,0,0,0,0,0,0,0,0
16624,0,0,0,0,0,0,0,0,0
16625,0,0,0,0,0,0,0,0,0
16626,0,0,0,0,0,0,0,0,0
16627,0,0,0,0,0,0,0,0,0
16628,0,0,0,0,0,0,0,0,0
16629,0,0,0,0,0,0,0,0,0
16630,0,0,0,0,0,0,0,0,0
16631,0,0,0,0,0,0,0,0,0
16632,0,0,0,0,0,0,0,0,0
16633,0,0,0,0,0,0,0,0,0
16634,0,0,0,0,0,0,0,0,0
16635,0,0,0,0,0,0,0,0,0
16636,0,0,0,0,0,0,0,0,0
16637,0,0,0,0,0,0,0,0,0
16638,0,0,0,0,0,0,0,0,0
16639,0.000283541,5.08247e-08,3.9612e-12,6.69903e-13,6.27993e-14,1.05243e-19,1.16947e-37,2.04763e-69,0.000283592
16640,0,0,0,0,0,0,0,0,0
16641,0,0,0,0,0,0,0,0,0
16642,0.000233867,3.4397e-08,2.18866e-12,3.70008e-13,3.46707e-14,4.71705e-20,2.71348e-38,2.94127e-70,0.000233902
16643,0,0,0,0,0,0,0,0,0
16644,0,0,0,0,0,0,0,0,0
16645,0,0,0,0,0,0,0,0,0
16646,0,0,0,0,0,0,0,0,0
16647,0,0,0,0,0,0,0,0,0
16648,0,0,0,0,0,0,0,0,0
16649,0,0,0,0,0,0,0,0,0
16650,0.000559403,2.01328e-07,3.20062e-11,5.40636e-12,5.06057e-13,1.75386e-18,1.89518e-35,1.59405e-66,0.000559604
16651,0.000430477,1.18425e-07,1.43049e-11,2.41612e-12,2.26135e-13,5.92042e-19,2.6697e-36,1.21895e-67,0.000430596
16652,0,0,0,0,0,0,0,0,0
16653,0,0,0,0,0,0,0,0,0
16654,0,0,0,0,0,0,0,0,0
16655,0,0,0,0,0,0,0,0,0
16656,0,0,0,0,0,0,0,0,0
16657,0,0,0,0,0,0,0,0,0
16658,0.000186914,2.1314e-08,9.85544e-13,1.66351e-13,1.55565e-14,1.35473e-20,7.66044e-41,1.33328e-70,0.000186935
16659,0,0,0,0,0,0,0,0,0
16660,0,0,0,0,0,0,0,0,0
16661,0,0,0,0,0,0,0,0,0
16662,0,0,0,0,0,0,0,0,0
16663,0,0,0,0,0,0,0,0,0
16664,0,0,0,0,0,0,0,0,0
16665,0,0,0,0,0,0,0,0,0
16666,0.00049109,1.54622e-07,2.14327e-11,3.61434e-12,3.37611e-13,1.01473e-18,7.04712e-36,4.18922e-67,0.000491244
16667,0,0,0,0,0,0,0,0,0
16668,0,0,0,0,0,0,0,0,0
16669,0,0,0,0,0,0,0,0,0
16670,0,0,0,0,0,0,0,0,0
16671,0,0,0,0,0,0,0,0,0
16672,0,0,0,0,0,0,0,0,0
16673,0,0,0,0,0,0,0,0,0
16674,0,0,0,0,0,0,0,0,0
16675,0,0,0,0,0,0,0,0,0
16676,0,0,0,0,0,0,0,0,0
16677,0,0,0,0,0,0,0,0,0
16678,0,0,0,0,0,0,0,0,0
16679,0.000345111,7.5564e-08,7.20212e-12,1.21303e-12,1.13129e-13,2.30459e-19,4.52411e-37,9.99495e-69,0.000345186
16680,0,0,0,0,0,0,0,0,0
16681,0,0,0,0,0,0,0,0,0
16682,0,0,0,0,0,0,0,0,0
16683,0,0,0,0,0,0,0,0,0
16684,0,0,0,0,0,0,0,0,0
16685,0.000341672,7.41045e-08,7.00636e-12,1.17923e-12,1.09881e-13,2.22429e-19,4.43344e-37,1.02868e-68,0.000341746
16686,0,0,0,0,0,0,0,0,0
16687,0,0,0,0,0,0,0,0,0
16688,0,0,0,0,0,0,0,0,0
16689,0,0,0,0,0,0,0,0,0
16690,0,0,0,0,0,0,0,0,0
16691,0,0,0,0,0,0,0,0,0
16692,0,0,0,0,0,0,0,0,0
16693,0,0,0,0,0,0,0,0,0
16694,0,0,0,0,0,0,0,0,0
16695,0,0,0,0,0,0,0,0,0
16696,0,0,0,0,0,0,0,0,0
16697,0.000242241,3.69084e-08,2.42993e-12,4.08508e-13,3.80095e-14,5.30262e-20,3.279e-38,3.22275e-70,0.000242278
16698,0,0,0,0,0,0,0,0,0
16699,0,0,0,0,0,0,0,0,0
16700,0,0,0,0,0,0,0,0,0
16701,0,0,0,0,0,0,0,0,0
16702,0,0,0,0,0,0,0,0,0
16703,0.000426204,1.15861e-07,1.37725e-11,2.31389e-12,2.15122e-13,5.47239e-19,2.17023e-36,7.52351e-68,0.00042632
16704,0,0,0,0,0,0,0,0,0
16705,0,0,0,0,0,0,0,0,0
16706,0,0,0,0,0,0,0,0,0
16707,0,0,0,0,0,0,0,0,0
16708,0,0,0,0,0,0,0,0,0
16709,0,0,0,0,0,0,0,0,0
16710,0,0,0,0,0,0,0,0,0
16711,0.000387656,9.56371e-08,1.02986e-11,1.72882e-12,1.6056e-13,3.69102e-19,1.0786e-36,3.00203e-68,0.000387751
16712,0,0,0,0,0,0,0,0,0
16713,0,0,0,0,0,0,0,0,0
16714,0,0,0,0,0,0,0,0,0
16715,0.000329917,6.90229e-08,6.28724e-12,1.05493e-12,9.79151e-14,1.89987e-19,3.34563e-37,6.66327e-69,0.000329986
16716,0,0,0,0,0,0,0,0,0
16717,0.000279331,4.91959e-08,3.74601e-12,6.2842e-13,5.83142e-14,9.37342e-20,8.69563e-38,1.02061e-69,0.00027938
16718,0,0,0,0,0,0,0,0,0
16719,0,0,0,0,0,0,0,0,0
16720,0,0,0,0,0,0,0,0,0
16721,0,0,0,0,0,0,0,0,0
16722,0,0,0,0,0,0,0,0,0
16723,0,0,0,0,0,0,0,0,0
16724,0,0,0,0,0,0,0,0,0
16725,0,0,0,0,0,0,0,0,0
16726,0.000300333,5.70322e-08,4.69965e-12,7.87675e-13,7.30073e-14,1.27478e-19,1.59302e-37,2.38272e-69,0.00030039
16727,0,0,0,0,0,0,0,0,0
16728,0,0,0,0,0,0,0,0,0
16729,0,0,0,0,0,0,0,0,0
16730,0.000218919,3.002e-08,1.76849e-12,2.96289e-13,2.74489e-14,3.38559e-20,1.36014e-38,8.39409e-71,0.000218949
16731,0,0,0,0,0,0,0,0,0
16732,0,0,0,0,0,0,0,0,0
16733,0,0,0,0,0,0,0,0,0
16734,0,0,0,0,0,0,0,0,0
16735,0,0,0,0,0,0,0,0,0
16736,0,0,0,0,0,0,0,0,0
16737,0,0,0,0,0,0,0,0,0
16738,0,0,0,0,0,0,0,0,0
16739,0,0,0,0,0,0,0,0,0
16740,0.000423763,1.14542e-07,1.35387e-11,2.26596e-12,2.09656e-13,5.28027e-19,2.07422e-36,6.6854e-68,0.000423877
16741,0,0,0,0,0,0,0,0,0
16742,0,0,0,0,0,0,0,0,0
16743,0.000274003,4.73087e-08,3.5286e-12,5.90347e-13,5.45944e-14,8.55983e-20,7.40313e-38,7.81627e-70,0.000274051
16744,0,0,0,0,0,0,0,0,0
16745,0,0,0,0,0,0,0,0,0
16746,0,0,0,0,0,0,0,0,0
16747,0,0,0,0,0,0,0,0,0
16748,0,0,0,0,0,0,0,0,0
16749,0,0,0,0,0,0,0,0,0
16750,0,0,0,0,0,0,0,0,0
16751,0,0,0,0,0,0,0,0,0
16752,0,0,0,0,0,0,0,0,0
16753,0,0,0,0,0,0,0,0,0
16754,0,0,0,0,0,0,0,0,0
16755,0,0,0,0,0,0,0,0,0
16756,0,0,0,0,0,0,0,0,0
16757,0,0,0,0,0,0,0,0,0
16758,0,0,0,0,0,0,0,0,0
16759,0,0,0,0,0,0,0,0,0
16760,0,0,0,0,0,0,0,0,0
16761,0,0,0,0,0,0,0,0,0
16762,0,0,0,0,0,0,0,0,0
16763,0,0,0,0,0,0,0,0,0
16764,0,0,0,0,0,0,0,0,0
16765,0,0,0,0,0,0,0,0,0
16766,0,0,0,0,0,0,0,0,0
16767,0,0,0,0,0,0,0,0,0
16768,0,0,0,0,0,0,0,0,0
16769,0,0,0,0,0,0,0,0,0
16770,0,0,0,0,0,0,0,0,0
16771,0,0,0,0,0,0,0,0,0
16772,0,0,0,0,0,0,0,0,0
16773,0,0,0,0,0,0,0,0,0
16774,0,0,0,0,0,0,0,0,0
16775,0,0,0,0,0,0,0,0,0
16776,0,0,0,0,0,0,0,0,0
16777,0,0,0,0,0,0,0,0,0
16778,0,0,0,0,0,0,0,0,0
16779,0,0,0,0,0,0,0,0,0
16780,0,0,0,0,0,0,0,0,0
16781,0,0,0,0,0,0,0,0,0
16782,0,0,0,0,0,0,0,0,0
16783,0,0,0,0,0,0,0,0,0
16784,0,0,0,0,0,0,0,0,0
16785,0,0,0,0,0,0,0,0,0
16786,0,0,0,0,0,0,0,0,0
16787,0,0,0,0,0,0,0,0,0
16788,0,0,0,0,0,0,0,0,0
16789,0,0,0,0,0,0,0,0,0
16790,0,0,0,0,0,0,0,0,0
16791,0,0,0,0,0,0,0,0,0
16792,0,0,0,0,0,0,0,0,0
16793,0,0,0,0,0,0,0,0,0
16794,0,0,0,0,0,0,0,0,0
16795,0,0,0,0,0,0,0,0,0
16796,0,0,0,0,0,0,0,0,0
16797,0,0,0,0,0,0,0,0,0
16798,0,0,0,0,0,0,0,0,0
16799,0,0,0,0,0,0,0,0,0
16800,0,0,0,0,0,0,0,0,0
16801,0,0,0,0,0,0,0,0,0
16802,0,0,0,0,0,0,0,0,0
16803,0,0,0,0,0,0,0,0,0
16804,0,0,0,0,0,0,0,0,0
16805,0,0,0,0,0,0,0,0,0
16806,0,0,0,0,0,0,0,0,0
16807,0,0,0,0,0,0,0,0,0
16808,0,0,0,0,0,0,0,0,0
16809,0.000301857,5.75463e-08,4.74593e-12,7.88666e-13,7.23162e-14,1.24482e-19,1.47167e-37,1.68535e-69,0.000301915
16810,0,0,0,0,0,0,0,0,0
16811,0.000192078,2.30055e-08,1.17672e-12,1.95515e-13,1.79242e-14,1.88672e-20,4.61322e-39,1.65127e-71,0.000192101
16812,0,0,0,0,0,0,0,0,0
16813,0,0,0,0,0,0,0,0,0
16814,0,0,0,0,0,0,0,0,0
16815,0,0,0,0,0,0,0,0,0
16816,0,0,0,0,0,0,0,0,0
16817,0,0,0,0,0,0,0,0,0
16818,0,0,0,0,0,0,0,0,0
16819,0,0,0,0,0,0,0,0,0
16820,0,0,0,0,0,0,0,0,0
16821,0,0,0,0,0,0,0,0,0
16822,0.000365394,8.46812e-08,8.51494e-12,1.41313e-12,1.29362e-13,2.71584e-19,5.8577e-37,9.62981e-69,0.000365479
16823,0,0,0,0,0,0,0,0,0
16824,0,0,0,0,0,0,0,0,0
16825,0.000344178,7.50316e-08,7.08995e-12,1.17629e-12,1.07639e-13,2.12136e-19,3.7867e-37,5.47344e-69,0.000344253
16826,0,0,0,0,0,0,0,0,0
16827,0,0,0,0,0,0,0,0,0
16828,0,0,0,0,0,0,0,0,0
16829,0,0,0,0,0,0,0,0,0
16830,0,0,0,0,0,0,0,0,0
16831,0,0,0,0,0,0,0,0,0
16832,0,0,0,0,0,0,0,0,0
16833,0,0,0,0,0,0,0,0,0
16834,0,0,0,0,0,0,0,0,0
16835,0,0,0,0,0,0,0,0,0
16836,0,0,0,0,0,0,0,0,0
16837,0,0,0,0,0,0,0,0,0
16838,0,0,0,0,0,0,0,0,0
16839,0,0,0,0,0,0,0,0,0
16840,0,0,0,0,0,0,0,0,0
16841,0,0,0,0,0,0,0,0,0
16842,0,0,0,0,0,0,0,0,0
16843,0,0,0,0,0,0,0,0,0
16844,0,0,0,0,0,0,0,0,0
16845,0,0,0,0,0,0,0,0,0
16846,0,0,0,0,0,0,0,0,0
16847,0,0,0,0,0,0,0,0,0
16848,0,0,0,0,0,0,0,0,0
16849,0,0,0,0,0,0,0,0,0
16850,0.000344562,7.51571e-08,7.0959e-12,1.17427e-12,1.07109e-13,2.09803e-19,3.62927e-37,4.72043e-69,0.000344637
16851,0,0,0,0,0,0,0,0,0
16852,0,0,0,0,0,0,0,0,0
16853,0,0,0,0,0,0,0,0,0
16854,0,0,0,0,0,0,0,0,0
16855,0,0,0,0,0,0,0,0,0
16856,0,0,0,0,0,0,0,0,0
16857,0,0,0,0,0,0,0,0,0
16858,0,0,0,0,0,0,0,0,0
16859,0,0,0,0,0,0,0,0,0
16860,0,0,0,0,0,0,0,0,0
16861,0,0,0,0,0,0,0,0,0
16862,0,0,0,0,0,0,0,0,0
16863,0,0,0,0,0,0,0,0,0
16864,0,0,0,0,0,0,0,0,0
16865,0,0,0,0,0,0,0,0,0
16866,0.000223353,3.11918e-08,1.8615e-12,3.07536e-13,2.79923e-14,3.4105e-20,1.28682e-38,5.20247e-71,0.000223384
16867,0,0,0,0,0,0,0,0,0
16868,0,0,0,0,0,0,0,0,0
16869,0,0,0,0,0,0,0,0,0
16870,0,0,0,0,0,0,0,0,0
16871,0,0,0,0,0,0,0,0,0
16872,0.000181566,2.00527e-08,8.92185e-13,1.47306e-13,1.33976e-14,1.08304e-20,4.63772e-41,4.25126e-71,0.000181586
16873,0,0,0,0,0,0,0,0,0
16874,0,0,0,0,0,0,0,0,0
16875,0,0,0,0,0,0,0,0,0
16876,0,0,0,0,0,0,0,0,0
16877,0,0,0,0,0,0,0,0,0
16878,0,0,0,0,0,0,0,0,0
16879,0,0,0,0,0,0,0,0,0
16880,0,0,0,0,0,0,0,0,0
16881,0,0,0,0,0,0,0,0,0
16882,0,0,0,0,0,0,0,0,0
16883,0,0,0,0,0,0,0,0,0
16884,0,0,0,0,0,0,0,0,0
16885,0.000288474,5.24381e-08,4.10788e-12,6.77303e-13,6.14939e-14,9.90795e-20,9.45891e-38,7.5882e-70,0.000288526
16886,0.000166539,1.70214e-08,7.20164e-13,1.1873e-13,1.07786e-14,8.83125e-21,5.03738e-40,1.0241e-74,0.000166556
16887,0,0,0,0,0,0,0,0,0
16888,0,0,0,0,0,0,0,0,0
16889,0,0,0,0,0,0,0,0,0
16890,0,0,0,0,0,0,0,0,0
16891,0,0,0,0,0,0,0,0,0
16892,0,0,0,0,0,0,0,0,0
16893,0,0,0,0,0,0,0,0,0
16894,0,0,0,0,0,0,0,0,0
16895,0,0,0,0,0,0,0,0,0
16896,0,0,0,0,0,0,0,0,0
16897,0,0,0,0,0,0,0,0,0
16898,0,0,0,0,0,0,0,0,0
16899,0.000331265,6.93974e-08,6.28537e-12,1.03485e-12,9.37882e-14,1.74953e-19,2.65765e-37,2.8762e-69,0.000331334
16900,0,0,0,0,0,0,0,0,0
16901,0,0,0,0,0,0,0,0,0
16902,0,0,0,0,0,0,0,0,0
16903,0,0,0,0,0,0,0,0,0
16904,0,0,0,0,0,0,0,0,0
16905,0,0,0,0,0,0,0,0,0
16906,0,0,0,0,0,0,0,0,0
16907,0,0,0,0,0,0,0,0,0
16908,0,0,0,0,0,0,0,0,0
16909,0,0,0,0,0,0,0,0,0
16910,0,0,0,0,0,0,0,0,0
16911,0,0,0,0,0,0,0,0,0
16912,0,0,0,0,0,0,0,0,0
16913,0.000195661,2.36359e-08,1.19056e-12,1.95742e-13,1.77084e-14,1.73629e-20,1.71841e-39,1.01705e-73,0.000195685
16914,0,0,0,0,0,0,0,0,0
16915,0,0,0,0,0,0,0,0,0
16916,0.000241855,3.66819e-08,2.38595e-12,3.92129e-13,3.54582e-14,4.7012e-20,2.4494e-38,1.1922e-70,0.000241892
16917,0,0,0,0,0,0,0,0,0
16918,0,0,0,0,0,0,0,0,0
16919,0,0,0,0,0,0,0,0,0
16920,0,0,0,0,0,0,0,0,0
16921,0,0,0,0,0,0,0,0,0
16922,0,0,0,0,0,0,0,0,0
16923,0,0,0,0,0,0,0,0,0
16924,0,0,0,0,0,0,0,0,0
16925,0,0,0,0,0,0,0,0,0
16926,0,0,0,0,0,0,0,0,0
16927,0,0,0,0,0,0,0,0,0
16928,0,0,0,0,0,0,0,0,0
16929,0,0,0,0,0,0,0,0,0
16930,0,0,0,0,0,0,0,0,0
16931,0,0,0,0,0,0,0,0,0
16932,0,0,0,0,0,0,0,0,0
16933,0,0,0,0,0,0,0,0,0
16934,0,0,0,0,0,0,0,0,0
16935,0,0,0,0,0,0,0,0,0
16936,0,0,0,0,0,0,0,0,0
16937,0,0,0,0,0,0,0,0,0
16938,0,0,0,0,0,0,0,0,0
16939,0,0,0,0,0,0,0,0,0
16940,0,0,0,0,0,0,0,0,0
16941,0,0,0,0,0,0,0,0,0
16942,0,0,0,0,0,0,0,0,0
16943,0,0,0,0,0,0,0,0,0
16944,0,0,0,0,0,0,0,0,0
16945,0,0,0,0,0,0,0,0,0
16946,0,0,0,0,0,0,0,0,0
16947,0,0,0,0,0,0,0,0,0
16948,0,0,0,0,0,0,0,0,0
16949,0,0,0,0,0,0,0,0,0
16950,0,0,0,0,0,0,0,0,0
16951,0,0,0,0,0,0,0,0,0
16952,0,0,0,0,0,0,0,0,0
16953,0,0,0,0,0,0,0,0,0
16954,0,0,0,0,0,0,0,0,0
16955,0,0,0,0,0,0,0,0,0
16956,0,0,0,0,0,0,0,0,0
16957,0,0,0,0,0,0,0,0,0
16958,0,0,0,0,0,0,0,0,0
16959,0.000252901,4.01209e-08,2.72684e-12,4.46201e-13,4.01263e-14,5.5177e-20,3.18067e-38,1.46391e-70,0.000252941
16960,0,0,0,0,0,0,0,0,0
16961,0,0,0,0,0,0,0,0,0
16962,0,0,0,0,0,0,0,0,0
16963,0,0,0,0,0,0,0,0,0
16964,0,0,0,0,0,0,0,0,0
16965,0,0,0,0,0,0,0,0,0
16966,0,0,0,0,0,0,0,0,0
16967,0,0,0,0,0,0,0,0,0
16968,0,0,0,0,0,0,0,0,0
16969,0,0,0,0,0,0,0,0,0
16970,0,0,0,0,0,0,0,0,0
16971,0,0,0,0,0,0,0,0,0
16972,0,0,0,0,0,0,0,0,0
16973,0,0,0,0,0,0,0,0,0
16974,0,0,0,0,0,0,0,0,0
16975,0,0,0,0,0,0,0,0,0
16976,0,0,0,0,0,0,0,0,0
16977,0,0,0,0,0,0,0,0,0
16978,0.00024101,3.6387e-08,2.35001e-12,3.83773e-13,3.44256e-14,4.47996e-20,2.17951e-38,8.48812e-71,0.000241046
16979,0,0,0,0,0,0,0,0,0
16980,0,0,0,0,0,0,0,0,0
16981,0,0,0,0,0,0,0,0,0
16982,0,0,0,0,0,0,0,0,0
16983,0,0,0,0,0,0,0,0,0
16984,0,0,0,0,0,0,0,0,0
16985,0,0,0,0,0,0,0,0,0
16986,0.000170897,1.69166e-08,5.84098e-13,9.53099e-14,8.54083e-15,3.29075e-21,1.9172e-38,5.58359e-70,0.000170913
16987,0,0,0,0,0,0,0,0,0
16988,0,0,0,0,0,0,0,0,0
16989,0,0,0,0,0,0,0,0,0
16990,0,0,0,0,0,0,0,0,0
16991,0,0,0,0,0,0,0,0,0
16992,0.000153027,1.42062e-08,5.31626e-13,8.66912e-14,7.76211e-15,5.25224e-21,2.58809e-42,2.59017e-72,0.000153041
16993,0,0,0,0,0,0,0,0,0
16994,0,0,0,0,0,0,0,0,0
16995,0,0,0,0,0,0,0,0,0
16996,0,0,0,0,0,0,0,0,0
16997,0,0,0,0,0,0,0,0,0
16998,0.000285625,5.12125e-08,3.92358e-12,6.39419e-13,5.72078e-14,8.77026e-20,6.55958e-38,2.87894e-70,0.000285676
16999,0,0,0,0,0,0,0,0,0
17000,0.00022391,3.12329e-08,1.84529e-12,3.00679e-13,2.68962e-14,3.14455e-20,9.32451e-39,1.7491e-71,0.000223941
17001,0,0,0,0,0,0,0,0,0
17002,0,0,0,0,0,0,0,0,0
17003,0,0,0,0,0,0,0,0,0
17004,0,0,0,0,0,0,0,0,0
17005,0,0,0,0,0,0,0,0,0
17006,0,0,0,0,0,0,0,0,0
17007,0,0,0,0,0,0,0,0,0
17008,0.000373759,8.83664e-08,8.99677e-12,1.46467e-12,1.30871e-13,2.68582e-19,5.17529e-37,4.56292e-69,0.000373848
17009,0,0,0,0,0,0,0,0,0
17010,0,0,0,0,0,0,0,0,0
17011,0,0,0,0,0,0,0,0,0
17012,0.000291925,5.36132e-08,4.22397e-12,6.87447e-13,6.14005e-14,9.72477e-20,8.65864e-38,4.67458e-70,0.000291978
17013,0,0,0,0,0,0,0,0,0
17014,0.000376606,8.9863e-08,9.26354e-12,1.50721e-12,1.34572e-13,2.80876e-19,6.03898e-37,6.1642e-69,0.000376696
17015,0,0,0,0,0,0,0,0,0
17016,0,0,0,0,0,0,0,0,0
17017,0,0,0,0,0,0,0,0,0
17018,0,0,0,0,0,0,0,0,0
17019,0,0,0,0,0,0,0,0,0
17020,0,0,0,0,0,0,0,0,0
17021,0,0,0,0,0,0,0,0,0
17022,0,0,0,0,0,0,0,0,0
17023,0,0,0,0,0,0,0,0,0
17024,0,0,0,0,0,0,0,0,0
17025,0,0,0,0,0,0,0,0,0
17026,0,0,0,0,0,0,0,0,0
17027,0,0,0,0,0,0,0,0,0
17028,0,0,0,0,0,0,0,0,0
17029,0.000242721,3.6892e-08,2.39555e-12,3.89176e-13,3.46815e-14,4.50017e-20,2.17515e-38,7.44331e-71,0.000242758
17030,0.000258554,4.19317e-08,2.90973e-12,4.72636e-13,4.21112e-14,5.84726e-20,3.49915e-38,1.38899e-70,0.000258596
17031,0,0,0,0,0,0,0,0,0
17032,0,0,0,0,0,0,0,0,0
17033,0,0,0,0,0,0,0,0,0
17034,0,0,0,0,0,0,0,0,0
17035,0,0,0,0,0,0,0,0,0
17036,0,0,0,0,0,0,0,0,0
17037,0,0,0,0,0,0,0,0,0
17038,0,0,0,0,0,0,0,0,0
17039,0,0,0,0,0,0,0,0,0
17040,0,0,0,0,0,0,0,0,0
17041,0,0,0,0,0,0,0,0,0
17042,0,0,0,0,0,0,0,0,0
17043,0,0,0,0,0,0,0,0,0
17044,0,0,0,0,0,0,0,0,0
17045,0,0,0,0,0,0,0,0,0
17046,0,0,0,0,0,0,0,0,0
17047,0,0,0,0,0,0,0,0,0
17048,0,0,0,0,0,0,0,0,0
17049,0,0,0,0,0,0,0,0,0
17050,0,0,0,0,0,0,0,0,0
17051,0,0,0,0,0,0,0,0,0
17052,0,0,0,0,0,0,0,0,0
17053,0,0,0,0,0,0,0,0,0
17054,0,0,0,0,0,0,0,0,0
17055,0,0,0,0,0,0,0,0,0
17056,0,0,0,0,0,0,0,0,0
17057,0,0,0,0,0,0,0,0,0
17058,0.000360815,8.23438e-08,8.09789e-12,1.31168e-12,1.16457e-13,2.29869e-19,4.1368e-37,3.31886e-69,0.000360898
17059,0,0,0,0,0,0,0,0,0
17060,0,0,0,0,0,0,0,0,0
17061,0,0,0,0,0,0,0,0,0
17062,0,0,0,0,0,0,0,0,0
17063,0,0,0,0,0,0,0,0,0
17064,0.000330634,6.82885e-08,5.92605e-12,9.59288e-13,8.51021e-14,1.41801e-19,7.56415e-38,1.61283e-72,0.000330702
17065,0,0,0,0,0,0,0,0,0
17066,0,0,0,0,0,0,0,0,0
17067,0,0,0,0,0,0,0,0,0
17068,0,0,0,0,0,0,0,0,0
17069,0,0,0,0,0,0,0,0,0
17070,0,0,0,0,0,0,0,0,0
17071,0,0,0,0,0,0,0,0,0
17072,0,0,0,0,0,0,0,0,0
17073,0,0,0,0,0,0,0,0,0
17074,0,0,0,0,0,0,0,0,0
17075,0,0,0,0,0,0,0,0,0
17076,0,0,0,0,0,0,0,0,0
17077,0,0,0,0,0,0,0,0,0
17078,0,0,0,0,0,0,0,0,0
17079,0,0,0,0,0,0,0,0,0
17080,0,0,0,0,0,0,0,0,0
17081,0,0,0,0,0,0,0,0,0
17082,0,0,0,0,0,0,0,0,0
17083,0,0,0,0,0,0,0,0,0
17084,0,0,0,0,0,0,0,0,0
17085,0.000198087,2.40864e-08,1.20371e-12,1.94435e-13,1.72025e-14,1.59683e-20,8.64013e-40,1.25275e-72,0.000198111
17086,0,0,0,0,0,0,0,0,0
17087,0,0,0,0,0,0,0,0,0
17088,0,0,0,0,0,0,0,0,0
17089,0,0,0,0,0,0,0,0,0
17090,0,0,0,0,0,0,0,0,0
17091,0,0,0,0,0,0,0,0,0
17092,0.000164306,1.67104e-08,7.16857e-13,1.15708e-13,1.02276e-14,8.57443e-21,1.02843e-39,1.08306e-72,0.000164323
17093,0,0,0,0,0,0,0,0,0
17094,0,0,0,0,0,0,0,0,0
17095,0,0,0,0,0,0,0,0,0
17096,0,0,0,0,0,0,0,0,0
17097,0,0,0,0,0,0,0,0,0
17098,0,0,0,0,0,0,0,0,0
17099,0,0,0,0,0,0,0,0,0
17100,0,0,0,0,0,0,0,0,0
17101,0,0,0,0,0,0,0,0,0
17102,0,0,0,0,0,0,0,0,0
17103,0,0,0,0,0,0,0,0,0
17104,0.000299563,5.642e-08,4.54634e-12,7.32874e-13,6.46743e-14,1.03106e-19,9.30377e-38,3.95594e-70,0.000299619
17105,0.000119529,7.63966e-09,1.26528e-13,2.0396e-14,1.79985e-15,3.06985e-24,1.1455e-38,1.14352e-70,0.000119536
17106,0,0,0,0,0,0,0,0,0
17107,0,0,0,0,0,0,0,0,0
17108,0,0,0,0,0,0,0,0,0
17109,0,0,0,0,0,0,0,0,0
17110,0,0,0,0,0,0,0,0,0
17111,0,0,0,0,0,0,0,0,0
17112,0,0,0,0,0,0,0,0,0
17113,0.00029401,5.4307e-08,4.28717e-12,6.90473e-13,6.08634e-14,9.48207e-20,7.90765e-38,3.07677e-70,0.000294064
17114,0,0,0,0,0,0,0,0,0
17115,0,0,0,0,0,0,0,0,0
17116,0,0,0,0,0,0,0,0,0
17117,0,0,0,0,0,0,0,0,0
17118,0,0,0,0,0,0,0,0,0
17119,0.000232872,3.38866e-08,2.09879e-12,3.37812e-13,2.97539e-14,3.62282e-20,1.43528e-38,3.38592e-71,0.000232906
17120,0,0,0,0,0,0,0,0,0
17121,0,0,0,0,0,0,0,0,0
17122,0,0,0,0,0,0,0,0,0
17123,0,0,0,0,0,0,0,0,0
17124,0,0,0,0,0,0,0,0,0
17125,0,0,0,0,0,0,0,0,0
17126,0,0,0,0,0,0,0,0,0
17127,0,0,0,0,0,0,0,0,0
17128,0,0,0,0,0,0,0,0,0
17129,0,0,0,0,0,0,0,0,0
17130,0,0,0,0,0,0,0,0,0
17131,0,0,0,0,0,0,0,0,0
17132,0,0,0,0,0,0,0,0,0
17133,0,0,0,0,0,0,0,0,0
17134,0,0,0,0,0,0,0,0,0
17135,0,0,0,0,0,0,0,0,0
17136,0,0,0,0,0,0,0,0,0
17137,0,0,0,0,0,0,0,0,0
17138,0,0,0,0,0,0,0,0,0
17139,0,0,0,0,0,0,0,0,0
17140,0,0,0,0,0,0,0,0,0
17141,0,0,0,0,0,0,0,0,0
17142,0,0,0,0,0,0,0,0,0
17143,0,0,0,0,0,0,0,0,0
17144,0,0,0,0,0,0,0,0,0
17145,0,0,0,0,0,0,0,0,0
17146,9.71871e-05,5.48326e-09,1.12934e-13,1.81278e-14,1.59119e-15,4.56676e-22,4.57068e-41,1.8718e-73,9.71926e-05
17147,0,0,0,0,0,0,0,0,0
17148,0,0,0,0,0,0,0,0,0
17149,0,0,0,0,0,0,0,0,0
17150,0.000221217,3.04862e-08,1.77906e-12,2.85431e-13,2.50388e-14,2.84008e-20,8.54021e-39,1.40824e-71,0.000221248
17151,0,0,0,0,0,0,0,0,0
17152,0,0,0,0,0,0,0,0,0
17153,0,0,0,0,0,0,0,0,0
17154,0.000172195,1.81871e-08,7.92532e-13,1.27105e-13,1.11446e-14,9.06383e-21,6.11333e-40,1.12264e-73,0.000172213
17155,0,0,0,0,0,0,0,0,0
17156,0,0,0,0,0,0,0,0,0
17157,0.000184766,2.1162e-08,1.02134e-12,1.63751e-13,1.43522e-14,1.33843e-20,2.17175e-39,2.28415e-72,0.000184787
17158,0,0,0,0,0,0,0,0,0
17159,0,0,0,0,0,0,0,0,0
17160,0,0,0,0,0,0,0,0,0
17161,0,0,0,0,0,0,0,0,0
17162,0,0,0,0,0,0,0,0,0
17163,0,0,0,0,0,0,0,0,0
17164,0,0,0,0,0,0,0,0,0
17165,0.000211735,2.79024e-08,1.55595e-12,2.49251e-13,2.18226e-14,2.36013e-20,6.21787e-39,9.27147e-72,0.000211763
17166,0,0,0,0,0,0,0,0,0
17167,0.0002284,3.24797e-08,1.95122e-12,3.12515e-13,2.73553e-14,3.17384e-20,9.76271e-39,1.45158e-71,0.000228432
17168,0.000213128,2.81932e-08,1.56835e-12,2.51176e-13,2.19844e-14,2.3462e-20,5.218e-39,5.44888e-72,0.000213156
17169,0,0,0,0,0,0,0,0,0
17170,0,0,0,0,0,0,0,0,0
17171,0,0,0,0,0,0,0,0,0
17172,0,0,0,0,0,0,0,0,0
17173,0,0,0,0,0,0,0,0,0
17174,0,0,0,0,0,0,0,0,0
17175,0,0,0,0,0,0,0,0,0
17176,0,0,0,0,0,0,0,0,0
17177,0,0,0,0,0,0,0,0,0
17178,0,0,0,0,0,0,0,0,0
17179,0,0,0,0,0,0,0,0,0
17180,0,0,0,0,0,0,0,0,0
17181,0,0,0,0,0,0,0,0,0
17182,0,0,0,0,0,0,0,0,0
17183,0,0,0,0,0,0,0,0,0
17184,0,0,0,0,0,0,0,0,0
17185,0.00032081,6.46265e-08,5.53989e-12,8.8563e-13,7.73393e-14,1.28581e-19,1.20789e-37,3.6498e-70,0.000320875
17186,0,0,0,0,0,0,0,0,0
17187,0,0,0,0,0,0,0,0,0
17188,0,0,0,0,0,0,0,0,0
17189,0,0,0,0,0,0,0,0,0
17190,0,0,0,0,0,0,0,0,0
17191,0,0,0,0,0,0,0,0,0
17192,0,0,0,0,0,0,0,0,0
17193,0.000111146,7.53732e-09,2.11544e-13,3.3793e-14,2.94826e-15,1.55821e-21,3.91433e-41,8.84665e-75,0.000111154
17194,0,0,0,0,0,0,0,0,0
17195,0,0,0,0,0,0,0,0,0
17196,0,0,0,0,0,0,0,0,0
17197,0,0,0,0,0,0,0,0,0
17198,0,0,0,0,0,0,0,0,0
17199,0,0,0,0,0,0,0,0,0
17200,0,0,0,0,0,0,0,0,0
17201,0,0,0,0,0,0,0,0,0
17202,0,0,0,0,0,0,0,0,0
17203,0,0,0,0,0,0,0,0,0
17204,0,0,0,0,0,0,0,0,0
17205,0,0,0,0,0,0,0,0,0
17206,0,0,0,0,0,0,0,0,0
17207,0,0,0,0,0,0,0,0,0
17208,0,0,0,0,0,0,0,0,0
17209,0,0,0,0,0,0,0,0,0
17210,0,0,0,0,0,0,0,0,0
17211,0,0,0,0,0,0,0,0,0
17212,0,0,0,0,0,0,0,0,0
17213,0,0,0,0,0,0,0,0,0
17214,0,0,0,0,0,0,0,0,0
17215,0,0,0,0,0,0,0,0,0
17216,0,0,0,0,0,0,0,0,0
17217,0,0,0,0,0,0,0,0,0
17218,0,0,0,0,0,0,0,0,0
17219,0.000176878,1.9382e-08,8.94751e-13,1.4254e-13,1.2393e-14,1.0975e-20,1.5875e-39,1.40449e-72,0.000176897
17220,0,0,0,0,0,0,0,0,0
17221,0,0,0,0,0,0,0,0,0
17222,0,0,0,0,0,0,0,0,0
17223,0,0,0,0,0,0,0,0,0
17224,0,0,0,0,0,0,0,0,0
17225,0.000151878,1.4143e-08,5.45078e-13,8.67853e-14,7.54003e-15,5.42031e-21,3.04569e-40,7.6688e-74,0.000151892
17226,0,0,0,0,0,0,0,0,0
17227,0.000390307,9.63146e-08,1.01973e-11,1.6232e-12,1.40984e-13,2.91105e-19,5.93028e-37,3.27903e-69,0.000390403
17228,0,0,0,0,0,0,0,0,0
17229,0,0,0,0,0,0,0,0,0
17230,0,0,0,0,0,0,0,0,0
17231,0,0,0,0,0,0,0,0,0
17232,0,0,0,0,0,0,0,0,0
17233,0,0,0,0,0,0,0,0,0
17234,0,0,0,0,0,0,0,0,0
17235,0,0,0,0,0,0,0,0,0
17236,0,0,0,0,0,0,0,0,0
17237,0,0,0,0,0,0,0,0,0
17238,0,0,0,0,0,0,0,0,0
17239,0,0,0,0,0,0,0,0,0
17240,0,0,0,0,0,0,0,0,0
17241,0,0,0,0,0,0,0,0,0
17242,0,0,0,0,0,0,0,0,0
17243,0,0,0,0,0,0,0,0,0
17244,0.000334651,7.05097e-08,6.34766e-12,1.00863e-12,8.74097e-14,1.5248e-19,1.83288e-37,6.68989e-70,0.000334721
17245,0,0,0,0,0,0,0,0,0
17246,0,0,0,0,0,0,0,0,0
17247,0,0,0,0,0,0,0,0,0
17248,0,0,0,0,0,0,0,0,0
17249,0,0,0,0,0,0,0,0,0
17250,0,0,0,0,0,0,0,0,0
17251,0.00018097,2.0273e-08,9.54271e-13,1.51528e-13,1.31204e-14,1.17481e-20,1.6947e-39,1.30917e-72,0.00018099
17252,0,0,0,0,0,0,0,0,0
17253,0,0,0,0,0,0,0,0,0
17254,0,0,0,0,0,0,0,0,0
17255,0,0,0,0,0,0,0,0,0
17256,0,0,0,0,0,0,0,0,0
17257,0,0,0,0,0,0,0,0,0
17258,0,0,0,0,0,0,0,0,0
17259,0,0,0,0,0,0,0,0,0
17260,0,0,0,0,0,0,0,0,0
17261,0,0,0,0,0,0,0,0,0
17262,0,0,0,0,0,0,0,0,0
17263,0,0,0,0,0,0,0,0,0
17264,0,0,0,0,0,0,0,0,0
17265,0.000163295,1.6184e-08,6.4652e-13,1.02507e-13,8.85922e-15,6.24494e-21,1.20675e-40,1.07548e-74,0.000163311
17266,0,0,0,0,0,0,0,0,0
17267,0,0,0,0,0,0,0,0,0
17268,0.000183669,2.09083e-08,1.00223e-12,1.58871e-13,1.37268e-14,1.25315e-20,1.99643e-39,1.67263e-72,0.000183689
17269,0,0,0,0,0,0,0,0,0
17270,0,0,0,0,0,0,0,0,0
17271,0,0,0,0,0,0,0,0,0
17272,0,0,0,0,0,0,0,0,0
17273,0.00018959,2.22791e-08,1.10134e-12,1.7448e-13,1.50642e-14,1.41438e-20,2.39642e-39,1.99136e-72,0.000189613
17274,0,0,0,0,0,0,0,0,0
17275,0,0,0,0,0,0,0,0,0
17276,0,0,0,0,0,0,0,0,0
17277,0,0,0,0,0,0,0,0,0
17278,0,0,0,0,0,0,0,0,0
17279,0,0,0,0,0,0,0,0,0
17280,0,0,0,0,0,0,0,0,0
17281,0,0,0,0,0,0,0,0,0
17282,0,0,0,0,0,0,0,0,0
17283,0,0,0,0,0,0,0,0,0
17284,0,0,0,0,0,0,0,0,0
17285,0,0,0,0,0,0,0,0,0
17286,0,0,0,0,0,0,0,0,0
17287,0,0,0,0,0,0,0,0,0
17288,0,0,0,0,0,0,0,0,0
17289,0,0,0,0,0,0,0,0,0
17290,0,0,0,0,0,0,0,0,0
17291,0,0,0,0,0,0,0,0,0
17292,0,0,0,0,0,0,0,0,0
17293,0,0,0,0,0,0,0,0,0
17294,0,0,0,0,0,0,0,0,0
17295,0,0,0,0,0,0,0,0,0
17296,0,0,0,0,0,0,0,0,0
17297,0,0,0,0,0,0,0,0,0
17298,0,0,0,0,0,0,0,0,0
17299,0,0,0,0,0,0,0,0,0
17300,0,0,0,0,0,0,0,0,0
17301,0,0,0,0,0,0,0,0,0
17302,0,0,0,0,0,0,0,0,0
17303,0.000151717,1.34506e-08,4.32303e-13,6.82774e-14,5.87214e-15,2.4461e-21,2.18956e-39,2.01516e-71,0.000151731
17304,0,0,0,0,0,0,0,0,0
17305,0,0,0,0,0,0,0,0,0
17306,0,0,0,0,0,0,0,0,0
17307,0,0,0,0,0,0,0,0,0
17308,0,0,0,0,0,0,0,0,0
17309,0,0,0,0,0,0,0,0,0
17310,0.000140751,1.1865e-08,3.91382e-13,6.17695e-14,5.3076e-15,2.87085e-21,2.19959e-41,7.42871e-73,0.000140762
17311,0,0,0,0,0,0,0,0,0
17312,0,0,0,0,0,0,0,0,0
17313,0,0,0,0,0,0,0,0,0
17314,0,0,0,0,0,0,0,0,0
17315,0,0,0,0,0,0,0,0,0
17316,0,0,0,0,0,0,0,0,0
17317,0,0,0,0,0,0,0,0,0
17318,0,0,0,0,0,0,0,0,0
17319,0,0,0,0,0,0,0,0,0
17320,0,0,0,0,0,0,0,0,0
17321,0,0,0,0,0,0,0,0,0
17322,0,0,0,0,0,0,0,0,0
17323,0,0,0,0,0,0,0,0,0
17324,0,0,0,0,0,0,0,0,0
17325,0,0,0,0,0,0,0,0,0
17326,0,0,0,0,0,0,0,0,0
17327,0,0,0,0,0,0,0,0,0
17328,0,0,0,0,0,0,0,0,0
17329,0,0,0,0,0,0,0,0,0
17330,0,0,0,0,0,0,0,0,0
17331,0,0,0,0,0,0,0,0,0
17332,0,0,0,0,0,0,0,0,0
17333,0,0,0,0,0,0,0,0,0
17334,0,0,0,0,0,0,0,0,0
17335,0,0,0,0,0,0,0,0,0
17336,0,0,0,0,0,0,0,0,0
17337,0,0,0,0,0,0,0,0,0
17338,0,0,0,0,0,0,0,0,0
17339,0.000251852,3.95788e-08,2.62943e-12,4.13771e-13,3.54223e-14,4.45041e-20,1.88316e-38,2.53006e-71,0.000251891
17340,0,0,0,0,0,0,0,0,0
17341,0,0,0,0,0,0,0,0,0
17342,0,0,0,0,0,0,0,0,0
17343,0,0,0,0,0,0,0,0,0
17344,0,0,0,0,0,0,0,0,0
17345,0,0,0,0,0,0,0,0,0
17346,0,0,0,0,0,0,0,0,0
17347,0,0,0,0,0,0,0,0,0
17348,0,0,0,0,0,0,0,0,0
17349,0,0,0,0,0,0,0,0,0
17350,0,0,0,0,0,0,0,0,0
17351,0,0,0,0,0,0,0,0,0
17352,0,0,0,0,0,0,0,0,0
17353,0,0,0,0,0,0,0,0,0
17354,0,0,0,0,0,0,0,0,0
17355,0.000247756,3.82876e-08,2.50041e-12,3.92816e-13,3.35584e-14,4.13501e-20,1.66065e-38,2.08845e-71,0.000247794
17356,0,0,0,0,0,0,0,0,0
17357,0,0,0,0,0,0,0,0,0
17358,0,0,0,0,0,0,0,0,0
17359,0,0,0,0,0,0,0,0,0
17360,0,0,0,0,0,0,0,0,0
17361,0,0,0,0,0,0,0,0,0
17362,0,0,0,0,0,0,0,0,0
17363,0,0,0,0,0,0,0,0,0
17364,0,0,0,0,0,0,0,0,0
17365,0,0,0,0,0,0,0,0,0
17366,0,0,0,0,0,0,0,0,0
17367,0,0,0,0,0,0,0,0,0
17368,0,0,0,0,0,0,0,0,0
17369,0,0,0,0,0,0,0,0,0
17370,0,0,0,0,0,0,0,0,0
17371,0,0,0,0,0,0,0,0,0
17372,0,0,0,0,0,0,0,0,0
17373,0,0,0,0,0,0,0,0,0
17374,0,0,0,0,0,0,0,0,0
17375,0,0,0,0,0,0,0,0,0
17376,0,0,0,0,0,0,0,0,0
17377,0,0,0,0,0,0,0,0,0
17378,0,0,0,0,0,0,0,0,0
17379,0,0,0,0,0,0,0,0,0
17380,0.000222781,3.08331e-08,1.79364e-12,2.81058e-13,2.39332e-14,2.60039e-20,6.79275e-39,5.62084e-72,0.000222812
17381,0,0,0,0,0,0,0,0,0
17382,0,0,0,0,0,0,0,0,0
17383,0,0,0,0,0,0,0,0,0
17384,0,0,0,0,0,0,0,0,0
17385,0,0,0,0,0,0,0,0,0
17386,0,0,0,0,0,0,0,0,0
17387,0,0,0,0,0,0,0,0,0
17388,0,0,0,0,0,0,0,0,0
17389,0,0,0,0,0,0,0,0,0
17390,0,0,0,0,0,0,0,0,0
17391,0,0,0,0,0,0,0,0,0
17392,0,0,0,0,0,0,0,0,0
17393,0,0,0,0,0,0,0,0,0
17394,0,0,0,0,0,0,0,0,0
17395,0.000192969,2.30684e-08,1.15738e-12,1.81078e-13,1.53895e-14,1.43917e-20,2.44817e-39,1.52686e-72,0.000192992
17396,0,0,0,0,0,0,0,0,0
17397,0,0,0,0,0,0,0,0,0
17398,0,0,0,0,0,0,0,0,0
17399,0,0,0,0,0,0,0,0,0
17400,0,0,0,0,0,0,0,0,0
17401,0,0,0,0,0,0,0,0,0
17402,0,0,0,0,0,0,0,0,0
17403,0,0,0,0,0,0,0,0,0
17404,0,0,0,0,0,0,0,0,0
17405,0,0,0,0,0,0,0,0,0
17406,0.000242962,3.67153e-08,2.33106e-12,3.64289e-13,3.09158e-14,3.6471e-20,1.19586e-38,1.03676e-71,0.000242999
17407,0,0,0,0,0,0,0,0,0
17408,0,0,0,0,0,0,0,0,0
17409,0,0,0,0,0,0,0,0,0
17410,0,0,0,0,0,0,0,0,0
17411,0,0,0,0,0,0,0,0,0
17412,0,0,0,0,0,0,0,0,0
17413,0,0,0,0,0,0,0,0,0
17414,0,0,0,0,0,0,0,0,0
17415,0,0,0,0,0,0,0,0,0
17416,0,0,0,0,0,0,0,0,0
17417,0,0,0,0,0,0,0,0,0
17418,0.000114702,7.86935e-09,2.12561e-13,3.3177e-14,2.8112e-15,1.26042e-21,1.20178e-43,2.02994e-74,0.00011471
17419,0,0,0,0,0,0,0,0,0
17420,0,0,0,0,0,0,0,0,0
17421,0,0,0,0,0,0,0,0,0
17422,0,0,0,0,0,0,0,0,0
17423,0,0,0,0,0,0,0,0,0
17424,0,0,0,0,0,0,0,0,0
17425,0.000156094,1.49498e-08,5.92486e-13,9.24101e-14,7.82314e-15,5.6445e-21,3.65719e-40,8.33885e-74,0.000156109
17426,0.000208377,2.69225e-08,1.45873e-12,2.2751e-13,1.92594e-14,1.93321e-20,3.9912e-39,2.53671e-72,0.000208403
17427,0,0,0,0,0,0,0,0,0
17428,0,0,0,0,0,0,0,0,0
17429,0,0,0,0,0,0,0,0,0
17430,0,0,0,0,0,0,0,0,0
17431,0,0,0,0,0,0,0,0,0
17432,0,0,0,0,0,0,0,0,0
17433,0,0,0,0,0,0,0,0,0
17434,0,0,0,0,0,0,0,0,0
17435,0,0,0,0,0,0,0,0,0
17436,0,0,0,0,0,0,0,0,0
17437,0,0,0,0,0,0,0,0,0
17438,0,0,0,0,0,0,0,0,0
17439,0,0,0,0,0,0,0,0,0
17440,0,0,0,0,0,0,0,0,0
17441,0,0,0,0,0,0,0,0,0
17442,0,0,0,0,0,0,0,0,0
17443,0,0,0,0,0,0,0,0,0
17444,0.000266764,4.43497e-08,3.10108e-12,4.82753e-13,4.07702e-14,5.27411e-20,2.30232e-38,2.19658e-71,0.000266809
17445,0,0,0,0,0,0,0,0,0
17446,0,0,0,0,0,0,0,0,0
17447,0,0,0,0,0,0,0,0,0
17448,0,0,0,0,0,0,0,0,0
17449,0,0,0,0,0,0,0,0,0
17450,0,0,0,0,0,0,0,0,0
17451,0,0,0,0,0,0,0,0,0
17452,0,0,0,0,0,0,0,0,0
17453,0,0,0,0,0,0,0,0,0
17454,0,0,0,0,0,0,0,0,0
17455,0,0,0,0,0,0,0,0,0
17456,0,0,0,0,0,0,0,0,0
17457,0,0,0,0,0,0,0,0,0
17458,0,0,0,0,0,0,0,0,0
17459,0,0,0,0,0,0,0,0,0
17460,0,0,0,0,0,0,0,0,0
17461,0,0,0,0,0,0,0,0,0
17462,0,0,0,0,0,0,0,0,0
17463,0,0,0,0,0,0,0,0,0
17464,0,0,0,0,0,0,0,0,0
17465,0,0,0,0,0,0,0,0,0
17466,0,0,0,0,0,0,0,0,0
17467,0,0,0,0,0,0,0,0,0
17468,0,0,0,0,0,0,0,0,0
17469,0,0,0,0,0,0,0,0,0
17470,0,0,0,0,0,0,0,0,0
17471,0,0,0,0,0,0,0,0,0
17472,0,0,0,0,0,0,0,0,0
17473,0,0,0,0,0,0,0,0,0
17474,0,0,0,0,0,0,0,0,0
17475,0,0,0,0,0,0,0,0,0
17476,0,0,0,0,0,0,0,0,0
17477,0,0,0,0,0,0,0,0,0
17478,0,0,0,0,0,0,0,0,0
17479,0,0,0,0,0,0,0,0,0
17480,0,0,0,0,0,0,0,0,0
17481,0,0,0,0,0,0,0,0,0
17482,0,0,0,0,0,0,0,0,0
17483,0,0,0,0,0,0,0,0,0
17484,0,0,0,0,0,0,0,0,0
17485,0,0,0,0,0,0,0,0,0
17486,0,0,0,0,0,0,0,0,0
17487,0,0,0,0,0,0,0,0,0
17488,0,0,0,0,0,0,0,0,0
17489,0,0,0,0,0,0,0,0,0
17490,0,0,0,0,0,0,0,0,0
17491,0,0,0,0,0,0,0,0,0
17492,0,0,0,0,0,0,0,0,0
17493,0,0,0,0,0,0,0,0,0
17494,0,0,0,0,0,0,0,0,0
17495,0,0,0,0,0,0,0,0,0
17496,0,0,0,0,0,0,0,0,0
17497,0,0,0,0,0,0,0,0,0
17498,0,0,0,0,0,0,0,0,0
17499,0,0,0,0,0,0,0,0,0
17500,0,0,0,0,0,0,0,0,0
17501,0,0,0,0,0,0,0,0,0
17502,0,0,0,0,0,0,0,0,0
17503,0.000179368,1.97699e-08,9.00061e-13,1.39265e-13,1.16718e-14,9.53125e-21,8.48827e-40,1.65538e-73,0.000179388
17504,0,0,0,0,0,0,0,0,0
17505,0,0,0,0,0,0,0,0,0
17506,0,0,0,0,0,0,0,0,0
17507,0,0,0,0,0,0,0,0,0
17508,0,0,0,0,0,0,0,0,0
17509,0.000197333,2.40487e-08,1.22014e-12,1.88682e-13,1.58019e-14,1.45416e-20,2.14172e-39,7.78069e-73,0.000197357
17510,0,0,0,0,0,0,0,0,0
17511,0,0,0,0,0,0,0,0,0
17512,0,0,0,0,0,0,0,0,0
17513,0,0,0,0,0,0,0,0,0
17514,0,0,0,0,0,0,0,0,0
17515,0,0,0,0,0,0,0,0,0
17516,0,0,0,0,0,0,0,0,0
17517,0,0,0,0,0,0,0,0,0
17518,0,0,0,0,0,0,0,0,0
17519,0,0,0,0,0,0,0,0,0
17520,0,0,0,0,0,0,0,0,0
17521,0,0,0,0,0,0,0,0,0
17522,0,0,0,0,0,0,0,0,0
17523,0,0,0,0,0,0,0,0,0
17524,0,0,0,0,0,0,0,0,0
17525,0,0,0,0,0,0,0,0,0
17526,0,0,0,0,0,0,0,0,0
17527,0,0,0,0,0,0,0,0,0
17528,0,0,0,0,0,0,0,0,0
17529,0,0,0,0,0,0,0,0,0
17530,0,0,0,0,0,0,0,0,0
17531,0,0,0,0,0,0,0,0,0
17532,0,0,0,0,0,0,0,0,0
17533,0,0,0,0,0,0,0,0,0
17534,0,0,0,0,0,0,0,0,0
17535,0,0,0,0,0,0,0,0,0
17536,0.000260263,4.21928e-08,2.87469e-12,4.43278e-13,3.69913e-14,4.60714e-20,1.87665e-38,1.45582e-71,0.000260305
17537,0,0,0,0,0,0,0,0,0
17538,0,0,0,0,0,0,0,0,0
17539,0,0,0,0,0,0,0,0,0
17540,0,0,0,0,0,0,0,0,0
17541,0,0,0,0,0,0,0,0,0
17542,0,0,0,0,0,0,0,0,0
17543,0,0,0,0,0,0,0,0,0
17544,0,0,0,0,0,0,0,0,0
17545,0,0,0,0,0,0,0,0,0
17546,0,0,0,0,0,0,0,0,0
17547,0,0,0,0,0,0,0,0,0
17548,0,0,0,0,0,0,0,0,0
17549,0,0,0,0,0,0,0,0,0
17550,0,0,0,0,0,0,0,0,0
17551,0,0,0,0,0,0,0,0,0
17552,0,0,0,0,0,0,0,0,0
17553,0,0,0,0,0,0,0,0,0
17554,0,0,0,0,0,0,0,0,0
17555,0.000308918,5.95388e-08,4.81199e-12,7.40606e-13,6.16561e-14,9.03121e-20,5.49571e-38,4.5485e-71,0.000308977
17556,0,0,0,0,0,0,0,0,0
17557,0.000192725,2.29495e-08,1.13948e-12,1.75329e-13,1.45914e-14,1.31026e-20,1.91315e-39,6.81762e-73,0.000192748
17558,0,0,0,0,0,0,0,0,0
17559,0.000171732,1.81618e-08,7.98144e-13,1.22792e-13,1.02174e-14,8.08874e-21,7.87743e-40,2.07492e-73,0.00017175
17560,0,0,0,0,0,0,0,0,0
17561,0,0,0,0,0,0,0,0,0
17562,0,0,0,0,0,0,0,0,0
17563,0,0,0,0,0,0,0,0,0
17564,0,0,0,0,0,0,0,0,0
17565,0,0,0,0,0,0,0,0,0
17566,0,0,0,0,0,0,0,0,0
17567,0,0,0,0,0,0,0,0,0
17568,0,0,0,0,0,0,0,0,0
17569,0.000258763,4.1152e-08,2.66643e-12,4.09782e-13,3.40515e-14,3.7936e-20,3.4633e-39,2.9099e-72,0.000258804
17570,0,0,0,0,0,0,0,0,0
17571,0,0,0,0,0,0,0,0,0
17572,0,0,0,0,0,0,0,0,0
17573,0,0,0,0,0,0,0,0,0
17574,0,0,0,0,0,0,0,0,0
17575,0,0,0,0,0,0,0,0,0
17576,0,0,0,0,0,0,0,0,0
17577,0,0,0,0,0,0,0,0,0
17578,0,0,0,0,0,0,0,0,0
17579,0,0,0,0,0,0,0,0,0
17580,0.000162979,1.63104e-08,6.75109e-13,1.03631e-13,8.59879e-15,6.35117e-21,4.73532e-40,9.0637e-74,0.000162995
17581,0,0,0,0,0,0,0,0,0
17582,0,0,0,0,0,0,0,0,0
17583,0,0,0,0,0,0,0,0,0
17584,0,0,0,0,0,0,0,0,0
17585,0.000207072,2.65386e-08,1.4199e-12,2.17854e-13,1.80654e-14,1.74363e-20,3.20919e-39,1.26198e-72,0.000207098
17586,0,0,0,0,0,0,0,0,0
17587,0,0,0,0,0,0,0,0,0
17588,0.000276956,4.78236e-08,3.46958e-12,5.32186e-13,4.41159e-14,5.8061e-20,2.80093e-38,2.13174e-71,0.000277004
17589,0,0,0,0,0,0,0,0,0
17590,0,0,0,0,0,0,0,0,0
17591,0,0,0,0,0,0,0,0,0
17592,0,0,0,0,0,0,0,0,0
17593,0,0,0,0,0,0,0,0,0
17594,0,0,0,0,0,0,0,0,0
17595,0,0,0,0,0,0,0,0,0
17596,0,0,0,0,0,0,0,0,0
17597,0,0,0,0,0,0,0,0,0
17598,0,0,0,0,0,0,0,0,0
17599,0,0,0,0,0,0,0,0,0
17600,0,0,0,0,0,0,0,0,0
17601,0,0,0,0,0,0,0,0,0
17602,0.000264755,4.3395e-08,2.94587e-12,4.51204e-13,3.7335e-14,4.48095e-20,1.18645e-38,2.39908e-72,0.000264799
17603,0,0,0,0,0,0,0,0,0
17604,0,0,0,0,0,0,0,0,0
17605,0,0,0,0,0,0,0,0,0
17606,0,0,0,0,0,0,0,0,0
17607,0,0,0,0,0,0,0,0,0
17608,0,0,0,0,0,0,0,0,0
17609,0,0,0,0,0,0,0,0,0
17610,0,0,0,0,0,0,0,0,0
17611,0,0,0,0,0,0,0,0,0
17612,0,0,0,0,0,0,0,0,0
17613,0,0,0,0,0,0,0,0,0
17614,0,0,0,0,0,0,0,0,0
17615,0,0,0,0,0,0,0,0,0
17616,0,0,0,0,0,0,0,0,0
17617,0,0,0,0,0,0,0,0,0
17618,0,0,0,0,0,0,0,0,0
17619,0,0,0,0,0,0,0,0,0
17620,0,0,0,0,0,0,0,0,0
17621,0,0,0,0,0,0,0,0,0
17622,0,0,0,0,0,0,0,0,0
17623,0,0,0,0,0,0,0,0,0
17624,0.000113365,7.75148e-09,2.13244e-13,3.25863e-14,2.68855e-15,1.26046e-21,1.5292e-41,2.9086e-76,0.000113373
17625,0,0,0,0,0,0,0,0,0
17626,0,0,0,0,0,0,0,0,0
17627,0,0,0,0,0,0,0,0,0
17628,0,0,0,0,0,0,0,0,0
17629,0,0,0,0,0,0,0,0,0
17630,0,0,0,0,0,0,0,0,0
17631,0,0,0,0,0,0,0,0,0
17632,0,0,0,0,0,0,0,0,0
17633,0,0,0,0,0,0,0,0,0
17634,0.000307659,5.91392e-08,4.78061e-12,7.29781e-13,6.01325e-14,8.76736e-20,5.8139e-38,4.89646e-71,0.000307718
17635,0,0,0,0,0,0,0,0,0
17636,0,0,0,0,0,0,0,0,0
17637,0,0,0,0,0,0,0,0,0
17638,0.000363841,8.30489e-08,7.99876e-12,1.22054e-12,1.00518e-13,1.75038e-19,2.00722e-37,2.43116e-70,0.000363924
17639,0.000213445,2.81694e-08,1.54674e-12,2.36e-13,1.94339e-14,1.90096e-20,3.49163e-39,1.11776e-72,0.000213473
17640,0,0,0,0,0,0,0,0,0
17641,0,0,0,0,0,0,0,0,0
17642,0,0,0,0,0,0,0,0,0
17643,0.000116114,8.20223e-09,2.37387e-13,3.62069e-14,2.98014e-15,1.51218e-21,3.51322e-41,2.55997e-75,0.000116122
17644,0,0,0,0,0,0,0,0,0
17645,0,0,0,0,0,0,0,0,0
17646,0,0,0,0,0,0,0,0,0
17647,0,0,0,0,0,0,0,0,0
17648,0,0,0,0,0,0,0,0,0
17649,0.000108725,7.11495e-09,1.86636e-13,2.84478e-14,2.33959e-15,1.03582e-21,9.20366e-42,3.44797e-77,0.000108732
17650,0,0,0,0,0,0,0,0,0
17651,0,0,0,0,0,0,0,0,0
17652,0,0,0,0,0,0,0,0,0
17653,0,0,0,0,0,0,0,0,0
17654,0,0,0,0,0,0,0,0,0
17655,0,0,0,0,0,0,0,0,0
17656,0,0,0,0,0,0,0,0,0
17657,0,0,0,0,0,0,0,0,0
17658,0,0,0,0,0,0,0,0,0
17659,0,0,0,0,0,0,0,0,0
17660,0,0,0,0,0,0,0,0,0
17661,0,0,0,0,0,0,0,0,0
17662,0,0,0,0,0,0,0,0,0
17663,0,0,0,0,0,0,0,0,0
17664,0.000266413,4.41317e-08,3.05615e-12,4.65126e-13,3.818e-14,4.71686e-20,1.8117e-38,9.26977e-72,0.000266457
17665,0,0,0,0,0,0,0,0,0
17666,0,0,0,0,0,0,0,0,0
17667,0,0,0,0,0,0,0,0,0
17668,0,0,0,0,0,0,0,0,0
17669,0,0,0,0,0,0,0,0,0
17670,0,0,0,0,0,0,0,0,0
17671,0,0,0,0,0,0,0,0,0
17672,0,0,0,0,0,0,0,0,0
17673,0,0,0,0,0,0,0,0,0
17674,0,0,0,0,0,0,0,0,0
17675,0.000393581,5.37286e-08,3.32204e-12,5.05028e-13,4.13969e-14,4.77747e-20,1.59053e-38,6.65375e-72,0.000393634
17676,0,0,0,0,0,0,0,0,0
17677,0,0,0,0,0,0,0,0,0
17678,0,0,0,0,0,0,0,0,0
17679,0,0,0,0,0,0,0,0,0
17680,0,0,0,0,0,0,0,0,0
17681,0,0,0,0,0,0,0,0,0
17682,0,0,0,0,0,0,0,0,0
17683,0,0,0,0,0,0,0,0,0
17684,0,0,0,0,0,0,0,0,0
17685,0,0,0,0,0,0,0,0,0
17686,0,0,0,0,0,0,0,0,0
17687,0,0,0,0,0,0,0,0,0
17688,0,0,0,0,0,0,0,0,0
17689,0,0,0,0,0,0,0,0,0
17690,0,0,0,0,0,0,0,0,0
17691,0,0,0,0,0,0,0,0,0
17692,0,0,0,0,0,0,0,0,0
17693,0,0,0,0,0,0,0,0,0
17694,0.000154709,1.43718e-08,5.23818e-13,7.94728e-14,6.49792e-15,3.75344e-21,2.93328e-43,1.82515e-73,0.000154724
17695,0,0,0,0,0,0,0,0,0
17696,0,0,0,0,0,0,0,0,0
17697,0,0,0,0,0,0,0,0,0
17698,0,0,0,0,0,0,0,0,0
17699,0,0,0,0,0,0,0,0,0
17700,0,0,0,0,0,0,0,0,0
17701,0,0,0,0,0,0,0,0,0
17702,0,0,0,0,0,0,0,0,0
17703,0,0,0,0,0,0,0,0,0
17704,0,0,0,0,0,0,0,0,0
17705,0.00018203,2.03582e-08,9.38809e-13,1.42272e-13,1.16159e-14,9.35e-21,8.71713e-40,1.27999e-73,0.000182051
17706,0,0,0,0,0,0,0,0,0
17707,0,0,0,0,0,0,0,0,0
17708,0,0,0,0,0,0,0,0,0
17709,0,0,0,0,0,0,0,0,0
17710,0.000164142,1.65479e-08,6.89723e-13,1.04476e-13,8.52512e-15,6.23751e-21,4.79208e-40,7.33406e-74,0.000164158
17711,0,0,0,0,0,0,0,0,0
17712,0,0,0,0,0,0,0,0,0
17713,0,0,0,0,0,0,0,0,0
17714,0.00013833,1.16998e-08,4.0738e-13,6.16833e-14,5.0307e-15,3.06039e-21,1.318e-40,1.3275e-74,0.000138342
17715,0,0,0,0,0,0,0,0,0
17716,0,0,0,0,0,0,0,0,0
17717,0,0,0,0,0,0,0,0,0
17718,0,0,0,0,0,0,0,0,0
17719,0,0,0,0,0,0,0,0,0
17720,0,0,0,0,0,0,0,0,0
17721,0,0,0,0,0,0,0,0,0
17722,0,0,0,0,0,0,0,0,0
17723,0,0,0,0,0,0,0,0,0
17724,0,0,0,0,0,0,0,0,0
17725,0,0,0,0,0,0,0,0,0
17726,0,0,0,0,0,0,0,0,0
17727,0,0,0,0,0,0,0,0,0
17728,0,0,0,0,0,0,0,0,0
17729,0,0,0,0,0,0,0,0,0
17730,0,0,0,0,0,0,0,0,0
17731,0.000207749,2.66478e-08,1.41824e-12,2.14362e-13,1.74438e-14,1.62913e-20,2.62629e-39,6.20791e-73,0.000207776
17732,0,0,0,0,0,0,0,0,0
17733,0,0,0,0,0,0,0,0,0
17734,0.000146489,1.30733e-08,4.75612e-13,7.18662e-14,5.84599e-15,3.64329e-21,1.37951e-40,8.50818e-75,0.000146502
17735,0,0,0,0,0,0,0,0,0
17736,0,0,0,0,0,0,0,0,0
17737,0,0,0,0,0,0,0,0,0
17738,0,0,0,0,0,0,0,0,0
17739,0,0,0,0,0,0,0,0,0
17740,0,0,0,0,0,0,0,0,0
17741,0,0,0,0,0,0,0,0,0
17742,0.000123583,9.1385e-09,2.65594e-13,4.00975e-14,3.25822e-15,1.5148e-21,3.59804e-42,2.5796e-75,0.000123592
17743,0,0,0,0,0,0,0,0,0
17744,0,0,0,0,0,0,0,0,0
17745,0,0,0,0,0,0,0,0,0
17746,0,0,0,0,0,0,0,0,0
17747,0,0,0,0,0,0,0,0,0
17748,0,0,0,0,0,0,0,0,0
17749,0,0,0,0,0,0,0,0,0
17750,0.000227072,3.19163e-08,1.86601e-12,2.81483e-13,2.28487e-14,2.34497e-20,5.16328e-39,1.47986e-72,0.000227104
17751,0,0,0,0,0,0,0,0,0
17752,0,0,0,0,0,0,0,0,0
17753,0,0,0,0,0,0,0,0,0
17754,0,0,0,0,0,0,0,0,0
17755,0,0,0,0,0,0,0,0,0
17756,0,0,0,0,0,0,0,0,0
17757,0,0,0,0,0,0,0,0,0
17758,0,0,0,0,0,0,0,0,0
17759,0,0,0,0,0,0,0,0,0
17760,0,0,0,0,0,0,0,0,0
17761,0,0,0,0,0,0,0,0,0
17762,0,0,0,0,0,0,0,0,0
17763,0,0,0,0,0,0,0,0,0
17764,0,0,0,0,0,0,0,0,0
17765,0,0,0,0,0,0,0,0,0
17766,0,0,0,0,0,0,0,0,0
17767,0,0,0,0,0,0,0,0,0
17768,0,0,0,0,0,0,0,0,0
17769,0,0,0,0,0,0,0,0,0
17770,0,0,0,0,0,0,0,0,0
17771,0,0,0,0,0,0,0,0,0
17772,0,0,0,0,0,0,0,0,0
17773,0,0,0,0,0,0,0,0,0
17774,0,0,0,0,0,0,0,0,0
17775,0.000194585,2.33182e-08,1.15526e-12,1.73836e-13,1.40667e-14,1.21062e-20,1.49196e-39,2.56388e-73,0.000194608
17776,0,0,0,0,0,0,0,0,0
17777,0,0,0,0,0,0,0,0,0
17778,0,0,0,0,0,0,0,0,0
17779,0,0,0,0,0,0,0,0,0
17780,0,0,0,0,0,0,0,0,0
17781,0,0,0,0,0,0,0,0,0
17782,0,0,0,0,0,0,0,0,0
17783,0.000120007,8.73035e-09,2.57759e-13,3.87528e-14,3.1325e-15,1.56887e-21,3.13345e-41,1.20311e-75,0.000120015
17784,0,0,0,0,0,0,0,0,0
17785,0,0,0,0,0,0,0,0,0
17786,0,0,0,0,0,0,0,0,0
17787,0,0,0,0,0,0,0,0,0
17788,0,0,0,0,0,0,0,0,0
17789,0,0,0,0,0,0,0,0,0
17790,0,0,0,0,0,0,0,0,0
17791,0.000279641,4.86348e-08,3.52997e-12,5.30248e-13,4.28142e-14,5.43941e-20,2.32008e-38,9.43612e-72,0.00027969
17792,0,0,0,0,0,0,0,0,0
17793,0,0,0,0,0,0,0,0,0
17794,0,0,0,0,0,0,0,0,0
17795,0,0,0,0,0,0,0,0,0
17796,0,0,0,0,0,0,0,0,0
17797,0,0,0,0,0,0,0,0,0
17798,0,0,0,0,0,0,0,0,0
17799,0.000189416,2.20596e-08,1.05916e-12,1.58972e-13,1.28231e-14,1.06193e-20,1.13206e-39,1.5915e-73,0.000189438
17800,0,0,0,0,0,0,0,0,0
17801,0,0,0,0,0,0,0,0,0
17802,0,0,0,0,0,0,0,0,0
17803,0,0,0,0,0,0,0,0,0
17804,0.000124482,9.41894e-09,2.90549e-13,4.35881e-14,3.51377e-15,1.84669e-21,4.64974e-41,2.27094e-75,0.000124492
17805,0,0,0,0,0,0,0,0,0
17806,0,0,0,0,0,0,0,0,0
17807,0,0,0,0,0,0,0,0,0
17808,0,0,0,0,0,0,0,0,0
17809,0,0,0,0,0,0,0,0,0
17810,0,0,0,0,0,0,0,0,0
17811,0,0,0,0,0,0,0,0,0
17812,0.000126124,9.62818e-09,2.96684e-13,4.4473e-14,3.58152e-15,1.846e-21,3.45608e-41,7.73076e-76,0.000126133
17813,0,0,0,0,0,0,0,0,0
17814,0,0,0,0,0,0,0,0,0
17815,0,0,0,0,0,0,0,0,0
17816,0,0,0,0,0,0,0,0,0
17817,0,0,0,0,0,0,0,0,0
17818,0,0,0,0,0,0,0,0,0
17819,0,0,0,0,0,0,0,0,0
17820,0,0,0,0,0,0,0,0,0
17821,0,0,0,0,0,0,0,0,0
17822,0,0,0,0,0,0,0,0,0
17823,0,0,0,0,0,0,0,0,0
17824,0,0,0,0,0,0,0,0,0
17825,0,0,0,0,0,0,0,0,0
17826,0,0,0,0,0,0,0,0,0
17827,0,0,0,0,0,0,0,0,0
17828,0,0,0,0,0,0,0,0,0
17829,0,0,0,0,0,0,0,0,0
17830,0,0,0,0,0,0,0,0,0
17831,0,0,0,0,0,0,0,0,0
17832,0,0,0,0,0,0,0,0,0
17833,0,0,0,0,0,0,0,0,0
17834,0,0,0,0,0,0,0,0,0
17835,0,0,0,0,0,0,0,0,0
17836,9.88588e-05,5.7508e-09,1.2702e-13,1.8992e-14,1.5246e-15,4.94726e-22,1.17603e-42,2.39756e-75,9.88646e-05
17837,0,0,0,0,0,0,0,0,0
17838,0.000200347,2.47098e-08,1.25728e-12,1.87962e-13,1.5086e-14,1.31808e-20,1.67677e-39,2.44995e-73,0.000200371
17839,0,0,0,0,0,0,0,0,0
17840,0,0,0,0,0,0,0,0,0
17841,0,0,0,0,0,0,0,0,0
17842,0,0,0,0,0,0,0,0,0
17843,0,0,0,0,0,0,0,0,0
17844,0,0,0,0,0,0,0,0,0
17845,0,0,0,0,0,0,0,0,0
17846,0,0,0,0,0,0,0,0,0
17847,0,0,0,0,0,0,0,0,0
17848,0,0,0,0,0,0,0,0,0
17849,0,0,0,0,0,0,0,0,0
17850,0.000131112,1.03813e-08,3.29757e-13,4.9237e-14,3.94563e-15,2.06571e-21,3.7667e-41,7.46909e-76,0.000131122
17851,0.000194322,2.325e-08,1.14909e-12,1.71557e-13,1.3746e-14,1.16768e-20,1.41725e-39,2.05263e-73,0.000194345
17852,0.000170969,1.77886e-08,7.47857e-13,1.11643e-13,8.94437e-15,6.22798e-21,2.34803e-40,5.65448e-76,0.000170987
17853,0.000157413,1.51653e-08,5.99812e-13,8.95319e-14,7.17187e-15,4.84149e-21,2.80991e-40,2.35009e-74,0.000157428
17854,0,0,0,0,0,0,0,0,0
17855,0,0,0,0,0,0,0,0,0
17856,0,0,0,0,0,0,0,0,0
17857,0,0,0,0,0,0,0,0,0
17858,0,0,0,0,0,0,0,0,0
17859,0,0,0,0,0,0,0,0,0
17860,0,0,0,0,0,0,0,0,0
17861,0,0,0,0,0,0,0,0,0
17862,0,0,0,0,0,0,0,0,0
17863,0.00022583,3.14275e-08,1.80085e-12,2.68525e-13,2.14816e-14,2.09609e-20,3.45793e-39,4.79317e-73,0.000225862
17864,0,0,0,0,0,0,0,0,0
17865,0,0,0,0,0,0,0,0,0
17866,0,0,0,0,0,0,0,0,0
17867,0,0,0,0,0,0,0,0,0
17868,0,0,0,0,0,0,0,0,0
17869,0,0,0,0,0,0,0,0,0
17870,0,0,0,0,0,0,0,0,0
17871,0.00019465,2.32817e-08,1.1451e-12,1.70607e-13,1.36345e-14,1.14128e-20,1.23057e-39,1.39108e-73,0.000194673
17872,0,0,0,0,0,0,0,0,0
17873,0,0,0,0,0,0,0,0,0
17874,0,0,0,0,0,0,0,0,0
17875,0.000180019,1.99066e-08,9.06827e-13,1.3506e-13,1.07887e-14,8.39592e-21,7.72148e-40,8.6223e-74,0.000180039
17876,0,0,0,0,0,0,0,0,0
17877,0,0,0,0,0,0,0,0,0
17878,0,0,0,0,0,0,0,0,0
17879,0,0,0,0,0,0,0,0,0
17880,0,0,0,0,0,0,0,0,0
17881,0,0,0,0,0,0,0,0,0
17882,0,0,0,0,0,0,0,0,0
17883,0,0,0,0,0,0,0,0,0
17884,0.000134751,1.1056e-08,3.70081e-13,5.50655e-14,4.39339e-15,2.4813e-21,8.01197e-41,3.93868e-75,0.000134762
17885,0,0,0,0,0,0,0,0,0
17886,0,0,0,0,0,0,0,0,0
17887,0,0,0,0,0,0,0,0,0
17888,0,0,0,0,0,0,0,0,0
17889,0,0,0,0,0,0,0,0,0
17890,0,0,0,0,0,0,0,0,0
17891,0,0,0,0,0,0,0,0,0
17892,0.000216688,2.89576e-08,1.5982e-12,2.37595e-13,1.89358e-14,1.7837e-20,2.91568e-39,4.51548e-73,0.000216717
17893,0.000223744,3.08759e-08,1.75801e-12,2.61336e-13,2.08261e-14,2.01951e-20,3.50155e-39,5.35609e-73,0.000223775
17894,0.000159233,1.55128e-08,6.19628e-13,9.21029e-14,7.33903e-15,4.96711e-21,2.88742e-40,2.15481e-74,0.000159248
17895,0,0,0,0,0,0,0,0,0
17896,0,0,0,0,0,0,0,0,0
17897,0,0,0,0,0,0,0,0,0
17898,0,0,0,0,0,0,0,0,0
17899,0,0,0,0,0,0,0,0,0
17900,0,0,0,0,0,0,0,0,0
17901,0,0,0,0,0,0,0,0,0
17902,0,0,0,0,0,0,0,0,0
17903,0,0,0,0,0,0,0,0,0
17904,0,0,0,0,0,0,0,0,0
17905,0,0,0,0,0,0,0,0,0
17906,0,0,0,0,0,0,0,0,0
17907,0,0,0,0,0,0,0,0,0
17908,0,0,0,0,0,0,0,0,0
17909,0,0,0,0,0,0,0,0,0
17910,0,0,0,0,0,0,0,0,0
17911,0,0,0,0,0,0,0,0,0
17912,0,0,0,0,0,0,0,0,0
17913,0,0,0,0,0,0,0,0,0
17914,0,0,0,0,0,0,0,0,0
17915,0,0,0,0,0,0,0,0,0
17916,0.000249409,3.84262e-08,2.4421e-12,3.62172e-13,2.87763e-14,3.09909e-20,7.14509e-39,1.16235e-72,0.000249448
17917,0,0,0,0,0,0,0,0,0
17918,0.000173485,1.84272e-08,8.0137e-13,1.18819e-13,9.43811e-15,6.90833e-21,4.86209e-40,3.54245e-74,0.000173503
17919,0,0,0,0,0,0,0,0,0
17920,0,0,0,0,0,0,0,0,0
17921,0,0,0,0,0,0,0,0,0
17922,0,0,0,0,0,0,0,0,0
17923,0,0,0,0,0,0,0,0,0
17924,0,0,0,0,0,0,0,0,0
17925,0,0,0,0,0,0,0,0,0
17926,0,0,0,0,0,0,0,0,0
17927,0.000128743,1.00497e-08,3.17522e-13,4.70392e-14,3.73245e-15,1.95489e-21,4.44919e-41,1.24474e-75,0.000128753
17928,0,0,0,0,0,0,0,0,0
17929,0,0,0,0,0,0,0,0,0
17930,0,0,0,0,0,0,0,0,0
17931,0,0,0,0,0,0,0,0,0
17932,0,0,0,0,0,0,0,0,0
17933,0,0,0,0,0,0,0,0,0
17934,0,0,0,0,0,0,0,0,0
17935,0,0,0,0,0,0,0,0,0
17936,0,0,0,0,0,0,0,0,0
17937,0,0,0,0,0,0,0,0,0
17938,0,0,0,0,0,0,0,0,0
17939,0,0,0,0,0,0,0,0,0
17940,0,0,0,0,0,0,0,0,0
17941,0,0,0,0,0,0,0,0,0
17942,0,0,0,0,0,0,0,0,0
17943,0,0,0,0,0,0,0,0,0
17944,0,0,0,0,0,0,0,0,0
17945,0,0,0,0,0,0,0,0,0
17946,0,0,0,0,0,0,0,0,0
17947,0,0,0,0,0,0,0,0,0
17948,0,0,0,0,0,0,0,0,0
17949,0,0,0,0,0,0,0,0,0
17950,0,0,0,0,0,0,0,0,0
17951,0,0,0,0,0,0,0,0,0
17952,0,0,0,0,0,0,0,0,0
17953,0,0,0,0,0,0,0,0,0
17954,0,0,0,0,0,0,0,0,0
17955,0,0,0,0,0,0,0,0,0
17956,0,0,0,0,0,0,0,0,0
17957,0,0,0,0,0,0,0,0,0
17958,0,0,0,0,0,0,0,0,0
17959,0,0,0,0,0,0,0,0,0
17960,0,0,0,0,0,0,0,0,0
17961,0,0,0,0,0,0,0,0,0
17962,0,0,0,0,0,0,0,0,0
17963,0,0,0,0,0,0,0,0,0
17964,0,0,0,0,0,0,0,0,0
17965,0,0,0,0,0,0,0,0,0
17966,0,0,0,0,0,0,0,0,0
17967,0,0,0,0,0,0,0,0,0
17968,0,0,0,0,0,0,0,0,0
17969,0,0,0,0,0,0,0,0,0
17970,0,0,0,0,0,0,0,0,0
17971,0,0,0,0,0,0,0,0,0
17972,0,0,0,0,0,0,0,0,0
17973,0,0,0,0,0,0,0,0,0
17974,0,0,0,0,0,0,0,0,0
17975,0,0,0,0,0,0,0,0,0
17976,0,0,0,0,0,0,0,0,0
17977,0,0,0,0,0,0,0,0,0
17978,0,0,0,0,0,0,0,0,0
17979,0,0,0,0,0,0,0,0,0
17980,0,0,0,0,0,0,0,0,0
17981,0,0,0,0,0,0,0,0,0
17982,0.000216789,2.89638e-08,1.5949e-12,2.34935e-13,1.85086e-14,1.71501e-20,2.69313e-39,3.27307e-73,0.000216818
17983,9.38467e-05,4.9536e-09,8.67076e-14,1.27713e-14,1.00604e-15,1.60413e-22,6.41358e-41,1.95414e-74,9.38517e-05
17984,0,0,0,0,0,0,0,0,0
17985,0,0,0,0,0,0,0,0,0
17986,0,0,0,0,0,0,0,0,0
17987,0,0,0,0,0,0,0,0,0
17988,0,0,0,0,0,0,0,0,0
17989,0,0,0,0,0,0,0,0,0
17990,0,0,0,0,0,0,0,0,0
17991,0,0,0,0,0,0,0,0,0
17992,0,0,0,0,0,0,0,0,0
17993,0,0,0,0,0,0,0,0,0
17994,0,0,0,0,0,0,0,0,0
17995,0,0,0,0,0,0,0,0,0
17996,0,0,0,0,0,0,0,0,0
17997,0,0,0,0,0,0,0,0,0
17998,0,0,0,0,0,0,0,0,0
17999,0,0,0,0,0,0,0,0,0
18000,0,0,0,0,0,0,0,0,0
18001,0,0,0,0,0,0,0,0,0
18002,0,0,0,0,0,0,0,0,0
18003,0,0,0,0,0,0,0,0,0
18004,0,0,0,0,0,0,0,0,0
18005,0,0,0,0,0,0,0,0,0
18006,0,0,0,0,0,0,0,0,0
18007,0,0,0,0,0,0,0,0,0
18008,0,0,0,0,0,0,0,0,0
18009,0,0,0,0,0,0,0,0,0
18010,0,0,0,0,0,0,0,0,0
18011,0,0,0,0,0,0,0,0,0
18012,0,0,0,0,0,0,0,0,0
18013,0,0,0,0,0,0,0,0,0
18014,0.000200329,2.46482e-08,1.2437e-12,1.82607e-13,1.43275e-14,1.20352e-20,1.3389e-39,1.11513e-73,0.000200354
18015,0,0,0,0,0,0,0,0,0
18016,0,0,0,0,0,0,0,0,0
18017,0,0,0,0,0,0,0,0,0
18018,0,0,0,0,0,0,0,0,0
18019,0.000108641,7.12766e-09,1.88586e-13,2.76757e-14,2.1701e-15,9.3832e-22,1.24873e-41,2.12004e-76,0.000108648
18020,0,0,0,0,0,0,0,0,0
18021,0.000147208,1.3206e-08,4.82496e-13,7.07881e-14,5.54866e-15,3.35009e-21,1.34071e-40,5.43079e-75,0.000147221
18022,0,0,0,0,0,0,0,0,0
18023,0,0,0,0,0,0,0,0,0
18024,0,0,0,0,0,0,0,0,0
18025,0,0,0,0,0,0,0,0,0
18026,0,0,0,0,0,0,0,0,0
18027,0,0,0,0,0,0,0,0,0
18028,0,0,0,0,0,0,0,0,0
18029,0,0,0,0,0,0,0,0,0
18030,0,0,0,0,0,0,0,0,0
18031,0,0,0,0,0,0,0,0,0
18032,0,0,0,0,0,0,0,0,0
18033,0,0,0,0,0,0,0,0,0
18034,0,0,0,0,0,0,0,0,0
18035,0,0,0,0,0,0,0,0,0
18036,0,0,0,0,0,0,0,0,0
18037,0.000120745,8.51993e-09,2.21816e-13,3.24915e-14,2.54174e-15,8.77114e-22,3.05135e-41,2.13535e-74,0.000120754
18038,0,0,0,0,0,0,0,0,0
18039,0,0,0,0,0,0,0,0,0
18040,0,0,0,0,0,0,0,0,0
18041,0,0,0,0,0,0,0,0,0
18042,0,0,0,0,0,0,0,0,0
18043,0,0,0,0,0,0,0,0,0
18044,0,0,0,0,0,0,0,0,0
18045,0,0,0,0,0,0,0,0,0
18046,0,0,0,0,0,0,0,0,0
18047,0,0,0,0,0,0,0,0,0
18048,0,0,0,0,0,0,0,0,0
18049,0,0,0,0,0,0,0,0,0
18050,0,0,0,0,0,0,0,0,0
18051,0.0001641,1.64539e-08,6.73264e-13,9.84756e-14,7.68941e-15,5.18899e-21,2.95851e-40,1.43521e-74,0.000164116
18052,0,0,0,0,0,0,0,0,0
18053,0,0,0,0,0,0,0,0,0
18054,0,0,0,0,0,0,0,0,0
18055,0,0,0,0,0,0,0,0,0
18056,0,0,0,0,0,0,0,0,0
18057,0,0,0,0,0,0,0,0,0
18058,0,0,0,0,0,0,0,0,0
18059,0,0,0,0,0,0,0,0,0
18060,0,0,0,0,0,0,0,0,0
18061,0,0,0,0,0,0,0,0,0
18062,0,0,0,0,0,0,0,0,0
18063,0,0,0,0,0,0,0,0,0
18064,0,0,0,0,0,0,0,0,0
18065,0,0,0,0,0,0,0,0,0
18066,0,0,0,0,0,0,0,0,0
18067,0.000121019,8.87499e-09,2.63472e-13,3.84755e-14,2.99831e-15,1.45293e-21,2.92075e-41,6.49465e-76,0.000121028
18068,0.000159997,1.5635e-08,6.23411e-13,9.10237e-14,7.09185e-15,4.65435e-21,2.47218e-40,1.11704e-74,0.000160013
18069,0,0,0,0,0,0,0,0,0
18070,0,0,0,0,0,0,0,0,0
18071,0,0,0,0,0,0,0,0,0
18072,0,0,0,0,0,0,0,0,0
18073,0,0,0,0,0,0,0,0,0
18074,0,0,0,0,0,0,0,0,0
18075,0,0,0,0,0,0,0,0,0
18076,0,0,0,0,0,0,0,0,0
18077,0,0,0,0,0,0,0,0,0
18078,0,0,0,0,0,0,0,0,0
18079,0,0,0,0,0,0,0,0,0
18080,0,0,0,0,0,0,0,0,0
18081,0.000141621,1.21426e-08,4.18353e-13,6.10023e-14,4.74489e-15,2.62383e-21,6.38615e-41,1.0232e-75,0.000141633
18082,0,0,0,0,0,0,0,0,0
18083,0,0,0,0,0,0,0,0,0
18084,0,0,0,0,0,0,0,0,0
18085,0,0,0,0,0,0,0,0,0
18086,0,0,0,0,0,0,0,0,0
18087,0,0,0,0,0,0,0,0,0
18088,0,0,0,0,0,0,0,0,0
18089,6.27713e-05,2.23502e-09,2.78467e-14,4.05705e-15,3.15231e-16,4.55062e-23,6.99033e-43,6.30923e-77,6.27735e-05
18090,0,0,0,0,0,0,0,0,0
18091,0,0,0,0,0,0,0,0,0
18092,0,0,0,0,0,0,0,0,0
18093,0,0,0,0,0,0,0,0,0
18094,0,0,0,0,0,0,0,0,0
18095,0,0,0,0,0,0,0,0,0
18096,0,0,0,0,0,0,0,0,0
18097,0,0,0,0,0,0,0,0,0
18098,0,0,0,0,0,0,0,0,0
18099,0,0,0,0,0,0,0,0,0
18100,0.000122477,9.03415e-09,2.65902e-13,3.86956e-14,3.0023e-15,1.40082e-21,1.79163e-41,1.03733e-76,0.000122486
18101,0,0,0,0,0,0,0,0,0
18102,0,0,0,0,0,0,0,0,0
18103,0,0,0,0,0,0,0,0,0
18104,0,0,0,0,0,0,0,0,0
18105,0,0,0,0,0,0,0,0,0
18106,0,0,0,0,0,0,0,0,0
18107,0,0,0,0,0,0,0,0,0
18108,0,0,0,0,0,0,0,0,0
18109,0,0,0,0,0,0,0,0,0
18110,0,0,0,0,0,0,0,0,0
18111,0,0,0,0,0,0,0,0,0
18112,0,0,0,0,0,0,0,0,0
18113,0.000115928,8.12142e-09,2.29198e-13,3.3312e-14,2.5805e-15,1.17339e-21,1.84012e-41,2.79905e-76,0.000115936
18114,0,0,0,0,0,0,0,0,0
18115,0,0,0,0,0,0,0,0,0
18116,0.000166174,1.68625e-08,6.9689e-13,1.01253e-13,7.84027e-15,5.28343e-21,2.98311e-40,1.20814e-74,0.000166191
18117,0.000140708,1.20363e-08,4.17538e-13,6.06567e-14,4.69593e-15,2.64417e-21,8.46193e-41,2.27107e-75,0.00014072
18118,0,0,0,0,0,0,0,0,0
18119,0,0,0,0,0,0,0,0,0
18120,0,0,0,0,0,0,0,0,0
18121,0,0,0,0,0,0,0,0,0
18122,0,0,0,0,0,0,0,0,0
18123,0,0,0,0,0,0,0,0,0
18124,0,0,0,0,0,0,0,0,0
18125,0,0,0,0,0,0,0,0,0
18126,0,0,0,0,0,0,0,0,0
18127,0,0,0,0,0,0,0,0,0
18128,0,0,0,0,0,0,0,0,0
18129,0,0,0,0,0,0,0,0,0
18130,0,0,0,0,0,0,0,0,0
18131,0,0,0,0,0,0,0,0,0
18132,0,0,0,0,0,0,0,0,0
18133,0,0,0,0,0,0,0,0,0
18134,0,0,0,0,0,0,0,0,0
18135,0,0,0,0,0,0,0,0,0
18136,0,0,0,0,0,0,0,0,0
18137,0,0,0,0,0,0,0,0,0
18138,0,0,0,0,0,0,0,0,0
18139,0,0,0,0,0,0,0,0,0
18140,0,0,0,0,0,0,0,0,0
18141,0,0,0,0,0,0,0,0,0
18142,0,0,0,0,0,0,0,0,0
18143,0,0,0,0,0,0,0,0,0
18144,0,0,0,0,0,0,0,0,0
18145,0,0,0,0,0,0,0,0,0
18146,0,0,0,0,0,0,0,0,0
18147,0,0,0,0,0,0,0,0,0
18148,0,0,0,0,0,0,0,0,0
18149,0.000155174,1.4671e-08,5.63318e-13,8.15679e-14,6.28898e-15,3.90775e-21,1.70419e-40,5.24397e-75,0.000155189
18150,0,0,0,0,0,0,0,0,0
18151,0,0,0,0,0,0,0,0,0
18152,0,0,0,0,0,0,0,0,0
18153,0,0,0,0,0,0,0,0,0
18154,0,0,0,0,0,0,0,0,0
18155,0,0,0,0,0,0,0,0,0
18156,0.000146692,1.30933e-08,4.74096e-13,6.85992e-14,5.28429e-15,3.0909e-21,1.12463e-40,3.02971e-75,0.000146705
18157,0,0,0,0,0,0,0,0,0
18158,0.000124437,9.38005e-09,2.85613e-13,4.13208e-14,3.18244e-15,1.55819e-21,3.22912e-41,5.77904e-76,0.000124446
18159,0,0,0,0,0,0,0,0,0
18160,8.61109e-05,4.41767e-09,8.93116e-14,1.29183e-14,9.94675e-16,3.11651e-22,1.05248e-42,1.15306e-78,8.61154e-05
18161,0,0,0,0,0,0,0,0,0
18162,0,0,0,0,0,0,0,0,0
18163,0,0,0,0,0,0,0,0,0
18164,8.59916e-05,4.40466e-09,8.89072e-14,1.28539e-14,9.8914e-16,3.09589e-22,1.13344e-42,3.01769e-78,8.5996e-05
18165,0,0,0,0,0,0,0,0,0
18166,0,0,0,0,0,0,0,0,0
18167,0,0,0,0,0,0,0,0,0
18168,0,0,0,0,0,0,0,0,0
18169,0,0,0,0,0,0,0,0,0
18170,0,0,0,0,0,0,0,0,0
18171,0,0,0,0,0,0,0,0,0
18172,0,0,0,0,0,0,0,0,0
18173,0,0,0,0,0,0,0,0,0
18174,0,0,0,0,0,0,0,0,0
18175,0,0,0,0,0,0,0,0,0
18176,0,0,0,0,0,0,0,0,0
18177,0,0,0,0,0,0,0,0,0
18178,0,0,0,0,0,0,0,0,0
18179,0,0,0,0,0,0,0,0,0
18180,0,0,0,0,0,0,0,0,0
18181,0,0,0,0,0,0,0,0,0
18182,0,0,0,0,0,0,0,0,0
18183,0,0,0,0,0,0,0,0,0
18184,0,0,0,0,0,0,0,0,0
18185,0,0,0,0,0,0,0,0,0
18186,0,0,0,0,0,0,0,0,0
18187,0,0,0,0,0,0,0,0,0
18188,0,0,0,0,0,0,0,0,0
18189,0,0,0,0,0,0,0,0,0
18190,0,0,0,0,0,0,0,0,0
18191,0.000165094,1.66342e-08,6.81578e-13,9.82665e-14,7.53543e-15,4.97729e-21,2.68129e-40,8.84089e-75,0.000165111
18192,0,0,0,0,0,0,0,0,0
18193,0,0,0,0,0,0,0,0,0
18194,0,0,0,0,0,0,0,0,0
18195,0,0,0,0,0,0,0,0,0
18196,0.000149206,1.35267e-08,4.95552e-13,7.14135e-14,5.47311e-15,3.20204e-21,1.09819e-40,2.3169e-75,0.00014922
18197,0,0,0,0,0,0,0,0,0
18198,0,0,0,0,0,0,0,0,0
18199,0,0,0,0,0,0,0,0,0
18200,0,0,0,0,0,0,0,0,0
18201,0,0,0,0,0,0,0,0,0
18202,0,0,0,0,0,0,0,0,0
18203,0,0,0,0,0,0,0,0,0
18204,0,0,0,0,0,0,0,0,0
18205,0.000148815,1.34368e-08,4.8879e-13,7.03729e-14,5.38698e-15,3.11058e-21,9.74125e-41,1.73999e-75,0.000148828
18206,0,0,0,0,0,0,0,0,0
18207,0,0,0,0,0,0,0,0,0
18208,0,0,0,0,0,0,0,0,0
18209,0,0,0,0,0,0,0,0,0
18210,0,0,0,0,0,0,0,0,0
18211,0,0,0,0,0,0,0,0,0
18212,0,0,0,0,0,0,0,0,0
18213,0,0,0,0,0,0,0,0,0
18214,0,0,0,0,0,0,0,0,0
18215,0,0,0,0,0,0,0,0,0
18216,0,0,0,0,0,0,0,0,0
18217,0,0,0,0,0,0,0,0,0
18218,0,0,0,0,0,0,0,0,0
18219,0,0,0,0,0,0,0,0,0
18220,0,0,0,0,0,0,0,0,0
18221,0,0,0,0,0,0,0,0,0
18222,0,0,0,0,0,0,0,0,0
18223,0,0,0,0,0,0,0,0,0
18224,0,0,0,0,0,0,0,0,0
18225,0,0,0,0,0,0,0,0,0
18226,0,0,0,0,0,0,0,0,0
18227,0,0,0,0,0,0,0,0,0
18228,0,0,0,0,0,0,0,0,0
18229,0,0,0,0,0,0,0,0,0
18230,0,0,0,0,0,0,0,0,0
18231,0,0,0,0,0,0,0,0,0
18232,0,0,0,0,0,0,0,0,0
18233,0,0,0,0,0,0,0,0,0
18234,0.000149219,1.35262e-08,4.95163e-13,7.10781e-14,5.42061e-15,3.15124e-21,1.07221e-40,2.08922e-75,0.000149232
18235,0,0,0,0,0,0,0,0,0
18236,0,0,0,0,0,0,0,0,0
18237,0,0,0,0,0,0,0,0,0
18238,9.69575e-05,5.62555e-09,1.29361e-13,1.8562e-14,1.41491e-15,5.03821e-22,3.03067e-42,1.06449e-77,9.69632e-05
18239,0,0,0,0,0,0,0,0,0
18240,0,0,0,0,0,0,0,0,0
18241,0,0,0,0,0,0,0,0,0
18242,0.000144133,1.25913e-08,4.42513e-13,6.34666e-14,4.83496e-15,2.67989e-21,7.4199e-41,1.10146e-75,0.000144145
18243,0,0,0,0,0,0,0,0,0
18244,0,0,0,0,0,0,0,0,0
18245,0,0,0,0,0,0,0,0,0
18246,0.000117872,8.37634e-09,2.38271e-13,3.41597e-14,2.601e-15,1.16055e-21,1.6319e-41,1.50745e-76,0.00011788
18247,0,0,0,0,0,0,0,0,0
18248,0,0,0,0,0,0,0,0,0
18249,0,0,0,0,0,0,0,0,0
18250,0.000144607,1.27052e-08,4.51393e-13,6.46871e-14,4.92288e-15,2.77943e-21,9.04992e-41,1.77019e-75,0.00014462
18251,0,0,0,0,0,0,0,0,0
18252,0,0,0,0,0,0,0,0,0
18253,0,0,0,0,0,0,0,0,0
18254,0,0,0,0,0,0,0,0,0
18255,0,0,0,0,0,0,0,0,0
18256,0,0,0,0,0,0,0,0,0
18257,0,0,0,0,0,0,0,0,0
18258,0,0,0,0,0,0,0,0,0
18259,0,0,0,0,0,0,0,0,0
18260,0,0,0,0,0,0,0,0,0
18261,0,0,0,0,0,0,0,0,0
18262,0,0,0,0,0,0,0,0,0
18263,0,0,0,0,0,0,0,0,0
18264,0,0,0,0,0,0,0,0,0
18265,0,0,0,0,0,0,0,0,0
18266,0,0,0,0,0,0,0,0,0
18267,0,0,0,0,0,0,0,0,0
18268,0,0,0,0,0,0,0,0,0
18269,0.00010643,6.81396e-09,1.74353e-13,2.49395e-14,1.89356e-15,7.57331e-22,7.81309e-42,5.84542e-77,0.000106437
18270,0.00012334,9.18642e-09,2.74422e-13,3.92493e-14,2.97964e-15,1.39592e-21,2.36452e-41,2.50192e-76,0.000123349
18271,0,0,0,0,0,0,0,0,0
18272,0,0,0,0,0,0,0,0,0
18273,0,0,0,0,0,0,0,0,0
18274,0,0,0,0,0,0,0,0,0
18275,0,0,0,0,0,0,0,0,0
18276,0,0,0,0,0,0,0,0,0
18277,0,0,0,0,0,0,0,0,0
18278,0,0,0,0,0,0,0,0,0
18279,0,0,0,0,0,0,0,0,0
18280,0,0,0,0,0,0,0,0,0
18281,0,0,0,0,0,0,0,0,0
18282,0,0,0,0,0,0,0,0,0
18283,0,0,0,0,0,0,0,0,0
18284,9.77698e-05,5.73166e-09,1.33717e-13,1.90974e-14,1.44717e-15,5.23769e-22,3.82538e-42,2.05566e-77,9.77756e-05
18285,0,0,0,0,0,0,0,0,0
18286,0,0,0,0,0,0,0,0,0
18287,0,0,0,0,0,0,0,0,0
18288,8.30005e-05,4.07476e-09,7.76466e-14,1.10844e-14,8.39478e-16,2.38237e-22,4.89659e-43,2.38231e-79,8.30045e-05
18289,0,0,0,0,0,0,0,0,0
18290,0,0,0,0,0,0,0,0,0
18291,0,0,0,0,0,0,0,0,0
18292,0,0,0,0,0,0,0,0,0
18293,0,0,0,0,0,0,0,0,0
18294,0,0,0,0,0,0,0,0,0
18295,0,0,0,0,0,0,0,0,0
18296,0,0,0,0,0,0,0,0,0
18297,0.000101036,6.01074e-09,1.35957e-13,1.939e-14,1.46675e-15,4.6787e-22,1.27987e-46,1.45616e-76,0.000101042
18298,0.000111304,7.45671e-09,1.99574e-13,2.84621e-14,2.15293e-15,8.96148e-22,1.02855e-41,7.32974e-77,0.000111312
18299,0,0,0,0,0,0,0,0,0
18300,0,0,0,0,0,0,0,0,0
18301,0,0,0,0,0,0,0,0,0
18302,0,0,0,0,0,0,0,0,0
18303,0,0,0,0,0,0,0,0,0
18304,0,0,0,0,0,0,0,0,0
18305,0,0,0,0,0,0,0,0,0
18306,0,0,0,0,0,0,0,0,0
18307,0,0,0,0,0,0,0,0,0
18308,0,0,0,0,0,0,0,0,0
18309,0,0,0,0,0,0,0,0,0
18310,0,0,0,0,0,0,0,0,0
18311,0,0,0,0,0,0,0,0,0
18312,0,0,0,0,0,0,0,0,0
18313,0,0,0,0,0,0,0,0,0
18314,0,0,0,0,0,0,0,0,0
18315,0,0,0,0,0,0,0,0,0
18316,0,0,0,0,0,0,0,0,0
18317,0,0,0,0,0,0,0,0,0
18318,0,0,0,0,0,0,0,0,0
18319,0,0,0,0,0,0,0,0,0
18320,0,0,0,0,0,0,0,0,0
18321,0,0,0,0,0,0,0,0,0
18322,0.000123864,9.26344e-09,2.77667e-13,3.94995e-14,2.97835e-15,1.38958e-21,2.36365e-41,2.26127e-76,0.000123874
18323,0,0,0,0,0,0,0,0,0
18324,0.000131645,1.04889e-08,3.36026e-13,4.77935e-14,3.60299e-15,1.8039e-21,3.94334e-41,4.66841e-76,0.000131655
18325,0,0,0,0,0,0,0,0,0
18326,0,0,0,0,0,0,0,0,0
18327,0,0,0,0,0,0,0,0,0
18328,0,0,0,0,0,0,0,0,0
18329,0,0,0,0,0,0,0,0,0
18330,9.44334e-05,5.23063e-09,1.09364e-13,1.55446e-14,1.17087e-15,3.38988e-22,4.32485e-44,9.411e-77,9.44386e-05
18331,0,0,0,0,0,0,0,0,0
18332,0,0,0,0,0,0,0,0,0
18333,0,0,0,0,0,0,0,0,0
18334,0,0,0,0,0,0,0,0,0
18335,0,0,0,0,0,0,0,0,0
18336,0,0,0,0,0,0,0,0,0
18337,0,0,0,0,0,0,0,0,0
18338,0,0,0,0,0,0,0,0,0
18339,0,0,0,0,0,0,0,0,0
18340,0,0,0,0,0,0,0,0,0
18341,0.000134039,1.08721e-08,3.54204e-13,5.02912e-14,3.78299e-15,1.9183e-21,4.28839e-41,4.80603e-76,0.00013405
18342,0,0,0,0,0,0,0,0,0
18343,0,0,0,0,0,0,0,0,0
18344,0,0,0,0,0,0,0,0,0
18345,0.000140341,1.19341e-08,4.08158e-13,5.79295e-14,4.35546e-15,2.32091e-21,6.10392e-41,7.69427e-76,0.000140353
18346,0,0,0,0,0,0,0,0,0
18347,0,0,0,0,0,0,0,0,0
18348,0,0,0,0,0,0,0,0,0
18349,0,0,0,0,0,0,0,0,0
18350,0,0,0,0,0,0,0,0,0
18351,0,0,0,0,0,0,0,0,0
18352,0,0,0,0,0,0,0,0,0
18353,0,0,0,0,0,0,0,0,0
18354,0,0,0,0,0,0,0,0,0
18355,0,0,0,0,0,0,0,0,0
18356,0,0,0,0,0,0,0,0,0
18357,0,0,0,0,0,0,0,0,0
18358,0,0,0,0,0,0,0,0,0
18359,0,0,0,0,0,0,0,0,0
18360,0,0,0,0,0,0,0,0,0
18361,0,0,0,0,0,0,0,0,0
18362,0.000111616,7.24622e-09,1.72226e-13,2.43993e-14,1.83027e-15,5.52014e-22,7.92176e-42,1.74322e-75,0.000111623
18363,0,0,0,0,0,0,0,0,0
18364,0,0,0,0,0,0,0,0,0
18365,0,0,0,0,0,0,0,0,0
18366,0,0,0,0,0,0,0,0,0
18367,0,0,0,0,0,0,0,0,0
18368,0,0,0,0,0,0,0,0,0
18369,0,0,0,0,0,0,0,0,0
18370,0,0,0,0,0,0,0,0,0
18371,0,0,0,0,0,0,0,0,0
18372,0,0,0,0,0,0,0,0,0
18373,0,0,0,0,0,0,0,0,0
18374,0,0,0,0,0,0,0,0,0
18375,0,0,0,0,0,0,0,0,0
18376,0,0,0,0,0,0,0,0,0
18377,6.35444e-05,2.35224e-09,3.28737e-14,4.65034e-15,3.48189e-16,6.80759e-23,5.64142e-45,3.65085e-79,6.35467e-05
18378,0,0,0,0,0,0,0,0,0
18379,0,0,0,0,0,0,0,0,0
18380,0,0,0,0,0,0,0,0,0
18381,0.000161118,1.57862e-08,6.2404e-13,8.82406e-14,6.60346e-15,4.06139e-21,1.70226e-40,2.78304e-75,0.000161134
18382,0,0,0,0,0,0,0,0,0
18383,0,0,0,0,0,0,0,0,0
18384,0,0,0,0,0,0,0,0,0
18385,0,0,0,0,0,0,0,0,0
18386,0,0,0,0,0,0,0,0,0
18387,0,0,0,0,0,0,0,0,0
18388,0,0,0,0,0,0,0,0,0
18389,0,0,0,0,0,0,0,0,0
18390,0,0,0,0,0,0,0,0,0
18391,0.000187769,2.15171e-08,9.97527e-13,1.40905e-13,1.05307e-14,7.60177e-21,5.20476e-40,1.15309e-74,0.00018779
18392,0,0,0,0,0,0,0,0,0
18393,0,0,0,0,0,0,0,0,0
18394,0,0,0,0,0,0,0,0,0
18395,0,0,0,0,0,0,0,0,0
18396,0,0,0,0,0,0,0,0,0
18397,0,0,0,0,0,0,0,0,0
18398,0,0,0,0,0,0,0,0,0
18399,0,0,0,0,0,0,0,0,0
18400,0,0,0,0,0,0,0,0,0
18401,0,0,0,0,0,0,0,0,0
18402,0,0,0,0,0,0,0,0,0
18403,0,0,0,0,0,0,0,0,0
18404,0,0,0,0,0,0,0,0,0
18405,0,0,0,0,0,0,0,0,0
18406,0.000132908,1.06822e-08,3.44334e-13,4.85634e-14,3.62241e-15,1.79896e-21,3.81734e-41,3.56635e-76,0.000132919
18407,0,0,0,0,0,0,0,0,0
18408,0,0,0,0,0,0,0,0,0
18409,0,0,0,0,0,0,0,0,0
18410,0,0,0,0,0,0,0,0,0
18411,0,0,0,0,0,0,0,0,0
18412,0,0,0,0,0,0,0,0,0
18413,0.000146296,1.29403e-08,4.57366e-13,6.44604e-14,4.804e-15,2.59298e-21,6.27927e-41,4.8097e-76,0.000146309
18414,0,0,0,0,0,0,0,0,0
18415,0,0,0,0,0,0,0,0,0
18416,0,0,0,0,0,0,0,0,0
18417,0,0,0,0,0,0,0,0,0
18418,0,0,0,0,0,0,0,0,0
18419,0,0,0,0,0,0,0,0,0
18420,0,0,0,0,0,0,0,0,0
18421,0,0,0,0,0,0,0,0,0
18422,0,0,0,0,0,0,0,0,0
18423,0,0,0,0,0,0,0,0,0
18424,0,0,0,0,0,0,0,0,0
18425,0,0,0,0,0,0,0,0,0
18426,0,0,0,0,0,0,0,0,0
18427,0.000136009,1.11901e-08,3.69192e-13,5.19611e-14,3.86572e-15,1.95903e-21,4.42666e-41,4.10512e-76,0.00013602
18428,0,0,0,0,0,0,0,0,0
18429,0,0,0,0,0,0,0,0,0
18430,0,0,0,0,0,0,0,0,0
18431,0,0,0,0,0,0,0,0,0
18432,0,0,0,0,0,0,0,0,0
18433,0,0,0,0,0,0,0,0,0
18434,0,0,0,0,0,0,0,0,0
18435,0,0,0,0,0,0,0,0,0
18436,0,0,0,0,0,0,0,0,0
18437,0,0,0,0,0,0,0,0,0
18438,0,0,0,0,0,0,0,0,0
18439,0,0,0,0,0,0,0,0,0
18440,0,0,0,0,0,0,0,0,0
18441,0,0,0,0,0,0,0,0,0
18442,0,0,0,0,0,0,0,0,0
18443,8.00937e-05,3.82265e-09,7.20402e-14,1.0122e-14,7.51439e-16,2.13448e-22,7.56339e-43,1.72561e-78,8.00976e-05
18444,0.000261346,2.194e-08,7.78651e-13,1.09394e-13,8.12026e-15,4.60241e-21,1.67317e-40,2.12067e-75,0.000261368
18445,0,0,0,0,0,0,0,0,0
18446,0.000148251,1.33301e-08,4.81963e-13,6.76996e-14,5.02418e-15,2.79243e-21,8.60482e-41,9.71868e-76,0.000148264
18447,0,0,0,0,0,0,0,0,0
18448,0,0,0,0,0,0,0,0,0
18449,0,0,0,0,0,0,0,0,0
18450,0,0,0,0,0,0,0,0,0
18451,0,0,0,0,0,0,0,0,0
18452,0,0,0,0,0,0,0,0,0
18453,0,0,0,0,0,0,0,0,0
18454,0.00013491,1.10097e-08,3.60307e-13,5.05678e-14,3.74877e-15,1.87845e-21,4.16902e-41,3.64099e-76,0.000134921
18455,0,0,0,0,0,0,0,0,0
18456,0,0,0,0,0,0,0,0,0
18457,0,0,0,0,0,0,0,0,0
18458,0,0,0,0,0,0,0,0,0
18459,0,0,0,0,0,0,0,0,0
18460,0.00010563,6.70274e-09,1.69356e-13,2.37537e-14,1.75957e-15,6.74976e-22,6.3707e-42,2.92528e-77,0.000105637
18461,0,0,0,0,0,0,0,0,0
18462,0,0,0,0,0,0,0,0,0
18463,0,0,0,0,0,0,0,0,0
18464,0,0,0,0,0,0,0,0,0
18465,0,0,0,0,0,0,0,0,0
18466,0,0,0,0,0,0,0,0,0
18467,0,0,0,0,0,0,0,0,0
18468,0,0,0,0,0,0,0,0,0
18469,0.000158271,1.52139e-08,5.88483e-13,8.24692e-14,6.10236e-15,3.61906e-21,1.36296e-40,1.66602e-75,0.000158287
18470,0,0,0,0,0,0,0,0,0
18471,0,0,0,0,0,0,0,0,0
18472,0,0,0,0,0,0,0,0,0
18473,0,0,0,0,0,0,0,0,0
18474,0,0,0,0,0,0,0,0,0
18475,0,0,0,0,0,0,0,0,0
18476,0,0,0,0,0,0,0,0,0
18477,0,0,0,0,0,0,0,0,0
18478,0,0,0,0,0,0,0,0,0
18479,0.000171518,1.78562e-08,7.45091e-13,1.04308e-13,7.70824e-15,4.8879e-21,2.06166e-40,2.31489e-75,0.000171536
18480,0,0,0,0,0,0,0,0,0
18481,0,0,0,0,0,0,0,0,0
18482,0,0,0,0,0,0,0,0,0
18483,0,0,0,0,0,0,0,0,0
18484,0,0,0,0,0,0,0,0,0
18485,0,0,0,0,0,0,0,0,0
18486,0,0,0,0,0,0,0,0,0
18487,0,0,0,0,0,0,0,0,0
18488,0,0,0,0,0,0,0,0,0
18489,0,0,0,0,0,0,0,0,0
18490,0,0,0,0,0,0,0,0,0
18491,0,0,0,0,0,0,0,0,0
18492,0,0,0,0,0,0,0,0,0
18493,0,0,0,0,0,0,0,0,0
18494,0,0,0,0,0,0,0,0,0
18495,0,0,0,0,0,0,0,0,0
18496,0,0,0,0,0,0,0,0,0
18497,0,0,0,0,0,0,0,0,0
18498,0,0,0,0,0,0,0,0,0
18499,0,0,0,0,0,0,0,0,0
18500,0,0,0,0,0,0,0,0,0
18501,0,0,0,0,0,0,0,0,0
18502,0.000100658,6.05584e-09,1.43681e-13,2.00672e-14,1.47857e-15,5.21968e-22,3.31164e-42,8.25582e-78,0.000100664
18503,0,0,0,0,0,0,0,0,0
18504,0,0,0,0,0,0,0,0,0
18505,0.000123844,9.25117e-09,2.76111e-13,3.85506e-14,2.8393e-15,1.28357e-21,2.05973e-41,1.25376e-76,0.000123854
18506,0,0,0,0,0,0,0,0,0
18507,0,0,0,0,0,0,0,0,0
18508,0.000134246,1.08802e-08,3.52072e-13,4.91419e-14,3.61805e-15,1.76847e-21,3.46483e-41,2.25381e-76,0.000134257
18509,0,0,0,0,0,0,0,0,0
18510,0,0,0,0,0,0,0,0,0
18511,0,0,0,0,0,0,0,0,0
18512,0,0,0,0,0,0,0,0,0
18513,0,0,0,0,0,0,0,0,0
18514,0,0,0,0,0,0,0,0,0
18515,0,0,0,0,0,0,0,0,0
18516,0,0,0,0,0,0,0,0,0
18517,0.000160157,1.55709e-08,6.08152e-13,8.48021e-14,6.23583e-15,3.70143e-21,1.38626e-40,1.47317e-75,0.000160172
18518,0,0,0,0,0,0,0,0,0
18519,0,0,0,0,0,0,0,0,0
18520,0,0,0,0,0,0,0,0,0
18521,0,0,0,0,0,0,0,0,0
18522,0.000117206,8.25649e-09,2.30993e-13,3.21934e-14,2.36575e-15,9.91557e-22,1.16964e-41,4.96352e-77,0.000117215
18523,0,0,0,0,0,0,0,0,0
18524,0,0,0,0,0,0,0,0,0
18525,0,0,0,0,0,0,0,0,0
18526,0,0,0,0,0,0,0,0,0
18527,0,0,0,0,0,0,0,0,0
18528,0.000109034,7.13065e-09,1.8481e-13,2.57421e-14,1.89031e-15,7.31692e-22,6.67927e-42,2.29534e-77,0.000109041
18529,0,0,0,0,0,0,0,0,0
18530,0,0,0,0,0,0,0,0,0
18531,0,0,0,0,0,0,0,0,0
18532,0.000122554,9.0287e-09,2.63851e-13,3.67377e-14,2.69645e-15,1.17571e-21,1.49259e-41,5.80364e-77,0.000122563
18533,0.000112496,7.61047e-09,2.04979e-13,2.85374e-14,2.09429e-15,8.47859e-22,9.56234e-42,4.18609e-77,0.000112504
18534,0,0,0,0,0,0,0,0,0
18535,0.000123057,9.11915e-09,2.69077e-13,3.74529e-14,2.7478e-15,1.21692e-21,1.7575e-41,8.67166e-77,0.000123066
18536,0,0,0,0,0,0,0,0,0
18537,0,0,0,0,0,0,0,0,0
18538,0,0,0,0,0,0,0,0,0
18539,0,0,0,0,0,0,0,0,0
18540,0,0,0,0,0,0,0,0,0
18541,0,0,0,0,0,0,0,0,0
18542,0,0,0,0,0,0,0,0,0
18543,0,0,0,0,0,0,0,0,0
18544,0,0,0,0,0,0,0,0,0
18545,0,0,0,0,0,0,0,0,0
18546,0,0,0,0,0,0,0,0,0
18547,0,0,0,0,0,0,0,0,0
18548,0,0,0,0,0,0,0,0,0
18549,0.000183857,2.05882e-08,9.28484e-13,1.2905e-13,9.45094e-15,6.46511e-21,3.78623e-40,5.09724e-75,0.000183877
18550,0,0,0,0,0,0,0,0,0
18551,0,0,0,0,0,0,0,0,0
18552,0,0,0,0,0,0,0,0,0
18553,0,0,0,0,0,0,0,0,0
18554,0,0,0,0,0,0,0,0,0
18555,0,0,0,0,0,0,0,0,0
18556,0,0,0,0,0,0,0,0,0
18557,0,0,0,0,0,0,0,0,0
18558,0,0,0,0,0,0,0,0,0
18559,0.000129909,1.01788e-08,3.18028e-13,4.41594e-14,3.23e-15,1.51272e-21,2.64364e-41,1.43651e-76,0.000129919
18560,0,0,0,0,0,0,0,0,0
18561,0,0,0,0,0,0,0,0,0
18562,0,0,0,0,0,0,0,0,0
18563,0,0,0,0,0,0,0,0,0
18564,0,0,0,0,0,0,0,0,0
18565,0,0,0,0,0,0,0,0,0
18566,0.000109355,7.18256e-09,1.87461e-13,2.60094e-14,1.90057e-15,7.40588e-22,7.37962e-42,2.70116e-77,0.000109363
18567,0.000112042,7.54736e-09,2.023e-13,2.80669e-14,2.05081e-15,8.22169e-22,9.076e-42,3.63237e-77,0.000112049
18568,0,0,0,0,0,0,0,0,0
18569,0,0,0,0,0,0,0,0,0
18570,0,0,0,0,0,0,0,0,0
18571,0,0,0,0,0,0,0,0,0
18572,0,0,0,0,0,0,0,0,0
18573,0,0,0,0,0,0,0,0,0
18574,0,0,0,0,0,0,0,0,0
18575,0.000129777,1.00942e-08,3.08715e-13,4.27948e-14,3.12364e-15,1.39544e-21,1.56739e-41,3.23903e-77,0.000129787
18576,0,0,0,0,0,0,0,0,0
18577,0,0,0,0,0,0,0,0,0
18578,0,0,0,0,0,0,0,0,0
18579,0,0,0,0,0,0,0,0,0
18580,0,0,0,0,0,0,0,0,0
18581,0,0,0,0,0,0,0,0,0
18582,0,0,0,0,0,0,0,0,0
18583,0,0,0,0,0,0,0,0,0
18584,0,0,0,0,0,0,0,0,0
18585,0,0,0,0,0,0,0,0,0
18586,0,0,0,0,0,0,0,0,0
18587,0,0,0,0,0,0,0,0,0
18588,0,0,0,0,0,0,0,0,0
18589,0,0,0,0,0,0,0,0,0
18590,0,0,0,0,0,0,0,0,0
18591,0,0,0,0,0,0,0,0,0
18592,0.000105904,6.72274e-09,1.68999e-13,2.33849e-14,1.70304e-15,6.33947e-22,5.30714e-42,1.54133e-77,0.00010591
18593,0,0,0,0,0,0,0,0,0
18594,7.56228e-05,3.28312e-09,5.13306e-14,7.1016e-15,5.17076e-16,9.78882e-23,2.7663e-43,1.1302e-77,7.56261e-05
18595,0,0,0,0,0,0,0,0,0
18596,0,0,0,0,0,0,0,0,0
18597,0,0,0,0,0,0,0,0,0
18598,0,0,0,0,0,0,0,0,0
18599,0,0,0,0,0,0,0,0,0
18600,0,0,0,0,0,0,0,0,0
18601,0,0,0,0,0,0,0,0,0
18602,0,0,0,0,0,0,0,0,0
18603,0,0,0,0,0,0,0,0,0
18604,0,0,0,0,0,0,0,0,0
18605,0,0,0,0,0,0,0,0,0
18606,0,0,0,0,0,0,0,0,0
18607,0,0,0,0,0,0,0,0,0
18608,0,0,0,0,0,0,0,0,0
18609,0,0,0,0,0,0,0,0,0
18610,0,0,0,0,0,0,0,0,0
18611,0,0,0,0,0,0,0,0,0
18612,0,0,0,0,0,0,0,0,0
18613,0,0,0,0,0,0,0,0,0
18614,0,0,0,0,0,0,0,0,0
18615,0,0,0,0,0,0,0,0,0
18616,0,0,0,0,0,0,0,0,0
18617,0,0,0,0,0,0,0,0,0
18618,0,0,0,0,0,0,0,0,0
18619,0,0,0,0,0,0,0,0,0
18620,0,0,0,0,0,0,0,0,0
18621,0,0,0,0,0,0,0,0,0
18622,0,0,0,0,0,0,0,0,0
18623,0,0,0,0,0,0,0,0,0
18624,0,0,0,0,0,0,0,0,0
18625,0.000121398,8.84857e-09,2.5513e-13,3.51851e-14,2.55164e-15,1.08062e-21,1.26099e-41,3.70182e-77,0.000121407
18626,0.000109789,7.21233e-09,1.86637e-13,2.57368e-14,1.86622e-15,7.05469e-22,5.56447e-42,1.15544e-77,0.000109797
18627,0,0,0,0,0,0,0,0,0
18628,0,0,0,0,0,0,0,0,0
18629,0,0,0,0,0,0,0,0,0
18630,0,0,0,0,0,0,0,0,0
18631,0,0,0,0,0,0,0,0,0
18632,0,0,0,0,0,0,0,0,0
18633,0,0,0,0,0,0,0,0,0
18634,0,0,0,0,0,0,0,0,0
18635,0,0,0,0,0,0,0,0,0
18636,0,0,0,0,0,0,0,0,0
18637,0,0,0,0,0,0,0,0,0
18638,0,0,0,0,0,0,0,0,0
18639,0,0,0,0,0,0,0,0,0
18640,0,0,0,0,0,0,0,0,0
18641,0,0,0,0,0,0,0,0,0
18642,0,0,0,0,0,0,0,0,0
18643,0,0,0,0,0,0,0,0,0
18644,0,0,0,0,0,0,0,0,0
18645,0.000197978,1.23834e-08,3.21381e-13,4.42322e-14,3.19959e-15,1.26806e-21,1.48325e-41,4.95755e-77,0.00019799
18646,0,0,0,0,0,0,0,0,0
18647,0,0,0,0,0,0,0,0,0
18648,0,0,0,0,0,0,0,0,0
18649,0,0,0,0,0,0,0,0,0
18650,0,0,0,0,0,0,0,0,0
18651,0,0,0,0,0,0,0,0,0
18652,0,0,0,0,0,0,0,0,0
18653,0,0,0,0,0,0,0,0,0
18654,0,0,0,0,0,0,0,0,0
18655,0,0,0,0,0,0,0,0,0
18656,0,0,0,0,0,0,0,0,0
18657,0.000100163,6.00252e-09,1.42089e-13,1.95315e-14,1.41062e-15,4.88973e-22,3.3139e-42,7.13697e-78,0.000100169
18658,0,0,0,0,0,0,0,0,0
18659,0,0,0,0,0,0,0,0,0
18660,9.3224e-05,5.18168e-09,1.13173e-13,1.55523e-14,1.12284e-15,3.56311e-22,1.7135e-42,2.57414e-78,9.32292e-05
18661,0,0,0,0,0,0,0,0,0
18662,0,0,0,0,0,0,0,0,0
18663,0,0,0,0,0,0,0,0,0
18664,0,0,0,0,0,0,0,0,0
18665,0,0,0,0,0,0,0,0,0
18666,0,0,0,0,0,0,0,0,0
18667,0,0,0,0,0,0,0,0,0
18668,0.000105611,3.01606e-09,2.51048e-14,3.44701e-15,2.48601e-16,9.3881e-24,2.58125e-42,2.23086e-77,0.000105614
18669,0,0,0,0,0,0,0,0,0
18670,0,0,0,0,0,0,0,0,0
18671,0,0,0,0,0,0,0,0,0
18672,0,0,0,0,0,0,0,0,0
18673,0,0,0,0,0,0,0,0,0
18674,0,0,0,0,0,0,0,0,0
18675,0,0,0,0,0,0,0,0,0
18676,0,0,0,0,0,0,0,0,0
18677,0,0,0,0,0,0,0,0,0
18678,0,0,0,0,0,0,0,0,0
18679,0,0,0,0,0,0,0,0,0
18680,0,0,0,0,0,0,0,0,0
18681,0,0,0,0,0,0,0,0,0
18682,0,0,0,0,0,0,0,0,0
18683,0,0,0,0,0,0,0,0,0
18684,0,0,0,0,0,0,0,0,0
18685,0,0,0,0,0,0,0,0,0
18686,0.000101093,6.11444e-09,1.46009e-13,2.00104e-14,1.43978e-15,5.01205e-22,3.45083e-42,6.99029e-78,0.000101099
18687,0,0,0,0,0,0,0,0,0
18688,0,0,0,0,0,0,0,0,0
18689,0,0,0,0,0,0,0,0,0
18690,0,0,0,0,0,0,0,0,0
18691,0,0,0,0,0,0,0,0,0
18692,0,0,0,0,0,0,0,0,0
18693,0,0,0,0,0,0,0,0,0
18694,3.57967e-05,3.91462e-10,1.45346e-15,1.99048e-16,1.43085e-17,1.30201e-22,2.21797e-41,1.83269e-76,3.57971e-05
18695,0,0,0,0,0,0,0,0,0
18696,0,0,0,0,0,0,0,0,0
18697,0,0,0,0,0,0,0,0,0
18698,0,0,0,0,0,0,0,0,0
18699,0,0,0,0,0,0,0,0,0
18700,0,0,0,0,0,0,0,0,0
18701,0,0,0,0,0,0,0,0,0
18702,0,0,0,0,0,0,0,0,0
18703,0,0,0,0,0,0,0,0,0
18704,0.000123387,9.14997e-09,2.68763e-13,3.67685e-14,2.63968e-15,1.13043e-21,1.46484e-41,4.3307e-77,0.000123396
18705,0,0,0,0,0,0,0,0,0
18706,0,0,0,0,0,0,0,0,0
18707,0,0,0,0,0,0,0,0,0
18708,0,0,0,0,0,0,0,0,0
18709,0.0001021,6.22946e-09,1.4961e-13,2.04576e-14,1.4678e-15,5.0995e-22,3.33659e-42,5.777e-78,0.000102106
18710,0,0,0,0,0,0,0,0,0
18711,0,0,0,0,0,0,0,0,0
18712,0,0,0,0,0,0,0,0,0
18713,0,0,0,0,0,0,0,0,0
18714,0,0,0,0,0,0,0,0,0
18715,0,0,0,0,0,0,0,0,0
18716,0,0,0,0,0,0,0,0,0
18717,0,0,0,0,0,0,0,0,0
18718,0,0,0,0,0,0,0,0,0
18719,0,0,0,0,0,0,0,0,0
18720,0,0,0,0,0,0,0,0,0
18721,0,0,0,0,0,0,0,0,0
18722,0,0,0,0,0,0,0,0,0
18723,0,0,0,0,0,0,0,0,0
18724,0,0,0,0,0,0,0,0,0
18725,0,0,0,0,0,0,0,0,0
18726,0,0,0,0,0,0,0,0,0
18727,0,0,0,0,0,0,0,0,0
18728,0,0,0,0,0,0,0,0,0
18729,0,0,0,0,0,0,0,0,0
18730,0,0,0,0,0,0,0,0,0
18731,0,0,0,0,0,0,0,0,0
18732,0,0,0,0,0,0,0,0,0
18733,0,0,0,0,0,0,0,0,0
18734,0,0,0,0,0,0,0,0,0
18735,0,0,0,0,0,0,0,0,0
18736,0,0,0,0,0,0,0,0,0
18737,0,0,0,0,0,0,0,0,0
18738,0,0,0,0,0,0,0,0,0
18739,0,0,0,0,0,0,0,0,0
18740,0,0,0,0,0,0,0,0,0
18741,0,0,0,0,0,0,0,0,0
18742,0,0,0,0,0,0,0,0,0
18743,0,0,0,0,0,0,0,0,0
18744,0,0,0,0,0,0,0,0,0
18745,0,0,0,0,0,0,0,0,0
18746,0,0,0,0,0,0,0,0,0
18747,0,0,0,0,0,0,0,0,0
18748,0,0,0,0,0,0,0,0,0
18749,0.000307486,3.04577e-08,1.27102e-12,1.73088e-13,1.2355e-14,7.85796e-21,4.12085e-40,3.11695e-75,0.000307516
18750,0,0,0,0,0,0,0,0,0
18751,0,0,0,0,0,0,0,0,0
18752,0,0,0,0,0,0,0,0,0
18753,0,0,0,0,0,0,0,0,0
18754,0,0,0,0,0,0,0,0,0
18755,0,0,0,0,0,0,0,0,0
18756,0,0,0,0,0,0,0,0,0
18757,0,0,0,0,0,0,0,0,0
18758,0,0,0,0,0,0,0,0,0
18759,0,0,0,0,0,0,0,0,0
18760,0,0,0,0,0,0,0,0,0
18761,0.000117854,8.32809e-09,2.32196e-13,3.15818e-14,2.25083e-15,9.03564e-22,9.38048e-42,1.99482e-77,0.000117862
18762,0.000126553,9.63109e-09,2.90343e-13,3.94847e-14,2.81355e-15,1.22756e-21,1.72132e-41,4.76601e-77,0.000126563
18763,0,0,0,0,0,0,0,0,0
18764,0,0,0,0,0,0,0,0,0
18765,0,0,0,0,0,0,0,0,0
18766,0,0,0,0,0,0,0,0,0
18767,0,0,0,0,0,0,0,0,0
18768,0,0,0,0,0,0,0,0,0
18769,0,0,0,0,0,0,0,0,0
18770,0,0,0,0,0,0,0,0,0
18771,0,0,0,0,0,0,0,0,0
18772,0.000136024,1.11448e-08,3.62123e-13,4.9195e-14,3.50089e-15,1.6455e-21,2.89933e-41,9.12138e-77,0.000136036
18773,0,0,0,0,0,0,0,0,0
18774,0,0,0,0,0,0,0,0,0
18775,0,0,0,0,0,0,0,0,0
18776,0,0,0,0,0,0,0,0,0
18777,0,0,0,0,0,0,0,0,0
18778,7.7574e-05,3.56085e-09,6.35151e-14,8.62337e-15,6.13198e-16,1.54225e-22,3.32726e-43,1.78407e-79,7.75776e-05
18779,0,0,0,0,0,0,0,0,0
18780,0.000102981,6.33925e-09,1.53596e-13,2.08505e-14,1.48238e-15,5.15008e-22,3.48321e-42,5.40166e-78,0.000102988
18781,0,0,0,0,0,0,0,0,0
18782,8.41212e-05,4.19168e-09,8.1144e-14,1.1012e-14,7.82623e-16,2.13254e-22,5.83373e-43,3.83357e-79,8.41254e-05
18783,0,0,0,0,0,0,0,0,0
18784,0,0,0,0,0,0,0,0,0
18785,0,0,0,0,0,0,0,0,0
18786,0,0,0,0,0,0,0,0,0
18787,0,0,0,0,0,0,0,0,0
18788,0.000143524,1.24235e-08,4.26874e-13,5.78975e-14,4.1118e-15,2.04122e-21,4.2781e-41,1.46496e-76,0.000143537
18789,0,0,0,0,0,0,0,0,0
18790,6.10348e-05,2.18228e-09,2.9888e-14,4.05295e-15,2.87763e-16,5.43536e-23,3.85823e-44,4.59016e-81,6.1037e-05
18791,0,0,0,0,0,0,0,0,0
18792,0,0,0,0,0,0,0,0,0
18793,0,0,0,0,0,0,0,0,0
18794,0,0,0,0,0,0,0,0,0
18795,0,0,0,0,0,0,0,0,0
18796,0,0,0,0,0,0,0,0,0
18797,0,0,0,0,0,0,0,0,0
18798,0,0,0,0,0,0,0,0,0
18799,0,0,0,0,0,0,0,0,0
18800,0,0,0,0,0,0,0,0,0
18801,0,0,0,0,0,0,0,0,0
18802,0,0,0,0,0,0,0,0,0
18803,0,0,0,0,0,0,0,0,0
18804,0,0,0,0,0,0,0,0,0
18805,0,0,0,0,0,0,0,0,0
18806,0.000104667,6.54329e-09,1.60629e-13,2.17468e-14,1.54089e-15,5.38468e-22,3.58571e-42,4.89895e-78,0.000104673
18807,0,0,0,0,0,0,0,0,0
18808,0.00010099,6.09095e-09,1.44384e-13,1.95425e-14,1.38427e-15,4.67887e-22,2.89525e-42,3.89945e-78,0.000100996
18809,0,0,0,0,0,0,0,0,0
18810,0,0,0,0,0,0,0,0,0
18811,0,0,0,0,0,0,0,0,0
18812,0,0,0,0,0,0,0,0,0
18813,0,0,0,0,0,0,0,0,0
18814,0,0,0,0,0,0,0,0,0
18815,0.000108349,6.89269e-09,1.65001e-13,2.23168e-14,1.57935e-15,4.93372e-22,4.90006e-44,2.08256e-77,0.000108355
18816,0,0,0,0,0,0,0,0,0
18817,0,0,0,0,0,0,0,0,0
18818,0,0,0,0,0,0,0,0,0
18819,0,0,0,0,0,0,0,0,0
18820,0,0,0,0,0,0,0,0,0
18821,0.00010231,6.25149e-09,1.50072e-13,2.02862e-14,1.43463e-15,4.8991e-22,3.11498e-42,4.11632e-78,0.000102316
18822,0,0,0,0,0,0,0,0,0
18823,0,0,0,0,0,0,0,0,0
18824,0,0,0,0,0,0,0,0,0
18825,0,0,0,0,0,0,0,0,0
18826,4.89663e-05,1.36886e-09,1.38963e-14,1.87744e-15,1.32681e-16,1.6736e-23,5.59202e-47,7.43739e-82,4.89677e-05
18827,0,0,0,0,0,0,0,0,0
18828,0,0,0,0,0,0,0,0,0
18829,0,0,0,0,0,0,0,0,0
18830,0,0,0,0,0,0,0,0,0
18831,0,0,0,0,0,0,0,0,0
18832,0,0,0,0,0,0,0,0,0
18833,0,0,0,0,0,0,0,0,0
18834,0,0,0,0,0,0,0,0,0
18835,0,0,0,0,0,0,0,0,0
18836,0,0,0,0,0,0,0,0,0
18837,0,0,0,0,0,0,0,0,0
18838,0,0,0,0,0,0,0,0,0
18839,0,0,0,0,0,0,0,0,0
18840,0,0,0,0,0,0,0,0,0
18841,0,0,0,0,0,0,0,0,0
18842,0,0,0,0,0,0,0,0,0
18843,0,0,0,0,0,0,0,0,0
18844,0,0,0,0,0,0,0,0,0
18845,0,0,0,0,0,0,0,0,0
18846,0.000167505,9.17508e-09,2.12436e-13,2.86421e-14,2.01898e-15,6.97533e-22,5.32199e-42,7.74898e-78,0.000167514
18847,0,0,0,0,0,0,0,0,0
18848,0,0,0,0,0,0,0,0,0
18849,0,0,0,0,0,0,0,0,0
18850,0,0,0,0,0,0,0,0,0
18851,0,0,0,0,0,0,0,0,0
18852,0,0,0,0,0,0,0,0,0
18853,0,0,0,0,0,0,0,0,0
18854,0,0,0,0,0,0,0,0,0
18855,0,0,0,0,0,0,0,0,0
18856,0,0,0,0,0,0,0,0,0
18857,0,0,0,0,0,0,0,0,0
18858,0,0,0,0,0,0,0,0,0
18859,0,0,0,0,0,0,0,0,0
18860,0,0,0,0,0,0,0,0,0
18861,0,0,0,0,0,0,0,0,0
18862,7.89383e-05,3.68252e-09,6.65013e-14,8.9515e-15,6.29696e-16,1.57655e-22,3.21376e-43,1.19332e-79,7.8942e-05
18863,0,0,0,0,0,0,0,0,0
18864,0,0,0,0,0,0,0,0,0
18865,0,0,0,0,0,0,0,0,0
18866,0,0,0,0,0,0,0,0,0
18867,0,0,0,0,0,0,0,0,0
18868,0,0,0,0,0,0,0,0,0
18869,0,0,0,0,0,0,0,0,0
18870,0,0,0,0,0,0,0,0,0
18871,0,0,0,0,0,0,0,0,0
18872,0,0,0,0,0,0,0,0,0
18873,0,0,0,0,0,0,0,0,0
18874,9.53347e-05,5.40797e-09,1.19798e-13,1.61064e-14,1.13132e-15,3.51125e-22,1.57337e-42,1.31144e-78,9.53401e-05
18875,0,0,0,0,0,0,0,0,0
18876,0,0,0,0,0,0,0,0,0
18877,0,0,0,0,0,0,0,0,0
18878,0,0,0,0,0,0,0,0,0
18879,0,0,0,0,0,0,0,0,0
18880,0,0,0,0,0,0,0,0,0
18881,0,0,0,0,0,0,0,0,0
18882,0,0,0,0,0,0,0,0,0
18883,0,0,0,0,0,0,0,0,0
18884,0,0,0,0,0,0,0,0,0
18885,0,0,0,0,0,0,0,0,0
18886,0,0,0,0,0,0,0,0,0
18887,0,0,0,0,0,0,0,0,0
18888,0,0,0,0,0,0,0,0,0
18889,0,0,0,0,0,0,0,0,0
18890,0,0,0,0,0,0,0,0,0
18891,0,0,0,0,0,0,0,0,0
18892,8.97762e-05,4.78908e-09,9.96526e-14,1.33737e-14,9.37245e-16,2.72428e-22,1.01128e-42,7.27495e-79,8.9781e-05
18893,0,0,0,0,0,0,0,0,0
18894,0,0,0,0,0,0,0,0,0
18895,0,0,0,0,0,0,0,0,0
18896,0,0,0,0,0,0,0,0,0
18897,0,0,0,0,0,0,0,0,0
18898,0,0,0,0,0,0,0,0,0
18899,0,0,0,0,0,0,0,0,0
18900,0,0,0,0,0,0,0,0,0
18901,0,0,0,0,0,0,0,0,0
18902,0,0,0,0,0,0,0,0,0
18903,0,0,0,0,0,0,0,0,0
18904,0,0,0,0,0,0,0,0,0
18905,0,0,0,0,0,0,0,0,0
18906,0,0,0,0,0,0,0,0,0
18907,0,0,0,0,0,0,0,0,0
18908,0,0,0,0,0,0,0,0,0
18909,0,0,0,0,0,0,0,0,0
18910,0,0,0,0,0,0,0,0,0
18911,0,0,0,0,0,0,0,0,0
18912,1.69365e-06,3.65515e-11,1.59966e-15,2.14231e-16,1.49742e-17,2.40417e-24,2.40552e-44,1.07362e-79,1.69369e-06
18913,0,0,0,0,0,0,0,0,0
18914,0,0,0,0,0,0,0,0,0
18915,0,0,0,0,0,0,0,0,0
18916,0.000179496,1.95067e-08,8.41876e-13,1.12703e-13,7.87372e-15,4.82087e-21,1.91426e-40,7.2237e-76,0.000179516
18917,0,0,0,0,0,0,0,0,0
18918,0,0,0,0,0,0,0,0,0
18919,0,0,0,0,0,0,0,0,0
18920,0,0,0,0,0,0,0,0,0
18921,0,0,0,0,0,0,0,0,0
18922,0,0,0,0,0,0,0,0,0
18923,0,0,0,0,0,0,0,0,0
18924,0,0,0,0,0,0,0,0,0
18925,0,0,0,0,0,0,0,0,0
18926,0,0,0,0,0,0,0,0,0
18927,0,0,0,0,0,0,0,0,0
18928,0,0,0,0,0,0,0,0,0
18929,0,0,0,0,0,0,0,0,0
18930,0,0,0,0,0,0,0,0,0
18931,0,0,0,0,0,0,0,0,0
18932,0,0,0,0,0,0,0,0,0
18933,0,0,0,0,0,0,0,0,0
18934,0,0,0,0,0,0,0,0,0
18935,0,0,0,0,0,0,0,0,0
18936,0,0,0,0,0,0,0,0,0
18937,0,0,0,0,0,0,0,0,0
18938,0,0,0,0,0,0,0,0,0
18939,0,0,0,0,0,0,0,0,0
18940,0,0,0,0,0,0,0,0,0
18941,0,0,0,0,0,0,0,0,0
18942,0,0,0,0,0,0,0,0,0
18943,0,0,0,0,0,0,0,0,0
18944,0,0,0,0,0,0,0,0,0
18945,0,0,0,0,0,0,0,0,0
18946,0,0,0,0,0,0,0,0,0
18947,0,0,0,0,0,0,0,0,0
18948,0,0,0,0,0,0,0,0,0
18949,0,0,0,0,0,0,0,0,0
18950,0,0,0,0,0,0,0,0,0
18951,0,0,0,0,0,0,0,0,0
18952,0,0,0,0,0,0,0,0,0
18953,0,0,0,0,0,0,0,0,0
18954,0,0,0,0,0,0,0,0,0
18955,0,0,0,0,0,0,0,0,0
18956,0,0,0,0,0,0,0,0,0
18957,8.87312e-05,4.67557e-09,9.59885e-14,1.27965e-14,8.8932e-16,2.52575e-22,8.87065e-43,5.31732e-79,8.87359e-05
18958,0,0,0,0,0,0,0,0,0
18959,0,0,0,0,0,0,0,0,0
18960,0,0,0,0,0,0,0,0,0
18961,0.000100476,6.00748e-09,1.39988e-13,1.86544e-14,1.29575e-15,4.16904e-22,2.06723e-42,1.4553e-78,0.000100482
18962,0,0,0,0,0,0,0,0,0
18963,0,0,0,0,0,0,0,0,0
18964,0,0,0,0,0,0,0,0,0
18965,0,0,0,0,0,0,0,0,0
18966,0,0,0,0,0,0,0,0,0
18967,0.000104796,6.54642e-09,1.59749e-13,2.12744e-14,1.47659e-15,4.98695e-22,2.95328e-42,2.40609e-78,0.000104803
18968,0,0,0,0,0,0,0,0,0
18969,0,0,0,0,0,0,0,0,0
18970,9.09557e-05,4.91015e-09,1.03054e-13,1.37204e-14,9.51957e-16,2.74894e-22,9.73333e-43,5.28576e-79,9.09606e-05
18971,0,0,0,0,0,0,0,0,0
18972,0,0,0,0,0,0,0,0,0
18973,0,0,0,0,0,0,0,0,0
18974,0,0,0,0,0,0,0,0,0
18975,0,0,0,0,0,0,0,0,0
18976,0,0,0,0,0,0,0,0,0
18977,0,0,0,0,0,0,0,0,0
18978,0,0,0,0,0,0,0,0,0
18979,0,0,0,0,0,0,0,0,0
18980,0,0,0,0,0,0,0,0,0
18981,0,0,0,0,0,0,0,0,0
18982,0,0,0,0,0,0,0,0,0
18983,0,0,0,0,0,0,0,0,0
18984,0,0,0,0,0,0,0,0,0
18985,0,0,0,0,0,0,0,0,0
18986,0,0,0,0,0,0,0,0,0
18987,0,0,0,0,0,0,0,0,0
18988,8.41454e-05,4.19655e-09,8.13235e-14,1.08073e-14,7.48117e-16,1.99098e-22,5.64813e-43,2.64676e-79,8.41496e-05
18989,0,0,0,0,0,0,0,0,0
18990,0,0,0,0,0,0,0,0,0
18991,0,0,0,0,0,0,0,0,0
18992,0,0,0,0,0,0,0,0,0
18993,0,0,0,0,0,0,0,0,0
18994,0,0,0,0,0,0,0,0,0
18995,0,0,0,0,0,0,0,0,0
18996,0,0,0,0,0,0,0,0,0
18997,0,0,0,0,0,0,0,0,0
18998,0,0,0,0,0,0,0,0,0
18999,0,0,0,0,0,0,0,0,0
19000,0,0,0,0,0,0,0,0,0
19001,0,0,0,0,0,0,0,0,0
19002,0,0,0,0,0,0,0,0,0
19003,0,0,0,0,0,0,0,0,0
19004,0,0,0,0,0,0,0,0,0
19005,0,0,0,0,0,0,0,0,0
19006,0,0,0,0,0,0,0,0,0
19007,0.000107822,6.93991e-09,1.7484e-13,2.31885e-14,1.60114e-15,5.57137e-22,3.79227e-42,3.2995e-78,0.000107829
19008,0,0,0,0,0,0,0,0,0
19009,8.22808e-05,3.99665e-09,7.48131e-14,9.91993e-15,6.84761e-16,1.73165e-22,3.55306e-43,8.53406e-80,8.22847e-05
19010,0,0,0,0,0,0,0,0,0
19011,0.000121927,8.88996e-09,2.53664e-13,3.36294e-14,2.32093e-15,9.12253e-22,8.63982e-42,8.7328e-78,0.000121936
19012,0,0,0,0,0,0,0,0,0
19013,0,0,0,0,0,0,0,0,0
19014,0,0,0,0,0,0,0,0,0
19015,0,0,0,0,0,0,0,0,0
19016,0,0,0,0,0,0,0,0,0
19017,0,0,0,0,0,0,0,0,0
19018,0,0,0,0,0,0,0,0,0
19019,0,0,0,0,0,0,0,0,0
19020,0,0,0,0,0,0,0,0,0
19021,0,0,0,0,0,0,0,0,0
19022,0,0,0,0,0,0,0,0,0
19023,0,0,0,0,0,0,0,0,0
19024,0,0,0,0,0,0,0,0,0
19025,0,0,0,0,0,0,0,0,0
19026,0,0,0,0,0,0,0,0,0
19027,0,0,0,0,0,0,0,0,0
19028,0,0,0,0,0,0,0,0,0
19029,0.000117086,8.19446e-09,2.24497e-13,2.97097e-14,2.04582e-15,7.71247e-22,6.6079e-42,6.22209e-78,0.000117094
19030,0,0,0,0,0,0,0,0,0
19031,0,0,0,0,0,0,0,0,0
19032,0,0,0,0,0,0,0,0,0
19033,0,0,0,0,0,0,0,0,0
19034,0,0,0,0,0,0,0,0,0
19035,0,0,0,0,0,0,0,0,0
19036,0,0,0,0,0,0,0,0,0
19037,0,0,0,0,0,0,0,0,0
19038,0,0,0,0,0,0,0,0,0
19039,0,0,0,0,0,0,0,0,0
19040,0,0,0,0,0,0,0,0,0
19041,0,0,0,0,0,0,0,0,0
19042,0,0,0,0,0,0,0,0,0
19043,0,0,0,0,0,0,0,0,0
19044,9.81792e-05,5.73439e-09,1.30502e-13,1.72435e-14,1.18508e-15,3.68646e-22,1.73002e-42,1.02462e-78,9.81849e-05
19045,0,0,0,0,0,0,0,0,0
19046,0,0,0,0,0,0,0,0,0
19047,0,0,0,0,0,0,0,0,0
19048,0,0,0,0,0,0,0,0,0
19049,0,0,0,0,0,0,0,0,0
19050,0,0,0,0,0,0,0,0,0
19051,0,0,0,0,0,0,0,0,0
19052,0,0,0,0,0,0,0,0,0
19053,0,0,0,0,0,0,0,0,0
19054,0,0,0,0,0,0,0,0,0
19055,0,0,0,0,0,0,0,0,0
19056,0,0,0,0,0,0,0,0,0
19057,0,0,0,0,0,0,0,0,0
19058,0,0,0,0,0,0,0,0,0
19059,0,0,0,0,0,0,0,0,0
19060,0,0,0,0,0,0,0,0,0
19061,9.50454e-05,5.36622e-09,1.17787e-13,1.55359e-14,1.06533e-15,3.17966e-22,1.29046e-42,6.45951e-79,9.50508e-05
19062,0,0,0,0,0,0,0,0,0
19063,0,0,0,0,0,0,0,0,0
19064,0,0,0,0,0,0,0,0,0
19065,0,0,0,0,0,0,0,0,0
19066,0,0,0,0,0,0,0,0,0
19067,0,0,0,0,0,0,0,0,0
19068,0,0,0,0,0,0,0,0,0
19069,0,0,0,0,0,0,0,0,0
19070,0,0,0,0,0,0,0,0,0
19071,0,0,0,0,0,0,0,0,0
19072,0,0,0,0,0,0,0,0,0
19073,0,0,0,0,0,0,0,0,0
19074,0,0,0,0,0,0,0,0,0
19075,0,0,0,0,0,0,0,0,0
19076,0,0,0,0,0,0,0,0,0
19077,0.000127554,9.74154e-09,2.91408e-13,3.83733e-14,2.62597e-15,1.07419e-21,1.18847e-41,1.18179e-77,0.000127563
19078,0,0,0,0,0,0,0,0,0
19079,0,0,0,0,0,0,0,0,0
19080,0,0,0,0,0,0,0,0,0
19081,9.88714e-06,1.73371e-11,2.23594e-16,2.94309e-17,2.01295e-18,1.50079e-24,9.13869e-47,5.26142e-81,9.88715e-06
19082,0,0,0,0,0,0,0,0,0
19083,0,0,0,0,0,0,0,0,0
19084,0,0,0,0,0,0,0,0,0
19085,0,0,0,0,0,0,0,0,0
19086,0,0,0,0,0,0,0,0,0
19087,0,0,0,0,0,0,0,0,0
19088,0,0,0,0,0,0,0,0,0
19089,0,0,0,0,0,0,0,0,0
19090,0,0,0,0,0,0,0,0,0
19091,0,0,0,0,0,0,0,0,0
19092,0,0,0,0,0,0,0,0,0
19093,0,0,0,0,0,0,0,0,0
19094,0,0,0,0,0,0,0,0,0
19095,0,0,0,0,0,0,0,0,0
19096,0,0,0,0,0,0,0,0,0
19097,0,0,0,0,0,0,0,0,0
19098,0,0,0,0,0,0,0,0,0
19099,8.71529e-05,4.5009e-09,9.01225e-14,1.18414e-14,8.08088e-16,2.18342e-22,6.54121e-43,2.42897e-79,8.71574e-05
19100,0,0,0,0,0,0,0,0,0
19101,0,0,0,0,0,0,0,0,0
19102,0,0,0,0,0,0,0,0,0
19103,0,0,0,0,0,0,0,0,0
19104,0,0,0,0,0,0,0,0,0
19105,0,0,0,0,0,0,0,0,0
19106,0,0,0,0,0,0,0,0,0
19107,0,0,0,0,0,0,0,0,0
19108,0,0,0,0,0,0,0,0,0
19109,0,0,0,0,0,0,0,0,0
19110,0,0,0,0,0,0,0,0,0
19111,0,0,0,0,0,0,0,0,0
19112,0,0,0,0,0,0,0,0,0
19113,0,0,0,0,0,0,0,0,0
19114,0,0,0,0,0,0,0,0,0
19115,0,0,0,0,0,0,0,0,0
19116,0,0,0,0,0,0,0,0,0
19117,0,0,0,0,0,0,0,0,0
19118,0,0,0,0,0,0,0,0,0
19119,0,0,0,0,0,0,0,0,0
19120,0,0,0,0,0,0,0,0,0
19121,9.25564e-05,5.07849e-09,1.07914e-13,1.41464e-14,9.62611e-16,2.74485e-22,9.39975e-43,3.42911e-79,9.25615e-05
19122,0,0,0,0,0,0,0,0,0
19123,0,0,0,0,0,0,0,0,0
19124,0,0,0,0,0,0,0,0,0
19125,7.50027e-05,3.30989e-09,5.60345e-14,7.34246e-15,4.99359e-16,1.12008e-22,1.66907e-43,2.94839e-80,7.5006e-05
19126,0,0,0,0,0,0,0,0,0
19127,0,0,0,0,0,0,0,0,0
19128,0,0,0,0,0,0,0,0,0
19129,0,0,0,0,0,0,0,0,0
19130,0,0,0,0,0,0,0,0,0
19131,0,0,0,0,0,0,0,0,0
19132,0,0,0,0,0,0,0,0,0
19133,0,0,0,0,0,0,0,0,0
19134,0,0,0,0,0,0,0,0,0
19135,0,0,0,0,0,0,0,0,0
19136,0,0,0,0,0,0,0,0,0
19137,0,0,0,0,0,0,0,0,0
19138,0,0,0,0,0,0,0,0,0
19139,0,0,0,0,0,0,0,0,0
19140,0,0,0,0,0,0,0,0,0
19141,0,0,0,0,0,0,0,0,0
19142,0,0,0,0,0,0,0,0,0
19143,0,0,0,0,0,0,0,0,0
19144,0,0,0,0,0,0,0,0,0
19145,0,0,0,0,0,0,0,0,0
19146,0,0,0,0,0,0,0,0,0
19147,0,0,0,0,0,0,0,0,0
19148,0,0,0,0,0,0,0,0,0
19149,0,0,0,0,0,0,0,0,0
19150,0,0,0,0,0,0,0,0,0
19151,0,0,0,0,0,0,0,0,0
19152,0,0,0,0,0,0,0,0,0
19153,0,0,0,0,0,0,0,0,0
19154,7.73853e-05,3.53277e-09,6.21507e-14,8.11985e-15,5.50184e-16,1.28692e-22,2.38662e-43,5.26361e-80,7.73888e-05
19155,0,0,0,0,0,0,0,0,0
19156,0,0,0,0,0,0,0,0,0
19157,0,0,0,0,0,0,0,0,0
19158,0.000149876,1.349e-08,4.76e-13,6.21675e-14,4.21057e-15,2.00967e-21,3.56862e-41,3.97076e-77,0.00014989
19159,7.5285e-05,3.34383e-09,5.7291e-14,7.48121e-15,5.06593e-16,1.15569e-22,2.04405e-43,4.50027e-80,7.52884e-05
19160,0,0,0,0,0,0,0,0,0
19161,0,0,0,0,0,0,0,0,0
19162,0,0,0,0,0,0,0,0,0
19163,0,0,0,0,0,0,0,0,0
19164,0,0,0,0,0,0,0,0,0
19165,0,0,0,0,0,0,0,0,0
19166,0,0,0,0,0,0,0,0,0
19167,0,0,0,0,0,0,0,0,0
19168,0.000102261,6.21583e-09,1.46659e-13,1.91339e-14,1.29421e-15,4.08364e-22,1.96881e-42,8.43792e-79,0.000102267
19169,0,0,0,0,0,0,0,0,0
19170,0,0,0,0,0,0,0,0,0
19171,0,0,0,0,0,0,0,0,0
19172,0,0,0,0,0,0,0,0,0
19173,0,0,0,0,0,0,0,0,0
19174,0,0,0,0,0,0,0,0,0
19175,0.000108902,7.06425e-09,1.7831e-13,2.32458e-14,1.57085e-15,5.31352e-22,3.24808e-42,1.65827e-78,0.000108909
19176,0,0,0,0,0,0,0,0,0
19177,0,0,0,0,0,0,0,0,0
19178,0,0,0,0,0,0,0,0,0
19179,0,0,0,0,0,0,0,0,0
19180,0,0,0,0,0,0,0,0,0
19181,0,0,0,0,0,0,0,0,0
19182,0,0,0,0,0,0,0,0,0
19183,0,0,0,0,0,0,0,0,0
19184,0,0,0,0,0,0,0,0,0
19185,7.65564e-05,3.45502e-09,6.00068e-14,7.81565e-15,5.27529e-16,1.21122e-22,2.11087e-43,4.09912e-80,7.65599e-05
19186,0,0,0,0,0,0,0,0,0
19187,0,0,0,0,0,0,0,0,0
19188,0,0,0,0,0,0,0,0,0
19189,0,0,0,0,0,0,0,0,0
19190,0,0,0,0,0,0,0,0,0
19191,0,0,0,0,0,0,0,0,0
19192,0,0,0,0,0,0,0,0,0
19193,0.000139535,1.16631e-08,3.80904e-13,4.95681e-14,3.34202e-15,1.46374e-21,1.96678e-41,1.62094e-77,0.000139547
19194,0,0,0,0,0,0,0,0,0
19195,0,0,0,0,0,0,0,0,0
19196,0,0,0,0,0,0,0,0,0
19197,0,0,0,0,0,0,0,0,0
19198,0.000121982,8.88031e-09,2.51667e-13,3.27335e-14,2.20557e-15,8.3448e-22,7.05337e-42,4.11539e-78,0.000121991
19199,0,0,0,0,0,0,0,0,0
19200,0,0,0,0,0,0,0,0,0
19201,0,0,0,0,0,0,0,0,0
19202,0,0,0,0,0,0,0,0,0
19203,0,0,0,0,0,0,0,0,0
19204,0,0,0,0,0,0,0,0,0
19205,0,0,0,0,0,0,0,0,0
19206,0,0,0,0,0,0,0,0,0
19207,0,0,0,0,0,0,0,0,0
19208,0,0,0,0,0,0,0,0,0
19209,0,0,0,0,0,0,0,0,0
19210,0,0,0,0,0,0,0,0,0
19211,0,0,0,0,0,0,0,0,0
19212,0,0,0,0,0,0,0,0,0
19213,0,0,0,0,0,0,0,0,0
19214,0,0,0,0,0,0,0,0,0
19215,0,0,0,0,0,0,0,0,0
19216,0,0,0,0,0,0,0,0,0
19217,0,0,0,0,0,0,0,0,0
19218,0,0,0,0,0,0,0,0,0
19219,0,0,0,0,0,0,0,0,0
19220,0,0,0,0,0,0,0,0,0
19221,0,0,0,0,0,0,0,0,0
19222,0,0,0,0,0,0,0,0,0
19223,0,0,0,0,0,0,0,0,0
19224,0,0,0,0,0,0,0,0,0
19225,0,0,0,0,0,0,0,0,0
19226,0,0,0,0,0,0,0,0,0
19227,0,0,0,0,0,0,0,0,0
19228,0,0,0,0,0,0,0,0,0
19229,0,0,0,0,0,0,0,0,0
19230,0,0,0,0,0,0,0,0,0
19231,0,0,0,0,0,0,0,0,0
19232,0,0,0,0,0,0,0,0,0
19233,0.000121633,8.8311e-09,2.49668e-13,3.2359e-14,2.1707e-15,8.1624e-22,6.92211e-42,3.81973e-78,0.000121642
19234,0,0,0,0,0,0,0,0,0
19235,0,0,0,0,0,0,0,0,0
19236,0,0,0,0,0,0,0,0,0
19237,9.25698e-05,5.07384e-09,1.07355e-13,1.39075e-14,9.32391e-16,2.59659e-22,8.28509e-43,2.14403e-79,9.25749e-05
19238,0,0,0,0,0,0,0,0,0
19239,0,0,0,0,0,0,0,0,0
19240,0,0,0,0,0,0,0,0,0
19241,0,0,0,0,0,0,0,0,0
19242,0,0,0,0,0,0,0,0,0
19243,8.52499e-05,4.27737e-09,8.19709e-14,1.06131e-14,7.1102e-16,1.76215e-22,3.18873e-43,3.29691e-80,8.52542e-05
19244,0,0,0,0,0,0,0,0,0
19245,6.90616e-05,2.80311e-09,4.36299e-14,5.64748e-15,3.78229e-16,7.69321e-23,9.29315e-44,1.21707e-80,6.90644e-05
19246,0,0,0,0,0,0,0,0,0
19247,0,0,0,0,0,0,0,0,0
19248,0,0,0,0,0,0,0,0,0
19249,0,0,0,0,0,0,0,0,0
19250,0,0,0,0,0,0,0,0,0
19251,0,0,0,0,0,0,0,0,0
19252,0,0,0,0,0,0,0,0,0
19253,0,0,0,0,0,0,0,0,0
19254,0,0,0,0,0,0,0,0,0
19255,0,0,0,0,0,0,0,0,0
19256,0,0,0,0,0,0,0,0,0
19257,0,0,0,0,0,0,0,0,0
19258,0,0,0,0,0,0,0,0,0
19259,0,0,0,0,0,0,0,0,0
19260,0,0,0,0,0,0,0,0,0
19261,0,0,0,0,0,0,0,0,0
19262,0,0,0,0,0,0,0,0,0
19263,0,0,0,0,0,0,0,0,0
19264,0,0,0,0,0,0,0,0,0
19265,0,0,0,0,0,0,0,0,0
19266,3.82962e-05,8.37164e-10,6.70425e-15,8.65936e-16,5.78377e-17,5.6243e-24,2.45703e-46,2.20107e-84,3.82971e-05
19267,0,0,0,0,0,0,0,0,0
19268,0,0,0,0,0,0,0,0,0
19269,0,0,0,0,0,0,0,0,0
19270,0,0,0,0,0,0,0,0,0
19271,6.80142e-05,2.71608e-09,4.15211e-14,5.36022e-15,3.57792e-16,7.10665e-23,7.89017e-44,8.98702e-81,6.8017e-05
19272,0,0,0,0,0,0,0,0,0
19273,0,0,0,0,0,0,0,0,0
19274,0,0,0,0,0,0,0,0,0
19275,0,0,0,0,0,0,0,0,0
19276,0,0,0,0,0,0,0,0,0
19277,0,0,0,0,0,0,0,0,0
19278,0,0,0,0,0,0,0,0,0
19279,0,0,0,0,0,0,0,0,0
19280,0,0,0,0,0,0,0,0,0
19281,0,0,0,0,0,0,0,0,0
19282,0,0,0,0,0,0,0,0,0
19283,0,0,0,0,0,0,0,0,0
19284,0,0,0,0,0,0,0,0,0
19285,0,0,0,0,0,0,0,0,0
19286,0,0,0,0,0,0,0,0,0
19287,0,0,0,0,0,0,0,0,0
19288,0,0,0,0,0,0,0,0,0
19289,0,0,0,0,0,0,0,0,0
19290,0,0,0,0,0,0,0,0,0
19291,0,0,0,0,0,0,0,0,0
19292,0,0,0,0,0,0,0,0,0
19293,0,0,0,0,0,0,0,0,0
19294,5.21678e-05,1.58535e-09,1.82859e-14,2.35518e-15,1.56751e-16,2.31976e-23,9.96303e-45,5.25891e-82,5.21694e-05
19295,0,0,0,0,0,0,0,0,0
19296,0,0,0,0,0,0,0,0,0
19297,0.000104452,6.47796e-09,1.55366e-13,2.0005e-14,1.33096e-15,4.17574e-22,1.96446e-42,5.89504e-79,0.000104459
19298,0,0,0,0,0,0,0,0,0
19299,9.39713e-05,5.2304e-09,1.12373e-13,1.44655e-14,9.62103e-16,2.69932e-22,9.05645e-43,2.16278e-79,9.39765e-05
19300,0,0,0,0,0,0,0,0,0
19301,0,0,0,0,0,0,0,0,0
19302,0,0,0,0,0,0,0,0,0
19303,0,0,0,0,0,0,0,0,0
19304,0,0,0,0,0,0,0,0,0
19305,0,0,0,0,0,0,0,0,0
19306,0,0,0,0,0,0,0,0,0
19307,0,0,0,0,0,0,0,0,0
19308,0,0,0,0,0,0,0,0,0
19309,0,0,0,0,0,0,0,0,0
19310,0,0,0,0,0,0,0,0,0
19311,0,0,0,0,0,0,0,0,0
19312,0,0,0,0,0,0,0,0,0
19313,0,0,0,0,0,0,0,0,0
19314,0,0,0,0,0,0,0,0,0
19315,0,0,0,0,0,0,0,0,0
19316,0,0,0,0,0,0,0,0,0
19317,0,0,0,0,0,0,0,0,0
19318,0,0,0,0,0,0,0,0,0
19319,5.23341e-05,1.59592e-09,1.84787e-14,2.37385e-15,1.5748e-16,2.33366e-23,1.02591e-44,5.3111e-82,5.23357e-05
19320,0,0,0,0,0,0,0,0,0
19321,0,0,0,0,0,0,0,0,0
19322,0,0,0,0,0,0,0,0,0
19323,0,0,0,0,0,0,0,0,0
19324,0,0,0,0,0,0,0,0,0
19325,0,0,0,0,0,0,0,0,0
19326,0,0,0,0,0,0,0,0,0
19327,0,0,0,0,0,0,0,0,0
19328,0,0,0,0,0,0,0,0,0
19329,0,0,0,0,0,0,0,0,0
19330,0,0,0,0,0,0,0,0,0
19331,0,0,0,0,0,0,0,0,0
19332,0,0,0,0,0,0,0,0,0
19333,0,0,0,0,0,0,0,0,0
19334,0,0,0,0,0,0,0,0,0
19335,0,0,0,0,0,0,0,0,0
19336,0,0,0,0,0,0,0,0,0
19337,0,0,0,0,0,0,0,0,0
19338,0,0,0,0,0,0,0,0,0
19339,0,0,0,0,0,0,0,0,0
19340,0,0,0,0,0,0,0,0,0
19341,0,0,0,0,0,0,0,0,0
19342,8.33506e-05,4.09583e-09,7.71953e-14,9.8941e-15,6.54483e-16,1.58895e-22,3.25905e-43,4.66774e-80,8.33547e-05
19343,0,0,0,0,0,0,0,0,0
19344,0,0,0,0,0,0,0,0,0
19345,0,0,0,0,0,0,0,0,0
19346,0,0,0,0,0,0,0,0,0
19347,0,0,0,0,0,0,0,0,0
19348,0,0,0,0,0,0,0,0,0
19349,0,0,0,0,0,0,0,0,0
19350,5.79385e-05,1.95957e-09,2.51752e-14,3.22393e-15,2.13029e-16,3.48634e-23,2.04806e-44,1.15897e-81,5.79405e-05
19351,0,0,0,0,0,0,0,0,0
19352,0,0,0,0,0,0,0,0,0
19353,7.14399e-05,3.00062e-09,4.82897e-14,6.18239e-15,4.08387e-16,8.46062e-23,1.11107e-43,1.21477e-80,7.14429e-05
19354,0,0,0,0,0,0,0,0,0
19355,0,0,0,0,0,0,0,0,0
19356,0,0,0,0,0,0,0,0,0
19357,0,0,0,0,0,0,0,0,0
19358,0,0,0,0,0,0,0,0,0
19359,0,0,0,0,0,0,0,0,0
19360,0,0,0,0,0,0,0,0,0
19361,0,0,0,0,0,0,0,0,0
19362,0,0,0,0,0,0,0,0,0
19363,0,0,0,0,0,0,0,0,0
19364,0,0,0,0,0,0,0,0,0
19365,0,0,0,0,0,0,0,0,0
19366,7.80087e-05,3.57733e-09,6.26573e-14,8.01141e-15,5.28344e-16,1.18175e-22,1.81356e-43,1.89911e-80,7.80122e-05
19367,0,0,0,0,0,0,0,0,0
19368,0,0,0,0,0,0,0,0,0
19369,0,0,0,0,0,0,0,0,0
19370,0,0,0,0,0,0,0,0,0
19371,0,0,0,0,0,0,0,0,0
19372,0,0,0,0,0,0,0,0,0
19373,0,0,0,0,0,0,0,0,0
19374,0,0,0,0,0,0,0,0,0
19375,0,0,0,0,0,0,0,0,0
19376,0,0,0,0,0,0,0,0,0
19377,7.85256e-05,3.6291e-09,6.42015e-14,8.19953e-15,5.39979e-16,1.22252e-22,2.03209e-43,2.32532e-80,7.85293e-05
19378,0,0,0,0,0,0,0,0,0
19379,0,0,0,0,0,0,0,0,0
19380,0,0,0,0,0,0,0,0,0
19381,0,0,0,0,0,0,0,0,0
19382,0,0,0,0,0,0,0,0,0
19383,0,0,0,0,0,0,0,0,0
19384,0,0,0,0,0,0,0,0,0
19385,0,0,0,0,0,0,0,0,0
19386,0,0,0,0,0,0,0,0,0
19387,0,0,0,0,0,0,0,0,0
19388,0,0,0,0,0,0,0,0,0
19389,0,0,0,0,0,0,0,0,0
19390,0,0,0,0,0,0,0,0,0
19391,9.02153e-05,4.73571e-09,9.22142e-14,1.17605e-14,7.73116e-16,1.80987e-22,9.18349e-44,1.8862e-80,9.022e-05
19392,0,0,0,0,0,0,0,0,0
19393,0,0,0,0,0,0,0,0,0
19394,0,0,0,0,0,0,0,0,0
19395,0,0,0,0,0,0,0,0,0
19396,0,0,0,0,0,0,0,0,0
19397,0,0,0,0,0,0,0,0,0
19398,0,0,0,0,0,0,0,0,0
19399,0,0,0,0,0,0,0,0,0
19400,0,0,0,0,0,0,0,0,0
19401,4.34986e-05,1.07875e-09,9.73324e-15,1.24e-15,8.14056e-17,8.67653e-24,5.86223e-46,7.61271e-85,4.34997e-05
19402,0,0,0,0,0,0,0,0,0
19403,0,0,0,0,0,0,0,0,0
19404,0,0,0,0,0,0,0,0,0
19405,0,0,0,0,0,0,0,0,0
19406,0,0,0,0,0,0,0,0,0
19407,0,0,0,0,0,0,0,0,0
19408,0,0,0,0,0,0,0,0,0
19409,0,0,0,0,0,0,0,0,0
19410,0,0,0,0,0,0,0,0,0
19411,0,0,0,0,0,0,0,0,0
19412,0,0,0,0,0,0,0,0,0
19413,0,0,0,0,0,0,0,0,0
19414,0,0,0,0,0,0,0,0,0
19415,0,0,0,0,0,0,0,0,0
19416,0,0,0,0,0,0,0,0,0
19417,0,0,0,0,0,0,0,0,0
19418,0,0,0,0,0,0,0,0,0
19419,0,0,0,0,0,0,0,0,0
19420,0,0,0,0,0,0,0,0,0
19421,0,0,0,0,0,0,0,0,0
19422,0,0,0,0,0,0,0,0,0
19423,8.78135e-05,4.54867e-09,9.02861e-14,1.14766e-14,7.51319e-16,1.89773e-22,4.42666e-43,5.68162e-80,8.78181e-05
19424,0,0,0,0,0,0,0,0,0
19425,0,0,0,0,0,0,0,0,0
19426,0,0,0,0,0,0,0,0,0
19427,7.43459e-05,3.2397e-09,5.36415e-14,6.81602e-15,4.46006e-16,9.28793e-23,1.08952e-43,7.43951e-81,7.43491e-05
19428,0,0,0,0,0,0,0,0,0
19429,0,0,0,0,0,0,0,0,0
19430,8.50503e-05,4.26329e-09,8.18218e-14,1.03931e-14,6.79771e-16,1.65736e-22,3.47091e-43,4.07492e-80,8.50545e-05
19431,0,0,0,0,0,0,0,0,0
19432,0,0,0,0,0,0,0,0,0
19433,4.5171e-05,1.14735e-09,1.02169e-14,1.29734e-15,8.48189e-17,8.17639e-24,5.5714e-47,9.97578e-83,4.51721e-05
19434,0,0,0,0,0,0,0,0,0
19435,0,0,0,0,0,0,0,0,0
19436,0,0,0,0,0,0,0,0,0
19437,0,0,0,0,0,0,0,0,0
19438,0,0,0,0,0,0,0,0,0
19439,6.60179e-05,2.54977e-09,3.74096e-14,4.74735e-15,3.10138e-16,5.72299e-23,4.86789e-44,2.83185e-81,6.60205e-05
19440,0,0,0,0,0,0,0,0,0
19441,0,0,0,0,0,0,0,0,0
19442,0,0,0,0,0,0,0,0,0
19443,0,0,0,0,0,0,0,0,0
19444,0,0,0,0,0,0,0,0,0
19445,0,0,0,0,0,0,0,0,0
19446,0,0,0,0,0,0,0,0,0
19447,0,0,0,0,0,0,0,0,0
19448,0,0,0,0,0,0,0,0,0
19449,0,0,0,0,0,0,0,0,0
19450,0,0,0,0,0,0,0,0,0
19451,8.60556e-05,4.36628e-09,8.4845e-14,1.07544e-14,7.01546e-16,1.72796e-22,3.7749e-43,4.39088e-80,8.606e-05
19452,8.97163e-05,4.75029e-09,9.64009e-14,1.22172e-14,7.96804e-16,2.05044e-22,5.12129e-43,6.48969e-80,8.97211e-05
19453,0,0,0,0,0,0,0,0,0
19454,0,0,0,0,0,0,0,0,0
19455,0,0,0,0,0,0,0,0,0
19456,0.000101895,3.07429e-09,3.56332e-14,4.51415e-15,2.94269e-16,4.33192e-23,2.09155e-44,9.14953e-82,0.000101898
19457,0,0,0,0,0,0,0,0,0
19458,0,0,0,0,0,0,0,0,0
19459,0,0,0,0,0,0,0,0,0
19460,0,0,0,0,0,0,0,0,0
19461,0,0,0,0,0,0,0,0,0
19462,0,0,0,0,0,0,0,0,0
19463,0,0,0,0,0,0,0,0,0
19464,0,0,0,0,0,0,0,0,0
19465,0,0,0,0,0,0,0,0,0
19466,0,0,0,0,0,0,0,0,0
19467,0,0,0,0,0,0,0,0,0
19468,0,0,0,0,0,0,0,0,0
19469,0,0,0,0,0,0,0,0,0
19470,0,0,0,0,0,0,0,0,0
19471,0.000129247,9.94418e-09,2.9523e-13,3.73433e-14,2.42963e-15,9.17459e-22,7.44102e-42,1.99314e-78,0.000129257
19472,0,0,0,0,0,0,0,0,0
19473,0,0,0,0,0,0,0,0,0
19474,0,0,0,0,0,0,0,0,0
19475,0,0,0,0,0,0,0,0,0
19476,0,0,0,0,0,0,0,0,0
19477,0,0,0,0,0,0,0,0,0
19478,0,0,0,0,0,0,0,0,0
19479,0,0,0,0,0,0,0,0,0
19480,0,0,0,0,0,0,0,0,0
19481,0,0,0,0,0,0,0,0,0
19482,0,0,0,0,0,0,0,0,0
19483,0,0,0,0,0,0,0,0,0
19484,0,0,0,0,0,0,0,0,0
19485,0,0,0,0,0,0,0,0,0
19486,0,0,0,0,0,0,0,0,0
19487,0,0,0,0,0,0,0,0,0
19488,0,0,0,0,0,0,0,0,0
19489,0,0,0,0,0,0,0,0,0
19490,0,0,0,0,0,0,0,0,0
19491,0,0,0,0,0,0,0,0,0
19492,0,0,0,0,0,0,0,0,0
19493,0,0,0,0,0,0,0,0,0
19494,6.3356e-05,2.34699e-09,3.30226e-14,4.16739e-15,2.70357e-16,4.7546e-23,3.63235e-44,1.81681e-81,6.33584e-05
19495,0,0,0,0,0,0,0,0,0
19496,0,0,0,0,0,0,0,0,0
19497,0,0,0,0,0,0,0,0,0
19498,0,0,0,0,0,0,0,0,0
19499,0,0,0,0,0,0,0,0,0
19500,0,0,0,0,0,0,0,0,0
19501,0,0,0,0,0,0,0,0,0
19502,0,0,0,0,0,0,0,0,0
19503,0,0,0,0,0,0,0,0,0
19504,0,0,0,0,0,0,0,0,0
19505,0,0,0,0,0,0,0,0,0
19506,0,0,0,0,0,0,0,0,0
19507,0,0,0,0,0,0,0,0,0
19508,0,0,0,0,0,0,0,0,0
19509,0,0,0,0,0,0,0,0,0
19510,0,0,0,0,0,0,0,0,0
19511,0,0,0,0,0,0,0,0,0
19512,0,0,0,0,0,0,0,0,0
19513,9.18228e-05,4.97655e-09,1.03291e-13,1.30098e-14,8.4194e-16,2.19589e-22,5.76175e-43,6.53806e-80,9.18277e-05
19514,0,0,0,0,0,0,0,0,0
19515,0,0,0,0,0,0,0,0,0
19516,0,0,0,0,0,0,0,0,0
19517,0,0,0,0,0,0,0,0,0
19518,0,0,0,0,0,0,0,0,0
19519,0,0,0,0,0,0,0,0,0
19520,0,0,0,0,0,0,0,0,0
19521,0,0,0,0,0,0,0,0,0
19522,9.45864e-05,5.28366e-09,1.13058e-13,1.42271e-14,9.1968e-16,2.47002e-22,7.07873e-43,8.31233e-80,9.45917e-05
19523,0,0,0,0,0,0,0,0,0
19524,0,0,0,0,0,0,0,0,0
19525,0,0,0,0,0,0,0,0,0
19526,0,0,0,0,0,0,0,0,0
19527,0,0,0,0,0,0,0,0,0
19528,0.00010213,6.03468e-09,1.2955e-13,1.62925e-14,1.05239e-15,2.54001e-22,1.22094e-44,8.84618e-79,0.000102136
19529,0,0,0,0,0,0,0,0,0
19530,0,0,0,0,0,0,0,0,0
19531,0,0,0,0,0,0,0,0,0
19532,0,0,0,0,0,0,0,0,0
19533,0,0,0,0,0,0,0,0,0
19534,0,0,0,0,0,0,0,0,0
19535,0,0,0,0,0,0,0,0,0
19536,0,0,0,0,0,0,0,0,0
19537,0,0,0,0,0,0,0,0,0
19538,0,0,0,0,0,0,0,0,0
19539,0,0,0,0,0,0,0,0,0
19540,0,0,0,0,0,0,0,0,0
19541,0,0,0,0,0,0,0,0,0
19542,0,0,0,0,0,0,0,0,0
19543,0,0,0,0,0,0,0,0,0
19544,0,0,0,0,0,0,0,0,0
19545,0,0,0,0,0,0,0,0,0
19546,0,0,0,0,0,0,0,0,0
19547,0,0,0,0,0,0,0,0,0
19548,0,0,0,0,0,0,0,0,0
19549,0,0,0,0,0,0,0,0,0
19550,0,0,0,0,0,0,0,0,0
19551,0,0,0,0,0,0,0,0,0
19552,0,0,0,0,0,0,0,0,0
19553,0,0,0,0,0,0,0,0,0
19554,0,0,0,0,0,0,0,0,0
19555,0,0,0,0,0,0,0,0,0
19556,0,0,0,0,0,0,0,0,0
19557,0,0,0,0,0,0,0,0,0
19558,0,0,0,0,0,0,0,0,0
19559,0,0,0,0,0,0,0,0,0
19560,0,0,0,0,0,0,0,0,0
19561,0,0,0,0,0,0,0,0,0
19562,0,0,0,0,0,0,0,0,0
19563,5.69627e-05,1.88955e-09,2.36727e-14,2.9664e-15,1.90744e-16,2.93947e-23,1.45734e-44,4.37971e-82,5.69646e-05
19564,0,0,0,0,0,0,0,0,0
19565,0,0,0,0,0,0,0,0,0
19566,0,0,0,0,0,0,0,0,0
19567,0,0,0,0,0,0,0,0,0
19568,0,0,0,0,0,0,0,0,0
19569,0,0,0,0,0,0,0,0,0
19570,0,0,0,0,0,0,0,0,0
19571,0,0,0,0,0,0,0,0,0
19572,0,0,0,0,0,0,0,0,0
19573,8.55781e-05,4.31056e-09,8.28107e-14,1.03668e-14,6.65788e-16,1.58675e-22,3.10475e-43,2.4209e-80,8.55824e-05
19574,0.000181495,9.81252e-09,2.04843e-13,2.56395e-14,1.64632e-15,4.31625e-22,1.21428e-42,1.28294e-79,0.000181505
19575,5.70237e-05,1.89307e-09,2.37188e-14,2.96855e-15,1.90589e-16,2.92966e-23,1.43179e-44,4.09376e-82,5.70256e-05
19576,0,0,0,0,0,0,0,0,0
19577,0,0,0,0,0,0,0,0,0
19578,0,0,0,0,0,0,0,0,0
19579,0,0,0,0,0,0,0,0,0
19580,0,0,0,0,0,0,0,0,0
19581,0,0,0,0,0,0,0,0,0
19582,0,0,0,0,0,0,0,0,0
19583,0,0,0,0,0,0,0,0,0
19584,0,0,0,0,0,0,0,0,0
19585,0,0,0,0,0,0,0,0,0
19586,0,0,0,0,0,0,0,0,0
19587,0,0,0,0,0,0,0,0,0
19588,0,0,0,0,0,0,0,0,0
19589,0,0,0,0,0,0,0,0,0
19590,0,0,0,0,0,0,0,0,0
19591,0,0,0,0,0,0,0,0,0
19592,0,0,0,0,0,0,0,0,0
19593,0,0,0,0,0,0,0,0,0
19594,0,0,0,0,0,0,0,0,0
19595,0,0,0,0,0,0,0,0,0
19596,0,0,0,0,0,0,0,0,0
19597,0,0,0,0,0,0,0,0,0
19598,0,0,0,0,0,0,0,0,0
19599,0,0,0,0,0,0,0,0,0
19600,0.000103872,3.15248e-09,3.61413e-14,4.51182e-15,2.88751e-16,4.03543e-23,1.3718e-44,2.40471e-82,0.000103875
19601,0,0,0,0,0,0,0,0,0
19602,7.13227e-05,2.97726e-09,4.70977e-14,5.87825e-15,3.76091e-16,7.2983e-23,7.34792e-44,3.22842e-81,7.13256e-05
19603,0,0,0,0,0,0,0,0,0
19604,0,0,0,0,0,0,0,0,0
19605,0,0,0,0,0,0,0,0,0
19606,0,0,0,0,0,0,0,0,0
19607,0,0,0,0,0,0,0,0,0
19608,0,0,0,0,0,0,0,0,0
19609,0.000108295,6.94311e-09,1.70587e-13,2.12757e-14,1.36001e-15,4.1437e-22,1.75608e-42,2.15747e-79,0.000108302
19610,0,0,0,0,0,0,0,0,0
19611,5.65067e-05,1.859e-09,2.30873e-14,2.87901e-15,1.84e-16,2.79276e-23,1.34639e-44,3.61323e-82,5.65086e-05
19612,9.44895e-05,5.26709e-09,1.12151e-13,1.39831e-14,8.9349e-16,2.35101e-22,6.30781e-43,5.59013e-80,9.44948e-05
19613,0,0,0,0,0,0,0,0,0
19614,0,0,0,0,0,0,0,0,0
19615,0,0,0,0,0,0,0,0,0
19616,0,0,0,0,0,0,0,0,0
19617,0,0,0,0,0,0,0,0,0
19618,0,0,0,0,0,0,0,0,0
19619,0.000116861,8.10158e-09,2.15653e-13,2.68707e-14,1.71561e-15,5.66782e-22,3.11575e-42,4.53021e-79,0.000116869
19620,0,0,0,0,0,0,0,0,0
19621,0,0,0,0,0,0,0,0,0
19622,0,0,0,0,0,0,0,0,0
19623,0,0,0,0,0,0,0,0,0
19624,0,0,0,0,0,0,0,0,0
19625,6.24116e-05,2.26914e-09,3.10801e-14,3.86996e-15,2.46869e-16,4.10504e-23,2.45438e-44,6.64799e-82,6.24139e-05
19626,0,0,0,0,0,0,0,0,0
19627,0,0,0,0,0,0,0,0,0
19628,0,0,0,0,0,0,0,0,0
19629,0,0,0,0,0,0,0,0,0
19630,0,0,0,0,0,0,0,0,0
19631,0,0,0,0,0,0,0,0,0
19632,0,0,0,0,0,0,0,0,0
19633,4.57188e-05,1.2032e-09,1.17376e-14,1.46045e-15,9.30779e-17,1.07651e-23,1.63734e-45,8.0827e-84,4.572e-05
19634,0,0,0,0,0,0,0,0,0
19635,0,0,0,0,0,0,0,0,0
19636,3.731e-05,7.63189e-10,5.11901e-15,6.36718e-16,4.05629e-17,2.36594e-24,2.01441e-45,3.8464e-82,3.73108e-05
19637,0,0,0,0,0,0,0,0,0
19638,0,0,0,0,0,0,0,0,0
19639,0,0,0,0,0,0,0,0,0
19640,0,0,0,0,0,0,0,0,0
19641,0,0,0,0,0,0,0,0,0
19642,0,0,0,0,0,0,0,0,0
19643,0,0,0,0,0,0,0,0,0
19644,0,0,0,0,0,0,0,0,0
19645,0,0,0,0,0,0,0,0,0
19646,0,0,0,0,0,0,0,0,0
19647,0,0,0,0,0,0,0,0,0
19648,0,0,0,0,0,0,0,0,0
19649,0,0,0,0,0,0,0,0,0
19650,0,0,0,0,0,0,0,0,0
19651,0,0,0,0,0,0,0,0,0
19652,9.09994e-05,4.87185e-09,9.91456e-14,1.23112e-14,7.82641e-16,1.94428e-22,4.14881e-43,2.63077e-80,9.10043e-05
19653,0,0,0,0,0,0,0,0,0
19654,0,0,0,0,0,0,0,0,0
19655,0,0,0,0,0,0,0,0,0
19656,0,0,0,0,0,0,0,0,0
19657,0,0,0,0,0,0,0,0,0
19658,0,0,0,0,0,0,0,0,0
19659,0,0,0,0,0,0,0,0,0
19660,0,0,0,0,0,0,0,0,0
19661,0,0,0,0,0,0,0,0,0
19662,0,0,0,0,0,0,0,0,0
19663,0,0,0,0,0,0,0,0,0
19664,0,0,0,0,0,0,0,0,0
19665,0,0,0,0,0,0,0,0,0
19666,0,0,0,0,0,0,0,0,0
19667,0,0,0,0,0,0,0,0,0
19668,0,0,0,0,0,0,0,0,0
19669,0,0,0,0,0,0,0,0,0
19670,0,0,0,0,0,0,0,0,0
19671,0,0,0,0,0,0,0,0,0
19672,3.27718e-05,5.96247e-10,3.7169e-15,4.60624e-16,2.92095e-17,1.81639e-24,1.03011e-46,2.27437e-83,3.27724e-05
19673,0,0,0,0,0,0,0,0,0
19674,0,0,0,0,0,0,0,0,0
19675,0,0,0,0,0,0,0,0,0
19676,0,0,0,0,0,0,0,0,0
19677,0,0,0,0,0,0,0,0,0
19678,0,0,0,0,0,0,0,0,0
19679,0,0,0,0,0,0,0,0,0
19680,0,0,0,0,0,0,0,0,0
19681,0,0,0,0,0,0,0,0,0
19682,0,0,0,0,0,0,0,0,0
19683,0,0,0,0,0,0,0,0,0
19684,0,0,0,0,0,0,0,0,0
19685,0,0,0,0,0,0,0,0,0
19686,0,0,0,0,0,0,0,0,0
19687,0,0,0,0,0,0,0,0,0
19688,2.55113e-05,3.52447e-10,1.57694e-15,1.95112e-16,1.23478e-17,4.77023e-25,5.77475e-47,1.72898e-84,2.55117e-05
19689,0,0,0,0,0,0,0,0,0
19690,0,0,0,0,0,0,0,0,0
19691,0,0,0,0,0,0,0,0,0
19692,0,0,0,0,0,0,0,0,0
19693,0,0,0,0,0,0,0,0,0
19694,0,0,0,0,0,0,0,0,0
19695,0,0,0,0,0,0,0,0,0
19696,0,0,0,0,0,0,0,0,0
19697,0,0,0,0,0,0,0,0,0
19698,0,0,0,0,0,0,0,0,0
19699,0,0,0,0,0,0,0,0,0
19700,0,0,0,0,0,0,0,0,0
19701,0,0,0,0,0,0,0,0,0
19702,0,0,0,0,0,0,0,0,0
19703,0,0,0,0,0,0,0,0,0
19704,6.69134e-05,2.614e-09,3.85496e-14,4.76188e-15,3.00742e-16,5.34566e-23,4.13714e-44,1.18578e-81,6.6916e-05
19705,5.46757e-05,1.73602e-09,2.07051e-14,2.55731e-15,1.61485e-16,2.30959e-23,9.03133e-45,1.59255e-82,5.46774e-05
19706,0,0,0,0,0,0,0,0,0
19707,0,0,0,0,0,0,0,0,0
19708,0,0,0,0,0,0,0,0,0
19709,0,0,0,0,0,0,0,0,0
19710,0,0,0,0,0,0,0,0,0
19711,0,0,0,0,0,0,0,0,0
19712,0,0,0,0,0,0,0,0,0
19713,2.88153e-05,4.68501e-10,2.74162e-15,3.3833e-16,2.13414e-17,1.40385e-24,2.22076e-47,5.55103e-88,2.88157e-05
19714,0,0,0,0,0,0,0,0,0
19715,0,0,0,0,0,0,0,0,0
19716,0,0,0,0,0,0,0,0,0
19717,0,0,0,0,0,0,0,0,0
19718,0,0,0,0,0,0,0,0,0
19719,0,0,0,0,0,0,0,0,0
19720,0,0,0,0,0,0,0,0,0
19721,0,0,0,0,0,0,0,0,0
19722,0,0,0,0,0,0,0,0,0
19723,0,0,0,0,0,0,0,0,0
19724,0,0,0,0,0,0,0,0,0
19725,0,0,0,0,0,0,0,0,0
19726,0,0,0,0,0,0,0,0,0
19727,0,0,0,0,0,0,0,0,0
19728,0,0,0,0,0,0,0,0,0
19729,0,0,0,0,0,0,0,0,0
19730,0,0,0,0,0,0,0,0,0
19731,0,0,0,0,0,0,0,0,0
19732,0,0,0,0,0,0,0,0,0
19733,7.20342e-05,3.03197e-09,4.81427e-14,5.92892e-15,3.73029e-16,7.09711e-23,6.61127e-44,1.9225e-81,7.20372e-05
19734,0,0,0,0,0,0,0,0,0
19735,0,0,0,0,0,0,0,0,0
19736,0,0,0,0,0,0,0,0,0
19737,0,0,0,0,0,0,0,0,0
19738,9.91889e-05,5.80059e-09,1.29124e-13,1.58946e-14,9.99449e-16,2.69025e-22,7.62802e-43,4.98512e-80,9.91947e-05
19739,0,0,0,0,0,0,0,0,0
19740,0,0,0,0,0,0,0,0,0
19741,0,0,0,0,0,0,0,0,0
19742,0,0,0,0,0,0,0,0,0
19743,0,0,0,0,0,0,0,0,0
19744,0,0,0,0,0,0,0,0,0
19745,0,0,0,0,0,0,0,0,0
19746,0,0,0,0,0,0,0,0,0
19747,0,0,0,0,0,0,0,0,0
19748,0,0,0,0,0,0,0,0,0
19749,0,0,0,0,0,0,0,0,0
19750,0,0,0,0,0,0,0,0,0
19751,5.89405e-05,1.49729e-09,1.91117e-14,2.34948e-15,1.47493e-16,2.75938e-23,4.16182e-44,1.81512e-81,5.8942e-05
19752,0,0,0,0,0,0,0,0,0
19753,0,0,0,0,0,0,0,0,0
19754,0,0,0,0,0,0,0,0,0
19755,0,0,0,0,0,0,0,0,0
19756,0,0,0,0,0,0,0,0,0
19757,0,0,0,0,0,0,0,0,0
19758,0,0,0,0,0,0,0,0,0
19759,0,0,0,0,0,0,0,0,0
19760,6.55248e-05,2.4949e-09,3.55098e-14,4.36145e-15,2.73489e-16,4.58565e-23,2.53519e-44,3.75129e-82,6.55273e-05
19761,0,0,0,0,0,0,0,0,0
19762,0,0,0,0,0,0,0,0,0
19763,0,0,0,0,0,0,0,0,0
19764,0,0,0,0,0,0,0,0,0
19765,0,0,0,0,0,0,0,0,0
19766,0,0,0,0,0,0,0,0,0
19767,0,0,0,0,0,0,0,0,0
19768,0,0,0,0,0,0,0,0,0
19769,0,0,0,0,0,0,0,0,0
19770,0,0,0,0,0,0,0,0,0
19771,0,0,0,0,0,0,0,0,0
19772,0,0,0,0,0,0,0,0,0
19773,0,0,0,0,0,0,0,0,0
19774,0,0,0,0,0,0,0,0,0
19775,0,0,0,0,0,0,0,0,0
19776,0,0,0,0,0,0,0,0,0
19777,6.57673e-05,2.52065e-09,3.63343e-14,4.45501e-15,2.7875e-16,4.77234e-23,3.21695e-44,6.73333e-82,6.57698e-05
19778,0,0,0,0,0,0,0,0,0
19779,0,0,0,0,0,0,0,0,0
19780,8.27895e-05,4.02029e-09,7.39063e-14,9.05887e-15,5.66587e-16,1.24539e-22,1.87341e-43,7.04813e-81,8.27935e-05
19781,0,0,0,0,0,0,0,0,0
19782,0,0,0,0,0,0,0,0,0
19783,0,0,0,0,0,0,0,0,0
19784,0,0,0,0,0,0,0,0,0
19785,0,0,0,0,0,0,0,0,0
19786,5.26179e-05,1.59955e-09,1.80756e-14,2.21419e-15,1.38378e-16,1.82571e-23,4.77175e-45,3.82649e-83,5.26195e-05
19787,0,0,0,0,0,0,0,0,0
19788,0,0,0,0,0,0,0,0,0
19789,0,0,0,0,0,0,0,0,0
19790,0,0,0,0,0,0,0,0,0
19791,0,0,0,0,0,0,0,0,0
19792,0,0,0,0,0,0,0,0,0
19793,0,0,0,0,0,0,0,0,0
19794,0,0,0,0,0,0,0,0,0
19795,0,0,0,0,0,0,0,0,0
19796,0,0,0,0,0,0,0,0,0
19797,0,0,0,0,0,0,0,0,0
19798,0,0,0,0,0,0,0,0,0
19799,0,0,0,0,0,0,0,0,0
19800,0,0,0,0,0,0,0,0,0
19801,0,0,0,0,0,0,0,0,0
19802,5.24416e-05,1.58394e-09,1.7658e-14,2.15957e-15,1.34695e-16,1.72725e-23,3.34154e-45,8.18634e-84,5.24432e-05
19803,0,0,0,0,0,0,0,0,0
19804,0,0,0,0,0,0,0,0,0
19805,0,0,0,0,0,0,0,0,0
19806,0,0,0,0,0,0,0,0,0
19807,0,0,0,0,0,0,0,0,0
19808,0,0,0,0,0,0,0,0,0
19809,0,0,0,0,0,0,0,0,0
19810,0,0,0,0,0,0,0,0,0
19811,0,0,0,0,0,0,0,0,0
19812,0,0,0,0,0,0,0,0,0
19813,0,0,0,0,0,0,0,0,0
19814,7.1196e-05,2.95438e-09,4.59952e-14,5.61784e-15,3.49813e-16,6.40484e-23,5.02633e-44,9.72388e-82,7.11989e-05
19815,0,0,0,0,0,0,0,0,0
19816,0,0,0,0,0,0,0,0,0
19817,0,0,0,0,0,0,0,0,0
19818,0.000113735,7.63796e-09,1.94929e-13,2.37995e-14,1.48124e-15,4.50514e-22,1.794e-42,1.14213e-79,0.000113743
19819,0,0,0,0,0,0,0,0,0
19820,0,0,0,0,0,0,0,0,0
19821,0,0,0,0,0,0,0,0,0
19822,0,0,0,0,0,0,0,0,0
19823,0,0,0,0,0,0,0,0,0
19824,0,0,0,0,0,0,0,0,0
19825,0,0,0,0,0,0,0,0,0
19826,0,0,0,0,0,0,0,0,0
19827,4.42488e-05,1.12544e-09,1.05822e-14,1.29086e-15,8.02515e-17,8.71326e-24,1.25099e-45,6.33799e-84,4.42499e-05
19828,0,0,0,0,0,0,0,0,0
19829,0,0,0,0,0,0,0,0,0
19830,5.75968e-05,1.92268e-09,2.39501e-14,2.92067e-15,1.81507e-16,2.63938e-23,1.00652e-44,1.12107e-82,5.75988e-05
19831,0,0,0,0,0,0,0,0,0
19832,7.11293e-05,2.9541e-09,4.62044e-14,5.63356e-15,3.50025e-16,6.46508e-23,5.63237e-44,1.2605e-81,7.11322e-05
19833,0,0,0,0,0,0,0,0,0
19834,0,0,0,0,0,0,0,0,0
19835,0,0,0,0,0,0,0,0,0
19836,0,0,0,0,0,0,0,0,0
19837,5.36888e-05,1.67051e-09,1.94369e-14,2.36845e-15,1.47046e-16,2.00465e-23,6.72621e-45,7.54678e-83,5.36904e-05
19838,0,0,0,0,0,0,0,0,0
19839,0,0,0,0,0,0,0,0,0
19840,0,0,0,0,0,0,0,0,0
19841,0,0,0,0,0,0,0,0,0
19842,0,0,0,0,0,0,0,0,0
19843,0,0,0,0,0,0,0,0,0
19844,0,0,0,0,0,0,0,0,0
19845,0,0,0,0,0,0,0,0,0
19846,0,0,0,0,0,0,0,0,0
19847,0,0,0,0,0,0,0,0,0
19848,0,0,0,0,0,0,0,0,0
19849,0,0,0,0,0,0,0,0,0
19850,0,0,0,0,0,0,0,0,0
19851,0,0,0,0,0,0,0,0,0
19852,0,0,0,0,0,0,0,0,0
19853,0,0,0,0,0,0,0,0,0
19854,4.24355e-05,1.03159e-09,9.21132e-15,1.12048e-15,6.94136e-17,7.05613e-24,7.14159e-46,1.59872e-84,4.24366e-05
19855,0,0,0,0,0,0,0,0,0
19856,0,0,0,0,0,0,0,0,0
19857,0,0,0,0,0,0,0,0,0
19858,0,0,0,0,0,0,0,0,0
19859,0,0,0,0,0,0,0,0,0
19860,0,0,0,0,0,0,0,0,0
19861,0,0,0,0,0,0,0,0,0
19862,0,0,0,0,0,0,0,0,0
19863,0,0,0,0,0,0,0,0,0
19864,0,0,0,0,0,0,0,0,0
19865,9.3404e-05,5.1229e-09,1.06159e-13,1.28995e-14,7.98054e-16,1.94709e-22,3.9035e-43,1.36664e-80,9.34091e-05
19866,4.94975e-06,8.14715e-10,1.79208e-14,2.17744e-15,1.347e-16,2.81262e-23,2.47594e-44,4.58871e-82,4.95057e-06
19867,0,0,0,0,0,0,0,0,0
19868,0,0,0,0,0,0,0,0,0
19869,0,0,0,0,0,0,0,0,0
19870,5.04303e-05,1.46992e-09,1.59583e-14,1.93811e-15,1.19826e-16,1.50992e-23,3.86196e-45,3.18249e-83,5.04318e-05
19871,0,0,0,0,0,0,0,0,0
19872,0,0,0,0,0,0,0,0,0
19873,0,0,0,0,0,0,0,0,0
19874,0,0,0,0,0,0,0,0,0
19875,0,0,0,0,0,0,0,0,0
19876,0,0,0,0,0,0,0,0,0
19877,0,0,0,0,0,0,0,0,0
19878,0,0,0,0,0,0,0,0,0
19879,0,0,0,0,0,0,0,0,0
19880,0,0,0,0,0,0,0,0,0
19881,0,0,0,0,0,0,0,0,0
19882,6.815e-05,2.70456e-09,4.02339e-14,4.8803e-15,3.01264e-16,5.22384e-23,3.60193e-44,5.71081e-82,6.81527e-05
19883,0,0,0,0,0,0,0,0,0
19884,0,0,0,0,0,0,0,0,0
19885,0,0,0,0,0,0,0,0,0
19886,0,0,0,0,0,0,0,0,0
19887,0,0,0,0,0,0,0,0,0
19888,0,0,0,0,0,0,0,0,0
19889,0,0,0,0,0,0,0,0,0
19890,0,0,0,0,0,0,0,0,0
19891,0,0,0,0,0,0,0,0,0
19892,0,0,0,0,0,0,0,0,0
19893,0,0,0,0,0,0,0,0,0
19894,0,0,0,0,0,0,0,0,0
19895,0,0,0,0,0,0,0,0,0
19896,0,0,0,0,0,0,0,0,0
19897,0,0,0,0,0,0,0,0,0
19898,0,0,0,0,0,0,0,0,0
19899,0,0,0,0,0,0,0,0,0
19900,0,0,0,0,0,0,0,0,0
19901,0,0,0,0,0,0,0,0,0
19902,0,0,0,0,0,0,0,0,0
19903,0,0,0,0,0,0,0,0,0
19904,0,0,0,0,0,0,0,0,0
19905,4.42829e-05,1.12338e-09,1.04526e-14,1.26491e-15,7.78546e-17,8.17464e-24,9.27257e-46,2.40595e-84,4.4284e-05
19906,0,0,0,0,0,0,0,0,0
19907,0,0,0,0,0,0,0,0,0
19908,0,0,0,0,0,0,0,0,0
19909,4.91126e-05,1.37281e-09,1.3803e-14,1.66969e-15,1.02716e-16,1.119e-23,4.88263e-46,6.73358e-84,4.9114e-05
19910,0,0,0,0,0,0,0,0,0
19911,0,0,0,0,0,0,0,0,0
19912,0,0,0,0,0,0,0,0,0
19913,0,0,0,0,0,0,0,0,0
19914,6.60906e-05,2.5427e-09,3.66733e-14,4.43424e-15,2.72635e-16,4.56854e-23,2.91471e-44,4.20785e-82,6.60931e-05
19915,0,0,0,0,0,0,0,0,0
19916,0,0,0,0,0,0,0,0,0
19917,5.79918e-05,1.92737e-09,2.32749e-14,2.81311e-15,1.72876e-16,2.29563e-23,2.68402e-45,1.0954e-83,5.79937e-05
19918,0,0,0,0,0,0,0,0,0
19919,0,0,0,0,0,0,0,0,0
19920,0,0,0,0,0,0,0,0,0
19921,0,0,0,0,0,0,0,0,0
19922,0,0,0,0,0,0,0,0,0
19923,0,0,0,0,0,0,0,0,0
19924,0,0,0,0,0,0,0,0,0
19925,0,0,0,0,0,0,0,0,0
19926,0,0,0,0,0,0,0,0,0
19927,0,0,0,0,0,0,0,0,0
19928,0,0,0,0,0,0,0,0,0
19929,0,0,0,0,0,0,0,0,0
19930,0,0,0,0,0,0,0,0,0
19931,0,0,0,0,0,0,0,0,0
19932,0,0,0,0,0,0,0,0,0
19933,2.53736e-05,3.34561e-10,1.24622e-15,1.50379e-16,9.22262e-18,1.59024e-25,4.05749e-46,6.64291e-84,2.53739e-05
19934,0,0,0,0,0,0,0,0,0
19935,0,0,0,0,0,0,0,0,0
19936,6.6466e-05,2.57107e-09,3.72545e-14,4.49432e-15,2.75547e-16,4.61977e-23,2.93824e-44,3.97253e-82,6.64686e-05
19937,0,0,0,0,0,0,0,0,0
19938,0,0,0,0,0,0,0,0,0
19939,0,0,0,0,0,0,0,0,0
19940,0,0,0,0,0,0,0,0,0
19941,0,0,0,0,0,0,0,0,0
19942,0,0,0,0,0,0,0,0,0
19943,0,0,0,0,0,0,0,0,0
19944,0,0,0,0,0,0,0,0,0
19945,0,0,0,0,0,0,0,0,0
19946,0,0,0,0,0,0,0,0,0
19947,4.18024e-05,9.92729e-10,8.49708e-15,1.02387e-15,6.26803e-17,5.83848e-24,2.62385e-46,3.99143e-86,4.18034e-05
19948,4.365e-05,1.09678e-09,1.02186e-14,1.23121e-15,7.53667e-17,8.0318e-24,1.24027e-45,6.02639e-84,4.36511e-05
19949,0,0,0,0,0,0,0,0,0
19950,6.86751e-05,2.74695e-09,4.11802e-14,4.96073e-15,3.03591e-16,5.2589e-23,3.71541e-44,5.23367e-82,6.86778e-05
19951,0,0,0,0,0,0,0,0,0
19952,0,0,0,0,0,0,0,0,0
19953,0,0,0,0,0,0,0,0,0
19954,0,0,0,0,0,0,0,0,0
19955,0,0,0,0,0,0,0,0,0
19956,0,0,0,0,0,0,0,0,0
19957,0,0,0,0,0,0,0,0,0
19958,0,0,0,0,0,0,0,0,0
19959,0,0,0,0,0,0,0,0,0
19960,0,0,0,0,0,0,0,0,0
19961,0,0,0,0,0,0,0,0,0
19962,0,0,0,0,0,0,0,0,0
19963,0,0,0,0,0,0,0,0,0
19964,0,0,0,0,0,0,0,0,0
19965,0,0,0,0,0,0,0,0,0
19966,0,0,0,0,0,0,0,0,0
19967,8.08838e-05,3.81277e-09,6.7081e-14,8.06651e-15,4.92562e-16,9.89707e-23,9.61206e-44,1.25948e-81,8.08876e-05
19968,0,0,0,0,0,0,0,0,0
19969,0,0,0,0,0,0,0,0,0
19970,0,0,0,0,0,0,0,0,0
19971,0,0,0,0,0,0,0,0,0
19972,0,0,0,0,0,0,0,0,0
19973,0,0,0,0,0,0,0,0,0
19974,0,0,0,0,0,0,0,0,0
19975,0,0,0,0,0,0,0,0,0
19976,0,0,0,0,0,0,0,0,0
19977,0,0,0,0,0,0,0,0,0
19978,0,0,0,0,0,0,0,0,0
19979,0,0,0,0,0,0,0,0,0
19980,0,0,0,0,0,0,0,0,0
19981,0,0,0,0,0,0,0,0,0
19982,0,0,0,0,0,0,0,0,0
19983,0,0,0,0,0,0,0,0,0
19984,0,0,0,0,0,0,0,0,0
19985,0,0,0,0,0,0,0,0,0
19986,8.06975e-05,3.80619e-09,6.7428e-14,8.09291e-15,4.93003e-16,1.00576e-22,1.17319e-43,2.11227e-81,8.07013e-05
19987,0,0,0,0,0,0,0,0,0
19988,0,0,0,0,0,0,0,0,0
19989,0,0,0,0,0,0,0,0,0
19990,0,0,0,0,0,0,0,0,0
19991,0,0,0,0,0,0,0,0,0
19992,0,0,0,0,0,0,0,0,0
19993,0,0,0,0,0,0,0,0,0
19994,0,0,0,0,0,0,0,0,0
19995,0,0,0,0,0,0,0,0,0
19996,0,0,0,0,0,0,0,0,0
19997,0,0,0,0,0,0,0,0,0
19998,0,0,0,0,0,0,0,0,0
19999,5.33532e-05,1.64423e-09,1.88017e-14,2.25356e-15,1.37048e-16,1.77777e-23,4.85624e-45,2.89607e-83,5.33548e-05
20000,0,0,0,0,0,0,0,0,0
20001,0,0,0,0,0,0,0,0,0
20002,0,0,0,0,0,0,0,0,0
20003,5.10555e-05,1.47753e-09,1.51885e-14,1.81988e-15,1.10628e-16,1.18374e-23,5.30888e-47,5.29513e-83,5.10569e-05
20004,0,0,0,0,0,0,0,0,0
20005,0,0,0,0,0,0,0,0,0
20006,0,0,0,0,0,0,0,0,0
20007,3.67407e-05,7.43691e-10,5.04267e-15,6.03944e-16,3.66925e-17,2.28674e-24,1.13775e-46,5.10622e-84,3.67414e-05
20008,0,0,0,0,0,0,0,0,0
20009,0,0,0,0,0,0,0,0,0
20010,0,0,0,0,0,0,0,0,0
20011,0,0,0,0,0,0,0,0,0
20012,0,0,0,0,0,0,0,0,0
20013,0,0,0,0,0,0,0,0,0
20014,0,0,0,0,0,0,0,0,0
20015,0,0,0,0,0,0,0,0,0
20016,0,0,0,0,0,0,0,0,0
20017,0,0,0,0,0,0,0,0,0
20018,0,0,0,0,0,0,0,0,0
20019,0,0,0,0,0,0,0,0,0
20020,0,0,0,0,0,0,0,0,0
20021,0,0,0,0,0,0,0,0,0
20022,0,0,0,0,0,0,0,0,0
20023,3.97719e-05,9.03084e-10,7.48773e-15,8.95342e-16,5.4287e-17,4.97989e-24,3.83155e-46,6.00881e-85,3.97729e-05
20024,0,0,0,0,0,0,0,0,0
20025,0,0,0,0,0,0,0,0,0
20026,0,0,0,0,0,0,0,0,0
20027,0,0,0,0,0,0,0,0,0
20028,0,0,0,0,0,0,0,0,0
20029,0,0,0,0,0,0,0,0,0
20030,0,0,0,0,0,0,0,0,0
20031,0,0,0,0,0,0,0,0,0
20032,0,0,0,0,0,0,0,0,0
20033,7.84888e-05,3.59504e-09,6.16783e-14,7.36743e-15,4.4612e-16,8.72846e-23,8.82522e-44,1.25179e-81,7.84924e-05
20034,0,0,0,0,0,0,0,0,0
20035,0,0,0,0,0,0,0,0,0
20036,0,0,0,0,0,0,0,0,0
20037,9.70549e-05,5.53053e-09,1.18785e-13,1.41832e-14,8.5842e-16,2.11606e-22,4.51044e-43,1.10504e-80,9.70604e-05
20038,0,0,0,0,0,0,0,0,0
20039,8.13934e-05,3.86951e-09,6.89555e-14,8.2313e-15,4.98021e-16,1.01193e-22,1.15335e-43,1.7562e-81,8.13973e-05
20040,0,0,0,0,0,0,0,0,0
20041,6.45921e-05,2.42215e-09,3.38552e-14,4.04089e-15,2.44454e-16,3.87363e-23,2.02064e-44,1.75828e-82,6.45945e-05
20042,0,0,0,0,0,0,0,0,0
20043,0,0,0,0,0,0,0,0,0
20044,0,0,0,0,0,0,0,0,0
20045,5.83174e-05,1.96904e-09,2.47165e-14,2.94869e-15,1.78273e-16,2.52885e-23,9.32762e-45,6.29209e-83,5.83193e-05
20046,0,0,0,0,0,0,0,0,0
20047,0,0,0,0,0,0,0,0,0
20048,0,0,0,0,0,0,0,0,0
20049,0,0,0,0,0,0,0,0,0
20050,0,0,0,0,0,0,0,0,0
20051,0,0,0,0,0,0,0,0,0
20052,0,0,0,0,0,0,0,0,0
20053,0,0,0,0,0,0,0,0,0
20054,0,0,0,0,0,0,0,0,0
20055,0,0,0,0,0,0,0,0,0
20056,0,0,0,0,0,0,0,0,0
20057,0,0,0,0,0,0,0,0,0
20058,0,0,0,0,0,0,0,0,0
20059,0,0,0,0,0,0,0,0,0
20060,0,0,0,0,0,0,0,0,0
20061,0,0,0,0,0,0,0,0,0
20062,0,0,0,0,0,0,0,0,0
20063,0,0,0,0,0,0,0,0,0
20064,4.39722e-05,1.10727e-09,1.02131e-14,1.21613e-15,7.33518e-17,7.47507e-24,8.30652e-46,1.62672e-84,4.39733e-05
20065,0,0,0,0,0,0,0,0,0
20066,5.99379e-05,2.07851e-09,2.67287e-14,3.18207e-15,1.91878e-16,2.76873e-23,1.02883e-44,6.17451e-83,5.99399e-05
20067,0,0,0,0,0,0,0,0,0
20068,0,0,0,0,0,0,0,0,0
20069,0,0,0,0,0,0,0,0,0
20070,0,0,0,0,0,0,0,0,0
20071,0,0,0,0,0,0,0,0,0
20072,0,0,0,0,0,0,0,0,0
20073,5.66524e-05,1.85373e-09,2.24499e-14,2.67086e-15,1.60915e-16,2.17979e-23,6.56514e-45,3.23602e-83,5.66542e-05
20074,0,0,0,0,0,0,0,0,0
20075,0,0,0,0,0,0,0,0,0
20076,0,0,0,0,0,0,0,0,0
20077,0,0,0,0,0,0,0,0,0
20078,0,0,0,0,0,0,0,0,0
20079,2.12289e-05,2.4745e-10,9.84145e-16,1.1701e-16,7.04409e-18,2.74968e-25,1.41225e-49,2.45623e-88,2.12292e-05
20080,0,0,0,0,0,0,0,0,0
20081,0,0,0,0,0,0,0,0,0
20082,0,0,0,0,0,0,0,0,0
20083,0,0,0,0,0,0,0,0,0
20084,0,0,0,0,0,0,0,0,0
20085,0,0,0,0,0,0,0,0,0
20086,0,0,0,0,0,0,0,0,0
20087,0,0,0,0,0,0,0,0,0
20088,0,0,0,0,0,0,0,0,0
20089,0,0,0,0,0,0,0,0,0
20090,0,0,0,0,0,0,0,0,0
20091,0,0,0,0,0,0,0,0,0
20092,0,0,0,0,0,0,0,0,0
20093,0,0,0,0,0,0,0,0,0
20094,4.73151e-05,1.279e-09,1.25651e-14,1.4916e-15,8.96201e-17,9.5512e-24,1.00474e-45,1.07393e-84,4.73164e-05
20095,0,0,0,0,0,0,0,0,0
20096,6.65725e-05,2.57345e-09,3.70491e-14,4.39738e-15,2.64156e-16,4.27483e-23,2.38725e-44,1.90341e-82,6.6575e-05
20097,0,0,0,0,0,0,0,0,0
20098,0,0,0,0,0,0,0,0,0
20099,0,0,0,0,0,0,0,0,0
20100,0,0,0,0,0,0,0,0,0
20101,0,0,0,0,0,0,0,0,0
20102,0,0,0,0,0,0,0,0,0
20103,0,0,0,0,0,0,0,0,0
20104,5.75401e-05,1.91298e-09,2.35423e-14,2.79173e-15,1.67513e-16,2.29702e-23,7.29972e-45,3.55124e-83,5.7542e-05
20105,0,0,0,0,0,0,0,0,0
20106,0,0,0,0,0,0,0,0,0
20107,0,0,0,0,0,0,0,0,0
20108,0,0,0,0,0,0,0,0,0
20109,0,0,0,0,0,0,0,0,0
20110,0,0,0,0,0,0,0,0,0
20111,0,0,0,0,0,0,0,0,0
20112,0,0,0,0,0,0,0,0,0
20113,0,0,0,0,0,0,0,0,0
20114,0,0,0,0,0,0,0,0,0
20115,0,0,0,0,0,0,0,0,0
20116,0,0,0,0,0,0,0,0,0
20117,5.66411e-05,1.85255e-09,2.24102e-14,2.65403e-15,1.5899e-16,2.1375e-23,6.40608e-45,2.93833e-83,5.66429e-05
20118,0,0,0,0,0,0,0,0,0
20119,0,0,0,0,0,0,0,0,0
20120,0,0,0,0,0,0,0,0,0
20121,0,0,0,0,0,0,0,0,0
20122,0,0,0,0,0,0,0,0,0
20123,0,0,0,0,0,0,0,0,0
20124,0,0,0,0,0,0,0,0,0
20125,6.26412e-05,2.27269e-09,3.05949e-14,3.6206e-15,2.16689e-16,3.25067e-23,1.39387e-44,8.19947e-83,6.26435e-05
20126,0,0,0,0,0,0,0,0,0
20127,0,0,0,0,0,0,0,0,0
20128,4.70162e-05,1.27172e-09,1.26964e-14,1.50201e-15,8.98562e-17,9.95254e-24,1.70309e-45,5.47503e-84,4.70174e-05
20129,0,0,0,0,0,0,0,0,0
20130,0,0,0,0,0,0,0,0,0
20131,0,0,0,0,0,0,0,0,0
20132,0,0,0,0,0,0,0,0,0
20133,0,0,0,0,0,0,0,0,0
20134,0,0,0,0,0,0,0,0,0
20135,0,0,0,0,0,0,0,0,0
20136,5.89347e-05,2.00946e-09,2.54106e-14,3.00353e-15,1.79491e-16,2.52636e-23,9.10553e-45,4.80548e-83,5.89367e-05
20137,0,0,0,0,0,0,0,0,0
20138,0,0,0,0,0,0,0,0,0
20139,0,0,0,0,0,0,0,0,0
20140,0,0,0,0,0,0,0,0,0
20141,0,0,0,0,0,0,0,0,0
20142,0,0,0,0,0,0,0,0,0
20143,0,0,0,0,0,0,0,0,0
20144,0,0,0,0,0,0,0,0,0
20145,0,0,0,0,0,0,0,0,0
20146,0,0,0,0,0,0,0,0,0
20147,0,0,0,0,0,0,0,0,0
20148,0,0,0,0,0,0,0,0,0
20149,0,0,0,0,0,0,0,0,0
20150,0,0,0,0,0,0,0,0,0
20151,0,0,0,0,0,0,0,0,0
20152,0,0,0,0,0,0,0,0,0
20153,0,0,0,0,0,0,0,0,0
20154,0,0,0,0,0,0,0,0,0
20155,0,0,0,0,0,0,0,0,0
20156,0,0,0,0,0,0,0,0,0
20157,0,0,0,0,0,0,0,0,0
20158,0,0,0,0,0,0,0,0,0
20159,0,0,0,0,0,0,0,0,0
20160,0,0,0,0,0,0,0,0,0
20161,0,0,0,0,0,0,0,0,0
20162,5.24201e-05,1.58494e-09,1.7721e-14,2.08904e-15,1.24425e-16,1.53896e-23,3.73879e-45,1.41682e-83,5.24217e-05
20163,0,0,0,0,0,0,0,0,0
20164,0,0,0,0,0,0,0,0,0
20165,0,0,0,0,0,0,0,0,0
20166,0,0,0,0,0,0,0,0,0
20167,0,0,0,0,0,0,0,0,0
20168,0,0,0,0,0,0,0,0,0
20169,0,0,0,0,0,0,0,0,0
20170,0,0,0,0,0,0,0,0,0
20171,2.9812e-05,4.98879e-10,2.96049e-15,3.4871e-16,2.07479e-17,1.27627e-24,1.49024e-47,7.05657e-88,2.98125e-05
20172,0,0,0,0,0,0,0,0,0
20173,0,0,0,0,0,0,0,0,0
20174,0,0,0,0,0,0,0,0,0
20175,0,0,0,0,0,0,0,0,0
20176,0,0,0,0,0,0,0,0,0
20177,0,0,0,0,0,0,0,0,0
20178,0,0,0,0,0,0,0,0,0
20179,0,0,0,0,0,0,0,0,0
20180,0,0,0,0,0,0,0,0,0
20181,0,0,0,0,0,0,0,0,0
20182,0,0,0,0,0,0,0,0,0
20183,0,0,0,0,0,0,0,0,0
20184,0,0,0,0,0,0,0,0,0
20185,0,0,0,0,0,0,0,0,0
20186,0,0,0,0,0,0,0,0,0
20187,0,0,0,0,0,0,0,0,0
20188,0,0,0,0,0,0,0,0,0
20189,0,0,0,0,0,0,0,0,0
20190,0,0,0,0,0,0,0,0,0
20191,0,0,0,0,0,0,0,0,0
20192,0,0,0,0,0,0,0,0,0
20193,0,0,0,0,0,0,0,0,0
20194,0,0,0,0,0,0,0,0,0
20195,0,0,0,0,0,0,0,0,0
20196,0,0,0,0,0,0,0,0,0
20197,0,0,0,0,0,0,0,0,0
20198,0,0,0,0,0,0,0,0,0
20199,3.96091e-05,8.89335e-10,7.17042e-15,8.42165e-16,4.99276e-17,4.23515e-24,1.87451e-46,4.33756e-86,3.961e-05
20200,0,0,0,0,0,0,0,0,0
20201,0,0,0,0,0,0,0,0,0
20202,8.19974e-05,1.91964e-09,1.63715e-14,1.92222e-15,1.13914e-16,1.04723e-23,8.67571e-46,1.17093e-84,8.19993e-05
20203,0,0,0,0,0,0,0,0,0
20204,0,0,0,0,0,0,0,0,0
20205,0,0,0,0,0,0,0,0,0
20206,0,0,0,0,0,0,0,0,0
20207,0,0,0,0,0,0,0,0,0
20208,0,0,0,0,0,0,0,0,0
20209,0,0,0,0,0,0,0,0,0
20210,3.56045e-05,7.21606e-10,5.32143e-15,6.24304e-16,3.69599e-17,2.93744e-24,1.62101e-46,1.66665e-85,3.56052e-05
20211,0,0,0,0,0,0,0,0,0
20212,0,0,0,0,0,0,0,0,0
20213,0,0,0,0,0,0,0,0,0
20214,0,0,0,0,0,0,0,0,0
20215,0,0,0,0,0,0,0,0,0
20216,4.92594e-05,1.39551e-09,1.45536e-14,1.70633e-15,1.00938e-16,1.14953e-23,2.10343e-45,5.50077e-84,4.92608e-05
20217,0,0,0,0,0,0,0,0,0
20218,0,0,0,0,0,0,0,0,0
20219,0,0,0,0,0,0,0,0,0
20220,0,0,0,0,0,0,0,0,0
20221,0,0,0,0,0,0,0,0,0
20222,0,0,0,0,0,0,0,0,0
20223,0,0,0,0,0,0,0,0,0
20224,0,0,0,0,0,0,0,0,0
20225,0,0,0,0,0,0,0,0,0
20226,0,0,0,0,0,0,0,0,0
20227,0,0,0,0,0,0,0,0,0
20228,0,0,0,0,0,0,0,0,0
20229,0,0,0,0,0,0,0,0,0
20230,0,0,0,0,0,0,0,0,0
20231,0,0,0,0,0,0,0,0,0
20232,0,0,0,0,0,0,0,0,0
20233,0,0,0,0,0,0,0,0,0
20234,0,0,0,0,0,0,0,0,0
20235,0,0,0,0,0,0,0,0,0
20236,0,0,0,0,0,0,0,0,0
20237,0,0,0,0,0,0,0,0,0
20238,0,0,0,0,0,0,0,0,0
20239,0,0,0,0,0,0,0,0,0
20240,0,0,0,0,0,0,0,0,0
20241,0,0,0,0,0,0,0,0,0
20242,0,0,0,0,0,0,0,0,0
20243,0,0,0,0,0,0,0,0,0
20244,0,0,0,0,0,0,0,0,0
20245,0,0,0,0,0,0,0,0,0
20246,0,0,0,0,0,0,0,0,0
20247,0,0,0,0,0,0,0,0,0
20248,0,0,0,0,0,0,0,0,0
20249,0,0,0,0,0,0,0,0,0
20250,0,0,0,0,0,0,0,0,0
20251,0,0,0,0,0,0,0,0,0
20252,0,0,0,0,0,0,0,0,0
20253,0,0,0,0,0,0,0,0,0
20254,0,0,0,0,0,0,0,0,0
20255,0,0,0,0,0,0,0,0,0
20256,0,0,0,0,0,0,0,0,0
20257,0,0,0,0,0,0,0,0,0
20258,0,0,0,0,0,0,0,0,0
20259,0,0,0,0,0,0,0,0,0
20260,0,0,0,0,0,0,0,0,0
20261,0,0,0,0,0,0,0,0,0
20262,0,0,0,0,0,0,0,0,0
20263,0,0,0,0,0,0,0,0,0
20264,0,0,0,0,0,0,0,0,0
20265,0,0,0,0,0,0,0,0,0
20266,0,0,0,0,0,0,0,0,0
20267,0,0,0,0,0,0,0,0,0
20268,0,0,0,0,0,0,0,0,0
20269,0,0,0,0,0,0,0,0,0
20270,0,0,0,0,0,0,0,0,0
20271,0,0,0,0,0,0,0,0,0
20272,4.54313e-05,1.17739e-09,1.10586e-14,1.28916e-15,7.57141e-17,7.52159e-24,6.87899e-46,5.25443e-85,4.54324e-05
20273,0,0,0,0,0,0,0,0,0
20274,0,0,0,0,0,0,0,0,0
20275,0,0,0,0,0,0,0,0,0
20276,0,0,0,0,0,0,0,0,0
20277,0,0,0,0,0,0,0,0,0
20278,0,0,0,0,0,0,0,0,0
20279,0,0,0,0,0,0,0,0,0
20280,0,0,0,0,0,0,0,0,0
20281,0,0,0,0,0,0,0,0,0
20282,0,0,0,0,0,0,0,0,0
20283,0.000111428,3.90235e-09,5.41725e-14,6.30854e-15,3.70025e-16,5.87802e-23,3.58716e-44,1.9548e-82,0.000111432
20284,0,0,0,0,0,0,0,0,0
20285,0,0,0,0,0,0,0,0,0
20286,0,0,0,0,0,0,0,0,0
20287,0,0,0,0,0,0,0,0,0
20288,0,0,0,0,0,0,0,0,0
20289,0,0,0,0,0,0,0,0,0
20290,5.22663e-05,1.57226e-09,1.73989e-14,2.02472e-15,1.18654e-16,1.41815e-23,3.01944e-45,7.27107e-84,5.22679e-05
20291,0,0,0,0,0,0,0,0,0
20292,0,0,0,0,0,0,0,0,0
20293,0,0,0,0,0,0,0,0,0
20294,0,0,0,0,0,0,0,0,0
20295,0,0,0,0,0,0,0,0,0
20296,0,0,0,0,0,0,0,0,0
20297,0,0,0,0,0,0,0,0,0
20298,0,0,0,0,0,0,0,0,0
20299,0,0,0,0,0,0,0,0,0
20300,0,0,0,0,0,0,0,0,0
20301,0,0,0,0,0,0,0,0,0
20302,0,0,0,0,0,0,0,0,0
20303,0,0,0,0,0,0,0,0,0
20304,9.75303e-05,5.56304e-09,1.18413e-13,1.37591e-14,8.04807e-16,1.87223e-22,3.2035e-43,3.21331e-81,9.75359e-05
20305,0,0,0,0,0,0,0,0,0
20306,0,0,0,0,0,0,0,0,0
20307,0,0,0,0,0,0,0,0,0
20308,0,0,0,0,0,0,0,0,0
20309,4.49134e-05,1.14859e-09,1.06036e-14,1.2315e-15,7.19903e-17,6.95036e-24,5.35143e-46,2.30916e-85,4.49146e-05
20310,0,0,0,0,0,0,0,0,0
20311,0,0,0,0,0,0,0,0,0
20312,0,0,0,0,0,0,0,0,0
20313,0,0,0,0,0,0,0,0,0
20314,0,0,0,0,0,0,0,0,0
20315,0,0,0,0,0,0,0,0,0
20316,7.35292e-05,3.13514e-09,4.94234e-14,5.73621e-15,3.35043e-16,5.70278e-23,3.52599e-44,1.58324e-82,7.35324e-05
20317,0,0,0,0,0,0,0,0,0
20318,0,0,0,0,0,0,0,0,0
20319,0,0,0,0,0,0,0,0,0
20320,0,0,0,0,0,0,0,0,0
20321,0,0,0,0,0,0,0,0,0
20322,0,0,0,0,0,0,0,0,0
20323,0,0,0,0,0,0,0,0,0
20324,2.41904e-05,3.16482e-10,1.34092e-15,1.5549e-16,9.07168e-18,3.14438e-25,1.48386e-47,1.20163e-85,2.41907e-05
20325,5.0253e-05,1.4521e-09,1.54213e-14,1.78805e-15,1.04307e-16,1.19008e-23,2.23044e-45,4.59524e-84,5.02544e-05
20326,0,0,0,0,0,0,0,0,0
20327,0,0,0,0,0,0,0,0,0
20328,0,0,0,0,0,0,0,0,0
20329,0,0,0,0,0,0,0,0,0
20330,0,0,0,0,0,0,0,0,0
20331,0,0,0,0,0,0,0,0,0
20332,0,0,0,0,0,0,0,0,0
20333,0,0,0,0,0,0,0,0,0
20334,0,0,0,0,0,0,0,0,0
20335,0,0,0,0,0,0,0,0,0
20336,0,0,0,0,0,0,0,0,0
20337,0,0,0,0,0,0,0,0,0
20338,0,0,0,0,0,0,0,0,0
20339,0,0,0,0,0,0,0,0,0
20340,0,0,0,0,0,0,0,0,0
20341,0,0,0,0,0,0,0,0,0
20342,0,0,0,0,0,0,0,0,0
20343,0,0,0,0,0,0,0,0,0
20344,0,0,0,0,0,0,0,0,0
20345,0,0,0,0,0,0,0,0,0
20346,5.99744e-05,2.07169e-09,2.62409e-14,3.03615e-15,1.76648e-16,2.38206e-23,6.76139e-45,1.49001e-83,5.99765e-05
20347,0,0,0,0,0,0,0,0,0
20348,0,0,0,0,0,0,0,0,0
20349,0,0,0,0,0,0,0,0,0
20350,0,0,0,0,0,0,0,0,0
20351,0,0,0,0,0,0,0,0,0
20352,5.49123e-05,1.73691e-09,2.02078e-14,2.33667e-15,1.35847e-16,1.69231e-23,4.13996e-45,9.49214e-84,5.4914e-05
20353,0,0,0,0,0,0,0,0,0
20354,4.55893e-05,1.18528e-09,1.11563e-14,1.28981e-15,7.49697e-17,7.37568e-24,6.67421e-46,4.19534e-85,4.55905e-05
20355,0,0,0,0,0,0,0,0,0
20356,0,0,0,0,0,0,0,0,0
20357,0,0,0,0,0,0,0,0,0
20358,0,0,0,0,0,0,0,0,0
20359,0,0,0,0,0,0,0,0,0
20360,0,0,0,0,0,0,0,0,0
20361,0,0,0,0,0,0,0,0,0
20362,0,0,0,0,0,0,0,0,0
20363,0,0,0,0,0,0,0,0,0
20364,0,0,0,0,0,0,0,0,0
20365,0,0,0,0,0,0,0,0,0
20366,0,0,0,0,0,0,0,0,0
20367,0,0,0,0,0,0,0,0,0
20368,3.67149e-05,7.64353e-10,5.72938e-15,6.61402e-16,3.83719e-17,2.98414e-24,1.28834e-46,4.46382e-86,3.67157e-05
20369,0,0,0,0,0,0,0,0,0
20370,0,0,0,0,0,0,0,0,0
20371,0,0,0,0,0,0,0,0,0
20372,0,0,0,0,0,0,0,0,0
20373,0,0,0,0,0,0,0,0,0
20374,0,0,0,0,0,0,0,0,0
20375,0,0,0,0,0,0,0,0,0
20376,0,0,0,0,0,0,0,0,0
20377,0,0,0,0,0,0,0,0,0
20378,0,0,0,0,0,0,0,0,0
20379,0,0,0,0,0,0,0,0,0
20380,0,0,0,0,0,0,0,0,0
20381,0,0,0,0,0,0,0,0,0
20382,0,0,0,0,0,0,0,0,0
20383,0,0,0,0,0,0,0,0,0
20384,0,0,0,0,0,0,0,0,0
20385,0,0,0,0,0,0,0,0,0
20386,0,0,0,0,0,0,0,0,0
20387,0,0,0,0,0,0,0,0,0
20388,0,0,0,0,0,0,0,0,0
20389,0,0,0,0,0,0,0,0,0
20390,4.33205e-05,1.0628e-09,9.30186e-15,1.07145e-15,6.19897e-17,5.49702e-24,2.14772e-46,1.82178e-86,4.33215e-05
20391,5.29759e-05,1.61247e-09,1.79713e-14,2.06992e-15,1.19747e-16,1.41272e-23,2.7911e-45,4.69309e-84,5.29775e-05
20392,0,0,0,0,0,0,0,0,0
20393,0,0,0,0,0,0,0,0,0
20394,0,0,0,0,0,0,0,0,0
20395,0,0,0,0,0,0,0,0,0
20396,0,0,0,0,0,0,0,0,0
20397,0,0,0,0,0,0,0,0,0
20398,0,0,0,0,0,0,0,0,0
20399,0,0,0,0,0,0,0,0,0
20400,5.02949e-05,1.45092e-09,1.52954e-14,1.76012e-15,1.0171e-16,1.13091e-23,1.83881e-45,2.59974e-84,5.02963e-05
20401,0,0,0,0,0,0,0,0,0
20402,0,0,0,0,0,0,0,0,0
20403,0,0,0,0,0,0,0,0,0
20404,0,0,0,0,0,0,0,0,0
20405,0,0,0,0,0,0,0,0,0
20406,0,0,0,0,0,0,0,0,0
20407,0,0,0,0,0,0,0,0,0
20408,0,0,0,0,0,0,0,0,0
20409,0,0,0,0,0,0,0,0,0
20410,0,0,0,0,0,0,0,0,0
20411,0,0,0,0,0,0,0,0,0
20412,0,0,0,0,0,0,0,0,0
20413,3.00485e-05,4.74546e-10,2.19301e-15,2.5201e-16,1.45373e-17,3.69553e-25,4.49707e-46,2.34322e-84,3.0049e-05
20414,0,0,0,0,0,0,0,0,0
20415,0,0,0,0,0,0,0,0,0
20416,0,0,0,0,0,0,0,0,0
20417,0,0,0,0,0,0,0,0,0
20418,0,0,0,0,0,0,0,0,0
20419,4.46836e-05,1.1418e-09,1.06326e-14,1.22115e-15,7.03927e-17,6.87974e-24,7.56019e-46,7.87665e-85,4.46848e-05
20420,5.07179e-05,1.47642e-09,1.57222e-14,1.80539e-15,1.04048e-16,1.16751e-23,2.00311e-45,2.88935e-84,5.07194e-05
20421,0,0,0,0,0,0,0,0,0
20422,0,0,0,0,0,0,0,0,0
20423,0,0,0,0,0,0,0,0,0
20424,4.23436e-05,1.02017e-09,8.87437e-15,1.01874e-15,5.86896e-17,5.27796e-24,3.84295e-46,2.29405e-85,4.23446e-05
20425,0,0,0,0,0,0,0,0,0
20426,0,0,0,0,0,0,0,0,0
20427,0,0,0,0,0,0,0,0,0
20428,0,0,0,0,0,0,0,0,0
20429,0,0,0,0,0,0,0,0,0
20430,0,0,0,0,0,0,0,0,0
20431,0,0,0,0,0,0,0,0,0
20432,0,0,0,0,0,0,0,0,0
20433,0,0,0,0,0,0,0,0,0
20434,0,0,0,0,0,0,0,0,0
20435,0,0,0,0,0,0,0,0,0
20436,0,0,0,0,0,0,0,0,0
20437,0,0,0,0,0,0,0,0,0
20438,0,0,0,0,0,0,0,0,0
20439,0,0,0,0,0,0,0,0,0
20440,0,0,0,0,0,0,0,0,0
20441,0,0,0,0,0,0,0,0,0
20442,0,0,0,0,0,0,0,0,0
20443,0,0,0,0,0,0,0,0,0
20444,0,0,0,0,0,0,0,0,0
20445,0,0,0,0,0,0,0,0,0
20446,0,0,0,0,0,0,0,0,0
20447,0,0,0,0,0,0,0,0,0
20448,0,0,0,0,0,0,0,0,0
20449,0,0,0,0,0,0,0,0,0
20450,0,0,0,0,0,0,0,0,0
20451,0,0,0,0,0,0,0,0,0
20452,0,0,0,0,0,0,0,0,0
20453,0,0,0,0,0,0,0,0,0
20454,0,0,0,0,0,0,0,0,0
20455,3.44643e-05,6.73381e-10,4.74426e-15,5.42883e-16,3.11506e-17,2.26305e-24,9.22578e-47,3.94301e-86,3.4465e-05
20456,0,0,0,0,0,0,0,0,0
20457,0,0,0,0,0,0,0,0,0
20458,0,0,0,0,0,0,0,0,0
20459,0,0,0,0,0,0,0,0,0
20460,0,0,0,0,0,0,0,0,0
20461,0,0,0,0,0,0,0,0,0
20462,0,0,0,0,0,0,0,0,0
20463,0,0,0,0,0,0,0,0,0
20464,0,0,0,0,0,0,0,0,0
20465,0,0,0,0,0,0,0,0,0
20466,0,0,0,0,0,0,0,0,0
20467,0,0,0,0,0,0,0,0,0
20468,0,0,0,0,0,0,0,0,0
20469,0,0,0,0,0,0,0,0,0
20470,0,0,0,0,0,0,0,0,0
20471,0,0,0,0,0,0,0,0,0
20472,0,0,0,0,0,0,0,0,0
20473,0,0,0,0,0,0,0,0,0
20474,0,0,0,0,0,0,0,0,0
20475,0,0,0,0,0,0,0,0,0
20476,0,0,0,0,0,0,0,0,0
20477,2.07625e-05,2.39274e-10,9.64684e-16,1.10143e-16,6.30236e-18,2.50014e-25,9.30098e-49,5.34167e-90,2.07627e-05
20478,0,0,0,0,0,0,0,0,0
20479,0,0,0,0,0,0,0,0,0
20480,0,0,0,0,0,0,0,0,0
20481,0,0,0,0,0,0,0,0,0
20482,0,0,0,0,0,0,0,0,0
20483,0,0,0,0,0,0,0,0,0
20484,0,0,0,0,0,0,0,0,0
20485,0,0,0,0,0,0,0,0,0
20486,0,0,0,0,0,0,0,0,0
20487,0,0,0,0,0,0,0,0,0
20488,2.87818e-05,4.65947e-10,2.68915e-15,3.06675e-16,1.75223e-17,1.02206e-24,1.86029e-47,3.37035e-87,2.87822e-05
20489,3.49005e-05,6.92053e-10,4.96911e-15,5.66616e-16,3.23694e-17,2.40243e-24,1.14422e-46,5.72053e-86,3.49012e-05
20490,4.08165e-05,9.50549e-10,8.04798e-15,9.1764e-16,5.24187e-17,4.60599e-24,3.74039e-46,2.736e-85,4.08174e-05
20491,0,0,0,0,0,0,0,0,0
20492,0,0,0,0,0,0,0,0,0
20493,0,0,0,0,0,0,0,0,0
20494,0,0,0,0,0,0,0,0,0
20495,0,0,0,0,0,0,0,0,0
20496,0,0,0,0,0,0,0,0,0
20497,0,0,0,0,0,0,0,0,0
20498,0,0,0,0,0,0,0,0,0
20499,0,0,0,0,0,0,0,0,0
20500,3.80799e-05,8.151e-10,6.14236e-15,6.99621e-16,3.99119e-17,2.94108e-24,4.28663e-47,3.41316e-86,3.80808e-05
20501,0,0,0,0,0,0,0,0,0
20502,0,0,0,0,0,0,0,0,0
20503,0,0,0,0,0,0,0,0,0
20504,0,0,0,0,0,0,0,0,0
20505,0,0,0,0,0,0,0,0,0
20506,4.0714e-05,9.44384e-10,7.93832e-15,9.03692e-16,5.15187e-17,4.46221e-24,3.29369e-46,1.99607e-85,4.0715e-05
20507,0,0,0,0,0,0,0,0,0
20508,0,0,0,0,0,0,0,0,0
20509,0,0,0,0,0,0,0,0,0
20510,0,0,0,0,0,0,0,0,0
20511,0,0,0,0,0,0,0,0,0
20512,0,0,0,0,0,0,0,0,0
20513,0,0,0,0,0,0,0,0,0
20514,0,0,0,0,0,0,0,0,0
20515,0,0,0,0,0,0,0,0,0
20516,0,0,0,0,0,0,0,0,0
20517,0,0,0,0,0,0,0,0,0
20518,0,0,0,0,0,0,0,0,0
20519,0,0,0,0,0,0,0,0,0
20520,0,0,0,0,0,0,0,0,0
20521,0,0,0,0,0,0,0,0,0
20522,0,0,0,0,0,0,0,0,0
20523,0,0,0,0,0,0,0,0,0
20524,0,0,0,0,0,0,0,0,0
20525,0,0,0,0,0,0,0,0,0
20526,0,0,0,0,0,0,0,0,0
20527,0,0,0,0,0,0,0,0,0
20528,0,0,0,0,0,0,0,0,0
20529,0,0,0,0,0,0,0,0,0
20530,0,0,0,0,0,0,0,0,0
20531,0,0,0,0,0,0,0,0,0
20532,0,0,0,0,0,0,0,0,0
20533,0,0,0,0,0,0,0,0,0
20534,0,0,0,0,0,0,0,0,0
20535,0,0,0,0,0,0,0,0,0
20536,3.60723e-05,7.39316e-10,5.4798e-15,6.21922e-16,3.53203e-17,2.68389e-24,1.3596e-46,6.20323e-86,3.6073e-05
20537,0,0,0,0,0,0,0,0,0
20538,0,0,0,0,0,0,0,0,0
20539,0,0,0,0,0,0,0,0,0
20540,0,0,0,0,0,0,0,0,0
20541,0,0,0,0,0,0,0,0,0
20542,0,0,0,0,0,0,0,0,0
20543,0,0,0,0,0,0,0,0,0
20544,0,0,0,0,0,0,0,0,0
20545,0,0,0,0,0,0,0,0,0
20546,0,0,0,0,0,0,0,0,0
20547,0,0,0,0,0,0,0,0,0
20548,0,0,0,0,0,0,0,0,0
20549,0,0,0,0,0,0,0,0,0
20550,0,0,0,0,0,0,0,0,0
20551,0,0,0,0,0,0,0,0,0
20552,0,0,0,0,0,0,0,0,0
20553,5.78754e-05,1.9259e-09,2.34161e-14,2.65289e-15,1.5033e-16,1.88749e-23,4.56811e-45,5.91112e-84,5.78774e-05
20554,0,0,0,0,0,0,0,0,0
20555,0,0,0,0,0,0,0,0,0
20556,0,0,0,0,0,0,0,0,0
20557,0,0,0,0,0,0,0,0,0
20558,0,0,0,0,0,0,0,0,0
20559,0,0,0,0,0,0,0,0,0
20560,0,0,0,0,0,0,0,0,0
20561,5.82487e-05,1.94812e-09,2.37283e-14,2.68612e-15,1.52062e-16,1.90023e-23,4.25904e-45,4.60387e-84,5.82506e-05
20562,0,0,0,0,0,0,0,0,0
20563,0,0,0,0,0,0,0,0,0
20564,0,0,0,0,0,0,0,0,0
20565,0,0,0,0,0,0,0,0,0
20566,0,0,0,0,0,0,0,0,0
20567,0,0,0,0,0,0,0,0,0
20568,0,0,0,0,0,0,0,0,0
20569,0,0,0,0,0,0,0,0,0
20570,0,0,0,0,0,0,0,0,0
20571,0,0,0,0,0,0,0,0,0
20572,0,0,0,0,0,0,0,0,0
20573,0,0,0,0,0,0,0,0,0
20574,0,0,0,0,0,0,0,0,0
20575,0,0,0,0,0,0,0,0,0
20576,0,0,0,0,0,0,0,0,0
20577,0,0,0,0,0,0,0,0,0
20578,6.10446e-05,2.14375e-09,2.74884e-14,3.10625e-15,1.75453e-16,2.31164e-23,6.37428e-45,8.23814e-84,6.10468e-05
20579,0,0,0,0,0,0,0,0,0
20580,0,0,0,0,0,0,0,0,0
20581,0,0,0,0,0,0,0,0,0
20582,0,0,0,0,0,0,0,0,0
20583,0,0,0,0,0,0,0,0,0
20584,0,0,0,0,0,0,0,0,0
20585,0,0,0,0,0,0,0,0,0
20586,0,0,0,0,0,0,0,0,0
20587,0,0,0,0,0,0,0,0,0
20588,0,0,0,0,0,0,0,0,0
20589,0,0,0,0,0,0,0,0,0
20590,0,0,0,0,0,0,0,0,0
20591,0,0,0,0,0,0,0,0,0
20592,0,0,0,0,0,0,0,0,0
20593,0,0,0,0,0,0,0,0,0
20594,0,0,0,0,0,0,0,0,0
20595,0,0,0,0,0,0,0,0,0
20596,0,0,0,0,0,0,0,0,0
20597,0,0,0,0,0,0,0,0,0
20598,0,0,0,0,0,0,0,0,0
20599,1.43278e-05,1.11601e-10,2.93735e-16,3.3123e-17,1.866e-18,4.50674e-26,1.62561e-50,2.20604e-91,1.43279e-05
20600,2.99761e-05,5.04552e-10,3.0099e-15,3.3937e-16,1.91157e-17,1.12443e-24,1.87979e-47,1.64634e-87,2.99766e-05
20601,8.91779e-06,5.31513e-10,6.41265e-15,7.2296e-16,4.0717e-17,4.37643e-24,5.14971e-46,3.35202e-85,8.91832e-06
20602,0,0,0,0,0,0,0,0,0
20603,0,0,0,0,0,0,0,0,0
20604,0,0,0,0,0,0,0,0,0
20605,0,0,0,0,0,0,0,0,0
20606,0,0,0,0,0,0,0,0,0
20607,0,0,0,0,0,0,0,0,0
20608,0,0,0,0,0,0,0,0,0
20609,0,0,0,0,0,0,0,0,0
20610,0,0,0,0,0,0,0,0,0
20611,0,0,0,0,0,0,0,0,0
20612,0,0,0,0,0,0,0,0,0
20613,0,0,0,0,0,0,0,0,0
20614,0,0,0,0,0,0,0,0,0
20615,0,0,0,0,0,0,0,0,0
20616,0,0,0,0,0,0,0,0,0
20617,0,0,0,0,0,0,0,0,0
20618,0,0,0,0,0,0,0,0,0
20619,0,0,0,0,0,0,0,0,0
20620,0,0,0,0,0,0,0,0,0
20621,0,0,0,0,0,0,0,0,0
20622,0,0,0,0,0,0,0,0,0
20623,0,0,0,0,0,0,0,0,0
20624,0,0,0,0,0,0,0,0,0
20625,0,0,0,0,0,0,0,0,0
20626,0,0,0,0,0,0,0,0,0
20627,0,0,0,0,0,0,0,0,0
20628,0.000122382,2.99126e-09,2.75827e-14,3.10132e-15,1.74079e-16,1.6825e-23,2.27269e-45,2.44335e-84,0.000122385
20629,5.62924e-05,1.81976e-09,2.14484e-14,2.41126e-15,1.35322e-16,1.62686e-23,3.48155e-45,3.46549e-84,5.62942e-05
20630,0,0,0,0,0,0,0,0,0
20631,7.7904e-05,3.50938e-09,5.78924e-14,6.50677e-15,3.65053e-16,6.15374e-23,3.58648e-44,6.62157e-83,7.79076e-05
20632,0,0,0,0,0,0,0,0,0
20633,0,0,0,0,0,0,0,0,0
20634,0,0,0,0,0,0,0,0,0
20635,0,0,0,0,0,0,0,0,0
20636,0,0,0,0,0,0,0,0,0
20637,0,0,0,0,0,0,0,0,0
20638,0,0,0,0,0,0,0,0,0
20639,0,0,0,0,0,0,0,0,0
20640,0,0,0,0,0,0,0,0,0
20641,0,0,0,0,0,0,0,0,0
20642,0,0,0,0,0,0,0,0,0
20643,4.07166e-05,9.42573e-10,7.86706e-15,8.83181e-16,4.94773e-17,4.1496e-24,2.71569e-46,1.0348e-85,4.07175e-05
20644,0,0,0,0,0,0,0,0,0
20645,0,0,0,0,0,0,0,0,0
20646,0,0,0,0,0,0,0,0,0
20647,0,0,0,0,0,0,0,0,0
20648,0,0,0,0,0,0,0,0,0
20649,5.71231e-05,1.87142e-09,2.22781e-14,2.49945e-15,1.39913e-16,1.68513e-23,3.43817e-45,2.91744e-84,5.7125e-05
20650,0,0,0,0,0,0,0,0,0
20651,0,0,0,0,0,0,0,0,0
20652,0,0,0,0,0,0,0,0,0
20653,0,0,0,0,0,0,0,0,0
20654,0,0,0,0,0,0,0,0,0
20655,4.33564e-05,1.06667e-09,9.40193e-15,1.05423e-15,5.89715e-17,5.15741e-24,3.37695e-46,1.03139e-85,4.33575e-05
20656,0,0,0,0,0,0,0,0,0
20657,0,0,0,0,0,0,0,0,0
20658,0,0,0,0,0,0,0,0,0
20659,0,0,0,0,0,0,0,0,0
20660,0,0,0,0,0,0,0,0,0
20661,0,0,0,0,0,0,0,0,0
20662,0,0,0,0,0,0,0,0,0
20663,5.22122e-05,1.55935e-09,1.6874e-14,1.8905e-15,1.0564e-16,1.15082e-23,1.70377e-45,1.10207e-84,5.22138e-05
20664,0,0,0,0,0,0,0,0,0
20665,0,0,0,0,0,0,0,0,0
20666,4.88387e-05,1.36378e-09,1.38151e-14,1.54727e-15,8.64254e-17,8.8366e-24,1.12797e-45,7.00894e-85,4.88401e-05
20667,0,0,0,0,0,0,0,0,0
20668,0,0,0,0,0,0,0,0,0
20669,4.73788e-05,1.28173e-09,1.25543e-14,1.40569e-15,7.84901e-17,7.73655e-24,8.63971e-46,4.72966e-85,4.73801e-05
20670,0,0,0,0,0,0,0,0,0
20671,0,0,0,0,0,0,0,0,0
20672,0,0,0,0,0,0,0,0,0
20673,0,0,0,0,0,0,0,0,0
20674,0,0,0,0,0,0,0,0,0
20675,0,0,0,0,0,0,0,0,0
20676,0,0,0,0,0,0,0,0,0
20677,0,0,0,0,0,0,0,0,0
20678,0,0,0,0,0,0,0,0,0
20679,4.56217e-05,1.18422e-09,1.10565e-14,1.23666e-15,6.89601e-17,6.4031e-24,5.29006e-46,1.82196e-85,4.56229e-05
20680,0,0,0,0,0,0,0,0,0
20681,0,0,0,0,0,0,0,0,0
20682,0,0,0,0,0,0,0,0,0
20683,0,0,0,0,0,0,0,0,0
20684,0,0,0,0,0,0,0,0,0
20685,0,0,0,0,0,0,0,0,0
20686,0,0,0,0,0,0,0,0,0
20687,0,0,0,0,0,0,0,0,0
20688,0,0,0,0,0,0,0,0,0
20689,0,0,0,0,0,0,0,0,0
20690,0,0,0,0,0,0,0,0,0
20691,0,0,0,0,0,0,0,0,0
20692,0,0,0,0,0,0,0,0,0
20693,0,0,0,0,0,0,0,0,0
20694,0,0,0,0,0,0,0,0,0
20695,0,0,0,0,0,0,0,0,0
20696,0,0,0,0,0,0,0,0,0
20697,0,0,0,0,0,0,0,0,0
20698,0,0,0,0,0,0,0,0,0
20699,0,0,0,0,0,0,0,0,0
20700,2.87756e-05,4.49015e-10,2.2808e-15,2.54563e-16,1.41573e-17,5.8565e-25,3.07588e-48,2.93338e-87,2.87761e-05
20701,0,0,0,0,0,0,0,0,0
20702,0,0,0,0,0,0,0,0,0
20703,0,0,0,0,0,0,0,0,0
20704,0,0,0,0,0,0,0,0,0
20705,0,0,0,0,0,0,0,0,0
20706,0,0,0,0,0,0,0,0,0
20707,4.93474e-05,1.39174e-09,1.42185e-14,1.58582e-15,8.81165e-17,9.01794e-24,1.1448e-45,6.30611e-85,4.93488e-05
20708,0,0,0,0,0,0,0,0,0
20709,0,0,0,0,0,0,0,0,0
20710,0,0,0,0,0,0,0,0,0
20711,0,0,0,0,0,0,0,0,0
20712,0,0,0,0,0,0,0,0,0
20713,0,0,0,0,0,0,0,0,0
20714,5.49602e-05,1.73136e-09,1.98113e-14,2.20816e-15,1.22596e-16,1.40806e-23,2.57977e-45,1.82254e-84,5.49619e-05
20715,4.0241e-05,9.20261e-10,7.58044e-15,8.44775e-16,4.6892e-17,3.84226e-24,2.40733e-46,7.79249e-86,4.02419e-05
20716,0,0,0,0,0,0,0,0,0
20717,0,0,0,0,0,0,0,0,0
20718,0,0,0,0,0,0,0,0,0
20719,0,0,0,0,0,0,0,0,0
20720,0,0,0,0,0,0,0,0,0
20721,0,0,0,0,0,0,0,0,0
20722,0,0,0,0,0,0,0,0,0
20723,0,0,0,0,0,0,0,0,0
20724,0,0,0,0,0,0,0,0,0
20725,0,0,0,0,0,0,0,0,0
20726,0,0,0,0,0,0,0,0,0
20727,0,0,0,0,0,0,0,0,0
20728,0,0,0,0,0,0,0,0,0
20729,0,0,0,0,0,0,0,0,0
20730,0,0,0,0,0,0,0,0,0
20731,0,0,0,0,0,0,0,0,0
20732,0,0,0,0,0,0,0,0,0
20733,0,0,0,0,0,0,0,0,0
20734,0,0,0,0,0,0,0,0,0
20735,2.27286e-05,2.86759e-10,1.26035e-15,1.40178e-16,7.76188e-18,3.22362e-25,1.33947e-48,2.50453e-91,2.27289e-05
20736,0,0,0,0,0,0,0,0,0
20737,0,0,0,0,0,0,0,0,0
20738,0,0,0,0,0,0,0,0,0
20739,0,0,0,0,0,0,0,0,0
20740,0,0,0,0,0,0,0,0,0
20741,0,0,0,0,0,0,0,0,0
20742,0,0,0,0,0,0,0,0,0
20743,0,0,0,0,0,0,0,0,0
20744,0,0,0,0,0,0,0,0,0
20745,0,0,0,0,0,0,0,0,0
20746,0,0,0,0,0,0,0,0,0
20747,0,0,0,0,0,0,0,0,0
20748,0,0,0,0,0,0,0,0,0
20749,6.11064e-05,2.14549e-09,2.74083e-14,3.0439e-15,1.68233e-16,2.1501e-23,5.52117e-45,4.53426e-84,6.11085e-05
20750,0,0,0,0,0,0,0,0,0
20751,0,0,0,0,0,0,0,0,0
20752,0,0,0,0,0,0,0,0,0
20753,0,0,0,0,0,0,0,0,0
20754,0,0,0,0,0,0,0,0,0
20755,0,0,0,0,0,0,0,0,0
20756,0,0,0,0,0,0,0,0,0
20757,5.12333e-05,1.50054e-09,1.59054e-14,1.76495e-15,9.74458e-17,1.02625e-23,1.41645e-45,7.21656e-85,5.12348e-05
20758,0,0,0,0,0,0,0,0,0
20759,0,0,0,0,0,0,0,0,0
20760,4.51889e-05,1.16303e-09,1.07902e-14,1.19696e-15,6.60594e-17,6.05948e-24,5.34414e-46,1.92877e-85,4.51901e-05
20761,0,0,0,0,0,0,0,0,0
20762,0,0,0,0,0,0,0,0,0
20763,0,0,0,0,0,0,0,0,0
20764,0,0,0,0,0,0,0,0,0
20765,0,0,0,0,0,0,0,0,0
20766,3.75644e-05,7.98505e-10,6.06998e-15,6.7298e-16,3.71161e-17,2.75965e-24,1.18732e-46,2.33572e-86,3.75652e-05
20767,0,0,0,0,0,0,0,0,0
20768,0,0,0,0,0,0,0,0,0
20769,0,0,0,0,0,0,0,0,0
20770,0,0,0,0,0,0,0,0,0
20771,0,0,0,0,0,0,0,0,0
20772,4.86443e-05,1.35044e-09,1.35406e-14,1.50025e-15,8.26725e-17,8.20029e-24,9.32379e-46,3.95272e-85,4.86457e-05
20773,0,0,0,0,0,0,0,0,0
20774,0,0,0,0,0,0,0,0,0
20775,0,0,0,0,0,0,0,0,0
20776,0,0,0,0,0,0,0,0,0
20777,0,0,0,0,0,0,0,0,0
20778,0,0,0,0,0,0,0,0,0
20779,0,0,0,0,0,0,0,0,0
20780,0,0,0,0,0,0,0,0,0
20781,0,0,0,0,0,0,0,0,0
20782,0,0,0,0,0,0,0,0,0
20783,0,0,0,0,0,0,0,0,0
20784,4.74813e-05,1.28582e-09,1.25682e-14,1.39084e-15,7.65279e-17,7.38393e-24,7.73484e-46,3.02273e-85,4.74826e-05
20785,0,0,0,0,0,0,0,0,0
20786,0,0,0,0,0,0,0,0,0
20787,4.23273e-05,1.01666e-09,8.75057e-15,9.68131e-16,5.32531e-17,4.4786e-24,2.82824e-46,6.90576e-86,4.23283e-05
20788,0,0,0,0,0,0,0,0,0
20789,0,0,0,0,0,0,0,0,0
20790,0,0,0,0,0,0,0,0,0
20791,0,0,0,0,0,0,0,0,0
20792,0,0,0,0,0,0,0,0,0
20793,0,0,0,0,0,0,0,0,0
20794,0,0,0,0,0,0,0,0,0
20795,0,0,0,0,0,0,0,0,0
20796,0,0,0,0,0,0,0,0,0
20797,0,0,0,0,0,0,0,0,0
20798,0,0,0,0,0,0,0,0,0
20799,3.66033e-05,7.57249e-10,5.59111e-15,6.1781e-16,3.39303e-17,2.43322e-24,9.22336e-47,1.47503e-86,3.6604e-05
20800,0,0,0,0,0,0,0,0,0
20801,0,0,0,0,0,0,0,0,0
20802,0,0,0,0,0,0,0,0,0
20803,0,0,0,0,0,0,0,0,0
20804,0,0,0,0,0,0,0,0,0
20805,0,0,0,0,0,0,0,0,0
20806,0,0,0,0,0,0,0,0,0
20807,0,0,0,0,0,0,0,0,0
20808,0,0,0,0,0,0,0,0,0
20809,0,0,0,0,0,0,0,0,0
20810,0,0,0,0,0,0,0,0,0
20811,0,0,0,0,0,0,0,0,0
20812,0,0,0,0,0,0,0,0,0
20813,0,0,0,0,0,0,0,0,0
20814,0,0,0,0,0,0,0,0,0
20815,0,0,0,0,0,0,0,0,0
20816,0,0,0,0,0,0,0,0,0
20817,0,0,0,0,0,0,0,0,0
20818,0,0,0,0,0,0,0,0,0
20819,0,0,0,0,0,0,0,0,0
20820,0,0,0,0,0,0,0,0,0
20821,0,0,0,0,0,0,0,0,0
20822,0,0,0,0,0,0,0,0,0
20823,0,0,0,0,0,0,0,0,0
20824,0,0,0,0,0,0,0,0,0
20825,0,0,0,0,0,0,0,0,0
20826,0,0,0,0,0,0,0,0,0
20827,3.22332e-05,5.85958e-10,3.79909e-15,4.18609e-16,2.29088e-17,1.43909e-24,3.82436e-47,4.88674e-87,3.22338e-05
20828,0,0,0,0,0,0,0,0,0
20829,0,0,0,0,0,0,0,0,0
20830,3.05929e-05,5.27336e-10,3.24071e-15,3.56945e-16,1.95248e-17,1.16228e-24,2.66037e-47,3.12961e-87,3.05935e-05
20831,5.08312e-05,8.86471e-10,6.34017e-15,6.98266e-16,3.81903e-17,2.89819e-24,1.75953e-46,4.16115e-86,5.0832e-05
20832,0,0,0,0,0,0,0,0,0
20833,0,0,0,0,0,0,0,0,0
20834,0,0,0,0,0,0,0,0,0
20835,0,0,0,0,0,0,0,0,0
20836,0,0,0,0,0,0,0,0,0
20837,0,0,0,0,0,0,0,0,0
20838,5.3406e-05,1.63067e-09,1.79917e-14,1.98026e-15,1.08222e-16,1.17103e-23,1.75209e-45,7.64031e-85,5.34077e-05
20839,0,0,0,0,0,0,0,0,0
20840,0,0,0,0,0,0,0,0,0
20841,2.4867e-05,3.32256e-10,1.42312e-15,1.56574e-16,8.55261e-18,2.87542e-25,1.98478e-49,1.68932e-88,2.48673e-05
20842,0,0,0,0,0,0,0,0,0
20843,1.37846e-05,1.02454e-10,2.52527e-16,2.778e-17,1.5172e-18,3.22103e-26,4.15118e-51,8.65636e-92,1.37847e-05
20844,0,0,0,0,0,0,0,0,0
20845,0,0,0,0,0,0,0,0,0
20846,0,0,0,0,0,0,0,0,0
20847,0,0,0,0,0,0,0,0,0
20848,0,0,0,0,0,0,0,0,0
20849,0,0,0,0,0,0,0,0,0
20850,0,0,0,0,0,0,0,0,0
20851,0,0,0,0,0,0,0,0,0
20852,0,0,0,0,0,0,0,0,0
20853,0,0,0,0,0,0,0,0,0
20854,2.70415e-05,4.05354e-10,2.09654e-15,2.30378e-16,1.25644e-17,5.93489e-25,2.78051e-48,8.05789e-90,2.70419e-05
20855,0,0,0,0,0,0,0,0,0
20856,0,0,0,0,0,0,0,0,0
20857,4.47711e-05,1.14056e-09,1.04509e-14,1.14798e-15,6.25808e-17,5.58319e-24,4.5761e-46,1.24767e-85,4.47723e-05
20858,0,0,0,0,0,0,0,0,0
20859,0,0,0,0,0,0,0,0,0
20860,0,0,0,0,0,0,0,0,0
20861,2.9518e-05,4.89685e-10,2.88331e-15,3.16593e-16,1.72501e-17,9.73626e-25,1.79891e-47,1.57186e-87,2.95185e-05
20862,0,0,0,0,0,0,0,0,0
20863,0,0,0,0,0,0,0,0,0
20864,0,0,0,0,0,0,0,0,0
20865,0,0,0,0,0,0,0,0,0
20866,2.68721e-05,4.04895e-10,2.16098e-15,2.37165e-16,1.29146e-17,6.59069e-25,8.90034e-48,6.1207e-88,2.68725e-05
20867,5.78624e-05,1.91593e-09,2.29071e-14,2.51375e-15,1.36864e-16,1.59509e-23,2.91463e-45,1.29082e-84,5.78643e-05
20868,0,0,0,0,0,0,0,0,0
20869,7.60483e-05,3.3254e-09,5.25804e-14,5.76871e-15,3.13997e-16,4.82837e-23,1.91123e-44,1.23977e-83,7.60517e-05
20870,0,0,0,0,0,0,0,0,0
20871,0,0,0,0,0,0,0,0,0
20872,0,0,0,0,0,0,0,0,0
20873,0,0,0,0,0,0,0,0,0
20874,0,0,0,0,0,0,0,0,0
20875,0,0,0,0,0,0,0,0,0
20876,0,0,0,0,0,0,0,0,0
20877,0,0,0,0,0,0,0,0,0
20878,0,0,0,0,0,0,0,0,0
20879,0,0,0,0,0,0,0,0,0
20880,0,0,0,0,0,0,0,0,0
20881,0,0,0,0,0,0,0,0,0
20882,0,0,0,0,0,0,0,0,0
20883,0,0,0,0,0,0,0,0,0
20884,0,0,0,0,0,0,0,0,0
20885,0,0,0,0,0,0,0,0,0
20886,0,0,0,0,0,0,0,0,0
20887,0,0,0,0,0,0,0,0,0
20888,0,0,0,0,0,0,0,0,0
20889,0,0,0,0,0,0,0,0,0
20890,0,0,0,0,0,0,0,0,0
20891,0,0,0,0,0,0,0,0,0
20892,0,0,0,0,0,0,0,0,0
20893,0,0,0,0,0,0,0,0,0
20894,0,0,0,0,0,0,0,0,0
20895,0,0,0,0,0,0,0,0,0
20896,0,0,0,0,0,0,0,0,0
20897,0,0,0,0,0,0,0,0,0
20898,0,0,0,0,0,0,0,0,0
20899,0,0,0,0,0,0,0,0,0
20900,0,0,0,0,0,0,0,0,0
20901,0,0,0,0,0,0,0,0,0
20902,0,0,0,0,0,0,0,0,0
20903,0,0,0,0,0,0,0,0,0
20904,0,0,0,0,0,0,0,0,0
20905,0,0,0,0,0,0,0,0,0
20906,0,0,0,0,0,0,0,0,0
20907,0,0,0,0,0,0,0,0,0
20908,0,0,0,0,0,0,0,0,0
20909,0,0,0,0,0,0,0,0,0
20910,0,0,0,0,0,0,0,0,0
20911,0,0,0,0,0,0,0,0,0
20912,0,0,0,0,0,0,0,0,0
20913,0,0,0,0,0,0,0,0,0
20914,0,0,0,0,0,0,0,0,0
20915,0,0,0,0,0,0,0,0,0
20916,0,0,0,0,0,0,0,0,0
20917,0,0,0,0,0,0,0,0,0
20918,0,0,0,0,0,0,0,0,0
20919,0,0,0,0,0,0,0,0,0
20920,0,0,0,0,0,0,0,0,0
20921,0,0,0,0,0,0,0,0,0
20922,0,0,0,0,0,0,0,0,0
20923,3.05259e-05,5.23858e-10,3.18848e-15,3.47907e-16,1.88076e-17,1.08714e-24,2.17403e-47,1.72478e-87,3.05264e-05
20924,0,0,0,0,0,0,0,0,0
20925,0,0,0,0,0,0,0,0,0
20926,0,0,0,0,0,0,0,0,0
20927,0,0,0,0,0,0,0,0,0
20928,0,0,0,0,0,0,0,0,0
20929,0,0,0,0,0,0,0,0,0
20930,0,0,0,0,0,0,0,0,0
20931,0,0,0,0,0,0,0,0,0
20932,0,0,0,0,0,0,0,0,0
20933,0,0,0,0,0,0,0,0,0
20934,0,0,0,0,0,0,0,0,0
20935,0,0,0,0,0,0,0,0,0
20936,0,0,0,0,0,0,0,0,0
20937,0,0,0,0,0,0,0,0,0
20938,0,0,0,0,0,0,0,0,0
20939,0,0,0,0,0,0,0,0,0
20940,0,0,0,0,0,0,0,0,0
20941,0,0,0,0,0,0,0,0,0
20942,0,0,0,0,0,0,0,0,0
20943,0,0,0,0,0,0,0,0,0
20944,0,0,0,0,0,0,0,0,0
20945,0,0,0,0,0,0,0,0,0
20946,0,0,0,0,0,0,0,0,0
20947,0,0,0,0,0,0,0,0,0
20948,0,0,0,0,0,0,0,0,0
20949,0,0,0,0,0,0,0,0,0
20950,0,0,0,0,0,0,0,0,0
20951,0,0,0,0,0,0,0,0,0
20952,0,0,0,0,0,0,0,0,0
20953,0,0,0,0,0,0,0,0,0
20954,0,0,0,0,0,0,0,0,0
20955,0,0,0,0,0,0,0,0,0
20956,0,0,0,0,0,0,0,0,0
20957,0,0,0,0,0,0,0,0,0
20958,0,0,0,0,0,0,0,0,0
20959,0,0,0,0,0,0,0,0,0
20960,0,0,0,0,0,0,0,0,0
20961,0,0,0,0,0,0,0,0,0
20962,0,0,0,0,0,0,0,0,0
20963,0,0,0,0,0,0,0,0,0
20964,0,0,0,0,0,0,0,0,0
20965,0,0,0,0,0,0,0,0,0
20966,0,0,0,0,0,0,0,0,0
20967,0,0,0,0,0,0,0,0,0
20968,0,0,0,0,0,0,0,0,0
20969,0,0,0,0,0,0,0,0,0
20970,0,0,0,0,0,0,0,0,0
20971,0,0,0,0,0,0,0,0,0
20972,0,0,0,0,0,0,0,0,0
20973,0,0,0,0,0,0,0,0,0
20974,0,0,0,0,0,0,0,0,0
20975,0,0,0,0,0,0,0,0,0
20976,0,0,0,0,0,0,0,0,0
20977,0,0,0,0,0,0,0,0,0
20978,0,0,0,0,0,0,0,0,0
20979,0,0,0,0,0,0,0,0,0
20980,0,0,0,0,0,0,0,0,0
20981,0,0,0,0,0,0,0,0,0
20982,0,0,0,0,0,0,0,0,0
20983,0,0,0,0,0,0,0,0,0
20984,0,0,0,0,0,0,0,0,0
20985,0,0,0,0,0,0,0,0,0
20986,0,0,0,0,0,0,0,0,0
20987,0,0,0,0,0,0,0,0,0
20988,2.90088e-05,4.72356e-10,2.7225e-15,2.95109e-16,1.5822e-17,8.57075e-25,1.42593e-47,8.66092e-88,2.90093e-05
20989,0,0,0,0,0,0,0,0,0
20990,0,0,0,0,0,0,0,0,0
20991,0,0,0,0,0,0,0,0,0
20992,0,0,0,0,0,0,0,0,0
20993,0,0,0,0,0,0,0,0,0
20994,0,0,0,0,0,0,0,0,0
20995,0,0,0,0,0,0,0,0,0
20996,0,0,0,0,0,0,0,0,0
20997,0,0,0,0,0,0,0,0,0
20998,2.4963e-05,3.47864e-10,1.70372e-15,1.84492e-16,9.87901e-18,4.50018e-25,4.11092e-48,1.46814e-88,2.49633e-05
20999,1.78166e-05,1.69401e-10,5.12895e-16,5.55345e-17,2.97332e-18,6.81931e-26,1.35141e-49,3.28404e-89,1.78167e-05
21000,0,0,0,0,0,0,0,0,0
21001,0,0,0,0,0,0,0,0,0
21002,0,0,0,0,0,0,0,0,0
21003,0,0,0,0,0,0,0,0,0
21004,2.9574e-05,4.91399e-10,2.89387e-15,3.13176e-16,1.67565e-17,9.27293e-25,1.68684e-47,1.08122e-87,2.95745e-05
21005,0,0,0,0,0,0,0,0,0
21006,0,0,0,0,0,0,0,0,0
21007,0,0,0,0,0,0,0,0,0
21008,0,0,0,0,0,0,0,0,0
21009,5.29147e-05,1.5971e-09,1.7322e-14,1.87356e-15,1.00175e-16,1.03407e-23,1.32701e-45,3.32052e-85,5.29163e-05
21010,0,0,0,0,0,0,0,0,0
21011,0,0,0,0,0,0,0,0,0
21012,0,0,0,0,0,0,0,0,0
21013,0,0,0,0,0,0,0,0,0
21014,0,0,0,0,0,0,0,0,0
21015,0,0,0,0,0,0,0,0,0
21016,0,0,0,0,0,0,0,0,0
21017,0,0,0,0,0,0,0,0,0
21018,0,0,0,0,0,0,0,0,0
21019,0,0,0,0,0,0,0,0,0
21020,0,0,0,0,0,0,0,0,0
21021,0,0,0,0,0,0,0,0,0
21022,0,0,0,0,0,0,0,0,0
21023,0,0,0,0,0,0,0,0,0
21024,0,0,0,0,0,0,0,0,0
21025,0,0,0,0,0,0,0,0,0
21026,0,0,0,0,0,0,0,0,0
21027,5.00877e-05,1.42747e-09,1.45654e-14,1.57261e-15,8.38978e-17,8.08894e-24,8.12056e-46,1.56239e-85,5.00891e-05
21028,0,0,0,0,0,0,0,0,0
21029,0,0,0,0,0,0,0,0,0
21030,0,0,0,0,0,0,0,0,0
21031,0,0,0,0,0,0,0,0,0
21032,0,0,0,0,0,0,0,0,0
21033,0,0,0,0,0,0,0,0,0
21034,0,0,0,0,0,0,0,0,0
21035,0,0,0,0,0,0,0,0,0
21036,0,0,0,0,0,0,0,0,0
21037,0,0,0,0,0,0,0,0,0
21038,0,0,0,0,0,0,0,0,0
21039,0,0,0,0,0,0,0,0,0
21040,0,0,0,0,0,0,0,0,0
21041,0,0,0,0,0,0,0,0,0
21042,0,0,0,0,0,0,0,0,0
21043,0,0,0,0,0,0,0,0,0
21044,0,0,0,0,0,0,0,0,0
21045,0,0,0,0,0,0,0,0,0
21046,0,0,0,0,0,0,0,0,0
21047,0,0,0,0,0,0,0,0,0
21048,0,0,0,0,0,0,0,0,0
21049,0,0,0,0,0,0,0,0,0
21050,0,0,0,0,0,0,0,0,0
21051,0,0,0,0,0,0,0,0,0
21052,0,0,0,0,0,0,0,0,0
21053,0,0,0,0,0,0,0,0,0
21054,0,0,0,0,0,0,0,0,0
21055,0,0,0,0,0,0,0,0,0
21056,0,0,0,0,0,0,0,0,0
21057,0,0,0,0,0,0,0,0,0
21058,0,0,0,0,0,0,0,0,0
21059,0,0,0,0,0,0,0,0,0
21060,0,0,0,0,0,0,0,0,0
21061,0,0,0,0,0,0,0,0,0
21062,0,0,0,0,0,0,0,0,0
21063,0,0,0,0,0,0,0,0,0
21064,0,0,0,0,0,0,0,0,0
21065,0,0,0,0,0,0,0,0,0
21066,0,0,0,0,0,0,0,0,0
21067,0,0,0,0,0,0,0,0,0
21068,0,0,0,0,0,0,0,0,0
21069,0,0,0,0,0,0,0,0,0
21070,0,0,0,0,0,0,0,0,0
21071,0,0,0,0,0,0,0,0,0
21072,0,0,0,0,0,0,0,0,0
21073,3.13731e-05,5.51917e-10,3.41865e-15,3.67387e-16,1.94855e-17,1.11143e-24,1.98321e-47,8.71141e-88,3.13737e-05
21074,0,0,0,0,0,0,0,0,0
21075,0,0,0,0,0,0,0,0,0
21076,0,0,0,0,0,0,0,0,0
21077,0,0,0,0,0,0,0,0,0
21078,0,0,0,0,0,0,0,0,0
21079,0,0,0,0,0,0,0,0,0
21080,0,0,0,0,0,0,0,0,0
21081,0,0,0,0,0,0,0,0,0
21082,5.76499e-05,1.89776e-09,2.24305e-14,2.40834e-15,1.2759e-16,1.41882e-23,2.26888e-45,5.40984e-85,5.76518e-05
21083,0,0,0,0,0,0,0,0,0
21084,0,0,0,0,0,0,0,0,0
21085,0,0,0,0,0,0,0,0,0
21086,0,0,0,0,0,0,0,0,0
21087,0,0,0,0,0,0,0,0,0
21088,0,0,0,0,0,0,0,0,0
21089,0,0,0,0,0,0,0,0,0
21090,0,0,0,0,0,0,0,0,0
21091,0,0,0,0,0,0,0,0,0
21092,0,0,0,0,0,0,0,0,0
21093,0,0,0,0,0,0,0,0,0
21094,0,0,0,0,0,0,0,0,0
21095,0,0,0,0,0,0,0,0,0
21096,3.09822e-05,5.37535e-10,3.27539e-15,3.51179e-16,1.85719e-17,1.03523e-24,1.68272e-47,6.42381e-88,3.09828e-05
21097,0,0,0,0,0,0,0,0,0
21098,0,0,0,0,0,0,0,0,0
21099,0,0,0,0,0,0,0,0,0
21100,0,0,0,0,0,0,0,0,0
21101,0,0,0,0,0,0,0,0,0
21102,0,0,0,0,0,0,0,0,0
21103,0,0,0,0,0,0,0,0,0
21104,0,0,0,0,0,0,0,0,0
21105,0,0,0,0,0,0,0,0,0
21106,1.89812e-05,1.97924e-10,7.05719e-16,7.55851e-17,3.99197e-18,1.25014e-25,1.98739e-49,3.77331e-95,1.89814e-05
21107,0,0,0,0,0,0,0,0,0
21108,0,0,0,0,0,0,0,0,0
21109,0,0,0,0,0,0,0,0,0
21110,0,0,0,0,0,0,0,0,0
21111,0,0,0,0,0,0,0,0,0
21112,0,0,0,0,0,0,0,0,0
21113,0,0,0,0,0,0,0,0,0
21114,0,0,0,0,0,0,0,0,0
21115,0,0,0,0,0,0,0,0,0
21116,0,0,0,0,0,0,0,0,0
21117,0,0,0,0,0,0,0,0,0
21118,0,0,0,0,0,0,0,0,0
21119,0,0,0,0,0,0,0,0,0
21120,0,0,0,0,0,0,0,0,0
21121,0,0,0,0,0,0,0,0,0
21122,0,0,0,0,0,0,0,0,0
21123,0,0,0,0,0,0,0,0,0
21124,0,0,0,0,0,0,0,0,0
21125,0,0,0,0,0,0,0,0,0
21126,0,0,0,0,0,0,0,0,0
21127,0,0,0,0,0,0,0,0,0
21128,0,0,0,0,0,0,0,0,0
21129,0,0,0,0,0,0,0,0,0
21130,0,0,0,0,0,0,0,0,0
21131,0,0,0,0,0,0,0,0,0
21132,0,0,0,0,0,0,0,0,0
21133,0,0,0,0,0,0,0,0,0
21134,0,0,0,0,0,0,0,0,0
21135,0,0,0,0,0,0,0,0,0
21136,0,0,0,0,0,0,0,0,0
21137,0,0,0,0,0,0,0,0,0
21138,0,0,0,0,0,0,0,0,0
21139,0,0,0,0,0,0,0,0,0
21140,0,0,0,0,0,0,0,0,0
21141,0,0,0,0,0,0,0,0,0
21142,0,0,0,0,0,0,0,0,0
21143,0,0,0,0,0,0,0,0,0
21144,0,0,0,0,0,0,0,0,0
21145,0,0,0,0,0,0,0,0,0
21146,0,0,0,0,0,0,0,0,0
21147,0,0,0,0,0,0,0,0,0
21148,0,0,0,0,0,0,0,0,0
21149,0,0,0,0,0,0,0,0,0
21150,0,0,0,0,0,0,0,0,0
21151,0,0,0,0,0,0,0,0,0
21152,0,0,0,0,0,0,0,0,0
21153,0,0,0,0,0,0,0,0,0
21154,0,0,0,0,0,0,0,0,0
21155,2.80748e-05,4.41056e-10,2.43674e-15,2.597e-16,1.36314e-17,6.86529e-25,8.95252e-48,2.92442e-88,2.80752e-05
21156,0,0,0,0,0,0,0,0,0
21157,0,0,0,0,0,0,0,0,0
21158,3.80291e-05,8.1584e-10,6.20215e-15,6.60786e-16,3.46695e-17,2.42024e-24,8.8507e-47,6.00026e-87,3.80299e-05
21159,0,0,0,0,0,0,0,0,0
21160,0,0,0,0,0,0,0,0,0
21161,0,0,0,0,0,0,0,0,0
21162,0,0,0,0,0,0,0,0,0
21163,0,0,0,0,0,0,0,0,0
21164,0,0,0,0,0,0,0,0,0
21165,0,0,0,0,0,0,0,0,0
21166,0,0,0,0,0,0,0,0,0
21167,0,0,0,0,0,0,0,0,0
21168,0,0,0,0,0,0,0,0,0
21169,0,0,0,0,0,0,0,0,0
21170,0,0,0,0,0,0,0,0,0
21171,0,0,0,0,0,0,0,0,0
21172,0,0,0,0,0,0,0,0,0
21173,0,0,0,0,0,0,0,0,0
21174,0,0,0,0,0,0,0,0,0
21175,0,0,0,0,0,0,0,0,0
21176,0,0,0,0,0,0,0,0,0
21177,0,0,0,0,0,0,0,0,0
21178,0,0,0,0,0,0,0,0,0
21179,0,0,0,0,0,0,0,0,0
21180,0,0,0,0,0,0,0,0,0
21181,0,0,0,0,0,0,0,0,0
21182,0,0,0,0,0,0,0,0,0
21183,0,0,0,0,0,0,0,0,0
21184,0,0,0,0,0,0,0,0,0
21185,0,0,0,0,0,0,0,0,0
21186,2.51543e-05,3.52965e-10,1.73595e-15,1.84425e-16,9.64177e-18,4.29019e-25,3.80941e-48,8.8174e-89,2.51547e-05
21187,0,0,0,0,0,0,0,0,0
21188,0,0,0,0,0,0,0,0,0
21189,0,0,0,0,0,0,0,0,0
21190,0,0,0,0,0,0,0,0,0
21191,0,0,0,0,0,0,0,0,0
21192,0,0,0,0,0,0,0,0,0
21193,0,0,0,0,0,0,0,0,0
21194,0,0,0,0,0,0,0,0,0
21195,0,0,0,0,0,0,0,0,0
21196,1.37073e-05,7.52646e-11,1.87214e-17,1.98704e-18,1.03759e-19,7.20449e-26,6.78234e-47,1.18155e-86,1.37074e-05
21197,0,0,0,0,0,0,0,0,0
21198,0,0,0,0,0,0,0,0,0
21199,0,0,0,0,0,0,0,0,0
21200,0,0,0,0,0,0,0,0,0
21201,0,0,0,0,0,0,0,0,0
21202,0,0,0,0,0,0,0,0,0
21203,0,0,0,0,0,0,0,0,0
21204,0,0,0,0,0,0,0,0,0
21205,0,0,0,0,0,0,0,0,0
21206,0,0,0,0,0,0,0,0,0
21207,0,0,0,0,0,0,0,0,0
21208,0,0,0,0,0,0,0,0,0
21209,0,0,0,0,0,0,0,0,0
21210,0,0,0,0,0,0,0,0,0
21211,0,0,0,0,0,0,0,0,0
21212,0,0,0,0,0,0,0,0,0
21213,0,0,0,0,0,0,0,0,0
21214,0,0,0,0,0,0,0,0,0
21215,0,0,0,0,0,0,0,0,0
21216,0,0,0,0,0,0,0,0,0
21217,0,0,0,0,0,0,0,0,0
21218,0,0,0,0,0,0,0,0,0
21219,0,0,0,0,0,0,0,0,0
21220,0,0,0,0,0,0,0,0,0
21221,4.06154e-05,9.31967e-10,7.58378e-15,8.02808e-16,4.17831e-17,3.09858e-24,1.39279e-46,9.5032e-87,4.06163e-05
21222,0,0,0,0,0,0,0,0,0
21223,0,0,0,0,0,0,0,0,0
21224,0,0,0,0,0,0,0,0,0
21225,3.22765e-05,5.84463e-10,3.72455e-15,3.94126e-16,2.0503e-17,1.17967e-24,2.31316e-47,8.31543e-88,3.22771e-05
21226,0,0,0,0,0,0,0,0,0
21227,0,0,0,0,0,0,0,0,0
21228,0,0,0,0,0,0,0,0,0
21229,0,0,0,0,0,0,0,0,0
21230,0,0,0,0,0,0,0,0,0
21231,0,0,0,0,0,0,0,0,0
21232,0,0,0,0,0,0,0,0,0
21233,0,0,0,0,0,0,0,0,0
21234,0,0,0,0,0,0,0,0,0
21235,0,0,0,0,0,0,0,0,0
21236,0,0,0,0,0,0,0,0,0
21237,0,0,0,0,0,0,0,0,0
21238,0,0,0,0,0,0,0,0,0
21239,0,0,0,0,0,0,0,0,0
21240,0,0,0,0,0,0,0,0,0
21241,2.59858e-05,3.75113e-10,1.87784e-15,1.98382e-16,1.02987e-17,4.54768e-25,3.18497e-48,3.45505e-89,2.59862e-05
21242,0,0,0,0,0,0,0,0,0
21243,0,0,0,0,0,0,0,0,0
21244,0,0,0,0,0,0,0,0,0
21245,0,0,0,0,0,0,0,0,0
21246,0,0,0,0,0,0,0,0,0
21247,0,0,0,0,0,0,0,0,0
21248,0,0,0,0,0,0,0,0,0
21249,0,0,0,0,0,0,0,0,0
21250,0,0,0,0,0,0,0,0,0
21251,0,0,0,0,0,0,0,0,0
21252,0,0,0,0,0,0,0,0,0
21253,0,0,0,0,0,0,0,0,0
21254,0,0,0,0,0,0,0,0,0
21255,0,0,0,0,0,0,0,0,0
21256,0,0,0,0,0,0,0,0,0
21257,0,0,0,0,0,0,0,0,0
21258,0,0,0,0,0,0,0,0,0
21259,2.27247e-05,2.8645e-10,1.2538e-15,1.32222e-16,6.84901e-18,2.65129e-25,1.38707e-48,1.57007e-89,2.2725e-05
21260,0,0,0,0,0,0,0,0,0
21261,0,0,0,0,0,0,0,0,0
21262,0,0,0,0,0,0,0,0,0
21263,0,0,0,0,0,0,0,0,0
21264,0,0,0,0,0,0,0,0,0
21265,0,0,0,0,0,0,0,0,0
21266,2.91001e-05,4.70987e-10,2.64051e-15,2.78266e-16,1.44013e-17,7.07422e-25,6.51473e-48,7.22401e-89,2.91006e-05
21267,0,0,0,0,0,0,0,0,0
21268,0,0,0,0,0,0,0,0,0
21269,0,0,0,0,0,0,0,0,0
21270,0,0,0,0,0,0,0,0,0
21271,0,0,0,0,0,0,0,0,0
21272,0,0,0,0,0,0,0,0,0
21273,0,0,0,0,0,0,0,0,0
21274,0,0,0,0,0,0,0,0,0
21275,0,0,0,0,0,0,0,0,0
21276,0,0,0,0,0,0,0,0,0
21277,2.41213e-05,3.16999e-10,1.38223e-15,1.45505e-16,7.52005e-18,2.63945e-25,8.30038e-51,8.59306e-89,2.41216e-05
21278,0,0,0,0,0,0,0,0,0
21279,0,0,0,0,0,0,0,0,0
21280,0,0,0,0,0,0,0,0,0
21281,0,0,0,0,0,0,0,0,0
21282,0,0,0,0,0,0,0,0,0
21283,0,0,0,0,0,0,0,0,0
21284,0,0,0,0,0,0,0,0,0
21285,0,0,0,0,0,0,0,0,0
21286,0,0,0,0,0,0,0,0,0
21287,0,0,0,0,0,0,0,0,0
21288,0,0,0,0,0,0,0,0,0
21289,3.69561e-05,7.68636e-10,5.63773e-15,5.92716e-16,3.05842e-17,2.01206e-24,6.0725e-47,2.5497e-87,3.69569e-05
21290,0,0,0,0,0,0,0,0,0
21291,1.10325e-05,6.47719e-11,1.23154e-16,1.29451e-17,6.67804e-19,9.98538e-27,3.88571e-52,7.89518e-95,1.10325e-05
21292,0,0,0,0,0,0,0,0,0
21293,0,0,0,0,0,0,0,0,0
21294,0,0,0,0,0,0,0,0,0
21295,0,0,0,0,0,0,0,0,0
21296,0,0,0,0,0,0,0,0,0
21297,0,0,0,0,0,0,0,0,0
21298,0,0,0,0,0,0,0,0,0
21299,0,0,0,0,0,0,0,0,0
21300,0,0,0,0,0,0,0,0,0
21301,0,0,0,0,0,0,0,0,0
21302,0,0,0,0,0,0,0,0,0
21303,0,0,0,0,0,0,0,0,0
21304,0,0,0,0,0,0,0,0,0
21305,0,0,0,0,0,0,0,0,0
21306,0,0,0,0,0,0,0,0,0
21307,0,0,0,0,0,0,0,0,0
21308,0,0,0,0,0,0,0,0,0
21309,0,0,0,0,0,0,0,0,0
21310,0,0,0,0,0,0,0,0,0
21311,0,0,0,0,0,0,0,0,0
21312,0,0,0,0,0,0,0,0,0
21313,0,0,0,0,0,0,0,0,0
21314,0,0,0,0,0,0,0,0,0
21315,0,0,0,0,0,0,0,0,0
21316,0,0,0,0,0,0,0,0,0
21317,0,0,0,0,0,0,0,0,0
21318,0,0,0,0,0,0,0,0,0
21319,0,0,0,0,0,0,0,0,0
21320,0,0,0,0,0,0,0,0,0
21321,0,0,0,0,0,0,0,0,0
21322,0,0,0,0,0,0,0,0,0
21323,0,0,0,0,0,0,0,0,0
21324,4.16419e-05,9.7889e-10,8.13559e-15,8.52344e-16,4.3789e-17,3.25786e-24,1.46211e-46,7.55131e-87,4.16429e-05
21325,0,0,0,0,0,0,0,0,0
21326,0,0,0,0,0,0,0,0,0
21327,0,0,0,0,0,0,0,0,0
21328,0,0,0,0,0,0,0,0,0
21329,0,0,0,0,0,0,0,0,0
21330,0,0,0,0,0,0,0,0,0
21331,0,0,0,0,0,0,0,0,0
21332,0,0,0,0,0,0,0,0,0
21333,0,0,0,0,0,0,0,0,0
21334,0,0,0,0,0,0,0,0,0
21335,0,0,0,0,0,0,0,0,0
21336,0,0,0,0,0,0,0,0,0
21337,0,0,0,0,0,0,0,0,0
21338,0,0,0,0,0,0,0,0,0
21339,0,0,0,0,0,0,0,0,0
21340,3.12801e-05,5.469e-10,3.33952e-15,3.49294e-16,1.79078e-17,9.6182e-25,1.4189e-47,2.77006e-88,3.12806e-05
21341,0,0,0,0,0,0,0,0,0
21342,0,0,0,0,0,0,0,0,0
21343,0,0,0,0,0,0,0,0,0
21344,0,0,0,0,0,0,0,0,0
21345,0,0,0,0,0,0,0,0,0
21346,2.77321e-05,4.28557e-10,2.30665e-15,2.41111e-16,1.23517e-17,5.82805e-25,5.76552e-48,8.45402e-89,2.77325e-05
21347,0,0,0,0,0,0,0,0,0
21348,0,0,0,0,0,0,0,0,0
21349,0,0,0,0,0,0,0,0,0
21350,0,0,0,0,0,0,0,0,0
21351,0,0,0,0,0,0,0,0,0
21352,0,0,0,0,0,0,0,0,0
21353,0,0,0,0,0,0,0,0,0
21354,0,0,0,0,0,0,0,0,0
21355,0,0,0,0,0,0,0,0,0
21356,0,0,0,0,0,0,0,0,0
21357,0,0,0,0,0,0,0,0,0
21358,3.28026e-05,6.03433e-10,3.89853e-15,4.07006e-16,2.0818e-17,1.19031e-24,2.34199e-47,6.19465e-88,3.28032e-05
21359,0,0,0,0,0,0,0,0,0
21360,0,0,0,0,0,0,0,0,0
21361,2.95796e-05,4.88651e-10,2.81917e-15,2.94228e-16,1.50436e-17,7.62059e-25,9.72527e-48,1.7384e-88,2.95801e-05
21362,0,0,0,0,0,0,0,0,0
21363,0,0,0,0,0,0,0,0,0
21364,0,0,0,0,0,0,0,0,0
21365,2.54605e-05,3.60865e-10,1.78241e-15,1.85947e-16,9.50233e-18,4.11434e-25,3.30523e-48,4.41666e-89,2.54609e-05
21366,0,0,0,0,0,0,0,0,0
21367,0,0,0,0,0,0,0,0,0
21368,0,0,0,0,0,0,0,0,0
21369,0,0,0,0,0,0,0,0,0
21370,0,0,0,0,0,0,0,0,0
21371,0,0,0,0,0,0,0,0,0
21372,0,0,0,0,0,0,0,0,0
21373,0,0,0,0,0,0,0,0,0
21374,0,0,0,0,0,0,0,0,0
21375,0,0,0,0,0,0,0,0,0
21376,2.4838e-05,3.41715e-10,1.62167e-15,1.68995e-16,8.62427e-18,3.52405e-25,1.96497e-48,1.4174e-89,2.48384e-05
21377,0,0,0,0,0,0,0,0,0
21378,0,0,0,0,0,0,0,0,0
21379,0,0,0,0,0,0,0,0,0
21380,0,0,0,0,0,0,0,0,0
21381,0,0,0,0,0,0,0,0,0
21382,0,0,0,0,0,0,0,0,0
21383,3.0553e-05,5.22118e-10,3.12243e-15,3.25147e-16,1.65778e-17,8.70615e-25,1.28774e-47,2.54394e-88,3.05536e-05
21384,0,0,0,0,0,0,0,0,0
21385,0,0,0,0,0,0,0,0,0
21386,0,0,0,0,0,0,0,0,0
21387,0,0,0,0,0,0,0,0,0
21388,0,0,0,0,0,0,0,0,0
21389,0,0,0,0,0,0,0,0,0
21390,0,0,0,0,0,0,0,0,0
21391,0,0,0,0,0,0,0,0,0
21392,0,0,0,0,0,0,0,0,0
21393,0,0,0,0,0,0,0,0,0
21394,0,0,0,0,0,0,0,0,0
21395,0,0,0,0,0,0,0,0,0
21396,0,0,0,0,0,0,0,0,0
21397,0,0,0,0,0,0,0,0,0
21398,1.18799e-05,6.25752e-11,4.70702e-17,4.89427e-18,2.49072e-19,4.04887e-27,3.45031e-48,1.18458e-88,1.188e-05
21399,0,0,0,0,0,0,0,0,0
21400,0,0,0,0,0,0,0,0,0
21401,0,0,0,0,0,0,0,0,0
21402,0,0,0,0,0,0,0,0,0
21403,0,0,0,0,0,0,0,0,0
21404,0,0,0,0,0,0,0,0,0
21405,0,0,0,0,0,0,0,0,0
21406,0,0,0,0,0,0,0,0,0
21407,0,0,0,0,0,0,0,0,0
21408,0,0,0,0,0,0,0,0,0
21409,0,0,0,0,0,0,0,0,0
21410,0,0,0,0,0,0,0,0,0
21411,0,0,0,0,0,0,0,0,0
21412,0,0,0,0,0,0,0,0,0
21413,0,0,0,0,0,0,0,0,0
21414,0,0,0,0,0,0,0,0,0
21415,0,0,0,0,0,0,0,0,0
21416,0,0,0,0,0,0,0,0,0
21417,2.4706e-05,3.39313e-10,1.6202e-15,1.68138e-16,8.53574e-18,3.53831e-25,2.47455e-48,2.61804e-89,2.47063e-05
21418,0,0,0,0,0,0,0,0,0
21419,0,0,0,0,0,0,0,0,0
21420,0,0,0,0,0,0,0,0,0
21421,0,0,0,0,0,0,0,0,0
21422,0,0,0,0,0,0,0,0,0
21423,0,0,0,0,0,0,0,0,0
21424,0,0,0,0,0,0,0,0,0
21425,0,0,0,0,0,0,0,0,0
21426,2.96807e-05,4.91973e-10,2.84637e-15,2.95118e-16,1.49652e-17,7.53514e-25,9.65556e-48,1.52022e-88,2.96812e-05
21427,0,0,0,0,0,0,0,0,0
21428,0,0,0,0,0,0,0,0,0
21429,0,0,0,0,0,0,0,0,0
21430,0,0,0,0,0,0,0,0,0
21431,0,0,0,0,0,0,0,0,0
21432,0,0,0,0,0,0,0,0,0
21433,0,0,0,0,0,0,0,0,0
21434,0,0,0,0,0,0,0,0,0
21435,0,0,0,0,0,0,0,0,0
21436,0,0,0,0,0,0,0,0,0
21437,0,0,0,0,0,0,0,0,0
21438,0,0,0,0,0,0,0,0,0
21439,0,0,0,0,0,0,0,0,0
21440,0,0,0,0,0,0,0,0,0
21441,3.58306e-05,7.20744e-10,5.08668e-15,5.26615e-16,2.66545e-17,1.64316e-24,4.04441e-47,9.97434e-88,3.58313e-05
21442,0,0,0,0,0,0,0,0,0
21443,0,0,0,0,0,0,0,0,0
21444,0,0,0,0,0,0,0,0,0
21445,0,0,0,0,0,0,0,0,0
21446,0,0,0,0,0,0,0,0,0
21447,2.79794e-05,4.36271e-10,2.36796e-15,2.45004e-16,1.23915e-17,5.81817e-25,5.92331e-48,7.42275e-89,2.79798e-05
21448,0,0,0,0,0,0,0,0,0
21449,0,0,0,0,0,0,0,0,0
21450,0,0,0,0,0,0,0,0,0
21451,0,0,0,0,0,0,0,0,0
21452,0,0,0,0,0,0,0,0,0
21453,0,0,0,0,0,0,0,0,0
21454,0,0,0,0,0,0,0,0,0
21455,0,0,0,0,0,0,0,0,0
21456,0,0,0,0,0,0,0,0,0
21457,0,0,0,0,0,0,0,0,0
21458,0,0,0,0,0,0,0,0,0
21459,0,0,0,0,0,0,0,0,0
21460,0,0,0,0,0,0,0,0,0
21461,0,0,0,0,0,0,0,0,0
21462,0,0,0,0,0,0,0,0,0
21463,0,0,0,0,0,0,0,0,0
21464,0,0,0,0,0,0,0,0,0
21465,0,0,0,0,0,0,0,0,0
21466,0,0,0,0,0,0,0,0,0
21467,0,0,0,0,0,0,0,0,0
21468,0,0,0,0,0,0,0,0,0
21469,0,0,0,0,0,0,0,0,0
21470,0,0,0,0,0,0,0,0,0
21471,0,0,0,0,0,0,0,0,0
21472,6.41721e-05,2.34287e-09,3.03037e-14,3.12758e-15,1.57688e-16,1.78684e-23,2.78511e-45,2.1138e-85,6.41744e-05
21473,0,0,0,0,0,0,0,0,0
21474,0,0,0,0,0,0,0,0,0
21475,0,0,0,0,0,0,0,0,0
21476,0,0,0,0,0,0,0,0,0
21477,3.7221e-05,7.77489e-10,5.68559e-15,5.86464e-16,2.95477e-17,1.8712e-24,4.83192e-47,1.06479e-87,3.72218e-05
21478,0,0,0,0,0,0,0,0,0
21479,0,0,0,0,0,0,0,0,0
21480,0,0,0,0,0,0,0,0,0
21481,0,0,0,0,0,0,0,0,0
21482,0,0,0,0,0,0,0,0,0
21483,0,0,0,0,0,0,0,0,0
21484,0,0,0,0,0,0,0,0,0
21485,0,0,0,0,0,0,0,0,0
21486,0,0,0,0,0,0,0,0,0
21487,0,0,0,0,0,0,0,0,0
21488,0,0,0,0,0,0,0,0,0
21489,1.61304e-05,1.4261e-10,4.30927e-16,4.43954e-17,2.23334e-18,5.68505e-26,7.9092e-50,1.95495e-91,1.61305e-05
21490,2.5594e-05,3.64247e-10,1.80068e-15,1.85498e-16,9.33077e-18,3.96089e-25,3.00038e-48,2.80869e-89,2.55943e-05
21491,0,0,0,0,0,0,0,0,0
21492,0,0,0,0,0,0,0,0,0
21493,0,0,0,0,0,0,0,0,0
21494,0,0,0,0,0,0,0,0,0
21495,0,0,0,0,0,0,0,0,0
21496,0,0,0,0,0,0,0,0,0
21497,0,0,0,0,0,0,0,0,0
21498,0,0,0,0,0,0,0,0,0
21499,0,0,0,0,0,0,0,0,0
21500,0,0,0,0,0,0,0,0,0
21501,0,0,0,0,0,0,0,0,0
21502,0,0,0,0,0,0,0,0,0
21503,0,0,0,0,0,0,0,0,0
21504,1.43807e-05,1.03532e-10,1.94877e-16,2.00476e-17,1.00666e-18,5.93004e-27,1.11519e-48,4.46555e-89,1.43808e-05
21505,0,0,0,0,0,0,0,0,0
21506,0,0,0,0,0,0,0,0,0
21507,0,0,0,0,0,0,0,0,0
21508,0,0,0,0,0,0,0,0,0
21509,0,0,0,0,0,0,0,0,0
21510,0,0,0,0,0,0,0,0,0
21511,0,0,0,0,0,0,0,0,0
21512,1.65802e-05,1.49087e-10,4.46382e-16,4.58794e-17,2.30119e-18,5.50352e-26,1.97534e-50,1.16036e-91,1.65803e-05
21513,0,0,0,0,0,0,0,0,0
21514,0,0,0,0,0,0,0,0,0
21515,0,0,0,0,0,0,0,0,0
21516,2.40918e-05,3.21125e-10,1.47321e-15,1.51357e-16,7.5879e-18,2.93652e-25,1.43452e-48,6.8214e-90,2.40921e-05
21517,0,0,0,0,0,0,0,0,0
21518,0,0,0,0,0,0,0,0,0
21519,0,0,0,0,0,0,0,0,0
21520,2.82137e-05,4.4184e-10,2.38625e-15,2.45066e-16,1.22797e-17,5.59805e-25,4.51943e-48,3.17834e-89,2.82142e-05
21521,0,0,0,0,0,0,0,0,0
21522,2.44439e-05,3.31464e-10,1.55542e-15,1.59719e-16,8.0018e-18,3.19441e-25,1.93542e-48,1.36392e-89,2.44442e-05
21523,0,0,0,0,0,0,0,0,0
21524,0,0,0,0,0,0,0,0,0
21525,0,0,0,0,0,0,0,0,0
21526,0,0,0,0,0,0,0,0,0
21527,0,0,0,0,0,0,0,0,0
21528,0,0,0,0,0,0,0,0,0
21529,0,0,0,0,0,0,0,0,0
21530,0,0,0,0,0,0,0,0,0
21531,2.23677e-05,2.76855e-10,1.18279e-15,1.21336e-16,6.07132e-18,2.19784e-25,9.78165e-49,5.40851e-90,2.2368e-05
21532,0,0,0,0,0,0,0,0,0
21533,0,0,0,0,0,0,0,0,0
21534,0,0,0,0,0,0,0,0,0
21535,0,0,0,0,0,0,0,0,0
21536,0,0,0,0,0,0,0,0,0
21537,0,0,0,0,0,0,0,0,0
21538,0,0,0,0,0,0,0,0,0
21539,0,0,0,0,0,0,0,0,0
21540,0,0,0,0,0,0,0,0,0
21541,0,0,0,0,0,0,0,0,0
21542,0,0,0,0,0,0,0,0,0
21543,0,0,0,0,0,0,0,0,0
21544,0,0,0,0,0,0,0,0,0
21545,0,0,0,0,0,0,0,0,0
21546,0,0,0,0,0,0,0,0,0
21547,0,0,0,0,0,0,0,0,0
21548,0,0,0,0,0,0,0,0,0
21549,0,0,0,0,0,0,0,0,0
21550,0,0,0,0,0,0,0,0,0
21551,0,0,0,0,0,0,0,0,0
21552,0,0,0,0,0,0,0,0,0
21553,0,0,0,0,0,0,0,0,0
21554,0,0,0,0,0,0,0,0,0
21555,0,0,0,0,0,0,0,0,0
21556,0,0,0,0,0,0,0,0,0
21557,0,0,0,0,0,0,0,0,0
21558,0,0,0,0,0,0,0,0,0
21559,0,0,0,0,0,0,0,0,0
21560,0,0,0,0,0,0,0,0,0
21561,0,0,0,0,0,0,0,0,0
21562,0,0,0,0,0,0,0,0,0
21563,0,0,0,0,0,0,0,0,0
21564,0,0,0,0,0,0,0,0,0
21565,0,0,0,0,0,0,0,0,0
21566,0,0,0,0,0,0,0,0,0
21567,0,0,0,0,0,0,0,0,0
21568,0,0,0,0,0,0,0,0,0
21569,0,0,0,0,0,0,0,0,0
21570,0,0,0,0,0,0,0,0,0
21571,0,0,0,0,0,0,0,0,0
21572,0,0,0,0,0,0,0,0,0
21573,0,0,0,0,0,0,0,0,0
21574,0,0,0,0,0,0,0,0,0
21575,0,0,0,0,0,0,0,0,0
21576,0,0,0,0,0,0,0,0,0
21577,3.82134e-05,8.1923e-10,6.13588e-15,6.26527e-16,3.11678e-17,1.98946e-24,5.2928e-47,9.32232e-88,3.82142e-05
21578,0,0,0,0,0,0,0,0,0
21579,0,0,0,0,0,0,0,0,0
21580,0,0,0,0,0,0,0,0,0
21581,0,0,0,0,0,0,0,0,0
21582,0,0,0,0,0,0,0,0,0
21583,0,0,0,0,0,0,0,0,0
21584,0,0,0,0,0,0,0,0,0
21585,0,0,0,0,0,0,0,0,0
21586,0,0,0,0,0,0,0,0,0
21587,0,0,0,0,0,0,0,0,0
21588,0,0,0,0,0,0,0,0,0
21589,0,0,0,0,0,0,0,0,0
21590,0,0,0,0,0,0,0,0,0
21591,0,0,0,0,0,0,0,0,0
21592,0,0,0,0,0,0,0,0,0
21593,0,0,0,0,0,0,0,0,0
21594,0,0,0,0,0,0,0,0,0
21595,0,0,0,0,0,0,0,0,0
21596,0,0,0,0,0,0,0,0,0
21597,0,0,0,0,0,0,0,0,0
21598,0,0,0,0,0,0,0,0,0
21599,0,0,0,0,0,0,0,0,0
21600,0,0,0,0,0,0,0,0,0
21601,0,0,0,0,0,0,0,0,0
21602,0,0,0,0,0,0,0,0,0
21603,0,0,0,0,0,0,0,0,0
21604,0,0,0,0,0,0,0,0,0
21605,0,0,0,0,0,0,0,0,0
21606,0,0,0,0,0,0,0,0,0
21607,0,0,0,0,0,0,0,0,0
21608,0,0,0,0,0,0,0,0,0
21609,0,0,0,0,0,0,0,0,0
21610,0,0,0,0,0,0,0,0,0
21611,0,0,0,0,0,0,0,0,0
21612,0,0,0,0,0,0,0,0,0
21613,0,0,0,0,0,0,0,0,0
21614,0,0,0,0,0,0,0,0,0
21615,0,0,0,0,0,0,0,0,0
21616,0,0,0,0,0,0,0,0,0
21617,0,0,0,0,0,0,0,0,0
21618,0,0,0,0,0,0,0,0,0
21619,2.35706e-05,3.07132e-10,1.37551e-15,1.39855e-16,6.92035e-18,2.57794e-25,1.19051e-48,4.98913e-90,2.35709e-05
21620,0,0,0,0,0,0,0,0,0
21621,0,0,0,0,0,0,0,0,0
21622,0,0,0,0,0,0,0,0,0
21623,0,0,0,0,0,0,0,0,0
21624,0,0,0,0,0,0,0,0,0
21625,0,0,0,0,0,0,0,0,0
21626,0,0,0,0,0,0,0,0,0
21627,0,0,0,0,0,0,0,0,0
21628,0,0,0,0,0,0,0,0,0
21629,0,0,0,0,0,0,0,0,0
21630,0,0,0,0,0,0,0,0,0
21631,0,0,0,0,0,0,0,0,0
21632,0,0,0,0,0,0,0,0,0
21633,6.13672e-06,1.66523e-11,7.00007e-18,7.10729e-19,3.51066e-20,1.36225e-28,1.73096e-50,7.7237e-92,6.13674e-06
21634,0,0,0,0,0,0,0,0,0
21635,0,0,0,0,0,0,0,0,0
21636,0,0,0,0,0,0,0,0,0
21637,0,0,0,0,0,0,0,0,0
21638,0,0,0,0,0,0,0,0,0
21639,0,0,0,0,0,0,0,0,0
21640,0,0,0,0,0,0,0,0,0
21641,0,0,0,0,0,0,0,0,0
21642,0,0,0,0,0,0,0,0,0
21643,0,0,0,0,0,0,0,0,0
21644,0,0,0,0,0,0,0,0,0
21645,0,0,0,0,0,0,0,0,0
21646,3.351e-05,6.27779e-10,4.09386e-15,4.15111e-16,2.04707e-17,1.12363e-24,1.9084e-47,2.12169e-88,3.35106e-05
21647,0,0,0,0,0,0,0,0,0
21648,0,0,0,0,0,0,0,0,0
21649,0,0,0,0,0,0,0,0,0
21650,0,0,0,0,0,0,0,0,0
21651,0,0,0,0,0,0,0,0,0
21652,0,0,0,0,0,0,0,0,0
21653,0,0,0,0,0,0,0,0,0
21654,0,0,0,0,0,0,0,0,0
21655,0,0,0,0,0,0,0,0,0
21656,0,0,0,0,0,0,0,0,0
21657,0,0,0,0,0,0,0,0,0
21658,0,0,0,0,0,0,0,0,0
21659,0,0,0,0,0,0,0,0,0
21660,0,0,0,0,0,0,0,0,0
21661,0,0,0,0,0,0,0,0,0
21662,3.48837e-05,6.80756e-10,4.6247e-15,4.68183e-16,2.30413e-17,1.3143e-24,2.4999e-47,2.86226e-88,3.48843e-05
21663,0,0,0,0,0,0,0,0,0
21664,2.20028e-05,2.67176e-10,1.11315e-15,1.12662e-16,5.54288e-18,1.90695e-25,7.01485e-49,2.30302e-90,2.20031e-05
21665,0,0,0,0,0,0,0,0,0
21666,1.44188e-05,1.11684e-10,2.8327e-16,2.86656e-17,1.41006e-18,2.7353e-26,5.19959e-51,1.89339e-94,1.44189e-05
21667,0,0,0,0,0,0,0,0,0
21668,0,0,0,0,0,0,0,0,0
21669,0,0,0,0,0,0,0,0,0
21670,0,0,0,0,0,0,0,0,0
21671,0,0,0,0,0,0,0,0,0
21672,0,0,0,0,0,0,0,0,0
21673,0,0,0,0,0,0,0,0,0
21674,0,0,0,0,0,0,0,0,0
21675,0,0,0,0,0,0,0,0,0
21676,3.26258e-05,5.93484e-10,3.73888e-15,3.77968e-16,1.85684e-17,9.73343e-25,1.34557e-47,1.09828e-88,3.26264e-05
21677,0,0,0,0,0,0,0,0,0
21678,0,0,0,0,0,0,0,0,0
21679,0,0,0,0,0,0,0,0,0
21680,0,0,0,0,0,0,0,0,0
21681,0,0,0,0,0,0,0,0,0
21682,5.70523e-05,1.84303e-09,2.09351e-14,2.11511e-15,1.03833e-16,9.96553e-24,9.49221e-46,3.12938e-86,5.70542e-05
21683,0,0,0,0,0,0,0,0,0
21684,0,0,0,0,0,0,0,0,0
21685,0,0,0,0,0,0,0,0,0
21686,0,0,0,0,0,0,0,0,0
21687,0,0,0,0,0,0,0,0,0
21688,0,0,0,0,0,0,0,0,0
21689,0,0,0,0,0,0,0,0,0
21690,0,0,0,0,0,0,0,0,0
21691,0,0,0,0,0,0,0,0,0
21692,0,0,0,0,0,0,0,0,0
21693,0,0,0,0,0,0,0,0,0
21694,0,0,0,0,0,0,0,0,0
21695,2.23146e-05,2.74395e-10,1.15327e-15,1.16363e-16,5.70283e-18,1.95873e-25,6.70772e-49,1.72217e-90,2.23148e-05
21696,0,0,0,0,0,0,0,0,0
21697,0,0,0,0,0,0,0,0,0
21698,0,0,0,0,0,0,0,0,0
21699,0,0,0,0,0,0,0,0,0
21700,0,0,0,0,0,0,0,0,0
21701,0,0,0,0,0,0,0,0,0
21702,0,0,0,0,0,0,0,0,0
21703,0,0,0,0,0,0,0,0,0
21704,0,0,0,0,0,0,0,0,0
21705,0,0,0,0,0,0,0,0,0
21706,0,0,0,0,0,0,0,0,0
21707,0,0,0,0,0,0,0,0,0
21708,0,0,0,0,0,0,0,0,0
21709,0,0,0,0,0,0,0,0,0
21710,0,0,0,0,0,0,0,0,0
21711,0,0,0,0,0,0,0,0,0
21712,0,0,0,0,0,0,0,0,0
21713,0,0,0,0,0,0,0,0,0
21714,0,0,0,0,0,0,0,0,0
21715,0,0,0,0,0,0,0,0,0
21716,0,0,0,0,0,0,0,0,0
21717,0,0,0,0,0,0,0,0,0
21718,0,0,0,0,0,0,0,0,0
21719,0,0,0,0,0,0,0,0,0
21720,0,0,0,0,0,0,0,0,0
21721,0,0,0,0,0,0,0,0,0
21722,0,0,0,0,0,0,0,0,0
21723,0,0,0,0,0,0,0,0,0
21724,0,0,0,0,0,0,0,0,0
21725,0,0,0,0,0,0,0,0,0
21726,0,0,0,0,0,0,0,0,0
21727,0,0,0,0,0,0,0,0,0
21728,0,0,0,0,0,0,0,0,0
21729,0,0,0,0,0,0,0,0,0
21730,0,0,0,0,0,0,0,0,0
21731,0,0,0,0,0,0,0,0,0
21732,0,0,0,0,0,0,0,0,0
21733,0,0,0,0,0,0,0,0,0
21734,0,0,0,0,0,0,0,0,0
21735,1.41869e-05,9.80685e-11,1.59757e-16,1.60529e-17,7.82696e-19,1.59349e-27,1.60181e-48,3.08081e-89,1.4187e-05
21736,0,0,0,0,0,0,0,0,0
21737,0,0,0,0,0,0,0,0,0
21738,0,0,0,0,0,0,0,0,0
21739,0,0,0,0,0,0,0,0,0
21740,0,0,0,0,0,0,0,0,0
21741,3.28062e-05,6.00098e-10,3.80015e-15,3.81623e-16,1.85928e-17,9.71111e-25,1.35945e-47,9.81013e-89,3.28068e-05
21742,0,0,0,0,0,0,0,0,0
21743,0,0,0,0,0,0,0,0,0
21744,0,0,0,0,0,0,0,0,0
21745,0,0,0,0,0,0,0,0,0
21746,0,0,0,0,0,0,0,0,0
21747,0,0,0,0,0,0,0,0,0
21748,0,0,0,0,0,0,0,0,0
21749,3.58035e-05,7.16293e-10,4.9697e-15,4.98674e-16,2.42714e-17,1.38967e-24,2.58975e-47,2.23582e-88,3.58042e-05
21750,0,0,0,0,0,0,0,0,0
21751,0,0,0,0,0,0,0,0,0
21752,0,0,0,0,0,0,0,0,0
21753,0,0,0,0,0,0,0,0,0
21754,0,0,0,0,0,0,0,0,0
21755,0,0,0,0,0,0,0,0,0
21756,0,0,0,0,0,0,0,0,0
21757,0,0,0,0,0,0,0,0,0
21758,0,0,0,0,0,0,0,0,0
21759,0,0,0,0,0,0,0,0,0
21760,0,0,0,0,0,0,0,0,0
21761,0,0,0,0,0,0,0,0,0
21762,0,0,0,0,0,0,0,0,0
21763,2.25925e-05,2.80325e-10,1.17904e-15,1.18148e-16,5.74073e-18,1.92866e-25,5.23041e-49,6.14353e-91,2.25928e-05
21764,0,0,0,0,0,0,0,0,0
21765,0,0,0,0,0,0,0,0,0
21766,0,0,0,0,0,0,0,0,0
21767,0,0,0,0,0,0,0,0,0
21768,0,0,0,0,0,0,0,0,0
21769,0,0,0,0,0,0,0,0,0
21770,0,0,0,0,0,0,0,0,0
21771,0,0,0,0,0,0,0,0,0
21772,0,0,0,0,0,0,0,0,0
21773,0,0,0,0,0,0,0,0,0
21774,0,0,0,0,0,0,0,0,0
21775,0,0,0,0,0,0,0,0,0
21776,0,0,0,0,0,0,0,0,0
21777,0,0,0,0,0,0,0,0,0
21778,0,0,0,0,0,0,0,0,0
21779,0,0,0,0,0,0,0,0,0
21780,0,0,0,0,0,0,0,0,0
21781,0,0,0,0,0,0,0,0,0
21782,0,0,0,0,0,0,0,0,0
21783,0,0,0,0,0,0,0,0,0
21784,1.72727e-05,1.63492e-10,5.26735e-16,5.26701e-17,2.55237e-18,6.62938e-26,1.03236e-49,1.40667e-91,1.72729e-05
21785,0,0,0,0,0,0,0,0,0
21786,2.60541e-05,3.75674e-10,1.85856e-15,1.85808e-16,9.002e-18,3.61345e-25,2.13493e-48,7.09323e-90,2.60545e-05
21787,0,0,0,0,0,0,0,0,0
21788,2.65458e-05,3.89142e-10,1.94695e-15,1.94601e-16,9.42533e-18,3.79126e-25,2.04177e-48,5.4642e-90,2.65462e-05
21789,0,0,0,0,0,0,0,0,0
21790,0,0,0,0,0,0,0,0,0
21791,2.42378e-05,3.24957e-10,1.49665e-15,1.49541e-16,7.23979e-18,2.71196e-25,1.36183e-48,4.29956e-90,2.42381e-05
21792,3.30624e-05,6.09684e-10,3.89258e-15,3.88924e-16,1.88283e-17,9.85428e-25,1.4205e-47,9.49873e-89,3.3063e-05
21793,0,0,0,0,0,0,0,0,0
21794,0,0,0,0,0,0,0,0,0
21795,0,0,0,0,0,0,0,0,0
21796,0,0,0,0,0,0,0,0,0
21797,0,0,0,0,0,0,0,0,0
21798,0,0,0,0,0,0,0,0,0
21799,0,0,0,0,0,0,0,0,0
21800,0,0,0,0,0,0,0,0,0
21801,0,0,0,0,0,0,0,0,0
21802,0,0,0,0,0,0,0,0,0
21803,0,0,0,0,0,0,0,0,0
21804,0,0,0,0,0,0,0,0,0
21805,0,0,0,0,0,0,0,0,0
21806,0,0,0,0,0,0,0,0,0
21807,0,0,0,0,0,0,0,0,0
21808,0,0,0,0,0,0,0,0,0
21809,0,0,0,0,0,0,0,0,0
21810,0,0,0,0,0,0,0,0,0
21811,0,0,0,0,0,0,0,0,0
21812,0,0,0,0,0,0,0,0,0
21813,0,0,0,0,0,0,0,0,0
21814,0,0,0,0,0,0,0,0,0
21815,0,0,0,0,0,0,0,0,0
21816,0,0,0,0,0,0,0,0,0
21817,0,0,0,0,0,0,0,0,0
21818,0,0,0,0,0,0,0,0,0
21819,0,0,0,0,0,0,0,0,0
21820,0,0,0,0,0,0,0,0,0
21821,4.81849e-05,7.56152e-10,4.54403e-15,4.52645e-16,2.18305e-17,1.12733e-24,1.69307e-47,1.0717e-88,4.81856e-05
21822,0,0,0,0,0,0,0,0,0
21823,0,0,0,0,0,0,0,0,0
21824,0,0,0,0,0,0,0,0,0
21825,0,0,0,0,0,0,0,0,0
21826,0,0,0,0,0,0,0,0,0
21827,0,0,0,0,0,0,0,0,0
21828,0,0,0,0,0,0,0,0,0
21829,0,0,0,0,0,0,0,0,0
21830,0,0,0,0,0,0,0,0,0
21831,0,0,0,0,0,0,0,0,0
21832,0,0,0,0,0,0,0,0,0
21833,0,0,0,0,0,0,0,0,0
21834,0,0,0,0,0,0,0,0,0
21835,0,0,0,0,0,0,0,0,0
21836,0,0,0,0,0,0,0,0,0
21837,0,0,0,0,0,0,0,0,0
21838,0,0,0,0,0,0,0,0,0
21839,0,0,0,0,0,0,0,0,0
21840,0,0,0,0,0,0,0,0,0
21841,0,0,0,0,0,0,0,0,0
21842,0,0,0,0,0,0,0,0,0
21843,0,0,0,0,0,0,0,0,0
21844,0,0,0,0,0,0,0,0,0
21845,0,0,0,0,0,0,0,0,0
21846,0,0,0,0,0,0,0,0,0
21847,0,0,0,0,0,0,0,0,0
21848,0,0,0,0,0,0,0,0,0
21849,0,0,0,0,0,0,0,0,0
21850,0,0,0,0,0,0,0,0,0
21851,0,0,0,0,0,0,0,0,0
21852,0,0,0,0,0,0,0,0,0
21853,0,0,0,0,0,0,0,0,0
21854,0,0,0,0,0,0,0,0,0
21855,0,0,0,0,0,0,0,0,0
21856,0,0,0,0,0,0,0,0,0
21857,0,0,0,0,0,0,0,0,0
21858,0,0,0,0,0,0,0,0,0
21859,0,0,0,0,0,0,0,0,0
21860,3.33122e-05,6.18071e-10,3.9562e-15,3.92553e-16,1.88399e-17,9.74473e-25,1.31339e-47,6.74573e-89,3.33128e-05
21861,0,0,0,0,0,0,0,0,0
21862,0,0,0,0,0,0,0,0,0
21863,0,0,0,0,0,0,0,0,0
21864,0,0,0,0,0,0,0,0,0
21865,0,0,0,0,0,0,0,0,0
21866,0,0,0,0,0,0,0,0,0
21867,0,0,0,0,0,0,0,0,0
21868,0,0,0,0,0,0,0,0,0
21869,0,0,0,0,0,0,0,0,0
21870,0,0,0,0,0,0,0,0,0
21871,0,0,0,0,0,0,0,0,0
21872,0,0,0,0,0,0,0,0,0
21873,0,0,0,0,0,0,0,0,0
21874,0,0,0,0,0,0,0,0,0
21875,0,0,0,0,0,0,0,0,0
21876,0,0,0,0,0,0,0,0,0
21877,0,0,0,0,0,0,0,0,0
21878,0,0,0,0,0,0,0,0,0
21879,4.32021e-05,5.25734e-10,2.22888e-15,2.2074e-16,1.05688e-17,3.64039e-25,1.48887e-48,3.21151e-90,4.32026e-05
21880,2.3538e-05,3.05637e-10,1.35612e-15,1.34284e-16,6.42817e-18,2.27582e-25,9.2515e-49,1.91241e-90,2.35383e-05
21881,0,0,0,0,0,0,0,0,0
21882,0,0,0,0,0,0,0,0,0
21883,0,0,0,0,0,0,0,0,0
21884,0,0,0,0,0,0,0,0,0
21885,0,0,0,0,0,0,0,0,0
21886,0,0,0,0,0,0,0,0,0
21887,0,0,0,0,0,0,0,0,0
21888,0,0,0,0,0,0,0,0,0
21889,1.57431e-05,1.33027e-10,3.65769e-16,3.61877e-17,1.73044e-18,3.49316e-26,5.18072e-51,8.97182e-93,1.57432e-05
21890,0,0,0,0,0,0,0,0,0
21891,0,0,0,0,0,0,0,0,0
21892,0,0,0,0,0,0,0,0,0
21893,0,0,0,0,0,0,0,0,0
21894,0,0,0,0,0,0,0,0,0
21895,0,0,0,0,0,0,0,0,0
21896,0,0,0,0,0,0,0,0,0
21897,0,0,0,0,0,0,0,0,0
21898,0,0,0,0,0,0,0,0,0
21899,0,0,0,0,0,0,0,0,0
21900,0,0,0,0,0,0,0,0,0
21901,0,0,0,0,0,0,0,0,0
21902,0,0,0,0,0,0,0,0,0
21903,0,0,0,0,0,0,0,0,0
21904,0,0,0,0,0,0,0,0,0
21905,0,0,0,0,0,0,0,0,0
21906,0,0,0,0,0,0,0,0,0
21907,0,0,0,0,0,0,0,0,0
21908,2.54516e-05,3.58222e-10,1.72725e-15,1.70548e-16,8.13509e-18,3.12815e-25,1.68856e-48,4.10196e-90,2.5452e-05
21909,0,0,0,0,0,0,0,0,0
21910,0,0,0,0,0,0,0,0,0
21911,0,0,0,0,0,0,0,0,0
21912,0,0,0,0,0,0,0,0,0
21913,0,0,0,0,0,0,0,0,0
21914,0,0,0,0,0,0,0,0,0
21915,0,0,0,0,0,0,0,0,0
21916,0,0,0,0,0,0,0,0,0
21917,0,0,0,0,0,0,0,0,0
21918,0,0,0,0,0,0,0,0,0
21919,0,0,0,0,0,0,0,0,0
21920,0,0,0,0,0,0,0,0,0
21921,0,0,0,0,0,0,0,0,0
21922,1.12767e-05,6.7023e-11,1.25431e-16,1.23674e-17,5.88869e-19,7.54996e-27,1.21461e-52,5.41415e-93,1.12768e-05
21923,0,0,0,0,0,0,0,0,0
21924,3.04944e-05,5.16603e-10,3.01018e-15,2.96764e-16,1.41281e-17,6.57694e-25,6.47198e-48,2.31226e-89,3.04949e-05
21925,0,0,0,0,0,0,0,0,0
21926,0,0,0,0,0,0,0,0,0
21927,2.1539e-05,2.54688e-10,1.02091e-15,1.00617e-16,4.78822e-18,1.50474e-25,3.83037e-49,4.22596e-91,2.15392e-05
21928,0,0,0,0,0,0,0,0,0
21929,0,0,0,0,0,0,0,0,0
21930,2.91102e-05,4.70074e-10,2.60641e-15,2.56782e-16,1.22142e-17,5.39501e-25,4.47273e-48,1.37912e-89,2.91106e-05
21931,0,0,0,0,0,0,0,0,0
21932,0,0,0,0,0,0,0,0,0
21933,0,0,0,0,0,0,0,0,0
21934,0,0,0,0,0,0,0,0,0
21935,0,0,0,0,0,0,0,0,0
21936,0,0,0,0,0,0,0,0,0
21937,0,0,0,0,0,0,0,0,0
21938,0,0,0,0,0,0,0,0,0
21939,0,0,0,0,0,0,0,0,0
21940,0,0,0,0,0,0,0,0,0
21941,0,0,0,0,0,0,0,0,0
21942,0,0,0,0,0,0,0,0,0
21943,0,0,0,0,0,0,0,0,0
21944,0,0,0,0,0,0,0,0,0
21945,0,0,0,0,0,0,0,0,0
21946,0,0,0,0,0,0,0,0,0
21947,0,0,0,0,0,0,0,0,0
21948,0,0,0,0,0,0,0,0,0
21949,0,0,0,0,0,0,0,0,0
21950,0,0,0,0,0,0,0,0,0
21951,0,0,0,0,0,0,0,0,0
21952,0,0,0,0,0,0,0,0,0
21953,0,0,0,0,0,0,0,0,0
21954,9.48048e-06,3.65265e-11,9.84373e-18,9.67482e-19,4.5882e-20,6.6347e-27,1.07537e-48,6.12468e-90,9.48052e-06
21955,0,0,0,0,0,0,0,0,0
21956,0,0,0,0,0,0,0,0,0
21957,0,0,0,0,0,0,0,0,0
21958,0,0,0,0,0,0,0,0,0
21959,0,0,0,0,0,0,0,0,0
21960,0,0,0,0,0,0,0,0,0
21961,0,0,0,0,0,0,0,0,0
21962,0,0,0,0,0,0,0,0,0
21963,1.14211e-05,6.99575e-11,1.40832e-16,1.38295e-17,6.55138e-19,9.85497e-27,1.54678e-51,4.02578e-96,1.14211e-05
21964,0,0,0,0,0,0,0,0,0
21965,0,0,0,0,0,0,0,0,0
21966,0,0,0,0,0,0,0,0,0
21967,3.45671e-05,6.6543e-10,4.41038e-15,4.32903e-16,2.04965e-17,1.07922e-24,1.54239e-47,6.30434e-89,3.45677e-05
21968,0,0,0,0,0,0,0,0,0
21969,0,0,0,0,0,0,0,0,0
21970,0,0,0,0,0,0,0,0,0
21971,0,0,0,0,0,0,0,0,0
21972,0,0,0,0,0,0,0,0,0
21973,0,0,0,0,0,0,0,0,0
21974,0,0,0,0,0,0,0,0,0
21975,0,0,0,0,0,0,0,0,0
21976,0,0,0,0,0,0,0,0,0
21977,0,0,0,0,0,0,0,0,0
21978,0,0,0,0,0,0,0,0,0
21979,0,0,0,0,0,0,0,0,0
21980,0,0,0,0,0,0,0,0,0
21981,0,0,0,0,0,0,0,0,0
21982,0,0,0,0,0,0,0,0,0
21983,0,0,0,0,0,0,0,0,0
21984,0,0,0,0,0,0,0,0,0
21985,0,0,0,0,0,0,0,0,0
21986,0,0,0,0,0,0,0,0,0
21987,0,0,0,0,0,0,0,0,0
21988,0,0,0,0,0,0,0,0,0
21989,0,0,0,0,0,0,0,0,0
21990,0,0,0,0,0,0,0,0,0
21991,0,0,0,0,0,0,0,0,0
21992,2.00826e-05,2.20193e-10,8.10022e-16,7.93057e-17,3.74288e-18,1.05289e-25,1.56504e-49,5.2267e-92,2.00828e-05
21993,0,0,0,0,0,0,0,0,0
21994,0,0,0,0,0,0,0,0,0
21995,0,0,0,0,0,0,0,0,0
21996,0,0,0,0,0,0,0,0,0
21997,0,0,0,0,0,0,0,0,0
21998,0,0,0,0,0,0,0,0,0
21999,0,0,0,0,0,0,0,0,0
22000,0,0,0,0,0,0,0,0,0
22001,0,0,0,0,0,0,0,0,0
22002,0,0,0,0,0,0,0,0,0
22003,0,0,0,0,0,0,0,0,0
22004,0,0,0,0,0,0,0,0,0
22005,0,0,0,0,0,0,0,0,0
22006,0,0,0,0,0,0,0,0,0
22007,0,0,0,0,0,0,0,0,0
22008,0,0,0,0,0,0,0,0,0
22009,0,0,0,0,0,0,0,0,0
22010,0,0,0,0,0,0,0,0,0
22011,0,0,0,0,0,0,0,0,0
22012,0,0,0,0,0,0,0,0,0
22013,0,0,0,0,0,0,0,0,0
22014,0,0,0,0,0,0,0,0,0
22015,0,0,0,0,0,0,0,0,0
22016,0,0,0,0,0,0,0,0,0
22017,0,0,0,0,0,0,0,0,0
22018,0,0,0,0,0,0,0,0,0
22019,0,0,0,0,0,0,0,0,0
22020,0,0,0,0,0,0,0,0,0
22021,0,0,0,0,0,0,0,0,0
22022,0,0,0,0,0,0,0,0,0
22023,0,0,0,0,0,0,0,0,0
22024,0,0,0,0,0,0,0,0,0
22025,0,0,0,0,0,0,0,0,0
22026,0,0,0,0,0,0,0,0,0
22027,0,0,0,0,0,0,0,0,0
22028,0,0,0,0,0,0,0,0,0
22029,0,0,0,0,0,0,0,0,0
22030,0,0,0,0,0,0,0,0,0
22031,0,0,0,0,0,0,0,0,0
22032,0,0,0,0,0,0,0,0,0
22033,0,0,0,0,0,0,0,0,0
22034,0,0,0,0,0,0,0,0,0
22035,0,0,0,0,0,0,0,0,0
22036,4.39497e-05,6.52171e-10,3.69434e-15,3.60096e-16,1.69008e-17,7.80832e-25,7.18009e-48,1.52278e-89,4.39504e-05
22037,0,0,0,0,0,0,0,0,0
22038,0,0,0,0,0,0,0,0,0
22039,0,0,0,0,0,0,0,0,0
22040,0,0,0,0,0,0,0,0,0
22041,0,0,0,0,0,0,0,0,0
22042,9.88586e-06,5.21502e-11,8.98467e-17,8.75267e-18,4.10511e-19,5.19794e-27,5.22196e-52,1.39715e-95,9.88591e-06
22043,0,0,0,0,0,0,0,0,0
22044,0,0,0,0,0,0,0,0,0
22045,0,0,0,0,0,0,0,0,0
22046,2.6892e-05,3.988e-10,2.00889e-15,1.95611e-16,9.16907e-18,3.56839e-25,1.8006e-48,2.50497e-90,2.68924e-05
22047,0,0,0,0,0,0,0,0,0
22048,0,0,0,0,0,0,0,0,0
22049,0,0,0,0,0,0,0,0,0
22050,0,0,0,0,0,0,0,0,0
22051,0,0,0,0,0,0,0,0,0
22052,0,0,0,0,0,0,0,0,0
22053,0,0,0,0,0,0,0,0,0
22054,0,0,0,0,0,0,0,0,0
22055,0,0,0,0,0,0,0,0,0
22056,0,0,0,0,0,0,0,0,0
22057,0,0,0,0,0,0,0,0,0
22058,0,0,0,0,0,0,0,0,0
22059,0,0,0,0,0,0,0,0,0
22060,0,0,0,0,0,0,0,0,0
22061,0,0,0,0,0,0,0,0,0
22062,0,0,0,0,0,0,0,0,0
22063,0,0,0,0,0,0,0,0,0
22064,2.3401e-05,3.01539e-10,1.32152e-15,1.28451e-16,6.00764e-18,2.03842e-25,7.33462e-49,8.83267e-91,2.34013e-05
22065,0,0,0,0,0,0,0,0,0
22066,0,0,0,0,0,0,0,0,0
22067,0,0,0,0,0,0,0,0,0
22068,0,0,0,0,0,0,0,0,0
22069,0,0,0,0,0,0,0,0,0
22070,0,0,0,0,0,0,0,0,0
22071,0,0,0,0,0,0,0,0,0
22072,0,0,0,0,0,0,0,0,0
22073,0,0,0,0,0,0,0,0,0
22074,0,0,0,0,0,0,0,0,0
22075,0,0,0,0,0,0,0,0,0
22076,0,0,0,0,0,0,0,0,0
22077,0,0,0,0,0,0,0,0,0
22078,0,0,0,0,0,0,0,0,0
22079,0,0,0,0,0,0,0,0,0
22080,0,0,0,0,0,0,0,0,0
22081,0,0,0,0,0,0,0,0,0
22082,0,0,0,0,0,0,0,0,0
22083,0,0,0,0,0,0,0,0,0
22084,0,0,0,0,0,0,0,0,0
22085,0,0,0,0,0,0,0,0,0
22086,0,0,0,0,0,0,0,0,0
22087,0,0,0,0,0,0,0,0,0
22088,0,0,0,0,0,0,0,0,0
22089,0,0,0,0,0,0,0,0,0
22090,0,0,0,0,0,0,0,0,0
22091,0,0,0,0,0,0,0,0,0
22092,0,0,0,0,0,0,0,0,0
22093,0,0,0,0,0,0,0,0,0
22094,0,0,0,0,0,0,0,0,0
22095,0,0,0,0,0,0,0,0,0
22096,0,0,0,0,0,0,0,0,0
22097,0,0,0,0,0,0,0,0,0
22098,0,0,0,0,0,0,0,0,0
22099,0,0,0,0,0,0,0,0,0
22100,0,0,0,0,0,0,0,0,0
22101,0,0,0,0,0,0,0,0,0
22102,0,0,0,0,0,0,0,0,0
22103,0,0,0,0,0,0,0,0,0
22104,0,0,0,0,0,0,0,0,0
22105,0,0,0,0,0,0,0,0,0
22106,2.18646e-05,2.62435e-10,1.06635e-15,1.03204e-16,4.80091e-18,1.49265e-25,3.9581e-49,3.29709e-91,2.18648e-05
22107,0,0,0,0,0,0,0,0,0
22108,0,0,0,0,0,0,0,0,0
22109,0,0,0,0,0,0,0,0,0
22110,0,0,0,0,0,0,0,0,0
22111,0,0,0,0,0,0,0,0,0
22112,0,0,0,0,0,0,0,0,0
22113,0,0,0,0,0,0,0,0,0
22114,0,0,0,0,0,0,0,0,0
22115,0,0,0,0,0,0,0,0,0
22116,0,0,0,0,0,0,0,0,0
22117,0,0,0,0,0,0,0,0,0
22118,0,0,0,0,0,0,0,0,0
22119,0,0,0,0,0,0,0,0,0
22120,0,0,0,0,0,0,0,0,0
22121,0,0,0,0,0,0,0,0,0
22122,0,0,0,0,0,0,0,0,0
22123,0,0,0,0,0,0,0,0,0
22124,0,0,0,0,0,0,0,0,0
22125,0,0,0,0,0,0,0,0,0
22126,0,0,0,0,0,0,0,0,0
22127,0,0,0,0,0,0,0,0,0
22128,0,0,0,0,0,0,0,0,0
22129,0,0,0,0,0,0,0,0,0
22130,0,0,0,0,0,0,0,0,0
22131,0,0,0,0,0,0,0,0,0
22132,0,0,0,0,0,0,0,0,0
22133,0,0,0,0,0,0,0,0,0
22134,0,0,0,0,0,0,0,0,0
22135,0,0,0,0,0,0,0,0,0
22136,0,0,0,0,0,0,0,0,0
22137,0,0,0,0,0,0,0,0,0
22138,0,0,0,0,0,0,0,0,0
22139,0,0,0,0,0,0,0,0,0
22140,0,0,0,0,0,0,0,0,0
22141,0,0,0,0,0,0,0,0,0
22142,0,0,0,0,0,0,0,0,0
22143,1.27996e-05,8.47749e-11,1.66642e-16,1.60689e-17,7.44066e-19,8.23974e-27,1.79636e-50,8.69513e-92,1.27997e-05
22144,0,0,0,0,0,0,0,0,0
22145,0,0,0,0,0,0,0,0,0
22146,0,0,0,0,0,0,0,0,0
22147,0,0,0,0,0,0,0,0,0
22148,0,0,0,0,0,0,0,0,0
22149,0,0,0,0,0,0,0,0,0
22150,0,0,0,0,0,0,0,0,0
22151,0,0,0,0,0,0,0,0,0
22152,0,0,0,0,0,0,0,0,0
22153,9.16059e-06,4.4586e-11,7.03342e-17,6.77471e-18,3.13271e-19,3.53987e-27,2.23753e-52,9.64501e-97,9.16064e-06
22154,0,0,0,0,0,0,0,0,0
22155,0,0,0,0,0,0,0,0,0
22156,0,0,0,0,0,0,0,0,0
22157,1.45428e-05,1.14831e-10,3.03643e-16,2.92365e-17,1.3513e-18,2.68647e-26,1.76666e-50,4.88878e-93,1.45429e-05
22158,0,0,0,0,0,0,0,0,0
22159,0,0,0,0,0,0,0,0,0
22160,0,0,0,0,0,0,0,0,0
22161,0,0,0,0,0,0,0,0,0
22162,0,0,0,0,0,0,0,0,0
22163,0,0,0,0,0,0,0,0,0
22164,0,0,0,0,0,0,0,0,0
22165,0,0,0,0,0,0,0,0,0
22166,0,0,0,0,0,0,0,0,0
22167,0,0,0,0,0,0,0,0,0
22168,0,0,0,0,0,0,0,0,0
22169,0,0,0,0,0,0,0,0,0
22170,0,0,0,0,0,0,0,0,0
22171,0,0,0,0,0,0,0,0,0
22172,0,0,0,0,0,0,0,0,0
22173,0,0,0,0,0,0,0,0,0
22174,0,0,0,0,0,0,0,0,0
22175,0,0,0,0,0,0,0,0,0
22176,0,0,0,0,0,0,0,0,0
22177,1.61066e-05,1.40945e-10,4.12168e-16,3.96055e-17,1.8259e-18,3.98334e-26,3.21939e-50,8.29599e-93,1.61068e-05
22178,0,0,0,0,0,0,0,0,0
22179,0,0,0,0,0,0,0,0,0
22180,0,0,0,0,0,0,0,0,0
22181,0,0,0,0,0,0,0,0,0
22182,0,0,0,0,0,0,0,0,0
22183,0,0,0,0,0,0,0,0,0
22184,0,0,0,0,0,0,0,0,0
22185,0,0,0,0,0,0,0,0,0
22186,0,0,0,0,0,0,0,0,0
22187,0,0,0,0,0,0,0,0,0
22188,0,0,0,0,0,0,0,0,0
22189,0,0,0,0,0,0,0,0,0
22190,0,0,0,0,0,0,0,0,0
22191,0,0,0,0,0,0,0,0,0
22192,0,0,0,0,0,0,0,0,0
22193,0,0,0,0,0,0,0,0,0
22194,0,0,0,0,0,0,0,0,0
22195,0,0,0,0,0,0,0,0,0
22196,0,0,0,0,0,0,0,0,0
22197,0,0,0,0,0,0,0,0,0
22198,0,0,0,0,0,0,0,0,0
22199,0,0,0,0,0,0,0,0,0
22200,0,0,0,0,0,0,0,0,0
22201,0,0,0,0,0,0,0,0,0
22202,0,0,0,0,0,0,0,0,0
22203,0,0,0,0,0,0,0,0,0
22204,0,0,0,0,0,0,0,0,0
22205,0,0,0,0,0,0,0,0,0
22206,0,0,0,0,0,0,0,0,0
22207,0,0,0,0,0,0,0,0,0
22208,2.31913e-05,2.95573e-10,1.2752e-15,1.22151e-16,5.60938e-18,1.82674e-25,5.74076e-49,4.30167e-91,2.31916e-05
22209,0,0,0,0,0,0,0,0,0
22210,2.83491e-05,4.43863e-10,2.36245e-15,2.26246e-16,1.03866e-17,4.18737e-25,2.54641e-48,2.98423e-90,2.83495e-05
22211,0,0,0,0,0,0,0,0,0
22212,0,0,0,0,0,0,0,0,0
22213,0,0,0,0,0,0,0,0,0
22214,0,0,0,0,0,0,0,0,0
22215,0,0,0,0,0,0,0,0,0
22216,0,0,0,0,0,0,0,0,0
22217,0,0,0,0,0,0,0,0,0
22218,0,0,0,0,0,0,0,0,0
22219,2.0074e-05,2.19297e-10,7.97497e-16,7.63058e-17,3.49912e-18,9.34831e-26,1.20846e-49,2.74401e-92,2.00743e-05
22220,1.97188e-05,2.12294e-10,7.6679e-16,7.33615e-17,3.36376e-18,9.04662e-26,1.42928e-49,5.55052e-92,1.9719e-05
22221,0,0,0,0,0,0,0,0,0
22222,0,0,0,0,0,0,0,0,0
22223,0,0,0,0,0,0,0,0,0
22224,0,0,0,0,0,0,0,0,0
22225,0,0,0,0,0,0,0,0,0
22226,0,0,0,0,0,0,0,0,0
22227,0,0,0,0,0,0,0,0,0
22228,0,0,0,0,0,0,0,0,0
22229,0,0,0,0,0,0,0,0,0
22230,0,0,0,0,0,0,0,0,0
22231,0,0,0,0,0,0,0,0,0
22232,0,0,0,0,0,0,0,0,0
22233,0,0,0,0,0,0,0,0,0
22234,0,0,0,0,0,0,0,0,0
22235,0,0,0,0,0,0,0,0,0
22236,0,0,0,0,0,0,0,0,0
22237,0,0,0,0,0,0,0,0,0
22238,0,0,0,0,0,0,0,0,0
22239,0,0,0,0,0,0,0,0,0
22240,0,0,0,0,0,0,0,0,0
22241,0,0,0,0,0,0,0,0,0
22242,0,0,0,0,0,0,0,0,0
22243,0,0,0,0,0,0,0,0,0
22244,0,0,0,0,0,0,0,0,0
22245,0,0,0,0,0,0,0,0,0
22246,0,0,0,0,0,0,0,0,0
22247,0,0,0,0,0,0,0,0,0
22248,0,0,0,0,0,0,0,0,0
22249,0,0,0,0,0,0,0,0,0
22250,0,0,0,0,0,0,0,0,0
22251,0,0,0,0,0,0,0,0,0
22252,0,0,0,0,0,0,0,0,0
22253,0,0,0,0,0,0,0,0,0
22254,0,0,0,0,0,0,0,0,0
22255,0,0,0,0,0,0,0,0,0
22256,0,0,0,0,0,0,0,0,0
22257,0,0,0,0,0,0,0,0,0
22258,0,0,0,0,0,0,0,0,0
22259,0,0,0,0,0,0,0,0,0
22260,0,0,0,0,0,0,0,0,0
22261,0,0,0,0,0,0,0,0,0
22262,0,0,0,0,0,0,0,0,0
22263,0,0,0,0,0,0,0,0,0
22264,0,0,0,0,0,0,0,0,0
22265,0,0,0,0,0,0,0,0,0
22266,0,0,0,0,0,0,0,0,0
22267,0,0,0,0,0,0,0,0,0
22268,1.85416e-05,1.87602e-10,6.3721e-16,6.06698e-17,2.76501e-18,6.96645e-26,9.59011e-50,3.34738e-92,1.85418e-05
22269,0,0,0,0,0,0,0,0,0
22270,0,0,0,0,0,0,0,0,0
22271,0,0,0,0,0,0,0,0,0
22272,0,0,0,0,0,0,0,0,0
22273,0,0,0,0,0,0,0,0,0
22274,0,0,0,0,0,0,0,0,0
22275,2.40198e-05,3.16967e-10,1.41285e-15,1.34425e-16,6.12106e-18,2.03434e-25,6.68998e-49,4.25501e-91,2.40201e-05
22276,0,0,0,0,0,0,0,0,0
22277,0,0,0,0,0,0,0,0,0
22278,0,0,0,0,0,0,0,0,0
22279,0,0,0,0,0,0,0,0,0
22280,0,0,0,0,0,0,0,0,0
22281,0,0,0,0,0,0,0,0,0
22282,0,0,0,0,0,0,0,0,0
22283,0,0,0,0,0,0,0,0,0
22284,0,0,0,0,0,0,0,0,0
22285,0,0,0,0,0,0,0,0,0
22286,0,0,0,0,0,0,0,0,0
22287,0,0,0,0,0,0,0,0,0
22288,0,0,0,0,0,0,0,0,0
22289,0,0,0,0,0,0,0,0,0
22290,0,0,0,0,0,0,0,0,0
22291,0,0,0,0,0,0,0,0,0
22292,0,0,0,0,0,0,0,0,0
22293,0,0,0,0,0,0,0,0,0
22294,0,0,0,0,0,0,0,0,0
22295,0,0,0,0,0,0,0,0,0
22296,0,0,0,0,0,0,0,0,0
22297,0,0,0,0,0,0,0,0,0
22298,0,0,0,0,0,0,0,0,0
22299,0,0,0,0,0,0,0,0,0
22300,0,0,0,0,0,0,0,0,0
22301,0,0,0,0,0,0,0,0,0
22302,0,0,0,0,0,0,0,0,0
22303,2.7881e-05,4.25176e-10,2.15682e-15,2.04624e-16,9.28416e-18,3.39694e-25,9.32123e-49,6.57748e-92,2.78814e-05
22304,0,0,0,0,0,0,0,0,0
22305,0,0,0,0,0,0,0,0,0
22306,0,0,0,0,0,0,0,0,0
22307,0,0,0,0,0,0,0,0,0
22308,0,0,0,0,0,0,0,0,0
22309,0,0,0,0,0,0,0,0,0
22310,1.71571e-05,1.60029e-10,4.98164e-16,4.72297e-17,2.14104e-18,4.87712e-26,4.6397e-50,1.0244e-92,1.71572e-05
22311,0,0,0,0,0,0,0,0,0
22312,0,0,0,0,0,0,0,0,0
22313,0,0,0,0,0,0,0,0,0
22314,0,0,0,0,0,0,0,0,0
22315,0,0,0,0,0,0,0,0,0
22316,0,0,0,0,0,0,0,0,0
22317,0,0,0,0,0,0,0,0,0
22318,0,0,0,0,0,0,0,0,0
22319,0,0,0,0,0,0,0,0,0
22320,0,0,0,0,0,0,0,0,0
22321,1.50344e-05,1.2243e-10,3.31507e-16,3.1395e-17,1.42127e-18,2.80124e-26,1.68925e-50,2.6351e-93,1.50345e-05
22322,0,0,0,0,0,0,0,0,0
22323,0,0,0,0,0,0,0,0,0
22324,0,0,0,0,0,0,0,0,0
22325,0,0,0,0,0,0,0,0,0
22326,0,0,0,0,0,0,0,0,0
22327,0,0,0,0,0,0,0,0,0
22328,0,0,0,0,0,0,0,0,0
22329,0,0,0,0,0,0,0,0,0
22330,3.20577e-05,5.68171e-10,3.41503e-15,3.23109e-16,1.46099e-17,6.51602e-25,5.25823e-48,5.27093e-90,3.20583e-05
22331,0,0,0,0,0,0,0,0,0
22332,0,0,0,0,0,0,0,0,0
22333,0,0,0,0,0,0,0,0,0
22334,0,0,0,0,0,0,0,0,0
22335,0,0,0,0,0,0,0,0,0
22336,0,0,0,0,0,0,0,0,0
22337,0,0,0,0,0,0,0,0,0
22338,0,0,0,0,0,0,0,0,0
22339,0,0,0,0,0,0,0,0,0
22340,0,0,0,0,0,0,0,0,0
22341,0,0,0,0,0,0,0,0,0
22342,0,0,0,0,0,0,0,0,0
22343,0,0,0,0,0,0,0,0,0
22344,0,0,0,0,0,0,0,0,0
22345,0,0,0,0,0,0,0,0,0
22346,0,0,0,0,0,0,0,0,0
22347,0,0,0,0,0,0,0,0,0
22348,0,0,0,0,0,0,0,0,0
22349,0,0,0,0,0,0,0,0,0
22350,0,0,0,0,0,0,0,0,0
22351,0,0,0,0,0,0,0,0,0
22352,0,0,0,0,0,0,0,0,0
22353,0,0,0,0,0,0,0,0,0
22354,0,0,0,0,0,0,0,0,0
22355,0,0,0,0,0,0,0,0,0
22356,0,0,0,0,0,0,0,0,0
22357,0,0,0,0,0,0,0,0,0
22358,0,0,0,0,0,0,0,0,0
22359,1.41371e-05,1.07969e-10,2.73135e-16,2.57672e-17,1.16086e-18,2.1164e-26,9.78997e-51,1.11793e-93,1.41372e-05
22360,0,0,0,0,0,0,0,0,0
22361,0,0,0,0,0,0,0,0,0
22362,0,0,0,0,0,0,0,0,0
22363,0,0,0,0,0,0,0,0,0
22364,0,0,0,0,0,0,0,0,0
22365,0,0,0,0,0,0,0,0,0
22366,0,0,0,0,0,0,0,0,0
22367,0,0,0,0,0,0,0,0,0
22368,0,0,0,0,0,0,0,0,0
22369,0,0,0,0,0,0,0,0,0
22370,0,0,0,0,0,0,0,0,0
22371,0,0,0,0,0,0,0,0,0
22372,0,0,0,0,0,0,0,0,0
22373,0,0,0,0,0,0,0,0,0
22374,0,0,0,0,0,0,0,0,0
22375,0,0,0,0,0,0,0,0,0
22376,0,0,0,0,0,0,0,0,0
22377,0,0,0,0,0,0,0,0,0
22378,0,0,0,0,0,0,0,0,0
22379,0,0,0,0,0,0,0,0,0
22380,0,0,0,0,0,0,0,0,0
22381,0,0,0,0,0,0,0,0,0
22382,0,0,0,0,0,0,0,0,0
22383,0,0,0,0,0,0,0,0,0
22384,0,0,0,0,0,0,0,0,0
22385,1.86217e-05,1.88654e-10,6.3694e-16,5.99308e-17,2.69116e-18,6.56326e-26,7.54855e-50,1.51173e-92,1.86219e-05
22386,1.75339e-05,1.66903e-10,5.28077e-16,4.96817e-17,2.23059e-18,5.08066e-26,4.63791e-50,7.74017e-93,1.75341e-05
22387,0,0,0,0,0,0,0,0,0
22388,0,0,0,0,0,0,0,0,0
22389,1.46094e-05,1.15293e-10,3.00929e-16,2.83044e-17,1.2704e-18,2.37336e-26,1.14097e-50,1.13233e-93,1.46095e-05
22390,0,0,0,0,0,0,0,0,0
22391,0,0,0,0,0,0,0,0,0
22392,0,0,0,0,0,0,0,0,0
22393,0,0,0,0,0,0,0,0,0
22394,0,0,0,0,0,0,0,0,0
22395,0,0,0,0,0,0,0,0,0
22396,0,0,0,0,0,0,0,0,0
22397,0,0,0,0,0,0,0,0,0
22398,0,0,0,0,0,0,0,0,0
22399,0,0,0,0,0,0,0,0,0
22400,0,0,0,0,0,0,0,0,0
22401,0,0,0,0,0,0,0,0,0
22402,0,0,0,0,0,0,0,0,0
22403,0,0,0,0,0,0,0,0,0
22404,0,0,0,0,0,0,0,0,0
22405,0,0,0,0,0,0,0,0,0
22406,0,0,0,0,0,0,0,0,0
22407,0,0,0,0,0,0,0,0,0
22408,0,0,0,0,0,0,0,0,0
22409,1.56907e-05,1.33019e-10,3.7225e-16,3.49394e-17,1.5641e-18,3.11177e-26,1.73283e-50,1.70624e-93,1.56909e-05
22410,0,0,0,0,0,0,0,0,0
22411,0,0,0,0,0,0,0,0,0
22412,0,0,0,0,0,0,0,0,0
22413,0,0,0,0,0,0,0,0,0
22414,0,0,0,0,0,0,0,0,0
22415,0,0,0,0,0,0,0,0,0
22416,0,0,0,0,0,0,0,0,0
22417,0,0,0,0,0,0,0,0,0
22418,0,0,0,0,0,0,0,0,0
22419,0,0,0,0,0,0,0,0,0
22420,3.34085e-05,6.16753e-10,3.85034e-15,3.61005e-16,1.6139e-17,7.35537e-25,6.22687e-48,5.01141e-90,3.34092e-05
22421,0,0,0,0,0,0,0,0,0
22422,0,0,0,0,0,0,0,0,0
22423,0,0,0,0,0,0,0,0,0
22424,0,0,0,0,0,0,0,0,0
22425,0,0,0,0,0,0,0,0,0
22426,0,0,0,0,0,0,0,0,0
22427,0,0,0,0,0,0,0,0,0
22428,0,0,0,0,0,0,0,0,0
22429,0,0,0,0,0,0,0,0,0
22430,0,0,0,0,0,0,0,0,0
22431,2.04088e-05,2.2739e-10,8.48004e-16,7.94214e-17,3.54573e-18,9.55297e-26,1.60595e-49,4.19721e-92,2.0409e-05
22432,0,0,0,0,0,0,0,0,0
22433,0,0,0,0,0,0,0,0,0
22434,0,0,0,0,0,0,0,0,0
22435,0,0,0,0,0,0,0,0,0
22436,0,0,0,0,0,0,0,0,0
22437,0,0,0,0,0,0,0,0,0
22438,0,0,0,0,0,0,0,0,0
22439,0,0,0,0,0,0,0,0,0
22440,0,0,0,0,0,0,0,0,0
22441,0,0,0,0,0,0,0,0,0
22442,0,0,0,0,0,0,0,0,0
22443,0,0,0,0,0,0,0,0,0
22444,0,0,0,0,0,0,0,0,0
22445,0,0,0,0,0,0,0,0,0
22446,0,0,0,0,0,0,0,0,0
22447,0,0,0,0,0,0,0,0,0
22448,0,0,0,0,0,0,0,0,0
22449,0,0,0,0,0,0,0,0,0
22450,0,0,0,0,0,0,0,0,0
22451,0,0,0,0,0,0,0,0,0
22452,2.47383e-05,3.35532e-10,1.52767e-15,1.42768e-16,6.35655e-18,2.08893e-25,6.41817e-49,2.35996e-91,2.47387e-05
22453,0,0,0,0,0,0,0,0,0
22454,0,0,0,0,0,0,0,0,0
22455,0,0,0,0,0,0,0,0,0
22456,0,0,0,0,0,0,0,0,0
22457,0,0,0,0,0,0,0,0,0
22458,0,0,0,0,0,0,0,0,0
22459,0,0,0,0,0,0,0,0,0
22460,0,0,0,0,0,0,0,0,0
22461,0,0,0,0,0,0,0,0,0
22462,0,0,0,0,0,0,0,0,0
22463,0,0,0,0,0,0,0,0,0
22464,0,0,0,0,0,0,0,0,0
22465,0,0,0,0,0,0,0,0,0
22466,0,0,0,0,0,0,0,0,0
22467,0,0,0,0,0,0,0,0,0
22468,0,0,0,0,0,0,0,0,0
22469,0,0,0,0,0,0,0,0,0
22470,0,0,0,0,0,0,0,0,0
22471,0,0,0,0,0,0,0,0,0
22472,0,0,0,0,0,0,0,0,0
22473,0,0,0,0,0,0,0,0,0
22474,0,0,0,0,0,0,0,0,0
22475,1.54254e-05,1.27426e-10,3.40389e-16,3.17381e-17,1.40905e-18,2.55303e-26,4.7379e-51,2.8637e-94,1.54255e-05
22476,0,0,0,0,0,0,0,0,0
22477,0,0,0,0,0,0,0,0,0
22478,2.33875e-05,2.99114e-10,1.27915e-15,1.19233e-16,5.29148e-18,1.61915e-25,3.84376e-49,1.0446e-91,2.33878e-05
22479,0,0,0,0,0,0,0,0,0
22480,0,0,0,0,0,0,0,0,0
22481,0,0,0,0,0,0,0,0,0
22482,0,0,0,0,0,0,0,0,0
22483,0,0,0,0,0,0,0,0,0
22484,0,0,0,0,0,0,0,0,0
22485,0,0,0,0,0,0,0,0,0
22486,0,0,0,0,0,0,0,0,0
22487,0,0,0,0,0,0,0,0,0
22488,0,0,0,0,0,0,0,0,0
22489,0,0,0,0,0,0,0,0,0
22490,0,0,0,0,0,0,0,0,0
22491,0,0,0,0,0,0,0,0,0
22492,0,0,0,0,0,0,0,0,0
22493,0,0,0,0,0,0,0,0,0
22494,0,0,0,0,0,0,0,0,0
22495,0,0,0,0,0,0,0,0,0
22496,0,0,0,0,0,0,0,0,0
22497,0,0,0,0,0,0,0,0,0
22498,0,0,0,0,0,0,0,0,0
22499,0,0,0,0,0,0,0,0,0
22500,0,0,0,0,0,0,0,0,0
22501,0,0,0,0,0,0,0,0,0
22502,0,0,0,0,0,0,0,0,0
22503,0,0,0,0,0,0,0,0,0
22504,0,0,0,0,0,0,0,0,0
22505,0,0,0,0,0,0,0,0,0
22506,0,0,0,0,0,0,0,0,0
22507,0,0,0,0,0,0,0,0,0
22508,0,0,0,0,0,0,0,0,0
22509,0,0,0,0,0,0,0,0,0
22510,0,0,0,0,0,0,0,0,0
22511,0,0,0,0,0,0,0,0,0
22512,0,0,0,0,0,0,0,0,0
22513,0,0,0,0,0,0,0,0,0
22514,0,0,0,0,0,0,0,0,0
22515,0,0,0,0,0,0,0,0,0
22516,0,0,0,0,0,0,0,0,0
22517,0,0,0,0,0,0,0,0,0
22518,0,0,0,0,0,0,0,0,0
22519,0,0,0,0,0,0,0,0,0
22520,0,0,0,0,0,0,0,0,0
22521,0,0,0,0,0,0,0,0,0
22522,0,0,0,0,0,0,0,0,0
22523,0,0,0,0,0,0,0,0,0
22524,0,0,0,0,0,0,0,0,0
22525,0,0,0,0,0,0,0,0,0
22526,0,0,0,0,0,0,0,0,0
22527,0,0,0,0,0,0,0,0,0
22528,1.63355e-05,1.44509e-10,4.23336e-16,3.92624e-17,1.73152e-18,3.57073e-26,2.47926e-50,2.53349e-93,1.63356e-05
22529,0,0,0,0,0,0,0,0,0
22530,0,0,0,0,0,0,0,0,0
22531,0,0,0,0,0,0,0,0,0
22532,0,0,0,0,0,0,0,0,0
22533,0,0,0,0,0,0,0,0,0
22534,0,0,0,0,0,0,0,0,0
22535,0,0,0,0,0,0,0,0,0
22536,0,0,0,0,0,0,0,0,0
22537,0,0,0,0,0,0,0,0,0
22538,0,0,0,0,0,0,0,0,0
22539,0,0,0,0,0,0,0,0,0
22540,0,0,0,0,0,0,0,0,0
22541,0,0,0,0,0,0,0,0,0
22542,0,0,0,0,0,0,0,0,0
22543,0,0,0,0,0,0,0,0,0
22544,0,0,0,0,0,0,0,0,0
22545,0,0,0,0,0,0,0,0,0
22546,0,0,0,0,0,0,0,0,0
22547,0,0,0,0,0,0,0,0,0
22548,0,0,0,0,0,0,0,0,0
22549,7.20467e-06,2.66115e-11,2.93988e-17,2.72064e-18,1.19655e-19,7.66136e-28,1.0999e-53,4.76834e-96,7.20469e-06
22550,0,0,0,0,0,0,0,0,0
22551,0,0,0,0,0,0,0,0,0
22552,2.57285e-05,3.63029e-10,1.71746e-15,1.58889e-16,6.98529e-18,2.34998e-25,7.86907e-49,2.42542e-91,2.57288e-05
22553,0,0,0,0,0,0,0,0,0
22554,0,0,0,0,0,0,0,0,0
22555,0,0,0,0,0,0,0,0,0
22556,0,0,0,0,0,0,0,0,0
22557,0,0,0,0,0,0,0,0,0
22558,2.22509e-05,2.70158e-10,1.09296e-15,1.01052e-16,4.43917e-18,1.26615e-25,2.41683e-49,4.62466e-92,2.22512e-05
22559,0,0,0,0,0,0,0,0,0
22560,0,0,0,0,0,0,0,0,0
22561,0,0,0,0,0,0,0,0,0
22562,0,0,0,0,0,0,0,0,0
22563,0,0,0,0,0,0,0,0,0
22564,0,0,0,0,0,0,0,0,0
22565,0,0,0,0,0,0,0,0,0
22566,0,0,0,0,0,0,0,0,0
22567,0,0,0,0,0,0,0,0,0
22568,0,0,0,0,0,0,0,0,0
22569,0,0,0,0,0,0,0,0,0
22570,0,0,0,0,0,0,0,0,0
22571,0,0,0,0,0,0,0,0,0
22572,0,0,0,0,0,0,0,0,0
22573,0,0,0,0,0,0,0,0,0
22574,0,0,0,0,0,0,0,0,0
22575,0,0,0,0,0,0,0,0,0
22576,0,0,0,0,0,0,0,0,0
22577,0,0,0,0,0,0,0,0,0
22578,0,0,0,0,0,0,0,0,0
22579,0,0,0,0,0,0,0,0,0
22580,0,0,0,0,0,0,0,0,0
22581,4.58328e-05,5.84924e-10,2.53921e-15,2.34237e-16,1.02608e-17,3.19601e-25,8.98833e-49,2.31886e-91,4.58334e-05
22582,0,0,0,0,0,0,0,0,0
22583,0,0,0,0,0,0,0,0,0
22584,0,0,0,0,0,0,0,0,0
22585,0,0,0,0,0,0,0,0,0
22586,0,0,0,0,0,0,0,0,0
22587,0,0,0,0,0,0,0,0,0
22588,0,0,0,0,0,0,0,0,0
22589,0,0,0,0,0,0,0,0,0
22590,0,0,0,0,0,0,0,0,0
22591,0,0,0,0,0,0,0,0,0
22592,0,0,0,0,0,0,0,0,0
22593,0,0,0,0,0,0,0,0,0
22594,0,0,0,0,0,0,0,0,0
22595,0,0,0,0,0,0,0,0,0
22596,0,0,0,0,0,0,0,0,0
22597,0,0,0,0,0,0,0,0,0
22598,0,0,0,0,0,0,0,0,0
22599,0,0,0,0,0,0,0,0,0
22600,0,0,0,0,0,0,0,0,0
22601,0,0,0,0,0,0,0,0,0
22602,0,0,0,0,0,0,0,0,0
22603,0,0,0,0,0,0,0,0,0
22604,0,0,0,0,0,0,0,0,0
22605,0,0,0,0,0,0,0,0,0
22606,0,0,0,0,0,0,0,0,0
22607,0,0,0,0,0,0,0,0,0
22608,0,0,0,0,0,0,0,0,0
22609,0,0,0,0,0,0,0,0,0
22610,0,0,0,0,0,0,0,0,0
22611,0,0,0,0,0,0,0,0,0
22612,0,0,0,0,0,0,0,0,0
22613,0,0,0,0,0,0,0,0,0
22614,0,0,0,0,0,0,0,0,0
22615,0,0,0,0,0,0,0,0,0
22616,0,0,0,0,0,0,0,0,0
22617,0,0,0,0,0,0,0,0,0
22618,0,0,0,0,0,0,0,0,0
22619,0,0,0,0,0,0,0,0,0
22620,0,0,0,0,0,0,0,0,0
22621,1.09934e-05,6.44677e-11,1.22667e-16,1.12699e-17,4.91174e-19,6.3281e-27,8.55225e-52,1.61916e-95,1.09935e-05
22622,0,0,0,0,0,0,0,0,0
22623,0,0,0,0,0,0,0,0,0
22624,0,0,0,0,0,0,0,0,0
22625,0,0,0,0,0,0,0,0,0
22626,0,0,0,0,0,0,0,0,0
22627,3.16759e-05,2.74245e-10,7.81989e-16,7.18021e-17,3.12703e-18,6.01316e-26,1.44215e-50,2.45794e-93,3.16762e-05
22628,0,0,0,0,0,0,0,0,0
22629,0,0,0,0,0,0,0,0,0
22630,0,0,0,0,0,0,0,0,0
22631,0,0,0,0,0,0,0,0,0
22632,8.27274e-06,3.56157e-11,4.7339e-17,4.34461e-18,1.89099e-19,1.54309e-27,3.48654e-55,9.87813e-96,8.27278e-06
22633,1.92843e-05,2.02009e-10,7.01262e-16,6.43477e-17,2.80009e-18,6.74452e-26,7.59431e-50,8.30608e-93,1.92845e-05
22634,0,0,0,0,0,0,0,0,0
22635,0,0,0,0,0,0,0,0,0
22636,0,0,0,0,0,0,0,0,0
22637,0,0,0,0,0,0,0,0,0
22638,0,0,0,0,0,0,0,0,0
22639,1.32583e-05,9.42609e-11,2.18578e-16,2.0046e-17,8.71722e-19,1.3733e-26,3.5607e-51,1.05402e-94,1.32584e-05
22640,0,0,0,0,0,0,0,0,0
22641,0,0,0,0,0,0,0,0,0
22642,0,0,0,0,0,0,0,0,0
22643,0,0,0,0,0,0,0,0,0
22644,0,0,0,0,0,0,0,0,0
22645,0,0,0,0,0,0,0,0,0
22646,0,0,0,0,0,0,0,0,0
22647,0,0,0,0,0,0,0,0,0
22648,0,0,0,0,0,0,0,0,0
22649,0,0,0,0,0,0,0,0,0
22650,2.22257e-05,2.68358e-10,1.06896e-15,9.79263e-17,4.25251e-18,1.16178e-25,1.6978e-49,1.74288e-92,2.22259e-05
22651,0,0,0,0,0,0,0,0,0
22652,0,0,0,0,0,0,0,0,0
22653,0,0,0,0,0,0,0,0,0
22654,0,0,0,0,0,0,0,0,0
22655,0,0,0,0,0,0,0,0,0
22656,0,0,0,0,0,0,0,0,0
22657,0,0,0,0,0,0,0,0,0
22658,0,0,0,0,0,0,0,0,0
22659,0,0,0,0,0,0,0,0,0
22660,0,0,0,0,0,0,0,0,0
22661,2.88537e-05,4.5725e-10,2.42694e-15,2.2207e-16,9.62938e-18,3.57324e-25,1.60685e-48,4.5369e-91,2.88541e-05
22662,0,0,0,0,0,0,0,0,0
22663,0,0,0,0,0,0,0,0,0
22664,0,0,0,0,0,0,0,0,0
22665,1.05251e-05,5.29703e-11,6.0721e-17,5.55407e-18,2.40725e-19,3.02789e-28,5.12143e-50,2.50987e-92,1.05252e-05
22666,0,0,0,0,0,0,0,0,0
22667,0,0,0,0,0,0,0,0,0
22668,0,0,0,0,0,0,0,0,0
22669,0,0,0,0,0,0,0,0,0
22670,0,0,0,0,0,0,0,0,0
22671,0,0,0,0,0,0,0,0,0
22672,0,0,0,0,0,0,0,0,0
22673,0,0,0,0,0,0,0,0,0
22674,0,0,0,0,0,0,0,0,0
22675,0,0,0,0,0,0,0,0,0
22676,0,0,0,0,0,0,0,0,0
22677,0,0,0,0,0,0,0,0,0
22678,0,0,0,0,0,0,0,0,0
22679,0,0,0,0,0,0,0,0,0
22680,1.45461e-05,1.13787e-10,2.91206e-16,2.65965e-17,1.1506e-18,1.99797e-26,7.37858e-51,2.82864e-94,1.45462e-05
22681,0,0,0,0,0,0,0,0,0
22682,0,0,0,0,0,0,0,0,0
22683,0,0,0,0,0,0,0,0,0
22684,0,0,0,0,0,0,0,0,0
22685,0,0,0,0,0,0,0,0,0
22686,0,0,0,0,0,0,0,0,0
22687,0,0,0,0,0,0,0,0,0
22688,0,0,0,0,0,0,0,0,0
22689,0,0,0,0,0,0,0,0,0
22690,0,0,0,0,0,0,0,0,0
22691,0,0,0,0,0,0,0,0,0
22692,0,0,0,0,0,0,0,0,0
22693,0,0,0,0,0,0,0,0,0
22694,0,0,0,0,0,0,0,0,0
22695,0,0,0,0,0,0,0,0,0
22696,0,0,0,0,0,0,0,0,0
22697,0,0,0,0,0,0,0,0,0
22698,2.49388e-05,1.81283e-10,4.59637e-16,4.19035e-17,1.80868e-18,3.23612e-26,1.32368e-50,3.34385e-94,2.4939e-05
22699,0,0,0,0,0,0,0,0,0
22700,0,0,0,0,0,0,0,0,0
22701,0,0,0,0,0,0,0,0,0
22702,0,0,0,0,0,0,0,0,0
22703,0,0,0,0,0,0,0,0,0
22704,0,0,0,0,0,0,0,0,0
22705,0,0,0,0,0,0,0,0,0
22706,1.84019e-05,1.8366e-10,6.06114e-16,5.52084e-17,2.38031e-18,5.38621e-26,5.07447e-50,4.16824e-93,1.8402e-05
22707,0,0,0,0,0,0,0,0,0
22708,0,0,0,0,0,0,0,0,0
22709,1.03333e-05,5.63881e-11,9.77392e-17,8.90014e-18,3.83595e-19,4.28964e-27,2.07002e-52,3.3773e-98,1.03333e-05
22710,0,0,0,0,0,0,0,0,0
22711,1.69464e-05,1.55446e-10,4.7069e-16,4.28531e-17,1.84653e-18,3.82597e-26,2.7551e-50,1.87042e-93,1.69466e-05
22712,0,0,0,0,0,0,0,0,0
22713,0,0,0,0,0,0,0,0,0
22714,0,0,0,0,0,0,0,0,0
22715,0,0,0,0,0,0,0,0,0
22716,0,0,0,0,0,0,0,0,0
22717,0,0,0,0,0,0,0,0,0
22718,0,0,0,0,0,0,0,0,0
22719,0,0,0,0,0,0,0,0,0
22720,0,0,0,0,0,0,0,0,0
22721,0,0,0,0,0,0,0,0,0
22722,0,0,0,0,0,0,0,0,0
22723,0,0,0,0,0,0,0,0,0
22724,0,0,0,0,0,0,0,0,0
22725,0,0,0,0,0,0,0,0,0
22726,0,0,0,0,0,0,0,0,0
22727,0,0,0,0,0,0,0,0,0
22728,0,0,0,0,0,0,0,0,0
22729,0,0,0,0,0,0,0,0,0
22730,0,0,0,0,0,0,0,0,0
22731,1.74759e-05,1.64606e-10,5.06418e-16,4.60155e-17,1.97793e-18,4.07788e-26,2.28913e-50,7.47379e-94,1.74761e-05
22732,0,0,0,0,0,0,0,0,0
22733,0,0,0,0,0,0,0,0,0
22734,0,0,0,0,0,0,0,0,0
22735,0,0,0,0,0,0,0,0,0
22736,0,0,0,0,0,0,0,0,0
22737,0,0,0,0,0,0,0,0,0
22738,0,0,0,0,0,0,0,0,0
22739,0,0,0,0,0,0,0,0,0
22740,0,0,0,0,0,0,0,0,0
22741,0,0,0,0,0,0,0,0,0
22742,0,0,0,0,0,0,0,0,0
22743,2.00179e-05,2.17549e-10,7.8117e-16,7.08913e-17,3.04239e-18,7.43769e-26,8.65884e-50,7.19184e-93,2.00181e-05
22744,0,0,0,0,0,0,0,0,0
22745,0,0,0,0,0,0,0,0,0
22746,0,0,0,0,0,0,0,0,0
22747,0,0,0,0,0,0,0,0,0
22748,0,0,0,0,0,0,0,0,0
22749,0,0,0,0,0,0,0,0,0
22750,0,0,0,0,0,0,0,0,0
22751,0,0,0,0,0,0,0,0,0
22752,4.73751e-06,1.09458e-11,6.71997e-18,6.09305e-19,2.61205e-20,6.63266e-29,3.56474e-54,2.03244e-98,4.73753e-06
22753,0,0,0,0,0,0,0,0,0
22754,0,0,0,0,0,0,0,0,0
22755,0,0,0,0,0,0,0,0,0
22756,0,0,0,0,0,0,0,0,0
22757,0,0,0,0,0,0,0,0,0
22758,0,0,0,0,0,0,0,0,0
22759,0,0,0,0,0,0,0,0,0
22760,0,0,0,0,0,0,0,0,0
22761,0,0,0,0,0,0,0,0,0
22762,0,0,0,0,0,0,0,0,0
22763,0,0,0,0,0,0,0,0,0
22764,0,0,0,0,0,0,0,0,0
22765,0,0,0,0,0,0,0,0,0
22766,1.54276e-05,1.2831e-10,3.50168e-16,3.17039e-17,1.35665e-18,2.49551e-26,1.1914e-50,4.97937e-94,1.54277e-05
22767,0,0,0,0,0,0,0,0,0
22768,0,0,0,0,0,0,0,0,0
22769,0,0,0,0,0,0,0,0,0
22770,0,0,0,0,0,0,0,0,0
22771,0,0,0,0,0,0,0,0,0
22772,0,0,0,0,0,0,0,0,0
22773,0,0,0,0,0,0,0,0,0
22774,0,0,0,0,0,0,0,0,0
22775,0,0,0,0,0,0,0,0,0
22776,1.69748e-05,1.55752e-10,4.70176e-16,4.25245e-17,1.81728e-18,3.70319e-26,2.46279e-50,1.28431e-93,1.69749e-05
22777,0,0,0,0,0,0,0,0,0
22778,0,0,0,0,0,0,0,0,0
22779,0,0,0,0,0,0,0,0,0
22780,1.81586e-05,1.78524e-10,5.782e-16,5.22783e-17,2.23323e-18,4.88585e-26,4.0417e-50,2.42019e-93,1.81588e-05
22781,0,0,0,0,0,0,0,0,0
22782,0,0,0,0,0,0,0,0,0
22783,0,0,0,0,0,0,0,0,0
22784,0,0,0,0,0,0,0,0,0
22785,0,0,0,0,0,0,0,0,0
22786,0,0,0,0,0,0,0,0,0
22787,0,0,0,0,0,0,0,0,0
22788,0,0,0,0,0,0,0,0,0
22789,0,0,0,0,0,0,0,0,0
22790,2.20128e-05,2.62703e-10,1.02934e-15,9.29667e-17,3.96593e-18,1.03948e-25,1.32485e-49,8.60619e-93,2.2013e-05
22791,0,0,0,0,0,0,0,0,0
22792,0,0,0,0,0,0,0,0,0
22793,0,0,0,0,0,0,0,0,0
22794,0,0,0,0,0,0,0,0,0
22795,0,0,0,0,0,0,0,0,0
22796,0,0,0,0,0,0,0,0,0
22797,0,0,0,0,0,0,0,0,0
22798,0,0,0,0,0,0,0,0,0
22799,0,0,0,0,0,0,0,0,0
22800,0,0,0,0,0,0,0,0,0
22801,0,0,0,0,0,0,0,0,0
22802,0,0,0,0,0,0,0,0,0
22803,0,0,0,0,0,0,0,0,0
22804,0,0,0,0,0,0,0,0,0
22805,0,0,0,0,0,0,0,0,0
22806,0,0,0,0,0,0,0,0,0
22807,0,0,0,0,0,0,0,0,0
22808,0,0,0,0,0,0,0,0,0
22809,0,0,0,0,0,0,0,0,0
22810,0,0,0,0,0,0,0,0,0
22811,0,0,0,0,0,0,0,0,0
22812,0,0,0,0,0,0,0,0,0
22813,0,0,0,0,0,0,0,0,0
22814,0,0,0,0,0,0,0,0,0
22815,0,0,0,0,0,0,0,0,0
22816,0,0,0,0,0,0,0,0,0
22817,0,0,0,0,0,0,0,0,0
22818,0,0,0,0,0,0,0,0,0
22819,0,0,0,0,0,0,0,0,0
22820,0,0,0,0,0,0,0,0,0
22821,0,0,0,0,0,0,0,0,0
22822,4.08998e-05,4.54094e-10,1.66399e-15,1.49807e-16,6.36522e-18,1.56922e-25,1.89687e-49,1.34573e-92,4.09002e-05
22823,0,0,0,0,0,0,0,0,0
22824,0,0,0,0,0,0,0,0,0
22825,0,0,0,0,0,0,0,0,0
22826,0,0,0,0,0,0,0,0,0
22827,0,0,0,0,0,0,0,0,0
22828,0,0,0,0,0,0,0,0,0
22829,0,0,0,0,0,0,0,0,0
22830,0,0,0,0,0,0,0,0,0
22831,0,0,0,0,0,0,0,0,0
22832,0,0,0,0,0,0,0,0,0
22833,0,0,0,0,0,0,0,0,0
22834,0,0,0,0,0,0,0,0,0
22835,9.14677e-06,4.44073e-11,6.95536e-17,6.25375e-18,2.65289e-19,2.72295e-27,1.98979e-52,1.71284e-96,9.14682e-06
22836,0,0,0,0,0,0,0,0,0
22837,0,0,0,0,0,0,0,0,0
22838,0,0,0,0,0,0,0,0,0
22839,0,0,0,0,0,0,0,0,0
22840,0,0,0,0,0,0,0,0,0
22841,0,0,0,0,0,0,0,0,0
22842,0,0,0,0,0,0,0,0,0
22843,0,0,0,0,0,0,0,0,0
22844,0,0,0,0,0,0,0,0,0
22845,0,0,0,0,0,0,0,0,0
22846,0,0,0,0,0,0,0,0,0
22847,0,0,0,0,0,0,0,0,0
22848,0,0,0,0,0,0,0,0,0
22849,0,0,0,0,0,0,0,0,0
22850,0,0,0,0,0,0,0,0,0
22851,0,0,0,0,0,0,0,0,0
22852,0,0,0,0,0,0,0,0,0
22853,2.5906e-05,1.80596e-10,4.12208e-16,3.69964e-17,1.56591e-18,2.37672e-26,6.49041e-51,1.55505e-94,2.59062e-05
22854,0,0,0,0,0,0,0,0,0
22855,0,0,0,0,0,0,0,0,0
22856,1.56487e-05,1.32048e-10,3.65498e-16,3.27932e-17,1.38742e-18,2.55776e-26,1.26949e-50,4.53967e-94,1.56488e-05
22857,0,0,0,0,0,0,0,0,0
22858,0,0,0,0,0,0,0,0,0
22859,0,0,0,0,0,0,0,0,0
22860,0,0,0,0,0,0,0,0,0
22861,0,0,0,0,0,0,0,0,0
22862,0,0,0,0,0,0,0,0,0
22863,0,0,0,0,0,0,0,0,0
22864,0,0,0,0,0,0,0,0,0
22865,0,0,0,0,0,0,0,0,0
22866,0,0,0,0,0,0,0,0,0
22867,0,0,0,0,0,0,0,0,0
22868,0,0,0,0,0,0,0,0,0
22869,0,0,0,0,0,0,0,0,0
22870,0,0,0,0,0,0,0,0,0
22871,1.69156e-05,1.54472e-10,4.62672e-16,4.14482e-17,1.75024e-18,3.48015e-26,2.12983e-50,8.14525e-94,1.69157e-05
22872,0,0,0,0,0,0,0,0,0
22873,0,0,0,0,0,0,0,0,0
22874,0,0,0,0,0,0,0,0,0
22875,0,0,0,0,0,0,0,0,0
22876,0,0,0,0,0,0,0,0,0
22877,0,0,0,0,0,0,0,0,0
22878,0,0,0,0,0,0,0,0,0
22879,0,0,0,0,0,0,0,0,0
22880,1.59785e-05,1.37693e-10,3.89031e-16,3.48211e-17,1.4688e-18,2.75287e-26,1.43188e-50,4.94895e-94,1.59787e-05
22881,0,0,0,0,0,0,0,0,0
22882,0,0,0,0,0,0,0,0,0
22883,0,0,0,0,0,0,0,0,0
22884,0,0,0,0,0,0,0,0,0
22885,1.30666e-05,8.88674e-11,1.8291e-16,1.63626e-17,6.89719e-19,7.97083e-27,8.84374e-52,8.56144e-94,1.30667e-05
22886,0,0,0,0,0,0,0,0,0
22887,0,0,0,0,0,0,0,0,0
22888,0,0,0,0,0,0,0,0,0
22889,0,0,0,0,0,0,0,0,0
22890,0,0,0,0,0,0,0,0,0
22891,0,0,0,0,0,0,0,0,0
22892,0,0,0,0,0,0,0,0,0
22893,0,0,0,0,0,0,0,0,0
22894,0,0,0,0,0,0,0,0,0
22895,0,0,0,0,0,0,0,0,0
22896,0,0,0,0,0,0,0,0,0
22897,0,0,0,0,0,0,0,0,0
22898,0,0,0,0,0,0,0,0,0
22899,0,0,0,0,0,0,0,0,0
22900,0,0,0,0,0,0,0,0,0
22901,0,0,0,0,0,0,0,0,0
22902,0,0,0,0,0,0,0,0,0
22903,0,0,0,0,0,0,0,0,0
22904,0,0,0,0,0,0,0,0,0
22905,0,0,0,0,0,0,0,0,0
22906,0,0,0,0,0,0,0,0,0
22907,0,0,0,0,0,0,0,0,0
22908,0,0,0,0,0,0,0,0,0
22909,0,0,0,0,0,0,0,0,0
22910,0,0,0,0,0,0,0,0,0
22911,0,0,0,0,0,0,0,0,0
22912,0,0,0,0,0,0,0,0,0
22913,0,0,0,0,0,0,0,0,0
22914,0,0,0,0,0,0,0,0,0
22915,0,0,0,0,0,0,0,0,0
22916,0,0,0,0,0,0,0,0,0
22917,0,0,0,0,0,0,0,0,0
22918,0,0,0,0,0,0,0,0,0
22919,0,0,0,0,0,0,0,0,0
22920,0,0,0,0,0,0,0,0,0
22921,2.1419e-05,2.48733e-10,9.48621e-16,8.45518e-17,3.54776e-18,8.91221e-26,1.07297e-49,5.29251e-93,2.14193e-05
22922,0,0,0,0,0,0,0,0,0
22923,0,0,0,0,0,0,0,0,0
22924,0,0,0,0,0,0,0,0,0
22925,0,0,0,0,0,0,0,0,0
22926,1.17718e-05,7.33885e-11,1.45478e-16,1.29598e-17,5.43434e-19,6.7684e-27,5.24752e-52,4.80547e-98,1.17719e-05
22927,0,0,0,0,0,0,0,0,0
22928,0,0,0,0,0,0,0,0,0
22929,0,0,0,0,0,0,0,0,0
22930,0,0,0,0,0,0,0,0,0
22931,0,0,0,0,0,0,0,0,0
22932,0,0,0,0,0,0,0,0,0
22933,0,0,0,0,0,0,0,0,0
22934,1.43547e-05,1.10418e-10,2.75513e-16,2.45248e-17,1.02737e-18,1.66247e-26,4.83309e-51,7.95424e-95,1.43548e-05
22935,0,0,0,0,0,0,0,0,0
22936,0,0,0,0,0,0,0,0,0
22937,0,0,0,0,0,0,0,0,0
22938,0,0,0,0,0,0,0,0,0
22939,0,0,0,0,0,0,0,0,0
22940,0,0,0,0,0,0,0,0,0
22941,0,0,0,0,0,0,0,0,0
22942,0,0,0,0,0,0,0,0,0
22943,0,0,0,0,0,0,0,0,0
22944,0,0,0,0,0,0,0,0,0
22945,6.32075e-06,2.03548e-11,1.94175e-17,1.72654e-18,7.22266e-20,3.7785e-28,9.06911e-55,1.02878e-97,6.32077e-06
22946,0,0,0,0,0,0,0,0,0
22947,0,0,0,0,0,0,0,0,0
22948,0,0,0,0,0,0,0,0,0
22949,0,0,0,0,0,0,0,0,0
22950,0,0,0,0,0,0,0,0,0
22951,0,0,0,0,0,0,0,0,0
22952,0,0,0,0,0,0,0,0,0
22953,0,0,0,0,0,0,0,0,0
22954,0,0,0,0,0,0,0,0,0
22955,1.30869e-05,9.17692e-11,2.09326e-16,1.85933e-17,7.76812e-19,1.15312e-26,2.84015e-51,4.66388e-95,1.3087e-05
22956,0,0,0,0,0,0,0,0,0
22957,0,0,0,0,0,0,0,0,0
22958,0,0,0,0,0,0,0,0,0
22959,0,0,0,0,0,0,0,0,0
22960,0,0,0,0,0,0,0,0,0
22961,0,0,0,0,0,0,0,0,0
22962,0,0,0,0,0,0,0,0,0
22963,0,0,0,0,0,0,0,0,0
22964,0,0,0,0,0,0,0,0,0
22965,0,0,0,0,0,0,0,0,0
22966,0,0,0,0,0,0,0,0,0
22967,0,0,0,0,0,0,0,0,0
22968,0,0,0,0,0,0,0,0,0
22969,0,0,0,0,0,0,0,0,0
22970,0,0,0,0,0,0,0,0,0
22971,0,0,0,0,0,0,0,0,0
22972,0,0,0,0,0,0,0,0,0
22973,0,0,0,0,0,0,0,0,0
22974,0,0,0,0,0,0,0,0,0
22975,0,0,0,0,0,0,0,0,0
22976,0,0,0,0,0,0,0,0,0
22977,0,0,0,0,0,0,0,0,0
22978,0,0,0,0,0,0,0,0,0
22979,1.58569e-05,1.35029e-10,3.73427e-16,3.30897e-17,1.37829e-18,2.459e-26,9.68297e-51,1.73284e-94,1.5857e-05
22980,0,0,0,0,0,0,0,0,0
22981,0,0,0,0,0,0,0,0,0
22982,0,0,0,0,0,0,0,0,0
22983,0,0,0,0,0,0,0,0,0
22984,0,0,0,0,0,0,0,0,0
22985,0,0,0,0,0,0,0,0,0
22986,0,0,0,0,0,0,0,0,0
22987,0,0,0,0,0,0,0,0,0
22988,0,0,0,0,0,0,0,0,0
22989,0,0,0,0,0,0,0,0,0
22990,0,0,0,0,0,0,0,0,0
22991,0,0,0,0,0,0,0,0,0
22992,0,0,0,0,0,0,0,0,0
22993,0,0,0,0,0,0,0,0,0
22994,0,0,0,0,0,0,0,0,0
22995,0,0,0,0,0,0,0,0,0
22996,0,0,0,0,0,0,0,0,0
22997,0,0,0,0,0,0,0,0,0
22998,0,0,0,0,0,0,0,0,0
22999,0,0,0,0,0,0,0,0,0
23000,0,0,0,0,0,0,0,0,0
23001,0,0,0,0,0,0,0,0,0
23002,0,0,0,0,0,0,0,0,0
23003,0,0,0,0,0,0,0,0,0
23004,0,0,0,0,0,0,0,0,0
23005,0,0,0,0,0,0,0,0,0
23006,0,0,0,0,0,0,0,0,0
23007,0,0,0,0,0,0,0,0,0
23008,9.65726e-06,4.95471e-11,8.19555e-17,7.24136e-18,3.00544e-19,3.18293e-27,2.71156e-52,1.83114e-96,9.65731e-06
23009,8.20331e-06,3.49522e-11,4.57763e-17,4.04425e-18,1.6783e-19,1.28622e-27,1.48567e-54,8.33561e-97,8.20335e-06
23010,1.33305e-05,9.52006e-11,2.20874e-16,1.95113e-17,8.09552e-19,1.21121e-26,3.04904e-51,4.40448e-95,1.33306e-05
23011,0,0,0,0,0,0,0,0,0
23012,0,0,0,0,0,0,0,0,0
23013,0,0,0,0,0,0,0,0,0
23014,0,0,0,0,0,0,0,0,0
23015,0,0,0,0,0,0,0,0,0
23016,1.19476e-05,7.57717e-11,1.53476e-16,1.35491e-17,5.61739e-19,7.12795e-27,7.26031e-52,1.2635e-96,1.19477e-05
23017,0,0,0,0,0,0,0,0,0
23018,0,0,0,0,0,0,0,0,0
23019,1.84145e-05,1.83162e-10,5.96187e-16,5.26198e-17,2.18093e-18,4.60427e-26,3.39694e-50,1.01915e-93,1.84147e-05
23020,0,0,0,0,0,0,0,0,0
23021,0,0,0,0,0,0,0,0,0
23022,0,0,0,0,0,0,0,0,0
23023,0,0,0,0,0,0,0,0,0
23024,0,0,0,0,0,0,0,0,0
23025,0,0,0,0,0,0,0,0,0
23026,0,0,0,0,0,0,0,0,0
23027,0,0,0,0,0,0,0,0,0
23028,0,0,0,0,0,0,0,0,0
23029,0,0,0,0,0,0,0,0,0
23030,0,0,0,0,0,0,0,0,0
23031,0,0,0,0,0,0,0,0,0
23032,0,0,0,0,0,0,0,0,0
23033,0,0,0,0,0,0,0,0,0
23034,0,0,0,0,0,0,0,0,0
23035,0,0,0,0,0,0,0,0,0
23036,0,0,0,0,0,0,0,0,0
23037,0,0,0,0,0,0,0,0,0
23038,0,0,0,0,0,0,0,0,0
23039,0,0,0,0,0,0,0,0,0
23040,0,0,0,0,0,0,0,0,0
23041,0,0,0,0,0,0,0,0,0
23042,0,0,0,0,0,0,0,0,0
23043,0,0,0,0,0,0,0,0,0
23044,0,0,0,0,0,0,0,0,0
23045,0,0,0,0,0,0,0,0,0
23046,8.54274e-06,3.81847e-11,5.33554e-17,4.69608e-18,1.9396e-19,1.6361e-27,2.63037e-53,5.40925e-98,8.54277e-06
23047,0,0,0,0,0,0,0,0,0
23048,0,0,0,0,0,0,0,0,0
23049,1.78642e-05,1.72078e-10,5.40817e-16,4.75852e-17,1.96463e-18,3.97204e-26,2.49081e-50,5.88385e-94,1.78643e-05
23050,0,0,0,0,0,0,0,0,0
23051,0,0,0,0,0,0,0,0,0
23052,0,0,0,0,0,0,0,0,0
23053,0,0,0,0,0,0,0,0,0
23054,0,0,0,0,0,0,0,0,0
23055,0,0,0,0,0,0,0,0,0
23056,0,0,0,0,0,0,0,0,0
23057,0,0,0,0,0,0,0,0,0
23058,0,0,0,0,0,0,0,0,0
23059,0,0,0,0,0,0,0,0,0
23060,0,0,0,0,0,0,0,0,0
23061,0,0,0,0,0,0,0,0,0
23062,0,0,0,0,0,0,0,0,0
23063,0,0,0,0,0,0,0,0,0
23064,0,0,0,0,0,0,0,0,0
23065,0,0,0,0,0,0,0,0,0
23066,0,0,0,0,0,0,0,0,0
23067,0,0,0,0,0,0,0,0,0
23068,0,0,0,0,0,0,0,0,0
23069,0,0,0,0,0,0,0,0,0
23070,0,0,0,0,0,0,0,0,0
23071,0,0,0,0,0,0,0,0,0
23072,0,0,0,0,0,0,0,0,0
23073,0,0,0,0,0,0,0,0,0
23074,0,0,0,0,0,0,0,0,0
23075,1.41853e-05,1.07884e-10,2.66383e-16,2.3377e-17,9.61992e-19,1.51634e-26,4.47185e-51,6.07289e-95,1.41854e-05
23076,0,0,0,0,0,0,0,0,0
23077,0,0,0,0,0,0,0,0,0
23078,0,0,0,0,0,0,0,0,0
23079,0,0,0,0,0,0,0,0,0
23080,0,0,0,0,0,0,0,0,0
23081,0,0,0,0,0,0,0,0,0
23082,0,0,0,0,0,0,0,0,0
23083,0,0,0,0,0,0,0,0,0
23084,0,0,0,0,0,0,0,0,0
23085,0,0,0,0,0,0,0,0,0
23086,0,0,0,0,0,0,0,0,0
23087,0,0,0,0,0,0,0,0,0
23088,0,0,0,0,0,0,0,0,0
23089,0,0,0,0,0,0,0,0,0
23090,0,0,0,0,0,0,0,0,0
23091,0,0,0,0,0,0,0,0,0
23092,0,0,0,0,0,0,0,0,0
23093,0,0,0,0,0,0,0,0,0
23094,1.43215e-05,1.06281e-10,2.34884e-16,2.0573e-17,8.44553e-19,9.82216e-27,2.82864e-51,1.19841e-93,1.43216e-05
23095,0,0,0,0,0,0,0,0,0
23096,0,0,0,0,0,0,0,0,0
23097,0,0,0,0,0,0,0,0,0
23098,0,0,0,0,0,0,0,0,0
23099,0,0,0,0,0,0,0,0,0
23100,0,0,0,0,0,0,0,0,0
23101,0,0,0,0,0,0,0,0,0
23102,0,0,0,0,0,0,0,0,0
23103,0,0,0,0,0,0,0,0,0
23104,0,0,0,0,0,0,0,0,0
23105,0,0,0,0,0,0,0,0,0
23106,0,0,0,0,0,0,0,0,0
23107,0,0,0,0,0,0,0,0,0
23108,0,0,0,0,0,0,0,0,0
23109,0,0,0,0,0,0,0,0,0
23110,0,0,0,0,0,0,0,0,0
23111,0,0,0,0,0,0,0,0,0
23112,0,0,0,0,0,0,0,0,0
23113,0,0,0,0,0,0,0,0,0
23114,0,0,0,0,0,0,0,0,0
23115,0,0,0,0,0,0,0,0,0
23116,0,0,0,0,0,0,0,0,0
23117,0,0,0,0,0,0,0,0,0
23118,0,0,0,0,0,0,0,0,0
23119,0,0,0,0,0,0,0,0,0
23120,8.95446e-06,4.24345e-11,6.44191e-17,5.62778e-18,2.30284e-19,2.18712e-27,1.29379e-52,4.91863e-97,8.9545e-06
23121,1.40576e-05,1.05819e-10,2.57942e-16,2.25323e-17,9.21902e-19,1.42068e-26,3.832e-51,4.23875e-95,1.40577e-05
23122,0,0,0,0,0,0,0,0,0
23123,0,0,0,0,0,0,0,0,0
23124,7.52279e-06,2.97658e-11,3.74379e-17,3.2694e-18,1.33717e-19,1.04127e-27,3.10047e-53,6.49661e-98,7.52282e-06
23125,0,0,0,0,0,0,0,0,0
23126,1.28571e-05,8.83184e-11,1.96061e-16,1.71174e-17,6.99879e-19,9.79733e-27,1.96463e-51,1.75014e-95,1.28572e-05
23127,0,0,0,0,0,0,0,0,0
23128,0,0,0,0,0,0,0,0,0
23129,0,0,0,0,0,0,0,0,0
23130,0,0,0,0,0,0,0,0,0
23131,0,0,0,0,0,0,0,0,0
23132,1.4989e-06,1.10295e-14,6.41871e-18,5.60054e-19,2.28812e-20,8.90201e-28,4.21941e-52,4.06979e-96,1.4989e-06
23133,0,0,0,0,0,0,0,0,0
23134,0,0,0,0,0,0,0,0,0
23135,0,0,0,0,0,0,0,0,0
23136,0,0,0,0,0,0,0,0,0
23137,0,0,0,0,0,0,0,0,0
23138,0,0,0,0,0,0,0,0,0
23139,0,0,0,0,0,0,0,0,0
23140,0,0,0,0,0,0,0,0,0
23141,0,0,0,0,0,0,0,0,0
23142,0,0,0,0,0,0,0,0,0
23143,0,0,0,0,0,0,0,0,0
23144,0,0,0,0,0,0,0,0,0
23145,0,0,0,0,0,0,0,0,0
23146,0,0,0,0,0,0,0,0,0
23147,0,0,0,0,0,0,0,0,0
23148,0,0,0,0,0,0,0,0,0
23149,0,0,0,0,0,0,0,0,0
23150,0,0,0,0,0,0,0,0,0
23151,0,0,0,0,0,0,0,0,0
23152,0,0,0,0,0,0,0,0,0
23153,0,0,0,0,0,0,0,0,0
23154,0,0,0,0,0,0,0,0,0
23155,0,0,0,0,0,0,0,0,0
23156,1.37891e-05,1.01769e-10,2.43086e-16,2.11602e-17,8.61963e-19,1.29523e-26,3.27673e-51,3.2357e-95,1.37892e-05
23157,0,0,0,0,0,0,0,0,0
23158,0,0,0,0,0,0,0,0,0
23159,1.39869e-05,1.04747e-10,2.53955e-16,2.20992e-17,8.99857e-19,1.37229e-26,3.64009e-51,3.69467e-95,1.3987e-05
23160,0,0,0,0,0,0,0,0,0
23161,0,0,0,0,0,0,0,0,0
23162,0,0,0,0,0,0,0,0,0
23163,0,0,0,0,0,0,0,0,0
23164,0,0,0,0,0,0,0,0,0
23165,0,0,0,0,0,0,0,0,0
23166,1.41292e-05,1.06917e-10,2.61968e-16,2.27793e-17,9.26672e-19,1.42707e-26,3.91298e-51,4.00133e-95,1.41293e-05
23167,0,0,0,0,0,0,0,0,0
23168,0,0,0,0,0,0,0,0,0
23169,0,0,0,0,0,0,0,0,0
23170,0,0,0,0,0,0,0,0,0
23171,0,0,0,0,0,0,0,0,0
23172,0,0,0,0,0,0,0,0,0
23173,0,0,0,0,0,0,0,0,0
23174,1.17178e-05,7.22248e-11,1.39189e-16,1.20942e-17,4.9154e-19,5.59561e-27,1.82278e-52,1.68952e-96,1.17179e-05
23175,0,0,0,0,0,0,0,0,0
23176,0,0,0,0,0,0,0,0,0
23177,0,0,0,0,0,0,0,0,0
23178,0,0,0,0,0,0,0,0,0
23179,0,0,0,0,0,0,0,0,0
23180,0,0,0,0,0,0,0,0,0
23181,0,0,0,0,0,0,0,0,0
23182,0,0,0,0,0,0,0,0,0
23183,9.2794e-06,4.56076e-11,7.18298e-17,6.23571e-18,2.53151e-19,2.47493e-27,1.63715e-52,5.91447e-97,9.27945e-06
23184,0,0,0,0,0,0,0,0,0
23185,0,0,0,0,0,0,0,0,0
23186,0,0,0,0,0,0,0,0,0
23187,0,0,0,0,0,0,0,0,0
23188,0,0,0,0,0,0,0,0,0
23189,0,0,0,0,0,0,0,0,0
23190,0,0,0,0,0,0,0,0,0
23191,0,0,0,0,0,0,0,0,0
23192,0,0,0,0,0,0,0,0,0
23193,0,0,0,0,0,0,0,0,0
23194,0,0,0,0,0,0,0,0,0
23195,0,0,0,0,0,0,0,0,0
23196,0,0,0,0,0,0,0,0,0
23197,0,0,0,0,0,0,0,0,0
23198,0,0,0,0,0,0,0,0,0
23199,1.88715e-05,9.54567e-11,1.55281e-16,1.34577e-17,5.45198e-19,5.44848e-27,2.95851e-52,3.79054e-97,1.88716e-05
23200,0,0,0,0,0,0,0,0,0
23201,0,0,0,0,0,0,0,0,0
23202,0,0,0,0,0,0,0,0,0
23203,0,0,0,0,0,0,0,0,0
23204,8.08468e-06,3.41109e-11,4.48211e-17,3.88271e-18,1.57205e-19,1.21999e-27,2.13584e-53,5.10949e-99,8.08471e-06
23205,0,0,0,0,0,0,0,0,0
23206,0,0,0,0,0,0,0,0,0
23207,1.62122e-05,1.41104e-10,3.97883e-16,3.44576e-17,1.39464e-18,2.45648e-26,9.99128e-51,1.17395e-94,1.62123e-05
23208,0,0,0,0,0,0,0,0,0
23209,0,0,0,0,0,0,0,0,0
23210,0,0,0,0,0,0,0,0,0
23211,0,0,0,0,0,0,0,0,0
23212,0,0,0,0,0,0,0,0,0
23213,0,0,0,0,0,0,0,0,0
23214,0,0,0,0,0,0,0,0,0
23215,0,0,0,0,0,0,0,0,0
23216,0,0,0,0,0,0,0,0,0
23217,2.07743e-05,2.33317e-10,8.54912e-16,7.39588e-17,2.98944e-18,6.88483e-26,6.63432e-50,1.43535e-93,2.07746e-05
23218,0,0,0,0,0,0,0,0,0
23219,1.14743e-05,7.00905e-11,1.37738e-16,1.1913e-17,4.81389e-19,5.86372e-27,7.70895e-52,4.09783e-96,1.14743e-05
23220,1.08141e-05,6.20495e-11,1.13934e-16,9.85386e-18,3.98165e-19,4.49688e-27,4.36215e-52,1.69663e-96,1.08141e-05
23221,0,0,0,0,0,0,0,0,0
23222,0,0,0,0,0,0,0,0,0
23223,0,0,0,0,0,0,0,0,0
23224,0,0,0,0,0,0,0,0,0
23225,1.63213e-05,1.43117e-10,4.07101e-16,3.51898e-17,1.42093e-18,2.52383e-26,1.08282e-50,1.30643e-94,1.63215e-05
23226,0,0,0,0,0,0,0,0,0
23227,0,0,0,0,0,0,0,0,0
23228,0,0,0,0,0,0,0,0,0
23229,0,0,0,0,0,0,0,0,0
23230,0,0,0,0,0,0,0,0,0
23231,0,0,0,0,0,0,0,0,0
23232,1.4878e-05,1.18535e-10,3.05094e-16,2.63531e-17,1.06314e-18,1.69803e-26,5.05383e-51,4.38237e-95,1.48781e-05
23233,0,0,0,0,0,0,0,0,0
23234,0,0,0,0,0,0,0,0,0
23235,0,0,0,0,0,0,0,0,0
23236,0,0,0,0,0,0,0,0,0
23237,0,0,0,0,0,0,0,0,0
23238,0,0,0,0,0,0,0,0,0
23239,0,0,0,0,0,0,0,0,0
23240,0,0,0,0,0,0,0,0,0
23241,0,0,0,0,0,0,0,0,0
23242,0,0,0,0,0,0,0,0,0
23243,0,0,0,0,0,0,0,0,0
23244,0,0,0,0,0,0,0,0,0
23245,0,0,0,0,0,0,0,0,0
23246,0,0,0,0,0,0,0,0,0
23247,0,0,0,0,0,0,0,0,0
23248,0,0,0,0,0,0,0,0,0
23249,0,0,0,0,0,0,0,0,0
23250,0,0,0,0,0,0,0,0,0
23251,0,0,0,0,0,0,0,0,0
23252,1.0175e-05,5.48846e-11,9.47344e-17,8.1664e-18,3.28621e-19,3.47768e-27,2.86418e-52,9.67856e-97,1.0175e-05
23253,0,0,0,0,0,0,0,0,0
23254,0,0,0,0,0,0,0,0,0
23255,0,0,0,0,0,0,0,0,0
23256,0,0,0,0,0,0,0,0,0
23257,0,0,0,0,0,0,0,0,0
23258,0,0,0,0,0,0,0,0,0
23259,0,0,0,0,0,0,0,0,0
23260,0,0,0,0,0,0,0,0,0
23261,0,0,0,0,0,0,0,0,0
23262,0,0,0,0,0,0,0,0,0
23263,0,0,0,0,0,0,0,0,0
23264,0,0,0,0,0,0,0,0,0
23265,0,0,0,0,0,0,0,0,0
23266,0,0,0,0,0,0,0,0,0
23267,0,0,0,0,0,0,0,0,0
23268,0,0,0,0,0,0,0,0,0
23269,0,0,0,0,0,0,0,0,0
23270,0,0,0,0,0,0,0,0,0
23271,0,0,0,0,0,0,0,0,0
23272,0,0,0,0,0,0,0,0,0
23273,0,0,0,0,0,0,0,0,0
23274,0,0,0,0,0,0,0,0,0
23275,0,0,0,0,0,0,0,0,0
23276,0,0,0,0,0,0,0,0,0
23277,0,0,0,0,0,0,0,0,0
23278,0,0,0,0,0,0,0,0,0
23279,0,0,0,0,0,0,0,0,0
23280,0,0,0,0,0,0,0,0,0
23281,0,0,0,0,0,0,0,0,0
23282,0,0,0,0,0,0,0,0,0
23283,0,0,0,0,0,0,0,0,0
23284,0,0,0,0,0,0,0,0,0
23285,0,0,0,0,0,0,0,0,0
23286,0,0,0,0,0,0,0,0,0
23287,0,0,0,0,0,0,0,0,0
23288,1.11582e-05,6.61255e-11,1.25498e-16,1.078e-17,4.31873e-19,5.00289e-27,5.43412e-52,2.02272e-96,1.11583e-05
23289,0,0,0,0,0,0,0,0,0
23290,0,0,0,0,0,0,0,0,0
23291,0,0,0,0,0,0,0,0,0
23292,0,0,0,0,0,0,0,0,0
23293,0,0,0,0,0,0,0,0,0
23294,0,0,0,0,0,0,0,0,0
23295,0,0,0,0,0,0,0,0,0
23296,0,0,0,0,0,0,0,0,0
23297,0,0,0,0,0,0,0,0,0
23298,0,0,0,0,0,0,0,0,0
23299,0,0,0,0,0,0,0,0,0
23300,0,0,0,0,0,0,0,0,0
23301,9.61854e-06,4.87996e-11,7.84828e-17,6.73221e-18,2.69241e-19,2.59998e-27,1.40149e-52,2.39346e-97,9.61859e-06
23302,0,0,0,0,0,0,0,0,0
23303,0,0,0,0,0,0,0,0,0
23304,0,0,0,0,0,0,0,0,0
23305,0,0,0,0,0,0,0,0,0
23306,0,0,0,0,0,0,0,0,0
23307,0,0,0,0,0,0,0,0,0
23308,6.29033e-06,1.92337e-11,1.50217e-17,1.28775e-18,5.14604e-20,1.23444e-28,1.22234e-52,2.16983e-96,6.29035e-06
23309,0,0,0,0,0,0,0,0,0
23310,0,0,0,0,0,0,0,0,0
23311,1.27988e-05,8.72075e-11,1.90409e-16,1.63171e-17,6.51763e-19,8.65085e-27,1.39027e-51,6.11474e-96,1.27989e-05
23312,0,0,0,0,0,0,0,0,0
23313,0,0,0,0,0,0,0,0,0
23314,0,0,0,0,0,0,0,0,0
23315,0,0,0,0,0,0,0,0,0
23316,0,0,0,0,0,0,0,0,0
23317,0,0,0,0,0,0,0,0,0
23318,0,0,0,0,0,0,0,0,0
23319,0,0,0,0,0,0,0,0,0
23320,0,0,0,0,0,0,0,0,0
23321,1.08803e-05,6.15733e-11,1.06205e-16,9.09188e-18,3.62698e-19,3.44683e-27,2.87408e-55,5.1209e-96,1.08804e-05
23322,0,0,0,0,0,0,0,0,0
23323,0,0,0,0,0,0,0,0,0
23324,0,0,0,0,0,0,0,0,0
23325,0,0,0,0,0,0,0,0,0
23326,0,0,0,0,0,0,0,0,0
23327,0,0,0,0,0,0,0,0,0
23328,0,0,0,0,0,0,0,0,0
23329,0,0,0,0,0,0,0,0,0
23330,0,0,0,0,0,0,0,0,0
23331,0,0,0,0,0,0,0,0,0
23332,0,0,0,0,0,0,0,0,0
23333,0,0,0,0,0,0,0,0,0
23334,0,0,0,0,0,0,0,0,0
23335,0,0,0,0,0,0,0,0,0
23336,1.40517e-05,1.05499e-10,2.55005e-16,2.17978e-17,8.67948e-19,1.27926e-26,3.01415e-51,1.7612e-95,1.40518e-05
23337,1.13322e-05,6.75206e-11,1.25802e-16,1.07525e-17,4.28094e-19,4.63254e-27,1.93022e-52,3.96143e-98,1.13322e-05
23338,0,0,0,0,0,0,0,0,0
23339,0,0,0,0,0,0,0,0,0
23340,0,0,0,0,0,0,0,0,0
23341,0,0,0,0,0,0,0,0,0
23342,0,0,0,0,0,0,0,0,0
23343,1.57311e-05,1.3257e-10,3.60388e-16,3.07845e-17,1.22472e-18,2.03135e-26,6.86517e-51,5.01426e-95,1.57312e-05
23344,0,0,0,0,0,0,0,0,0
23345,0,0,0,0,0,0,0,0,0
23346,0,0,0,0,0,0,0,0,0
23347,0,0,0,0,0,0,0,0,0
23348,0,0,0,0,0,0,0,0,0
23349,1.03867e-05,5.70496e-11,9.96141e-17,8.50361e-18,3.38031e-19,3.53633e-27,2.59925e-52,5.61845e-97,1.03867e-05
23350,0,0,0,0,0,0,0,0,0
23351,0,0,0,0,0,0,0,0,0
23352,0,0,0,0,0,0,0,0,0
23353,0,0,0,0,0,0,0,0,0
23354,0,0,0,0,0,0,0,0,0
23355,0,0,0,0,0,0,0,0,0
23356,0,0,0,0,0,0,0,0,0
23357,0,0,0,0,0,0,0,0,0
23358,0,0,0,0,0,0,0,0,0
23359,0,0,0,0,0,0,0,0,0
23360,0,0,0,0,0,0,0,0,0
23361,0,0,0,0,0,0,0,0,0
23362,1.05062e-05,5.82552e-11,1.02198e-16,8.71333e-18,3.45828e-19,3.59943e-27,2.35667e-52,3.75112e-97,1.05062e-05
23363,0,0,0,0,0,0,0,0,0
23364,0,0,0,0,0,0,0,0,0
23365,1.03838e-05,5.69624e-11,9.91095e-17,8.44697e-18,3.35106e-19,3.47246e-27,2.3619e-52,4.13648e-97,1.03839e-05
23366,0,0,0,0,0,0,0,0,0
23367,0,0,0,0,0,0,0,0,0
23368,0,0,0,0,0,0,0,0,0
23369,0,0,0,0,0,0,0,0,0
23370,0,0,0,0,0,0,0,0,0
23371,0,0,0,0,0,0,0,0,0
23372,0,0,0,0,0,0,0,0,0
23373,9.35017e-06,4.61314e-11,7.22557e-17,6.15369e-18,2.43901e-19,2.28107e-27,1.22287e-52,2.12159e-97,9.35021e-06
23374,0,0,0,0,0,0,0,0,0
23375,0,0,0,0,0,0,0,0,0
23376,0,0,0,0,0,0,0,0,0
23377,0,0,0,0,0,0,0,0,0
23378,0,0,0,0,0,0,0,0,0
23379,0,0,0,0,0,0,0,0,0
23380,0,0,0,0,0,0,0,0,0
23381,0,0,0,0,0,0,0,0,0
23382,0,0,0,0,0,0,0,0,0
23383,0,0,0,0,0,0,0,0,0
23384,0,0,0,0,0,0,0,0,0
23385,0,0,0,0,0,0,0,0,0
23386,0,0,0,0,0,0,0,0,0
23387,1.33541e-05,9.50716e-11,2.17162e-16,1.84678e-17,7.30633e-19,1.0064e-26,1.89216e-51,8.11438e-96,1.33542e-05
23388,0,0,0,0,0,0,0,0,0
23389,0,0,0,0,0,0,0,0,0
23390,0,0,0,0,0,0,0,0,0
23391,0,0,0,0,0,0,0,0,0
23392,0,0,0,0,0,0,0,0,0
23393,0,0,0,0,0,0,0,0,0
23394,0,0,0,0,0,0,0,0,0
23395,0,0,0,0,0,0,0,0,0
23396,0,0,0,0,0,0,0,0,0
23397,0,0,0,0,0,0,0,0,0
23398,0,0,0,0,0,0,0,0,0
23399,0,0,0,0,0,0,0,0,0
23400,1.38644e-05,1.02616e-10,2.44086e-16,2.07298e-17,8.18759e-19,1.17493e-26,2.56022e-51,1.21023e-95,1.38645e-05
23401,0,0,0,0,0,0,0,0,0
23402,0,0,0,0,0,0,0,0,0
23403,0,0,0,0,0,0,0,0,0
23404,0,0,0,0,0,0,0,0,0
23405,2.20727e-05,1.2915e-10,2.40939e-16,2.0452e-17,8.07266e-19,8.99397e-27,8.49265e-52,2.06804e-96,2.20728e-05
23406,0,0,0,0,0,0,0,0,0
23407,0,0,0,0,0,0,0,0,0
23408,0,0,0,0,0,0,0,0,0
23409,0,0,0,0,0,0,0,0,0
23410,0,0,0,0,0,0,0,0,0
23411,0,0,0,0,0,0,0,0,0
23412,0,0,0,0,0,0,0,0,0
23413,0,0,0,0,0,0,0,0,0
23414,0,0,0,0,0,0,0,0,0
23415,4.30479e-06,8.1076e-12,2.57356e-18,2.18235e-19,8.60317e-21,1.89372e-30,4.36936e-53,7.60135e-98,4.3048e-06
23416,0,0,0,0,0,0,0,0,0
23417,0,0,0,0,0,0,0,0,0
23418,0,0,0,0,0,0,0,0,0
23419,0,0,0,0,0,0,0,0,0
23420,0,0,0,0,0,0,0,0,0
23421,0,0,0,0,0,0,0,0,0
23422,0,0,0,0,0,0,0,0,0
23423,0,0,0,0,0,0,0,0,0
23424,0,0,0,0,0,0,0,0,0
23425,0,0,0,0,0,0,0,0,0
23426,0,0,0,0,0,0,0,0,0
23427,8.2233e-06,3.55601e-11,4.86462e-17,4.12035e-18,1.62193e-19,1.31097e-27,4.52481e-53,5.11504e-98,8.22334e-06
23428,0,0,0,0,0,0,0,0,0
23429,0,0,0,0,0,0,0,0,0
23430,0,0,0,0,0,0,0,0,0
23431,0,0,0,0,0,0,0,0,0
23432,0,0,0,0,0,0,0,0,0
23433,0,0,0,0,0,0,0,0,0
23434,0,0,0,0,0,0,0,0,0
23435,0,0,0,0,0,0,0,0,0
23436,0,0,0,0,0,0,0,0,0
23437,0,0,0,0,0,0,0,0,0
23438,0,0,0,0,0,0,0,0,0
23439,0,0,0,0,0,0,0,0,0
23440,0,0,0,0,0,0,0,0,0
23441,0,0,0,0,0,0,0,0,0
23442,0,0,0,0,0,0,0,0,0
23443,0,0,0,0,0,0,0,0,0
23444,0,0,0,0,0,0,0,0,0
23445,0,0,0,0,0,0,0,0,0
23446,0,0,0,0,0,0,0,0,0
23447,0,0,0,0,0,0,0,0,0
23448,0,0,0,0,0,0,0,0,0
23449,0,0,0,0,0,0,0,0,0
23450,0,0,0,0,0,0,0,0,0
23451,0,0,0,0,0,0,0,0,0
23452,0,0,0,0,0,0,0,0,0
23453,0,0,0,0,0,0,0,0,0
23454,0,0,0,0,0,0,0,0,0
23455,0,0,0,0,0,0,0,0,0
23456,0,0,0,0,0,0,0,0,0
23457,0,0,0,0,0,0,0,0,0
23458,0,0,0,0,0,0,0,0,0
23459,0,0,0,0,0,0,0,0,0
23460,0,0,0,0,0,0,0,0,0
23461,0,0,0,0,0,0,0,0,0
23462,0,0,0,0,0,0,0,0,0
23463,0,0,0,0,0,0,0,0,0
23464,0,0,0,0,0,0,0,0,0
23465,0,0,0,0,0,0,0,0,0
23466,1.33687e-05,9.51515e-11,2.16565e-16,1.82717e-17,7.15736e-19,9.67506e-27,1.68045e-51,5.41219e-96,1.33688e-05
23467,0,0,0,0,0,0,0,0,0
23468,0,0,0,0,0,0,0,0,0
23469,0,0,0,0,0,0,0,0,0
23470,0,0,0,0,0,0,0,0,0
23471,1.01404e-05,5.43258e-11,9.23547e-17,7.78774e-18,3.04853e-19,3.05068e-27,2.03159e-52,3.20765e-97,1.01405e-05
23472,0,0,0,0,0,0,0,0,0
23473,0,0,0,0,0,0,0,0,0
23474,0,0,0,0,0,0,0,0,0
23475,0,0,0,0,0,0,0,0,0
23476,0,0,0,0,0,0,0,0,0
23477,0,0,0,0,0,0,0,0,0
23478,0,0,0,0,0,0,0,0,0
23479,0,0,0,0,0,0,0,0,0
23480,0,0,0,0,0,0,0,0,0
23481,1.23023e-05,8.04109e-11,1.67761e-16,1.41319e-17,5.5249e-19,6.82115e-27,9.0165e-52,2.34319e-96,1.23024e-05
23482,0,0,0,0,0,0,0,0,0
23483,0,0,0,0,0,0,0,0,0
23484,0,0,0,0,0,0,0,0,0
23485,0,0,0,0,0,0,0,0,0
23486,0,0,0,0,0,0,0,0,0
23487,0,0,0,0,0,0,0,0,0
23488,0,0,0,0,0,0,0,0,0
23489,0,0,0,0,0,0,0,0,0
23490,0,0,0,0,0,0,0,0,0
23491,0,0,0,0,0,0,0,0,0
23492,0,0,0,0,0,0,0,0,0
23493,0,0,0,0,0,0,0,0,0
23494,0,0,0,0,0,0,0,0,0
23495,1.43517e-05,1.08245e-10,2.52594e-16,2.12486e-17,8.29281e-19,1.07479e-26,3.7681e-52,5.03113e-96,1.43518e-05
23496,0,0,0,0,0,0,0,0,0
23497,0,0,0,0,0,0,0,0,0
23498,0,0,0,0,0,0,0,0,0
23499,6.0123e-06,1.8658e-11,1.775e-17,1.49257e-18,5.82224e-20,3.08675e-28,1.54163e-54,7.40642e-102,6.01232e-06
23500,0,0,0,0,0,0,0,0,0
23501,0,0,0,0,0,0,0,0,0
23502,0,0,0,0,0,0,0,0,0
23503,9.95185e-06,5.23566e-11,8.75617e-17,7.36002e-18,2.86959e-19,2.82281e-27,1.88044e-52,2.96035e-97,9.95191e-06
23504,8.47445e-06,3.76452e-11,5.24561e-17,4.40864e-18,1.7186e-19,1.38061e-27,3.96905e-53,2.20978e-98,8.47448e-06
23505,0,0,0,0,0,0,0,0,0
23506,0,0,0,0,0,0,0,0,0
23507,0,0,0,0,0,0,0,0,0
23508,0,0,0,0,0,0,0,0,0
23509,0,0,0,0,0,0,0,0,0
23510,0,0,0,0,0,0,0,0,0
23511,1.11759e-05,6.61726e-11,1.24666e-16,1.04703e-17,4.07809e-19,4.5133e-27,4.23314e-52,8.00641e-97,1.1176e-05
23512,0,0,0,0,0,0,0,0,0
23513,0,0,0,0,0,0,0,0,0
23514,0,0,0,0,0,0,0,0,0
23515,0,0,0,0,0,0,0,0,0
23516,0,0,0,0,0,0,0,0,0
23517,0,0,0,0,0,0,0,0,0
23518,0,0,0,0,0,0,0,0,0
23519,0,0,0,0,0,0,0,0,0
23520,0,0,0,0,0,0,0,0,0
23521,0,0,0,0,0,0,0,0,0
23522,0,0,0,0,0,0,0,0,0
23523,0,0,0,0,0,0,0,0,0
23524,0,0,0,0,0,0,0,0,0
23525,0,0,0,0,0,0,0,0,0
23526,0,0,0,0,0,0,0,0,0
23527,0,0,0,0,0,0,0,0,0
23528,0,0,0,0,0,0,0,0,0
23529,0,0,0,0,0,0,0,0,0
23530,0,0,0,0,0,0,0,0,0
23531,1.31552e-05,9.2081e-11,2.05877e-16,1.72553e-17,6.70342e-19,8.81536e-27,1.43265e-51,3.83489e-96,1.31553e-05
23532,0,0,0,0,0,0,0,0,0
23533,0,0,0,0,0,0,0,0,0
23534,0,0,0,0,0,0,0,0,0
23535,0,0,0,0,0,0,0,0,0
23536,0,0,0,0,0,0,0,0,0
23537,0,0,0,0,0,0,0,0,0
23538,0,0,0,0,0,0,0,0,0
23539,0,0,0,0,0,0,0,0,0
23540,0,0,0,0,0,0,0,0,0
23541,0,0,0,0,0,0,0,0,0
23542,0,0,0,0,0,0,0,0,0
23543,0,0,0,0,0,0,0,0,0
23544,0,0,0,0,0,0,0,0,0
23545,0,0,0,0,0,0,0,0,0
23546,0,0,0,0,0,0,0,0,0
23547,5.46832e-06,1.53431e-11,1.30533e-17,1.09231e-18,4.23503e-20,1.95685e-28,3.88318e-55,1.20143e-100,5.46833e-06
23548,0,0,0,0,0,0,0,0,0
23549,0,0,0,0,0,0,0,0,0
23550,0,0,0,0,0,0,0,0,0
23551,0,0,0,0,0,0,0,0,0
23552,0,0,0,0,0,0,0,0,0
23553,0,0,0,0,0,0,0,0,0
23554,0,0,0,0,0,0,0,0,0
23555,0,0,0,0,0,0,0,0,0
23556,0,0,0,0,0,0,0,0,0
23557,0,0,0,0,0,0,0,0,0
23558,0,0,0,0,0,0,0,0,0
23559,0,0,0,0,0,0,0,0,0
23560,0,0,0,0,0,0,0,0,0
23561,0,0,0,0,0,0,0,0,0
23562,0,0,0,0,0,0,0,0,0
23563,0,0,0,0,0,0,0,0,0
23564,7.65418e-06,2.96971e-11,3.33048e-17,2.78237e-18,1.07653e-19,5.7591e-28,1.55324e-53,3.43856e-97,7.65421e-06
23565,0,0,0,0,0,0,0,0,0
23566,0,0,0,0,0,0,0,0,0
23567,0,0,0,0,0,0,0,0,0
23568,0,0,0,0,0,0,0,0,0
23569,0,0,0,0,0,0,0,0,0
23570,0,0,0,0,0,0,0,0,0
23571,0,0,0,0,0,0,0,0,0
23572,0,0,0,0,0,0,0,0,0
23573,0,0,0,0,0,0,0,0,0
23574,0,0,0,0,0,0,0,0,0
23575,0,0,0,0,0,0,0,0,0
23576,0,0,0,0,0,0,0,0,0
23577,0,0,0,0,0,0,0,0,0
23578,0,0,0,0,0,0,0,0,0
23579,0,0,0,0,0,0,0,0,0
23580,0,0,0,0,0,0,0,0,0
23581,0,0,0,0,0,0,0,0,0
23582,0,0,0,0,0,0,0,0,0
23583,0,0,0,0,0,0,0,0,0
23584,0,0,0,0,0,0,0,0,0
23585,0,0,0,0,0,0,0,0,0
23586,0,0,0,0,0,0,0,0,0
23587,0,0,0,0,0,0,0,0,0
23588,0,0,0,0,0,0,0,0,0
23589,0,0,0,0,0,0,0,0,0
23590,0,0,0,0,0,0,0,0,0
23591,0,0,0,0,0,0,0,0,0
23592,0,0,0,0,0,0,0,0,0
23593,0,0,0,0,0,0,0,0,0
23594,0,0,0,0,0,0,0,0,0
23595,0,0,0,0,0,0,0,0,0
23596,0,0,0,0,0,0,0,0,0
23597,0,0,0,0,0,0,0,0,0
23598,0,0,0,0,0,0,0,0,0
23599,9.84262e-06,5.10416e-11,8.35249e-17,6.95299e-18,2.67819e-19,2.51741e-27,1.34967e-52,1.28496e-97,9.84267e-06
23600,0,0,0,0,0,0,0,0,0
23601,0,0,0,0,0,0,0,0,0
23602,0,0,0,0,0,0,0,0,0
23603,0,0,0,0,0,0,0,0,0
23604,0,0,0,0,0,0,0,0,0
23605,0,0,0,0,0,0,0,0,0
23606,0,0,0,0,0,0,0,0,0
23607,0,0,0,0,0,0,0,0,0
23608,0,0,0,0,0,0,0,0,0
23609,0,0,0,0,0,0,0,0,0
23610,0,0,0,0,0,0,0,0,0
23611,0,0,0,0,0,0,0,0,0
23612,0,0,0,0,0,0,0,0,0
23613,0,0,0,0,0,0,0,0,0
23614,0,0,0,0,0,0,0,0,0
23615,9.50079e-06,4.75397e-11,7.50817e-17,6.23999e-18,2.39866e-19,2.1737e-27,1.06716e-52,9.52018e-98,9.50083e-06
23616,0,0,0,0,0,0,0,0,0
23617,0,0,0,0,0,0,0,0,0
23618,0,0,0,0,0,0,0,0,0
23619,0,0,0,0,0,0,0,0,0
23620,0,0,0,0,0,0,0,0,0
23621,0,0,0,0,0,0,0,0,0
23622,0,0,0,0,0,0,0,0,0
23623,0,0,0,0,0,0,0,0,0
23624,0,0,0,0,0,0,0,0,0
23625,0,0,0,0,0,0,0,0,0
23626,0,0,0,0,0,0,0,0,0
23627,0,0,0,0,0,0,0,0,0
23628,0,0,0,0,0,0,0,0,0
23629,0,0,0,0,0,0,0,0,0
23630,0,0,0,0,0,0,0,0,0
23631,0,0,0,0,0,0,0,0,0
23632,0,0,0,0,0,0,0,0,0
23633,0,0,0,0,0,0,0,0,0
23634,0,0,0,0,0,0,0,0,0
23635,0,0,0,0,0,0,0,0,0
23636,0,0,0,0,0,0,0,0,0
23637,0,0,0,0,0,0,0,0,0
23638,0,0,0,0,0,0,0,0,0
23639,0,0,0,0,0,0,0,0,0
23640,1.46532e-05,1.14373e-10,2.84691e-16,2.36011e-17,9.04378e-19,1.30069e-26,2.74544e-51,6.52505e-96,1.46534e-05
23641,0,0,0,0,0,0,0,0,0
23642,0,0,0,0,0,0,0,0,0
23643,0,0,0,0,0,0,0,0,0
23644,0,0,0,0,0,0,0,0,0
23645,0,0,0,0,0,0,0,0,0
23646,0,0,0,0,0,0,0,0,0
23647,8.31228e-06,3.62472e-11,4.96752e-17,4.11538e-18,1.57568e-19,1.22812e-27,3.74534e-53,2.19219e-98,8.31231e-06
23648,0,0,0,0,0,0,0,0,0
23649,0,0,0,0,0,0,0,0,0
23650,0,0,0,0,0,0,0,0,0
23651,0,0,0,0,0,0,0,0,0
23652,1.3942e-05,1.03229e-10,2.42548e-16,2.00832e-17,7.68414e-19,1.03407e-26,1.6662e-51,2.89018e-96,1.39421e-05
23653,0,0,0,0,0,0,0,0,0
23654,0,0,0,0,0,0,0,0,0
23655,0,0,0,0,0,0,0,0,0
23656,0,0,0,0,0,0,0,0,0
23657,1.52295e-05,1.23399e-10,3.17603e-16,2.62861e-17,1.00519e-18,1.48121e-26,3.10514e-51,6.15046e-96,1.52296e-05
23658,0,0,0,0,0,0,0,0,0
23659,0,0,0,0,0,0,0,0,0
23660,0,0,0,0,0,0,0,0,0
23661,0,0,0,0,0,0,0,0,0
23662,0,0,0,0,0,0,0,0,0
23663,0,0,0,0,0,0,0,0,0
23664,0,0,0,0,0,0,0,0,0
23665,0,0,0,0,0,0,0,0,0
23666,0,0,0,0,0,0,0,0,0
23667,0,0,0,0,0,0,0,0,0
23668,0,0,0,0,0,0,0,0,0
23669,0,0,0,0,0,0,0,0,0
23670,0,0,0,0,0,0,0,0,0
23671,0,0,0,0,0,0,0,0,0
23672,0,0,0,0,0,0,0,0,0
23673,0,0,0,0,0,0,0,0,0
23674,0,0,0,0,0,0,0,0,0
23675,0,0,0,0,0,0,0,0,0
23676,0,0,0,0,0,0,0,0,0
23677,0,0,0,0,0,0,0,0,0
23678,0,0,0,0,0,0,0,0,0
23679,0,0,0,0,0,0,0,0,0
23680,0,0,0,0,0,0,0,0,0
23681,0,0,0,0,0,0,0,0,0
23682,0,0,0,0,0,0,0,0,0
23683,0,0,0,0,0,0,0,0,0
23684,0,0,0,0,0,0,0,0,0
23685,0,0,0,0,0,0,0,0,0
23686,0,0,0,0,0,0,0,0,0
23687,0,0,0,0,0,0,0,0,0
23688,0,0,0,0,0,0,0,0,0
23689,0,0,0,0,0,0,0,0,0
23690,0,0,0,0,0,0,0,0,0
23691,0,0,0,0,0,0,0,0,0
23692,0,0,0,0,0,0,0,0,0
23693,0,0,0,0,0,0,0,0,0
23694,0,0,0,0,0,0,0,0,0
23695,0,0,0,0,0,0,0,0,0
23696,0,0,0,0,0,0,0,0,0
23697,0,0,0,0,0,0,0,0,0
23698,0,0,0,0,0,0,0,0,0
23699,0,0,0,0,0,0,0,0,0
23700,0,0,0,0,0,0,0,0,0
23701,0,0,0,0,0,0,0,0,0
23702,0,0,0,0,0,0,0,0,0
23703,0,0,0,0,0,0,0,0,0
23704,0,0,0,0,0,0,0,0,0
23705,0,0,0,0,0,0,0,0,0
23706,0,0,0,0,0,0,0,0,0
23707,0,0,0,0,0,0,0,0,0
23708,0,0,0,0,0,0,0,0,0
23709,0,0,0,0,0,0,0,0,0
23710,0,0,0,0,0,0,0,0,0
23711,0,0,0,0,0,0,0,0,0
23712,0,0,0,0,0,0,0,0,0
23713,0,0,0,0,0,0,0,0,0
23714,0,0,0,0,0,0,0,0,0
23715,0,0,0,0,0,0,0,0,0
23716,0,0,0,0,0,0,0,0,0
23717,1.1644e-05,7.16349e-11,1.3907e-16,1.14396e-17,4.34106e-19,4.75771e-27,4.07226e-52,3.89891e-97,1.16441e-05
23718,0,0,0,0,0,0,0,0,0
23719,7.61241e-06,3.012e-11,3.67882e-17,3.02569e-18,1.14797e-19,7.67633e-28,1.05222e-53,1.29631e-99,7.61245e-06
23720,0,0,0,0,0,0,0,0,0
23721,4.81484e-06,1.1963e-11,9.17187e-18,7.54208e-19,2.86084e-20,1.20987e-28,5.12794e-55,5.66141e-101,4.81486e-06
23722,0,0,0,0,0,0,0,0,0
23723,0,0,0,0,0,0,0,0,0
23724,0,0,0,0,0,0,0,0,0
23725,0,0,0,0,0,0,0,0,0
23726,0,0,0,0,0,0,0,0,0
23727,0,0,0,0,0,0,0,0,0
23728,0,0,0,0,0,0,0,0,0
23729,0,0,0,0,0,0,0,0,0
23730,0,0,0,0,0,0,0,0,0
23731,0,0,0,0,0,0,0,0,0
23732,0,0,0,0,0,0,0,0,0
23733,0,0,0,0,0,0,0,0,0
23734,0,0,0,0,0,0,0,0,0
23735,0,0,0,0,0,0,0,0,0
23736,0,0,0,0,0,0,0,0,0
23737,0,0,0,0,0,0,0,0,0
23738,0,0,0,0,0,0,0,0,0
23739,0,0,0,0,0,0,0,0,0
23740,0,0,0,0,0,0,0,0,0
23741,0,0,0,0,0,0,0,0,0
23742,0,0,0,0,0,0,0,0,0
23743,0,0,0,0,0,0,0,0,0
23744,0,0,0,0,0,0,0,0,0
23745,0,0,0,0,0,0,0,0,0
23746,0,0,0,0,0,0,0,0,0
23747,0,0,0,0,0,0,0,0,0
23748,0,0,0,0,0,0,0,0,0
23749,0,0,0,0,0,0,0,0,0
23750,0,0,0,0,0,0,0,0,0
23751,0,0,0,0,0,0,0,0,0
23752,0,0,0,0,0,0,0,0,0
23753,0,0,0,0,0,0,0,0,0
23754,0,0,0,0,0,0,0,0,0
23755,0,0,0,0,0,0,0,0,0
23756,0,0,0,0,0,0,0,0,0
23757,0,0,0,0,0,0,0,0,0
23758,0,0,0,0,0,0,0,0,0
23759,7.7421e-06,3.13041e-11,3.94631e-17,3.23255e-18,1.22024e-19,8.52462e-28,1.73943e-53,5.23711e-99,7.74213e-06
23760,0,0,0,0,0,0,0,0,0
23761,0,0,0,0,0,0,0,0,0
23762,0,0,0,0,0,0,0,0,0
23763,1.26753e-05,8.49208e-11,1.79155e-16,1.46699e-17,5.53516e-19,6.52267e-27,6.59265e-52,5.62628e-97,1.26753e-05
23764,0,0,0,0,0,0,0,0,0
23765,0,0,0,0,0,0,0,0,0
23766,0,0,0,0,0,0,0,0,0
23767,0,0,0,0,0,0,0,0,0
23768,1.07008e-05,6.03881e-11,1.0738e-16,8.78832e-18,3.31391e-19,3.3023e-27,2.17242e-52,1.60343e-97,1.07009e-05
23769,0,0,0,0,0,0,0,0,0
23770,0,0,0,0,0,0,0,0,0
23771,0,0,0,0,0,0,0,0,0
23772,0,0,0,0,0,0,0,0,0
23773,0,0,0,0,0,0,0,0,0
23774,0,0,0,0,0,0,0,0,0
23775,0,0,0,0,0,0,0,0,0
23776,0,0,0,0,0,0,0,0,0
23777,0,0,0,0,0,0,0,0,0
23778,0,0,0,0,0,0,0,0,0
23779,0,0,0,0,0,0,0,0,0
23780,0,0,0,0,0,0,0,0,0
23781,0,0,0,0,0,0,0,0,0
23782,0,0,0,0,0,0,0,0,0
23783,0,0,0,0,0,0,0,0,0
23784,0,0,0,0,0,0,0,0,0
23785,0,0,0,0,0,0,0,0,0
23786,9.87103e-06,5.12809e-11,8.37842e-17,6.8447e-18,2.57513e-19,2.34816e-27,1.18001e-52,6.95911e-98,9.87108e-06
23787,0,0,0,0,0,0,0,0,0
23788,0,0,0,0,0,0,0,0,0
23789,0,0,0,0,0,0,0,0,0
23790,0,0,0,0,0,0,0,0,0
23791,0,0,0,0,0,0,0,0,0
23792,0,0,0,0,0,0,0,0,0
23793,0,0,0,0,0,0,0,0,0
23794,0,0,0,0,0,0,0,0,0
23795,0,0,0,0,0,0,0,0,0
23796,6.3648e-06,2.09626e-11,2.12263e-17,1.73231e-18,6.50906e-20,3.56236e-28,2.81312e-54,2.60748e-100,6.36482e-06
23797,0,0,0,0,0,0,0,0,0
23798,0,0,0,0,0,0,0,0,0
23799,0,0,0,0,0,0,0,0,0
23800,0,0,0,0,0,0,0,0,0
23801,0,0,0,0,0,0,0,0,0
23802,0,0,0,0,0,0,0,0,0
23803,0,0,0,0,0,0,0,0,0
23804,0,0,0,0,0,0,0,0,0
23805,0,0,0,0,0,0,0,0,0
23806,0,0,0,0,0,0,0,0,0
23807,0,0,0,0,0,0,0,0,0
23808,0,0,0,0,0,0,0,0,0
23809,6.16217e-06,1.95526e-11,1.88812e-17,1.53882e-18,5.77214e-20,2.95487e-28,1.43781e-54,2.16008e-101,6.16219e-06
23810,0,0,0,0,0,0,0,0,0
23811,0,0,0,0,0,0,0,0,0
23812,7.56089e-06,2.97353e-11,3.61562e-17,2.94598e-18,1.10469e-19,7.29462e-28,1.09052e-53,1.74844e-99,7.56092e-06
23813,0,0,0,0,0,0,0,0,0
23814,0,0,0,0,0,0,0,0,0
23815,0,0,0,0,0,0,0,0,0
23816,0,0,0,0,0,0,0,0,0
23817,9.50909e-06,4.75238e-11,7.45524e-17,6.07166e-18,2.27544e-19,1.97955e-27,8.55752e-53,4.17517e-98,9.50914e-06
23818,0,0,0,0,0,0,0,0,0
23819,0,0,0,0,0,0,0,0,0
23820,0,0,0,0,0,0,0,0,0
23821,0,0,0,0,0,0,0,0,0
23822,0,0,0,0,0,0,0,0,0
23823,0,0,0,0,0,0,0,0,0
23824,0,0,0,0,0,0,0,0,0
23825,0,0,0,0,0,0,0,0,0
23826,9.33662e-06,4.57631e-11,7.0273e-17,5.71767e-18,2.14022e-19,1.8153e-27,7.10309e-53,3.06732e-98,9.33667e-06
23827,0,0,0,0,0,0,0,0,0
23828,0,0,0,0,0,0,0,0,0
23829,0,0,0,0,0,0,0,0,0
23830,0,0,0,0,0,0,0,0,0
23831,0,0,0,0,0,0,0,0,0
23832,0,0,0,0,0,0,0,0,0
23833,0,0,0,0,0,0,0,0,0
23834,0,0,0,0,0,0,0,0,0
23835,0,0,0,0,0,0,0,0,0
23836,0,0,0,0,0,0,0,0,0
23837,8.48111e-06,3.76954e-11,5.24528e-17,4.26293e-18,1.59342e-19,1.22337e-27,3.61821e-53,1.3033e-98,8.48114e-06
23838,0,0,0,0,0,0,0,0,0
23839,0,0,0,0,0,0,0,0,0
23840,0,0,0,0,0,0,0,0,0
23841,0,0,0,0,0,0,0,0,0
23842,0,0,0,0,0,0,0,0,0
23843,0,0,0,0,0,0,0,0,0
23844,0,0,0,0,0,0,0,0,0
23845,0,0,0,0,0,0,0,0,0
23846,0,0,0,0,0,0,0,0,0
23847,0,0,0,0,0,0,0,0,0
23848,0,0,0,0,0,0,0,0,0
23849,0,0,0,0,0,0,0,0,0
23850,1.63023e-05,1.41614e-10,3.90837e-16,3.1724e-17,1.18393e-18,1.82513e-26,4.74963e-51,7.56723e-96,1.63025e-05
23851,0,0,0,0,0,0,0,0,0
23852,0,0,0,0,0,0,0,0,0
23853,0,0,0,0,0,0,0,0,0
23854,6.16535e-06,1.91137e-11,1.70243e-17,1.38121e-18,5.15167e-20,2.155e-28,4.34738e-58,2.41679e-100,6.16536e-06
23855,0,0,0,0,0,0,0,0,0
23856,0,0,0,0,0,0,0,0,0
23857,0,0,0,0,0,0,0,0,0
23858,0,0,0,0,0,0,0,0,0
23859,0,0,0,0,0,0,0,0,0
23860,0,0,0,0,0,0,0,0,0
23861,0,0,0,0,0,0,0,0,0
23862,0,0,0,0,0,0,0,0,0
23863,0,0,0,0,0,0,0,0,0
23864,0,0,0,0,0,0,0,0,0
23865,0,0,0,0,0,0,0,0,0
23866,0,0,0,0,0,0,0,0,0
23867,0,0,0,0,0,0,0,0,0
23868,0,0,0,0,0,0,0,0,0
23869,0,0,0,0,0,0,0,0,0
23870,0,0,0,0,0,0,0,0,0
23871,0,0,0,0,0,0,0,0,0
23872,0,0,0,0,0,0,0,0,0
23873,0,0,0,0,0,0,0,0,0
23874,0,0,0,0,0,0,0,0,0
23875,0,0,0,0,0,0,0,0,0
23876,0,0,0,0,0,0,0,0,0
23877,0,0,0,0,0,0,0,0,0
23878,0,0,0,0,0,0,0,0,0
23879,0,0,0,0,0,0,0,0,0
23880,0,0,0,0,0,0,0,0,0
23881,0,0,0,0,0,0,0,0,0
23882,0,0,0,0,0,0,0,0,0
23883,0,0,0,0,0,0,0,0,0
23884,0,0,0,0,0,0,0,0,0
23885,0,0,0,0,0,0,0,0,0
23886,0,0,0,0,0,0,0,0,0
23887,0,0,0,0,0,0,0,0,0
23888,0,0,0,0,0,0,0,0,0
23889,0,0,0,0,0,0,0,0,0
23890,0,0,0,0,0,0,0,0,0
23891,0,0,0,0,0,0,0,0,0
23892,0,0,0,0,0,0,0,0,0
23893,0,0,0,0,0,0,0,0,0
23894,0,0,0,0,0,0,0,0,0
23895,0,0,0,0,0,0,0,0,0
23896,0,0,0,0,0,0,0,0,0
23897,0,0,0,0,0,0,0,0,0
23898,0,0,0,0,0,0,0,0,0
23899,0,0,0,0,0,0,0,0,0
23900,0,0,0,0,0,0,0,0,0
23901,0,0,0,0,0,0,0,0,0
23902,0,0,0,0,0,0,0,0,0
23903,0,0,0,0,0,0,0,0,0
23904,0,0,0,0,0,0,0,0,0
23905,0,0,0,0,0,0,0,0,0
23906,1.46046e-05,1.13108e-10,2.76345e-16,2.23044e-17,8.26529e-19,1.10915e-26,1.77855e-51,1.62802e-96,1.46047e-05
23907,0,0,0,0,0,0,0,0,0
23908,0,0,0,0,0,0,0,0,0
23909,0,0,0,0,0,0,0,0,0
23910,0,0,0,0,0,0,0,0,0
23911,0,0,0,0,0,0,0,0,0
23912,0,0,0,0,0,0,0,0,0
23913,0,0,0,0,0,0,0,0,0
23914,0,0,0,0,0,0,0,0,0
23915,4.75047e-06,1.14184e-11,8.09619e-18,6.52888e-19,2.41672e-20,8.52078e-29,6.19153e-56,3.85935e-103,4.75048e-06
23916,1.75349e-05,1.63804e-10,4.84637e-16,3.90775e-17,1.44629e-18,2.35578e-26,6.89544e-51,9.27333e-96,1.75351e-05
23917,0,0,0,0,0,0,0,0,0
23918,0,0,0,0,0,0,0,0,0
23919,0,0,0,0,0,0,0,0,0
23920,0,0,0,0,0,0,0,0,0
23921,0,0,0,0,0,0,0,0,0
23922,0,0,0,0,0,0,0,0,0
23923,0,0,0,0,0,0,0,0,0
23924,0,0,0,0,0,0,0,0,0
23925,0,0,0,0,0,0,0,0,0
23926,0,0,0,0,0,0,0,0,0
23927,0,0,0,0,0,0,0,0,0
23928,0,0,0,0,0,0,0,0,0
23929,0,0,0,0,0,0,0,0,0
23930,0,0,0,0,0,0,0,0,0
23931,0,0,0,0,0,0,0,0,0
23932,0,0,0,0,0,0,0,0,0
23933,0,0,0,0,0,0,0,0,0
23934,0,0,0,0,0,0,0,0,0
23935,0,0,0,0,0,0,0,0,0
23936,0,0,0,0,0,0,0,0,0
23937,0,0,0,0,0,0,0,0,0
23938,0,0,0,0,0,0,0,0,0
23939,0,0,0,0,0,0,0,0,0
23940,0,0,0,0,0,0,0,0,0
23941,7.313e-06,2.78398e-11,3.28449e-17,2.64157e-18,9.74528e-20,6.17399e-28,9.3955e-54,1.49185e-99,7.31303e-06
23942,0,0,0,0,0,0,0,0,0
23943,0,0,0,0,0,0,0,0,0
23944,0,0,0,0,0,0,0,0,0
23945,0,0,0,0,0,0,0,0,0
23946,0,0,0,0,0,0,0,0,0
23947,0,0,0,0,0,0,0,0,0
23948,0,0,0,0,0,0,0,0,0
23949,0,0,0,0,0,0,0,0,0
23950,0,0,0,0,0,0,0,0,0
23951,0,0,0,0,0,0,0,0,0
23952,0,0,0,0,0,0,0,0,0
23953,0,0,0,0,0,0,0,0,0
23954,0,0,0,0,0,0,0,0,0
23955,0,0,0,0,0,0,0,0,0
23956,0,0,0,0,0,0,0,0,0
23957,0,0,0,0,0,0,0,0,0
23958,0,0,0,0,0,0,0,0,0
23959,0,0,0,0,0,0,0,0,0
23960,0,0,0,0,0,0,0,0,0
23961,0,0,0,0,0,0,0,0,0
23962,0,0,0,0,0,0,0,0,0
23963,0,0,0,0,0,0,0,0,0
23964,0,0,0,0,0,0,0,0,0
23965,0,0,0,0,0,0,0,0,0
23966,0,0,0,0,0,0,0,0,0
23967,0,0,0,0,0,0,0,0,0
23968,0,0,0,0,0,0,0,0,0
23969,0,0,0,0,0,0,0,0,0
23970,0,0,0,0,0,0,0,0,0
23971,0,0,0,0,0,0,0,0,0
23972,0,0,0,0,0,0,0,0,0
23973,0,0,0,0,0,0,0,0,0
23974,0,0,0,0,0,0,0,0,0
23975,0,0,0,0,0,0,0,0,0
23976,0,0,0,0,0,0,0,0,0
23977,0,0,0,0,0,0,0,0,0
23978,0,0,0,0,0,0,0,0,0
23979,0,0,0,0,0,0,0,0,0
23980,0,0,0,0,0,0,0,0,0
23981,0,0,0,0,0,0,0,0,0
23982,0,0,0,0,0,0,0,0,0
23983,0,0,0,0,0,0,0,0,0
23984,0,0,0,0,0,0,0,0,0
23985,0,0,0,0,0,0,0,0,0
23986,0,0,0,0,0,0,0,0,0
23987,0,0,0,0,0,0,0,0,0
23988,0,0,0,0,0,0,0,0,0
23989,0,0,0,0,0,0,0,0,0
23990,0,0,0,0,0,0,0,0,0
23991,0,0,0,0,0,0,0,0,0
23992,0,0,0,0,0,0,0,0,0
23993,0,0,0,0,0,0,0,0,0
23994,9.4124e-06,4.63787e-11,7.10857e-17,5.68658e-18,2.08386e-19,1.70743e-27,5.729e-53,1.35422e-98,9.41245e-06
23995,1.07105e-05,6.01644e-11,1.05088e-16,8.40606e-18,3.08016e-19,2.86696e-27,1.31603e-52,3.1598e-98,1.07106e-05
23996,0,0,0,0,0,0,0,0,0
23997,0,0,0,0,0,0,0,0,0
23998,0,0,0,0,0,0,0,0,0
23999,0,0,0,0,0,0,0,0,0
24000,0,0,0,0,0,0,0,0,0
24001,0,0,0,0,0,0,0,0,0
24002,0,0,0,0,0,0,0,0,0
24003,0,0,0,0,0,0,0,0,0
24004,0,0,0,0,0,0,0,0,0
24005,8.78717e-06,4.03716e-11,5.76662e-17,4.60795e-18,1.68625e-19,1.28607e-27,3.53185e-53,7.29191e-99,8.78721e-06
24006,0,0,0,0,0,0,0,0,0
24007,0,0,0,0,0,0,0,0,0
24008,0,0,0,0,0,0,0,0,0
24009,0,0,0,0,0,0,0,0,0
24010,0,0,0,0,0,0,0,0,0
24011,0,0,0,0,0,0,0,0,0
24012,0,0,0,0,0,0,0,0,0
24013,0,0,0,0,0,0,0,0,0
24014,0,0,0,0,0,0,0,0,0
24015,0,0,0,0,0,0,0,0,0
24016,0,0,0,0,0,0,0,0,0
24017,0,0,0,0,0,0,0,0,0
24018,0,0,0,0,0,0,0,0,0
24019,0,0,0,0,0,0,0,0,0
24020,0,0,0,0,0,0,0,0,0
24021,0,0,0,0,0,0,0,0,0
24022,0,0,0,0,0,0,0,0,0
24023,0,0,0,0,0,0,0,0,0
24024,0,0,0,0,0,0,0,0,0
24025,0,0,0,0,0,0,0,0,0
24026,0,0,0,0,0,0,0,0,0
24027,0,0,0,0,0,0,0,0,0
24028,0,0,0,0,0,0,0,0,0
24029,0,0,0,0,0,0,0,0,0
24030,0,0,0,0,0,0,0,0,0
24031,0,0,0,0,0,0,0,0,0
24032,0,0,0,0,0,0,0,0,0
24033,0,0,0,0,0,0,0,0,0
24034,0,0,0,0,0,0,0,0,0
24035,0,0,0,0,0,0,0,0,0
24036,0,0,0,0,0,0,0,0,0
24037,0,0,0,0,0,0,0,0,0
24038,5.91043e-06,1.78705e-11,1.62115e-17,1.29118e-18,4.70563e-20,2.14795e-28,5.91504e-55,1.57469e-103,5.91045e-06
24039,0,0,0,0,0,0,0,0,0
24040,0,0,0,0,0,0,0,0,0
24041,0,0,0,0,0,0,0,0,0
24042,0,0,0,0,0,0,0,0,0
24043,0,0,0,0,0,0,0,0,0
24044,0,0,0,0,0,0,0,0,0
24045,0,0,0,0,0,0,0,0,0
24046,0,0,0,0,0,0,0,0,0
24047,0,0,0,0,0,0,0,0,0
24048,0,0,0,0,0,0,0,0,0
24049,0,0,0,0,0,0,0,0,0
24050,0,0,0,0,0,0,0,0,0
24051,0,0,0,0,0,0,0,0,0
24052,0,0,0,0,0,0,0,0,0
24053,8.58587e-06,3.83994e-11,5.29817e-17,4.21339e-18,1.53264e-19,1.10823e-27,2.25811e-53,2.51817e-99,8.58591e-06
24054,0,0,0,0,0,0,0,0,0
24055,0,0,0,0,0,0,0,0,0
24056,8.87323e-06,4.11668e-11,5.93468e-17,4.71833e-18,1.71574e-19,1.31108e-27,3.66108e-53,6.82937e-99,8.87327e-06
24057,0,0,0,0,0,0,0,0,0
24058,0,0,0,0,0,0,0,0,0
24059,0,0,0,0,0,0,0,0,0
24060,8.10084e-06,3.41169e-11,4.42285e-17,3.51478e-18,1.27738e-19,8.6503e-28,1.44915e-53,1.50528e-99,8.10087e-06
24061,0,0,0,0,0,0,0,0,0
24062,0,0,0,0,0,0,0,0,0
24063,0,0,0,0,0,0,0,0,0
24064,0,0,0,0,0,0,0,0,0
24065,0,0,0,0,0,0,0,0,0
24066,0,0,0,0,0,0,0,0,0
24067,0,0,0,0,0,0,0,0,0
24068,0,0,0,0,0,0,0,0,0
24069,0,0,0,0,0,0,0,0,0
24070,0,0,0,0,0,0,0,0,0
24071,0,0,0,0,0,0,0,0,0
24072,0,0,0,0,0,0,0,0,0
24073,0,0,0,0,0,0,0,0,0
24074,0,0,0,0,0,0,0,0,0
24075,0,0,0,0,0,0,0,0,0
24076,0,0,0,0,0,0,0,0,0
24077,0,0,0,0,0,0,0,0,0
24078,0,0,0,0,0,0,0,0,0
24079,0,0,0,0,0,0,0,0,0
24080,4.7449e-06,1.15488e-11,8.55071e-18,6.78195e-19,2.45877e-20,9.38092e-29,2.63735e-55,7.24981e-102,4.74491e-06
24081,0,0,0,0,0,0,0,0,0
24082,0,0,0,0,0,0,0,0,0
24083,0,0,0,0,0,0,0,0,0
24084,0,0,0,0,0,0,0,0,0
24085,0,0,0,0,0,0,0,0,0
24086,0,0,0,0,0,0,0,0,0
24087,0,0,0,0,0,0,0,0,0
24088,4.66171e-06,1.10744e-11,7.89259e-18,6.25443e-19,2.265e-20,8.12068e-29,1.43968e-55,1.70383e-102,4.66172e-06
24089,0,0,0,0,0,0,0,0,0
24090,0,0,0,0,0,0,0,0,0
24091,0,0,0,0,0,0,0,0,0
24092,0,0,0,0,0,0,0,0,0
24093,0,0,0,0,0,0,0,0,0
24094,5.23174e-06,1.2887e-11,7.41634e-18,5.8736e-19,2.12553e-20,2.35593e-29,1.75966e-53,1.30383e-98,5.23175e-06
24095,6.42305e-06,2.11256e-11,2.08104e-17,1.64794e-18,5.96262e-20,2.91308e-28,6.74198e-55,5.84969e-101,6.42307e-06
24096,0,0,0,0,0,0,0,0,0
24097,0,0,0,0,0,0,0,0,0
24098,0,0,0,0,0,0,0,0,0
24099,0,0,0,0,0,0,0,0,0
24100,0,0,0,0,0,0,0,0,0
24101,0,0,0,0,0,0,0,0,0
24102,0,0,0,0,0,0,0,0,0
24103,0,0,0,0,0,0,0,0,0
24104,9.76278e-06,4.99108e-11,7.92851e-17,6.27299e-18,2.26725e-19,1.89481e-27,6.89539e-53,1.34224e-98,9.76283e-06
24105,3.85871e-06,7.27394e-12,3.69958e-18,2.92669e-19,1.05761e-20,2.0713e-29,1.67962e-55,7.97925e-101,3.85872e-06
24106,0,0,0,0,0,0,0,0,0
24107,0,0,0,0,0,0,0,0,0
24108,0,0,0,0,0,0,0,0,0
24109,0,0,0,0,0,0,0,0,0
24110,7.78889e-06,3.16192e-11,3.97682e-17,3.14469e-18,1.13579e-19,7.50054e-28,1.3639e-53,1.70558e-99,7.78892e-06
24111,0,0,0,0,0,0,0,0,0
24112,0,0,0,0,0,0,0,0,0
24113,0,0,0,0,0,0,0,0,0
24114,0,0,0,0,0,0,0,0,0
24115,0,0,0,0,0,0,0,0,0
24116,0,0,0,0,0,0,0,0,0
24117,0,0,0,0,0,0,0,0,0
24118,0,0,0,0,0,0,0,0,0
24119,0,0,0,0,0,0,0,0,0
24120,1.2389e-05,8.08106e-11,1.64423e-16,1.29881e-17,4.6848e-19,5.01761e-27,3.86633e-52,1.17002e-97,1.2389e-05
24121,0,0,0,0,0,0,0,0,0
24122,0,0,0,0,0,0,0,0,0
24123,0,0,0,0,0,0,0,0,0
24124,0,0,0,0,0,0,0,0,0
24125,0,0,0,0,0,0,0,0,0
24126,0,0,0,0,0,0,0,0,0
24127,0,0,0,0,0,0,0,0,0
24128,0,0,0,0,0,0,0,0,0
24129,7.72557e-06,3.10297e-11,3.84123e-17,3.0315e-18,1.09222e-19,7.02306e-28,1.08656e-53,1.02968e-99,7.72561e-06
24130,0,0,0,0,0,0,0,0,0
24131,0,0,0,0,0,0,0,0,0
24132,0,0,0,0,0,0,0,0,0
24133,0,0,0,0,0,0,0,0,0
24134,0,0,0,0,0,0,0,0,0
24135,0,0,0,0,0,0,0,0,0
24136,0,0,0,0,0,0,0,0,0
24137,0,0,0,0,0,0,0,0,0
24138,0,0,0,0,0,0,0,0,0
24139,0,0,0,0,0,0,0,0,0
24140,0,0,0,0,0,0,0,0,0
24141,0,0,0,0,0,0,0,0,0
24142,0,0,0,0,0,0,0,0,0
24143,0,0,0,0,0,0,0,0,0
24144,0,0,0,0,0,0,0,0,0
24145,5.77519e-06,1.70889e-11,1.52326e-17,1.2002e-18,4.31536e-20,1.92556e-28,6.25815e-55,3.91874e-102,5.77521e-06
24146,0,0,0,0,0,0,0,0,0
24147,0,0,0,0,0,0,0,0,0
24148,0,0,0,0,0,0,0,0,0
24149,0,0,0,0,0,0,0,0,0
24150,0,0,0,0,0,0,0,0,0
24151,3.87031e-06,7.61159e-12,4.48923e-18,3.53526e-19,1.27028e-20,3.74966e-29,4.0797e-56,3.7013e-103,3.87032e-06
24152,0,0,0,0,0,0,0,0,0
24153,0,0,0,0,0,0,0,0,0
24154,0,0,0,0,0,0,0,0,0
24155,0,0,0,0,0,0,0,0,0
24156,4.10703e-06,8.33245e-12,4.71731e-18,3.71278e-19,1.33312e-20,3.24059e-29,5.64485e-57,8.95317e-104,4.10704e-06
24157,0,0,0,0,0,0,0,0,0
24158,0,0,0,0,0,0,0,0,0
24159,0,0,0,0,0,0,0,0,0
24160,0,0,0,0,0,0,0,0,0
24161,0,0,0,0,0,0,0,0,0
24162,0,0,0,0,0,0,0,0,0
24163,0,0,0,0,0,0,0,0,0
24164,4.0226e-06,7.4121e-12,2.91162e-18,2.2897e-19,8.21291e-21,2.84438e-30,5.21795e-54,2.1197e-99,4.0226e-06
24165,0,0,0,0,0,0,0,0,0
24166,0,0,0,0,0,0,0,0,0
24167,0,0,0,0,0,0,0,0,0
24168,0,0,0,0,0,0,0,0,0
24169,0,0,0,0,0,0,0,0,0
24170,0,0,0,0,0,0,0,0,0
24171,0,0,0,0,0,0,0,0,0
24172,0,0,0,0,0,0,0,0,0
24173,0,0,0,0,0,0,0,0,0
24174,0,0,0,0,0,0,0,0,0
24175,0,0,0,0,0,0,0,0,0
24176,0,0,0,0,0,0,0,0,0
24177,0,0,0,0,0,0,0,0,0
24178,0,0,0,0,0,0,0,0,0
24179,0,0,0,0,0,0,0,0,0
24180,0,0,0,0,0,0,0,0,0
24181,0,0,0,0,0,0,0,0,0
24182,0,0,0,0,0,0,0,0,0
24183,0,0,0,0,0,0,0,0,0
24184,0,0,0,0,0,0,0,0,0
24185,0,0,0,0,0,0,0,0,0
24186,0,0,0,0,0,0,0,0,0
24187,0,0,0,0,0,0,0,0,0
24188,0,0,0,0,0,0,0,0,0
24189,0,0,0,0,0,0,0,0,0
24190,0,0,0,0,0,0,0,0,0
24191,0,0,0,0,0,0,0,0,0
24192,5.60288e-06,1.61475e-11,1.41575e-17,1.1103e-18,3.96887e-20,1.76416e-28,7.96243e-55,2.34033e-101,5.6029e-06
24193,0,0,0,0,0,0,0,0,0
24194,7.71126e-06,3.09393e-11,3.83154e-17,3.00419e-18,1.07357e-19,6.86665e-28,1.10788e-53,9.99892e-100,7.71129e-06
24195,0,0,0,0,0,0,0,0,0
24196,0,0,0,0,0,0,0,0,0
24197,0,0,0,0,0,0,0,0,0
24198,0,0,0,0,0,0,0,0,0
24199,0,0,0,0,0,0,0,0,0
24200,5.39848e-06,1.49671e-11,1.25936e-17,9.86845e-19,3.52395e-20,1.49617e-28,5.58873e-55,1.20855e-101,5.39849e-06
24201,0,0,0,0,0,0,0,0,0
24202,0,0,0,0,0,0,0,0,0
24203,0,0,0,0,0,0,0,0,0
24204,0,0,0,0,0,0,0,0,0
24205,0,0,0,0,0,0,0,0,0
24206,0,0,0,0,0,0,0,0,0
24207,0,0,0,0,0,0,0,0,0
24208,0,0,0,0,0,0,0,0,0
24209,0,0,0,0,0,0,0,0,0
24210,0,0,0,0,0,0,0,0,0
24211,0,0,0,0,0,0,0,0,0
24212,0,0,0,0,0,0,0,0,0
24213,0,0,0,0,0,0,0,0,0
24214,0,0,0,0,0,0,0,0,0
24215,0,0,0,0,0,0,0,0,0
24216,5.90896e-06,1.79907e-11,1.66956e-17,1.30622e-18,4.6552e-20,2.18914e-28,1.2187e-54,4.22649e-101,5.90898e-06
24217,0,0,0,0,0,0,0,0,0
24218,0,0,0,0,0,0,0,0,0
24219,0,0,0,0,0,0,0,0,0
24220,0,0,0,0,0,0,0,0,0
24221,0,0,0,0,0,0,0,0,0
24222,1.47673e-05,1.15294e-10,2.8157e-16,2.2016e-17,7.84032e-19,9.97102e-27,1.35188e-51,4.91378e-97,1.47675e-05
24223,0,0,0,0,0,0,0,0,0
24224,0,0,0,0,0,0,0,0,0
24225,8.36515e-06,3.58574e-11,4.56181e-17,3.56562e-18,1.26922e-19,7.69195e-28,1.09826e-54,2.46451e-99,8.36519e-06
24226,0,0,0,0,0,0,0,0,0
24227,0,0,0,0,0,0,0,0,0
24228,0,0,0,0,0,0,0,0,0
24229,0,0,0,0,0,0,0,0,0
24230,0,0,0,0,0,0,0,0,0
24231,0,0,0,0,0,0,0,0,0
24232,0,0,0,0,0,0,0,0,0
24233,0,0,0,0,0,0,0,0,0
24234,0,0,0,0,0,0,0,0,0
24235,0,0,0,0,0,0,0,0,0
24236,0,0,0,0,0,0,0,0,0
24237,3.44146e-06,5.962e-12,3.04423e-18,2.37662e-19,8.4473e-21,2.07718e-29,9.45957e-57,1.5206e-104,3.44147e-06
24238,0,0,0,0,0,0,0,0,0
24239,0,0,0,0,0,0,0,0,0
24240,0,0,0,0,0,0,0,0,0
24241,0,0,0,0,0,0,0,0,0
24242,0,0,0,0,0,0,0,0,0
24243,0,0,0,0,0,0,0,0,0
24244,9.64731e-06,4.85104e-11,7.5006e-17,5.8514e-18,2.07787e-19,1.63282e-27,4.33262e-53,3.81604e-99,9.64736e-06
24245,0,0,0,0,0,0,0,0,0
24246,0,0,0,0,0,0,0,0,0
24247,0,0,0,0,0,0,0,0,0
24248,0,0,0,0,0,0,0,0,0
24249,1.17272e-05,7.22084e-11,1.38027e-16,1.07626e-17,3.81954e-19,3.75607e-27,2.22695e-52,4.09631e-98,1.17272e-05
24250,0,0,0,0,0,0,0,0,0
24251,0,0,0,0,0,0,0,0,0
24252,0,0,0,0,0,0,0,0,0
24253,0,0,0,0,0,0,0,0,0
24254,1.21482e-05,7.76365e-11,1.54495e-16,1.20412e-17,4.27085e-19,4.38877e-27,3.10485e-52,6.74737e-98,1.21482e-05
24255,0,0,0,0,0,0,0,0,0
24256,0,0,0,0,0,0,0,0,0
24257,6.57417e-06,2.23012e-11,2.30422e-17,1.79517e-18,6.3641e-20,3.30386e-28,2.35751e-54,7.37989e-101,6.57419e-06
24258,0,0,0,0,0,0,0,0,0
24259,0,0,0,0,0,0,0,0,0
24260,0,0,0,0,0,0,0,0,0
24261,0,0,0,0,0,0,0,0,0
24262,0,0,0,0,0,0,0,0,0
24263,0,0,0,0,0,0,0,0,0
24264,0,0,0,0,0,0,0,0,0
24265,0,0,0,0,0,0,0,0,0
24266,0,0,0,0,0,0,0,0,0
24267,0,0,0,0,0,0,0,0,0
24268,0,0,0,0,0,0,0,0,0
24269,0,0,0,0,0,0,0,0,0
24270,0,0,0,0,0,0,0,0,0
24271,3.76396e-06,7.02217e-12,3.6956e-18,2.8752e-19,1.01753e-20,2.3206e-29,4.14533e-57,3.38827e-102,3.76397e-06
24272,0,0,0,0,0,0,0,0,0
24273,8.21838e-06,3.4963e-11,4.52772e-17,3.52178e-18,1.24599e-19,8.05028e-28,9.95544e-54,2.98561e-100,8.21841e-06
24274,0,0,0,0,0,0,0,0,0
24275,0,0,0,0,0,0,0,0,0
24276,0,0,0,0,0,0,0,0,0
24277,0,0,0,0,0,0,0,0,0
24278,0,0,0,0,0,0,0,0,0
24279,0,0,0,0,0,0,0,0,0
24280,0,0,0,0,0,0,0,0,0
24281,0,0,0,0,0,0,0,0,0
24282,0,0,0,0,0,0,0,0,0
24283,0,0,0,0,0,0,0,0,0
24284,7.11003e-06,2.61526e-11,2.93887e-17,2.28341e-18,8.06746e-20,4.55807e-28,4.464e-54,1.86993e-100,7.11005e-06
24285,0,0,0,0,0,0,0,0,0
24286,0,0,0,0,0,0,0,0,0
24287,0,0,0,0,0,0,0,0,0
24288,1.20402e-05,7.61699e-11,1.49671e-16,1.16244e-17,4.105e-19,4.13102e-27,2.67685e-52,4.85291e-98,1.20403e-05
24289,0,0,0,0,0,0,0,0,0
24290,0,0,0,0,0,0,0,0,0
24291,0,0,0,0,0,0,0,0,0
24292,0,0,0,0,0,0,0,0,0
24293,0,0,0,0,0,0,0,0,0
24294,0,0,0,0,0,0,0,0,0
24295,0,0,0,0,0,0,0,0,0
24296,0,0,0,0,0,0,0,0,0
24297,0,0,0,0,0,0,0,0,0
24298,0,0,0,0,0,0,0,0,0
24299,0,0,0,0,0,0,0,0,0
24300,0,0,0,0,0,0,0,0,0
24301,0,0,0,0,0,0,0,0,0
24302,0,0,0,0,0,0,0,0,0
24303,0,0,0,0,0,0,0,0,0
24304,0,0,0,0,0,0,0,0,0
24305,0,0,0,0,0,0,0,0,0
24306,0,0,0,0,0,0,0,0,0
24307,0,0,0,0,0,0,0,0,0
24308,0,0,0,0,0,0,0,0,0
24309,0,0,0,0,0,0,0,0,0
24310,0,0,0,0,0,0,0,0,0
24311,0,0,0,0,0,0,0,0,0
24312,0,0,0,0,0,0,0,0,0
24313,1.50882e-05,1.203e-10,2.99376e-16,2.31941e-17,8.16534e-19,1.04209e-26,1.42482e-51,4.11373e-97,1.50883e-05
24314,0,0,0,0,0,0,0,0,0
24315,7.09908e-06,2.61099e-11,2.94289e-17,2.27942e-18,8.02202e-20,4.55227e-28,4.89517e-54,2.33294e-100,7.09911e-06
24316,0,0,0,0,0,0,0,0,0
24317,0,0,0,0,0,0,0,0,0
24318,0,0,0,0,0,0,0,0,0
24319,0,0,0,0,0,0,0,0,0
24320,8.63128e-06,3.87861e-11,5.3638e-17,4.15253e-18,1.46052e-19,1.02019e-27,2.09096e-53,1.53643e-99,8.63132e-06
24321,0,0,0,0,0,0,0,0,0
24322,0,0,0,0,0,0,0,0,0
24323,0,0,0,0,0,0,0,0,0
24324,0,0,0,0,0,0,0,0,0
24325,0,0,0,0,0,0,0,0,0
24326,0,0,0,0,0,0,0,0,0
24327,0,0,0,0,0,0,0,0,0
24328,0,0,0,0,0,0,0,0,0
24329,0,0,0,0,0,0,0,0,0
24330,0,0,0,0,0,0,0,0,0
24331,0,0,0,0,0,0,0,0,0
24332,0,0,0,0,0,0,0,0,0
24333,0,0,0,0,0,0,0,0,0
24334,0,0,0,0,0,0,0,0,0
24335,0,0,0,0,0,0,0,0,0
24336,0,0,0,0,0,0,0,0,0
24337,0,0,0,0,0,0,0,0,0
24338,0,0,0,0,0,0,0,0,0
24339,0,0,0,0,0,0,0,0,0
24340,0,0,0,0,0,0,0,0,0
24341,0,0,0,0,0,0,0,0,0
24342,0,0,0,0,0,0,0,0,0
24343,6.08804e-06,1.89249e-11,1.75305e-17,1.35413e-18,4.74938e-20,2.10446e-28,4.82224e-55,1.1833e-102,6.08805e-06
24344,0,0,0,0,0,0,0,0,0
24345,0,0,0,0,0,0,0,0,0
24346,0,0,0,0,0,0,0,0,0
24347,0,0,0,0,0,0,0,0,0
24348,0,0,0,0,0,0,0,0,0
24349,0,0,0,0,0,0,0,0,0
24350,0,0,0,0,0,0,0,0,0
24351,0,0,0,0,0,0,0,0,0
24352,0,0,0,0,0,0,0,0,0
24353,0,0,0,0,0,0,0,0,0
24354,5.17823e-06,1.37363e-11,1.10075e-17,8.49284e-19,2.97442e-20,1.17219e-28,3.60308e-55,5.35647e-102,5.17824e-06
24355,0,0,0,0,0,0,0,0,0
24356,0,0,0,0,0,0,0,0,0
24357,0,0,0,0,0,0,0,0,0
24358,0,0,0,0,0,0,0,0,0
24359,7.48758e-06,2.89987e-11,3.4229e-17,2.63956e-18,9.23834e-20,5.40642e-28,5.76858e-54,2.06213e-100,7.48761e-06
24360,0,0,0,0,0,0,0,0,0
24361,0,0,0,0,0,0,0,0,0
24362,0,0,0,0,0,0,0,0,0
24363,0,0,0,0,0,0,0,0,0
24364,0,0,0,0,0,0,0,0,0
24365,0,0,0,0,0,0,0,0,0
24366,0,0,0,0,0,0,0,0,0
24367,0,0,0,0,0,0,0,0,0
24368,0,0,0,0,0,0,0,0,0
24369,0,0,0,0,0,0,0,0,0
24370,0,0,0,0,0,0,0,0,0
24371,0,0,0,0,0,0,0,0,0
24372,0,0,0,0,0,0,0,0,0
24373,0,0,0,0,0,0,0,0,0
24374,0,0,0,0,0,0,0,0,0
24375,0,0,0,0,0,0,0,0,0
24376,0,0,0,0,0,0,0,0,0
24377,0,0,0,0,0,0,0,0,0
24378,0,0,0,0,0,0,0,0,0
24379,0,0,0,0,0,0,0,0,0
24380,0,0,0,0,0,0,0,0,0
24381,0,0,0,0,0,0,0,0,0
24382,0,0,0,0,0,0,0,0,0
24383,7.60349e-06,2.98149e-11,3.53749e-17,2.72154e-18,9.49735e-20,5.50046e-28,4.84259e-54,9.83662e-101,7.60352e-06
24384,0,0,0,0,0,0,0,0,0
24385,0,0,0,0,0,0,0,0,0
24386,0,0,0,0,0,0,0,0,0
24387,0,0,0,0,0,0,0,0,0
24388,0,0,0,0,0,0,0,0,0
24389,0,0,0,0,0,0,0,0,0
24390,8.66078e-06,3.90442e-11,5.41216e-17,4.16055e-18,1.45048e-19,1.00521e-27,2.04441e-53,1.28015e-99,8.66082e-06
24391,0,0,0,0,0,0,0,0,0
24392,0,0,0,0,0,0,0,0,0
24393,0,0,0,0,0,0,0,0,0
24394,0,0,0,0,0,0,0,0,0
24395,0,0,0,0,0,0,0,0,0
24396,7.42649e-06,2.85212e-11,3.33698e-17,2.56394e-18,8.9328e-20,5.15522e-28,5.32282e-54,1.70805e-100,7.42652e-06
24397,0,0,0,0,0,0,0,0,0
24398,0,0,0,0,0,0,0,0,0
24399,0,0,0,0,0,0,0,0,0
24400,0,0,0,0,0,0,0,0,0
24401,0,0,0,0,0,0,0,0,0
24402,7.49307e-06,2.90927e-11,3.45518e-17,2.65308e-18,9.23603e-20,5.44252e-28,6.50613e-54,2.63677e-100,7.4931e-06
24403,0,0,0,0,0,0,0,0,0
24404,0,0,0,0,0,0,0,0,0
24405,5.16742e-06,1.37112e-11,1.10446e-17,8.47782e-19,2.9501e-20,1.17083e-28,4.15262e-55,7.32038e-102,5.16744e-06
24406,0,0,0,0,0,0,0,0,0
24407,0,0,0,0,0,0,0,0,0
24408,0,0,0,0,0,0,0,0,0
24409,0,0,0,0,0,0,0,0,0
24410,0,0,0,0,0,0,0,0,0
24411,0,0,0,0,0,0,0,0,0
24412,0,0,0,0,0,0,0,0,0
24413,0,0,0,0,0,0,0,0,0
24414,0,0,0,0,0,0,0,0,0
24415,0,0,0,0,0,0,0,0,0
24416,0,0,0,0,0,0,0,0,0
24417,0,0,0,0,0,0,0,0,0
24418,0,0,0,0,0,0,0,0,0
24419,0,0,0,0,0,0,0,0,0
24420,0,0,0,0,0,0,0,0,0
24421,0,0,0,0,0,0,0,0,0
24422,0,0,0,0,0,0,0,0,0
24423,0,0,0,0,0,0,0,0,0
24424,0,0,0,0,0,0,0,0,0
24425,0,0,0,0,0,0,0,0,0
24426,0,0,0,0,0,0,0,0,0
24427,0,0,0,0,0,0,0,0,0
24428,0,0,0,0,0,0,0,0,0
24429,0,0,0,0,0,0,0,0,0
24430,0,0,0,0,0,0,0,0,0
24431,0,0,0,0,0,0,0,0,0
24432,5.67696e-06,1.65759e-11,1.46986e-17,1.12528e-18,3.90279e-20,1.69814e-28,7.8789e-55,1.52591e-101,5.67698e-06
24433,3.56333e-06,6.3312e-12,3.23513e-18,2.47628e-19,8.58652e-21,1.96703e-29,2.49542e-57,2.62796e-104,3.56334e-06
24434,7.63162e-06,3.01926e-11,3.65472e-17,2.79722e-18,9.69838e-20,5.80191e-28,7.3537e-54,2.90207e-100,7.63165e-06
24435,0,0,0,0,0,0,0,0,0
24436,0,0,0,0,0,0,0,0,0
24437,0,0,0,0,0,0,0,0,0
24438,0,0,0,0,0,0,0,0,0
24439,0,0,0,0,0,0,0,0,0
24440,0,0,0,0,0,0,0,0,0
24441,0,0,0,0,0,0,0,0,0
24442,0,0,0,0,0,0,0,0,0
24443,0,0,0,0,0,0,0,0,0
24444,0,0,0,0,0,0,0,0,0
24445,0,0,0,0,0,0,0,0,0
24446,0,0,0,0,0,0,0,0,0
24447,8.79595e-06,4.01846e-11,5.61385e-17,4.29116e-18,1.48541e-19,1.02067e-27,1.8683e-53,8.32685e-100,8.79599e-06
24448,0,0,0,0,0,0,0,0,0
24449,0,0,0,0,0,0,0,0,0
24450,0,0,0,0,0,0,0,0,0
24451,0,0,0,0,0,0,0,0,0
24452,0,0,0,0,0,0,0,0,0
24453,0,0,0,0,0,0,0,0,0
24454,0,0,0,0,0,0,0,0,0
24455,0,0,0,0,0,0,0,0,0
24456,0,0,0,0,0,0,0,0,0
24457,0,0,0,0,0,0,0,0,0
24458,5.4256e-06,1.51094e-11,1.27394e-17,9.72728e-19,3.3626e-20,1.38065e-28,5.22628e-55,7.95763e-102,5.42561e-06
24459,6.83495e-06,2.41352e-11,2.59727e-17,1.98285e-18,6.85302e-20,3.61611e-28,3.05845e-54,8.36646e-101,6.83498e-06
24460,0,0,0,0,0,0,0,0,0
24461,0,0,0,0,0,0,0,0,0
24462,0,0,0,0,0,0,0,0,0
24463,0,0,0,0,0,0,0,0,0
24464,0,0,0,0,0,0,0,0,0
24465,3.22551e-06,4.63005e-12,1.28171e-18,9.779e-20,3.37716e-21,1.64477e-31,1.09405e-54,1.02146e-100,3.22551e-06
24466,0,0,0,0,0,0,0,0,0
24467,0,0,0,0,0,0,0,0,0
24468,0,0,0,0,0,0,0,0,0
24469,0,0,0,0,0,0,0,0,0
24470,0,0,0,0,0,0,0,0,0
24471,0,0,0,0,0,0,0,0,0
24472,0,0,0,0,0,0,0,0,0
24473,0,0,0,0,0,0,0,0,0
24474,0,0,0,0,0,0,0,0,0
24475,0,0,0,0,0,0,0,0,0
24476,0,0,0,0,0,0,0,0,0
24477,0,0,0,0,0,0,0,0,0
24478,0,0,0,0,0,0,0,0,0
24479,5.19983e-06,1.36741e-11,1.05348e-17,8.02692e-19,2.76746e-20,9.75113e-29,6.71638e-56,1.39481e-102,5.19985e-06
24480,0,0,0,0,0,0,0,0,0
24481,0,0,0,0,0,0,0,0,0
24482,0,0,0,0,0,0,0,0,0
24483,0,0,0,0,0,0,0,0,0
24484,0,0,0,0,0,0,0,0,0
24485,0,0,0,0,0,0,0,0,0
24486,0,0,0,0,0,0,0,0,0
24487,0,0,0,0,0,0,0,0,0
24488,0,0,0,0,0,0,0,0,0
24489,0,0,0,0,0,0,0,0,0
24490,0,0,0,0,0,0,0,0,0
24491,0,0,0,0,0,0,0,0,0
24492,7.9485e-06,3.27585e-11,4.12599e-17,3.1395e-18,1.08057e-19,6.66083e-28,9.19486e-54,3.28585e-100,7.94853e-06
24493,0,0,0,0,0,0,0,0,0
24494,0,0,0,0,0,0,0,0,0
24495,0,0,0,0,0,0,0,0,0
24496,0,0,0,0,0,0,0,0,0
24497,0,0,0,0,0,0,0,0,0
24498,0,0,0,0,0,0,0,0,0
24499,0,0,0,0,0,0,0,0,0
24500,0,0,0,0,0,0,0,0,0
24501,0,0,0,0,0,0,0,0,0
24502,0,0,0,0,0,0,0,0,0
24503,6.59718e-06,2.21975e-11,2.212e-17,1.6814e-18,5.77966e-20,2.66745e-28,5.78367e-55,5.50434e-102,6.59721e-06
24504,0,0,0,0,0,0,0,0,0
24505,0,0,0,0,0,0,0,0,0
24506,0,0,0,0,0,0,0,0,0
24507,0,0,0,0,0,0,0,0,0
24508,0,0,0,0,0,0,0,0,0
24509,0,0,0,0,0,0,0,0,0
24510,0,0,0,0,0,0,0,0,0
24511,0,0,0,0,0,0,0,0,0
24512,0,0,0,0,0,0,0,0,0
24513,0,0,0,0,0,0,0,0,0
24514,0,0,0,0,0,0,0,0,0
24515,0,0,0,0,0,0,0,0,0
24516,0,0,0,0,0,0,0,0,0
24517,0,0,0,0,0,0,0,0,0
24518,2.83088e-06,3.9733e-12,1.59653e-18,1.21171e-19,4.15715e-21,7.39987e-30,6.46589e-58,1.07471e-106,2.83089e-06
24519,0,0,0,0,0,0,0,0,0
24520,0,0,0,0,0,0,0,0,0
24521,0,0,0,0,0,0,0,0,0
24522,0,0,0,0,0,0,0,0,0
24523,0,0,0,0,0,0,0,0,0
24524,0,0,0,0,0,0,0,0,0
24525,0,0,0,0,0,0,0,0,0
24526,0,0,0,0,0,0,0,0,0
24527,0,0,0,0,0,0,0,0,0
24528,0,0,0,0,0,0,0,0,0
24529,0,0,0,0,0,0,0,0,0
24530,6.64443e-06,2.26962e-11,2.33877e-17,1.77295e-18,6.0737e-20,2.99288e-28,1.76961e-54,2.47507e-101,6.64445e-06
24531,4.38658e-06,9.81347e-12,6.59839e-18,5.00148e-19,1.71315e-20,5.51075e-29,9.667e-56,7.05385e-103,4.38659e-06
24532,0,0,0,0,0,0,0,0,0
24533,0,0,0,0,0,0,0,0,0
24534,0,0,0,0,0,0,0,0,0
24535,0,0,0,0,0,0,0,0,0
24536,0,0,0,0,0,0,0,0,0
24537,4.96745e-06,1.24398e-11,9.07183e-18,6.87196e-19,2.35198e-20,7.70619e-29,3.25856e-56,1.14891e-102,4.96746e-06
24538,0,0,0,0,0,0,0,0,0
24539,0,0,0,0,0,0,0,0,0
24540,0,0,0,0,0,0,0,0,0
24541,0,0,0,0,0,0,0,0,0
24542,0,0,0,0,0,0,0,0,0
24543,6.71431e-06,2.3219e-11,2.43112e-17,1.8405e-18,6.29459e-20,3.16506e-28,2.14705e-54,3.64126e-101,6.71434e-06
24544,0,0,0,0,0,0,0,0,0
24545,0,0,0,0,0,0,0,0,0
24546,0,0,0,0,0,0,0,0,0
24547,0,0,0,0,0,0,0,0,0
24548,0,0,0,0,0,0,0,0,0
24549,0,0,0,0,0,0,0,0,0
24550,0,0,0,0,0,0,0,0,0
24551,0,0,0,0,0,0,0,0,0
24552,0,0,0,0,0,0,0,0,0
24553,0,0,0,0,0,0,0,0,0
24554,0,0,0,0,0,0,0,0,0
24555,0,0,0,0,0,0,0,0,0
24556,0,0,0,0,0,0,0,0,0
24557,0,0,0,0,0,0,0,0,0
24558,0,0,0,0,0,0,0,0,0
24559,0,0,0,0,0,0,0,0,0
24560,0,0,0,0,0,0,0,0,0
24561,0,0,0,0,0,0,0,0,0
24562,0,0,0,0,0,0,0,0,0
24563,0,0,0,0,0,0,0,0,0
24564,0,0,0,0,0,0,0,0,0
24565,0,0,0,0,0,0,0,0,0
24566,0,0,0,0,0,0,0,0,0
24567,5.82388e-06,1.74293e-11,1.5787e-17,1.19232e-18,4.06559e-20,1.7661e-28,8.10768e-55,1.09513e-101,5.8239e-06
24568,0,0,0,0,0,0,0,0,0
24569,0,0,0,0,0,0,0,0,0
24570,0,0,0,0,0,0,0,0,0
24571,0,0,0,0,0,0,0,0,0
24572,0,0,0,0,0,0,0,0,0
24573,0,0,0,0,0,0,0,0,0
24574,0,0,0,0,0,0,0,0,0
24575,0,0,0,0,0,0,0,0,0
24576,0,0,0,0,0,0,0,0,0
24577,0,0,0,0,0,0,0,0,0
24578,0,0,0,0,0,0,0,0,0
24579,0,0,0,0,0,0,0,0,0
24580,0,0,0,0,0,0,0,0,0
24581,0,0,0,0,0,0,0,0,0
24582,0,0,0,0,0,0,0,0,0
24583,5.73163e-06,1.67289e-11,1.44899e-17,1.09254e-18,3.71763e-20,1.49069e-28,3.50335e-55,1.07359e-102,5.73165e-06
24584,0,0,0,0,0,0,0,0,0
24585,0,0,0,0,0,0,0,0,0
24586,0,0,0,0,0,0,0,0,0
24587,0,0,0,0,0,0,0,0,0
24588,0,0,0,0,0,0,0,0,0
24589,0,0,0,0,0,0,0,0,0
24590,6.46839e-06,2.14901e-11,2.15105e-17,1.62071e-18,5.5098e-20,2.61324e-28,1.40851e-54,1.68396e-101,6.46841e-06
24591,0,0,0,0,0,0,0,0,0
24592,0,0,0,0,0,0,0,0,0
24593,0,0,0,0,0,0,0,0,0
24594,0,0,0,0,0,0,0,0,0
24595,0,0,0,0,0,0,0,0,0
24596,0,0,0,0,0,0,0,0,0
24597,0,0,0,0,0,0,0,0,0
24598,0,0,0,0,0,0,0,0,0
24599,0,0,0,0,0,0,0,0,0
24600,0,0,0,0,0,0,0,0,0
24601,0,0,0,0,0,0,0,0,0
24602,0,0,0,0,0,0,0,0,0
24603,0,0,0,0,0,0,0,0,0
24604,9.07577e-06,4.27821e-11,6.15606e-17,4.63197e-18,1.57201e-19,1.08743e-27,2.10897e-53,6.99008e-100,9.07582e-06
24605,9.50419e-06,4.69127e-11,7.05667e-17,5.30888e-18,1.80144e-19,1.29792e-27,2.72067e-53,8.79208e-100,9.50423e-06
24606,0,0,0,0,0,0,0,0,0
24607,0,0,0,0,0,0,0,0,0
24608,0,0,0,0,0,0,0,0,0
24609,6.27211e-06,2.0201e-11,1.96104e-17,1.47479e-18,5.00208e-20,2.29843e-28,1.15966e-54,1.33769e-101,6.27213e-06
24610,0,0,0,0,0,0,0,0,0
24611,0,0,0,0,0,0,0,0,0
24612,0,0,0,0,0,0,0,0,0
24613,0,0,0,0,0,0,0,0,0
24614,0,0,0,0,0,0,0,0,0
24615,0,0,0,0,0,0,0,0,0
24616,0,0,0,0,0,0,0,0,0
24617,0,0,0,0,0,0,0,0,0
24618,0,0,0,0,0,0,0,0,0
24619,9.03069e-06,4.23415e-11,6.05534e-17,4.54944e-18,1.54114e-19,1.0563e-27,1.97767e-53,6.07586e-100,9.03073e-06
24620,0,0,0,0,0,0,0,0,0
24621,0,0,0,0,0,0,0,0,0
24622,0,0,0,0,0,0,0,0,0
24623,0,0,0,0,0,0,0,0,0
24624,0,0,0,0,0,0,0,0,0
24625,6.25061e-06,2.00866e-11,1.95064e-17,1.46458e-18,4.95728e-20,2.28382e-28,1.2278e-54,1.54165e-101,6.25063e-06
24626,0,0,0,0,0,0,0,0,0
24627,0,0,0,0,0,0,0,0,0
24628,0,0,0,0,0,0,0,0,0
24629,0,0,0,0,0,0,0,0,0
24630,0,0,0,0,0,0,0,0,0
24631,0,0,0,0,0,0,0,0,0
24632,0,0,0,0,0,0,0,0,0
24633,0,0,0,0,0,0,0,0,0
24634,0,0,0,0,0,0,0,0,0
24635,0,0,0,0,0,0,0,0,0
24636,0,0,0,0,0,0,0,0,0
24637,0,0,0,0,0,0,0,0,0
24638,0,0,0,0,0,0,0,0,0
24639,0,0,0,0,0,0,0,0,0
24640,0,0,0,0,0,0,0,0,0
24641,0,0,0,0,0,0,0,0,0
24642,0,0,0,0,0,0,0,0,0
24643,0,0,0,0,0,0,0,0,0
24644,0,0,0,0,0,0,0,0,0
24645,0,0,0,0,0,0,0,0,0
24646,0,0,0,0,0,0,0,0,0
24647,0,0,0,0,0,0,0,0,0
24648,0,0,0,0,0,0,0,0,0
24649,0,0,0,0,0,0,0,0,0
24650,0,0,0,0,0,0,0,0,0
24651,0,0,0,0,0,0,0,0,0
24652,0,0,0,0,0,0,0,0,0
24653,0,0,0,0,0,0,0,0,0
24654,0,0,0,0,0,0,0,0,0
24655,0,0,0,0,0,0,0,0,0
24656,0,0,0,0,0,0,0,0,0
24657,0,0,0,0,0,0,0,0,0
24658,0,0,0,0,0,0,0,0,0
24659,0,0,0,0,0,0,0,0,0
24660,0,0,0,0,0,0,0,0,0
24661,0,0,0,0,0,0,0,0,0
24662,0,0,0,0,0,0,0,0,0
24663,0,0,0,0,0,0,0,0,0
24664,0,0,0,0,0,0,0,0,0
24665,0,0,0,0,0,0,0,0,0
24666,0,0,0,0,0,0,0,0,0
24667,0,0,0,0,0,0,0,0,0
24668,0,0,0,0,0,0,0,0,0
24669,0,0,0,0,0,0,0,0,0
24670,0,0,0,0,0,0,0,0,0
24671,0,0,0,0,0,0,0,0,0
24672,0,0,0,0,0,0,0,0,0
24673,5.18868e-06,1.37639e-11,1.0964e-17,8.19257e-19,2.75637e-20,1.02777e-28,2.81849e-55,1.91757e-102,5.1887e-06
24674,1.05062e-05,2.87332e-11,2.40019e-17,1.79326e-18,6.03245e-20,2.3937e-28,8.32688e-55,6.4234e-102,1.05062e-05
24675,0,0,0,0,0,0,0,0,0
24676,5.33111e-06,1.44357e-11,1.15575e-17,8.63305e-19,2.90329e-20,1.0581e-28,1.81484e-55,2.50462e-103,5.33112e-06
24677,0,0,0,0,0,0,0,0,0
24678,0,0,0,0,0,0,0,0,0
24679,0,0,0,0,0,0,0,0,0
24680,0,0,0,0,0,0,0,0,0
24681,0,0,0,0,0,0,0,0,0
24682,0,0,0,0,0,0,0,0,0
24683,0,0,0,0,0,0,0,0,0
24684,0,0,0,0,0,0,0,0,0
24685,0,0,0,0,0,0,0,0,0
24686,0,0,0,0,0,0,0,0,0
24687,0,0,0,0,0,0,0,0,0
24688,0,0,0,0,0,0,0,0,0
24689,0,0,0,0,0,0,0,0,0
24690,0,0,0,0,0,0,0,0,0
24691,0,0,0,0,0,0,0,0,0
24692,0,0,0,0,0,0,0,0,0
24693,0,0,0,0,0,0,0,0,0
24694,0,0,0,0,0,0,0,0,0
24695,0,0,0,0,0,0,0,0,0
24696,0,0,0,0,0,0,0,0,0
24697,0,0,0,0,0,0,0,0,0
24698,0,0,0,0,0,0,0,0,0
24699,0,0,0,0,0,0,0,0,0
24700,0,0,0,0,0,0,0,0,0
24701,0,0,0,0,0,0,0,0,0
24702,6.87767e-06,2.43756e-11,2.61472e-17,1.94814e-18,6.53075e-20,3.29499e-28,2.40958e-54,3.18877e-101,6.8777e-06
24703,0,0,0,0,0,0,0,0,0
24704,0,0,0,0,0,0,0,0,0
24705,0,0,0,0,0,0,0,0,0
24706,0,0,0,0,0,0,0,0,0
24707,0,0,0,0,0,0,0,0,0
24708,0,0,0,0,0,0,0,0,0
24709,0,0,0,0,0,0,0,0,0
24710,0,0,0,0,0,0,0,0,0
24711,0,0,0,0,0,0,0,0,0
24712,0,0,0,0,0,0,0,0,0
24713,0,0,0,0,0,0,0,0,0
24714,6.28242e-06,2.02877e-11,1.9778e-17,1.47175e-18,4.92606e-20,2.24901e-28,1.20148e-54,1.23356e-101,6.28244e-06
24715,0,0,0,0,0,0,0,0,0
24716,0,0,0,0,0,0,0,0,0
24717,0,0,0,0,0,0,0,0,0
24718,0,0,0,0,0,0,0,0,0
24719,0,0,0,0,0,0,0,0,0
24720,0,0,0,0,0,0,0,0,0
24721,0,0,0,0,0,0,0,0,0
24722,0,0,0,0,0,0,0,0,0
24723,0,0,0,0,0,0,0,0,0
24724,0,0,0,0,0,0,0,0,0
24725,4.06937e-06,8.25732e-12,4.78799e-18,3.55921e-19,1.18974e-20,2.9373e-29,2.72526e-57,9.92657e-104,4.06937e-06
24726,0,0,0,0,0,0,0,0,0
24727,7.86783e-06,3.20097e-11,3.95328e-17,2.93814e-18,9.81887e-20,5.7017e-28,6.52373e-54,1.1214e-100,7.86786e-06
24728,0,0,0,0,0,0,0,0,0
24729,0,0,0,0,0,0,0,0,0
24730,0,0,0,0,0,0,0,0,0
24731,0,0,0,0,0,0,0,0,0
24732,0,0,0,0,0,0,0,0,0
24733,0,0,0,0,0,0,0,0,0
24734,0,0,0,0,0,0,0,0,0
24735,0,0,0,0,0,0,0,0,0
24736,0,0,0,0,0,0,0,0,0
24737,0,0,0,0,0,0,0,0,0
24738,0,0,0,0,0,0,0,0,0
24739,0,0,0,0,0,0,0,0,0
24740,0,0,0,0,0,0,0,0,0
24741,0,0,0,0,0,0,0,0,0
24742,0,0,0,0,0,0,0,0,0
24743,0,0,0,0,0,0,0,0,0
24744,0,0,0,0,0,0,0,0,0
24745,0,0,0,0,0,0,0,0,0
24746,0,0,0,0,0,0,0,0,0
24747,0,0,0,0,0,0,0,0,0
24748,0,0,0,0,0,0,0,0,0
24749,0,0,0,0,0,0,0,0,0
24750,0,0,0,0,0,0,0,0,0
24751,0,0,0,0,0,0,0,0,0
24752,0,0,0,0,0,0,0,0,0
24753,0,0,0,0,0,0,0,0,0
24754,0,0,0,0,0,0,0,0,0
24755,0,0,0,0,0,0,0,0,0
24756,0,0,0,0,0,0,0,0,0
24757,0,0,0,0,0,0,0,0,0
24758,0,0,0,0,0,0,0,0,0
24759,0,0,0,0,0,0,0,0,0
24760,0,0,0,0,0,0,0,0,0
24761,0,0,0,0,0,0,0,0,0
24762,0,0,0,0,0,0,0,0,0
24763,0,0,0,0,0,0,0,0,0
24764,3.21622e-06,5.20892e-12,2.48897e-18,1.84299e-19,6.13048e-21,1.32705e-29,6.18496e-57,8.61447e-105,3.21623e-06
24765,0,0,0,0,0,0,0,0,0
24766,4.31614e-06,9.47581e-12,6.21311e-18,4.59948e-19,1.52951e-20,4.6122e-29,6.67731e-56,2.37494e-103,4.31615e-06
24767,0,0,0,0,0,0,0,0,0
24768,0,0,0,0,0,0,0,0,0
24769,0,0,0,0,0,0,0,0,0
24770,3.22505e-06,5.22034e-12,2.47482e-18,1.83134e-19,6.08685e-21,1.29024e-29,4.87843e-57,4.45733e-105,3.22506e-06
24771,0,0,0,0,0,0,0,0,0
24772,0,0,0,0,0,0,0,0,0
24773,0,0,0,0,0,0,0,0,0
24774,0,0,0,0,0,0,0,0,0
24775,4.03919e-06,8.27344e-12,5.03856e-18,3.72672e-19,1.23792e-20,3.44196e-29,3.69644e-56,9.80164e-104,4.0392e-06
24776,0,0,0,0,0,0,0,0,0
24777,0,0,0,0,0,0,0,0,0
24778,0,0,0,0,0,0,0,0,0
24779,0,0,0,0,0,0,0,0,0
24780,0,0,0,0,0,0,0,0,0
24781,8.74532e-06,3.95957e-11,5.43636e-17,4.01834e-18,1.3337e-19,8.52267e-28,1.27088e-53,2.18335e-100,8.74536e-06
24782,0,0,0,0,0,0,0,0,0
24783,0,0,0,0,0,0,0,0,0
24784,0,0,0,0,0,0,0,0,0
24785,0,0,0,0,0,0,0,0,0
24786,0,0,0,0,0,0,0,0,0
24787,0,0,0,0,0,0,0,0,0
24788,0,0,0,0,0,0,0,0,0
24789,0,0,0,0,0,0,0,0,0
24790,0,0,0,0,0,0,0,0,0
24791,0,0,0,0,0,0,0,0,0
24792,0,0,0,0,0,0,0,0,0
24793,0,0,0,0,0,0,0,0,0
24794,0,0,0,0,0,0,0,0,0
24795,0,0,0,0,0,0,0,0,0
24796,0,0,0,0,0,0,0,0,0
24797,0,0,0,0,0,0,0,0,0
24798,0,0,0,0,0,0,0,0,0
24799,0,0,0,0,0,0,0,0,0
24800,0,0,0,0,0,0,0,0,0
24801,0,0,0,0,0,0,0,0,0
24802,0,0,0,0,0,0,0,0,0
24803,0,0,0,0,0,0,0,0,0
24804,0,0,0,0,0,0,0,0,0
24805,0,0,0,0,0,0,0,0,0
24806,0,0,0,0,0,0,0,0,0
24807,0,0,0,0,0,0,0,0,0
24808,0,0,0,0,0,0,0,0,0
24809,0,0,0,0,0,0,0,0,0
24810,0,0,0,0,0,0,0,0,0
24811,0,0,0,0,0,0,0,0,0
24812,5.21736e-06,1.38853e-11,1.1034e-17,8.13093e-19,2.68836e-20,9.73628e-29,2.35137e-55,9.73373e-103,5.21737e-06
24813,0,0,0,0,0,0,0,0,0
24814,0,0,0,0,0,0,0,0,0
24815,0,0,0,0,0,0,0,0,0
24816,0,0,0,0,0,0,0,0,0
24817,0,0,0,0,0,0,0,0,0
24818,0,0,0,0,0,0,0,0,0
24819,6.27128e-06,2.01543e-11,1.94159e-17,1.42965e-18,4.72231e-20,2.07866e-28,9.19529e-55,5.64577e-102,6.2713e-06
24820,0,0,0,0,0,0,0,0,0
24821,0,0,0,0,0,0,0,0,0
24822,0,0,0,0,0,0,0,0,0
24823,0,0,0,0,0,0,0,0,0
24824,0,0,0,0,0,0,0,0,0
24825,0,0,0,0,0,0,0,0,0
24826,1.8728e-06,1.58006e-12,2.87248e-19,2.11374e-20,6.97633e-22,1.63191e-31,4.39641e-57,3.01182e-104,1.8728e-06
24827,0,0,0,0,0,0,0,0,0
24828,0,0,0,0,0,0,0,0,0
24829,0,0,0,0,0,0,0,0,0
24830,0,0,0,0,0,0,0,0,0
24831,0,0,0,0,0,0,0,0,0
24832,0,0,0,0,0,0,0,0,0
24833,0,0,0,0,0,0,0,0,0
24834,3.2324e-06,5.242e-12,2.4865e-18,1.82809e-19,6.02689e-21,1.26521e-29,4.66653e-57,3.54786e-105,3.23241e-06
24835,0,0,0,0,0,0,0,0,0
24836,0,0,0,0,0,0,0,0,0
24837,0,0,0,0,0,0,0,0,0
24838,0,0,0,0,0,0,0,0,0
24839,0,0,0,0,0,0,0,0,0
24840,0,0,0,0,0,0,0,0,0
24841,0,0,0,0,0,0,0,0,0
24842,0,0,0,0,0,0,0,0,0
24843,0,0,0,0,0,0,0,0,0
24844,0,0,0,0,0,0,0,0,0
24845,0,0,0,0,0,0,0,0,0
24846,0,0,0,0,0,0,0,0,0
24847,0,0,0,0,0,0,0,0,0
24848,0,0,0,0,0,0,0,0,0
24849,0,0,0,0,0,0,0,0,0
24850,0,0,0,0,0,0,0,0,0
24851,0,0,0,0,0,0,0,0,0
24852,0,0,0,0,0,0,0,0,0
24853,0,0,0,0,0,0,0,0,0
24854,0,0,0,0,0,0,0,0,0
24855,0,0,0,0,0,0,0,0,0
24856,4.44478e-06,9.98336e-12,6.59183e-18,4.83578e-19,1.58991e-20,4.6466e-29,4.56496e-56,5.55797e-104,4.44479e-06
24857,0,0,0,0,0,0,0,0,0
24858,0,0,0,0,0,0,0,0,0
24859,0,0,0,0,0,0,0,0,0
24860,5.65067e-06,1.63313e-11,1.41353e-17,1.0366e-18,3.40662e-20,1.3406e-28,4.38703e-55,2.12631e-102,5.65069e-06
24861,0,0,0,0,0,0,0,0,0
24862,0,0,0,0,0,0,0,0,0
24863,0,0,0,0,0,0,0,0,0
24864,0,0,0,0,0,0,0,0,0
24865,0,0,0,0,0,0,0,0,0
24866,0,0,0,0,0,0,0,0,0
24867,0,0,0,0,0,0,0,0,0
24868,0,0,0,0,0,0,0,0,0
24869,0,0,0,0,0,0,0,0,0
24870,0,0,0,0,0,0,0,0,0
24871,0,0,0,0,0,0,0,0,0
24872,0,0,0,0,0,0,0,0,0
24873,0,0,0,0,0,0,0,0,0
24874,5.90017e-06,1.78221e-11,1.61311e-17,1.18129e-18,3.87525e-20,1.59235e-28,5.95789e-55,3.05486e-102,5.90019e-06
24875,0,0,0,0,0,0,0,0,0
24876,0,0,0,0,0,0,0,0,0
24877,0,0,0,0,0,0,0,0,0
24878,0,0,0,0,0,0,0,0,0
24879,0,0,0,0,0,0,0,0,0
24880,0,0,0,0,0,0,0,0,0
24881,0,0,0,0,0,0,0,0,0
24882,0,0,0,0,0,0,0,0,0
24883,0,0,0,0,0,0,0,0,0
24884,0,0,0,0,0,0,0,0,0
24885,0,0,0,0,0,0,0,0,0
24886,0,0,0,0,0,0,0,0,0
24887,0,0,0,0,0,0,0,0,0
24888,5.05797e-06,1.30368e-11,1.00175e-17,7.32517e-19,2.39865e-20,8.30305e-29,1.78377e-55,5.81274e-103,5.05798e-06
24889,0,0,0,0,0,0,0,0,0
24890,0,0,0,0,0,0,0,0,0
24891,0,0,0,0,0,0,0,0,0
24892,0,0,0,0,0,0,0,0,0
24893,0,0,0,0,0,0,0,0,0
24894,0,0,0,0,0,0,0,0,0
24895,0,0,0,0,0,0,0,0,0
24896,0,0,0,0,0,0,0,0,0
24897,0,0,0,0,0,0,0,0,0
24898,0,0,0,0,0,0,0,0,0
24899,0,0,0,0,0,0,0,0,0
24900,0,0,0,0,0,0,0,0,0
24901,0,0,0,0,0,0,0,0,0
24902,1.05974e-05,5.83418e-11,9.74513e-17,7.11631e-18,2.32629e-19,1.77769e-27,4.58757e-53,8.38098e-100,1.05975e-05
24903,0,0,0,0,0,0,0,0,0
24904,0,0,0,0,0,0,0,0,0
24905,0,0,0,0,0,0,0,0,0
24906,0,0,0,0,0,0,0,0,0
24907,0,0,0,0,0,0,0,0,0
24908,0,0,0,0,0,0,0,0,0
24909,0,0,0,0,0,0,0,0,0
24910,0,0,0,0,0,0,0,0,0
24911,3.5047e-06,6.19236e-12,3.22475e-18,2.35262e-19,7.68148e-21,1.77384e-29,1.03515e-56,1.20811e-104,3.50471e-06
24912,0,0,0,0,0,0,0,0,0
24913,0,0,0,0,0,0,0,0,0
24914,0,0,0,0,0,0,0,0,0
24915,0,0,0,0,0,0,0,0,0
24916,0,0,0,0,0,0,0,0,0
24917,0,0,0,0,0,0,0,0,0
24918,0,0,0,0,0,0,0,0,0
24919,0,0,0,0,0,0,0,0,0
24920,0,0,0,0,0,0,0,0,0
24921,0,0,0,0,0,0,0,0,0
24922,0,0,0,0,0,0,0,0,0
24923,0,0,0,0,0,0,0,0,0
24924,0,0,0,0,0,0,0,0,0
24925,0,0,0,0,0,0,0,0,0
24926,0,0,0,0,0,0,0,0,0
24927,0,0,0,0,0,0,0,0,0
24928,0,0,0,0,0,0,0,0,0
24929,0,0,0,0,0,0,0,0,0
24930,0,0,0,0,0,0,0,0,0
24931,0,0,0,0,0,0,0,0,0
24932,0,0,0,0,0,0,0,0,0
24933,0,0,0,0,0,0,0,0,0
24934,0,0,0,0,0,0,0,0,0
24935,0,0,0,0,0,0,0,0,0
24936,0,0,0,0,0,0,0,0,0
24937,0,0,0,0,0,0,0,0,0
24938,0,0,0,0,0,0,0,0,0
24939,0,0,0,0,0,0,0,0,0
24940,0,0,0,0,0,0,0,0,0
24941,0,0,0,0,0,0,0,0,0
24942,0,0,0,0,0,0,0,0,0
24943,0,0,0,0,0,0,0,0,0
24944,0,0,0,0,0,0,0,0,0
24945,0,0,0,0,0,0,0,0,0
24946,0,0,0,0,0,0,0,0,0
24947,0,0,0,0,0,0,0,0,0
24948,0,0,0,0,0,0,0,0,0
24949,0,0,0,0,0,0,0,0,0
24950,0,0,0,0,0,0,0,0,0
24951,0,0,0,0,0,0,0,0,0
24952,0,0,0,0,0,0,0,0,0
24953,0,0,0,0,0,0,0,0,0
24954,0,0,0,0,0,0,0,0,0
24955,0,0,0,0,0,0,0,0,0
24956,5.49166e-06,1.53988e-11,1.28894e-17,9.36131e-19,3.03937e-20,1.13731e-28,3.18264e-55,1.08164e-102,5.49167e-06
24957,0,0,0,0,0,0,0,0,0
24958,0,0,0,0,0,0,0,0,0
24959,0,0,0,0,0,0,0,0,0
24960,0,0,0,0,0,0,0,0,0
24961,4.98258e-06,1.25374e-11,9.21668e-18,6.69067e-19,2.17098e-20,6.87657e-29,6.77358e-56,8.82856e-105,4.98259e-06
24962,0,0,0,0,0,0,0,0,0
24963,0,0,0,0,0,0,0,0,0
24964,0,0,0,0,0,0,0,0,0
24965,0,0,0,0,0,0,0,0,0
24966,0,0,0,0,0,0,0,0,0
24967,0,0,0,0,0,0,0,0,0
24968,0,0,0,0,0,0,0,0,0
24969,0,0,0,0,0,0,0,0,0
24970,0,0,0,0,0,0,0,0,0
24971,0,0,0,0,0,0,0,0,0
24972,0,0,0,0,0,0,0,0,0
24973,0,0,0,0,0,0,0,0,0
24974,0,0,0,0,0,0,0,0,0
24975,0,0,0,0,0,0,0,0,0
24976,0,0,0,0,0,0,0,0,0
24977,0,0,0,0,0,0,0,0,0
24978,0,0,0,0,0,0,0,0,0
24979,4.1807e-06,8.83413e-12,5.49892e-18,3.98458e-19,1.28997e-20,3.51737e-29,3.26598e-56,4.04436e-104,4.18071e-06
24980,0,0,0,0,0,0,0,0,0
24981,0,0,0,0,0,0,0,0,0
24982,0,0,0,0,0,0,0,0,0
24983,5.1943e-06,1.37523e-11,1.0846e-17,7.85588e-19,2.54193e-20,8.90886e-29,2.03014e-55,5.57237e-103,5.19432e-06
24984,0,0,0,0,0,0,0,0,0
24985,0,0,0,0,0,0,0,0,0
24986,0,0,0,0,0,0,0,0,0
24987,0,0,0,0,0,0,0,0,0
24988,0,0,0,0,0,0,0,0,0
24989,0,0,0,0,0,0,0,0,0
24990,0,0,0,0,0,0,0,0,0
24991,0,0,0,0,0,0,0,0,0
24992,0,0,0,0,0,0,0,0,0
24993,0,0,0,0,0,0,0,0,0
24994,0,0,0,0,0,0,0,0,0
24995,0,0,0,0,0,0,0,0,0
24996,0,0,0,0,0,0,0,0,0
24997,0,0,0,0,0,0,0,0,0
24998,0,0,0,0,0,0,0,0,0
24999,0,0,0,0,0,0,0,0,0
25000,0,0,0,0,0,0,0,0,0
25001,0,0,0,0,0,0,0,0,0
25002,0,0,0,0,0,0,0,0,0
25003,0,0,0,0,0,0,0,0,0
25004,0,0,0,0,0,0,0,0,0
25005,0,0,0,0,0,0,0,0,0
25006,0,0,0,0,0,0,0,0,0
25007,6.07445e-06,1.88386e-11,1.73749e-17,1.2555e-18,4.05034e-20,1.64678e-28,5.50148e-55,1.64939e-102,6.07447e-06
25008,0,0,0,0,0,0,0,0,0
25009,0,0,0,0,0,0,0,0,0
25010,0,0,0,0,0,0,0,0,0
25011,0,0,0,0,0,0,0,0,0
25012,0,0,0,0,0,0,0,0,0
25013,0,0,0,0,0,0,0,0,0
25014,0,0,0,0,0,0,0,0,0
25015,0,0,0,0,0,0,0,0,0
25016,8.71075e-06,3.91212e-11,5.27516e-17,3.80818e-18,1.2271e-19,7.35789e-28,8.47196e-54,6.10647e-101,8.71079e-06
25017,0,0,0,0,0,0,0,0,0
25018,7.6858e-06,3.04085e-11,3.61443e-17,2.60878e-18,8.40417e-20,4.45415e-28,3.71345e-54,2.32707e-101,7.68583e-06
25019,0,0,0,0,0,0,0,0,0
25020,0,0,0,0,0,0,0,0,0
25021,8.36894e-06,3.60941e-11,4.67485e-17,3.37334e-18,1.08639e-19,6.2595e-28,6.49294e-54,4.40954e-101,8.36897e-06
25022,0,0,0,0,0,0,0,0,0
25023,0,0,0,0,0,0,0,0,0
25024,0,0,0,0,0,0,0,0,0
25025,0,0,0,0,0,0,0,0,0
25026,0,0,0,0,0,0,0,0,0
25027,0,0,0,0,0,0,0,0,0
25028,0,0,0,0,0,0,0,0,0
25029,0,0,0,0,0,0,0,0,0
25030,0,0,0,0,0,0,0,0,0
25031,0,0,0,0,0,0,0,0,0
25032,0,0,0,0,0,0,0,0,0
25033,0,0,0,0,0,0,0,0,0
25034,0,0,0,0,0,0,0,0,0
25035,0,0,0,0,0,0,0,0,0
25036,4.50368e-06,1.02789e-11,6.93176e-18,4.99447e-19,1.60548e-20,4.7278e-29,5.90344e-56,8.57044e-104,4.50369e-06
25037,0,0,0,0,0,0,0,0,0
25038,0,0,0,0,0,0,0,0,0
25039,0,0,0,0,0,0,0,0,0
25040,6.07587e-06,1.88792e-11,1.75068e-17,1.2609e-18,4.05117e-20,1.65865e-28,6.11427e-55,2.02336e-102,6.07589e-06
25041,0,0,0,0,0,0,0,0,0
25042,0,0,0,0,0,0,0,0,0
25043,0,0,0,0,0,0,0,0,0
25044,0,0,0,0,0,0,0,0,0
25045,0,0,0,0,0,0,0,0,0
25046,0,0,0,0,0,0,0,0,0
25047,8.30611e-06,3.55582e-11,4.57308e-17,3.29128e-18,1.05649e-19,6.0293e-28,6.21695e-54,4.09069e-101,8.30614e-06
25048,0,0,0,0,0,0,0,0,0
25049,0,0,0,0,0,0,0,0,0
25050,3.38749e-06,5.76579e-12,2.8728e-18,2.06693e-19,6.6322e-21,1.42472e-29,6.33036e-57,3.9332e-105,3.38749e-06
25051,0,0,0,0,0,0,0,0,0
25052,9.94846e-07,3.12627e-13,5.03243e-23,3.62003e-24,1.16128e-25,3.96241e-31,5.23991e-58,2.1655e-108,9.94847e-07
25053,0,0,0,0,0,0,0,0,0
25054,0,0,0,0,0,0,0,0,0
25055,0,0,0,0,0,0,0,0,0
25056,0,0,0,0,0,0,0,0,0
25057,0,0,0,0,0,0,0,0,0
25058,0,0,0,0,0,0,0,0,0
25059,0,0,0,0,0,0,0,0,0
25060,0,0,0,0,0,0,0,0,0
25061,0,0,0,0,0,0,0,0,0
25062,6.27373e-06,2.01094e-11,1.91744e-17,1.37783e-18,4.4141e-20,1.84246e-28,6.81765e-55,1.97175e-102,6.27375e-06
25063,0,0,0,0,0,0,0,0,0
25064,0,0,0,0,0,0,0,0,0
25065,0,0,0,0,0,0,0,0,0
25066,0,0,0,0,0,0,0,0,0
25067,0,0,0,0,0,0,0,0,0
25068,0,0,0,0,0,0,0,0,0
25069,4.90457e-06,1.21996e-11,8.95416e-18,6.42979e-19,2.05809e-20,6.54382e-29,9.83691e-56,1.33667e-103,4.90458e-06
25070,0,0,0,0,0,0,0,0,0
25071,0,0,0,0,0,0,0,0,0
25072,0,0,0,0,0,0,0,0,0
25073,0,0,0,0,0,0,0,0,0
25074,0,0,0,0,0,0,0,0,0
25075,0,0,0,0,0,0,0,0,0
25076,0,0,0,0,0,0,0,0,0
25077,0,0,0,0,0,0,0,0,0
25078,0,0,0,0,0,0,0,0,0
25079,0,0,0,0,0,0,0,0,0
25080,0,0,0,0,0,0,0,0,0
25081,0,0,0,0,0,0,0,0,0
25082,0,0,0,0,0,0,0,0,0
25083,0,0,0,0,0,0,0,0,0
25084,0,0,0,0,0,0,0,0,0
25085,0,0,0,0,0,0,0,0,0
25086,0,0,0,0,0,0,0,0,0
25087,0,0,0,0,0,0,0,0,0
25088,0,0,0,0,0,0,0,0,0
25089,0,0,0,0,0,0,0,0,0
25090,0,0,0,0,0,0,0,0,0
25091,4.52001e-06,1.02822e-11,6.80029e-18,4.87261e-19,1.55544e-20,4.33314e-29,2.92368e-56,2.54332e-105,4.52002e-06
25092,0,0,0,0,0,0,0,0,0
25093,0,0,0,0,0,0,0,0,0
25094,0,0,0,0,0,0,0,0,0
25095,0,0,0,0,0,0,0,0,0
25096,0,0,0,0,0,0,0,0,0
25097,0,0,0,0,0,0,0,0,0
25098,0,0,0,0,0,0,0,0,0
25099,0,0,0,0,0,0,0,0,0
25100,0,0,0,0,0,0,0,0,0
25101,0,0,0,0,0,0,0,0,0
25102,0,0,0,0,0,0,0,0,0
25103,0,0,0,0,0,0,0,0,0
25104,0,0,0,0,0,0,0,0,0
25105,0,0,0,0,0,0,0,0,0
25106,0,0,0,0,0,0,0,0,0
25107,0,0,0,0,0,0,0,0,0
25108,0,0,0,0,0,0,0,0,0
25109,0,0,0,0,0,0,0,0,0
25110,0,0,0,0,0,0,0,0,0
25111,0,0,0,0,0,0,0,0,0
25112,0,0,0,0,0,0,0,0,0
25113,0,0,0,0,0,0,0,0,0
25114,0,0,0,0,0,0,0,0,0
25115,0,0,0,0,0,0,0,0,0
25116,0,0,0,0,0,0,0,0,0
25117,0,0,0,0,0,0,0,0,0
25118,5.01086e-06,1.27416e-11,9.56436e-18,6.83479e-19,2.17449e-20,7.03254e-29,1.15396e-55,1.60165e-103,5.01087e-06
25119,0,0,0,0,0,0,0,0,0
25120,0,0,0,0,0,0,0,0,0
25121,0,0,0,0,0,0,0,0,0
25122,0,0,0,0,0,0,0,0,0
25123,0,0,0,0,0,0,0,0,0
25124,0,0,0,0,0,0,0,0,0
25125,0,0,0,0,0,0,0,0,0
25126,0,0,0,0,0,0,0,0,0
25127,0,0,0,0,0,0,0,0,0
25128,0,0,0,0,0,0,0,0,0
25129,0,0,0,0,0,0,0,0,0
25130,0,0,0,0,0,0,0,0,0
25131,0,0,0,0,0,0,0,0,0
25132,0,0,0,0,0,0,0,0,0
25133,3.55163e-06,6.35081e-12,3.33237e-18,2.37776e-19,7.55057e-21,1.6962e-29,9.29283e-57,6.09714e-105,3.55163e-06
25134,0,0,0,0,0,0,0,0,0
25135,0,0,0,0,0,0,0,0,0
25136,0,0,0,0,0,0,0,0,0
25137,0,0,0,0,0,0,0,0,0
25138,0,0,0,0,0,0,0,0,0
25139,0,0,0,0,0,0,0,0,0
25140,0,0,0,0,0,0,0,0,0
25141,0,0,0,0,0,0,0,0,0
25142,0,0,0,0,0,0,0,0,0
25143,0,0,0,0,0,0,0,0,0
25144,0,0,0,0,0,0,0,0,0
25145,0,0,0,0,0,0,0,0,0
25146,0,0,0,0,0,0,0,0,0
25147,0,0,0,0,0,0,0,0,0
25148,0,0,0,0,0,0,0,0,0
25149,0,0,0,0,0,0,0,0,0
25150,5.38972e-06,1.4756e-11,1.19209e-17,8.49156e-19,2.69078e-20,9.30922e-29,1.82307e-55,2.43709e-103,5.38973e-06
25151,0,0,0,0,0,0,0,0,0
25152,0,0,0,0,0,0,0,0,0
25153,0,0,0,0,0,0,0,0,0
25154,0,0,0,0,0,0,0,0,0
25155,0,0,0,0,0,0,0,0,0
25156,0,0,0,0,0,0,0,0,0
25157,0,0,0,0,0,0,0,0,0
25158,2.73526e-06,3.7292e-12,1.47222e-18,1.04783e-19,3.31687e-21,5.49089e-30,1.0342e-57,2.55111e-106,2.73526e-06
25159,0,0,0,0,0,0,0,0,0
25160,0,0,0,0,0,0,0,0,0
25161,0,0,0,0,0,0,0,0,0
25162,0,0,0,0,0,0,0,0,0
25163,0,0,0,0,0,0,0,0,0
25164,0,0,0,0,0,0,0,0,0
25165,0,0,0,0,0,0,0,0,0
25166,0,0,0,0,0,0,0,0,0
25167,0,0,0,0,0,0,0,0,0
25168,0,0,0,0,0,0,0,0,0
25169,0,0,0,0,0,0,0,0,0
25170,0,0,0,0,0,0,0,0,0
25171,0,0,0,0,0,0,0,0,0
25172,0,0,0,0,0,0,0,0,0
25173,0,0,0,0,0,0,0,0,0
25174,0,0,0,0,0,0,0,0,0
25175,0,0,0,0,0,0,0,0,0
25176,5.68009e-06,1.64174e-11,1.40296e-17,9.96737e-19,3.14804e-20,1.15109e-28,2.75997e-55,4.20249e-103,5.68011e-06
25177,0,0,0,0,0,0,0,0,0
25178,0,0,0,0,0,0,0,0,0
25179,0,0,0,0,0,0,0,0,0
25180,0,0,0,0,0,0,0,0,0
25181,0,0,0,0,0,0,0,0,0
25182,0,0,0,0,0,0,0,0,0
25183,0,0,0,0,0,0,0,0,0
25184,0,0,0,0,0,0,0,0,0
25185,0,0,0,0,0,0,0,0,0
25186,0,0,0,0,0,0,0,0,0
25187,7.68049e-06,3.02967e-11,3.56972e-17,2.5333e-18,7.98985e-20,4.07147e-28,2.94501e-54,1.05812e-101,7.68052e-06
25188,0,0,0,0,0,0,0,0,0
25189,4.77886e-06,1.15548e-11,8.20408e-18,5.8211e-19,1.83553e-20,5.52038e-29,6.86212e-56,5.89381e-104,4.77888e-06
25190,0,0,0,0,0,0,0,0,0
25191,0,0,0,0,0,0,0,0,0
25192,0,0,0,0,0,0,0,0,0
25193,0,0,0,0,0,0,0,0,0
25194,0,0,0,0,0,0,0,0,0
25195,0,0,0,0,0,0,0,0,0
25196,0,0,0,0,0,0,0,0,0
25197,0,0,0,0,0,0,0,0,0
25198,0,0,0,0,0,0,0,0,0
25199,0,0,0,0,0,0,0,0,0
25200,0,0,0,0,0,0,0,0,0
25201,0,0,0,0,0,0,0,0,0
25202,0,0,0,0,0,0,0,0,0
25203,0,0,0,0,0,0,0,0,0
25204,0,0,0,0,0,0,0,0,0
25205,0,0,0,0,0,0,0,0,0
25206,0,0,0,0,0,0,0,0,0
25207,0,0,0,0,0,0,0,0,0
25208,0,0,0,0,0,0,0,0,0
25209,0,0,0,0,0,0,0,0,0
25210,0,0,0,0,0,0,0,0,0
25211,0,0,0,0,0,0,0,0,0
25212,1.91412e-06,1.75429e-12,4.26665e-19,3.02044e-20,9.49694e-22,8.00485e-31,4.22386e-59,1.74177e-106,1.91412e-06
25213,0,0,0,0,0,0,0,0,0
25214,0,0,0,0,0,0,0,0,0
25215,0,0,0,0,0,0,0,0,0
25216,0,0,0,0,0,0,0,0,0
25217,0,0,0,0,0,0,0,0,0
25218,0,0,0,0,0,0,0,0,0
25219,0,0,0,0,0,0,0,0,0
25220,0,0,0,0,0,0,0,0,0
25221,0,0,0,0,0,0,0,0,0
25222,0,0,0,0,0,0,0,0,0
25223,0,0,0,0,0,0,0,0,0
25224,0,0,0,0,0,0,0,0,0
25225,0,0,0,0,0,0,0,0,0
25226,0,0,0,0,0,0,0,0,0
25227,0,0,0,0,0,0,0,0,0
25228,0,0,0,0,0,0,0,0,0
25229,0,0,0,0,0,0,0,0,0
25230,0,0,0,0,0,0,0,0,0
25231,0,0,0,0,0,0,0,0,0
25232,0,0,0,0,0,0,0,0,0
25233,0,0,0,0,0,0,0,0,0
25234,0,0,0,0,0,0,0,0,0
25235,0,0,0,0,0,0,0,0,0
25236,0,0,0,0,0,0,0,0,0
25237,0,0,0,0,0,0,0,0,0
25238,0,0,0,0,0,0,0,0,0
25239,0,0,0,0,0,0,0,0,0
25240,0,0,0,0,0,0,0,0,0
25241,0,0,0,0,0,0,0,0,0
25242,0,0,0,0,0,0,0,0,0
25243,0,0,0,0,0,0,0,0,0
25244,0,0,0,0,0,0,0,0,0
25245,0,0,0,0,0,0,0,0,0
25246,2.21285e-06,2.32135e-12,6.3158e-19,4.45553e-20,1.39482e-21,1.28287e-30,2.15113e-62,1.09928e-113,2.21285e-06
25247,0,0,0,0,0,0,0,0,0
25248,0,0,0,0,0,0,0,0,0
25249,0,0,0,0,0,0,0,0,0
25250,0,0,0,0,0,0,0,0,0
25251,0,0,0,0,0,0,0,0,0
25252,2.12526e-06,2.21403e-12,6.4846e-19,4.57178e-20,1.4301e-21,1.655e-30,5.4917e-59,2.24394e-110,2.12526e-06
25253,0,0,0,0,0,0,0,0,0
25254,0,0,0,0,0,0,0,0,0
25255,0,0,0,0,0,0,0,0,0
25256,0,0,0,0,0,0,0,0,0
25257,2.34986e-06,2.67474e-12,8.26718e-19,5.82588e-20,1.82136e-21,2.05139e-30,1.26964e-59,2.76923e-106,2.34986e-06
25258,0,0,0,0,0,0,0,0,0
25259,0,0,0,0,0,0,0,0,0
25260,0,0,0,0,0,0,0,0,0
25261,4.02924e-06,8.18466e-12,4.86976e-18,3.43022e-19,1.07181e-20,2.67334e-29,1.98749e-56,1.12816e-104,4.02925e-06
25262,0,0,0,0,0,0,0,0,0
25263,0,0,0,0,0,0,0,0,0
25264,0,0,0,0,0,0,0,0,0
25265,0,0,0,0,0,0,0,0,0
25266,0,0,0,0,0,0,0,0,0
25267,0,0,0,0,0,0,0,0,0
25268,0,0,0,0,0,0,0,0,0
25269,0,0,0,0,0,0,0,0,0
25270,0,0,0,0,0,0,0,0,0
25271,0,0,0,0,0,0,0,0,0
25272,0,0,0,0,0,0,0,0,0
25273,0,0,0,0,0,0,0,0,0
25274,0,0,0,0,0,0,0,0,0
25275,0,0,0,0,0,0,0,0,0
25276,0,0,0,0,0,0,0,0,0
25277,0,0,0,0,0,0,0,0,0
25278,0,0,0,0,0,0,0,0,0
25279,0,0,0,0,0,0,0,0,0
25280,6.14874e-06,1.92633e-11,1.7839e-17,1.25415e-18,3.90931e-20,1.52664e-28,4.58935e-55,6.57144e-103,6.14876e-06
25281,0,0,0,0,0,0,0,0,0
25282,2.89757e-06,4.1825e-12,1.74151e-18,1.22419e-19,3.81524e-21,6.5108e-30,1.29106e-57,2.18545e-106,2.89757e-06
25283,0,0,0,0,0,0,0,0,0
25284,2.72582e-06,3.66937e-12,1.40085e-18,9.84551e-20,3.06775e-21,4.66956e-30,4.7652e-58,2.89652e-107,2.72582e-06
25285,0,0,0,0,0,0,0,0,0
25286,0,0,0,0,0,0,0,0,0
25287,0,0,0,0,0,0,0,0,0
25288,4.65575e-06,1.0973e-11,7.60627e-18,5.34373e-19,1.66422e-20,4.84162e-29,5.97373e-56,4.70008e-104,4.65576e-06
25289,0,0,0,0,0,0,0,0,0
25290,0,0,0,0,0,0,0,0,0
25291,1.50665e-06,1.09143e-12,2.15356e-19,1.51246e-20,4.70831e-22,3.47827e-31,1.6016e-60,8.09937e-113,1.50665e-06
25292,0,0,0,0,0,0,0,0,0
25293,0,0,0,0,0,0,0,0,0
25294,0,0,0,0,0,0,0,0,0
25295,0,0,0,0,0,0,0,0,0
25296,0,0,0,0,0,0,0,0,0
25297,3.8122e-06,7.29677e-12,4.06129e-18,2.85049e-19,8.8667e-21,2.03684e-29,1.0648e-56,3.68402e-105,3.81221e-06
25298,3.25805e-06,5.30075e-12,2.491e-18,1.74811e-19,5.4367e-21,1.04508e-29,2.92897e-57,5.69343e-106,3.25805e-06
25299,0,0,0,0,0,0,0,0,0
25300,0,0,0,0,0,0,0,0,0
25301,0,0,0,0,0,0,0,0,0
25302,0,0,0,0,0,0,0,0,0
25303,0,0,0,0,0,0,0,0,0
25304,0,0,0,0,0,0,0,0,0
25305,0,0,0,0,0,0,0,0,0
25306,0,0,0,0,0,0,0,0,0
25307,0,0,0,0,0,0,0,0,0
25308,0,0,0,0,0,0,0,0,0
25309,6.54386e-06,2.18303e-11,2.15052e-17,1.50765e-18,4.68291e-20,1.93342e-28,6.70565e-55,9.41657e-103,6.54388e-06
25310,0,0,0,0,0,0,0,0,0
25311,0,0,0,0,0,0,0,0,0
25312,0,0,0,0,0,0,0,0,0
25313,0,0,0,0,0,0,0,0,0
25314,0,0,0,0,0,0,0,0,0
25315,0,0,0,0,0,0,0,0,0
25316,0,0,0,0,0,0,0,0,0
25317,0,0,0,0,0,0,0,0,0
25318,0,0,0,0,0,0,0,0,0
25319,0,0,0,0,0,0,0,0,0
25320,0,0,0,0,0,0,0,0,0
25321,0,0,0,0,0,0,0,0,0
25322,0,0,0,0,0,0,0,0,0
25323,0,0,0,0,0,0,0,0,0
25324,0,0,0,0,0,0,0,0,0
25325,0,0,0,0,0,0,0,0,0
25326,0,0,0,0,0,0,0,0,0
25327,0,0,0,0,0,0,0,0,0
25328,0,0,0,0,0,0,0,0,0
25329,0,0,0,0,0,0,0,0,0
25330,0,0,0,0,0,0,0,0,0
25331,0,0,0,0,0,0,0,0,0
25332,0,0,0,0,0,0,0,0,0
25333,0,0,0,0,0,0,0,0,0
25334,0,0,0,0,0,0,0,0,0
25335,0,0,0,0,0,0,0,0,0
25336,0,0,0,0,0,0,0,0,0
25337,0,0,0,0,0,0,0,0,0
25338,0,0,0,0,0,0,0,0,0
25339,0,0,0,0,0,0,0,0,0
25340,0,0,0,0,0,0,0,0,0
25341,0,0,0,0,0,0,0,0,0
25342,0,0,0,0,0,0,0,0,0
25343,3.00712e-06,4.51333e-12,1.95929e-18,1.36879e-19,4.23305e-21,7.50338e-30,1.80114e-57,3.41424e-106,3.00712e-06
25344,0,0,0,0,0,0,0,0,0
25345,0,0,0,0,0,0,0,0,0
25346,0,0,0,0,0,0,0,0,0
25347,0,0,0,0,0,0,0,0,0
25348,0,0,0,0,0,0,0,0,0
25349,0,0,0,0,0,0,0,0,0
25350,0,0,0,0,0,0,0,0,0
25351,4.18593e-06,8.26202e-12,3.95236e-18,2.75916e-19,8.52492e-21,9.74012e-30,2.55792e-55,2.15703e-102,4.18593e-06
25352,0,0,0,0,0,0,0,0,0
25353,0,0,0,0,0,0,0,0,0
25354,6.10196e-06,1.89175e-11,1.72281e-17,1.20225e-18,3.71287e-20,1.39851e-28,3.49297e-55,3.26067e-103,6.10198e-06
25355,0,0,0,0,0,0,0,0,0
25356,0,0,0,0,0,0,0,0,0
25357,0,0,0,0,0,0,0,0,0
25358,0,0,0,0,0,0,0,0,0
25359,0,0,0,0,0,0,0,0,0
25360,0,0,0,0,0,0,0,0,0
25361,0,0,0,0,0,0,0,0,0
25362,0,0,0,0,0,0,0,0,0
25363,5.13093e-06,1.31742e-11,9.64731e-18,6.72671e-19,2.07521e-20,5.95417e-29,1.94824e-56,3.52446e-104,5.13094e-06
25364,0,0,0,0,0,0,0,0,0
25365,5.09406e-06,1.31529e-11,9.98254e-18,6.95876e-19,2.14614e-20,6.75407e-29,1.05474e-55,7.91117e-104,5.09407e-06
25366,0,0,0,0,0,0,0,0,0
25367,0,0,0,0,0,0,0,0,0
25368,0,0,0,0,0,0,0,0,0
25369,0,0,0,0,0,0,0,0,0
25370,0,0,0,0,0,0,0,0,0
25371,0,0,0,0,0,0,0,0,0
25372,0,0,0,0,0,0,0,0,0
25373,0,0,0,0,0,0,0,0,0
25374,0,0,0,0,0,0,0,0,0
25375,0,0,0,0,0,0,0,0,0
25376,0,0,0,0,0,0,0,0,0
25377,0,0,0,0,0,0,0,0,0
25378,0,0,0,0,0,0,0,0,0
25379,0,0,0,0,0,0,0,0,0
25380,0,0,0,0,0,0,0,0,0
25381,0,0,0,0,0,0,0,0,0
25382,0,0,0,0,0,0,0,0,0
25383,0,0,0,0,0,0,0,0,0
25384,0,0,0,0,0,0,0,0,0
25385,0,0,0,0,0,0,0,0,0
25386,0,0,0,0,0,0,0,0,0
25387,0,0,0,0,0,0,0,0,0
25388,0,0,0,0,0,0,0,0,0
25389,0,0,0,0,0,0,0,0,0
25390,0,0,0,0,0,0,0,0,0
25391,0,0,0,0,0,0,0,0,0
25392,0,0,0,0,0,0,0,0,0
25393,4.95894e-06,1.245e-11,9.1719e-18,6.37561e-19,1.95933e-20,5.94971e-29,8.26296e-56,5.27361e-104,4.95895e-06
25394,0,0,0,0,0,0,0,0,0
25395,0,0,0,0,0,0,0,0,0
25396,0,0,0,0,0,0,0,0,0
25397,0,0,0,0,0,0,0,0,0
25398,0,0,0,0,0,0,0,0,0
25399,8.14224e-06,3.39424e-11,4.18567e-17,2.90804e-18,8.93107e-20,4.56159e-28,3.02957e-54,5.21856e-102,8.14228e-06
25400,4.58955e-06,1.06232e-11,7.17269e-18,4.98282e-19,1.53012e-20,4.21891e-29,4.01809e-56,1.70601e-104,4.58956e-06
25401,0,0,0,0,0,0,0,0,0
25402,4.03566e-06,8.20544e-12,4.87628e-18,3.38679e-19,1.03973e-20,2.53602e-29,1.80965e-56,7.27695e-105,4.03567e-06
25403,0,0,0,0,0,0,0,0,0
25404,0,0,0,0,0,0,0,0,0
25405,0,0,0,0,0,0,0,0,0
25406,0,0,0,0,0,0,0,0,0
25407,0,0,0,0,0,0,0,0,0
25408,0,0,0,0,0,0,0,0,0
25409,0,0,0,0,0,0,0,0,0
25410,0,0,0,0,0,0,0,0,0
25411,0,0,0,0,0,0,0,0,0
25412,2.70653e-06,3.6401e-12,1.40696e-18,9.76197e-20,2.99305e-21,4.64205e-30,7.07049e-58,7.72962e-107,2.70653e-06
25413,0,0,0,0,0,0,0,0,0
25414,0,0,0,0,0,0,0,0,0
25415,0,0,0,0,0,0,0,0,0
25416,0,0,0,0,0,0,0,0,0
25417,0,0,0,0,0,0,0,0,0
25418,0,0,0,0,0,0,0,0,0
25419,0,0,0,0,0,0,0,0,0
25420,0,0,0,0,0,0,0,0,0
25421,9.49749e-06,3.40248e-11,4.03977e-17,2.80048e-18,8.57696e-20,4.31525e-28,2.92457e-54,5.24661e-102,9.49752e-06
25422,0,0,0,0,0,0,0,0,0
25423,0,0,0,0,0,0,0,0,0
25424,0,0,0,0,0,0,0,0,0
25425,0,0,0,0,0,0,0,0,0
25426,0,0,0,0,0,0,0,0,0
25427,0,0,0,0,0,0,0,0,0
25428,0,0,0,0,0,0,0,0,0
25429,0,0,0,0,0,0,0,0,0
25430,0,0,0,0,0,0,0,0,0
25431,0,0,0,0,0,0,0,0,0
25432,0,0,0,0,0,0,0,0,0
25433,0,0,0,0,0,0,0,0,0
25434,0,0,0,0,0,0,0,0,0
25435,0,0,0,0,0,0,0,0,0
25436,0,0,0,0,0,0,0,0,0
25437,0,0,0,0,0,0,0,0,0
25438,0,0,0,0,0,0,0,0,0
25439,0,0,0,0,0,0,0,0,0
25440,0,0,0,0,0,0,0,0,0
25441,0,0,0,0,0,0,0,0,0
25442,0,0,0,0,0,0,0,0,0
25443,0,0,0,0,0,0,0,0,0
25444,0,0,0,0,0,0,0,0,0
25445,0,0,0,0,0,0,0,0,0
25446,0,0,0,0,0,0,0,0,0
25447,0,0,0,0,0,0,0,0,0
25448,0,0,0,0,0,0,0,0,0
25449,0,0,0,0,0,0,0,0,0
25450,0,0,0,0,0,0,0,0,0
25451,0,0,0,0,0,0,0,0,0
25452,0,0,0,0,0,0,0,0,0
25453,0,0,0,0,0,0,0,0,0
25454,0,0,0,0,0,0,0,0,0
25455,0,0,0,0,0,0,0,0,0
25456,0,0,0,0,0,0,0,0,0
25457,0,0,0,0,0,0,0,0,0
25458,0,0,0,0,0,0,0,0,0
25459,0,0,0,0,0,0,0,0,0
25460,0,0,0,0,0,0,0,0,0
25461,0,0,0,0,0,0,0,0,0
25462,0,0,0,0,0,0,0,0,0
25463,0,0,0,0,0,0,0,0,0
25464,0,0,0,0,0,0,0,0,0
25465,0,0,0,0,0,0,0,0,0
25466,0,0,0,0,0,0,0,0,0
25467,0,0,0,0,0,0,0,0,0
25468,0,0,0,0,0,0,0,0,0
25469,3.7024e-06,6.26858e-12,2.32468e-18,1.60367e-19,4.88152e-21,2.46863e-30,2.73882e-55,1.21606e-102,3.7024e-06
25470,0,0,0,0,0,0,0,0,0
25471,0,0,0,0,0,0,0,0,0
25472,2.97579e-06,4.40995e-12,1.88058e-18,1.29705e-19,3.94716e-21,6.70745e-30,1.36947e-57,1.57509e-106,2.97579e-06
25473,0,0,0,0,0,0,0,0,0
25474,0,0,0,0,0,0,0,0,0
25475,0,0,0,0,0,0,0,0,0
25476,0,0,0,0,0,0,0,0,0
25477,0,0,0,0,0,0,0,0,0
25478,0,0,0,0,0,0,0,0,0
25479,3.82725e-06,7.33628e-12,4.06302e-18,2.80017e-19,8.51334e-21,1.88171e-29,8.39395e-57,1.48828e-105,3.82726e-06
25480,0,0,0,0,0,0,0,0,0
25481,0,0,0,0,0,0,0,0,0
25482,0,0,0,0,0,0,0,0,0
25483,0,0,0,0,0,0,0,0,0
25484,0,0,0,0,0,0,0,0,0
25485,0,0,0,0,0,0,0,0,0
25486,0,0,0,0,0,0,0,0,0
25487,0,0,0,0,0,0,0,0,0
25488,0,0,0,0,0,0,0,0,0
25489,0,0,0,0,0,0,0,0,0
25490,0,0,0,0,0,0,0,0,0
25491,0,0,0,0,0,0,0,0,0
25492,0,0,0,0,0,0,0,0,0
25493,0,0,0,0,0,0,0,0,0
25494,0,0,0,0,0,0,0,0,0
25495,0,0,0,0,0,0,0,0,0
25496,0,0,0,0,0,0,0,0,0
25497,0,0,0,0,0,0,0,0,0
25498,0,0,0,0,0,0,0,0,0
25499,0,0,0,0,0,0,0,0,0
25500,0,0,0,0,0,0,0,0,0
25501,0,0,0,0,0,0,0,0,0
25502,0,0,0,0,0,0,0,0,0
25503,0,0,0,0,0,0,0,0,0
25504,0,0,0,0,0,0,0,0,0
25505,0,0,0,0,0,0,0,0,0
25506,0,0,0,0,0,0,0,0,0
25507,0,0,0,0,0,0,0,0,0
25508,0,0,0,0,0,0,0,0,0
25509,0,0,0,0,0,0,0,0,0
25510,3.51962e-06,6.16311e-12,3.08075e-18,2.11658e-19,6.40986e-21,1.24984e-29,3.09119e-57,2.22043e-106,3.51963e-06
25511,4.09667e-06,8.38254e-12,4.91165e-18,3.37427e-19,1.02179e-20,2.33822e-29,8.5003e-57,2.35033e-106,4.09668e-06
25512,0,0,0,0,0,0,0,0,0
25513,0,0,0,0,0,0,0,0,0
25514,0,0,0,0,0,0,0,0,0
25515,0,0,0,0,0,0,0,0,0
25516,0,0,0,0,0,0,0,0,0
25517,0,0,0,0,0,0,0,0,0
25518,0,0,0,0,0,0,0,0,0
25519,0,0,0,0,0,0,0,0,0
25520,0,0,0,0,0,0,0,0,0
25521,0,0,0,0,0,0,0,0,0
25522,0,0,0,0,0,0,0,0,0
25523,0,0,0,0,0,0,0,0,0
25524,0,0,0,0,0,0,0,0,0
25525,0,0,0,0,0,0,0,0,0
25526,3.99237e-06,8.00365e-12,4.65481e-18,3.19307e-19,9.65121e-21,2.24102e-29,1.2778e-56,2.86487e-105,3.99238e-06
25527,0,0,0,0,0,0,0,0,0
25528,0,0,0,0,0,0,0,0,0
25529,0,0,0,0,0,0,0,0,0
25530,0,0,0,0,0,0,0,0,0
25531,0,0,0,0,0,0,0,0,0
25532,0,0,0,0,0,0,0,0,0
25533,0,0,0,0,0,0,0,0,0
25534,0,0,0,0,0,0,0,0,0
25535,3.83231e-06,7.24896e-12,3.82662e-18,2.6224e-19,7.91668e-21,1.55027e-29,8.87787e-58,1.38513e-105,3.83232e-06
25536,0,0,0,0,0,0,0,0,0
25537,0,0,0,0,0,0,0,0,0
25538,0,0,0,0,0,0,0,0,0
25539,0,0,0,0,0,0,0,0,0
25540,0,0,0,0,0,0,0,0,0
25541,0,0,0,0,0,0,0,0,0
25542,0,0,0,0,0,0,0,0,0
25543,0,0,0,0,0,0,0,0,0
25544,0,0,0,0,0,0,0,0,0
25545,0,0,0,0,0,0,0,0,0
25546,0,0,0,0,0,0,0,0,0
25547,0,0,0,0,0,0,0,0,0
25548,0,0,0,0,0,0,0,0,0
25549,0,0,0,0,0,0,0,0,0
25550,0,0,0,0,0,0,0,0,0
25551,0,0,0,0,0,0,0,0,0
25552,0,0,0,0,0,0,0,0,0
25553,0,0,0,0,0,0,0,0,0
25554,0,0,0,0,0,0,0,0,0
25555,0,0,0,0,0,0,0,0,0
25556,0,0,0,0,0,0,0,0,0
25557,0,0,0,0,0,0,0,0,0
25558,0,0,0,0,0,0,0,0,0
25559,0,0,0,0,0,0,0,0,0
25560,0,0,0,0,0,0,0,0,0
25561,0,0,0,0,0,0,0,0,0
25562,0,0,0,0,0,0,0,0,0
25563,0,0,0,0,0,0,0,0,0
25564,0,0,0,0,0,0,0,0,0
25565,0,0,0,0,0,0,0,0,0
25566,6.10693e-06,1.89408e-11,1.72235e-17,1.17678e-18,3.53911e-20,1.29225e-28,3.13905e-55,1.86671e-103,6.10695e-06
25567,0,0,0,0,0,0,0,0,0
25568,0,0,0,0,0,0,0,0,0
25569,0,0,0,0,0,0,0,0,0
25570,0,0,0,0,0,0,0,0,0
25571,0,0,0,0,0,0,0,0,0
25572,0,0,0,0,0,0,0,0,0
25573,0,0,0,0,0,0,0,0,0
25574,0,0,0,0,0,0,0,0,0
25575,3.12143e-06,4.84921e-12,2.16036e-18,1.47469e-19,4.42999e-21,7.71296e-30,1.63203e-57,1.3528e-106,3.12143e-06
25576,0,0,0,0,0,0,0,0,0
25577,0,0,0,0,0,0,0,0,0
25578,0,0,0,0,0,0,0,0,0
25579,3.19842e-06,5.02363e-12,2.191e-18,1.49502e-19,4.48883e-21,7.19264e-30,2.72523e-58,1.16564e-106,3.19842e-06
25580,0,0,0,0,0,0,0,0,0
25581,0,0,0,0,0,0,0,0,0
25582,0,0,0,0,0,0,0,0,0
25583,0,0,0,0,0,0,0,0,0
25584,0,0,0,0,0,0,0,0,0
25585,0,0,0,0,0,0,0,0,0
25586,2.98287e-06,4.42554e-12,1.88317e-18,1.28406e-19,3.85201e-21,6.40342e-30,1.21105e-57,9.66093e-107,2.98287e-06
25587,0,0,0,0,0,0,0,0,0
25588,0,0,0,0,0,0,0,0,0
25589,0,0,0,0,0,0,0,0,0
25590,0,0,0,0,0,0,0,0,0
25591,0,0,0,0,0,0,0,0,0
25592,0,0,0,0,0,0,0,0,0
25593,0,0,0,0,0,0,0,0,0
25594,0,0,0,0,0,0,0,0,0
25595,0,0,0,0,0,0,0,0,0
25596,0,0,0,0,0,0,0,0,0
25597,0,0,0,0,0,0,0,0,0
25598,0,0,0,0,0,0,0,0,0
25599,0,0,0,0,0,0,0,0,0
25600,0,0,0,0,0,0,0,0,0
25601,0,0,0,0,0,0,0,0,0
25602,0,0,0,0,0,0,0,0,0
25603,0,0,0,0,0,0,0,0,0
25604,0,0,0,0,0,0,0,0,0
25605,0,0,0,0,0,0,0,0,0
25606,0,0,0,0,0,0,0,0,0
25607,4.67522e-06,1.10247e-11,7.57348e-18,5.15307e-19,1.54172e-20,4.20387e-29,4.16563e-56,1.2148e-104,4.67523e-06
25608,0,0,0,0,0,0,0,0,0
25609,0,0,0,0,0,0,0,0,0
25610,0,0,0,0,0,0,0,0,0
25611,0,0,0,0,0,0,0,0,0
25612,0,0,0,0,0,0,0,0,0
25613,0,0,0,0,0,0,0,0,0
25614,0,0,0,0,0,0,0,0,0
25615,0,0,0,0,0,0,0,0,0
25616,0,0,0,0,0,0,0,0,0
25617,4.64775e-06,1.08675e-11,7.36241e-18,5.00428e-19,1.49527e-20,3.98101e-29,3.35944e-56,7.54286e-105,4.64776e-06
25618,0,0,0,0,0,0,0,0,0
25619,0,0,0,0,0,0,0,0,0
25620,0,0,0,0,0,0,0,0,0
25621,2.69855e-06,3.56977e-12,1.31481e-18,8.93323e-20,2.66788e-21,3.6322e-30,1.7628e-58,2.16807e-109,2.69855e-06
25622,0,0,0,0,0,0,0,0,0
25623,0,0,0,0,0,0,0,0,0
25624,0,0,0,0,0,0,0,0,0
25625,0,0,0,0,0,0,0,0,0
25626,0,0,0,0,0,0,0,0,0
25627,0,0,0,0,0,0,0,0,0
25628,0,0,0,0,0,0,0,0,0
25629,0,0,0,0,0,0,0,0,0
25630,0,0,0,0,0,0,0,0,0
25631,1.8445e-06,1.66048e-12,4.17743e-19,2.83544e-20,8.45737e-22,7.97224e-31,1.87143e-59,1.32143e-109,1.8445e-06
25632,0,0,0,0,0,0,0,0,0
25633,0,0,0,0,0,0,0,0,0
25634,0,0,0,0,0,0,0,0,0
25635,0,0,0,0,0,0,0,0,0
25636,0,0,0,0,0,0,0,0,0
25637,0,0,0,0,0,0,0,0,0
25638,3.56859e-06,6.36026e-12,3.26047e-18,2.21162e-19,6.5913e-21,1.31393e-29,4.40899e-57,4.70745e-106,3.5686e-06
25639,0,0,0,0,0,0,0,0,0
25640,0,0,0,0,0,0,0,0,0
25641,3.89505e-06,7.47366e-12,3.97658e-18,2.6966e-19,8.03384e-21,1.5418e-29,2.46768e-58,3.2768e-105,3.89506e-06
25642,0,0,0,0,0,0,0,0,0
25643,0,0,0,0,0,0,0,0,0
25644,0,0,0,0,0,0,0,0,0
25645,0,0,0,0,0,0,0,0,0
25646,0,0,0,0,0,0,0,0,0
25647,0,0,0,0,0,0,0,0,0
25648,0,0,0,0,0,0,0,0,0
25649,0,0,0,0,0,0,0,0,0
25650,0,0,0,0,0,0,0,0,0
25651,3.9988e-06,8.0043e-12,4.61333e-18,3.12526e-19,9.29923e-21,2.08045e-29,9.70566e-57,1.17171e-105,3.99881e-06
25652,0,0,0,0,0,0,0,0,0
25653,0,0,0,0,0,0,0,0,0
25654,0,0,0,0,0,0,0,0,0
25655,0,0,0,0,0,0,0,0,0
25656,0,0,0,0,0,0,0,0,0
25657,0,0,0,0,0,0,0,0,0
25658,0,0,0,0,0,0,0,0,0
25659,0,0,0,0,0,0,0,0,0
25660,0,0,0,0,0,0,0,0,0
25661,0,0,0,0,0,0,0,0,0
25662,0,0,0,0,0,0,0,0,0
25663,0,0,0,0,0,0,0,0,0
25664,0,0,0,0,0,0,0,0,0
25665,0,0,0,0,0,0,0,0,0
25666,0,0,0,0,0,0,0,0,0
25667,0,0,0,0,0,0,0,0,0
25668,0,0,0,0,0,0,0,0,0
25669,0,0,0,0,0,0,0,0,0
25670,0,0,0,0,0,0,0,0,0
25671,0,0,0,0,0,0,0,0,0
25672,0,0,0,0,0,0,0,0,0
25673,0,0,0,0,0,0,0,0,0
25674,0,0,0,0,0,0,0,0,0
25675,0,0,0,0,0,0,0,0,0
25676,0,0,0,0,0,0,0,0,0
25677,0,0,0,0,0,0,0,0,0
25678,5.15044e-06,1.33972e-11,1.0145e-17,6.85404e-19,2.03251e-20,6.03948e-29,7.69471e-56,2.18206e-104,5.15045e-06
25679,0,0,0,0,0,0,0,0,0
25680,0,0,0,0,0,0,0,0,0
25681,0,0,0,0,0,0,0,0,0
25682,0,0,0,0,0,0,0,0,0
25683,0,0,0,0,0,0,0,0,0
25684,0,0,0,0,0,0,0,0,0
25685,0,0,0,0,0,0,0,0,0
25686,0,0,0,0,0,0,0,0,0
25687,0,0,0,0,0,0,0,0,0
25688,0,0,0,0,0,0,0,0,0
25689,0,0,0,0,0,0,0,0,0
25690,0,0,0,0,0,0,0,0,0
25691,0,0,0,0,0,0,0,0,0
25692,0,0,0,0,0,0,0,0,0
25693,0,0,0,0,0,0,0,0,0
25694,0,0,0,0,0,0,0,0,0
25695,0,0,0,0,0,0,0,0,0
25696,5.44548e-06,1.49908e-11,1.20167e-17,8.10361e-19,2.39752e-20,7.52036e-29,1.12399e-55,3.35719e-104,5.4455e-06
25697,0,0,0,0,0,0,0,0,0
25698,0,0,0,0,0,0,0,0,0
25699,0,0,0,0,0,0,0,0,0
25700,0,0,0,0,0,0,0,0,0
25701,0,0,0,0,0,0,0,0,0
25702,0,0,0,0,0,0,0,0,0
25703,0,0,0,0,0,0,0,0,0
25704,0,0,0,0,0,0,0,0,0
25705,0,0,0,0,0,0,0,0,0
25706,0,0,0,0,0,0,0,0,0
25707,0,0,0,0,0,0,0,0,0
25708,0,0,0,0,0,0,0,0,0
25709,0,0,0,0,0,0,0,0,0
25710,0,0,0,0,0,0,0,0,0
25711,0,0,0,0,0,0,0,0,0
25712,1.53677e-06,1.13049e-12,2.23066e-19,1.50187e-20,4.43446e-22,2.99348e-31,2.05428e-63,3.57663e-109,1.53677e-06
25713,0,0,0,0,0,0,0,0,0
25714,0,0,0,0,0,0,0,0,0
25715,0,0,0,0,0,0,0,0,0
25716,0,0,0,0,0,0,0,0,0
25717,2.74391e-06,3.68647e-12,1.37284e-18,9.23892e-20,2.72638e-21,3.66744e-30,1.02313e-58,1.38694e-107,2.74391e-06
25718,0,0,0,0,0,0,0,0,0
25719,0,0,0,0,0,0,0,0,0
25720,0,0,0,0,0,0,0,0,0
25721,0,0,0,0,0,0,0,0,0
25722,0,0,0,0,0,0,0,0,0
25723,0,0,0,0,0,0,0,0,0
25724,0,0,0,0,0,0,0,0,0
25725,0,0,0,0,0,0,0,0,0
25726,0,0,0,0,0,0,0,0,0
25727,0,0,0,0,0,0,0,0,0
25728,0,0,0,0,0,0,0,0,0
25729,0,0,0,0,0,0,0,0,0
25730,0,0,0,0,0,0,0,0,0
25731,0,0,0,0,0,0,0,0,0
25732,0,0,0,0,0,0,0,0,0
25733,0,0,0,0,0,0,0,0,0
25734,3.96638e-06,7.84234e-12,4.42399e-18,2.97215e-19,8.75186e-21,1.86846e-29,6.66434e-57,4.48243e-106,3.96639e-06
25735,0,0,0,0,0,0,0,0,0
25736,0,0,0,0,0,0,0,0,0
25737,2.98901e-06,4.44341e-12,1.89276e-18,1.2712e-19,3.74175e-21,6.1012e-30,1.16011e-57,7.16483e-107,2.98902e-06
25738,0,0,0,0,0,0,0,0,0
25739,0,0,0,0,0,0,0,0,0
25740,0,0,0,0,0,0,0,0,0
25741,2.58607e-06,3.28827e-12,1.17342e-18,7.87783e-20,2.31769e-21,3.05896e-30,1.90305e-58,8.90612e-109,2.58608e-06
25742,3.83619e-06,7.35031e-12,4.03962e-18,2.71174e-19,7.97699e-21,1.67309e-29,6.36795e-57,5.35054e-106,3.8362e-06
25743,0,0,0,0,0,0,0,0,0
25744,0,0,0,0,0,0,0,0,0
25745,1.58647e-06,1.0475e-12,1.06885e-19,7.1724e-21,2.10891e-22,9.91917e-33,2.01087e-57,6.06341e-106,1.58647e-06
25746,0,0,0,0,0,0,0,0,0
25747,0,0,0,0,0,0,0,0,0
25748,0,0,0,0,0,0,0,0,0
25749,0,0,0,0,0,0,0,0,0
25750,0,0,0,0,0,0,0,0,0
25751,0,0,0,0,0,0,0,0,0
25752,0,0,0,0,0,0,0,0,0
25753,0,0,0,0,0,0,0,0,0
25754,0,0,0,0,0,0,0,0,0
25755,0,0,0,0,0,0,0,0,0
25756,0,0,0,0,0,0,0,0,0
25757,0,0,0,0,0,0,0,0,0
25758,0,0,0,0,0,0,0,0,0
25759,3.2715e-06,5.33277e-12,2.49325e-18,1.67085e-19,4.90462e-21,8.75523e-30,2.19036e-57,1.53559e-106,3.2715e-06
25760,0,0,0,0,0,0,0,0,0
25761,0,0,0,0,0,0,0,0,0
25762,0,0,0,0,0,0,0,0,0
25763,0,0,0,0,0,0,0,0,0
25764,0,0,0,0,0,0,0,0,0
25765,0,0,0,0,0,0,0,0,0
25766,0,0,0,0,0,0,0,0,0
25767,0,0,0,0,0,0,0,0,0
25768,0,0,0,0,0,0,0,0,0
25769,0,0,0,0,0,0,0,0,0
25770,0,0,0,0,0,0,0,0,0
25771,0,0,0,0,0,0,0,0,0
25772,0,0,0,0,0,0,0,0,0
25773,0,0,0,0,0,0,0,0,0
25774,0,0,0,0,0,0,0,0,0
25775,0,0,0,0,0,0,0,0,0
25776,0,0,0,0,0,0,0,0,0
25777,0,0,0,0,0,0,0,0,0
25778,0,0,0,0,0,0,0,0,0
25779,0,0,0,0,0,0,0,0,0
25780,0,0,0,0,0,0,0,0,0
25781,0,0,0,0,0,0,0,0,0
25782,0,0,0,0,0,0,0,0,0
25783,2.98379e-06,4.42402e-12,1.87566e-18,1.25388e-19,3.66932e-21,5.90049e-30,1.05891e-57,5.4521e-107,2.9838e-06
25784,0,0,0,0,0,0,0,0,0
25785,0,0,0,0,0,0,0,0,0
25786,0,0,0,0,0,0,0,0,0
25787,0,0,0,0,0,0,0,0,0
25788,0,0,0,0,0,0,0,0,0
25789,0,0,0,0,0,0,0,0,0
25790,0,0,0,0,0,0,0,0,0
25791,0,0,0,0,0,0,0,0,0
25792,0,0,0,0,0,0,0,0,0
25793,0,0,0,0,0,0,0,0,0
25794,0,0,0,0,0,0,0,0,0
25795,0,0,0,0,0,0,0,0,0
25796,0,0,0,0,0,0,0,0,0
25797,0,0,0,0,0,0,0,0,0
25798,3.29456e-06,5.40856e-12,2.54596e-18,1.69947e-19,4.96409e-21,8.87292e-30,2.25384e-57,1.46918e-106,3.29456e-06
25799,0,0,0,0,0,0,0,0,0
25800,0,0,0,0,0,0,0,0,0
25801,0,0,0,0,0,0,0,0,0
25802,0,0,0,0,0,0,0,0,0
25803,0,0,0,0,0,0,0,0,0
25804,0,0,0,0,0,0,0,0,0
25805,0,0,0,0,0,0,0,0,0
25806,0,0,0,0,0,0,0,0,0
25807,0,0,0,0,0,0,0,0,0
25808,0,0,0,0,0,0,0,0,0
25809,3.31016e-06,5.45789e-12,2.5778e-18,1.71892e-19,5.01428e-21,8.96569e-30,2.24859e-57,1.3879e-106,3.31017e-06
25810,0,0,0,0,0,0,0,0,0
25811,0,0,0,0,0,0,0,0,0
25812,0,0,0,0,0,0,0,0,0
25813,0,0,0,0,0,0,0,0,0
25814,2.85697e-06,4.03543e-12,1.61379e-18,1.07555e-19,3.13551e-21,4.66136e-30,5.43233e-58,1.23268e-107,2.85698e-06
25815,0,0,0,0,0,0,0,0,0
25816,0,0,0,0,0,0,0,0,0
25817,0,0,0,0,0,0,0,0,0
25818,0,0,0,0,0,0,0,0,0
25819,0,0,0,0,0,0,0,0,0
25820,0,0,0,0,0,0,0,0,0
25821,0,0,0,0,0,0,0,0,0
25822,0,0,0,0,0,0,0,0,0
25823,0,0,0,0,0,0,0,0,0
25824,0,0,0,0,0,0,0,0,0
25825,0,0,0,0,0,0,0,0,0
25826,0,0,0,0,0,0,0,0,0
25827,0,0,0,0,0,0,0,0,0
25828,0,0,0,0,0,0,0,0,0
25829,0,0,0,0,0,0,0,0,0
25830,0,0,0,0,0,0,0,0,0
25831,0,0,0,0,0,0,0,0,0
25832,0,0,0,0,0,0,0,0,0
25833,0,0,0,0,0,0,0,0,0
25834,0,0,0,0,0,0,0,0,0
25835,0,0,0,0,0,0,0,0,0
25836,0,0,0,0,0,0,0,0,0
25837,0,0,0,0,0,0,0,0,0
25838,0,0,0,0,0,0,0,0,0
25839,0,0,0,0,0,0,0,0,0
25840,0,0,0,0,0,0,0,0,0
25841,0,0,0,0,0,0,0,0,0
25842,0,0,0,0,0,0,0,0,0
25843,0,0,0,0,0,0,0,0,0
25844,0,0,0,0,0,0,0,0,0
25845,4.61291e-06,1.06967e-11,7.16815e-18,4.76232e-19,1.38285e-20,3.52423e-29,2.76865e-56,3.63054e-105,4.61292e-06
25846,0,0,0,0,0,0,0,0,0
25847,0,0,0,0,0,0,0,0,0
25848,0,0,0,0,0,0,0,0,0
25849,0,0,0,0,0,0,0,0,0
25850,0,0,0,0,0,0,0,0,0
25851,0,0,0,0,0,0,0,0,0
25852,0,0,0,0,0,0,0,0,0
25853,0,0,0,0,0,0,0,0,0
25854,0,0,0,0,0,0,0,0,0
25855,0,0,0,0,0,0,0,0,0
25856,0,0,0,0,0,0,0,0,0
25857,0,0,0,0,0,0,0,0,0
25858,0,0,0,0,0,0,0,0,0
25859,0,0,0,0,0,0,0,0,0
25860,0,0,0,0,0,0,0,0,0
25861,0,0,0,0,0,0,0,0,0
25862,0,0,0,0,0,0,0,0,0
25863,0,0,0,0,0,0,0,0,0
25864,0,0,0,0,0,0,0,0,0
25865,0,0,0,0,0,0,0,0,0
25866,0,0,0,0,0,0,0,0,0
25867,0,0,0,0,0,0,0,0,0
25868,0,0,0,0,0,0,0,0,0
25869,0,0,0,0,0,0,0,0,0
25870,0,0,0,0,0,0,0,0,0
25871,0,0,0,0,0,0,0,0,0
25872,0,0,0,0,0,0,0,0,0
25873,0,0,0,0,0,0,0,0,0
25874,0,0,0,0,0,0,0,0,0
25875,0,0,0,0,0,0,0,0,0
25876,0,0,0,0,0,0,0,0,0
25877,0,0,0,0,0,0,0,0,0
25878,0,0,0,0,0,0,0,0,0
25879,0,0,0,0,0,0,0,0,0
25880,0,0,0,0,0,0,0,0,0
25881,0,0,0,0,0,0,0,0,0
25882,0,0,0,0,0,0,0,0,0
25883,0,0,0,0,0,0,0,0,0
25884,0,0,0,0,0,0,0,0,0
25885,0,0,0,0,0,0,0,0,0
25886,0,0,0,0,0,0,0,0,0
25887,0,0,0,0,0,0,0,0,0
25888,0,0,0,0,0,0,0,0,0
25889,0,0,0,0,0,0,0,0,0
25890,0,0,0,0,0,0,0,0,0
25891,0,0,0,0,0,0,0,0,0
25892,0,0,0,0,0,0,0,0,0
25893,0,0,0,0,0,0,0,0,0
25894,0,0,0,0,0,0,0,0,0
25895,0,0,0,0,0,0,0,0,0
25896,0,0,0,0,0,0,0,0,0
25897,0,0,0,0,0,0,0,0,0
25898,0,0,0,0,0,0,0,0,0
25899,0,0,0,0,0,0,0,0,0
25900,0,0,0,0,0,0,0,0,0
25901,0,0,0,0,0,0,0,0,0
25902,0,0,0,0,0,0,0,0,0
25903,0,0,0,0,0,0,0,0,0
25904,0,0,0,0,0,0,0,0,0
25905,0,0,0,0,0,0,0,0,0
25906,0,0,0,0,0,0,0,0,0
25907,0,0,0,0,0,0,0,0,0
25908,0,0,0,0,0,0,0,0,0
25909,3.33062e-06,5.51943e-12,2.61199e-18,1.72436e-19,4.96742e-21,8.74293e-30,2.06718e-57,9.34675e-107,3.33063e-06
25910,0,0,0,0,0,0,0,0,0
25911,0,0,0,0,0,0,0,0,0
25912,0,0,0,0,0,0,0,0,0
25913,0,0,0,0,0,0,0,0,0
25914,0,0,0,0,0,0,0,0,0
25915,0,0,0,0,0,0,0,0,0
25916,0,0,0,0,0,0,0,0,0
25917,2.65537e-06,3.47683e-12,1.28429e-18,8.47167e-20,2.43799e-21,3.29163e-30,3.01214e-58,5.68862e-108,2.65537e-06
25918,0,0,0,0,0,0,0,0,0
25919,0,0,0,0,0,0,0,0,0
25920,2.90545e-06,4.16573e-12,1.68231e-18,1.10935e-19,3.19118e-21,4.68578e-30,4.96748e-58,7.05784e-108,2.90545e-06
25921,4.1097e-06,8.43366e-12,4.94632e-18,3.26126e-19,9.37984e-21,2.03852e-29,8.66064e-57,5.04084e-106,4.10971e-06
25922,0,0,0,0,0,0,0,0,0
25923,0,0,0,0,0,0,0,0,0
25924,0,0,0,0,0,0,0,0,0
25925,0,0,0,0,0,0,0,0,0
25926,0,0,0,0,0,0,0,0,0
25927,0,0,0,0,0,0,0,0,0
25928,0,0,0,0,0,0,0,0,0
25929,0,0,0,0,0,0,0,0,0
25930,0,0,0,0,0,0,0,0,0
25931,0,0,0,0,0,0,0,0,0
25932,0,0,0,0,0,0,0,0,0
25933,2.90247e-06,4.15014e-12,1.66495e-18,1.09644e-19,3.14877e-21,4.55354e-30,4.15017e-58,3.33322e-108,2.90248e-06
25934,0,0,0,0,0,0,0,0,0
25935,0,0,0,0,0,0,0,0,0
25936,0,0,0,0,0,0,0,0,0
25937,0,0,0,0,0,0,0,0,0
25938,0,0,0,0,0,0,0,0,0
25939,3.62216e-06,6.49985e-12,3.28819e-18,2.16416e-19,6.21058e-21,1.13599e-29,2.06103e-57,1.64916e-107,3.62217e-06
25940,0,0,0,0,0,0,0,0,0
25941,1.92492e-06,1.74123e-12,3.98822e-19,2.62434e-20,7.52916e-22,4.99202e-31,1.43183e-59,5.41655e-109,1.92492e-06
25942,0,0,0,0,0,0,0,0,0
25943,0,0,0,0,0,0,0,0,0
25944,0,0,0,0,0,0,0,0,0
25945,0,0,0,0,0,0,0,0,0
25946,0,0,0,0,0,0,0,0,0
25947,0,0,0,0,0,0,0,0,0
25948,0,0,0,0,0,0,0,0,0
25949,0,0,0,0,0,0,0,0,0
25950,0,0,0,0,0,0,0,0,0
25951,0,0,0,0,0,0,0,0,0
25952,0,0,0,0,0,0,0,0,0
25953,0,0,0,0,0,0,0,0,0
25954,0,0,0,0,0,0,0,0,0
25955,0,0,0,0,0,0,0,0,0
25956,0,0,0,0,0,0,0,0,0
25957,0,0,0,0,0,0,0,0,0
25958,0,0,0,0,0,0,0,0,0
25959,0,0,0,0,0,0,0,0,0
25960,0,0,0,0,0,0,0,0,0
25961,2.20746e-06,2.29814e-12,6.05606e-19,3.97692e-20,1.13807e-21,8.46763e-31,1.47683e-58,4.77624e-107,2.20746e-06
25962,0,0,0,0,0,0,0,0,0
25963,0,0,0,0,0,0,0,0,0
25964,0,0,0,0,0,0,0,0,0
25965,0,0,0,0,0,0,0,0,0
25966,0,0,0,0,0,0,0,0,0
25967,0,0,0,0,0,0,0,0,0
25968,0,0,0,0,0,0,0,0,0
25969,0,0,0,0,0,0,0,0,0
25970,0,0,0,0,0,0,0,0,0
25971,2.96239e-06,4.28158e-12,1.69555e-18,1.11233e-19,3.17914e-21,4.31505e-30,1.06329e-58,6.58406e-108,2.96239e-06
25972,0,0,0,0,0,0,0,0,0
25973,0,0,0,0,0,0,0,0,0
25974,2.64228e-06,3.43614e-12,1.25522e-18,8.23245e-20,2.35213e-21,3.09557e-30,2.4606e-58,3.19022e-108,2.64228e-06
25975,0,0,0,0,0,0,0,0,0
25976,0,0,0,0,0,0,0,0,0
25977,0,0,0,0,0,0,0,0,0
25978,0,0,0,0,0,0,0,0,0
25979,0,0,0,0,0,0,0,0,0
25980,0,0,0,0,0,0,0,0,0
25981,0,0,0,0,0,0,0,0,0
25982,0,0,0,0,0,0,0,0,0
25983,0,0,0,0,0,0,0,0,0
25984,0,0,0,0,0,0,0,0,0
25985,0,0,0,0,0,0,0,0,0
25986,0,0,0,0,0,0,0,0,0
25987,0,0,0,0,0,0,0,0,0
25988,1.89873e-06,1.76346e-12,4.58886e-19,3.00557e-20,8.57283e-22,8.03302e-31,2.47104e-59,1.95874e-109,1.89874e-06
25989,0,0,0,0,0,0,0,0,0
25990,0,0,0,0,0,0,0,0,0
25991,0,0,0,0,0,0,0,0,0
25992,0,0,0,0,0,0,0,0,0
25993,0,0,0,0,0,0,0,0,0
25994,0,0,0,0,0,0,0,0,0
25995,0,0,0,0,0,0,0,0,0
25996,0,0,0,0,0,0,0,0,0
25997,0,0,0,0,0,0,0,0,0
25998,0,0,0,0,0,0,0,0,0
25999,0,0,0,0,0,0,0,0,0
26000,0,0,0,0,0,0,0,0,0
26001,0,0,0,0,0,0,0,0,0
26002,0,0,0,0,0,0,0,0,0
26003,0,0,0,0,0,0,0,0,0
26004,0,0,0,0,0,0,0,0,0
26005,0,0,0,0,0,0,0,0,0
26006,0,0,0,0,0,0,0,0,0
26007,0,0,0,0,0,0,0,0,0
26008,0,0,0,0,0,0,0,0,0
26009,0,0,0,0,0,0,0,0,0
26010,0,0,0,0,0,0,0,0,0
26011,0,0,0,0,0,0,0,0,0
26012,0,0,0,0,0,0,0,0,0
26013,0,0,0,0,0,0,0,0,0
26014,0,0,0,0,0,0,0,0,0
26015,0,0,0,0,0,0,0,0,0
26016,0,0,0,0,0,0,0,0,0
26017,0,0,0,0,0,0,0,0,0
26018,0,0,0,0,0,0,0,0,0
26019,0,0,0,0,0,0,0,0,0
26020,0,0,0,0,0,0,0,0,0
26021,0,0,0,0,0,0,0,0,0
26022,0,0,0,0,0,0,0,0,0
26023,0,0,0,0,0,0,0,0,0
26024,0,0,0,0,0,0,0,0,0
26025,0,0,0,0,0,0,0,0,0
26026,0,0,0,0,0,0,0,0,0
26027,0,0,0,0,0,0,0,0,0
26028,0,0,0,0,0,0,0,0,0
26029,0,0,0,0,0,0,0,0,0
26030,0,0,0,0,0,0,0,0,0
26031,0,0,0,0,0,0,0,0,0
26032,0,0,0,0,0,0,0,0,0
26033,0,0,0,0,0,0,0,0,0
26034,0,0,0,0,0,0,0,0,0
26035,0,0,0,0,0,0,0,0,0
26036,0,0,0,0,0,0,0,0,0
26037,0,0,0,0,0,0,0,0,0
26038,0,0,0,0,0,0,0,0,0
26039,0,0,0,0,0,0,0,0,0
26040,0,0,0,0,0,0,0,0,0
26041,2.76712e-06,3.7756e-12,1.45025e-18,9.4483e-20,2.67703e-21,3.68317e-30,3.49639e-58,4.36735e-108,2.76713e-06
26042,0,0,0,0,0,0,0,0,0
26043,0,0,0,0,0,0,0,0,0
26044,1.49714e-06,1.08008e-12,2.12816e-19,1.3861e-20,3.92591e-22,2.65862e-31,1.93688e-60,1.72042e-111,1.49714e-06
26045,1.5677e-06,1.14068e-12,2.03867e-19,1.32765e-20,3.75981e-22,1.73677e-31,2.14841e-59,2.29135e-108,1.5677e-06
26046,0,0,0,0,0,0,0,0,0
26047,0,0,0,0,0,0,0,0,0
26048,0,0,0,0,0,0,0,0,0
26049,0,0,0,0,0,0,0,0,0
26050,0,0,0,0,0,0,0,0,0
26051,0,0,0,0,0,0,0,0,0
26052,0,0,0,0,0,0,0,0,0
26053,0,0,0,0,0,0,0,0,0
26054,0,0,0,0,0,0,0,0,0
26055,0,0,0,0,0,0,0,0,0
26056,0,0,0,0,0,0,0,0,0
26057,0,0,0,0,0,0,0,0,0
26058,0,0,0,0,0,0,0,0,0
26059,0,0,0,0,0,0,0,0,0
26060,3.06076e-06,4.62221e-12,1.96067e-18,1.27498e-19,3.60399e-21,5.43196e-30,6.17766e-58,6.08205e-108,3.06076e-06
26061,0,0,0,0,0,0,0,0,0
26062,3.16331e-06,4.95883e-12,2.20273e-18,1.43204e-19,4.04673e-21,6.48097e-30,1.09689e-57,2.51767e-107,3.16331e-06
26063,0,0,0,0,0,0,0,0,0
26064,0,0,0,0,0,0,0,0,0
26065,0,0,0,0,0,0,0,0,0
26066,0,0,0,0,0,0,0,0,0
26067,0,0,0,0,0,0,0,0,0
26068,0,0,0,0,0,0,0,0,0
26069,0,0,0,0,0,0,0,0,0
26070,0,0,0,0,0,0,0,0,0
26071,0,0,0,0,0,0,0,0,0
26072,0,0,0,0,0,0,0,0,0
26073,0,0,0,0,0,0,0,0,0
26074,0,0,0,0,0,0,0,0,0
26075,0,0,0,0,0,0,0,0,0
26076,0,0,0,0,0,0,0,0,0
26077,0,0,0,0,0,0,0,0,0
26078,0,0,0,0,0,0,0,0,0
26079,0,0,0,0,0,0,0,0,0
26080,0,0,0,0,0,0,0,0,0
26081,0,0,0,0,0,0,0,0,0
26082,0,0,0,0,0,0,0,0,0
26083,0,0,0,0,0,0,0,0,0
26084,0,0,0,0,0,0,0,0,0
26085,0,0,0,0,0,0,0,0,0
26086,0,0,0,0,0,0,0,0,0
26087,0,0,0,0,0,0,0,0,0
26088,0,0,0,0,0,0,0,0,0
26089,0,0,0,0,0,0,0,0,0
26090,0,0,0,0,0,0,0,0,0
26091,0,0,0,0,0,0,0,0,0
26092,0,0,0,0,0,0,0,0,0
26093,0,0,0,0,0,0,0,0,0
26094,0,0,0,0,0,0,0,0,0
26095,0,0,0,0,0,0,0,0,0
26096,0,0,0,0,0,0,0,0,0
26097,0,0,0,0,0,0,0,0,0
26098,0,0,0,0,0,0,0,0,0
26099,0,0,0,0,0,0,0,0,0
26100,0,0,0,0,0,0,0,0,0
26101,0,0,0,0,0,0,0,0,0
26102,0,0,0,0,0,0,0,0,0
26103,0,0,0,0,0,0,0,0,0
26104,0,0,0,0,0,0,0,0,0
26105,0,0,0,0,0,0,0,0,0
26106,0,0,0,0,0,0,0,0,0
26107,0,0,0,0,0,0,0,0,0
26108,3.0043e-06,4.43634e-12,1.82482e-18,1.18087e-19,3.31764e-21,4.74825e-30,3.64926e-58,4.86715e-109,3.00431e-06
26109,0,0,0,0,0,0,0,0,0
26110,0,0,0,0,0,0,0,0,0
26111,0,0,0,0,0,0,0,0,0
26112,0,0,0,0,0,0,0,0,0
26113,2.85171e-06,3.9672e-12,1.51441e-18,9.79534e-20,2.75036e-21,3.55996e-30,1.40538e-58,1.92852e-111,2.85171e-06
26114,0,0,0,0,0,0,0,0,0
26115,0,0,0,0,0,0,0,0,0
26116,0,0,0,0,0,0,0,0,0
26117,0,0,0,0,0,0,0,0,0
26118,0,0,0,0,0,0,0,0,0
26119,0,0,0,0,0,0,0,0,0
26120,0,0,0,0,0,0,0,0,0
26121,3.78796e-06,7.13081e-12,3.80355e-18,2.45827e-19,6.89567e-21,1.31224e-29,3.59445e-57,8.92896e-107,3.78796e-06
26122,0,0,0,0,0,0,0,0,0
26123,0,0,0,0,0,0,0,0,0
26124,0,0,0,0,0,0,0,0,0
26125,0,0,0,0,0,0,0,0,0
26126,0,0,0,0,0,0,0,0,0
26127,0,0,0,0,0,0,0,0,0
26128,0,0,0,0,0,0,0,0,0
26129,0,0,0,0,0,0,0,0,0
26130,0,0,0,0,0,0,0,0,0
26131,0,0,0,0,0,0,0,0,0
26132,0,0,0,0,0,0,0,0,0
26133,0,0,0,0,0,0,0,0,0
26134,0,0,0,0,0,0,0,0,0
26135,0,0,0,0,0,0,0,0,0
26136,0,0,0,0,0,0,0,0,0
26137,1.24857e-06,6.20629e-13,3.83151e-20,2.4724e-21,6.92149e-23,2.32696e-32,3.57852e-58,1.87143e-107,1.24857e-06
26138,0,0,0,0,0,0,0,0,0
26139,0,0,0,0,0,0,0,0,0
26140,0,0,0,0,0,0,0,0,0
26141,0,0,0,0,0,0,0,0,0
26142,0,0,0,0,0,0,0,0,0
26143,0,0,0,0,0,0,0,0,0
26144,0,0,0,0,0,0,0,0,0
26145,0,0,0,0,0,0,0,0,0
26146,0,0,0,0,0,0,0,0,0
26147,0,0,0,0,0,0,0,0,0
26148,0,0,0,0,0,0,0,0,0
26149,0,0,0,0,0,0,0,0,0
26150,0,0,0,0,0,0,0,0,0
26151,0,0,0,0,0,0,0,0,0
26152,0,0,0,0,0,0,0,0,0
26153,0,0,0,0,0,0,0,0,0
26154,0,0,0,0,0,0,0,0,0
26155,0,0,0,0,0,0,0,0,0
26156,0,0,0,0,0,0,0,0,0
26157,0,0,0,0,0,0,0,0,0
26158,0,0,0,0,0,0,0,0,0
26159,0,0,0,0,0,0,0,0,0
26160,0,0,0,0,0,0,0,0,0
26161,0,0,0,0,0,0,0,0,0
26162,0,0,0,0,0,0,0,0,0
26163,0,0,0,0,0,0,0,0,0
26164,0,0,0,0,0,0,0,0,0
26165,1.98868e-06,1.92969e-12,5.20598e-19,3.34972e-20,9.34396e-22,8.76064e-31,2.53206e-59,1.12713e-109,1.98868e-06
26166,0,0,0,0,0,0,0,0,0
26167,0,0,0,0,0,0,0,0,0
26168,0,0,0,0,0,0,0,0,0
26169,0,0,0,0,0,0,0,0,0
26170,0,0,0,0,0,0,0,0,0
26171,0,0,0,0,0,0,0,0,0
26172,0,0,0,0,0,0,0,0,0
26173,0,0,0,0,0,0,0,0,0
26174,0,0,0,0,0,0,0,0,0
26175,0,0,0,0,0,0,0,0,0
26176,0,0,0,0,0,0,0,0,0
26177,0,0,0,0,0,0,0,0,0
26178,0,0,0,0,0,0,0,0,0
26179,0,0,0,0,0,0,0,0,0
26180,0,0,0,0,0,0,0,0,0
26181,0,0,0,0,0,0,0,0,0
26182,0,0,0,0,0,0,0,0,0
26183,0,0,0,0,0,0,0,0,0
26184,2.78086e-06,3.81772e-12,1.47826e-18,9.49389e-20,2.6421e-21,3.61181e-30,3.82976e-58,4.81472e-108,2.78087e-06
26185,0,0,0,0,0,0,0,0,0
26186,2.28225e-06,2.55273e-12,7.97777e-19,5.12274e-20,1.42533e-21,1.55292e-30,7.40274e-59,4.55066e-109,2.28226e-06
26187,0,0,0,0,0,0,0,0,0
26188,2.88585e-06,4.11521e-12,1.65641e-18,1.06338e-19,2.95781e-21,4.2039e-30,5.03595e-58,6.82889e-108,2.88585e-06
26189,0,0,0,0,0,0,0,0,0
26190,0,0,0,0,0,0,0,0,0
26191,0,0,0,0,0,0,0,0,0
26192,0,0,0,0,0,0,0,0,0
26193,0,0,0,0,0,0,0,0,0
26194,0,0,0,0,0,0,0,0,0
26195,0,0,0,0,0,0,0,0,0
26196,0,0,0,0,0,0,0,0,0
26197,0,0,0,0,0,0,0,0,0
26198,0,0,0,0,0,0,0,0,0
26199,0,0,0,0,0,0,0,0,0
26200,2.80634e-06,3.84984e-12,1.45715e-18,9.34349e-20,2.59506e-21,3.33477e-30,1.86623e-58,5.96137e-109,2.80634e-06
26201,0,0,0,0,0,0,0,0,0
26202,0,0,0,0,0,0,0,0,0
26203,0,0,0,0,0,0,0,0,0
26204,0,0,0,0,0,0,0,0,0
26205,0,0,0,0,0,0,0,0,0
26206,0,0,0,0,0,0,0,0,0
26207,0,0,0,0,0,0,0,0,0
26208,0,0,0,0,0,0,0,0,0
26209,0,0,0,0,0,0,0,0,0
26210,0,0,0,0,0,0,0,0,0
26211,0,0,0,0,0,0,0,0,0
26212,0,0,0,0,0,0,0,0,0
26213,0,0,0,0,0,0,0,0,0
26214,0,0,0,0,0,0,0,0,0
26215,0,0,0,0,0,0,0,0,0
26216,1.89228e-06,1.7443e-12,4.4605e-19,2.85565e-20,7.91567e-22,6.96864e-31,1.64445e-59,5.38121e-110,1.89228e-06
26217,0,0,0,0,0,0,0,0,0
26218,0,0,0,0,0,0,0,0,0
26219,0,0,0,0,0,0,0,0,0
26220,0,0,0,0,0,0,0,0,0
26221,0,0,0,0,0,0,0,0,0
26222,0,0,0,0,0,0,0,0,0
26223,0,0,0,0,0,0,0,0,0
26224,0,0,0,0,0,0,0,0,0
26225,0,0,0,0,0,0,0,0,0
26226,0,0,0,0,0,0,0,0,0
26227,0,0,0,0,0,0,0,0,0
26228,0,0,0,0,0,0,0,0,0
26229,0,0,0,0,0,0,0,0,0
26230,0,0,0,0,0,0,0,0,0
26231,0,0,0,0,0,0,0,0,0
26232,0,0,0,0,0,0,0,0,0
26233,3.06199e-06,4.60954e-12,1.93215e-18,1.23483e-19,3.41543e-21,4.90257e-30,4.2259e-58,1.22626e-108,3.062e-06
26234,2.38697e-06,2.76844e-12,8.77883e-19,5.60974e-20,1.55133e-21,1.6366e-30,3.35392e-59,2.49282e-110,2.38697e-06
26235,4.95993e-06,1.23113e-11,8.70903e-18,5.56471e-19,1.53873e-20,3.84874e-29,2.61492e-56,1.01448e-105,4.95994e-06
26236,4.08875e-06,8.28069e-12,4.70287e-18,3.00478e-19,8.3081e-21,1.62884e-29,4.08204e-57,5.04621e-107,4.08876e-06
26237,0,0,0,0,0,0,0,0,0
26238,0,0,0,0,0,0,0,0,0
26239,0,0,0,0,0,0,0,0,0
26240,0,0,0,0,0,0,0,0,0
26241,0,0,0,0,0,0,0,0,0
26242,1.84919e-06,1.66748e-12,4.18332e-19,2.67098e-20,7.37878e-22,6.38496e-31,1.5525e-59,5.63047e-110,1.84919e-06
26243,0,0,0,0,0,0,0,0,0
26244,0,0,0,0,0,0,0,0,0
26245,0,0,0,0,0,0,0,0,0
26246,0,0,0,0,0,0,0,0,0
26247,0,0,0,0,0,0,0,0,0
26248,0,0,0,0,0,0,0,0,0
26249,0,0,0,0,0,0,0,0,0
26250,0,0,0,0,0,0,0,0,0
26251,0,0,0,0,0,0,0,0,0
26252,0,0,0,0,0,0,0,0,0
26253,0,0,0,0,0,0,0,0,0
26254,0,0,0,0,0,0,0,0,0
26255,0,0,0,0,0,0,0,0,0
26256,0,0,0,0,0,0,0,0,0
26257,0,0,0,0,0,0,0,0,0
26258,0,0,0,0,0,0,0,0,0
26259,0,0,0,0,0,0,0,0,0
26260,0,0,0,0,0,0,0,0,0
26261,0,0,0,0,0,0,0,0,0
26262,0,0,0,0,0,0,0,0,0
26263,1.40969e-06,9.52013e-13,1.73458e-19,1.10519e-20,3.04518e-22,1.81672e-31,7.15074e-61,2.07342e-113,1.40969e-06
26264,0,0,0,0,0,0,0,0,0
26265,0,0,0,0,0,0,0,0,0
26266,0,0,0,0,0,0,0,0,0
26267,0,0,0,0,0,0,0,0,0
26268,0,0,0,0,0,0,0,0,0
26269,0,0,0,0,0,0,0,0,0
26270,0,0,0,0,0,0,0,0,0
26271,0,0,0,0,0,0,0,0,0
26272,0,0,0,0,0,0,0,0,0
26273,0,0,0,0,0,0,0,0,0
26274,0,0,0,0,0,0,0,0,0
26275,0,0,0,0,0,0,0,0,0
26276,0,0,0,0,0,0,0,0,0
26277,0,0,0,0,0,0,0,0,0
26278,0,0,0,0,0,0,0,0,0
26279,0,0,0,0,0,0,0,0,0
26280,0,0,0,0,0,0,0,0,0
26281,0,0,0,0,0,0,0,0,0
26282,0,0,0,0,0,0,0,0,0
26283,0,0,0,0,0,0,0,0,0
26284,0,0,0,0,0,0,0,0,0
26285,0,0,0,0,0,0,0,0,0
26286,0,0,0,0,0,0,0,0,0
26287,0,0,0,0,0,0,0,0,0
26288,0,0,0,0,0,0,0,0,0
26289,0,0,0,0,0,0,0,0,0
26290,0,0,0,0,0,0,0,0,0
26291,0,0,0,0,0,0,0,0,0
26292,0,0,0,0,0,0,0,0,0
26293,0,0,0,0,0,0,0,0,0
26294,0,0,0,0,0,0,0,0,0
26295,0,0,0,0,0,0,0,0,0
26296,0,0,0,0,0,0,0,0,0
26297,0,0,0,0,0,0,0,0,0
26298,0,0,0,0,0,0,0,0,0
26299,0,0,0,0,0,0,0,0,0
26300,0,0,0,0,0,0,0,0,0
26301,0,0,0,0,0,0,0,0,0
26302,0,0,0,0,0,0,0,0,0
26303,0,0,0,0,0,0,0,0,0
26304,0,0,0,0,0,0,0,0,0
26305,0,0,0,0,0,0,0,0,0
26306,0,0,0,0,0,0,0,0,0
26307,0,0,0,0,0,0,0,0,0
26308,0,0,0,0,0,0,0,0,0
26309,0,0,0,0,0,0,0,0,0
26310,0,0,0,0,0,0,0,0,0
26311,0,0,0,0,0,0,0,0,0
26312,0,0,0,0,0,0,0,0,0
26313,0,0,0,0,0,0,0,0,0
26314,0,0,0,0,0,0,0,0,0
26315,0,0,0,0,0,0,0,0,0
26316,0,0,0,0,0,0,0,0,0
26317,0,0,0,0,0,0,0,0,0
26318,0,0,0,0,0,0,0,0,0
26319,0,0,0,0,0,0,0,0,0
26320,0,0,0,0,0,0,0,0,0
26321,0,0,0,0,0,0,0,0,0
26322,0,0,0,0,0,0,0,0,0
26323,0,0,0,0,0,0,0,0,0
26324,0,0,0,0,0,0,0,0,0
26325,3.50246e-06,6.08027e-12,2.9785e-18,1.88602e-19,5.15636e-21,8.73522e-30,1.77734e-57,2.398e-107,3.50247e-06
26326,0,0,0,0,0,0,0,0,0
26327,0,0,0,0,0,0,0,0,0
26328,1.1291e-06,5.82294e-13,7.20474e-20,4.56083e-21,1.24649e-22,3.76254e-32,6.55372e-61,6.25033e-111,1.12911e-06
26329,0,0,0,0,0,0,0,0,0
26330,0,0,0,0,0,0,0,0,0
26331,0,0,0,0,0,0,0,0,0
26332,0,0,0,0,0,0,0,0,0
26333,0,0,0,0,0,0,0,0,0
26334,0,0,0,0,0,0,0,0,0
26335,0,0,0,0,0,0,0,0,0
26336,0,0,0,0,0,0,0,0,0
26337,0,0,0,0,0,0,0,0,0
26338,0,0,0,0,0,0,0,0,0
26339,0,0,0,0,0,0,0,0,0
26340,0,0,0,0,0,0,0,0,0
26341,0,0,0,0,0,0,0,0,0
26342,0,0,0,0,0,0,0,0,0
26343,0,0,0,0,0,0,0,0,0
26344,0,0,0,0,0,0,0,0,0
26345,0,0,0,0,0,0,0,0,0
26346,0,0,0,0,0,0,0,0,0
26347,0,0,0,0,0,0,0,0,0
26348,0,0,0,0,0,0,0,0,0
26349,0,0,0,0,0,0,0,0,0
26350,0,0,0,0,0,0,0,0,0
26351,0,0,0,0,0,0,0,0,0
26352,0,0,0,0,0,0,0,0,0
26353,0,0,0,0,0,0,0,0,0
26354,0,0,0,0,0,0,0,0,0
26355,0,0,0,0,0,0,0,0,0
26356,2.03589e-06,2.01348e-12,5.47378e-19,3.45543e-20,9.41085e-22,8.51336e-31,1.91e-59,3.35133e-110,2.03589e-06
26357,0,0,0,0,0,0,0,0,0
26358,0,0,0,0,0,0,0,0,0
26359,0,0,0,0,0,0,0,0,0
26360,0,0,0,0,0,0,0,0,0
26361,0,0,0,0,0,0,0,0,0
26362,2.14176e-06,2.23938e-12,6.49523e-19,4.09774e-20,1.11516e-21,1.09107e-30,3.66925e-59,1.11693e-109,2.14176e-06
26363,0,0,0,0,0,0,0,0,0
26364,0,0,0,0,0,0,0,0,0
26365,0,0,0,0,0,0,0,0,0
26366,0,0,0,0,0,0,0,0,0
26367,0,0,0,0,0,0,0,0,0
26368,8.44464e-07,3.33666e-13,3.42495e-20,2.15951e-21,5.87271e-23,1.82642e-32,7.85338e-64,2.33225e-113,8.44464e-07
26369,0,0,0,0,0,0,0,0,0
26370,0,0,0,0,0,0,0,0,0
26371,0,0,0,0,0,0,0,0,0
26372,0,0,0,0,0,0,0,0,0
26373,0,0,0,0,0,0,0,0,0
26374,0,0,0,0,0,0,0,0,0
26375,0,0,0,0,0,0,0,0,0
26376,0,0,0,0,0,0,0,0,0
26377,0,0,0,0,0,0,0,0,0
26378,3.3235e-06,5.46012e-12,2.52025e-18,1.58755e-19,4.31207e-21,6.79519e-30,1.07009e-57,1.01072e-107,3.3235e-06
26379,0,0,0,0,0,0,0,0,0
26380,0,0,0,0,0,0,0,0,0
26381,0,0,0,0,0,0,0,0,0
26382,0,0,0,0,0,0,0,0,0
26383,0,0,0,0,0,0,0,0,0
26384,0,0,0,0,0,0,0,0,0
26385,0,0,0,0,0,0,0,0,0
26386,0,0,0,0,0,0,0,0,0
26387,0,0,0,0,0,0,0,0,0
26388,0,0,0,0,0,0,0,0,0
26389,0,0,0,0,0,0,0,0,0
26390,0,0,0,0,0,0,0,0,0
26391,0,0,0,0,0,0,0,0,0
26392,0,0,0,0,0,0,0,0,0
26393,0,0,0,0,0,0,0,0,0
26394,0,0,0,0,0,0,0,0,0
26395,0,0,0,0,0,0,0,0,0
26396,0,0,0,0,0,0,0,0,0
26397,0,0,0,0,0,0,0,0,0
26398,0,0,0,0,0,0,0,0,0
26399,0,0,0,0,0,0,0,0,0
26400,0,0,0,0,0,0,0,0,0
26401,0,0,0,0,0,0,0,0,0
26402,0,0,0,0,0,0,0,0,0
26403,0,0,0,0,0,0,0,0,0
26404,0,0,0,0,0,0,0,0,0
26405,0,0,0,0,0,0,0,0,0
26406,0,0,0,0,0,0,0,0,0
26407,0,0,0,0,0,0,0,0,0
26408,0,0,0,0,0,0,0,0,0
26409,0,0,0,0,0,0,0,0,0
26410,0,0,0,0,0,0,0,0,0
26411,0,0,0,0,0,0,0,0,0
26412,0,0,0,0,0,0,0,0,0
26413,0,0,0,0,0,0,0,0,0
26414,0,0,0,0,0,0,0,0,0
26415,0,0,0,0,0,0,0,0,0
26416,0,0,0,0,0,0,0,0,0
26417,0,0,0,0,0,0,0,0,0
26418,0,0,0,0,0,0,0,0,0
26419,0,0,0,0,0,0,0,0,0
26420,0,0,0,0,0,0,0,0,0
26421,0,0,0,0,0,0,0,0,0
26422,0,0,0,0,0,0,0,0,0
26423,0,0,0,0,0,0,0,0,0
26424,0,0,0,0,0,0,0,0,0
26425,0,0,0,0,0,0,0,0,0
26426,0,0,0,0,0,0,0,0,0
26427,0,0,0,0,0,0,0,0,0
26428,2.39744e-06,2.8192e-12,9.25373e-19,5.79956e-20,1.56526e-21,1.73326e-30,9.46401e-59,3.97968e-109,2.39744e-06
26429,0,0,0,0,0,0,0,0,0
26430,0,0,0,0,0,0,0,0,0
26431,0,0,0,0,0,0,0,0,0
26432,0,0,0,0,0,0,0,0,0
26433,0,0,0,0,0,0,0,0,0
26434,0,0,0,0,0,0,0,0,0
26435,0,0,0,0,0,0,0,0,0
26436,1.15528e-06,6.37352e-13,9.48175e-20,5.93782e-21,1.60101e-22,7.66785e-32,2.14016e-61,5.45416e-113,1.15528e-06
26437,0,0,0,0,0,0,0,0,0
26438,0,0,0,0,0,0,0,0,0
26439,0,0,0,0,0,0,0,0,0
26440,0,0,0,0,0,0,0,0,0
26441,0,0,0,0,0,0,0,0,0
26442,0,0,0,0,0,0,0,0,0
26443,0,0,0,0,0,0,0,0,0
26444,0,0,0,0,0,0,0,0,0
26445,0,0,0,0,0,0,0,0,0
26446,0,0,0,0,0,0,0,0,0
26447,0,0,0,0,0,0,0,0,0
26448,0,0,0,0,0,0,0,0,0
26449,0,0,0,0,0,0,0,0,0
26450,0,0,0,0,0,0,0,0,0
26451,0,0,0,0,0,0,0,0,0
26452,0,0,0,0,0,0,0,0,0
26453,1.59827e-06,1.20967e-12,2.38799e-19,1.49288e-20,4.01659e-22,2.36071e-31,8.66333e-63,8.40698e-111,1.59827e-06
26454,0,0,0,0,0,0,0,0,0
26455,0,0,0,0,0,0,0,0,0
26456,2.41322e-06,2.81183e-12,8.81071e-19,5.50682e-20,1.48117e-21,1.45372e-30,9.28789e-60,3.0546e-109,2.41322e-06
26457,0,0,0,0,0,0,0,0,0
26458,2.72009e-06,3.63284e-12,1.35157e-18,8.44545e-20,2.27087e-21,2.8241e-30,2.04365e-58,8.45192e-109,2.72009e-06
26459,0,0,0,0,0,0,0,0,0
26460,0,0,0,0,0,0,0,0,0
26461,0,0,0,0,0,0,0,0,0
26462,0,0,0,0,0,0,0,0,0
26463,0,0,0,0,0,0,0,0,0
26464,0,0,0,0,0,0,0,0,0
26465,0,0,0,0,0,0,0,0,0
26466,0,0,0,0,0,0,0,0,0
26467,0,0,0,0,0,0,0,0,0
26468,0,0,0,0,0,0,0,0,0
26469,0,0,0,0,0,0,0,0,0
26470,0,0,0,0,0,0,0,0,0
26471,0,0,0,0,0,0,0,0,0
26472,0,0,0,0,0,0,0,0,0
26473,0,0,0,0,0,0,0,0,0
26474,0,0,0,0,0,0,0,0,0
26475,0,0,0,0,0,0,0,0,0
26476,0,0,0,0,0,0,0,0,0
26477,0,0,0,0,0,0,0,0,0
26478,0,0,0,0,0,0,0,0,0
26479,3.63821e-06,6.55688e-12,3.32371e-18,2.07265e-19,5.55891e-21,9.50232e-30,1.98882e-57,1.85429e-107,3.63821e-06
26480,0,0,0,0,0,0,0,0,0
26481,0,0,0,0,0,0,0,0,0
26482,0,0,0,0,0,0,0,0,0
26483,1.82664e-06,1.58533e-12,3.59404e-19,2.24025e-20,6.00518e-22,4.01898e-31,1.5684e-61,9.6181e-110,1.82664e-06
26484,0,0,0,0,0,0,0,0,0
26485,2.52694e-06,3.06523e-12,9.83461e-19,6.12854e-20,1.64226e-21,1.5844e-30,2.99238e-62,1.69816e-108,2.52694e-06
26486,0,0,0,0,0,0,0,0,0
26487,0,0,0,0,0,0,0,0,0
26488,0,0,0,0,0,0,0,0,0
26489,0,0,0,0,0,0,0,0,0
26490,0,0,0,0,0,0,0,0,0
26491,0,0,0,0,0,0,0,0,0
26492,0,0,0,0,0,0,0,0,0
26493,0,0,0,0,0,0,0,0,0
26494,0,0,0,0,0,0,0,0,0
26495,0,0,0,0,0,0,0,0,0
26496,0,0,0,0,0,0,0,0,0
26497,0,0,0,0,0,0,0,0,0
26498,0,0,0,0,0,0,0,0,0
26499,0,0,0,0,0,0,0,0,0
26500,0,0,0,0,0,0,0,0,0
26501,0,0,0,0,0,0,0,0,0
26502,0,0,0,0,0,0,0,0,0
26503,0,0,0,0,0,0,0,0,0
26504,0,0,0,0,0,0,0,0,0
26505,0,0,0,0,0,0,0,0,0
26506,0,0,0,0,0,0,0,0,0
26507,0,0,0,0,0,0,0,0,0
26508,0,0,0,0,0,0,0,0,0
26509,0,0,0,0,0,0,0,0,0
26510,0,0,0,0,0,0,0,0,0
26511,0,0,0,0,0,0,0,0,0
26512,0,0,0,0,0,0,0,0,0
26513,0,0,0,0,0,0,0,0,0
26514,0,0,0,0,0,0,0,0,0
26515,0,0,0,0,0,0,0,0,0
26516,0,0,0,0,0,0,0,0,0
26517,0,0,0,0,0,0,0,0,0
26518,0,0,0,0,0,0,0,0,0
26519,0,0,0,0,0,0,0,0,0
26520,0,0,0,0,0,0,0,0,0
26521,0,0,0,0,0,0,0,0,0
26522,0,0,0,0,0,0,0,0,0
26523,0,0,0,0,0,0,0,0,0
26524,0,0,0,0,0,0,0,0,0
26525,0,0,0,0,0,0,0,0,0
26526,0,0,0,0,0,0,0,0,0
26527,0,0,0,0,0,0,0,0,0
26528,0,0,0,0,0,0,0,0,0
26529,0,0,0,0,0,0,0,0,0
26530,0,0,0,0,0,0,0,0,0
26531,0,0,0,0,0,0,0,0,0
26532,0,0,0,0,0,0,0,0,0
26533,0,0,0,0,0,0,0,0,0
26534,0,0,0,0,0,0,0,0,0
26535,3.76807e-06,7.03884e-12,3.69931e-18,2.29386e-19,6.10871e-21,1.07478e-29,2.5011e-57,2.22023e-107,3.76808e-06
26536,0,0,0,0,0,0,0,0,0
26537,0,0,0,0,0,0,0,0,0
26538,0,0,0,0,0,0,0,0,0
26539,0,0,0,0,0,0,0,0,0
26540,0,0,0,0,0,0,0,0,0
26541,0,0,0,0,0,0,0,0,0
26542,0,0,0,0,0,0,0,0,0
26543,2.27038e-06,2.50749e-12,7.60151e-19,4.70964e-20,1.25292e-21,1.22932e-30,3.61326e-59,4.84664e-110,2.27039e-06
26544,0,0,0,0,0,0,0,0,0
26545,0,0,0,0,0,0,0,0,0
26546,0,0,0,0,0,0,0,0,0
26547,0,0,0,0,0,0,0,0,0
26548,0,0,0,0,0,0,0,0,0
26549,0,0,0,0,0,0,0,0,0
26550,2.09898e-06,2.14253e-12,6.01452e-19,3.72394e-20,9.89873e-22,9.0264e-31,2.27571e-59,3.04483e-110,2.09898e-06
26551,0,0,0,0,0,0,0,0,0
26552,0,0,0,0,0,0,0,0,0
26553,0,0,0,0,0,0,0,0,0
26554,0,0,0,0,0,0,0,0,0
26555,2.62124e-06,3.36595e-12,1.19907e-18,7.42037e-20,1.97118e-21,2.30489e-30,1.37176e-58,3.93152e-109,2.62124e-06
26556,0,0,0,0,0,0,0,0,0
26557,0,0,0,0,0,0,0,0,0
26558,0,0,0,0,0,0,0,0,0
26559,0,0,0,0,0,0,0,0,0
26560,0,0,0,0,0,0,0,0,0
26561,0,0,0,0,0,0,0,0,0
26562,0,0,0,0,0,0,0,0,0
26563,0,0,0,0,0,0,0,0,0
26564,0,0,0,0,0,0,0,0,0
26565,0,0,0,0,0,0,0,0,0
26566,0,0,0,0,0,0,0,0,0
26567,0,0,0,0,0,0,0,0,0
26568,0,0,0,0,0,0,0,0,0
26569,2.65797e-06,3.4449e-12,1.22507e-18,7.57085e-20,2.00768e-21,2.29412e-30,9.60145e-59,9.03628e-110,2.65797e-06
26570,0,0,0,0,0,0,0,0,0
26571,0,0,0,0,0,0,0,0,0
26572,0,0,0,0,0,0,0,0,0
26573,0,0,0,0,0,0,0,0,0
26574,0,0,0,0,0,0,0,0,0
26575,0,0,0,0,0,0,0,0,0
26576,0,0,0,0,0,0,0,0,0
26577,2.65432e-06,3.44837e-12,1.23984e-18,7.65603e-20,2.02824e-21,2.37736e-30,1.37577e-58,3.48027e-109,2.65432e-06
26578,0,0,0,0,0,0,0,0,0
26579,0,0,0,0,0,0,0,0,0
26580,0,0,0,0,0,0,0,0,0
26581,0,0,0,0,0,0,0,0,0
26582,0,0,0,0,0,0,0,0,0
26583,0,0,0,0,0,0,0,0,0
26584,0,0,0,0,0,0,0,0,0
26585,0,0,0,0,0,0,0,0,0
26586,0,0,0,0,0,0,0,0,0
26587,0,0,0,0,0,0,0,0,0
26588,0,0,0,0,0,0,0,0,0
26589,0,0,0,0,0,0,0,0,0
26590,0,0,0,0,0,0,0,0,0
26591,0,0,0,0,0,0,0,0,0
26592,0,0,0,0,0,0,0,0,0
26593,0,0,0,0,0,0,0,0,0
26594,2.61849e-06,3.3609e-12,1.1981e-18,7.38589e-20,1.95256e-21,2.27791e-30,1.40028e-58,3.94927e-109,2.61849e-06
26595,0,0,0,0,0,0,0,0,0
26596,0,0,0,0,0,0,0,0,0
26597,0,0,0,0,0,0,0,0,0
26598,0,0,0,0,0,0,0,0,0
26599,0,0,0,0,0,0,0,0,0
26600,0,0,0,0,0,0,0,0,0
26601,0,0,0,0,0,0,0,0,0
26602,0,0,0,0,0,0,0,0,0
26603,0,0,0,0,0,0,0,0,0
26604,0,0,0,0,0,0,0,0,0
26605,0,0,0,0,0,0,0,0,0
26606,0,0,0,0,0,0,0,0,0
26607,0,0,0,0,0,0,0,0,0
26608,0,0,0,0,0,0,0,0,0
26609,0,0,0,0,0,0,0,0,0
26610,0,0,0,0,0,0,0,0,0
26611,0,0,0,0,0,0,0,0,0
26612,0,0,0,0,0,0,0,0,0
26613,0,0,0,0,0,0,0,0,0
26614,0,0,0,0,0,0,0,0,0
26615,0,0,0,0,0,0,0,0,0
26616,0,0,0,0,0,0,0,0,0
26617,0,0,0,0,0,0,0,0,0
26618,0,0,0,0,0,0,0,0,0
26619,0,0,0,0,0,0,0,0,0
26620,3.4251e-06,5.79098e-12,2.73668e-18,1.68262e-19,4.43353e-21,6.87612e-30,1.04304e-57,5.27797e-108,3.42511e-06
26621,0,0,0,0,0,0,0,0,0
26622,0,0,0,0,0,0,0,0,0
26623,0,0,0,0,0,0,0,0,0
26624,1.83823e-06,1.63898e-12,4.01235e-19,2.46598e-20,6.49438e-22,5.11509e-31,8.83002e-60,8.88599e-111,1.83823e-06
26625,0,0,0,0,0,0,0,0,0
26626,0,0,0,0,0,0,0,0,0
26627,0,0,0,0,0,0,0,0,0
26628,0,0,0,0,0,0,0,0,0
26629,0,0,0,0,0,0,0,0,0
26630,0,0,0,0,0,0,0,0,0
26631,0,0,0,0,0,0,0,0,0
26632,0,0,0,0,0,0,0,0,0
26633,0,0,0,0,0,0,0,0,0
26634,0,0,0,0,0,0,0,0,0
26635,0,0,0,0,0,0,0,0,0
26636,0,0,0,0,0,0,0,0,0
26637,0,0,0,0,0,0,0,0,0
26638,0,0,0,0,0,0,0,0,0
26639,2.57182e-06,3.23688e-12,1.12791e-18,6.92137e-20,1.81927e-21,2.05255e-30,1.10571e-58,2.42478e-109,2.57182e-06
26640,0,0,0,0,0,0,0,0,0
26641,0,0,0,0,0,0,0,0,0
26642,0,0,0,0,0,0,0,0,0
26643,0,0,0,0,0,0,0,0,0
26644,0,0,0,0,0,0,0,0,0
26645,0,0,0,0,0,0,0,0,0
26646,0,0,0,0,0,0,0,0,0
26647,0,0,0,0,0,0,0,0,0
26648,2.80228e-06,3.84944e-12,1.46515e-18,8.9835e-20,2.35888e-21,2.90365e-30,2.01291e-58,4.9808e-109,2.80229e-06
26649,0,0,0,0,0,0,0,0,0
26650,0,0,0,0,0,0,0,0,0
26651,0,0,0,0,0,0,0,0,0
26652,0,0,0,0,0,0,0,0,0
26653,0,0,0,0,0,0,0,0,0
26654,0,0,0,0,0,0,0,0,0
26655,0,0,0,0,0,0,0,0,0
26656,3.31717e-06,5.41412e-12,2.45466e-18,1.50382e-19,3.94464e-21,5.78673e-30,6.79625e-58,2.30732e-108,3.31718e-06
26657,0,0,0,0,0,0,0,0,0
26658,0,0,0,0,0,0,0,0,0
26659,9.1087e-07,3.87981e-13,4.27533e-20,2.61847e-21,6.86592e-23,2.20046e-32,3.41896e-63,3.47177e-114,9.10871e-07
26660,0,0,0,0,0,0,0,0,0
26661,0,0,0,0,0,0,0,0,0
26662,0,0,0,0,0,0,0,0,0
26663,0,0,0,0,0,0,0,0,0
26664,0,0,0,0,0,0,0,0,0
26665,0,0,0,0,0,0,0,0,0
26666,0,0,0,0,0,0,0,0,0
26667,0,0,0,0,0,0,0,0,0
26668,0,0,0,0,0,0,0,0,0
26669,0,0,0,0,0,0,0,0,0
26670,0,0,0,0,0,0,0,0,0
26671,0,0,0,0,0,0,0,0,0
26672,0,0,0,0,0,0,0,0,0
26673,3.45361e-06,5.87942e-12,2.7876e-18,1.7048e-19,4.46196e-21,6.85519e-30,9.69616e-58,3.84858e-108,3.45362e-06
26674,1.12787e-06,6.02424e-13,8.51131e-20,5.20513e-21,1.36231e-22,5.81344e-32,7.40337e-62,7.38846e-116,1.12787e-06
26675,0,0,0,0,0,0,0,0,0
26676,0,0,0,0,0,0,0,0,0
26677,0,0,0,0,0,0,0,0,0
26678,0,0,0,0,0,0,0,0,0
26679,0,0,0,0,0,0,0,0,0
26680,0,0,0,0,0,0,0,0,0
26681,0,0,0,0,0,0,0,0,0
26682,0,0,0,0,0,0,0,0,0
26683,0,0,0,0,0,0,0,0,0
26684,0,0,0,0,0,0,0,0,0
26685,0,0,0,0,0,0,0,0,0
26686,0,0,0,0,0,0,0,0,0
26687,0,0,0,0,0,0,0,0,0
26688,0,0,0,0,0,0,0,0,0
26689,0,0,0,0,0,0,0,0,0
26690,0,0,0,0,0,0,0,0,0
26691,0,0,0,0,0,0,0,0,0
26692,0,0,0,0,0,0,0,0,0
26693,0,0,0,0,0,0,0,0,0
26694,0,0,0,0,0,0,0,0,0
26695,0,0,0,0,0,0,0,0,0
26696,0,0,0,0,0,0,0,0,0
26697,0,0,0,0,0,0,0,0,0
26698,0,0,0,0,0,0,0,0,0
26699,0,0,0,0,0,0,0,0,0
26700,1.93444e-06,1.81378e-12,4.65261e-19,2.83793e-20,7.40337e-22,6.00982e-31,1.07034e-59,7.94003e-111,1.93444e-06
26701,0,0,0,0,0,0,0,0,0
26702,0,0,0,0,0,0,0,0,0
26703,0,0,0,0,0,0,0,0,0
26704,0,0,0,0,0,0,0,0,0
26705,0,0,0,0,0,0,0,0,0
26706,0,0,0,0,0,0,0,0,0
26707,0,0,0,0,0,0,0,0,0
26708,0,0,0,0,0,0,0,0,0
26709,0,0,0,0,0,0,0,0,0
26710,0,0,0,0,0,0,0,0,0
26711,0,0,0,0,0,0,0,0,0
26712,0,0,0,0,0,0,0,0,0
26713,0,0,0,0,0,0,0,0,0
26714,0,0,0,0,0,0,0,0,0
26715,0,0,0,0,0,0,0,0,0
26716,0,0,0,0,0,0,0,0,0
26717,2.8245e-06,3.91469e-12,1.50576e-18,9.16844e-20,2.3865e-21,2.95024e-30,2.20252e-58,5.28793e-109,2.8245e-06
26718,0,0,0,0,0,0,0,0,0
26719,0,0,0,0,0,0,0,0,0
26720,0,0,0,0,0,0,0,0,0
26721,0,0,0,0,0,0,0,0,0
26722,0,0,0,0,0,0,0,0,0
26723,0,0,0,0,0,0,0,0,0
26724,0,0,0,0,0,0,0,0,0
26725,0,0,0,0,0,0,0,0,0
26726,0,0,0,0,0,0,0,0,0
26727,0,0,0,0,0,0,0,0,0
26728,0,0,0,0,0,0,0,0,0
26729,0,0,0,0,0,0,0,0,0
26730,0,0,0,0,0,0,0,0,0
26731,0,0,0,0,0,0,0,0,0
26732,0,0,0,0,0,0,0,0,0
26733,0,0,0,0,0,0,0,0,0
26734,0,0,0,0,0,0,0,0,0
26735,0,0,0,0,0,0,0,0,0
26736,0,0,0,0,0,0,0,0,0
26737,0,0,0,0,0,0,0,0,0
26738,0,0,0,0,0,0,0,0,0
26739,0,0,0,0,0,0,0,0,0
26740,0,0,0,0,0,0,0,0,0
26741,0,0,0,0,0,0,0,0,0
26742,0,0,0,0,0,0,0,0,0
26743,0,0,0,0,0,0,0,0,0
26744,0,0,0,0,0,0,0,0,0
26745,0,0,0,0,0,0,0,0,0
26746,0,0,0,0,0,0,0,0,0
26747,0,0,0,0,0,0,0,0,0
26748,0,0,0,0,0,0,0,0,0
26749,0,0,0,0,0,0,0,0,0
26750,0,0,0,0,0,0,0,0,0
26751,0,0,0,0,0,0,0,0,0
26752,0,0,0,0,0,0,0,0,0
26753,0,0,0,0,0,0,0,0,0
26754,0,0,0,0,0,0,0,0,0
26755,0,0,0,0,0,0,0,0,0
26756,0,0,0,0,0,0,0,0,0
26757,0,0,0,0,0,0,0,0,0
26758,0,0,0,0,0,0,0,0,0
26759,0,0,0,0,0,0,0,0,0
26760,2.09012e-06,2.11589e-12,5.83429e-19,3.5372e-20,9.15766e-22,7.8638e-31,1.54127e-59,9.36338e-111,2.09012e-06
26761,0,0,0,0,0,0,0,0,0
26762,0,0,0,0,0,0,0,0,0
26763,0,0,0,0,0,0,0,0,0
26764,0,0,0,0,0,0,0,0,0
26765,0,0,0,0,0,0,0,0,0
26766,0,0,0,0,0,0,0,0,0
26767,1.57781e-06,1.16693e-12,2.19142e-19,1.3278e-20,3.43499e-22,1.74028e-31,3.49629e-61,9.22621e-111,1.57782e-06
26768,2.05624e-06,2.0204e-12,5.23723e-19,3.17267e-20,8.2056e-22,6.21237e-31,1.08532e-60,1.91067e-110,2.05624e-06
26769,0,0,0,0,0,0,0,0,0
26770,2.85275e-06,3.98941e-12,1.54408e-18,9.35276e-20,2.41859e-21,2.97506e-30,2.12934e-58,4.18512e-109,2.85275e-06
26771,0,0,0,0,0,0,0,0,0
26772,0,0,0,0,0,0,0,0,0
26773,0,0,0,0,0,0,0,0,0
26774,3.72164e-06,6.83982e-12,3.50449e-18,2.12188e-19,5.48432e-21,8.99489e-30,1.6137e-57,6.1492e-108,3.72165e-06
26775,0,0,0,0,0,0,0,0,0
26776,0,0,0,0,0,0,0,0,0
26777,0,0,0,0,0,0,0,0,0
26778,0,0,0,0,0,0,0,0,0
26779,0,0,0,0,0,0,0,0,0
26780,1.57886e-06,1.19701e-12,2.44845e-19,1.48155e-20,3.82632e-22,2.40513e-31,1.72865e-60,4.92173e-112,1.57886e-06
26781,0,0,0,0,0,0,0,0,0
26782,0,0,0,0,0,0,0,0,0
26783,0,0,0,0,0,0,0,0,0
26784,2.07031e-06,2.07933e-12,5.70987e-19,3.45362e-20,8.91487e-22,7.65116e-31,1.64737e-59,1.2012e-110,2.07031e-06
26785,0,0,0,0,0,0,0,0,0
26786,0,0,0,0,0,0,0,0,0
26787,1.45413e-06,1.00003e-12,1.79643e-19,1.08623e-20,2.80279e-22,1.45828e-31,1.97835e-61,1.06268e-113,1.45413e-06
26788,0,0,0,0,0,0,0,0,0
26789,0,0,0,0,0,0,0,0,0
26790,0,0,0,0,0,0,0,0,0
26791,0,0,0,0,0,0,0,0,0
26792,0,0,0,0,0,0,0,0,0
26793,0,0,0,0,0,0,0,0,0
26794,0,0,0,0,0,0,0,0,0
26795,0,0,0,0,0,0,0,0,0
26796,0,0,0,0,0,0,0,0,0
26797,0,0,0,0,0,0,0,0,0
26798,0,0,0,0,0,0,0,0,0
26799,4.40985e-06,9.63467e-12,5.87675e-18,3.54925e-19,9.14456e-21,1.77924e-29,5.27272e-57,2.55952e-107,4.40986e-06
26800,0,0,0,0,0,0,0,0,0
26801,0,0,0,0,0,0,0,0,0
26802,0,0,0,0,0,0,0,0,0
26803,0,0,0,0,0,0,0,0,0
26804,0,0,0,0,0,0,0,0,0
26805,0,0,0,0,0,0,0,0,0
26806,0,0,0,0,0,0,0,0,0
26807,0,0,0,0,0,0,0,0,0
26808,0,0,0,0,0,0,0,0,0
26809,0,0,0,0,0,0,0,0,0
26810,0,0,0,0,0,0,0,0,0
26811,0,0,0,0,0,0,0,0,0
26812,0,0,0,0,0,0,0,0,0
26813,0,0,0,0,0,0,0,0,0
26814,0,0,0,0,0,0,0,0,0
26815,5.12434e-06,1.30682e-11,9.34868e-18,5.63683e-19,1.44932e-20,3.31823e-29,1.68274e-56,1.18811e-106,5.12435e-06
26816,0,0,0,0,0,0,0,0,0
26817,0,0,0,0,0,0,0,0,0
26818,0,0,0,0,0,0,0,0,0
26819,0,0,0,0,0,0,0,0,0
26820,0,0,0,0,0,0,0,0,0
26821,0,0,0,0,0,0,0,0,0
26822,0,0,0,0,0,0,0,0,0
26823,0,0,0,0,0,0,0,0,0
26824,0,0,0,0,0,0,0,0,0
26825,0,0,0,0,0,0,0,0,0
26826,0,0,0,0,0,0,0,0,0
26827,0,0,0,0,0,0,0,0,0
26828,0,0,0,0,0,0,0,0,0
26829,0,0,0,0,0,0,0,0,0
26830,0,0,0,0,0,0,0,0,0
26831,0,0,0,0,0,0,0,0,0
26832,0,0,0,0,0,0,0,0,0
26833,0,0,0,0,0,0,0,0,0
26834,0,0,0,0,0,0,0,0,0
26835,0,0,0,0,0,0,0,0,0
26836,0,0,0,0,0,0,0,0,0
26837,0,0,0,0,0,0,0,0,0
26838,0,0,0,0,0,0,0,0,0
26839,0,0,0,0,0,0,0,0,0
26840,0,0,0,0,0,0,0,0,0
26841,0,0,0,0,0,0,0,0,0
26842,0,0,0,0,0,0,0,0,0
26843,0,0,0,0,0,0,0,0,0
26844,0,0,0,0,0,0,0,0,0
26845,0,0,0,0,0,0,0,0,0
26846,0,0,0,0,0,0,0,0,0
26847,0,0,0,0,0,0,0,0,0
26848,0,0,0,0,0,0,0,0,0
26849,0,0,0,0,0,0,0,0,0
26850,0,0,0,0,0,0,0,0,0
26851,0,0,0,0,0,0,0,0,0
26852,0,0,0,0,0,0,0,0,0
26853,0,0,0,0,0,0,0,0,0
26854,0,0,0,0,0,0,0,0,0
26855,0,0,0,0,0,0,0,0,0
26856,0,0,0,0,0,0,0,0,0
26857,0,0,0,0,0,0,0,0,0
26858,0,0,0,0,0,0,0,0,0
26859,0,0,0,0,0,0,0,0,0
26860,0,0,0,0,0,0,0,0,0
26861,0,0,0,0,0,0,0,0,0
26862,0,0,0,0,0,0,0,0,0
26863,0,0,0,0,0,0,0,0,0
26864,0,0,0,0,0,0,0,0,0
26865,0,0,0,0,0,0,0,0,0
26866,0,0,0,0,0,0,0,0,0
26867,0,0,0,0,0,0,0,0,0
26868,0,0,0,0,0,0,0,0,0
26869,0,0,0,0,0,0,0,0,0
26870,0,0,0,0,0,0,0,0,0
26871,0,0,0,0,0,0,0,0,0
26872,0,0,0,0,0,0,0,0,0
26873,0,0,0,0,0,0,0,0,0
26874,0,0,0,0,0,0,0,0,0
26875,0,0,0,0,0,0,0,0,0
26876,0,0,0,0,0,0,0,0,0
26877,1.45932e-06,1.02422e-12,1.95005e-19,1.1686e-20,2.98162e-22,1.74077e-31,1.18419e-60,3.29355e-112,1.45932e-06
26878,0,0,0,0,0,0,0,0,0
26879,0,0,0,0,0,0,0,0,0
26880,0,0,0,0,0,0,0,0,0
26881,0,0,0,0,0,0,0,0,0
26882,0,0,0,0,0,0,0,0,0
26883,0,0,0,0,0,0,0,0,0
26884,0,0,0,0,0,0,0,0,0
26885,0,0,0,0,0,0,0,0,0
26886,1.49641e-06,1.07202e-12,2.06045e-19,1.23364e-20,3.14401e-22,1.81549e-31,9.25147e-61,1.14638e-112,1.49641e-06
26887,0,0,0,0,0,0,0,0,0
26888,0,0,0,0,0,0,0,0,0
26889,0,0,0,0,0,0,0,0,0
26890,0,0,0,0,0,0,0,0,0
26891,0,0,0,0,0,0,0,0,0
26892,0,0,0,0,0,0,0,0,0
26893,0,0,0,0,0,0,0,0,0
26894,0,0,0,0,0,0,0,0,0
26895,0,0,0,0,0,0,0,0,0
26896,1.92979e-06,1.80311e-12,4.59486e-19,2.74827e-20,6.99524e-22,5.47671e-31,9.19875e-60,4.49144e-111,1.92979e-06
26897,0,0,0,0,0,0,0,0,0
26898,0,0,0,0,0,0,0,0,0
26899,0,0,0,0,0,0,0,0,0
26900,1.78977e-06,1.54337e-12,3.60011e-19,2.15248e-20,5.47615e-22,3.87487e-31,4.22636e-60,1.26157e-111,1.78977e-06
26901,0,0,0,0,0,0,0,0,0
26902,0,0,0,0,0,0,0,0,0
26903,0,0,0,0,0,0,0,0,0
26904,0,0,0,0,0,0,0,0,0
26905,0,0,0,0,0,0,0,0,0
26906,0,0,0,0,0,0,0,0,0
26907,0,0,0,0,0,0,0,0,0
26908,0,0,0,0,0,0,0,0,0
26909,0,0,0,0,0,0,0,0,0
26910,0,0,0,0,0,0,0,0,0
26911,0,0,0,0,0,0,0,0,0
26912,0,0,0,0,0,0,0,0,0
26913,0,0,0,0,0,0,0,0,0
26914,0,0,0,0,0,0,0,0,0
26915,0,0,0,0,0,0,0,0,0
26916,0,0,0,0,0,0,0,0,0
26917,0,0,0,0,0,0,0,0,0
26918,0,0,0,0,0,0,0,0,0
26919,0,0,0,0,0,0,0,0,0
26920,0,0,0,0,0,0,0,0,0
26921,0,0,0,0,0,0,0,0,0
26922,0,0,0,0,0,0,0,0,0
26923,0,0,0,0,0,0,0,0,0
26924,0,0,0,0,0,0,0,0,0
26925,0,0,0,0,0,0,0,0,0
26926,0,0,0,0,0,0,0,0,0
26927,0,0,0,0,0,0,0,0,0
26928,0,0,0,0,0,0,0,0,0
26929,0,0,0,0,0,0,0,0,0
26930,1.27684e-06,7.75898e-13,1.25522e-19,7.48234e-21,1.89643e-22,9.07635e-32,2.50145e-61,1.95265e-113,1.27684e-06
26931,0,0,0,0,0,0,0,0,0
26932,0,0,0,0,0,0,0,0,0
26933,0,0,0,0,0,0,0,0,0
26934,0,0,0,0,0,0,0,0,0
26935,0,0,0,0,0,0,0,0,0
26936,0,0,0,0,0,0,0,0,0
26937,0,0,0,0,0,0,0,0,0
26938,0,0,0,0,0,0,0,0,0
26939,0,0,0,0,0,0,0,0,0
26940,0,0,0,0,0,0,0,0,0
26941,0,0,0,0,0,0,0,0,0
26942,0,0,0,0,0,0,0,0,0
26943,0,0,0,0,0,0,0,0,0
26944,0,0,0,0,0,0,0,0,0
26945,0,0,0,0,0,0,0,0,0
26946,0,0,0,0,0,0,0,0,0
26947,0,0,0,0,0,0,0,0,0
26948,0,0,0,0,0,0,0,0,0
26949,0,0,0,0,0,0,0,0,0
26950,0,0,0,0,0,0,0,0,0
26951,0,0,0,0,0,0,0,0,0
26952,0,0,0,0,0,0,0,0,0
26953,0,0,0,0,0,0,0,0,0
26954,0,0,0,0,0,0,0,0,0
26955,1.99667e-06,1.91805e-12,4.94721e-19,2.94165e-20,7.43233e-22,5.68697e-31,6.22276e-60,7.34585e-112,1.99668e-06
26956,0,0,0,0,0,0,0,0,0
26957,2.42721e-06,2.86528e-12,9.24302e-19,5.49488e-20,1.38798e-21,1.3645e-30,4.51963e-59,2.89157e-110,2.42721e-06
26958,0,0,0,0,0,0,0,0,0
26959,0,0,0,0,0,0,0,0,0
26960,0,0,0,0,0,0,0,0,0
26961,0,0,0,0,0,0,0,0,0
26962,0,0,0,0,0,0,0,0,0
26963,1.6463e-06,1.3042e-12,2.79396e-19,1.65997e-20,4.1898e-22,2.70337e-31,2.35336e-60,5.6489e-112,1.6463e-06
26964,0,0,0,0,0,0,0,0,0
26965,0,0,0,0,0,0,0,0,0
26966,0,0,0,0,0,0,0,0,0
26967,0,0,0,0,0,0,0,0,0
26968,0,0,0,0,0,0,0,0,0
26969,1.24433e-06,7.16877e-13,1.02554e-19,6.08957e-21,1.53594e-22,5.53238e-32,1.24149e-61,6.07095e-112,1.24433e-06
26970,0,0,0,0,0,0,0,0,0
26971,0,0,0,0,0,0,0,0,0
26972,0,0,0,0,0,0,0,0,0
26973,0,0,0,0,0,0,0,0,0
26974,0,0,0,0,0,0,0,0,0
26975,0,0,0,0,0,0,0,0,0
26976,0,0,0,0,0,0,0,0,0
26977,0,0,0,0,0,0,0,0,0
26978,0,0,0,0,0,0,0,0,0
26979,0,0,0,0,0,0,0,0,0
26980,0,0,0,0,0,0,0,0,0
26981,0,0,0,0,0,0,0,0,0
26982,0,0,0,0,0,0,0,0,0
26983,0,0,0,0,0,0,0,0,0
26984,0,0,0,0,0,0,0,0,0
26985,1.77003e-06,1.5123e-12,3.50895e-19,2.08016e-20,5.23585e-22,3.6699e-31,4.37302e-60,1.34175e-111,1.77004e-06
26986,0,0,0,0,0,0,0,0,0
26987,0,0,0,0,0,0,0,0,0
26988,0,0,0,0,0,0,0,0,0
26989,0,0,0,0,0,0,0,0,0
26990,0,0,0,0,0,0,0,0,0
26991,0,0,0,0,0,0,0,0,0
26992,0,0,0,0,0,0,0,0,0
26993,0,0,0,0,0,0,0,0,0
26994,0,0,0,0,0,0,0,0,0
26995,0,0,0,0,0,0,0,0,0
26996,0,0,0,0,0,0,0,0,0
26997,0,0,0,0,0,0,0,0,0
26998,0,0,0,0,0,0,0,0,0
26999,0,0,0,0,0,0,0,0,0
27000,0,0,0,0,0,0,0,0,0
27001,0,0,0,0,0,0,0,0,0
27002,0,0,0,0,0,0,0,0,0
27003,0,0,0,0,0,0,0,0,0
27004,0,0,0,0,0,0,0,0,0
27005,0,0,0,0,0,0,0,0,0
27006,0,0,0,0,0,0,0,0,0
27007,0,0,0,0,0,0,0,0,0
27008,0,0,0,0,0,0,0,0,0
27009,0,0,0,0,0,0,0,0,0
27010,0,0,0,0,0,0,0,0,0
27011,0,0,0,0,0,0,0,0,0
27012,0,0,0,0,0,0,0,0,0
27013,0,0,0,0,0,0,0,0,0
27014,0,0,0,0,0,0,0,0,0
27015,0,0,0,0,0,0,0,0,0
27016,2.29974e-06,2.57046e-12,7.85097e-19,4.63992e-20,1.1634e-21,1.07576e-30,3.09987e-59,1.67944e-110,2.29974e-06
27017,0,0,0,0,0,0,0,0,0
27018,0,0,0,0,0,0,0,0,0
27019,0,0,0,0,0,0,0,0,0
27020,0,0,0,0,0,0,0,0,0
27021,0,0,0,0,0,0,0,0,0
27022,0,0,0,0,0,0,0,0,0
27023,0,0,0,0,0,0,0,0,0
27024,0,0,0,0,0,0,0,0,0
27025,0,0,0,0,0,0,0,0,0
27026,0,0,0,0,0,0,0,0,0
27027,1.0206e-06,4.88388e-13,6.04967e-20,3.57161e-21,8.94359e-23,3.07579e-32,7.59558e-63,4.25338e-114,1.0206e-06
27028,1.60169e-06,1.23055e-12,2.5404e-19,1.49954e-20,3.75411e-22,2.29167e-31,1.54799e-60,2.27951e-112,1.60169e-06
27029,0,0,0,0,0,0,0,0,0
27030,0,0,0,0,0,0,0,0,0
27031,0,0,0,0,0,0,0,0,0
27032,0,0,0,0,0,0,0,0,0
27033,0,0,0,0,0,0,0,0,0
27034,0,0,0,0,0,0,0,0,0
27035,0,0,0,0,0,0,0,0,0
27036,0,0,0,0,0,0,0,0,0
27037,0,0,0,0,0,0,0,0,0
27038,0,0,0,0,0,0,0,0,0
27039,0,0,0,0,0,0,0,0,0
27040,2.1194e-06,2.17422e-12,6.05622e-19,3.57054e-20,8.92543e-22,7.43363e-31,1.42787e-59,4.7313e-111,2.1194e-06
27041,0,0,0,0,0,0,0,0,0
27042,9.1545e-07,3.85595e-13,4.01999e-20,2.36961e-21,5.92204e-23,1.54404e-32,1.02652e-62,2.54168e-113,9.1545e-07
27043,0,0,0,0,0,0,0,0,0
27044,1.48286e-06,1.0111e-12,1.66215e-19,9.79637e-21,2.44786e-22,9.12873e-32,2.39959e-60,9.51085e-111,1.48286e-06
27045,0,0,0,0,0,0,0,0,0
27046,0,0,0,0,0,0,0,0,0
27047,0,0,0,0,0,0,0,0,0
27048,0,0,0,0,0,0,0,0,0
27049,0,0,0,0,0,0,0,0,0
27050,0,0,0,0,0,0,0,0,0
27051,0,0,0,0,0,0,0,0,0
27052,0,0,0,0,0,0,0,0,0
27053,0,0,0,0,0,0,0,0,0
27054,0,0,0,0,0,0,0,0,0
27055,0,0,0,0,0,0,0,0,0
27056,0,0,0,0,0,0,0,0,0
27057,0,0,0,0,0,0,0,0,0
27058,0,0,0,0,0,0,0,0,0
27059,0,0,0,0,0,0,0,0,0
27060,0,0,0,0,0,0,0,0,0
27061,0,0,0,0,0,0,0,0,0
27062,0,0,0,0,0,0,0,0,0
27063,0,0,0,0,0,0,0,0,0
27064,0,0,0,0,0,0,0,0,0
27065,0,0,0,0,0,0,0,0,0
27066,0,0,0,0,0,0,0,0,0
27067,0,0,0,0,0,0,0,0,0
27068,0,0,0,0,0,0,0,0,0
27069,0,0,0,0,0,0,0,0,0
27070,0,0,0,0,0,0,0,0,0
27071,0,0,0,0,0,0,0,0,0
27072,0,0,0,0,0,0,0,0,0
27073,0,0,0,0,0,0,0,0,0
27074,0,0,0,0,0,0,0,0,0
27075,0,0,0,0,0,0,0,0,0
27076,0,0,0,0,0,0,0,0,0
27077,0,0,0,0,0,0,0,0,0
27078,0,0,0,0,0,0,0,0,0
27079,0,0,0,0,0,0,0,0,0
27080,0,0,0,0,0,0,0,0,0
27081,0,0,0,0,0,0,0,0,0
27082,0,0,0,0,0,0,0,0,0
27083,0,0,0,0,0,0,0,0,0
27084,0,0,0,0,0,0,0,0,0
27085,0,0,0,0,0,0,0,0,0
27086,0,0,0,0,0,0,0,0,0
27087,0,0,0,0,0,0,0,0,0
27088,0,0,0,0,0,0,0,0,0
27089,0,0,0,0,0,0,0,0,0
27090,0,0,0,0,0,0,0,0,0
27091,0,0,0,0,0,0,0,0,0
27092,0,0,0,0,0,0,0,0,0
27093,0,0,0,0,0,0,0,0,0
27094,0,0,0,0,0,0,0,0,0
27095,0,0,0,0,0,0,0,0,0
27096,0,0,0,0,0,0,0,0,0
27097,0,0,0,0,0,0,0,0,0
27098,0,0,0,0,0,0,0,0,0
27099,0,0,0,0,0,0,0,0,0
27100,0,0,0,0,0,0,0,0,0
27101,0,0,0,0,0,0,0,0,0
27102,0,0,0,0,0,0,0,0,0
27103,0,0,0,0,0,0,0,0,0
27104,0,0,0,0,0,0,0,0,0
27105,0,0,0,0,0,0,0,0,0
27106,0,0,0,0,0,0,0,0,0
27107,0,0,0,0,0,0,0,0,0
27108,0,0,0,0,0,0,0,0,0
27109,0,0,0,0,0,0,0,0,0
27110,0,0,0,0,0,0,0,0,0
27111,0,0,0,0,0,0,0,0,0
27112,0,0,0,0,0,0,0,0,0
27113,0,0,0,0,0,0,0,0,0
27114,2.02413e-06,1.97669e-12,5.2101e-19,3.0493e-20,7.55279e-22,5.84317e-31,8.37355e-60,1.64787e-111,2.02414e-06
27115,0,0,0,0,0,0,0,0,0
27116,0,0,0,0,0,0,0,0,0
27117,0,0,0,0,0,0,0,0,0
27118,0,0,0,0,0,0,0,0,0
27119,2.40337e-06,2.80656e-12,8.93328e-19,5.22553e-20,1.29343e-21,1.22431e-30,3.74167e-59,1.59048e-110,2.40337e-06
27120,0,0,0,0,0,0,0,0,0
27121,0,0,0,0,0,0,0,0,0
27122,0,0,0,0,0,0,0,0,0
27123,0,0,0,0,0,0,0,0,0
27124,0,0,0,0,0,0,0,0,0
27125,0,0,0,0,0,0,0,0,0
27126,0,0,0,0,0,0,0,0,0
27127,1.37344e-06,9.0023e-13,1.57512e-19,9.20631e-21,2.27648e-22,1.15321e-31,4.26822e-61,2.98051e-113,1.37344e-06
27128,0,0,0,0,0,0,0,0,0
27129,2.74469e-06,3.67506e-12,1.3471e-18,7.87209e-20,1.9461e-21,2.12922e-30,1.04935e-58,6.29741e-110,2.74469e-06
27130,0,0,0,0,0,0,0,0,0
27131,0,0,0,0,0,0,0,0,0
27132,0,0,0,0,0,0,0,0,0
27133,0,0,0,0,0,0,0,0,0
27134,0,0,0,0,0,0,0,0,0
27135,0,0,0,0,0,0,0,0,0
27136,0,0,0,0,0,0,0,0,0
27137,0,0,0,0,0,0,0,0,0
27138,0,0,0,0,0,0,0,0,0
27139,0,0,0,0,0,0,0,0,0
27140,0,0,0,0,0,0,0,0,0
27141,0,0,0,0,0,0,0,0,0
27142,0,0,0,0,0,0,0,0,0
27143,0,0,0,0,0,0,0,0,0
27144,0,0,0,0,0,0,0,0,0
27145,0,0,0,0,0,0,0,0,0
27146,0,0,0,0,0,0,0,0,0
27147,0,0,0,0,0,0,0,0,0
27148,0,0,0,0,0,0,0,0,0
27149,0,0,0,0,0,0,0,0,0
27150,0,0,0,0,0,0,0,0,0
27151,0,0,0,0,0,0,0,0,0
27152,0,0,0,0,0,0,0,0,0
27153,0,0,0,0,0,0,0,0,0
27154,0,0,0,0,0,0,0,0,0
27155,0,0,0,0,0,0,0,0,0
27156,0,0,0,0,0,0,0,0,0
27157,2.20507e-06,2.35451e-12,6.8202e-19,3.97433e-20,9.79043e-22,8.33912e-31,1.77693e-59,5.08007e-111,2.20508e-06
27158,0,0,0,0,0,0,0,0,0
27159,2.71645e-06,3.5918e-12,1.29411e-18,7.53961e-20,1.85684e-21,1.97463e-30,8.36716e-59,3.82062e-110,2.71646e-06
27160,0,0,0,0,0,0,0,0,0
27161,0,0,0,0,0,0,0,0,0
27162,0,0,0,0,0,0,0,0,0
27163,0,0,0,0,0,0,0,0,0
27164,0,0,0,0,0,0,0,0,0
27165,0,0,0,0,0,0,0,0,0
27166,0,0,0,0,0,0,0,0,0
27167,0,0,0,0,0,0,0,0,0
27168,0,0,0,0,0,0,0,0,0
27169,0,0,0,0,0,0,0,0,0
27170,0,0,0,0,0,0,0,0,0
27171,0,0,0,0,0,0,0,0,0
27172,0,0,0,0,0,0,0,0,0
27173,0,0,0,0,0,0,0,0,0
27174,0,0,0,0,0,0,0,0,0
27175,0,0,0,0,0,0,0,0,0
27176,0,0,0,0,0,0,0,0,0
27177,0,0,0,0,0,0,0,0,0
27178,0,0,0,0,0,0,0,0,0
27179,0,0,0,0,0,0,0,0,0
27180,0,0,0,0,0,0,0,0,0
27181,0,0,0,0,0,0,0,0,0
27182,0,0,0,0,0,0,0,0,0
27183,0,0,0,0,0,0,0,0,0
27184,0,0,0,0,0,0,0,0,0
27185,0,0,0,0,0,0,0,0,0
27186,0,0,0,0,0,0,0,0,0
27187,0,0,0,0,0,0,0,0,0
27188,0,0,0,0,0,0,0,0,0
27189,0,0,0,0,0,0,0,0,0
27190,0,0,0,0,0,0,0,0,0
27191,0,0,0,0,0,0,0,0,0
27192,0,0,0,0,0,0,0,0,0
27193,0,0,0,0,0,0,0,0,0
27194,0,0,0,0,0,0,0,0,0
27195,0,0,0,0,0,0,0,0,0
27196,0,0,0,0,0,0,0,0,0
27197,0,0,0,0,0,0,0,0,0
27198,0,0,0,0,0,0,0,0,0
27199,0,0,0,0,0,0,0,0,0
27200,0,0,0,0,0,0,0,0,0
27201,0,0,0,0,0,0,0,0,0
27202,0,0,0,0,0,0,0,0,0
27203,0,0,0,0,0,0,0,0,0
27204,0,0,0,0,0,0,0,0,0
27205,1.15588e-06,6.28856e-13,8.89612e-20,5.15932e-21,1.26336e-22,4.89596e-32,3.45993e-62,9.48877e-115,1.15588e-06
27206,0,0,0,0,0,0,0,0,0
27207,0,0,0,0,0,0,0,0,0
27208,0,0,0,0,0,0,0,0,0
27209,0,0,0,0,0,0,0,0,0
27210,0,0,0,0,0,0,0,0,0
27211,1.93802e-06,1.80532e-12,4.50713e-19,2.61228e-20,6.39166e-22,4.57748e-31,4.92006e-60,6.04088e-112,1.93802e-06
27212,0,0,0,0,0,0,0,0,0
27213,0,0,0,0,0,0,0,0,0
27214,0,0,0,0,0,0,0,0,0
27215,0,0,0,0,0,0,0,0,0
27216,2.04227e-06,2.00334e-12,5.24774e-19,3.04004e-20,7.43373e-22,5.53841e-31,5.75622e-60,3.76e-112,2.04227e-06
27217,0,0,0,0,0,0,0,0,0
27218,0,0,0,0,0,0,0,0,0
27219,0,0,0,0,0,0,0,0,0
27220,0,0,0,0,0,0,0,0,0
27221,0,0,0,0,0,0,0,0,0
27222,0,0,0,0,0,0,0,0,0
27223,0,0,0,0,0,0,0,0,0
27224,0,0,0,0,0,0,0,0,0
27225,0,0,0,0,0,0,0,0,0
27226,0,0,0,0,0,0,0,0,0
27227,0,0,0,0,0,0,0,0,0
27228,0,0,0,0,0,0,0,0,0
27229,0,0,0,0,0,0,0,0,0
27230,0,0,0,0,0,0,0,0,0
27231,0,0,0,0,0,0,0,0,0
27232,0,0,0,0,0,0,0,0,0
27233,0,0,0,0,0,0,0,0,0
27234,0,0,0,0,0,0,0,0,0
27235,0,0,0,0,0,0,0,0,0
27236,0,0,0,0,0,0,0,0,0
27237,0,0,0,0,0,0,0,0,0
27238,0,0,0,0,0,0,0,0,0
27239,0,0,0,0,0,0,0,0,0
27240,0,0,0,0,0,0,0,0,0
27241,0,0,0,0,0,0,0,0,0
27242,0,0,0,0,0,0,0,0,0
27243,1.73002e-06,1.43096e-12,3.14642e-19,1.81793e-20,4.43062e-22,2.75027e-31,1.69314e-60,1.00367e-112,1.73002e-06
27244,0,0,0,0,0,0,0,0,0
27245,0,0,0,0,0,0,0,0,0
27246,0,0,0,0,0,0,0,0,0
27247,0,0,0,0,0,0,0,0,0
27248,0,0,0,0,0,0,0,0,0
27249,0,0,0,0,0,0,0,0,0
27250,0,0,0,0,0,0,0,0,0
27251,0,0,0,0,0,0,0,0,0
27252,1.25847e-06,7.51276e-13,1.18425e-19,6.83609e-21,1.66416e-22,7.35209e-32,1.58536e-61,4.4673e-114,1.25847e-06
27253,0,0,0,0,0,0,0,0,0
27254,0,0,0,0,0,0,0,0,0
27255,0,0,0,0,0,0,0,0,0
27256,1.19002e-06,6.73063e-13,1.0114e-19,5.83576e-21,1.41986e-22,6.04643e-32,1.38179e-61,5.82196e-114,1.19002e-06
27257,0,0,0,0,0,0,0,0,0
27258,0,0,0,0,0,0,0,0,0
27259,0,0,0,0,0,0,0,0,0
27260,0,0,0,0,0,0,0,0,0
27261,0,0,0,0,0,0,0,0,0
27262,0,0,0,0,0,0,0,0,0
27263,0,0,0,0,0,0,0,0,0
27264,0,0,0,0,0,0,0,0,0
27265,0,0,0,0,0,0,0,0,0
27266,0,0,0,0,0,0,0,0,0
27267,0,0,0,0,0,0,0,0,0
27268,0,0,0,0,0,0,0,0,0
27269,0,0,0,0,0,0,0,0,0
27270,0,0,0,0,0,0,0,0,0
27271,0,0,0,0,0,0,0,0,0
27272,0,0,0,0,0,0,0,0,0
27273,0,0,0,0,0,0,0,0,0
27274,0,0,0,0,0,0,0,0,0
27275,0,0,0,0,0,0,0,0,0
27276,1.23367e-06,7.21174e-13,1.11094e-19,6.39744e-21,1.55267e-22,6.65926e-32,1.23885e-61,2.15377e-114,1.23367e-06
27277,0,0,0,0,0,0,0,0,0
27278,0,0,0,0,0,0,0,0,0
27279,0,0,0,0,0,0,0,0,0
27280,0,0,0,0,0,0,0,0,0
27281,0,0,0,0,0,0,0,0,0
27282,0,0,0,0,0,0,0,0,0
27283,0,0,0,0,0,0,0,0,0
27284,0,0,0,0,0,0,0,0,0
27285,0,0,0,0,0,0,0,0,0
27286,0,0,0,0,0,0,0,0,0
27287,0,0,0,0,0,0,0,0,0
27288,0,0,0,0,0,0,0,0,0
27289,0,0,0,0,0,0,0,0,0
27290,0,0,0,0,0,0,0,0,0
27291,0,0,0,0,0,0,0,0,0
27292,0,0,0,0,0,0,0,0,0
27293,0,0,0,0,0,0,0,0,0
27294,0,0,0,0,0,0,0,0,0
27295,1.39451e-06,9.27173e-13,1.64029e-19,9.42815e-21,2.28289e-22,1.13892e-31,4.17823e-61,2.15279e-113,1.39451e-06
27296,0,0,0,0,0,0,0,0,0
27297,0,0,0,0,0,0,0,0,0
27298,9.91337e-07,4.56862e-13,5.34065e-20,3.0689e-21,7.42835e-23,2.24232e-32,5.56615e-64,2.60272e-114,9.91337e-07
27299,0,0,0,0,0,0,0,0,0
27300,0,0,0,0,0,0,0,0,0
27301,0,0,0,0,0,0,0,0,0
27302,0,0,0,0,0,0,0,0,0
27303,0,0,0,0,0,0,0,0,0
27304,0,0,0,0,0,0,0,0,0
27305,0,0,0,0,0,0,0,0,0
27306,1.77399e-06,1.48912e-12,3.23698e-19,1.85844e-20,4.49349e-22,2.59574e-31,2.77034e-61,2.43706e-112,1.77399e-06
27307,0,0,0,0,0,0,0,0,0
27308,0,0,0,0,0,0,0,0,0
27309,0,0,0,0,0,0,0,0,0
27310,0,0,0,0,0,0,0,0,0
27311,0,0,0,0,0,0,0,0,0
27312,0,0,0,0,0,0,0,0,0
27313,0,0,0,0,0,0,0,0,0
27314,0,0,0,0,0,0,0,0,0
27315,0,0,0,0,0,0,0,0,0
27316,0,0,0,0,0,0,0,0,0
27317,0,0,0,0,0,0,0,0,0
27318,0,0,0,0,0,0,0,0,0
27319,0,0,0,0,0,0,0,0,0
27320,0,0,0,0,0,0,0,0,0
27321,0,0,0,0,0,0,0,0,0
27322,0,0,0,0,0,0,0,0,0
27323,0,0,0,0,0,0,0,0,0
27324,0,0,0,0,0,0,0,0,0
27325,0,0,0,0,0,0,0,0,0
27326,0,0,0,0,0,0,0,0,0
27327,0,0,0,0,0,0,0,0,0
27328,0,0,0,0,0,0,0,0,0
27329,0,0,0,0,0,0,0,0,0
27330,0,0,0,0,0,0,0,0,0
27331,0,0,0,0,0,0,0,0,0
27332,0,0,0,0,0,0,0,0,0
27333,0,0,0,0,0,0,0,0,0
27334,0,0,0,0,0,0,0,0,0
27335,0,0,0,0,0,0,0,0,0
27336,0,0,0,0,0,0,0,0,0
27337,0,0,0,0,0,0,0,0,0
27338,0,0,0,0,0,0,0,0,0
27339,1.50159e-06,1.07769e-12,2.0636e-19,1.18095e-20,2.84386e-22,1.532e-31,7.40025e-61,4.32878e-113,1.50159e-06
27340,1.31499e-06,8.24726e-13,1.37966e-19,7.89433e-21,1.90068e-22,8.95887e-32,3.0123e-61,1.49275e-113,1.31499e-06
27341,0,0,0,0,0,0,0,0,0
27342,0,0,0,0,0,0,0,0,0
27343,0,0,0,0,0,0,0,0,0
27344,0,0,0,0,0,0,0,0,0
27345,0,0,0,0,0,0,0,0,0
27346,0,0,0,0,0,0,0,0,0
27347,0,0,0,0,0,0,0,0,0
27348,1.7443e-06,1.45989e-12,3.27147e-19,1.87046e-20,4.49902e-22,2.84275e-31,2.27346e-60,1.86949e-112,1.7443e-06
27349,1.3228e-06,8.32262e-13,1.38785e-19,7.9342e-21,1.90818e-22,8.85819e-32,2.47394e-61,7.85974e-114,1.3228e-06
27350,0,0,0,0,0,0,0,0,0
27351,0,0,0,0,0,0,0,0,0
27352,1.49279e-06,1.06324e-12,2.01273e-19,1.15027e-20,2.76522e-22,1.46027e-31,6.05696e-61,2.41364e-113,1.4928e-06
27353,0,0,0,0,0,0,0,0,0
27354,0,0,0,0,0,0,0,0,0
27355,0,0,0,0,0,0,0,0,0
27356,1.47048e-06,1.03337e-12,1.93823e-19,1.10729e-20,2.66067e-22,1.40227e-31,6.49663e-61,3.70416e-113,1.47048e-06
27357,0,0,0,0,0,0,0,0,0
27358,0,0,0,0,0,0,0,0,0
27359,0,0,0,0,0,0,0,0,0
27360,0,0,0,0,0,0,0,0,0
27361,0,0,0,0,0,0,0,0,0
27362,7.9693e-07,2.98285e-13,2.9274e-20,1.67137e-21,4.01301e-23,1.0845e-32,5.86958e-63,6.66428e-116,7.9693e-07
27363,0,0,0,0,0,0,0,0,0
27364,0,0,0,0,0,0,0,0,0
27365,8.07986e-07,2.97594e-13,2.66191e-20,1.51933e-21,3.6466e-23,7.5586e-33,4.09332e-63,2.22544e-114,8.07987e-07
27366,0,0,0,0,0,0,0,0,0
27367,0,0,0,0,0,0,0,0,0
27368,0,0,0,0,0,0,0,0,0
27369,0,0,0,0,0,0,0,0,0
27370,0,0,0,0,0,0,0,0,0
27371,1.51763e-06,1.08573e-12,2.00434e-19,1.14333e-20,2.74207e-22,1.32896e-31,7.53503e-62,5.88464e-113,1.51763e-06
27372,0,0,0,0,0,0,0,0,0
27373,0,0,0,0,0,0,0,0,0
27374,1.76949e-06,1.50387e-12,3.42752e-19,1.95468e-20,4.68656e-22,3.00929e-31,2.62761e-60,2.29429e-112,1.76949e-06
27375,0,0,0,0,0,0,0,0,0
27376,0,0,0,0,0,0,0,0,0
27377,0,0,0,0,0,0,0,0,0
27378,0,0,0,0,0,0,0,0,0
27379,0,0,0,0,0,0,0,0,0
27380,0,0,0,0,0,0,0,0,0
27381,0,0,0,0,0,0,0,0,0
27382,0,0,0,0,0,0,0,0,0
27383,0,0,0,0,0,0,0,0,0
27384,0,0,0,0,0,0,0,0,0
27385,0,0,0,0,0,0,0,0,0
27386,0,0,0,0,0,0,0,0,0
27387,0,0,0,0,0,0,0,0,0
27388,0,0,0,0,0,0,0,0,0
27389,0,0,0,0,0,0,0,0,0
27390,0,0,0,0,0,0,0,0,0
27391,0,0,0,0,0,0,0,0,0
27392,0,0,0,0,0,0,0,0,0
27393,0,0,0,0,0,0,0,0,0
27394,0,0,0,0,0,0,0,0,0
27395,0,0,0,0,0,0,0,0,0
27396,0,0,0,0,0,0,0,0,0
27397,0,0,0,0,0,0,0,0,0
27398,1.71989e-06,1.42034e-12,3.14614e-19,1.78985e-20,4.2783e-22,2.66361e-31,2.16718e-60,1.75604e-112,1.71989e-06
27399,0,0,0,0,0,0,0,0,0
27400,0,0,0,0,0,0,0,0,0
27401,0,0,0,0,0,0,0,0,0
27402,0,0,0,0,0,0,0,0,0
27403,0,0,0,0,0,0,0,0,0
27404,0,0,0,0,0,0,0,0,0
27405,0,0,0,0,0,0,0,0,0
27406,0,0,0,0,0,0,0,0,0
27407,0,0,0,0,0,0,0,0,0
27408,0,0,0,0,0,0,0,0,0
27409,0,0,0,0,0,0,0,0,0
27410,0,0,0,0,0,0,0,0,0
27411,0,0,0,0,0,0,0,0,0
27412,0,0,0,0,0,0,0,0,0
27413,0,0,0,0,0,0,0,0,0
27414,0,0,0,0,0,0,0,0,0
27415,0,0,0,0,0,0,0,0,0
27416,1.30945e-06,8.17381e-13,1.35911e-19,7.71849e-21,1.8409e-22,8.52447e-32,2.74918e-61,1.11452e-113,1.30945e-06
27417,0,0,0,0,0,0,0,0,0
27418,1.19319e-06,6.74623e-13,1.00583e-19,5.71069e-21,1.36157e-22,5.56532e-32,1.03658e-61,2.11278e-114,1.19319e-06
27419,0,0,0,0,0,0,0,0,0
27420,0,0,0,0,0,0,0,0,0
27421,0,0,0,0,0,0,0,0,0
27422,0,0,0,0,0,0,0,0,0
27423,0,0,0,0,0,0,0,0,0
27424,0,0,0,0,0,0,0,0,0
27425,0,0,0,0,0,0,0,0,0
27426,0,0,0,0,0,0,0,0,0
27427,0,0,0,0,0,0,0,0,0
27428,0,0,0,0,0,0,0,0,0
27429,0,0,0,0,0,0,0,0,0
27430,0,0,0,0,0,0,0,0,0
27431,0,0,0,0,0,0,0,0,0
27432,0,0,0,0,0,0,0,0,0
27433,0,0,0,0,0,0,0,0,0
27434,0,0,0,0,0,0,0,0,0
27435,0,0,0,0,0,0,0,0,0
27436,0,0,0,0,0,0,0,0,0
27437,0,0,0,0,0,0,0,0,0
27438,0,0,0,0,0,0,0,0,0
27439,0,0,0,0,0,0,0,0,0
27440,0,0,0,0,0,0,0,0,0
27441,0,0,0,0,0,0,0,0,0
27442,0,0,0,0,0,0,0,0,0
27443,0,0,0,0,0,0,0,0,0
27444,0,0,0,0,0,0,0,0,0
27445,0,0,0,0,0,0,0,0,0
27446,0,0,0,0,0,0,0,0,0
27447,0,0,0,0,0,0,0,0,0
27448,0,0,0,0,0,0,0,0,0
27449,0,0,0,0,0,0,0,0,0
27450,0,0,0,0,0,0,0,0,0
27451,0,0,0,0,0,0,0,0,0
27452,0,0,0,0,0,0,0,0,0
27453,0,0,0,0,0,0,0,0,0
27454,0,0,0,0,0,0,0,0,0
27455,0,0,0,0,0,0,0,0,0
27456,1.87664e-06,1.68617e-12,4.02553e-19,2.277e-20,5.40353e-22,3.53886e-31,2.79328e-60,1.39961e-112,1.87664e-06
27457,0,0,0,0,0,0,0,0,0
27458,0,0,0,0,0,0,0,0,0
27459,0,0,0,0,0,0,0,0,0
27460,0,0,0,0,0,0,0,0,0
27461,0,0,0,0,0,0,0,0,0
27462,0,0,0,0,0,0,0,0,0
27463,0,0,0,0,0,0,0,0,0
27464,0,0,0,0,0,0,0,0,0
27465,0,0,0,0,0,0,0,0,0
27466,0,0,0,0,0,0,0,0,0
27467,0,0,0,0,0,0,0,0,0
27468,0,0,0,0,0,0,0,0,0
27469,0,0,0,0,0,0,0,0,0
27470,0,0,0,0,0,0,0,0,0
27471,0,0,0,0,0,0,0,0,0
27472,0,0,0,0,0,0,0,0,0
27473,0,0,0,0,0,0,0,0,0
27474,0,0,0,0,0,0,0,0,0
27475,0,0,0,0,0,0,0,0,0
27476,0,0,0,0,0,0,0,0,0
27477,0,0,0,0,0,0,0,0,0
27478,0,0,0,0,0,0,0,0,0
27479,0,0,0,0,0,0,0,0,0
27480,0,0,0,0,0,0,0,0,0
27481,2.75235e-06,1.81198e-12,3.1795e-19,1.79399e-20,4.24408e-22,2.05193e-31,7.37e-61,2.59204e-113,2.75235e-06
27482,0,0,0,0,0,0,0,0,0
27483,0,0,0,0,0,0,0,0,0
27484,0,0,0,0,0,0,0,0,0
27485,0,0,0,0,0,0,0,0,0
27486,0,0,0,0,0,0,0,0,0
27487,0,0,0,0,0,0,0,0,0
27488,0,0,0,0,0,0,0,0,0
27489,0,0,0,0,0,0,0,0,0
27490,0,0,0,0,0,0,0,0,0
27491,0,0,0,0,0,0,0,0,0
27492,0,0,0,0,0,0,0,0,0
27493,0,0,0,0,0,0,0,0,0
27494,0,0,0,0,0,0,0,0,0
27495,0,0,0,0,0,0,0,0,0
27496,0,0,0,0,0,0,0,0,0
27497,0,0,0,0,0,0,0,0,0
27498,0,0,0,0,0,0,0,0,0
27499,0,0,0,0,0,0,0,0,0
27500,0,0,0,0,0,0,0,0,0
27501,0,0,0,0,0,0,0,0,0
27502,0,0,0,0,0,0,0,0,0
27503,0,0,0,0,0,0,0,0,0
27504,0,0,0,0,0,0,0,0,0
27505,0,0,0,0,0,0,0,0,0
27506,0,0,0,0,0,0,0,0,0
27507,0,0,0,0,0,0,0,0,0
27508,0,0,0,0,0,0,0,0,0
27509,0,0,0,0,0,0,0,0,0
27510,0,0,0,0,0,0,0,0,0
27511,0,0,0,0,0,0,0,0,0
27512,0,0,0,0,0,0,0,0,0
27513,0,0,0,0,0,0,0,0,0
27514,0,0,0,0,0,0,0,0,0
27515,0,0,0,0,0,0,0,0,0
27516,0,0,0,0,0,0,0,0,0
27517,0,0,0,0,0,0,0,0,0
27518,0,0,0,0,0,0,0,0,0
27519,1.58265e-06,1.18079e-12,2.27009e-19,1.27596e-20,3.00406e-22,1.48701e-31,1.39126e-61,1.96296e-113,1.58265e-06
27520,0,0,0,0,0,0,0,0,0
27521,0,0,0,0,0,0,0,0,0
27522,0,0,0,0,0,0,0,0,0
27523,0,0,0,0,0,0,0,0,0
27524,0,0,0,0,0,0,0,0,0
27525,0,0,0,0,0,0,0,0,0
27526,0,0,0,0,0,0,0,0,0
27527,0,0,0,0,0,0,0,0,0
27528,0,0,0,0,0,0,0,0,0
27529,0,0,0,0,0,0,0,0,0
27530,0,0,0,0,0,0,0,0,0
27531,0,0,0,0,0,0,0,0,0
27532,0,0,0,0,0,0,0,0,0
27533,0,0,0,0,0,0,0,0,0
27534,0,0,0,0,0,0,0,0,0
27535,0,0,0,0,0,0,0,0,0
27536,0,0,0,0,0,0,0,0,0
27537,0,0,0,0,0,0,0,0,0
27538,0,0,0,0,0,0,0,0,0
27539,0,0,0,0,0,0,0,0,0
27540,0,0,0,0,0,0,0,0,0
27541,0,0,0,0,0,0,0,0,0
27542,2.94967e-06,4.22937e-12,1.64026e-18,9.19841e-20,2.1594e-21,2.32344e-30,1.03786e-58,1.90346e-110,2.94968e-06
27543,0,0,0,0,0,0,0,0,0
27544,0,0,0,0,0,0,0,0,0
27545,0,0,0,0,0,0,0,0,0
27546,0,0,0,0,0,0,0,0,0
27547,0,0,0,0,0,0,0,0,0
27548,0,0,0,0,0,0,0,0,0
27549,0,0,0,0,0,0,0,0,0
27550,0,0,0,0,0,0,0,0,0
27551,0,0,0,0,0,0,0,0,0
27552,0,0,0,0,0,0,0,0,0
27553,0,0,0,0,0,0,0,0,0
27554,0,0,0,0,0,0,0,0,0
27555,0,0,0,0,0,0,0,0,0
27556,0,0,0,0,0,0,0,0,0
27557,0,0,0,0,0,0,0,0,0
27558,0,0,0,0,0,0,0,0,0
27559,0,0,0,0,0,0,0,0,0
27560,0,0,0,0,0,0,0,0,0
27561,0,0,0,0,0,0,0,0,0
27562,0,0,0,0,0,0,0,0,0
27563,0,0,0,0,0,0,0,0,0
27564,2.00744e-06,1.93472e-12,4.97084e-19,2.78147e-20,6.51172e-22,4.54727e-31,4.80508e-60,2.6277e-112,2.00744e-06
27565,1.49938e-06,1.0433e-12,1.80914e-19,1.01224e-20,2.36953e-22,9.93985e-32,3.21396e-62,1.34538e-122,1.49938e-06
27566,0,0,0,0,0,0,0,0,0
27567,0,0,0,0,0,0,0,0,0
27568,1.05386e-06,5.24985e-13,6.88379e-20,3.85058e-21,9.01081e-23,3.17627e-32,4.16491e-62,5.71303e-115,1.05386e-06
27569,0,0,0,0,0,0,0,0,0
27570,0,0,0,0,0,0,0,0,0
27571,0,0,0,0,0,0,0,0,0
27572,1.35405e-06,8.70078e-13,1.47204e-19,8.23065e-21,1.92505e-22,8.71851e-32,2.24377e-61,4.02881e-114,1.35405e-06
27573,0,0,0,0,0,0,0,0,0
27574,0,0,0,0,0,0,0,0,0
27575,0,0,0,0,0,0,0,0,0
27576,0,0,0,0,0,0,0,0,0
27577,0,0,0,0,0,0,0,0,0
27578,0,0,0,0,0,0,0,0,0
27579,0,0,0,0,0,0,0,0,0
27580,1.05189e-06,5.21362e-13,6.75533e-20,3.77394e-21,8.81748e-23,3.03223e-32,3.27606e-62,3.18229e-115,1.05189e-06
27581,0,0,0,0,0,0,0,0,0
27582,0,0,0,0,0,0,0,0,0
27583,0,0,0,0,0,0,0,0,0
27584,0,0,0,0,0,0,0,0,0
27585,0,0,0,0,0,0,0,0,0
27586,0,0,0,0,0,0,0,0,0
27587,0,0,0,0,0,0,0,0,0
27588,1.21887e-06,7.00009e-13,1.04548e-19,5.83642e-21,1.36237e-22,5.33164e-32,6.96831e-62,4.17896e-115,1.21887e-06
27589,0,0,0,0,0,0,0,0,0
27590,0,0,0,0,0,0,0,0,0
27591,0,0,0,0,0,0,0,0,0
27592,3.52145e-06,3.10942e-12,7.62963e-19,4.25751e-20,9.93302e-22,6.84715e-31,8.29105e-60,5.21618e-112,3.52146e-06
27593,0,0,0,0,0,0,0,0,0
27594,0,0,0,0,0,0,0,0,0
27595,0,0,0,0,0,0,0,0,0
27596,0,0,0,0,0,0,0,0,0
27597,0,0,0,0,0,0,0,0,0
27598,0,0,0,0,0,0,0,0,0
27599,0,0,0,0,0,0,0,0,0
27600,0,0,0,0,0,0,0,0,0
27601,1.43436e-06,9.80812e-13,1.7799e-19,9.92338e-21,2.31258e-22,1.13308e-31,4.29042e-61,1.18747e-113,1.43436e-06
27602,0,0,0,0,0,0,0,0,0
27603,0,0,0,0,0,0,0,0,0
27604,0,0,0,0,0,0,0,0,0
27605,0,0,0,0,0,0,0,0,0
27606,0,0,0,0,0,0,0,0,0
27607,0,0,0,0,0,0,0,0,0
27608,3.86144e-06,3.73604e-12,1.00563e-18,5.60277e-20,1.30456e-21,9.88165e-31,1.68833e-59,1.42076e-111,3.86144e-06
27609,0,0,0,0,0,0,0,0,0
27610,0,0,0,0,0,0,0,0,0
27611,0,0,0,0,0,0,0,0,0
27612,0,0,0,0,0,0,0,0,0
27613,0,0,0,0,0,0,0,0,0
27614,0,0,0,0,0,0,0,0,0
27615,0,0,0,0,0,0,0,0,0
27616,0,0,0,0,0,0,0,0,0
27617,0,0,0,0,0,0,0,0,0
27618,1.78522e-06,1.52577e-12,3.46755e-19,1.92999e-20,4.48824e-22,2.74761e-31,1.9916e-60,7.78543e-113,1.78522e-06
27619,8.34067e-07,3.21943e-13,3.14001e-20,1.74748e-21,4.06317e-23,9.85848e-33,9.9397e-64,1.81476e-116,8.34067e-07
27620,0,0,0,0,0,0,0,0,0
27621,0,0,0,0,0,0,0,0,0
27622,0,0,0,0,0,0,0,0,0
27623,0,0,0,0,0,0,0,0,0
27624,0,0,0,0,0,0,0,0,0
27625,1.4916e-06,1.05673e-12,1.96785e-19,1.09447e-20,2.54285e-22,1.25324e-31,3.91962e-61,5.78105e-114,1.4916e-06
27626,0,0,0,0,0,0,0,0,0
27627,0,0,0,0,0,0,0,0,0
27628,0,0,0,0,0,0,0,0,0
27629,0,0,0,0,0,0,0,0,0
27630,0,0,0,0,0,0,0,0,0
27631,0,0,0,0,0,0,0,0,0
27632,0,0,0,0,0,0,0,0,0
27633,0,0,0,0,0,0,0,0,0
27634,0,0,0,0,0,0,0,0,0
27635,0,0,0,0,0,0,0,0,0
27636,0,0,0,0,0,0,0,0,0
27637,0,0,0,0,0,0,0,0,0
27638,1.02266e-06,4.88189e-13,5.96651e-20,3.31416e-21,7.68759e-23,2.38427e-32,9.96884e-63,1.10154e-117,1.02266e-06
27639,0,0,0,0,0,0,0,0,0
27640,0,0,0,0,0,0,0,0,0
27641,0,0,0,0,0,0,0,0,0
27642,0,0,0,0,0,0,0,0,0
27643,0,0,0,0,0,0,0,0,0
27644,0,0,0,0,0,0,0,0,0
27645,0,0,0,0,0,0,0,0,0
27646,1.63711e-06,1.28119e-12,2.6647e-19,1.47895e-20,3.42714e-22,1.91397e-31,1.08245e-60,3.49876e-113,1.63711e-06
27647,0,0,0,0,0,0,0,0,0
27648,0,0,0,0,0,0,0,0,0
27649,0,0,0,0,0,0,0,0,0
27650,0,0,0,0,0,0,0,0,0
27651,0,0,0,0,0,0,0,0,0
27652,8.0584e-07,3.03164e-13,2.94636e-20,1.63425e-21,3.78403e-23,9.52148e-33,3.54214e-63,1.10029e-116,8.0584e-07
27653,0,0,0,0,0,0,0,0,0
27654,0,0,0,0,0,0,0,0,0
27655,0,0,0,0,0,0,0,0,0
27656,0,0,0,0,0,0,0,0,0
27657,0,0,0,0,0,0,0,0,0
27658,0,0,0,0,0,0,0,0,0
27659,0,0,0,0,0,0,0,0,0
27660,0,0,0,0,0,0,0,0,0
27661,0,0,0,0,0,0,0,0,0
27662,0,0,0,0,0,0,0,0,0
27663,0,0,0,0,0,0,0,0,0
27664,0,0,0,0,0,0,0,0,0
27665,0,0,0,0,0,0,0,0,0
27666,0,0,0,0,0,0,0,0,0
27667,0,0,0,0,0,0,0,0,0
27668,0,0,0,0,0,0,0,0,0
27669,0,0,0,0,0,0,0,0,0
27670,0,0,0,0,0,0,0,0,0
27671,0,0,0,0,0,0,0,0,0
27672,0,0,0,0,0,0,0,0,0
27673,0,0,0,0,0,0,0,0,0
27674,0,0,0,0,0,0,0,0,0
27675,0,0,0,0,0,0,0,0,0
27676,0,0,0,0,0,0,0,0,0
27677,0,0,0,0,0,0,0,0,0
27678,0,0,0,0,0,0,0,0,0
27679,0,0,0,0,0,0,0,0,0
27680,0,0,0,0,0,0,0,0,0
27681,0,0,0,0,0,0,0,0,0
27682,0,0,0,0,0,0,0,0,0
27683,0,0,0,0,0,0,0,0,0
27684,0,0,0,0,0,0,0,0,0
27685,1.45288e-06,1.00229e-12,1.81756e-19,1.00488e-20,2.31733e-22,1.10471e-31,3.31597e-61,4.91527e-114,1.45288e-06
27686,1.59899e-06,1.21934e-12,2.45997e-19,1.35986e-20,3.13535e-22,1.67799e-31,7.89406e-61,1.87956e-113,1.59899e-06
27687,0,0,0,0,0,0,0,0,0
27688,1.40709e-06,9.42574e-13,1.671e-19,9.23521e-21,2.12874e-22,1.00334e-31,3.36467e-61,6.83832e-114,1.40709e-06
27689,0,0,0,0,0,0,0,0,0
27690,0,0,0,0,0,0,0,0,0
27691,0,0,0,0,0,0,0,0,0
27692,0,0,0,0,0,0,0,0,0
27693,0,0,0,0,0,0,0,0,0
27694,0,0,0,0,0,0,0,0,0
27695,0,0,0,0,0,0,0,0,0
27696,0,0,0,0,0,0,0,0,0
27697,0,0,0,0,0,0,0,0,0
27698,0,0,0,0,0,0,0,0,0
27699,0,0,0,0,0,0,0,0,0
27700,0,0,0,0,0,0,0,0,0
27701,0,0,0,0,0,0,0,0,0
27702,1.0584e-06,5.2461e-13,6.69607e-20,3.69592e-21,8.5052e-23,2.75923e-32,1.598e-62,1.33581e-117,1.0584e-06
27703,8.21208e-07,3.02259e-13,2.57312e-20,1.4201e-21,3.2676e-23,5.41069e-33,1.58401e-62,1.85065e-114,8.21209e-07
27704,0,0,0,0,0,0,0,0,0
27705,0,0,0,0,0,0,0,0,0
27706,0,0,0,0,0,0,0,0,0
27707,0,0,0,0,0,0,0,0,0
27708,0,0,0,0,0,0,0,0,0
27709,0,0,0,0,0,0,0,0,0
27710,0,0,0,0,0,0,0,0,0
27711,0,0,0,0,0,0,0,0,0
27712,0,0,0,0,0,0,0,0,0
27713,0,0,0,0,0,0,0,0,0
27714,2.32633e-06,2.60985e-12,7.83804e-19,4.32093e-20,9.92824e-22,7.98792e-31,1.43308e-59,8.91036e-112,2.32634e-06
27715,0,0,0,0,0,0,0,0,0
27716,0,0,0,0,0,0,0,0,0
27717,1.13441e-06,6.06599e-13,8.45902e-20,4.66196e-21,1.07081e-22,3.87397e-32,4.77773e-62,3.30671e-115,1.13441e-06
27718,0,0,0,0,0,0,0,0,0
27719,0,0,0,0,0,0,0,0,0
27720,0,0,0,0,0,0,0,0,0
27721,0,0,0,0,0,0,0,0,0
27722,0,0,0,0,0,0,0,0,0
27723,1.06251e-06,5.26908e-13,6.67307e-20,3.67552e-21,8.43608e-23,2.66436e-32,9.31373e-63,5.14023e-116,1.06251e-06
27724,0,0,0,0,0,0,0,0,0
27725,7.76388e-07,2.79594e-13,2.56643e-20,1.41321e-21,3.24253e-23,7.46736e-33,1.65087e-63,1.55453e-117,7.76389e-07
27726,0,0,0,0,0,0,0,0,0
27727,0,0,0,0,0,0,0,0,0
27728,0,0,0,0,0,0,0,0,0
27729,0,0,0,0,0,0,0,0,0
27730,0,0,0,0,0,0,0,0,0
27731,0,0,0,0,0,0,0,0,0
27732,0,0,0,0,0,0,0,0,0
27733,0,0,0,0,0,0,0,0,0
27734,0,0,0,0,0,0,0,0,0
27735,0,0,0,0,0,0,0,0,0
27736,0,0,0,0,0,0,0,0,0
27737,0,0,0,0,0,0,0,0,0
27738,0,0,0,0,0,0,0,0,0
27739,0,0,0,0,0,0,0,0,0
27740,0,0,0,0,0,0,0,0,0
27741,0,0,0,0,0,0,0,0,0
27742,0,0,0,0,0,0,0,0,0
27743,0,0,0,0,0,0,0,0,0
27744,0,0,0,0,0,0,0,0,0
27745,1.5198e-06,1.10007e-12,2.1034e-19,1.15601e-20,2.64596e-22,1.32991e-31,5.25365e-61,9.8486e-114,1.5198e-06
27746,0,0,0,0,0,0,0,0,0
27747,0,0,0,0,0,0,0,0,0
27748,0,0,0,0,0,0,0,0,0
27749,0,0,0,0,0,0,0,0,0
27750,0,0,0,0,0,0,0,0,0
27751,0,0,0,0,0,0,0,0,0
27752,0,0,0,0,0,0,0,0,0
27753,0,0,0,0,0,0,0,0,0
27754,0,0,0,0,0,0,0,0,0
27755,0,0,0,0,0,0,0,0,0
27756,1.25004e-06,7.31643e-13,1.0949e-19,6.01065e-21,1.37381e-22,5.09782e-32,2.57075e-62,3.94781e-115,1.25004e-06
27757,0,0,0,0,0,0,0,0,0
27758,0,0,0,0,0,0,0,0,0
27759,0,0,0,0,0,0,0,0,0
27760,1.8268e-06,1.59798e-12,3.71312e-19,2.03751e-20,4.65446e-22,2.85498e-31,2.16297e-60,6.4034e-113,1.82681e-06
27761,0,0,0,0,0,0,0,0,0
27762,0,0,0,0,0,0,0,0,0
27763,0,0,0,0,0,0,0,0,0
27764,0,0,0,0,0,0,0,0,0
27765,0,0,0,0,0,0,0,0,0
27766,0,0,0,0,0,0,0,0,0
27767,0,0,0,0,0,0,0,0,0
27768,0,0,0,0,0,0,0,0,0
27769,0,0,0,0,0,0,0,0,0
27770,1.74856e-06,1.4623e-12,3.24464e-19,1.77871e-20,4.05835e-22,2.37121e-31,1.54581e-60,4.02763e-113,1.74856e-06
27771,1.9802e-06,1.87908e-12,4.73213e-19,2.59389e-20,5.91751e-22,3.91758e-31,3.6054e-60,1.11808e-112,1.9802e-06
27772,0,0,0,0,0,0,0,0,0
27773,0,0,0,0,0,0,0,0,0
27774,0,0,0,0,0,0,0,0,0
27775,0,0,0,0,0,0,0,0,0
27776,0,0,0,0,0,0,0,0,0
27777,0,0,0,0,0,0,0,0,0
27778,0,0,0,0,0,0,0,0,0
27779,0,0,0,0,0,0,0,0,0
27780,0,0,0,0,0,0,0,0,0
27781,2.79171e-06,2.22796e-12,5.25334e-19,2.87674e-20,6.55464e-22,4.26674e-31,4.02145e-60,1.23328e-112,2.79171e-06
27782,0,0,0,0,0,0,0,0,0
27783,0,0,0,0,0,0,0,0,0
27784,0,0,0,0,0,0,0,0,0
27785,0,0,0,0,0,0,0,0,0
27786,0,0,0,0,0,0,0,0,0
27787,0,0,0,0,0,0,0,0,0
27788,0,0,0,0,0,0,0,0,0
27789,1.01996e-06,4.89633e-13,6.12956e-20,3.35385e-21,7.63399e-23,2.46134e-32,2.3294e-62,1.34903e-115,1.01996e-06
27790,0,0,0,0,0,0,0,0,0
27791,0,0,0,0,0,0,0,0,0
27792,0,0,0,0,0,0,0,0,0
27793,0,0,0,0,0,0,0,0,0
27794,0,0,0,0,0,0,0,0,0
27795,0,0,0,0,0,0,0,0,0
27796,0,0,0,0,0,0,0,0,0
27797,0,0,0,0,0,0,0,0,0
27798,8.29146e-07,3.20943e-13,3.2041e-20,1.75168e-21,3.98292e-23,1.00783e-32,3.98748e-63,1.00982e-116,8.29146e-07
27799,0,0,0,0,0,0,0,0,0
27800,0,0,0,0,0,0,0,0,0
27801,0,0,0,0,0,0,0,0,0
27802,0,0,0,0,0,0,0,0,0
27803,0,0,0,0,0,0,0,0,0
27804,1.235e-06,7.14322e-13,1.05776e-19,5.77906e-21,1.31297e-22,4.81237e-32,3.10859e-62,4.27944e-116,1.235e-06
27805,0,0,0,0,0,0,0,0,0
27806,0,0,0,0,0,0,0,0,0
27807,0,0,0,0,0,0,0,0,0
27808,0,0,0,0,0,0,0,0,0
27809,0,0,0,0,0,0,0,0,0
27810,0,0,0,0,0,0,0,0,0
27811,0,0,0,0,0,0,0,0,0
27812,0,0,0,0,0,0,0,0,0
27813,0,0,0,0,0,0,0,0,0
27814,0,0,0,0,0,0,0,0,0
27815,0,0,0,0,0,0,0,0,0
27816,0,0,0,0,0,0,0,0,0
27817,0,0,0,0,0,0,0,0,0
27818,0,0,0,0,0,0,0,0,0
27819,0,0,0,0,0,0,0,0,0
27820,0,0,0,0,0,0,0,0,0
27821,0,0,0,0,0,0,0,0,0
27822,1.19924e-06,6.79226e-13,1.00529e-19,5.48277e-21,1.24291e-22,4.72261e-32,7.3761e-62,5.51571e-115,1.19924e-06
27823,0,0,0,0,0,0,0,0,0
27824,0,0,0,0,0,0,0,0,0
27825,0,0,0,0,0,0,0,0,0
27826,0,0,0,0,0,0,0,0,0
27827,0,0,0,0,0,0,0,0,0
27828,0,0,0,0,0,0,0,0,0
27829,0,0,0,0,0,0,0,0,0
27830,9.07049e-07,3.82772e-13,4.12111e-20,2.24564e-21,5.08513e-23,1.35404e-32,4.69727e-63,4.47754e-117,9.07049e-07
27831,0,0,0,0,0,0,0,0,0
27832,0,0,0,0,0,0,0,0,0
27833,0,0,0,0,0,0,0,0,0
27834,0,0,0,0,0,0,0,0,0
27835,0,0,0,0,0,0,0,0,0
27836,0,0,0,0,0,0,0,0,0
27837,0,0,0,0,0,0,0,0,0
27838,0,0,0,0,0,0,0,0,0
27839,0,0,0,0,0,0,0,0,0
27840,0,0,0,0,0,0,0,0,0
27841,0,0,0,0,0,0,0,0,0
27842,9.71587e-07,4.43799e-13,5.28065e-20,2.87407e-21,6.49848e-23,1.97601e-32,1.59851e-62,7.53254e-116,9.71587e-07
27843,0,0,0,0,0,0,0,0,0
27844,0,0,0,0,0,0,0,0,0
27845,0,0,0,0,0,0,0,0,0
27846,0,0,0,0,0,0,0,0,0
27847,0,0,0,0,0,0,0,0,0
27848,0,0,0,0,0,0,0,0,0
27849,0,0,0,0,0,0,0,0,0
27850,0,0,0,0,0,0,0,0,0
27851,0,0,0,0,0,0,0,0,0
27852,0,0,0,0,0,0,0,0,0
27853,0,0,0,0,0,0,0,0,0
27854,0,0,0,0,0,0,0,0,0
27855,0,0,0,0,0,0,0,0,0
27856,0,0,0,0,0,0,0,0,0
27857,0,0,0,0,0,0,0,0,0
27858,0,0,0,0,0,0,0,0,0
27859,0,0,0,0,0,0,0,0,0
27860,0,0,0,0,0,0,0,0,0
27861,0,0,0,0,0,0,0,0,0
27862,1.14075e-06,6.13319e-13,8.59012e-20,4.66599e-21,1.05237e-22,3.74794e-32,4.68957e-62,2.60703e-115,1.14076e-06
27863,0,0,0,0,0,0,0,0,0
27864,0,0,0,0,0,0,0,0,0
27865,0,0,0,0,0,0,0,0,0
27866,0,0,0,0,0,0,0,0,0
27867,0,0,0,0,0,0,0,0,0
27868,0,0,0,0,0,0,0,0,0
27869,0,0,0,0,0,0,0,0,0
27870,0,0,0,0,0,0,0,0,0
27871,0,0,0,0,0,0,0,0,0
27872,0,0,0,0,0,0,0,0,0
27873,0,0,0,0,0,0,0,0,0
27874,0,0,0,0,0,0,0,0,0
27875,0,0,0,0,0,0,0,0,0
27876,0,0,0,0,0,0,0,0,0
27877,0,0,0,0,0,0,0,0,0
27878,0,0,0,0,0,0,0,0,0
27879,0,0,0,0,0,0,0,0,0
27880,0,0,0,0,0,0,0,0,0
27881,0,0,0,0,0,0,0,0,0
27882,0,0,0,0,0,0,0,0,0
27883,0,0,0,0,0,0,0,0,0
27884,0,0,0,0,0,0,0,0,0
27885,0,0,0,0,0,0,0,0,0
27886,0,0,0,0,0,0,0,0,0
27887,0,0,0,0,0,0,0,0,0
27888,0,0,0,0,0,0,0,0,0
27889,0,0,0,0,0,0,0,0,0
27890,0,0,0,0,0,0,0,0,0
27891,0,0,0,0,0,0,0,0,0
27892,0,0,0,0,0,0,0,0,0
27893,0,0,0,0,0,0,0,0,0
27894,0,0,0,0,0,0,0,0,0
27895,0,0,0,0,0,0,0,0,0
27896,0,0,0,0,0,0,0,0,0
27897,0,0,0,0,0,0,0,0,0
27898,0,0,0,0,0,0,0,0,0
27899,0,0,0,0,0,0,0,0,0
27900,0,0,0,0,0,0,0,0,0
27901,0,0,0,0,0,0,0,0,0
27902,0,0,0,0,0,0,0,0,0
27903,0,0,0,0,0,0,0,0,0
27904,1.82926e-06,7.81063e-13,8.54391e-20,4.62179e-21,1.03702e-22,2.78912e-32,1.00273e-62,2.55549e-116,1.82927e-06
27905,0,0,0,0,0,0,0,0,0
27906,0,0,0,0,0,0,0,0,0
27907,0,0,0,0,0,0,0,0,0
27908,1.86221e-06,1.65664e-12,3.88997e-19,2.10347e-20,4.71746e-22,2.8393e-31,1.9261e-60,3.36592e-113,1.86221e-06
27909,0,0,0,0,0,0,0,0,0
27910,0,0,0,0,0,0,0,0,0
27911,0,0,0,0,0,0,0,0,0
27912,0,0,0,0,0,0,0,0,0
27913,0,0,0,0,0,0,0,0,0
27914,0,0,0,0,0,0,0,0,0
27915,0,0,0,0,0,0,0,0,0
27916,1.05426e-06,5.08828e-13,5.96729e-20,3.22403e-21,7.22286e-23,1.84581e-32,5.90343e-63,1.60647e-114,1.05426e-06
27917,0,0,0,0,0,0,0,0,0
27918,0,0,0,0,0,0,0,0,0
27919,0,0,0,0,0,0,0,0,0
27920,0,0,0,0,0,0,0,0,0
27921,0,0,0,0,0,0,0,0,0
27922,0,0,0,0,0,0,0,0,0
27923,0,0,0,0,0,0,0,0,0
27924,0,0,0,0,0,0,0,0,0
27925,0,0,0,0,0,0,0,0,0
27926,0,0,0,0,0,0,0,0,0
27927,0,0,0,0,0,0,0,0,0
27928,0,0,0,0,0,0,0,0,0
27929,0,0,0,0,0,0,0,0,0
27930,0,0,0,0,0,0,0,0,0
27931,0,0,0,0,0,0,0,0,0
27932,0,0,0,0,0,0,0,0,0
27933,0,0,0,0,0,0,0,0,0
27934,0,0,0,0,0,0,0,0,0
27935,0,0,0,0,0,0,0,0,0
27936,0,0,0,0,0,0,0,0,0
27937,0,0,0,0,0,0,0,0,0
27938,0,0,0,0,0,0,0,0,0
27939,0,0,0,0,0,0,0,0,0
27940,0,0,0,0,0,0,0,0,0
27941,0,0,0,0,0,0,0,0,0
27942,0,0,0,0,0,0,0,0,0
27943,0,0,0,0,0,0,0,0,0
27944,0,0,0,0,0,0,0,0,0
27945,0,0,0,0,0,0,0,0,0
27946,0,0,0,0,0,0,0,0,0
27947,0,0,0,0,0,0,0,0,0
27948,1.44529e-06,9.875e-13,1.7549e-19,9.45089e-21,2.10874e-22,9.36403e-32,2.11538e-61,1.19025e-114,1.44529e-06
27949,0,0,0,0,0,0,0,0,0
27950,0,0,0,0,0,0,0,0,0
27951,0,0,0,0,0,0,0,0,0
27952,0,0,0,0,0,0,0,0,0
27953,0,0,0,0,0,0,0,0,0
27954,0,0,0,0,0,0,0,0,0
27955,0,0,0,0,0,0,0,0,0
27956,0,0,0,0,0,0,0,0,0
27957,0,0,0,0,0,0,0,0,0
27958,0,0,0,0,0,0,0,0,0
27959,0,0,0,0,0,0,0,0,0
27960,0,0,0,0,0,0,0,0,0
27961,0,0,0,0,0,0,0,0,0
27962,0,0,0,0,0,0,0,0,0
27963,0,0,0,0,0,0,0,0,0
27964,0,0,0,0,0,0,0,0,0
27965,0,0,0,0,0,0,0,0,0
27966,0,0,0,0,0,0,0,0,0
27967,0,0,0,0,0,0,0,0,0
27968,0,0,0,0,0,0,0,0,0
27969,0,0,0,0,0,0,0,0,0
27970,0,0,0,0,0,0,0,0,0
27971,0,0,0,0,0,0,0,0,0
27972,0,0,0,0,0,0,0,0,0
27973,0,0,0,0,0,0,0,0,0
27974,0,0,0,0,0,0,0,0,0
27975,0,0,0,0,0,0,0,0,0
27976,0,0,0,0,0,0,0,0,0
27977,0,0,0,0,0,0,0,0,0
27978,0,0,0,0,0,0,0,0,0
27979,0,0,0,0,0,0,0,0,0
27980,0,0,0,0,0,0,0,0,0
27981,0,0,0,0,0,0,0,0,0
27982,0,0,0,0,0,0,0,0,0
27983,0,0,0,0,0,0,0,0,0
27984,0,0,0,0,0,0,0,0,0
27985,0,0,0,0,0,0,0,0,0
27986,0,0,0,0,0,0,0,0,0
27987,0,0,0,0,0,0,0,0,0
27988,0,0,0,0,0,0,0,0,0
27989,0,0,0,0,0,0,0,0,0
27990,8.0485e-07,3.01695e-13,2.90198e-20,1.55646e-21,3.45507e-23,8.15574e-33,2.62559e-63,3.57472e-117,8.0485e-07
27991,0,0,0,0,0,0,0,0,0
27992,0,0,0,0,0,0,0,0,0
27993,0,0,0,0,0,0,0,0,0
27994,0,0,0,0,0,0,0,0,0
27995,0,0,0,0,0,0,0,0,0
27996,0,0,0,0,0,0,0,0,0
27997,0,0,0,0,0,0,0,0,0
27998,0,0,0,0,0,0,0,0,0
27999,0,0,0,0,0,0,0,0,0
28000,0,0,0,0,0,0,0,0,0
28001,0,0,0,0,0,0,0,0,0
28002,0,0,0,0,0,0,0,0,0
28003,0,0,0,0,0,0,0,0,0
28004,0,0,0,0,0,0,0,0,0
28005,0,0,0,0,0,0,0,0,0
28006,1.42889e-06,9.66929e-13,1.70875e-19,9.14979e-21,2.02694e-22,8.9479e-32,2.23257e-61,1.44194e-114,1.42889e-06
28007,0,0,0,0,0,0,0,0,0
28008,0,0,0,0,0,0,0,0,0
28009,0,0,0,0,0,0,0,0,0
28010,0,0,0,0,0,0,0,0,0
28011,0,0,0,0,0,0,0,0,0
28012,0,0,0,0,0,0,0,0,0
28013,0,0,0,0,0,0,0,0,0
28014,0,0,0,0,0,0,0,0,0
28015,0,0,0,0,0,0,0,0,0
28016,0,0,0,0,0,0,0,0,0
28017,0,0,0,0,0,0,0,0,0
28018,0,0,0,0,0,0,0,0,0
28019,0,0,0,0,0,0,0,0,0
28020,0,0,0,0,0,0,0,0,0
28021,0,0,0,0,0,0,0,0,0
28022,0,0,0,0,0,0,0,0,0
28023,0,0,0,0,0,0,0,0,0
28024,0,0,0,0,0,0,0,0,0
28025,0,0,0,0,0,0,0,0,0
28026,0,0,0,0,0,0,0,0,0
28027,0,0,0,0,0,0,0,0,0
28028,0,0,0,0,0,0,0,0,0
28029,0,0,0,0,0,0,0,0,0
28030,0,0,0,0,0,0,0,0,0
28031,0,0,0,0,0,0,0,0,0
28032,0,0,0,0,0,0,0,0,0
28033,1.42416e-06,9.59282e-13,1.68254e-19,8.98489e-21,1.9836e-22,8.61932e-32,1.96021e-61,1.02099e-114,1.42416e-06
28034,0,0,0,0,0,0,0,0,0
28035,0,0,0,0,0,0,0,0,0
28036,1.00785e-06,4.73618e-13,5.6811e-20,3.03309e-21,6.69433e-23,1.9337e-32,9.42962e-63,9.30061e-117,1.00785e-06
28037,0,0,0,0,0,0,0,0,0
28038,0,0,0,0,0,0,0,0,0
28039,0,0,0,0,0,0,0,0,0
28040,0,0,0,0,0,0,0,0,0
28041,0,0,0,0,0,0,0,0,0
28042,1.28894e-06,7.85318e-13,1.24839e-19,6.66083e-21,1.46894e-22,5.80712e-32,1.07092e-61,5.42997e-115,1.28894e-06
28043,0,0,0,0,0,0,0,0,0
28044,0,0,0,0,0,0,0,0,0
28045,0,0,0,0,0,0,0,0,0
28046,0,0,0,0,0,0,0,0,0
28047,0,0,0,0,0,0,0,0,0
28048,0,0,0,0,0,0,0,0,0
28049,0,0,0,0,0,0,0,0,0
28050,0,0,0,0,0,0,0,0,0
28051,0,0,0,0,0,0,0,0,0
28052,0,0,0,0,0,0,0,0,0
28053,0,0,0,0,0,0,0,0,0
28054,0,0,0,0,0,0,0,0,0
28055,0,0,0,0,0,0,0,0,0
28056,0,0,0,0,0,0,0,0,0
28057,0,0,0,0,0,0,0,0,0
28058,0,0,0,0,0,0,0,0,0
28059,0,0,0,0,0,0,0,0,0
28060,0,0,0,0,0,0,0,0,0
28061,0,0,0,0,0,0,0,0,0
28062,0,0,0,0,0,0,0,0,0
28063,0,0,0,0,0,0,0,0,0
28064,0,0,0,0,0,0,0,0,0
28065,0,0,0,0,0,0,0,0,0
28066,0,0,0,0,0,0,0,0,0
28067,2.13952e-06,2.18786e-12,5.88059e-19,3.12969e-20,6.88018e-22,4.60324e-31,4.11362e-60,5.36742e-113,2.13952e-06
28068,1.84953e-06,1.62761e-12,3.7458e-19,1.99332e-20,4.38141e-22,2.49443e-31,1.30234e-60,1.09553e-113,1.84953e-06
28069,0,0,0,0,0,0,0,0,0
28070,0,0,0,0,0,0,0,0,0
28071,0,0,0,0,0,0,0,0,0
28072,0,0,0,0,0,0,0,0,0
28073,0,0,0,0,0,0,0,0,0
28074,0,0,0,0,0,0,0,0,0
28075,0,0,0,0,0,0,0,0,0
28076,0,0,0,0,0,0,0,0,0
28077,0,0,0,0,0,0,0,0,0
28078,0,0,0,0,0,0,0,0,0
28079,0,0,0,0,0,0,0,0,0
28080,0,0,0,0,0,0,0,0,0
28081,0,0,0,0,0,0,0,0,0
28082,0,0,0,0,0,0,0,0,0
28083,0,0,0,0,0,0,0,0,0
28084,1.36228e-06,8.77215e-13,1.47085e-19,7.81483e-21,1.71435e-22,7.08134e-32,1.44602e-61,6.75337e-115,1.36228e-06
28085,0,0,0,0,0,0,0,0,0
28086,0,0,0,0,0,0,0,0,0
28087,0,0,0,0,0,0,0,0,0
28088,0,0,0,0,0,0,0,0,0
28089,0,0,0,0,0,0,0,0,0
28090,0,0,0,0,0,0,0,0,0
28091,0,0,0,0,0,0,0,0,0
28092,0,0,0,0,0,0,0,0,0
28093,0,0,0,0,0,0,0,0,0
28094,0,0,0,0,0,0,0,0,0
28095,0,0,0,0,0,0,0,0,0
28096,0,0,0,0,0,0,0,0,0
28097,0,0,0,0,0,0,0,0,0
28098,0,0,0,0,0,0,0,0,0
28099,0,0,0,0,0,0,0,0,0
28100,0,0,0,0,0,0,0,0,0
28101,0,0,0,0,0,0,0,0,0
28102,0,0,0,0,0,0,0,0,0
28103,0,0,0,0,0,0,0,0,0
28104,0,0,0,0,0,0,0,0,0
28105,0,0,0,0,0,0,0,0,0
28106,0,0,0,0,0,0,0,0,0
28107,0,0,0,0,0,0,0,0,0
28108,0,0,0,0,0,0,0,0,0
28109,0,0,0,0,0,0,0,0,0
28110,0,0,0,0,0,0,0,0,0
28111,0,0,0,0,0,0,0,0,0
28112,0,0,0,0,0,0,0,0,0
28113,0,0,0,0,0,0,0,0,0
28114,8.6035e-07,3.44862e-13,3.54039e-20,1.87553e-21,4.09919e-23,1.01239e-32,3.76517e-63,4.22174e-117,8.6035e-07
28115,0,0,0,0,0,0,0,0,0
28116,0,0,0,0,0,0,0,0,0
28117,0,0,0,0,0,0,0,0,0
28118,0,0,0,0,0,0,0,0,0
28119,0,0,0,0,0,0,0,0,0
28120,0,0,0,0,0,0,0,0,0
28121,0,0,0,0,0,0,0,0,0
28122,0,0,0,0,0,0,0,0,0
28123,0,0,0,0,0,0,0,0,0
28124,0,0,0,0,0,0,0,0,0
28125,0,0,0,0,0,0,0,0,0
28126,0,0,0,0,0,0,0,0,0
28127,0,0,0,0,0,0,0,0,0
28128,0,0,0,0,0,0,0,0,0
28129,0,0,0,0,0,0,0,0,0
28130,0,0,0,0,0,0,0,0,0
28131,0,0,0,0,0,0,0,0,0
28132,0,0,0,0,0,0,0,0,0
28133,1.2546e-06,7.42019e-13,1.13885e-19,6.02167e-21,1.31299e-22,4.91262e-32,7.33285e-62,2.41139e-115,1.2546e-06
28134,0,0,0,0,0,0,0,0,0
28135,0,0,0,0,0,0,0,0,0
28136,0,0,0,0,0,0,0,0,0
28137,0,0,0,0,0,0,0,0,0
28138,0,0,0,0,0,0,0,0,0
28139,0,0,0,0,0,0,0,0,0
28140,0,0,0,0,0,0,0,0,0
28141,0,0,0,0,0,0,0,0,0
28142,0,0,0,0,0,0,0,0,0
28143,0,0,0,0,0,0,0,0,0
28144,0,0,0,0,0,0,0,0,0
28145,0,0,0,0,0,0,0,0,0
28146,0,0,0,0,0,0,0,0,0
28147,0,0,0,0,0,0,0,0,0
28148,0,0,0,0,0,0,0,0,0
28149,0,0,0,0,0,0,0,0,0
28150,8.48186e-07,3.34547e-13,3.36662e-20,1.77708e-21,3.86653e-23,9.26085e-33,2.97705e-63,2.51847e-117,8.48186e-07
28151,0,0,0,0,0,0,0,0,0
28152,0,0,0,0,0,0,0,0,0
28153,0,0,0,0,0,0,0,0,0
28154,1.21546e-06,6.9584e-13,1.03278e-19,5.44934e-21,1.18505e-22,4.27183e-32,5.71351e-62,1.66583e-115,1.21546e-06
28155,0,0,0,0,0,0,0,0,0
28156,0,0,0,0,0,0,0,0,0
28157,0,0,0,0,0,0,0,0,0
28158,0,0,0,0,0,0,0,0,0
28159,0,0,0,0,0,0,0,0,0
28160,0,0,0,0,0,0,0,0,0
28161,0,0,0,0,0,0,0,0,0
28162,1.24752e-06,7.3253e-13,1.11251e-19,5.86534e-21,1.27425e-22,4.67513e-32,6.27983e-62,1.66294e-115,1.24752e-06
28163,0,0,0,0,0,0,0,0,0
28164,0,0,0,0,0,0,0,0,0
28165,0,0,0,0,0,0,0,0,0
28166,0,0,0,0,0,0,0,0,0
28167,0,0,0,0,0,0,0,0,0
28168,0,0,0,0,0,0,0,0,0
28169,0,0,0,0,0,0,0,0,0
28170,0,0,0,0,0,0,0,0,0
28171,0,0,0,0,0,0,0,0,0
28172,0,0,0,0,0,0,0,0,0
28173,0,0,0,0,0,0,0,0,0
28174,0,0,0,0,0,0,0,0,0
28175,0,0,0,0,0,0,0,0,0
28176,0,0,0,0,0,0,0,0,0
28177,0,0,0,0,0,0,0,0,0
28178,0,0,0,0,0,0,0,0,0
28179,0,0,0,0,0,0,0,0,0
28180,0,0,0,0,0,0,0,0,0
28181,0,0,0,0,0,0,0,0,0
28182,0,0,0,0,0,0,0,0,0
28183,0,0,0,0,0,0,0,0,0
28184,0,0,0,0,0,0,0,0,0
28185,9.05846e-07,3.82927e-13,4.15208e-20,2.18394e-21,4.73069e-23,1.22474e-32,5.47074e-63,6.077e-117,9.05847e-07
28186,0,0,0,0,0,0,0,0,0
28187,0,0,0,0,0,0,0,0,0
28188,0,0,0,0,0,0,0,0,0
28189,0,0,0,0,0,0,0,0,0
28190,0,0,0,0,0,0,0,0,0
28191,0,0,0,0,0,0,0,0,0
28192,0,0,0,0,0,0,0,0,0
28193,0,0,0,0,0,0,0,0,0
28194,0,0,0,0,0,0,0,0,0
28195,0,0,0,0,0,0,0,0,0
28196,0,0,0,0,0,0,0,0,0
28197,0,0,0,0,0,0,0,0,0
28198,0,0,0,0,0,0,0,0,0
28199,0,0,0,0,0,0,0,0,0
28200,8.24896e-07,3.16922e-13,3.11928e-20,1.63836e-21,3.54257e-23,8.30616e-33,2.80384e-63,2.62319e-117,8.24897e-07
28201,0,0,0,0,0,0,0,0,0
28202,0,0,0,0,0,0,0,0,0
28203,9.84757e-07,4.53431e-13,5.36305e-20,2.81606e-21,6.08685e-23,1.71714e-32,1.00627e-62,1.31453e-116,9.84758e-07
28204,0,0,0,0,0,0,0,0,0
28205,0,0,0,0,0,0,0,0,0
28206,0,0,0,0,0,0,0,0,0
28207,0,0,0,0,0,0,0,0,0
28208,0,0,0,0,0,0,0,0,0
28209,0,0,0,0,0,0,0,0,0
28210,0,0,0,0,0,0,0,0,0
28211,0,0,0,0,0,0,0,0,0
28212,0,0,0,0,0,0,0,0,0
28213,0,0,0,0,0,0,0,0,0
28214,1.15611e-06,6.28821e-13,8.85692e-20,4.64518e-21,1.00256e-22,3.39929e-32,3.85567e-62,8.89977e-116,1.15611e-06
28215,0,0,0,0,0,0,0,0,0
28216,0,0,0,0,0,0,0,0,0
28217,9.03375e-07,3.80347e-13,4.09584e-20,2.14766e-21,4.63393e-23,1.18131e-32,4.86465e-63,4.5093e-117,9.03376e-07
28218,0,0,0,0,0,0,0,0,0
28219,0,0,0,0,0,0,0,0,0
28220,0,0,0,0,0,0,0,0,0
28221,0,0,0,0,0,0,0,0,0
28222,0,0,0,0,0,0,0,0,0
28223,0,0,0,0,0,0,0,0,0
28224,0,0,0,0,0,0,0,0,0
28225,0,0,0,0,0,0,0,0,0
28226,0,0,0,0,0,0,0,0,0
28227,0,0,0,0,0,0,0,0,0
28228,0,0,0,0,0,0,0,0,0
28229,1.04376e-06,5.10767e-13,6.44506e-20,3.37551e-21,7.27251e-23,2.19346e-32,1.68362e-62,2.75748e-116,1.04376e-06
28230,0,0,0,0,0,0,0,0,0
28231,0,0,0,0,0,0,0,0,0
28232,0,0,0,0,0,0,0,0,0
28233,0,0,0,0,0,0,0,0,0
28234,0,0,0,0,0,0,0,0,0
28235,0,0,0,0,0,0,0,0,0
28236,0,0,0,0,0,0,0,0,0
28237,0,0,0,0,0,0,0,0,0
28238,0,0,0,0,0,0,0,0,0
28239,0,0,0,0,0,0,0,0,0
28240,0,0,0,0,0,0,0,0,0
28241,0,0,0,0,0,0,0,0,0
28242,0,0,0,0,0,0,0,0,0
28243,0,0,0,0,0,0,0,0,0
28244,0,0,0,0,0,0,0,0,0
28245,0,0,0,0,0,0,0,0,0
28246,0,0,0,0,0,0,0,0,0
28247,0,0,0,0,0,0,0,0,0
28248,0,0,0,0,0,0,0,0,0
28249,0,0,0,0,0,0,0,0,0
28250,0,0,0,0,0,0,0,0,0
28251,0,0,0,0,0,0,0,0,0
28252,0,0,0,0,0,0,0,0,0
28253,0,0,0,0,0,0,0,0,0
28254,0,0,0,0,0,0,0,0,0
28255,0,0,0,0,0,0,0,0,0
28256,0,0,0,0,0,0,0,0,0
28257,0,0,0,0,0,0,0,0,0
28258,0,0,0,0,0,0,0,0,0
28259,0,0,0,0,0,0,0,0,0
28260,0,0,0,0,0,0,0,0,0
28261,0,0,0,0,0,0,0,0,0
28262,0,0,0,0,0,0,0,0,0
28263,0,0,0,0,0,0,0,0,0
28264,9.6399e-07,4.34384e-13,5.02701e-20,2.62354e-21,5.62739e-23,1.54133e-32,8.55663e-63,9.84536e-117,9.6399e-07
28265,0,0,0,0,0,0,0,0,0
28266,0,0,0,0,0,0,0,0,0
28267,0,0,0,0,0,0,0,0,0
28268,0,0,0,0,0,0,0,0,0
28269,1.28595e-06,7.78715e-13,1.21901e-19,6.35887e-21,1.36314e-22,5.07851e-32,7.35812e-62,1.62963e-115,1.28596e-06
28270,0,0,0,0,0,0,0,0,0
28271,0,0,0,0,0,0,0,0,0
28272,0,0,0,0,0,0,0,0,0
28273,0,0,0,0,0,0,0,0,0
28274,0,0,0,0,0,0,0,0,0
28275,0,0,0,0,0,0,0,0,0
28276,0,0,0,0,0,0,0,0,0
28277,0,0,0,0,0,0,0,0,0
28278,0,0,0,0,0,0,0,0,0
28279,0,0,0,0,0,0,0,0,0
28280,0,0,0,0,0,0,0,0,0
28281,0,0,0,0,0,0,0,0,0
28282,0,0,0,0,0,0,0,0,0
28283,9.27035e-07,3.91922e-13,4.01471e-20,2.09133e-21,4.4753e-23,9.63403e-33,6.69357e-65,2.80505e-116,9.27036e-07
28284,0,0,0,0,0,0,0,0,0
28285,0,0,0,0,0,0,0,0,0
28286,0,0,0,0,0,0,0,0,0
28287,0,0,0,0,0,0,0,0,0
28288,0,0,0,0,0,0,0,0,0
28289,0,0,0,0,0,0,0,0,0
28290,0,0,0,0,0,0,0,0,0
28291,0,0,0,0,0,0,0,0,0
28292,0,0,0,0,0,0,0,0,0
28293,0,0,0,0,0,0,0,0,0
28294,0,0,0,0,0,0,0,0,0
28295,0,0,0,0,0,0,0,0,0
28296,0,0,0,0,0,0,0,0,0
28297,0,0,0,0,0,0,0,0,0
28298,0,0,0,0,0,0,0,0,0
28299,0,0,0,0,0,0,0,0,0
28300,0,0,0,0,0,0,0,0,0
28301,0,0,0,0,0,0,0,0,0
28302,0,0,0,0,0,0,0,0,0
28303,0,0,0,0,0,0,0,0,0
28304,0,0,0,0,0,0,0,0,0
28305,0,0,0,0,0,0,0,0,0
28306,0,0,0,0,0,0,0,0,0
28307,0,0,0,0,0,0,0,0,0
28308,0,0,0,0,0,0,0,0,0
28309,0,0,0,0,0,0,0,0,0
28310,0,0,0,0,0,0,0,0,0
28311,0,0,0,0,0,0,0,0,0
28312,0,0,0,0,0,0,0,0,0
28313,0,0,0,0,0,0,0,0,0
28314,8.91896e-07,3.70756e-13,3.94228e-20,2.04718e-21,4.36366e-23,1.08538e-32,4.39971e-63,3.52072e-117,8.91896e-07
28315,0,0,0,0,0,0,0,0,0
28316,0,0,0,0,0,0,0,0,0
28317,0,0,0,0,0,0,0,0,0
28318,0,0,0,0,0,0,0,0,0
28319,0,0,0,0,0,0,0,0,0
28320,0,0,0,0,0,0,0,0,0
28321,0,0,0,0,0,0,0,0,0
28322,0,0,0,0,0,0,0,0,0
28323,0,0,0,0,0,0,0,0,0
28324,0,0,0,0,0,0,0,0,0
28325,0,0,0,0,0,0,0,0,0
28326,0,0,0,0,0,0,0,0,0
28327,0,0,0,0,0,0,0,0,0
28328,0,0,0,0,0,0,0,0,0
28329,0,0,0,0,0,0,0,0,0
28330,0,0,0,0,0,0,0,0,0
28331,0,0,0,0,0,0,0,0,0
28332,0,0,0,0,0,0,0,0,0
28333,0,0,0,0,0,0,0,0,0
28334,0,0,0,0,0,0,0,0,0
28335,0,0,0,0,0,0,0,0,0
28336,0,0,0,0,0,0,0,0,0
28337,0,0,0,0,0,0,0,0,0
28338,0,0,0,0,0,0,0,0,0
28339,0,0,0,0,0,0,0,0,0
28340,0,0,0,0,0,0,0,0,0
28341,0,0,0,0,0,0,0,0,0
28342,0,0,0,0,0,0,0,0,0
28343,0,0,0,0,0,0,0,0,0
28344,0,0,0,0,0,0,0,0,0
28345,0,0,0,0,0,0,0,0,0
28346,0,0,0,0,0,0,0,0,0
28347,0,0,0,0,0,0,0,0,0
28348,0,0,0,0,0,0,0,0,0
28349,0,0,0,0,0,0,0,0,0
28350,0,0,0,0,0,0,0,0,0
28351,0,0,0,0,0,0,0,0,0
28352,0,0,0,0,0,0,0,0,0
28353,0,0,0,0,0,0,0,0,0
28354,0,0,0,0,0,0,0,0,0
28355,0,0,0,0,0,0,0,0,0
28356,0,0,0,0,0,0,0,0,0
28357,0,0,0,0,0,0,0,0,0
28358,0,0,0,0,0,0,0,0,0
28359,0,0,0,0,0,0,0,0,0
28360,0,0,0,0,0,0,0,0,0
28361,0,0,0,0,0,0,0,0,0
28362,0,0,0,0,0,0,0,0,0
28363,0,0,0,0,0,0,0,0,0
28364,0,0,0,0,0,0,0,0,0
28365,0,0,0,0,0,0,0,0,0
28366,0,0,0,0,0,0,0,0,0
28367,0,0,0,0,0,0,0,0,0
28368,0,0,0,0,0,0,0,0,0
28369,0,0,0,0,0,0,0,0,0
28370,0,0,0,0,0,0,0,0,0
28371,0,0,0,0,0,0,0,0,0
28372,8.2819e-07,3.19339e-13,3.1489e-20,1.62578e-21,3.44037e-23,7.8828e-33,2.60253e-63,1.67131e-117,8.28191e-07
28373,0,0,0,0,0,0,0,0,0
28374,0,0,0,0,0,0,0,0,0
28375,0,0,0,0,0,0,0,0,0
28376,0,0,0,0,0,0,0,0,0
28377,0,0,0,0,0,0,0,0,0
28378,0,0,0,0,0,0,0,0,0
28379,0,0,0,0,0,0,0,0,0
28380,0,0,0,0,0,0,0,0,0
28381,0,0,0,0,0,0,0,0,0
28382,0,0,0,0,0,0,0,0,0
28383,0,0,0,0,0,0,0,0,0
28384,0,0,0,0,0,0,0,0,0
28385,0,0,0,0,0,0,0,0,0
28386,0,0,0,0,0,0,0,0,0
28387,0,0,0,0,0,0,0,0,0
28388,0,0,0,0,0,0,0,0,0
28389,0,0,0,0,0,0,0,0,0
28390,0,0,0,0,0,0,0,0,0
28391,0,0,0,0,0,0,0,0,0
28392,0,0,0,0,0,0,0,0,0
28393,0,0,0,0,0,0,0,0,0
28394,0,0,0,0,0,0,0,0,0
28395,0,0,0,0,0,0,0,0,0
28396,0,0,0,0,0,0,0,0,0
28397,0,0,0,0,0,0,0,0,0
28398,0,0,0,0,0,0,0,0,0
28399,0,0,0,0,0,0,0,0,0
28400,0,0,0,0,0,0,0,0,0
28401,0,0,0,0,0,0,0,0,0
28402,0,0,0,0,0,0,0,0,0
28403,0,0,0,0,0,0,0,0,0
28404,0,0,0,0,0,0,0,0,0
28405,0,0,0,0,0,0,0,0,0
28406,0,0,0,0,0,0,0,0,0
28407,9.65993e-07,4.35465e-13,5.01969e-20,2.58279e-21,5.44204e-23,1.44761e-32,7.26538e-63,5.35941e-117,9.65994e-07
28408,0,0,0,0,0,0,0,0,0
28409,0,0,0,0,0,0,0,0,0
28410,0,0,0,0,0,0,0,0,0
28411,0,0,0,0,0,0,0,0,0
28412,0,0,0,0,0,0,0,0,0
28413,0,0,0,0,0,0,0,0,0
28414,0,0,0,0,0,0,0,0,0
28415,0,0,0,0,0,0,0,0,0
28416,0,0,0,0,0,0,0,0,0
28417,0,0,0,0,0,0,0,0,0
28418,0,0,0,0,0,0,0,0,0
28419,0,0,0,0,0,0,0,0,0
28420,0,0,0,0,0,0,0,0,0
28421,0,0,0,0,0,0,0,0,0
28422,9.52481e-07,4.22265e-13,4.76148e-20,2.4463e-21,5.14485e-23,1.32456e-32,5.45673e-63,2.81912e-117,9.52482e-07
28423,0,0,0,0,0,0,0,0,0
28424,0,0,0,0,0,0,0,0,0
28425,0,0,0,0,0,0,0,0,0
28426,0,0,0,0,0,0,0,0,0
28427,0,0,0,0,0,0,0,0,0
28428,0,0,0,0,0,0,0,0,0
28429,0,0,0,0,0,0,0,0,0
28430,0,0,0,0,0,0,0,0,0
28431,0,0,0,0,0,0,0,0,0
28432,1.1386e-06,6.07588e-13,8.32241e-20,4.27123e-21,8.97085e-23,2.83659e-32,2.4698e-62,2.5481e-116,1.1386e-06
28433,0,0,0,0,0,0,0,0,0
28434,0,0,0,0,0,0,0,0,0
28435,0,0,0,0,0,0,0,0,0
28436,0,0,0,0,0,0,0,0,0
28437,0,0,0,0,0,0,0,0,0
28438,0,0,0,0,0,0,0,0,0
28439,0,0,0,0,0,0,0,0,0
28440,0,0,0,0,0,0,0,0,0
28441,0,0,0,0,0,0,0,0,0
28442,0,0,0,0,0,0,0,0,0
28443,0,0,0,0,0,0,0,0,0
28444,0,0,0,0,0,0,0,0,0
28445,0,0,0,0,0,0,0,0,0
28446,0,0,0,0,0,0,0,0,0
28447,0,0,0,0,0,0,0,0,0
28448,0,0,0,0,0,0,0,0,0
28449,0,0,0,0,0,0,0,0,0
28450,0,0,0,0,0,0,0,0,0
28451,0,0,0,0,0,0,0,0,0
28452,0,0,0,0,0,0,0,0,0
28453,0,0,0,0,0,0,0,0,0
28454,0,0,0,0,0,0,0,0,0
28455,0,0,0,0,0,0,0,0,0
28456,0,0,0,0,0,0,0,0,0
28457,0,0,0,0,0,0,0,0,0
28458,0,0,0,0,0,0,0,0,0
28459,0,0,0,0,0,0,0,0,0
28460,0,0,0,0,0,0,0,0,0
28461,0,0,0,0,0,0,0,0,0
28462,0,0,0,0,0,0,0,0,0
28463,0,0,0,0,0,0,0,0,0
28464,0,0,0,0,0,0,0,0,0
28465,0,0,0,0,0,0,0,0,0
28466,0,0,0,0,0,0,0,0,0
28467,0,0,0,0,0,0,0,0,0
28468,0,0,0,0,0,0,0,0,0
28469,1.18069e-06,6.51915e-13,9.18248e-20,4.69549e-21,9.81685e-23,3.14232e-32,2.50419e-62,1.73149e-116,1.18069e-06
28470,0,0,0,0,0,0,0,0,0
28471,0,0,0,0,0,0,0,0,0
28472,1.0342e-06,4.97181e-13,6.04238e-20,3.08893e-21,6.45578e-23,1.75825e-32,7.17917e-63,1.76852e-117,1.0342e-06
28473,0,0,0,0,0,0,0,0,0
28474,0,0,0,0,0,0,0,0,0
28475,0,0,0,0,0,0,0,0,0
28476,0,0,0,0,0,0,0,0,0
28477,0,0,0,0,0,0,0,0,0
28478,0,0,0,0,0,0,0,0,0
28479,8.99498e-07,3.73384e-13,3.87198e-20,1.97799e-21,4.13025e-23,9.40388e-33,1.56495e-63,4.90233e-121,8.99498e-07
28480,0,0,0,0,0,0,0,0,0
28481,0,0,0,0,0,0,0,0,0
28482,0,0,0,0,0,0,0,0,0
28483,0,0,0,0,0,0,0,0,0
28484,0,0,0,0,0,0,0,0,0
28485,0,0,0,0,0,0,0,0,0
28486,0,0,0,0,0,0,0,0,0
28487,0,0,0,0,0,0,0,0,0
28488,0,0,0,0,0,0,0,0,0
28489,0,0,0,0,0,0,0,0,0
28490,0,0,0,0,0,0,0,0,0
28491,0,0,0,0,0,0,0,0,0
28492,0,0,0,0,0,0,0,0,0
28493,0,0,0,0,0,0,0,0,0
28494,0,0,0,0,0,0,0,0,0
28495,0,0,0,0,0,0,0,0,0
28496,0,0,0,0,0,0,0,0,0
28497,0,0,0,0,0,0,0,0,0
28498,0,0,0,0,0,0,0,0,0
28499,0,0,0,0,0,0,0,0,0
28500,0,0,0,0,0,0,0,0,0
28501,0,0,0,0,0,0,0,0,0
28502,0,0,0,0,0,0,0,0,0
28503,0,0,0,0,0,0,0,0,0
28504,0,0,0,0,0,0,0,0,0
28505,0,0,0,0,0,0,0,0,0
28506,1.09677e-06,5.6239e-13,7.36972e-20,3.75479e-21,7.81421e-23,2.32651e-32,1.63404e-62,1.15962e-116,1.09677e-06
28507,0,0,0,0,0,0,0,0,0
28508,0,0,0,0,0,0,0,0,0
28509,0,0,0,0,0,0,0,0,0
28510,0,0,0,0,0,0,0,0,0
28511,0,0,0,0,0,0,0,0,0
28512,0,0,0,0,0,0,0,0,0
28513,0,0,0,0,0,0,0,0,0
28514,0,0,0,0,0,0,0,0,0
28515,0,0,0,0,0,0,0,0,0
28516,0,0,0,0,0,0,0,0,0
28517,0,0,0,0,0,0,0,0,0
28518,0,0,0,0,0,0,0,0,0
28519,0,0,0,0,0,0,0,0,0
28520,0,0,0,0,0,0,0,0,0
28521,0,0,0,0,0,0,0,0,0
28522,0,0,0,0,0,0,0,0,0
28523,0,0,0,0,0,0,0,0,0
28524,0,0,0,0,0,0,0,0,0
28525,0,0,0,0,0,0,0,0,0
28526,0,0,0,0,0,0,0,0,0
28527,9.41847e-07,4.13287e-13,4.62202e-20,2.34992e-21,4.87757e-23,1.23342e-32,5.32773e-63,2.63784e-117,9.41847e-07
28528,0,0,0,0,0,0,0,0,0
28529,0,0,0,0,0,0,0,0,0
28530,0,0,0,0,0,0,0,0,0
28531,0,0,0,0,0,0,0,0,0
28532,0,0,0,0,0,0,0,0,0
28533,0,0,0,0,0,0,0,0,0
28534,0,0,0,0,0,0,0,0,0
28535,0,0,0,0,0,0,0,0,0
28536,0,0,0,0,0,0,0,0,0
28537,0,0,0,0,0,0,0,0,0
28538,0,0,0,0,0,0,0,0,0
28539,0,0,0,0,0,0,0,0,0
28540,0,0,0,0,0,0,0,0,0
28541,0,0,0,0,0,0,0,0,0
28542,0,0,0,0,0,0,0,0,0
28543,0,0,0,0,0,0,0,0,0
28544,0,0,0,0,0,0,0,0,0
28545,0,0,0,0,0,0,0,0,0
28546,0,0,0,0,0,0,0,0,0
28547,0,0,0,0,0,0,0,0,0
28548,1.39995e-06,9.22252e-13,1.56184e-19,7.92381e-21,1.64031e-22,6.31345e-32,1.01085e-61,1.1805e-115,1.39995e-06
28549,0,0,0,0,0,0,0,0,0
28550,0,0,0,0,0,0,0,0,0
28551,0,0,0,0,0,0,0,0,0
28552,1.28206e-06,7.71841e-13,1.19246e-19,6.04749e-21,1.25129e-22,4.38522e-32,5.28241e-62,5.07412e-116,1.28207e-06
28553,0,0,0,0,0,0,0,0,0
28554,0,0,0,0,0,0,0,0,0
28555,0,0,0,0,0,0,0,0,0
28556,1.02326e-06,4.886e-13,5.94961e-20,3.0161e-21,6.23749e-23,1.71044e-32,9.41569e-63,5.04258e-117,1.02326e-06
28557,0,0,0,0,0,0,0,0,0
28558,0,0,0,0,0,0,0,0,0
28559,0,0,0,0,0,0,0,0,0
28560,0,0,0,0,0,0,0,0,0
28561,0,0,0,0,0,0,0,0,0
28562,0,0,0,0,0,0,0,0,0
28563,0,0,0,0,0,0,0,0,0
28564,0,0,0,0,0,0,0,0,0
28565,0,0,0,0,0,0,0,0,0
28566,0,0,0,0,0,0,0,0,0
28567,0,0,0,0,0,0,0,0,0
28568,0,0,0,0,0,0,0,0,0
28569,0,0,0,0,0,0,0,0,0
28570,0,0,0,0,0,0,0,0,0
28571,0,0,0,0,0,0,0,0,0
28572,0,0,0,0,0,0,0,0,0
28573,0,0,0,0,0,0,0,0,0
28574,0,0,0,0,0,0,0,0,0
28575,0,0,0,0,0,0,0,0,0
28576,0,0,0,0,0,0,0,0,0
28577,0,0,0,0,0,0,0,0,0
28578,0,0,0,0,0,0,0,0,0
28579,1.74007e-06,1.43334e-12,3.05246e-19,1.54391e-20,3.18379e-22,1.54401e-31,5.2169e-61,9.85632e-115,1.74007e-06
28580,0,0,0,0,0,0,0,0,0
28581,0,0,0,0,0,0,0,0,0
28582,0,0,0,0,0,0,0,0,0
28583,0,0,0,0,0,0,0,0,0
28584,0,0,0,0,0,0,0,0,0
28585,0,0,0,0,0,0,0,0,0
28586,0,0,0,0,0,0,0,0,0
28587,0,0,0,0,0,0,0,0,0
28588,0,0,0,0,0,0,0,0,0
28589,0,0,0,0,0,0,0,0,0
28590,0,0,0,0,0,0,0,0,0
28591,0,0,0,0,0,0,0,0,0
28592,0,0,0,0,0,0,0,0,0
28593,0,0,0,0,0,0,0,0,0
28594,0,0,0,0,0,0,0,0,0
28595,0,0,0,0,0,0,0,0,0
28596,0,0,0,0,0,0,0,0,0
28597,0,0,0,0,0,0,0,0,0
28598,0,0,0,0,0,0,0,0,0
28599,0,0,0,0,0,0,0,0,0
28600,0,0,0,0,0,0,0,0,0
28601,1.22276e-06,6.98475e-13,1.01381e-19,5.11669e-21,1.0523e-22,3.38965e-32,2.7092e-62,1.33819e-116,1.22276e-06
28602,0,0,0,0,0,0,0,0,0
28603,8.27371e-07,3.17277e-13,3.0781e-20,1.55319e-21,3.19344e-23,6.8689e-33,1.71854e-63,4.51663e-118,8.27371e-07
28604,0,0,0,0,0,0,0,0,0
28605,0,0,0,0,0,0,0,0,0
28606,0,0,0,0,0,0,0,0,0
28607,0,0,0,0,0,0,0,0,0
28608,0,0,0,0,0,0,0,0,0
28609,0,0,0,0,0,0,0,0,0
28610,0,0,0,0,0,0,0,0,0
28611,0,0,0,0,0,0,0,0,0
28612,0,0,0,0,0,0,0,0,0
28613,0,0,0,0,0,0,0,0,0
28614,0,0,0,0,0,0,0,0,0
28615,0,0,0,0,0,0,0,0,0
28616,0,0,0,0,0,0,0,0,0
28617,0,0,0,0,0,0,0,0,0
28618,0,0,0,0,0,0,0,0,0
28619,0,0,0,0,0,0,0,0,0
28620,0,0,0,0,0,0,0,0,0
28621,0,0,0,0,0,0,0,0,0
28622,0,0,0,0,0,0,0,0,0
28623,0,0,0,0,0,0,0,0,0
28624,0,0,0,0,0,0,0,0,0
28625,0,0,0,0,0,0,0,0,0
28626,0,0,0,0,0,0,0,0,0
28627,0,0,0,0,0,0,0,0,0
28628,0,0,0,0,0,0,0,0,0
28629,0,0,0,0,0,0,0,0,0
28630,0,0,0,0,0,0,0,0,0
28631,0,0,0,0,0,0,0,0,0
28632,0,0,0,0,0,0,0,0,0
28633,0,0,0,0,0,0,0,0,0
28634,0,0,0,0,0,0,0,0,0
28635,0,0,0,0,0,0,0,0,0
28636,0,0,0,0,0,0,0,0,0
28637,0,0,0,0,0,0,0,0,0
28638,0,0,0,0,0,0,0,0,0
28639,0,0,0,0,0,0,0,0,0
28640,0,0,0,0,0,0,0,0,0
28641,0,0,0,0,0,0,0,0,0
28642,0,0,0,0,0,0,0,0,0
28643,0,0,0,0,0,0,0,0,0
28644,0,0,0,0,0,0,0,0,0
28645,0,0,0,0,0,0,0,0,0
28646,0,0,0,0,0,0,0,0,0
28647,0,0,0,0,0,0,0,0,0
28648,0,0,0,0,0,0,0,0,0
28649,0,0,0,0,0,0,0,0,0
28650,0,0,0,0,0,0,0,0,0
28651,0,0,0,0,0,0,0,0,0
28652,0,0,0,0,0,0,0,0,0
28653,0,0,0,0,0,0,0,0,0
28654,0,0,0,0,0,0,0,0,0
28655,0,0,0,0,0,0,0,0,0
28656,0,0,0,0,0,0,0,0,0
28657,7.54511e-07,2.63387e-13,2.32343e-20,1.16604e-21,2.38111e-23,4.62238e-33,8.75441e-64,1.74912e-118,7.54511e-07
28658,0,0,0,0,0,0,0,0,0
28659,0,0,0,0,0,0,0,0,0
28660,0,0,0,0,0,0,0,0,0
28661,0,0,0,0,0,0,0,0,0
28662,0,0,0,0,0,0,0,0,0
28663,0,0,0,0,0,0,0,0,0
28664,1.2681e-06,7.52361e-13,1.13627e-19,5.69861e-21,1.16269e-22,3.87565e-32,3.65746e-62,1.94937e-116,1.2681e-06
28665,0,0,0,0,0,0,0,0,0
28666,0,0,0,0,0,0,0,0,0
28667,0,0,0,0,0,0,0,0,0
28668,0,0,0,0,0,0,0,0,0
28669,0,0,0,0,0,0,0,0,0
28670,0,0,0,0,0,0,0,0,0
28671,0,0,0,0,0,0,0,0,0
28672,0,0,0,0,0,0,0,0,0
28673,0,0,0,0,0,0,0,0,0
28674,0,0,0,0,0,0,0,0,0
28675,0,0,0,0,0,0,0,0,0
28676,1.03669e-06,5.00623e-13,6.13568e-20,3.07371e-21,6.2625e-23,1.6888e-32,8.5432e-63,3.04763e-117,1.03669e-06
28677,9.90626e-07,4.56953e-13,5.35297e-20,2.6813e-21,5.46222e-23,1.41003e-32,6.39496e-63,2.18045e-117,9.90626e-07
28678,0,0,0,0,0,0,0,0,0
28679,8.42943e-07,3.27883e-13,3.19216e-20,1.59853e-21,3.25535e-23,6.83083e-33,1.29433e-63,1.4953e-118,8.42944e-07
28680,0,0,0,0,0,0,0,0,0
28681,0,0,0,0,0,0,0,0,0
28682,0,0,0,0,0,0,0,0,0
28683,0,0,0,0,0,0,0,0,0
28684,0,0,0,0,0,0,0,0,0
28685,0,0,0,0,0,0,0,0,0
28686,0,0,0,0,0,0,0,0,0
28687,0,0,0,0,0,0,0,0,0
28688,0,0,0,0,0,0,0,0,0
28689,0,0,0,0,0,0,0,0,0
28690,0,0,0,0,0,0,0,0,0
28691,0,0,0,0,0,0,0,0,0
28692,0,0,0,0,0,0,0,0,0
28693,0,0,0,0,0,0,0,0,0
28694,0,0,0,0,0,0,0,0,0
28695,1.06806e-06,5.32132e-13,6.74197e-20,3.37105e-21,6.85199e-23,1.91059e-32,1.10386e-62,4.27001e-117,1.06806e-06
28696,0,0,0,0,0,0,0,0,0
28697,0,0,0,0,0,0,0,0,0
28698,0,0,0,0,0,0,0,0,0
28699,0,0,0,0,0,0,0,0,0
28700,0,0,0,0,0,0,0,0,0
28701,0,0,0,0,0,0,0,0,0
28702,0,0,0,0,0,0,0,0,0
28703,0,0,0,0,0,0,0,0,0
28704,0,0,0,0,0,0,0,0,0
28705,0,0,0,0,0,0,0,0,0
28706,0,0,0,0,0,0,0,0,0
28707,0,0,0,0,0,0,0,0,0
28708,0,0,0,0,0,0,0,0,0
28709,0,0,0,0,0,0,0,0,0
28710,0,0,0,0,0,0,0,0,0
28711,0,0,0,0,0,0,0,0,0
28712,0,0,0,0,0,0,0,0,0
28713,0,0,0,0,0,0,0,0,0
28714,0,0,0,0,0,0,0,0,0
28715,0,0,0,0,0,0,0,0,0
28716,0,0,0,0,0,0,0,0,0
28717,0,0,0,0,0,0,0,0,0
28718,0,0,0,0,0,0,0,0,0
28719,0,0,0,0,0,0,0,0,0
28720,0,0,0,0,0,0,0,0,0
28721,1.10246e-06,5.66529e-13,7.38243e-20,3.68151e-21,7.45815e-23,2.12078e-32,1.23781e-62,4.16998e-117,1.10246e-06
28722,0,0,0,0,0,0,0,0,0
28723,0,0,0,0,0,0,0,0,0
28724,0,0,0,0,0,0,0,0,0
28725,0,0,0,0,0,0,0,0,0
28726,0,0,0,0,0,0,0,0,0
28727,0,0,0,0,0,0,0,0,0
28728,0,0,0,0,0,0,0,0,0
28729,0,0,0,0,0,0,0,0,0
28730,0,0,0,0,0,0,0,0,0
28731,0,0,0,0,0,0,0,0,0
28732,0,0,0,0,0,0,0,0,0
28733,0,0,0,0,0,0,0,0,0
28734,0,0,0,0,0,0,0,0,0
28735,0,0,0,0,0,0,0,0,0
28736,0,0,0,0,0,0,0,0,0
28737,0,0,0,0,0,0,0,0,0
28738,0,0,0,0,0,0,0,0,0
28739,0,0,0,0,0,0,0,0,0
28740,1.0225e-06,4.86428e-13,5.85839e-20,2.91608e-21,5.89375e-23,1.54302e-32,7.04988e-63,1.95712e-117,1.02251e-06
28741,0,0,0,0,0,0,0,0,0
28742,0,0,0,0,0,0,0,0,0
28743,0,0,0,0,0,0,0,0,0
28744,0,0,0,0,0,0,0,0,0
28745,0,0,0,0,0,0,0,0,0
28746,0,0,0,0,0,0,0,0,0
28747,0,0,0,0,0,0,0,0,0
28748,0,0,0,0,0,0,0,0,0
28749,0,0,0,0,0,0,0,0,0
28750,0,0,0,0,0,0,0,0,0
28751,0,0,0,0,0,0,0,0,0
28752,0,0,0,0,0,0,0,0,0
28753,9.10476e-07,3.8506e-13,4.12371e-20,2.05007e-21,4.13695e-23,9.6359e-33,3.23305e-63,7.597e-118,9.10477e-07
28754,0,0,0,0,0,0,0,0,0
28755,0,0,0,0,0,0,0,0,0
28756,0,0,0,0,0,0,0,0,0
28757,0,0,0,0,0,0,0,0,0
28758,0,0,0,0,0,0,0,0,0
28759,0,0,0,0,0,0,0,0,0
28760,0,0,0,0,0,0,0,0,0
28761,0,0,0,0,0,0,0,0,0
28762,0,0,0,0,0,0,0,0,0
28763,0,0,0,0,0,0,0,0,0
28764,0,0,0,0,0,0,0,0,0
28765,1.08809e-06,5.52036e-13,7.10874e-20,3.52968e-21,7.1117e-23,1.99083e-32,1.15704e-62,3.73755e-117,1.08809e-06
28766,0,0,0,0,0,0,0,0,0
28767,0,0,0,0,0,0,0,0,0
28768,0,0,0,0,0,0,0,0,0
28769,0,0,0,0,0,0,0,0,0
28770,0,0,0,0,0,0,0,0,0
28771,0,0,0,0,0,0,0,0,0
28772,0,0,0,0,0,0,0,0,0
28773,0,0,0,0,0,0,0,0,0
28774,0,0,0,0,0,0,0,0,0
28775,0,0,0,0,0,0,0,0,0
28776,0,0,0,0,0,0,0,0,0
28777,0,0,0,0,0,0,0,0,0
28778,1.29926e-06,7.90729e-13,1.22653e-19,6.08244e-21,1.22357e-22,4.13564e-32,4.35454e-62,2.08043e-116,1.29926e-06
28779,0,0,0,0,0,0,0,0,0
28780,0,0,0,0,0,0,0,0,0
28781,0,0,0,0,0,0,0,0,0
28782,0,0,0,0,0,0,0,0,0
28783,0,0,0,0,0,0,0,0,0
28784,0,0,0,0,0,0,0,0,0
28785,0,0,0,0,0,0,0,0,0
28786,0,0,0,0,0,0,0,0,0
28787,0,0,0,0,0,0,0,0,0
28788,0,0,0,0,0,0,0,0,0
28789,0,0,0,0,0,0,0,0,0
28790,7.5513e-07,2.63103e-13,2.30148e-20,1.13986e-21,2.28933e-23,4.28692e-33,6.88525e-64,8.11588e-119,7.5513e-07
28791,0,0,0,0,0,0,0,0,0
28792,0,0,0,0,0,0,0,0,0
28793,0,0,0,0,0,0,0,0,0
28794,0,0,0,0,0,0,0,0,0
28795,0,0,0,0,0,0,0,0,0
28796,0,0,0,0,0,0,0,0,0
28797,0,0,0,0,0,0,0,0,0
28798,0,0,0,0,0,0,0,0,0
28799,0,0,0,0,0,0,0,0,0
28800,0,0,0,0,0,0,0,0,0
28801,0,0,0,0,0,0,0,0,0
28802,0,0,0,0,0,0,0,0,0
28803,0,0,0,0,0,0,0,0,0
28804,0,0,0,0,0,0,0,0,0
28805,0,0,0,0,0,0,0,0,0
28806,0,0,0,0,0,0,0,0,0
28807,0,0,0,0,0,0,0,0,0
28808,0,0,0,0,0,0,0,0,0
28809,0,0,0,0,0,0,0,0,0
28810,0,0,0,0,0,0,0,0,0
28811,0,0,0,0,0,0,0,0,0
28812,0,0,0,0,0,0,0,0,0
28813,0,0,0,0,0,0,0,0,0
28814,0,0,0,0,0,0,0,0,0
28815,0,0,0,0,0,0,0,0,0
28816,1.07772e-06,5.40749e-13,6.86495e-20,3.39137e-21,6.78956e-23,1.85229e-32,9.6574e-63,2.43583e-117,1.07772e-06
28817,0,0,0,0,0,0,0,0,0
28818,0,0,0,0,0,0,0,0,0
28819,0,0,0,0,0,0,0,0,0
28820,0,0,0,0,0,0,0,0,0
28821,0,0,0,0,0,0,0,0,0
28822,0,0,0,0,0,0,0,0,0
28823,0,0,0,0,0,0,0,0,0
28824,0,0,0,0,0,0,0,0,0
28825,0,0,0,0,0,0,0,0,0
28826,0,0,0,0,0,0,0,0,0
28827,0,0,0,0,0,0,0,0,0
28828,0,0,0,0,0,0,0,0,0
28829,0,0,0,0,0,0,0,0,0
28830,0,0,0,0,0,0,0,0,0
28831,0,0,0,0,0,0,0,0,0
28832,0,0,0,0,0,0,0,0,0
28833,0,0,0,0,0,0,0,0,0
28834,0,0,0,0,0,0,0,0,0
28835,0,0,0,0,0,0,0,0,0
28836,0,0,0,0,0,0,0,0,0
28837,0,0,0,0,0,0,0,0,0
28838,0,0,0,0,0,0,0,0,0
28839,0,0,0,0,0,0,0,0,0
28840,9.01978e-07,3.67959e-13,3.56298e-20,1.75606e-21,3.50538e-23,6.40299e-33,1.18243e-64,2.85496e-117,9.01978e-07
28841,0,0,0,0,0,0,0,0,0
28842,0,0,0,0,0,0,0,0,0
28843,0,0,0,0,0,0,0,0,0
28844,0,0,0,0,0,0,0,0,0
28845,0,0,0,0,0,0,0,0,0
28846,0,0,0,0,0,0,0,0,0
28847,0,0,0,0,0,0,0,0,0
28848,0,0,0,0,0,0,0,0,0
28849,0,0,0,0,0,0,0,0,0
28850,0,0,0,0,0,0,0,0,0
28851,0,0,0,0,0,0,0,0,0
28852,0,0,0,0,0,0,0,0,0
28853,9.25652e-07,3.97333e-13,4.29875e-20,2.11578e-21,4.2161e-23,9.71735e-33,3.02643e-63,4.91843e-118,9.25652e-07
28854,0,0,0,0,0,0,0,0,0
28855,0,0,0,0,0,0,0,0,0
28856,0,0,0,0,0,0,0,0,0
28857,0,0,0,0,0,0,0,0,0
28858,0,0,0,0,0,0,0,0,0
28859,0,0,0,0,0,0,0,0,0
28860,0,0,0,0,0,0,0,0,0
28861,0,0,0,0,0,0,0,0,0
28862,0,0,0,0,0,0,0,0,0
28863,1.03989e-06,5.0222e-13,6.10967e-20,3.00411e-21,5.97886e-23,1.54299e-32,6.43183e-63,1.11808e-117,1.03989e-06
28864,0,0,0,0,0,0,0,0,0
28865,0,0,0,0,0,0,0,0,0
28866,0,0,0,0,0,0,0,0,0
28867,0,0,0,0,0,0,0,0,0
28868,0,0,0,0,0,0,0,0,0
28869,0,0,0,0,0,0,0,0,0
28870,0,0,0,0,0,0,0,0,0
28871,0,0,0,0,0,0,0,0,0
28872,0,0,0,0,0,0,0,0,0
28873,0,0,0,0,0,0,0,0,0
28874,0,0,0,0,0,0,0,0,0
28875,0,0,0,0,0,0,0,0,0
28876,0,0,0,0,0,0,0,0,0
28877,0,0,0,0,0,0,0,0,0
28878,0,0,0,0,0,0,0,0,0
28879,0,0,0,0,0,0,0,0,0
28880,0,0,0,0,0,0,0,0,0
28881,0,0,0,0,0,0,0,0,0
28882,0,0,0,0,0,0,0,0,0
28883,0,0,0,0,0,0,0,0,0
28884,0,0,0,0,0,0,0,0,0
28885,0,0,0,0,0,0,0,0,0
28886,0,0,0,0,0,0,0,0,0
28887,0,0,0,0,0,0,0,0,0
28888,0,0,0,0,0,0,0,0,0
28889,0,0,0,0,0,0,0,0,0
28890,0,0,0,0,0,0,0,0,0
28891,0,0,0,0,0,0,0,0,0
28892,0,0,0,0,0,0,0,0,0
28893,0,0,0,0,0,0,0,0,0
28894,0,0,0,0,0,0,0,0,0
28895,0,0,0,0,0,0,0,0,0
28896,0,0,0,0,0,0,0,0,0
28897,0,0,0,0,0,0,0,0,0
28898,0,0,0,0,0,0,0,0,0
28899,0,0,0,0,0,0,0,0,0
28900,0,0,0,0,0,0,0,0,0
28901,0,0,0,0,0,0,0,0,0
28902,0,0,0,0,0,0,0,0,0
28903,0,0,0,0,0,0,0,0,0
28904,0,0,0,0,0,0,0,0,0
28905,0,0,0,0,0,0,0,0,0
28906,0,0,0,0,0,0,0,0,0
28907,0,0,0,0,0,0,0,0,0
28908,0,0,0,0,0,0,0,0,0
28909,0,0,0,0,0,0,0,0,0
28910,0,0,0,0,0,0,0,0,0
28911,0,0,0,0,0,0,0,0,0
28912,0,0,0,0,0,0,0,0,0
28913,0,0,0,0,0,0,0,0,0
28914,0,0,0,0,0,0,0,0,0
28915,0,0,0,0,0,0,0,0,0
28916,0,0,0,0,0,0,0,0,0
28917,0,0,0,0,0,0,0,0,0
28918,0,0,0,0,0,0,0,0,0
28919,0,0,0,0,0,0,0,0,0
28920,0,0,0,0,0,0,0,0,0
28921,0,0,0,0,0,0,0,0,0
28922,0,0,0,0,0,0,0,0,0
28923,0,0,0,0,0,0,0,0,0
28924,0,0,0,0,0,0,0,0,0
28925,0,0,0,0,0,0,0,0,0
28926,0,0,0,0,0,0,0,0,0
28927,0,0,0,0,0,0,0,0,0
28928,0,0,0,0,0,0,0,0,0
28929,0,0,0,0,0,0,0,0,0
28930,0,0,0,0,0,0,0,0,0
28931,0,0,0,0,0,0,0,0,0
28932,0,0,0,0,0,0,0,0,0
28933,0,0,0,0,0,0,0,0,0
28934,0,0,0,0,0,0,0,0,0
28935,0,0,0,0,0,0,0,0,0
28936,0,0,0,0,0,0,0,0,0
28937,0,0,0,0,0,0,0,0,0
28938,0,0,0,0,0,0,0,0,0
28939,0,0,0,0,0,0,0,0,0
28940,0,0,0,0,0,0,0,0,0
28941,0,0,0,0,0,0,0,0,0
28942,0,0,0,0,0,0,0,0,0
28943,0,0,0,0,0,0,0,0,0
28944,7.78051e-07,2.79254e-13,2.51075e-20,1.22466e-21,2.4129e-23,4.53503e-33,7.50764e-64,6.27502e-119,7.78052e-07
28945,0,0,0,0,0,0,0,0,0
28946,0,0,0,0,0,0,0,0,0
28947,7.74023e-07,2.76255e-13,2.46805e-20,1.20343e-21,2.37005e-23,4.41921e-33,7.06412e-64,5.61931e-119,7.74023e-07
28948,0,0,0,0,0,0,0,0,0
28949,0,0,0,0,0,0,0,0,0
28950,0,0,0,0,0,0,0,0,0
28951,0,0,0,0,0,0,0,0,0
28952,0,0,0,0,0,0,0,0,0
28953,0,0,0,0,0,0,0,0,0
28954,0,0,0,0,0,0,0,0,0
28955,0,0,0,0,0,0,0,0,0
28956,0,0,0,0,0,0,0,0,0
28957,0,0,0,0,0,0,0,0,0
28958,7.57069e-07,2.64108e-13,2.30449e-20,1.12248e-21,2.20765e-23,4.01126e-33,5.92443e-64,4.3612e-119,7.57069e-07
28959,0,0,0,0,0,0,0,0,0
28960,0,0,0,0,0,0,0,0,0
28961,0,0,0,0,0,0,0,0,0
28962,0,0,0,0,0,0,0,0,0
28963,0,0,0,0,0,0,0,0,0
28964,0,0,0,0,0,0,0,0,0
28965,0,0,0,0,0,0,0,0,0
28966,0,0,0,0,0,0,0,0,0
28967,0,0,0,0,0,0,0,0,0
28968,0,0,0,0,0,0,0,0,0
28969,0,0,0,0,0,0,0,0,0
28970,0,0,0,0,0,0,0,0,0
28971,0,0,0,0,0,0,0,0,0
28972,0,0,0,0,0,0,0,0,0
28973,0,0,0,0,0,0,0,0,0
28974,0,0,0,0,0,0,0,0,0
28975,0,0,0,0,0,0,0,0,0
28976,0,0,0,0,0,0,0,0,0
28977,0,0,0,0,0,0,0,0,0
28978,0,0,0,0,0,0,0,0,0
28979,0,0,0,0,0,0,0,0,0
28980,0,0,0,0,0,0,0,0,0
28981,0,0,0,0,0,0,0,0,0
28982,0,0,0,0,0,0,0,0,0
28983,0,0,0,0,0,0,0,0,0
28984,0,0,0,0,0,0,0,0,0
28985,0,0,0,0,0,0,0,0,0
28986,8.62334e-07,3.43181e-13,3.41236e-20,1.65754e-21,3.24879e-23,6.67759e-33,1.36273e-63,1.06478e-118,8.62335e-07
28987,0,0,0,0,0,0,0,0,0
28988,0,0,0,0,0,0,0,0,0
28989,0,0,0,0,0,0,0,0,0
28990,0,0,0,0,0,0,0,0,0
28991,0,0,0,0,0,0,0,0,0
28992,0,0,0,0,0,0,0,0,0
28993,0,0,0,0,0,0,0,0,0
28994,0,0,0,0,0,0,0,0,0
28995,0,0,0,0,0,0,0,0,0
28996,0,0,0,0,0,0,0,0,0
28997,0,0,0,0,0,0,0,0,0
28998,0,0,0,0,0,0,0,0,0
28999,0,0,0,0,0,0,0,0,0
29000,0,0,0,0,0,0,0,0,0
29001,0,0,0,0,0,0,0,0,0
29002,0,0,0,0,0,0,0,0,0
29003,0,0,0,0,0,0,0,0,0
29004,0,0,0,0,0,0,0,0,0
29005,0,0,0,0,0,0,0,0,0
29006,0,0,0,0,0,0,0,0,0
29007,0,0,0,0,0,0,0,0,0
29008,0,0,0,0,0,0,0,0,0
29009,0,0,0,0,0,0,0,0,0
29010,0,0,0,0,0,0,0,0,0
29011,0,0,0,0,0,0,0,0,0
29012,0,0,0,0,0,0,0,0,0
29013,0,0,0,0,0,0,0,0,0
29014,0,0,0,0,0,0,0,0,0
29015,0,0,0,0,0,0,0,0,0
29016,0,0,0,0,0,0,0,0,0
29017,0,0,0,0,0,0,0,0,0
29018,0,0,0,0,0,0,0,0,0
29019,0,0,0,0,0,0,0,0,0
29020,0,0,0,0,0,0,0,0,0
29021,0,0,0,0,0,0,0,0,0
29022,0,0,0,0,0,0,0,0,0
29023,0,0,0,0,0,0,0,0,0
29024,0,0,0,0,0,0,0,0,0
29025,0,0,0,0,0,0,0,0,0
29026,0,0,0,0,0,0,0,0,0
29027,0,0,0,0,0,0,0,0,0
29028,0,0,0,0,0,0,0,0,0
29029,0,0,0,0,0,0,0,0,0
29030,0,0,0,0,0,0,0,0,0
29031,0,0,0,0,0,0,0,0,0
29032,0,0,0,0,0,0,0,0,0
29033,0,0,0,0,0,0,0,0,0
29034,0,0,0,0,0,0,0,0,0
29035,0,0,0,0,0,0,0,0,0
29036,0,0,0,0,0,0,0,0,0
29037,0,0,0,0,0,0,0,0,0
29038,0,0,0,0,0,0,0,0,0
29039,0,0,0,0,0,0,0,0,0
29040,0,0,0,0,0,0,0,0,0
29041,7.66228e-07,2.70048e-13,2.36942e-20,1.14465e-21,2.22814e-23,3.99689e-33,5.40815e-64,2.83783e-119,7.66228e-07
29042,0,0,0,0,0,0,0,0,0
29043,0,0,0,0,0,0,0,0,0
29044,0,0,0,0,0,0,0,0,0
29045,0,0,0,0,0,0,0,0,0
29046,0,0,0,0,0,0,0,0,0
29047,0,0,0,0,0,0,0,0,0
29048,0,0,0,0,0,0,0,0,0
29049,0,0,0,0,0,0,0,0,0
29050,0,0,0,0,0,0,0,0,0
29051,0,0,0,0,0,0,0,0,0
29052,0,0,0,0,0,0,0,0,0
29053,0,0,0,0,0,0,0,0,0
29054,0,0,0,0,0,0,0,0,0
29055,0,0,0,0,0,0,0,0,0
29056,0,0,0,0,0,0,0,0,0
29057,0,0,0,0,0,0,0,0,0
29058,0,0,0,0,0,0,0,0,0
29059,0,0,0,0,0,0,0,0,0
29060,0,0,0,0,0,0,0,0,0
29061,0,0,0,0,0,0,0,0,0
29062,0,0,0,0,0,0,0,0,0
29063,0,0,0,0,0,0,0,0,0
29064,0,0,0,0,0,0,0,0,0
29065,0,0,0,0,0,0,0,0,0
29066,0,0,0,0,0,0,0,0,0
29067,0,0,0,0,0,0,0,0,0
29068,0,0,0,0,0,0,0,0,0
29069,0,0,0,0,0,0,0,0,0
29070,0,0,0,0,0,0,0,0,0
29071,0,0,0,0,0,0,0,0,0
29072,0,0,0,0,0,0,0,0,0
29073,0,0,0,0,0,0,0,0,0
29074,0,0,0,0,0,0,0,0,0
29075,0,0,0,0,0,0,0,0,0
29076,0,0,0,0,0,0,0,0,0
29077,0,0,0,0,0,0,0,0,0
29078,0,0,0,0,0,0,0,0,0
29079,0,0,0,0,0,0,0,0,0
29080,0,0,0,0,0,0,0,0,0
29081,0,0,0,0,0,0,0,0,0
29082,0,0,0,0,0,0,0,0,0
29083,0,0,0,0,0,0,0,0,0
29084,0,0,0,0,0,0,0,0,0
29085,0,0,0,0,0,0,0,0,0
29086,0,0,0,0,0,0,0,0,0
29087,0,0,0,0,0,0,0,0,0
29088,0,0,0,0,0,0,0,0,0
29089,0,0,0,0,0,0,0,0,0
29090,0,0,0,0,0,0,0,0,0
29091,0,0,0,0,0,0,0,0,0
29092,0,0,0,0,0,0,0,0,0
29093,0,0,0,0,0,0,0,0,0
29094,0,0,0,0,0,0,0,0,0
29095,0,0,0,0,0,0,0,0,0
29096,0,0,0,0,0,0,0,0,0
29097,0,0,0,0,0,0,0,0,0
29098,0,0,0,0,0,0,0,0,0
29099,0,0,0,0,0,0,0,0,0
29100,0,0,0,0,0,0,0,0,0
29101,0,0,0,0,0,0,0,0,0
29102,0,0,0,0,0,0,0,0,0
29103,9.48321e-07,4.15962e-13,4.5642e-20,2.19143e-21,4.23289e-23,9.46341e-33,2.61294e-63,2.00141e-118,9.48321e-07
29104,0,0,0,0,0,0,0,0,0
29105,8.53592e-07,3.36017e-13,3.29907e-20,1.58367e-21,3.05819e-23,6.09651e-33,1.16668e-63,6.79164e-119,8.53592e-07
29106,0,0,0,0,0,0,0,0,0
29107,0,0,0,0,0,0,0,0,0
29108,0,0,0,0,0,0,0,0,0
29109,0,0,0,0,0,0,0,0,0
29110,0,0,0,0,0,0,0,0,0
29111,0,0,0,0,0,0,0,0,0
29112,0,0,0,0,0,0,0,0,0
29113,0,0,0,0,0,0,0,0,0
29114,0,0,0,0,0,0,0,0,0
29115,0,0,0,0,0,0,0,0,0
29116,0,0,0,0,0,0,0,0,0
29117,0,0,0,0,0,0,0,0,0
29118,0,0,0,0,0,0,0,0,0
29119,0,0,0,0,0,0,0,0,0
29120,0,0,0,0,0,0,0,0,0
29121,0,0,0,0,0,0,0,0,0
29122,0,0,0,0,0,0,0,0,0
29123,0,0,0,0,0,0,0,0,0
29124,0,0,0,0,0,0,0,0,0
29125,0,0,0,0,0,0,0,0,0
29126,8.94291e-07,3.69476e-13,3.81562e-20,1.82776e-21,3.52014e-23,7.38185e-33,1.70235e-63,1.113e-118,8.94292e-07
29127,0,0,0,0,0,0,0,0,0
29128,0,0,0,0,0,0,0,0,0
29129,0,0,0,0,0,0,0,0,0
29130,0,0,0,0,0,0,0,0,0
29131,0,0,0,0,0,0,0,0,0
29132,0,0,0,0,0,0,0,0,0
29133,0,0,0,0,0,0,0,0,0
29134,0,0,0,0,0,0,0,0,0
29135,0,0,0,0,0,0,0,0,0
29136,0,0,0,0,0,0,0,0,0
29137,0,0,0,0,0,0,0,0,0
29138,0,0,0,0,0,0,0,0,0
29139,0,0,0,0,0,0,0,0,0
29140,0,0,0,0,0,0,0,0,0
29141,0,0,0,0,0,0,0,0,0
29142,8.087e-07,3.01227e-13,2.7953e-20,1.33696e-21,2.56996e-23,4.81469e-33,7.73507e-64,3.73059e-119,8.087e-07
29143,0,0,0,0,0,0,0,0,0
29144,0,0,0,0,0,0,0,0,0
29145,0,0,0,0,0,0,0,0,0
29146,0,0,0,0,0,0,0,0,0
29147,0,0,0,0,0,0,0,0,0
29148,0,0,0,0,0,0,0,0,0
29149,1.39406e-06,9.07985e-13,1.49288e-19,7.1353e-21,1.37038e-22,4.60401e-32,4.63542e-62,8.05493e-117,1.39406e-06
29150,0,0,0,0,0,0,0,0,0
29151,0,0,0,0,0,0,0,0,0
29152,0,0,0,0,0,0,0,0,0
29153,0,0,0,0,0,0,0,0,0
29154,0,0,0,0,0,0,0,0,0
29155,0,0,0,0,0,0,0,0,0
29156,0,0,0,0,0,0,0,0,0
29157,0,0,0,0,0,0,0,0,0
29158,0,0,0,0,0,0,0,0,0
29159,0,0,0,0,0,0,0,0,0
29160,0,0,0,0,0,0,0,0,0
29161,0,0,0,0,0,0,0,0,0
29162,0,0,0,0,0,0,0,0,0
29163,0,0,0,0,0,0,0,0,0
29164,0,0,0,0,0,0,0,0,0
29165,0,0,0,0,0,0,0,0,0
29166,0,0,0,0,0,0,0,0,0
29167,0,0,0,0,0,0,0,0,0
29168,0,0,0,0,0,0,0,0,0
29169,0,0,0,0,0,0,0,0,0
29170,0,0,0,0,0,0,0,0,0
29171,0,0,0,0,0,0,0,0,0
29172,0,0,0,0,0,0,0,0,0
29173,0,0,0,0,0,0,0,0,0
29174,0,0,0,0,0,0,0,0,0
29175,0,0,0,0,0,0,0,0,0
29176,0,0,0,0,0,0,0,0,0
29177,0,0,0,0,0,0,0,0,0
29178,0,0,0,0,0,0,0,0,0
29179,0,0,0,0,0,0,0,0,0
29180,0,0,0,0,0,0,0,0,0
29181,0,0,0,0,0,0,0,0,0
29182,0,0,0,0,0,0,0,0,0
29183,0,0,0,0,0,0,0,0,0
29184,7.64421e-07,2.68235e-13,2.33161e-20,1.11048e-21,2.1233e-23,3.67481e-33,4.34801e-64,1.39176e-119,7.64422e-07
29185,0,0,0,0,0,0,0,0,0
29186,0,0,0,0,0,0,0,0,0
29187,0,0,0,0,0,0,0,0,0
29188,0,0,0,0,0,0,0,0,0
29189,0,0,0,0,0,0,0,0,0
29190,0,0,0,0,0,0,0,0,0
29191,0,0,0,0,0,0,0,0,0
29192,0,0,0,0,0,0,0,0,0
29193,0,0,0,0,0,0,0,0,0
29194,0,0,0,0,0,0,0,0,0
29195,0,0,0,0,0,0,0,0,0
29196,0,0,0,0,0,0,0,0,0
29197,0,0,0,0,0,0,0,0,0
29198,0,0,0,0,0,0,0,0,0
29199,0,0,0,0,0,0,0,0,0
29200,0,0,0,0,0,0,0,0,0
29201,0,0,0,0,0,0,0,0,0
29202,0,0,0,0,0,0,0,0,0
29203,0,0,0,0,0,0,0,0,0
29204,0,0,0,0,0,0,0,0,0
29205,0,0,0,0,0,0,0,0,0
29206,0,0,0,0,0,0,0,0,0
29207,0,0,0,0,0,0,0,0,0
29208,0,0,0,0,0,0,0,0,0
29209,0,0,0,0,0,0,0,0,0
29210,0,0,0,0,0,0,0,0,0
29211,0,0,0,0,0,0,0,0,0
29212,0,0,0,0,0,0,0,0,0
29213,0,0,0,0,0,0,0,0,0
29214,0,0,0,0,0,0,0,0,0
29215,0,0,0,0,0,0,0,0,0
29216,0,0,0,0,0,0,0,0,0
29217,0,0,0,0,0,0,0,0,0
29218,0,0,0,0,0,0,0,0,0
29219,0,0,0,0,0,0,0,0,0
29220,0,0,0,0,0,0,0,0,0
29221,0,0,0,0,0,0,0,0,0
29222,1.02049e-06,4.81356e-13,5.65442e-20,2.68288e-21,5.10552e-23,1.19306e-32,3.54779e-63,1.87556e-118,1.02049e-06
29223,0,0,0,0,0,0,0,0,0
29224,0,0,0,0,0,0,0,0,0
29225,0,0,0,0,0,0,0,0,0
29226,0,0,0,0,0,0,0,0,0
29227,0,0,0,0,0,0,0,0,0
29228,0,0,0,0,0,0,0,0,0
29229,0,0,0,0,0,0,0,0,0
29230,0,0,0,0,0,0,0,0,0
29231,0,0,0,0,0,0,0,0,0
29232,0,0,0,0,0,0,0,0,0
29233,0,0,0,0,0,0,0,0,0
29234,0,0,0,0,0,0,0,0,0
29235,0,0,0,0,0,0,0,0,0
29236,0,0,0,0,0,0,0,0,0
29237,0,0,0,0,0,0,0,0,0
29238,0,0,0,0,0,0,0,0,0
29239,0,0,0,0,0,0,0,0,0
29240,0,0,0,0,0,0,0,0,0
29241,0,0,0,0,0,0,0,0,0
29242,0,0,0,0,0,0,0,0,0
29243,0,0,0,0,0,0,0,0,0
29244,0,0,0,0,0,0,0,0,0
29245,0,0,0,0,0,0,0,0,0
29246,0,0,0,0,0,0,0,0,0
29247,0,0,0,0,0,0,0,0,0
29248,0,0,0,0,0,0,0,0,0
29249,0,0,0,0,0,0,0,0,0
29250,0,0,0,0,0,0,0,0,0
29251,0,0,0,0,0,0,0,0,0
29252,0,0,0,0,0,0,0,0,0
29253,0,0,0,0,0,0,0,0,0
29254,0,0,0,0,0,0,0,0,0
29255,0,0,0,0,0,0,0,0,0
29256,0,0,0,0,0,0,0,0,0
29257,0,0,0,0,0,0,0,0,0
29258,0,0,0,0,0,0,0,0,0
29259,0,0,0,0,0,0,0,0,0
29260,0,0,0,0,0,0,0,0,0
29261,0,0,0,0,0,0,0,0,0
29262,0,0,0,0,0,0,0,0,0
29263,0,0,0,0,0,0,0,0,0
29264,0,0,0,0,0,0,0,0,0
29265,0,0,0,0,0,0,0,0,0
29266,0,0,0,0,0,0,0,0,0
29267,0,0,0,0,0,0,0,0,0
29268,0,0,0,0,0,0,0,0,0
29269,0,0,0,0,0,0,0,0,0
29270,0,0,0,0,0,0,0,0,0
29271,0,0,0,0,0,0,0,0,0
29272,0,0,0,0,0,0,0,0,0
29273,0,0,0,0,0,0,0,0,0
29274,0,0,0,0,0,0,0,0,0
29275,0,0,0,0,0,0,0,0,0
29276,0,0,0,0,0,0,0,0,0
29277,0,0,0,0,0,0,0,0,0
29278,0,0,0,0,0,0,0,0,0
29279,0,0,0,0,0,0,0,0,0
29280,0,0,0,0,0,0,0,0,0
29281,0,0,0,0,0,0,0,0,0
29282,0,0,0,0,0,0,0,0,0
29283,0,0,0,0,0,0,0,0,0
29284,0,0,0,0,0,0,0,0,0
29285,0,0,0,0,0,0,0,0,0
29286,0,0,0,0,0,0,0,0,0
29287,0,0,0,0,0,0,0,0,0
29288,0,0,0,0,0,0,0,0,0
29289,0,0,0,0,0,0,0,0,0
29290,0,0,0,0,0,0,0,0,0
29291,0,0,0,0,0,0,0,0,0
29292,0,0,0,0,0,0,0,0,0
29293,0,0,0,0,0,0,0,0,0
29294,0,0,0,0,0,0,0,0,0
29295,0,0,0,0,0,0,0,0,0
29296,0,0,0,0,0,0,0,0,0
29297,0,0,0,0,0,0,0,0,0
29298,1.59563e-06,1.1916e-12,2.24325e-19,1.05636e-20,1.99126e-22,7.48191e-32,1.05728e-61,1.56855e-116,1.59563e-06
29299,0,0,0,0,0,0,0,0,0
29300,0,0,0,0,0,0,0,0,0
29301,0,0,0,0,0,0,0,0,0
29302,0,0,0,0,0,0,0,0,0
29303,0,0,0,0,0,0,0,0,0
29304,0,0,0,0,0,0,0,0,0
29305,0,0,0,0,0,0,0,0,0
29306,0,0,0,0,0,0,0,0,0
29307,0,0,0,0,0,0,0,0,0
29308,0,0,0,0,0,0,0,0,0
29309,0,0,0,0,0,0,0,0,0
29310,0,0,0,0,0,0,0,0,0
29311,0,0,0,0,0,0,0,0,0
29312,0,0,0,0,0,0,0,0,0
29313,0,0,0,0,0,0,0,0,0
29314,0,0,0,0,0,0,0,0,0
29315,0,0,0,0,0,0,0,0,0
29316,0,0,0,0,0,0,0,0,0
29317,0,0,0,0,0,0,0,0,0
29318,0,0,0,0,0,0,0,0,0
29319,0,0,0,0,0,0,0,0,0
29320,0,0,0,0,0,0,0,0,0
29321,0,0,0,0,0,0,0,0,0
29322,0,0,0,0,0,0,0,0,0
29323,0,0,0,0,0,0,0,0,0
29324,0,0,0,0,0,0,0,0,0
29325,0,0,0,0,0,0,0,0,0
29326,0,0,0,0,0,0,0,0,0
29327,0,0,0,0,0,0,0,0,0
29328,0,0,0,0,0,0,0,0,0
29329,0,0,0,0,0,0,0,0,0
29330,0,0,0,0,0,0,0,0,0
29331,0,0,0,0,0,0,0,0,0
29332,0,0,0,0,0,0,0,0,0
29333,0,0,0,0,0,0,0,0,0
29334,0,0,0,0,0,0,0,0,0
29335,0,0,0,0,0,0,0,0,0
29336,0,0,0,0,0,0,0,0,0
29337,0,0,0,0,0,0,0,0,0
29338,0,0,0,0,0,0,0,0,0
29339,0,0,0,0,0,0,0,0,0
29340,0,0,0,0,0,0,0,0,0
29341,0,0,0,0,0,0,0,0,0
29342,0,0,0,0,0,0,0,0,0
29343,0,0,0,0,0,0,0,0,0
29344,0,0,0,0,0,0,0,0,0
29345,0,0,0,0,0,0,0,0,0
29346,0,0,0,0,0,0,0,0,0
29347,0,0,0,0,0,0,0,0,0
29348,0,0,0,0,0,0,0,0,0
29349,7.46667e-07,2.55558e-13,2.16008e-20,1.01207e-21,1.89571e-23,3.10902e-33,3.20964e-64,6.44116e-120,7.46667e-07
29350,0,0,0,0,0,0,0,0,0
29351,0,0,0,0,0,0,0,0,0
29352,0,0,0,0,0,0,0,0,0
29353,0,0,0,0,0,0,0,0,0
29354,0,0,0,0,0,0,0,0,0
29355,0,0,0,0,0,0,0,0,0
29356,0,0,0,0,0,0,0,0,0
29357,0,0,0,0,0,0,0,0,0
29358,0,0,0,0,0,0,0,0,0
29359,0,0,0,0,0,0,0,0,0
29360,0,0,0,0,0,0,0,0,0
29361,0,0,0,0,0,0,0,0,0
29362,0,0,0,0,0,0,0,0,0
29363,0,0,0,0,0,0,0,0,0
29364,0,0,0,0,0,0,0,0,0
29365,0,0,0,0,0,0,0,0,0
29366,0,0,0,0,0,0,0,0,0
29367,0,0,0,0,0,0,0,0,0
29368,0,0,0,0,0,0,0,0,0
29369,0,0,0,0,0,0,0,0,0
29370,0,0,0,0,0,0,0,0,0
29371,0,0,0,0,0,0,0,0,0
29372,0,0,0,0,0,0,0,0,0
29373,0,0,0,0,0,0,0,0,0
29374,0,0,0,0,0,0,0,0,0
29375,0,0,0,0,0,0,0,0,0
29376,1.03021e-06,4.90095e-13,5.78859e-20,2.70497e-21,5.04978e-23,1.15761e-32,3.31775e-63,1.22724e-118,1.03021e-06
29377,0,0,0,0,0,0,0,0,0
29378,0,0,0,0,0,0,0,0,0
29379,0,0,0,0,0,0,0,0,0
29380,0,0,0,0,0,0,0,0,0
29381,0,0,0,0,0,0,0,0,0
29382,0,0,0,0,0,0,0,0,0
29383,0,0,0,0,0,0,0,0,0
29384,0,0,0,0,0,0,0,0,0
29385,0,0,0,0,0,0,0,0,0
29386,0,0,0,0,0,0,0,0,0
29387,0,0,0,0,0,0,0,0,0
29388,0,0,0,0,0,0,0,0,0
29389,0,0,0,0,0,0,0,0,0
29390,0,0,0,0,0,0,0,0,0
29391,0,0,0,0,0,0,0,0,0
29392,0,0,0,0,0,0,0,0,0
29393,0,0,0,0,0,0,0,0,0
29394,0,0,0,0,0,0,0,0,0
29395,0,0,0,0,0,0,0,0,0
29396,0,0,0,0,0,0,0,0,0
29397,0,0,0,0,0,0,0,0,0
29398,0,0,0,0,0,0,0,0,0
29399,0,0,0,0,0,0,0,0,0
29400,0,0,0,0,0,0,0,0,0
29401,0,0,0,0,0,0,0,0,0
29402,0,0,0,0,0,0,0,0,0
29403,0,0,0,0,0,0,0,0,0
29404,0,0,0,0,0,0,0,0,0
29405,0,0,0,0,0,0,0,0,0
29406,0,0,0,0,0,0,0,0,0
29407,0,0,0,0,0,0,0,0,0
29408,0,0,0,0,0,0,0,0,0
29409,0,0,0,0,0,0,0,0,0
29410,0,0,0,0,0,0,0,0,0
29411,0,0,0,0,0,0,0,0,0
29412,0,0,0,0,0,0,0,0,0
29413,0,0,0,0,0,0,0,0,0
29414,0,0,0,0,0,0,0,0,0
29415,0,0,0,0,0,0,0,0,0
29416,0,0,0,0,0,0,0,0,0
29417,0,0,0,0,0,0,0,0,0
29418,0,0,0,0,0,0,0,0,0
29419,0,0,0,0,0,0,0,0,0
29420,0,0,0,0,0,0,0,0,0
29421,0,0,0,0,0,0,0,0,0
29422,0,0,0,0,0,0,0,0,0
29423,0,0,0,0,0,0,0,0,0
29424,0,0,0,0,0,0,0,0,0
29425,0,0,0,0,0,0,0,0,0
29426,0,0,0,0,0,0,0,0,0
29427,0,0,0,0,0,0,0,0,0
29428,0,0,0,0,0,0,0,0,0
29429,0,0,0,0,0,0,0,0,0
29430,0,0,0,0,0,0,0,0,0
29431,0,0,0,0,0,0,0,0,0
29432,0,0,0,0,0,0,0,0,0
29433,0,0,0,0,0,0,0,0,0
29434,0,0,0,0,0,0,0,0,0
29435,0,0,0,0,0,0,0,0,0
29436,0,0,0,0,0,0,0,0,0
29437,0,0,0,0,0,0,0,0,0
29438,0,0,0,0,0,0,0,0,0
29439,0,0,0,0,0,0,0,0,0
29440,0,0,0,0,0,0,0,0,0
29441,0,0,0,0,0,0,0,0,0
29442,0,0,0,0,0,0,0,0,0
29443,0,0,0,0,0,0,0,0,0
29444,0,0,0,0,0,0,0,0,0
29445,0,0,0,0,0,0,0,0,0
29446,0,0,0,0,0,0,0,0,0
29447,0,0,0,0,0,0,0,0,0
29448,0,0,0,0,0,0,0,0,0
29449,0,0,0,0,0,0,0,0,0
29450,0,0,0,0,0,0,0,0,0
29451,0,0,0,0,0,0,0,0,0
29452,0,0,0,0,0,0,0,0,0
29453,0,0,0,0,0,0,0,0,0
29454,0,0,0,0,0,0,0,0,0
29455,0,0,0,0,0,0,0,0,0
29456,0,0,0,0,0,0,0,0,0
29457,0,0,0,0,0,0,0,0,0
29458,0,0,0,0,0,0,0,0,0
29459,0,0,0,0,0,0,0,0,0
29460,0,0,0,0,0,0,0,0,0
29461,0,0,0,0,0,0,0,0,0
29462,0,0,0,0,0,0,0,0,0
29463,0,0,0,0,0,0,0,0,0
29464,0,0,0,0,0,0,0,0,0
29465,0,0,0,0,0,0,0,0,0
29466,0,0,0,0,0,0,0,0,0
29467,0,0,0,0,0,0,0,0,0
29468,0,0,0,0,0,0,0,0,0
29469,0,0,0,0,0,0,0,0,0
29470,0,0,0,0,0,0,0,0,0
29471,0,0,0,0,0,0,0,0,0
29472,0,0,0,0,0,0,0,0,0
29473,0,0,0,0,0,0,0,0,0
29474,7.73438e-07,2.7272e-13,2.34236e-20,1.08393e-21,1.99884e-23,3.20164e-33,2.42844e-64,1.80052e-120,7.73438e-07
29475,0,0,0,0,0,0,0,0,0
29476,0,0,0,0,0,0,0,0,0
29477,0,0,0,0,0,0,0,0,0
29478,0,0,0,0,0,0,0,0,0
29479,0,0,0,0,0,0,0,0,0
29480,0,0,0,0,0,0,0,0,0
29481,0,0,0,0,0,0,0,0,0
29482,0,0,0,0,0,0,0,0,0
29483,0,0,0,0,0,0,0,0,0
29484,0,0,0,0,0,0,0,0,0
29485,0,0,0,0,0,0,0,0,0
29486,0,0,0,0,0,0,0,0,0
29487,0,0,0,0,0,0,0,0,0
29488,0,0,0,0,0,0,0,0,0
29489,0,0,0,0,0,0,0,0,0
29490,0,0,0,0,0,0,0,0,0
29491,0,0,0,0,0,0,0,0,0
29492,0,0,0,0,0,0,0,0,0
29493,0,0,0,0,0,0,0,0,0
29494,0,0,0,0,0,0,0,0,0
29495,0,0,0,0,0,0,0,0,0
29496,0,0,0,0,0,0,0,0,0
29497,0,0,0,0,0,0,0,0,0
29498,0,0,0,0,0,0,0,0,0
29499,0,0,0,0,0,0,0,0,0
29500,0,0,0,0,0,0,0,0,0
29501,0,0,0,0,0,0,0,0,0
29502,0,0,0,0,0,0,0,0,0
29503,0,0,0,0,0,0,0,0,0
29504,0,0,0,0,0,0,0,0,0
29505,0,0,0,0,0,0,0,0,0
29506,0,0,0,0,0,0,0,0,0
29507,0,0,0,0,0,0,0,0,0
29508,0,0,0,0,0,0,0,0,0
29509,0,0,0,0,0,0,0,0,0
29510,0,0,0,0,0,0,0,0,0
29511,0,0,0,0,0,0,0,0,0
29512,0,0,0,0,0,0,0,0,0
29513,0,0,0,0,0,0,0,0,0
29514,0,0,0,0,0,0,0,0,0
29515,0,0,0,0,0,0,0,0,0
29516,0,0,0,0,0,0,0,0,0
29517,0,0,0,0,0,0,0,0,0
29518,0,0,0,0,0,0,0,0,0
29519,0,0,0,0,0,0,0,0,0
29520,0,0,0,0,0,0,0,0,0
29521,0,0,0,0,0,0,0,0,0
29522,0,0,0,0,0,0,0,0,0
29523,0,0,0,0,0,0,0,0,0
29524,0,0,0,0,0,0,0,0,0
29525,0,0,0,0,0,0,0,0,0
29526,0,0,0,0,0,0,0,0,0
29527,0,0,0,0,0,0,0,0,0
29528,0,0,0,0,0,0,0,0,0
29529,0,0,0,0,0,0,0,0,0
29530,0,0,0,0,0,0,0,0,0
29531,0,0,0,0,0,0,0,0,0
29532,0,0,0,0,0,0,0,0,0
29533,0,0,0,0,0,0,0,0,0
29534,0,0,0,0,0,0,0,0,0
29535,0,0,0,0,0,0,0,0,0
29536,0,0,0,0,0,0,0,0,0
29537,0,0,0,0,0,0,0,0,0
29538,0,0,0,0,0,0,0,0,0
29539,0,0,0,0,0,0,0,0,0
29540,0,0,0,0,0,0,0,0,0
29541,0,0,0,0,0,0,0,0,0
29542,0,0,0,0,0,0,0,0,0
29543,0,0,0,0,0,0,0,0,0
29544,0,0,0,0,0,0,0,0,0
29545,0,0,0,0,0,0,0,0,0
29546,0,0,0,0,0,0,0,0,0
29547,0,0,0,0,0,0,0,0,0
29548,0,0,0,0,0,0,0,0,0
29549,0,0,0,0,0,0,0,0,0
29550,0,0,0,0,0,0,0,0,0
29551,0,0,0,0,0,0,0,0,0
29552,0,0,0,0,0,0,0,0,0
29553,0,0,0,0,0,0,0,0,0
29554,0,0,0,0,0,0,0,0,0
29555,0,0,0,0,0,0,0,0,0
29556,0,0,0,0,0,0,0,0,0
29557,0,0,0,0,0,0,0,0,0
29558,0,0,0,0,0,0,0,0,0
29559,0,0,0,0,0,0,0,0,0
29560,0,0,0,0,0,0,0,0,0
29561,0,0,0,0,0,0,0,0,0
29562,0,0,0,0,0,0,0,0,0
29563,0,0,0,0,0,0,0,0,0
29564,0,0,0,0,0,0,0,0,0
29565,0,0,0,0,0,0,0,0,0
29566,0,0,0,0,0,0,0,0,0
29567,0,0,0,0,0,0,0,0,0
29568,0,0,0,0,0,0,0,0,0
29569,0,0,0,0,0,0,0,0,0
29570,0,0,0,0,0,0,0,0,0
29571,0,0,0,0,0,0,0,0,0
29572,0,0,0,0,0,0,0,0,0
29573,0,0,0,0,0,0,0,0,0
29574,0,0,0,0,0,0,0,0,0
29575,0,0,0,0,0,0,0,0,0
29576,0,0,0,0,0,0,0,0,0
29577,0,0,0,0,0,0,0,0,0
29578,0,0,0,0,0,0,0,0,0
29579,0,0,0,0,0,0,0,0,0
29580,0,0,0,0,0,0,0,0,0
29581,0,0,0,0,0,0,0,0,0
29582,0,0,0,0,0,0,0,0,0
29583,0,0,0,0,0,0,0,0,0
29584,0,0,0,0,0,0,0,0,0
29585,0,0,0,0,0,0,0,0,0
29586,0,0,0,0,0,0,0,0,0
29587,0,0,0,0,0,0,0,0,0
29588,0,0,0,0,0,0,0,0,0
29589,0,0,0,0,0,0,0,0,0
29590,0,0,0,0,0,0,0,0,0
29591,0,0,0,0,0,0,0,0,0
29592,0,0,0,0,0,0,0,0,0
29593,0,0,0,0,0,0,0,0,0
29594,0,0,0,0,0,0,0,0,0
29595,0,0,0,0,0,0,0,0,0
29596,0,0,0,0,0,0,0,0,0
29597,0,0,0,0,0,0,0,0,0
29598,0,0,0,0,0,0,0,0,0
29599,0,0,0,0,0,0,0,0,0
29600,0,0,0,0,0,0,0,0,0
29601,0,0,0,0,0,0,0,0,0
29602,0,0,0,0,0,0,0,0,0
29603,0,0,0,0,0,0,0,0,0
29604,0,0,0,0,0,0,0,0,0
29605,0,0,0,0,0,0,0,0,0
29606,0,0,0,0,0,0,0,0,0
29607,0,0,0,0,0,0,0,0,0
29608,0,0,0,0,0,0,0,0,0
29609,0,0,0,0,0,0,0,0,0
29610,0,0,0,0,0,0,0,0,0
29611,0,0,0,0,0,0,0,0,0
29612,0,0,0,0,0,0,0,0,0
29613,0,0,0,0,0,0,0,0,0
29614,0,0,0,0,0,0,0,0,0
29615,0,0,0,0,0,0,0,0,0
29616,0,0,0,0,0,0,0,0,0
29617,0,0,0,0,0,0,0,0,0
29618,0,0,0,0,0,0,0,0,0
29619,0,0,0,0,0,0,0,0,0
29620,0,0,0,0,0,0,0,0,0
29621,0,0,0,0,0,0,0,0,0
29622,0,0,0,0,0,0,0,0,0
29623,0,0,0,0,0,0,0,0,0
29624,0,0,0,0,0,0,0,0,0
29625,0,0,0,0,0,0,0,0,0
29626,0,0,0,0,0,0,0,0,0
29627,0,0,0,0,0,0,0,0,0
29628,0,0,0,0,0,0,0,0,0
29629,0,0,0,0,0,0,0,0,0
29630,0,0,0,0,0,0,0,0,0
29631,0,0,0,0,0,0,0,0,0
29632,0,0,0,0,0,0,0,0,0
29633,0,0,0,0,0,0,0,0,0
29634,0,0,0,0,0,0,0,0,0
29635,0,0,0,0,0,0,0,0,0
29636,0,0,0,0,0,0,0,0,0
29637,0,0,0,0,0,0,0,0,0
29638,0,0,0,0,0,0,0,0,0
29639,1.03533e-06,4.93347e-13,5.78674e-20,2.63447e-21,4.75942e-23,1.03291e-32,2.41554e-63,3.78807e-119,1.03533e-06
29640,0,0,0,0,0,0,0,0,0
29641,0,0,0,0,0,0,0,0,0
29642,0,0,0,0,0,0,0,0,0
29643,0,0,0,0,0,0,0,0,0
29644,0,0,0,0,0,0,0,0,0
29645,0,0,0,0,0,0,0,0,0
29646,0,0,0,0,0,0,0,0,0
29647,0,0,0,0,0,0,0,0,0
29648,0,0,0,0,0,0,0,0,0
29649,0,0,0,0,0,0,0,0,0
29650,0,0,0,0,0,0,0,0,0
29651,0,0,0,0,0,0,0,0,0
29652,0,0,0,0,0,0,0,0,0
29653,0,0,0,0,0,0,0,0,0
29654,0,0,0,0,0,0,0,0,0
29655,0,0,0,0,0,0,0,0,0
29656,0,0,0,0,0,0,0,0,0
29657,0,0,0,0,0,0,0,0,0
29658,0,0,0,0,0,0,0,0,0
29659,0,0,0,0,0,0,0,0,0
29660,0,0,0,0,0,0,0,0,0
29661,0,0,0,0,0,0,0,0,0
29662,0,0,0,0,0,0,0,0,0
29663,0,0,0,0,0,0,0,0,0
29664,0,0,0,0,0,0,0,0,0
29665,0,0,0,0,0,0,0,0,0
29666,0,0,0,0,0,0,0,0,0
29667,0,0,0,0,0,0,0,0,0
29668,0,0,0,0,0,0,0,0,0
29669,0,0,0,0,0,0,0,0,0
29670,0,0,0,0,0,0,0,0,0
29671,0,0,0,0,0,0,0,0,0
29672,0,0,0,0,0,0,0,0,0
29673,0,0,0,0,0,0,0,0,0
29674,0,0,0,0,0,0,0,0,0
29675,0,0,0,0,0,0,0,0,0
29676,0,0,0,0,0,0,0,0,0
29677,0,0,0,0,0,0,0,0,0
29678,0,0,0,0,0,0,0,0,0
29679,0,0,0,0,0,0,0,0,0
29680,0,0,0,0,0,0,0,0,0
29681,0,0,0,0,0,0,0,0,0
29682,0,0,0,0,0,0,0,0,0
29683,0,0,0,0,0,0,0,0,0
29684,0,0,0,0,0,0,0,0,0
29685,0,0,0,0,0,0,0,0,0
29686,0,0,0,0,0,0,0,0,0
29687,0,0,0,0,0,0,0,0,0
29688,0,0,0,0,0,0,0,0,0
29689,0,0,0,0,0,0,0,0,0
29690,0,0,0,0,0,0,0,0,0
29691,0,0,0,0,0,0,0,0,0
29692,0,0,0,0,0,0,0,0,0
29693,0,0,0,0,0,0,0,0,0
29694,0,0,0,0,0,0,0,0,0
29695,0,0,0,0,0,0,0,0,0
29696,0,0,0,0,0,0,0,0,0
29697,0,0,0,0,0,0,0,0,0
29698,0,0,0,0,0,0,0,0,0
29699,0,0,0,0,0,0,0,0,0
29700,0,0,0,0,0,0,0,0,0
29701,0,0,0,0,0,0,0,0,0
29702,0,0,0,0,0,0,0,0,0
29703,7.4762e-07,2.55041e-13,2.1238e-20,9.60761e-22,1.72189e-23,2.60883e-33,2.02014e-64,1.27791e-120,7.47621e-07
29704,0,0,0,0,0,0,0,0,0
29705,0,0,0,0,0,0,0,0,0
29706,0,0,0,0,0,0,0,0,0
29707,0,0,0,0,0,0,0,0,0
29708,0,0,0,0,0,0,0,0,0
29709,0,0,0,0,0,0,0,0,0
29710,0,0,0,0,0,0,0,0,0
29711,0,0,0,0,0,0,0,0,0
29712,0,0,0,0,0,0,0,0,0
29713,0,0,0,0,0,0,0,0,0
29714,0,0,0,0,0,0,0,0,0
29715,0,0,0,0,0,0,0,0,0
29716,0,0,0,0,0,0,0,0,0
29717,0,0,0,0,0,0,0,0,0
29718,0,0,0,0,0,0,0,0,0
29719,0,0,0,0,0,0,0,0,0
29720,0,0,0,0,0,0,0,0,0
29721,0,0,0,0,0,0,0,0,0
29722,0,0,0,0,0,0,0,0,0
29723,0,0,0,0,0,0,0,0,0
29724,0,0,0,0,0,0,0,0,0
29725,0,0,0,0,0,0,0,0,0
29726,0,0,0,0,0,0,0,0,0
29727,0,0,0,0,0,0,0,0,0
29728,0,0,0,0,0,0,0,0,0
29729,0,0,0,0,0,0,0,0,0
29730,0,0,0,0,0,0,0,0,0
29731,0,0,0,0,0,0,0,0,0
29732,0,0,0,0,0,0,0,0,0
29733,0,0,0,0,0,0,0,0,0
29734,0,0,0,0,0,0,0,0,0
29735,0,0,0,0,0,0,0,0,0
29736,0,0,0,0,0,0,0,0,0
29737,0,0,0,0,0,0,0,0,0
29738,0,0,0,0,0,0,0,0,0
29739,0,0,0,0,0,0,0,0,0
29740,8.64086e-07,3.41487e-13,3.29489e-20,1.48509e-21,2.64938e-23,4.61988e-33,5.33275e-64,3.82677e-120,8.64086e-07
29741,0,0,0,0,0,0,0,0,0
29742,0,0,0,0,0,0,0,0,0
29743,0,0,0,0,0,0,0,0,0
29744,0,0,0,0,0,0,0,0,0
29745,0,0,0,0,0,0,0,0,0
29746,0,0,0,0,0,0,0,0,0
29747,0,0,0,0,0,0,0,0,0
29748,0,0,0,0,0,0,0,0,0
29749,0,0,0,0,0,0,0,0,0
29750,0,0,0,0,0,0,0,0,0
29751,0,0,0,0,0,0,0,0,0
29752,9.19215e-07,3.86372e-13,3.95496e-20,1.78046e-21,3.1715e-23,5.82774e-33,7.39933e-64,4.93168e-120,9.19215e-07
29753,0,0,0,0,0,0,0,0,0
29754,7.61249e-07,2.64548e-13,2.24456e-20,1.01028e-21,1.7992e-23,2.75926e-33,2.25949e-64,1.33896e-120,7.61249e-07
29755,0,0,0,0,0,0,0,0,0
29756,0,0,0,0,0,0,0,0,0
29757,0,0,0,0,0,0,0,0,0
29758,0,0,0,0,0,0,0,0,0
29759,0,0,0,0,0,0,0,0,0
29760,0,0,0,0,0,0,0,0,0
29761,0,0,0,0,0,0,0,0,0
29762,0,0,0,0,0,0,0,0,0
29763,0,0,0,0,0,0,0,0,0
29764,0,0,0,0,0,0,0,0,0
29765,0,0,0,0,0,0,0,0,0
29766,0,0,0,0,0,0,0,0,0
29767,0,0,0,0,0,0,0,0,0
29768,0,0,0,0,0,0,0,0,0
29769,0,0,0,0,0,0,0,0,0
29770,0,0,0,0,0,0,0,0,0
29771,0,0,0,0,0,0,0,0,0
29772,0,0,0,0,0,0,0,0,0
29773,0,0,0,0,0,0,0,0,0
29774,0,0,0,0,0,0,0,0,0
29775,0,0,0,0,0,0,0,0,0
29776,0,0,0,0,0,0,0,0,0
29777,0,0,0,0,0,0,0,0,0
29778,0,0,0,0,0,0,0,0,0
29779,0,0,0,0,0,0,0,0,0
29780,0,0,0,0,0,0,0,0,0
29781,0,0,0,0,0,0,0,0,0
29782,0,0,0,0,0,0,0,0,0
29783,0,0,0,0,0,0,0,0,0
29784,0,0,0,0,0,0,0,0,0
29785,0,0,0,0,0,0,0,0,0
29786,0,0,0,0,0,0,0,0,0
29787,0,0,0,0,0,0,0,0,0
29788,0,0,0,0,0,0,0,0,0
29789,0,0,0,0,0,0,0,0,0
29790,0,0,0,0,0,0,0,0,0
29791,0,0,0,0,0,0,0,0,0
29792,0,0,0,0,0,0,0,0,0
29793,0,0,0,0,0,0,0,0,0
29794,0,0,0,0,0,0,0,0,0
29795,0,0,0,0,0,0,0,0,0
29796,0,0,0,0,0,0,0,0,0
29797,0,0,0,0,0,0,0,0,0
29798,0,0,0,0,0,0,0,0,0
29799,0,0,0,0,0,0,0,0,0
29800,0,0,0,0,0,0,0,0,0
29801,0,0,0,0,0,0,0,0,0
29802,0,0,0,0,0,0,0,0,0
29803,0,0,0,0,0,0,0,0,0
29804,0,0,0,0,0,0,0,0,0
29805,0,0,0,0,0,0,0,0,0
29806,0,0,0,0,0,0,0,0,0
29807,0,0,0,0,0,0,0,0,0
29808,0,0,0,0,0,0,0,0,0
29809,0,0,0,0,0,0,0,0,0
29810,0,0,0,0,0,0,0,0,0
29811,0,0,0,0,0,0,0,0,0
29812,0,0,0,0,0,0,0,0,0
29813,0,0,0,0,0,0,0,0,0
29814,0,0,0,0,0,0,0,0,0
29815,0,0,0,0,0,0,0,0,0
29816,0,0,0,0,0,0,0,0,0
29817,0,0,0,0,0,0,0,0,0
29818,0,0,0,0,0,0,0,0,0
29819,0,0,0,0,0,0,0,0,0
29820,0,0,0,0,0,0,0,0,0
29821,0,0,0,0,0,0,0,0,0
29822,0,0,0,0,0,0,0,0,0
29823,0,0,0,0,0,0,0,0,0
29824,0,0,0,0,0,0,0,0,0
29825,0,0,0,0,0,0,0,0,0
29826,0,0,0,0,0,0,0,0,0
29827,0,0,0,0,0,0,0,0,0
29828,0,0,0,0,0,0,0,0,0
29829,0,0,0,0,0,0,0,0,0
29830,0,0,0,0,0,0,0,0,0
29831,0,0,0,0,0,0,0,0,0
29832,0,0,0,0,0,0,0,0,0
29833,0,0,0,0,0,0,0,0,0
29834,0,0,0,0,0,0,0,0,0
29835,0,0,0,0,0,0,0,0,0
29836,0,0,0,0,0,0,0,0,0
29837,0,0,0,0,0,0,0,0,0
29838,0,0,0,0,0,0,0,0,0
29839,0,0,0,0,0,0,0,0,0
29840,0,0,0,0,0,0,0,0,0
29841,0,0,0,0,0,0,0,0,0
29842,0,0,0,0,0,0,0,0,0
29843,0,0,0,0,0,0,0,0,0
29844,0,0,0,0,0,0,0,0,0
29845,0,0,0,0,0,0,0,0,0
29846,0,0,0,0,0,0,0,0,0
29847,0,0,0,0,0,0,0,0,0
29848,0,0,0,0,0,0,0,0,0
29849,0,0,0,0,0,0,0,0,0
29850,0,0,0,0,0,0,0,0,0
29851,0,0,0,0,0,0,0,0,0
29852,0,0,0,0,0,0,0,0,0
29853,0,0,0,0,0,0,0,0,0
29854,0,0,0,0,0,0,0,0,0
29855,0,0,0,0,0,0,0,0,0
29856,0,0,0,0,0,0,0,0,0
29857,0,0,0,0,0,0,0,0,0
29858,0,0,0,0,0,0,0,0,0
29859,0,0,0,0,0,0,0,0,0
29860,0,0,0,0,0,0,0,0,0
29861,0,0,0,0,0,0,0,0,0
29862,0,0,0,0,0,0,0,0,0
29863,0,0,0,0,0,0,0,0,0
29864,0,0,0,0,0,0,0,0,0
29865,0,0,0,0,0,0,0,0,0
29866,0,0,0,0,0,0,0,0,0
29867,0,0,0,0,0,0,0,0,0
29868,0,0,0,0,0,0,0,0,0
29869,0,0,0,0,0,0,0,0,0
29870,0,0,0,0,0,0,0,0,0
29871,0,0,0,0,0,0,0,0,0
29872,0,0,0,0,0,0,0,0,0
29873,0,0,0,0,0,0,0,0,0
29874,0,0,0,0,0,0,0,0,0
29875,0,0,0,0,0,0,0,0,0
29876,0,0,0,0,0,0,0,0,0
29877,8.31474e-07,3.15722e-13,2.9191e-20,1.29789e-21,2.27602e-23,3.72236e-33,3.63018e-64,1.71057e-120,8.31475e-07
29878,0,0,0,0,0,0,0,0,0
29879,0,0,0,0,0,0,0,0,0
29880,0,0,0,0,0,0,0,0,0
29881,0,0,0,0,0,0,0,0,0
29882,0,0,0,0,0,0,0,0,0
29883,0,0,0,0,0,0,0,0,0
29884,0,0,0,0,0,0,0,0,0
29885,0,0,0,0,0,0,0,0,0
29886,0,0,0,0,0,0,0,0,0
29887,0,0,0,0,0,0,0,0,0
29888,0,0,0,0,0,0,0,0,0
29889,0,0,0,0,0,0,0,0,0
29890,0,0,0,0,0,0,0,0,0
29891,0,0,0,0,0,0,0,0,0
29892,0,0,0,0,0,0,0,0,0
29893,0,0,0,0,0,0,0,0,0
29894,0,0,0,0,0,0,0,0,0
29895,0,0,0,0,0,0,0,0,0
29896,0,0,0,0,0,0,0,0,0
29897,0,0,0,0,0,0,0,0,0
29898,0,0,0,0,0,0,0,0,0
29899,0,0,0,0,0,0,0,0,0
29900,0,0,0,0,0,0,0,0,0
29901,0,0,0,0,0,0,0,0,0
29902,0,0,0,0,0,0,0,0,0
29903,0,0,0,0,0,0,0,0,0
29904,0,0,0,0,0,0,0,0,0
29905,0,0,0,0,0,0,0,0,0
29906,0,0,0,0,0,0,0,0,0
29907,0,0,0,0,0,0,0,0,0
29908,0,0,0,0,0,0,0,0,0
29909,0,0,0,0,0,0,0,0,0
29910,0,0,0,0,0,0,0,0,0
29911,0,0,0,0,0,0,0,0,0
29912,0,0,0,0,0,0,0,0,0
29913,0,0,0,0,0,0,0,0,0
29914,0,0,0,0,0,0,0,0,0
29915,0,0,0,0,0,0,0,0,0
29916,0,0,0,0,0,0,0,0,0
29917,0,0,0,0,0,0,0,0,0
29918,0,0,0,0,0,0,0,0,0
29919,0,0,0,0,0,0,0,0,0
29920,0,0,0,0,0,0,0,0,0
29921,0,0,0,0,0,0,0,0,0
29922,0,0,0,0,0,0,0,0,0
29923,0,0,0,0,0,0,0,0,0
29924,0,0,0,0,0,0,0,0,0
29925,0,0,0,0,0,0,0,0,0
29926,0,0,0,0,0,0,0,0,0
29927,0,0,0,0,0,0,0,0,0
29928,0,0,0,0,0,0,0,0,0
29929,0,0,0,0,0,0,0,0,0
29930,0,0,0,0,0,0,0,0,0
29931,0,0,0,0,0,0,0,0,0
29932,0,0,0,0,0,0,0,0,0
29933,0,0,0,0,0,0,0,0,0
29934,0,0,0,0,0,0,0,0,0
29935,0,0,0,0,0,0,0,0,0
29936,0,0,0,0,0,0,0,0,0
29937,0,0,0,0,0,0,0,0,0
29938,0,0,0,0,0,0,0,0,0
29939,0,0,0,0,0,0,0,0,0
29940,0,0,0,0,0,0,0,0,0
29941,0,0,0,0,0,0,0,0,0
29942,0,0,0,0,0,0,0,0,0
29943,0,0,0,0,0,0,0,0,0
29944,0,0,0,0,0,0,0,0,0
29945,0,0,0,0,0,0,0,0,0
29946,0,0,0,0,0,0,0,0,0
29947,0,0,0,0,0,0,0,0,0
29948,0,0,0,0,0,0,0,0,0
29949,0,0,0,0,0,0,0,0,0
29950,0,0,0,0,0,0,0,0,0
29951,0,0,0,0,0,0,0,0,0
29952,0,0,0,0,0,0,0,0,0
29953,0,0,0,0,0,0,0,0,0
29954,0,0,0,0,0,0,0,0,0
29955,0,0,0,0,0,0,0,0,0
29956,0,0,0,0,0,0,0,0,0
29957,0,0,0,0,0,0,0,0,0
29958,0,0,0,0,0,0,0,0,0
29959,0,0,0,0,0,0,0,0,0
29960,0,0,0,0,0,0,0,0,0
29961,0,0,0,0,0,0,0,0,0
29962,0,0,0,0,0,0,0,0,0
29963,0,0,0,0,0,0,0,0,0
29964,0,0,0,0,0,0,0,0,0
29965,0,0,0,0,0,0,0,0,0
29966,0,0,0,0,0,0,0,0,0
29967,0,0,0,0,0,0,0,0,0
29968,0,0,0,0,0,0,0,0,0
29969,0,0,0,0,0,0,0,0,0
29970,0,0,0,0,0,0,0,0,0
29971,0,0,0,0,0,0,0,0,0
29972,0,0,0,0,0,0,0,0,0
29973,0,0,0,0,0,0,0,0,0
29974,0,0,0,0,0,0,0,0,0
29975,0,0,0,0,0,0,0,0,0
29976,0,0,0,0,0,0,0,0,0
29977,0,0,0,0,0,0,0,0,0
29978,0,0,0,0,0,0,0,0,0
29979,0,0,0,0,0,0,0,0,0
29980,0,0,0,0,0,0,0,0,0
29981,0,0,0,0,0,0,0,0,0
29982,0,0,0,0,0,0,0,0,0
29983,0,0,0,0,0,0,0,0,0
29984,0,0,0,0,0,0,0,0,0
29985,0,0,0,0,0,0,0,0,0
29986,0,0,0,0,0,0,0,0,0
29987,0,0,0,0,0,0,0,0,0
29988,0,0,0,0,0,0,0,0,0
29989,0,0,0,0,0,0,0,0,0
29990,0,0,0,0,0,0,0,0,0
29991,0,0,0,0,0,0,0,0,0
29992,0,0,0,0,0,0,0,0,0
29993,0,0,0,0,0,0,0,0,0
29994,0,0,0,0,0,0,0,0,0
29995,0,0,0,0,0,0,0,0,0
29996,8.00649e-07,2.91902e-13,2.57691e-20,1.13239e-21,1.9567e-23,2.98397e-33,2.27603e-64,6.43769e-121,8.00649e-07
